tick,run,wholeUpdate,controlBehaviorUpdate,electricHeatFluidCircuitUpdate,electricNetworkUpdate,entityUpdate
0,0,2189600,70300,1708600,15900,165400
1,0,716800,73000,522400,2100,49900
2,0,524500,62100,394000,1500,4600
3,0,221700,54600,44400,2000,57400
4,0,231400,51400,43700,2000,65400
5,0,189700,50700,44100,1600,20800
6,0,174100,49100,44200,1400,4300
7,0,207000,49500,43800,1400,4000
8,0,163200,48800,43800,1700,3900
9,0,258800,49200,44000,1300,4000
10,0,564400,49900,44100,1500,4100
11,0,542000,49700,44100,1400,4200
12,0,541000,50100,43900,1600,4100
13,0,494400,49700,43800,1400,4100
14,0,166500,49900,44200,1500,4300
15,0,160200,48600,44500,1400,4000
16,0,168400,48800,43800,2200,4100
17,0,169800,48800,44400,1400,3900
18,0,247300,49800,44200,1500,4200
19,0,205100,49300,44200,1400,4000
20,0,169200,49100,44200,1400,4100
21,0,199200,53700,44300,1300,3000
22,0,189000,48900,43800,1300,4000
23,0,152900,47500,44500,1200,3800
24,0,151700,47900,43900,1300,4100
25,0,152600,48000,45200,1300,3700
26,0,155100,48300,44000,1300,5100
27,0,154200,48200,44100,1200,3800
28,0,152900,48000,43400,1200,3900
29,0,164400,48900,45200,1400,4000
30,0,174500,55100,43700,1300,4000
31,0,164700,48800,44000,1300,3500
32,0,168900,48600,44300,1900,3900
33,0,165700,49000,43800,1400,3900
34,0,180700,49200,43700,1300,4200
35,0,164300,48800,43900,1300,4100
36,0,196100,49100,44000,1300,4000
37,0,170600,49000,44000,1300,4100
38,0,192800,48800,44500,1300,4000
39,0,175700,48700,44400,1400,3900
40,0,162600,48500,44300,1300,4000
41,0,166300,48700,43700,1400,4000
42,0,164600,53500,44400,1300,2900
43,0,161200,48500,43800,1300,3900
44,0,160700,48600,44300,1300,3800
45,0,168500,49200,44400,1400,4100
46,0,200400,49200,44200,1300,4100
47,0,160000,48700,44600,1300,3900
48,0,158400,48500,43700,1400,4000
49,0,201700,49500,44400,1300,4000
50,0,196500,49300,48400,1500,4100
51,0,199900,48900,43900,2100,4100
52,0,169000,48700,44000,1300,3900
53,0,169800,49200,44500,1300,4100
54,0,165800,48700,44600,1400,4000
55,0,158200,48400,43300,1300,4000
56,0,160300,48500,44100,1300,3700
57,0,164300,48900,44200,1300,3900
58,0,210600,49200,44400,1300,4200
59,0,199400,49000,44300,1400,4000
60,0,232400,48900,45300,1300,4200
61,0,203000,49100,45100,1500,4300
62,0,506400,49800,388400,1300,3900
63,0,538400,57200,420600,1400,4000
64,0,319500,76600,79600,3200,83300
65,0,241000,53500,44800,1700,64600
66,0,218700,51100,44500,1400,20700
67,0,165800,49000,44300,1300,4100
68,0,162000,48700,44000,1300,4000
69,0,165700,48700,44100,1300,3900
70,0,189900,49000,45100,1500,4100
71,0,164300,48900,44000,1300,3900
72,0,159900,48500,44200,1400,3800
73,0,163500,48300,43700,1300,3800
74,0,161800,48500,44100,1400,4200
75,0,158100,48600,43800,1300,3700
76,0,170800,51100,44500,1400,4200
77,0,170900,49700,46500,1300,3900
78,0,196400,51300,45700,1400,4000
79,0,175900,48600,44700,1300,4100
80,0,210400,51000,46800,1400,4200
81,0,242900,53300,48700,2300,4600
82,0,195000,51700,48500,1400,4300
83,0,158500,50700,46600,1200,3900
84,0,155500,49700,47500,1200,3600
85,0,156400,50700,46800,1200,3700
86,0,159500,50700,47700,1200,3700
87,0,157400,51000,47200,1300,3700
88,0,152200,48100,44100,1300,3900
89,0,162000,48700,44200,1400,3900
90,0,162900,48500,43900,1300,4000
91,0,168600,50600,46000,1300,3900
92,0,170200,50500,47400,1400,3900
93,0,171300,50000,46200,1300,4000
94,0,183600,49300,44400,1300,4000
95,0,157600,48800,44100,1400,3900
96,0,192100,49000,44600,1300,4100
97,0,166200,49100,45100,1300,3900
98,0,191200,50400,44400,1400,3900
99,0,171100,48800,44300,1800,3900
100,0,158300,48200,44900,1300,3800
101,0,160900,48700,43800,1300,3800
102,0,160200,48900,43800,1200,3900
103,0,159600,49800,44600,1200,3700
104,0,167700,48900,44100,1400,4100
105,0,174600,49100,43900,1300,4000
106,0,188200,49500,45300,1300,4000
107,0,168900,50000,44300,1300,4000
108,0,163900,48500,43900,1300,4000
109,0,162700,48700,43900,1300,4000
110,0,166600,49200,43800,1300,3900
111,0,235500,49300,44600,1400,4300
112,0,190200,48900,44000,1500,4000
113,0,166800,49200,44800,1200,4000
114,0,158900,48500,43200,1300,3900
115,0,156000,48500,44400,1300,3800
116,0,161400,48600,44500,1400,3800
117,0,160000,48800,44200,1300,3900
118,0,209400,49700,44200,1300,4000
119,0,169200,49000,43600,1300,4000
120,0,156700,48600,44100,1300,3900
121,0,157000,48400,44300,1300,3800
122,0,156200,46900,44100,1300,4200
123,0,571800,49000,461400,1300,3800
124,0,525200,59800,389200,1400,4300
125,0,225600,56700,44400,1500,59600
126,0,253100,51800,43300,1500,63800
127,0,180000,50700,44800,1400,20000
128,0,164600,50300,44600,2200,4100
129,0,173200,49400,45100,1300,4000
130,0,188900,49700,44800,1400,4100
131,0,175100,49500,45400,1300,3900
132,0,174100,50100,45100,1400,4000
133,0,176400,50700,45000,1400,4000
134,0,170200,49900,48700,1400,4100
135,0,167800,49500,44800,1300,3900
136,0,178200,49900,46200,1300,3900
137,0,177800,49800,45200,1400,3900
138,0,204400,50200,46500,1400,3900
139,0,185500,50200,45000,1400,4000
140,0,166400,49400,45500,1400,4000
141,0,204100,49500,45400,1300,4000
142,0,228900,49800,45200,1400,4000
143,0,181600,49300,45000,1300,4100
144,0,171000,52200,47100,1300,3800
145,0,229800,53000,47600,2400,4800
146,0,198200,50200,44200,1500,4100
147,0,153700,49600,43700,1300,3800
148,0,152700,49100,44600,1300,3800
149,0,180300,52400,45000,2300,4700
150,0,189200,53300,44600,2300,4900
151,0,190200,52100,45700,2300,4900
152,0,173500,49500,45500,1500,4200
153,0,163400,50300,43700,1400,4000
154,0,183200,49400,44100,1300,4100
155,0,154900,47800,44000,1300,3000
156,0,188900,48600,43900,1400,3900
157,0,157500,47600,44300,1300,3900
158,0,184400,48300,44400,1300,3800
159,0,170400,48200,45100,1300,3900
160,0,159300,48200,46000,1300,3900
161,0,161500,48500,44300,1300,3900
162,0,160000,48400,44000,1400,3900
163,0,161000,52500,44200,1300,2900
164,0,167100,47600,44400,1400,3900
165,0,163500,53400,43600,1300,2900
166,0,184200,49100,43800,1300,4000
167,0,159200,48500,44400,1200,3900
168,0,151200,48200,44000,1300,3800
169,0,165100,48800,43700,1400,3800
170,0,161900,48600,44300,1300,4100
171,0,193000,49100,43500,1400,3900
172,0,168000,48600,44200,1200,4100
173,0,219000,51900,44700,2300,4700
174,0,187700,49700,44400,1400,4200
175,0,156400,48600,43700,1200,3900
176,0,158400,48500,44400,1200,3800
177,0,158000,48800,44200,1300,3900
178,0,214200,49500,44200,1300,3900
179,0,169500,49700,46700,1400,3100
180,0,155600,48600,44100,1200,3900
181,0,153700,48200,44000,1300,3800
182,0,152800,48800,43400,1300,3800
183,0,149100,46500,43900,1400,3700
184,0,646400,49500,530600,1200,3900
185,0,515100,59100,387900,1400,4200
186,0,253400,54400,44200,1500,61700
187,0,220600,52000,44200,1400,63400
188,0,189900,55100,46300,2300,24400
189,0,176600,49900,45100,1400,4600
190,0,225900,51900,46500,2300,4800
191,0,179500,49900,48000,1500,4100
192,0,190000,52700,47200,2400,4700
193,0,178800,51900,45400,1500,4100
194,0,168800,49100,44600,1400,3900
195,0,168600,49000,44200,1900,4000
196,0,168300,48900,44000,1300,4000
197,0,175800,54000,44200,1400,3000
198,0,200400,49100,44600,1300,4000
199,0,179300,49000,43700,1300,4000
200,0,169000,49300,44300,1300,4000
201,0,196700,48600,44000,1500,4000
202,0,187100,49900,44000,1400,4100
203,0,157100,48400,43700,1300,4000
204,0,194000,49400,44000,1300,4000
205,0,177600,48900,43800,1300,3900
206,0,153200,48400,44300,1300,3800
207,0,154300,49100,44700,1300,3700
208,0,154000,48300,43700,1200,3700
209,0,164400,48700,44000,1300,4000
210,0,167100,48800,45100,1300,4100
211,0,165900,49100,44000,1400,3100
212,0,167900,48600,44100,1400,4100
213,0,164800,49000,43900,1400,4000
214,0,186300,50000,44400,1300,4100
215,0,162600,52600,44200,1300,2900
216,0,192600,48900,44400,1400,4100
217,0,160600,48400,43800,1300,3900
218,0,186800,52800,44000,1300,2800
219,0,166700,48300,43800,1300,3800
220,0,161300,48500,44400,1300,3900
221,0,165200,48500,43200,1300,3900
222,0,166900,48500,44300,1400,3700
223,0,168700,48700,43600,1300,4000
224,0,171500,49300,43900,1300,4100
225,0,167500,48700,44300,1300,4000
226,0,216300,56200,46600,2300,4800
227,0,176700,50200,46000,1400,4200
228,0,162500,49300,44600,1300,3900
229,0,171300,48800,44200,1400,3900
230,0,206100,49600,43700,1400,4000
231,0,239300,50400,45800,1500,4300
232,0,166000,49700,44300,1400,3000
233,0,172000,48800,44900,1400,3900
234,0,163700,49600,44400,1300,4000
235,0,199200,49500,46000,1400,4200
236,0,185500,50800,43700,1400,3900
237,0,169800,54200,46800,2200,3800
238,0,242500,55200,47800,2300,4800
239,0,179100,51300,44500,1400,4300
240,0,163900,53800,45800,1300,2900
241,0,154300,47900,44400,1300,3800
242,0,152400,47700,44100,1300,3700
243,0,148200,47700,42700,1300,3700
244,0,151700,46800,44200,1200,3800
245,0,536600,49400,419400,1400,3900
246,0,541200,59200,383700,1500,4100
247,0,225900,60600,45400,1400,58000
248,0,216100,50500,44400,1400,62900
249,0,177000,50100,44200,1400,20600
250,0,184800,48800,43500,1400,4000
251,0,158100,48500,43900,1200,4000
252,0,160000,48500,43700,1300,3900
253,0,161500,48800,43700,1300,3800
254,0,161900,48700,44200,1300,3700
255,0,162700,48400,44000,1400,3800
256,0,170600,49300,45300,2400,3900
257,0,173400,50600,45300,1300,4000
258,0,191800,49200,44200,1400,4000
259,0,174000,48800,43500,1400,3900
260,0,163900,48700,43800,1300,4000
261,0,188600,48600,44100,1300,4000
262,0,188500,49100,43600,1400,4000
263,0,151400,48400,44200,1200,3800
264,0,149700,48100,43500,1300,3800
265,0,156000,48600,43700,1200,3800
266,0,187300,49100,43800,1300,3000
267,0,177200,48600,43900,1300,3800
268,0,155100,47800,44400,1300,3700
269,0,158800,48500,43900,1400,3900
270,0,162200,48800,44300,1200,3900
271,0,162400,48200,43900,1300,3900
272,0,163300,49000,44200,1300,3900
273,0,162600,48900,43700,1300,3900
274,0,195900,49000,45500,1300,4100
275,0,168600,53400,44600,1300,3000
276,0,198700,53200,44200,1300,3000
277,0,164900,48900,43500,1400,3900
278,0,188400,48700,46300,1300,4000
279,0,189200,51700,45300,2300,4700
280,0,165400,55800,45500,1300,3200
281,0,160100,50300,44400,1300,3900
282,0,177400,54300,44800,2300,4600
283,0,170000,49500,44500,1400,4200
284,0,168200,50100,44200,1400,4000
285,0,167900,48900,44500,1300,4000
286,0,189200,48800,44000,1300,3900
287,0,162800,48500,44400,1400,3900
288,0,160600,48300,44100,1500,3900
289,0,162900,48800,44000,1300,3900
290,0,167200,49300,44100,1300,4000
291,0,199300,50300,43300,1400,3900
292,0,168800,49200,44200,1200,4000
293,0,173600,49100,43900,1400,3900
294,0,160700,48600,44000,1400,3900
295,0,158500,48500,43700,1300,4000
296,0,164400,48600,43100,1300,3900
297,0,222200,54000,44700,1300,3300
298,0,240100,49400,43900,1400,4100
299,0,170500,49200,43700,1400,3900
300,0,156000,48200,44100,1200,3900
301,0,157600,48600,43900,1300,3800
302,0,156000,48300,43800,1300,4000
303,0,153400,48600,43700,1200,3900
304,0,156700,48100,44400,1200,3900
305,0,171300,47600,43600,1400,4000
306,0,537700,50400,384600,1400,4100
307,0,529800,57100,398400,1400,4200
308,0,274200,61800,47000,2400,88300
309,0,268600,52700,45000,2300,65800
310,0,204500,50500,44400,1500,20600
311,0,159100,48000,44000,1300,3000
312,0,159600,48600,44100,1200,3900
313,0,163000,48700,44200,1300,3900
314,0,166400,49100,44200,1300,3900
315,0,206700,49200,43800,1400,4000
316,0,207300,49900,44800,1400,4100
317,0,171500,48900,44300,1300,4100
318,0,195800,49200,44300,1300,4000
319,0,180800,53900,44300,1400,3100
320,0,161600,48600,44100,1300,3900
321,0,228200,59100,45200,2400,4900
322,0,192700,49800,45200,1400,4000
323,0,155700,48300,43900,1200,3900
324,0,160300,49900,46700,1200,3800
325,0,151400,48300,44200,1200,3800
326,0,151200,48200,44100,1300,3800
327,0,153800,48600,44000,1300,3700
328,0,193800,49100,45300,1400,3800
329,0,188300,49400,44300,1400,3100
330,0,163700,48400,44000,1300,4000
331,0,162200,47800,44100,1300,3800
332,0,166000,50800,44100,1300,3900
333,0,161400,48400,44000,1200,3800
334,0,181000,48900,43800,1300,4100
335,0,160700,52700,44300,1300,4000
336,0,186400,48400,43800,1400,3900
337,0,157700,48600,43800,1300,3800
338,0,181500,48900,44000,1300,3900
339,0,163200,48400,43500,1200,3900
340,0,150500,47600,44200,1300,3700
341,0,152900,47800,43600,1200,3700
342,0,151600,47900,43500,1200,3800
343,0,155100,48300,44000,1300,3700
344,0,152800,48200,44200,1400,3100
345,0,160500,48500,43500,1300,3900
346,0,182600,48800,44100,1300,3900
347,0,162000,52800,44600,1300,2900
348,0,157200,48200,44200,1200,3700
349,0,163100,48800,43800,1300,3800
350,0,164800,48800,43700,1200,3900
351,0,189500,48800,43800,1400,3900
352,0,166400,48400,43900,1400,3900
353,0,165400,48900,43900,1300,4000
354,0,156400,48100,44400,1300,3900
355,0,159900,48500,43700,1300,4000
356,0,160400,48600,43900,1300,3900
357,0,158100,48500,43800,1300,3800
358,0,208100,48900,43900,1400,4100
359,0,212400,48400,44100,1400,4100
360,0,185500,49000,43800,1300,3900
361,0,163400,49000,43800,1300,4000
362,0,160800,48400,44100,1300,3900
363,0,155400,48400,43700,1300,4000
364,0,155600,48100,43700,1200,3900
365,0,162900,49700,45400,1200,4000
366,0,190300,47200,43600,1300,4000
367,0,505100,49800,385600,1300,4000
368,0,531300,74500,387000,2500,4200
369,0,234300,56500,44100,1500,59400
370,0,248400,51800,44200,1400,63000
371,0,178900,50400,43800,1400,20500
372,0,158100,48800,44300,1300,3900
373,0,158700,48900,43800,1300,3900
374,0,158100,49300,44300,1300,3900
375,0,162700,49100,44000,1400,3800
376,0,175700,53200,44300,1300,3000
377,0,173600,49000,43900,1500,3900
378,0,199000,49500,44500,1400,4100
379,0,179700,48900,43900,1300,4000
380,0,169000,48700,44000,1300,4000
381,0,197700,49300,43900,1300,4000
382,0,187300,49500,43800,1400,4200
383,0,165400,48800,44200,1300,3900
384,0,157000,48600,44000,1400,3900
385,0,152000,48200,43900,1300,3800
386,0,159400,48700,44200,1300,3800
387,0,153200,48300,44000,1800,3900
388,0,157000,48800,44200,1300,3900
389,0,170600,50400,45900,1300,3900
390,0,223500,50400,44400,1400,4000
391,0,198000,49700,44300,1400,4100
392,0,174300,48800,44000,1400,4000
393,0,173400,48800,44100,1400,2900
394,0,187100,49100,43800,1400,4000
395,0,160200,48600,44500,1200,3900
396,0,191200,48300,44300,1400,4000
397,0,165700,48300,47800,1300,3900
398,0,186000,48500,44400,1200,3800
399,0,169500,48600,43900,1400,3800
400,0,196600,49100,43900,1300,3900
401,0,190700,49100,44000,1400,4000
402,0,153000,48000,43600,1300,3900
403,0,150600,48100,43500,1200,3800
404,0,158900,48200,43600,1300,3800
405,0,157700,48400,44300,1200,3800
406,0,179900,48400,44200,1400,3900
407,0,156800,48400,43600,1200,3900
408,0,156700,48200,44000,1200,3600
409,0,165500,52500,44500,1300,2800
410,0,163800,48300,43400,1300,3800
411,0,192500,48900,43500,1500,3100
412,0,169500,49400,43900,1300,4100
413,0,166000,49400,43700,1300,4100
414,0,162900,48300,44100,1300,3900
415,0,159500,47900,44100,1200,4000
416,0,157300,48500,43600,1300,3700
417,0,163300,49000,43700,1300,3900
418,0,206400,48900,44200,1400,4000
419,0,168700,48600,44100,1200,3900
420,0,158000,48500,43800,1300,3800
421,0,195900,48900,43600,1300,4000
422,0,178900,49200,44000,1300,4100
423,0,151700,48000,44300,1200,3700
424,0,153100,48100,44200,1200,3800
425,0,157500,48500,44300,1400,3200
426,0,184700,48300,44100,1300,3600
427,0,154000,46800,44000,1300,3900
428,0,495700,49300,385800,1300,3700
429,0,509900,56800,383800,1500,4100
430,0,236800,54500,44400,1400,56800
431,0,218300,51200,44300,1300,62400
432,0,173100,49700,43900,1400,20700
433,0,156100,48800,44000,1300,4100
434,0,154800,48700,44100,1300,3900
435,0,155200,48200,44000,1300,3800
436,0,158800,48600,44100,1300,3900
437,0,162100,48600,43900,1300,4000
438,0,191300,49000,43500,1300,4000
439,0,176700,49400,43700,1400,3900
440,0,164600,49000,44000,1300,4000
441,0,197600,49000,44200,1300,4100
442,0,184800,49000,44200,1300,4000
443,0,157400,48500,43900,1300,3800
444,0,156400,48300,43800,1300,3800
445,0,162800,48900,43700,1300,3800
446,0,161600,48500,44200,1200,3800
447,0,161500,48700,43900,1300,3900
448,0,158300,48700,43900,1400,3000
449,0,165300,49400,44000,1300,4000
450,0,166700,48700,43900,1300,4000
451,0,169800,48800,44300,1400,3900
452,0,207600,49200,44000,1400,4000
453,0,195100,51900,44100,1400,4000
454,0,181600,49100,43800,1300,4000
455,0,158000,48500,43700,1300,3900
456,0,186100,48600,44100,1400,3300
457,0,164900,49900,44700,1400,3800
458,0,188100,52500,44200,1300,3800
459,0,164200,48900,43300,1300,3700
460,0,152100,48100,43700,1200,3800
461,0,159500,56400,42700,1300,3000
462,0,156900,48700,44100,1300,4000
463,0,152600,48300,43700,1200,3800
464,0,156700,48300,44200,1200,3900
465,0,158400,48200,44200,1300,3900
466,0,175400,48600,44300,1400,2900
467,0,155500,48700,44200,1300,3900
468,0,153700,48100,43900,1200,3900
469,0,161400,48400,43800,1300,4000
470,0,166700,49000,44000,1300,4100
471,0,195200,48600,44300,1400,4000
472,0,169500,48300,44200,1400,4000
473,0,173900,49700,48500,1300,3900
474,0,213000,53400,50500,2200,4500
475,0,173400,49700,43700,1400,6100
476,0,171900,49300,44300,1300,4000
477,0,172700,49300,43500,1400,4000
478,0,217100,49400,44200,1400,4100
479,0,182300,49300,44200,1400,4000
480,0,159600,48800,44000,1300,3900
481,0,160000,48500,43500,1300,3800
482,0,162600,48600,44300,1300,3800
483,0,196800,48400,44500,1400,3900
484,0,187200,49000,44200,1500,4100
485,0,208100,49100,44000,1400,4000
486,0,229000,49300,44400,1400,4100
487,0,156600,48500,43900,1400,3900
488,0,151600,46900,44000,1300,3700
489,0,503100,49400,385200,1300,3700
490,0,530600,62100,379100,1400,4100
491,0,219300,55200,44300,1500,57300
492,0,216800,50300,44400,1400,62200
493,0,174300,49500,44300,1400,20500
494,0,156700,48500,44300,1300,4000
495,0,156900,48500,43900,1300,3900
496,0,160600,48500,44000,1300,3800
497,0,162500,48600,44000,1300,3800
498,0,187600,48900,44400,1300,4000
499,0,171600,49300,43700,1400,4000
500,0,160700,48600,43600,1300,4000
501,0,195200,49200,45400,1400,4000
502,0,189600,48800,44500,1300,4000
503,0,155900,48200,44200,1300,3700
504,0,154900,48100,44000,1300,3800
505,0,154700,48100,43600,1200,3700
506,0,152100,47800,44300,1200,3600
507,0,153300,47900,44500,1300,3700
508,0,155200,47900,44000,1300,3900
509,0,160500,48600,44200,1400,3800
510,0,168600,48900,44600,1300,3900
511,0,165600,48800,44000,1400,3900
512,0,165800,48900,43700,1400,4000
513,0,165400,48800,44200,1300,3900
514,0,217900,49300,44200,1400,4200
515,0,181900,49100,43900,1400,4000
516,0,187600,48700,44100,1300,3900
517,0,156900,48400,43700,1300,3800
518,0,180800,48600,44400,1300,3800
519,0,163800,48600,44000,1200,3800
520,0,150200,48100,43800,1200,3700
521,0,154400,47700,44400,1300,3700
522,0,155800,48400,43500,1200,3900
523,0,150400,48300,44300,1300,3800
524,0,153000,48100,43700,1400,3800
525,0,156700,48600,44500,1300,3700
526,0,174900,48300,44300,1400,3900
527,0,152200,48400,43700,1300,3800
528,0,151200,47800,44400,1200,3700
529,0,161400,49400,44200,1300,3800
530,0,167200,48800,43900,1300,4000
531,0,196600,49100,44200,2000,4000
532,0,176300,48900,44300,1400,3900
533,0,169900,48600,43900,1300,4000
534,0,166300,48800,44400,1300,4000
535,0,163100,48700,43900,1300,3900
536,0,167100,48700,44200,1300,3900
537,0,163400,48700,44700,1400,3900
538,0,210500,49200,44100,1300,3900
539,0,173800,49300,43800,1400,4000
540,0,159300,52600,44500,1300,2900
541,0,160200,48800,43500,1300,3000
542,0,154900,48300,44000,1500,3100
543,0,155800,48500,43700,1300,3800
544,0,157700,48100,44400,1400,2800
545,0,213600,49500,44200,1400,3200
546,0,214400,49500,44200,1400,4200
547,0,163600,53100,44300,1300,3000
548,0,153700,48100,43900,1300,3800
549,0,154700,47000,43800,1400,2800
550,0,533700,49800,396900,2000,4000
551,0,503000,56700,379900,1400,4200
552,0,225900,55600,47300,1500,56100
553,0,287400,59200,47800,2500,103500
554,0,213500,59400,46800,2400,21900
555,0,167200,49500,44000,1500,4100
556,0,167500,49200,44200,1400,4000
557,0,165900,48600,44100,1400,4000
558,0,192400,48300,44700,1400,4000
559,0,171900,48700,43800,1300,4100
560,0,162400,48800,44300,1300,3900
561,0,197100,49000,43800,1500,4100
562,0,203800,50600,44000,1500,3800
563,0,157200,48300,43300,1300,2800
564,0,164100,52900,44500,1300,2800
565,0,157200,48500,43400,1400,3900
566,0,156900,48400,43700,1300,2700
567,0,159300,48700,43600,1300,3900
568,0,157800,48500,43500,1300,3800
569,0,176400,48800,48000,1300,3900
570,0,212100,49300,44200,1400,3900
571,0,203300,49600,43600,1500,4100
572,0,171300,49200,44200,1300,4100
573,0,168300,48900,44200,1300,3900
574,0,182200,48900,43700,1400,4000
575,0,158000,48700,43500,1300,2800
576,0,230000,49900,43700,1400,4100
577,0,180600,49000,43600,1400,3200
578,0,182100,48600,44200,1300,3900
579,0,162900,48500,43500,1400,3800
580,0,150600,48200,43700,1300,3800
581,0,152800,48300,43600,1300,3800
582,0,151600,47700,43400,1300,3700
583,0,153000,52500,44200,1200,2800
584,0,154800,48500,43600,1200,3600
585,0,163500,48700,47700,1300,3800
586,0,176100,48200,44000,1300,4000
587,0,152900,48200,44500,1300,3800
588,0,148400,47700,43800,1300,3600
589,0,155500,48300,44300,1300,3700
590,0,162000,48500,43500,1300,3700
591,0,187100,48400,44100,1300,3900
592,0,163200,48700,44100,1400,4000
593,0,168500,48800,45400,1300,3900
594,0,162100,48500,45300,1300,3900
595,0,169400,53200,43900,1300,3200
596,0,165500,52600,44500,1400,2700
597,0,164700,48700,45400,1300,3900
598,0,214600,49200,43900,1400,4100
599,0,168500,48300,44100,1300,3900
600,0,157000,48200,44000,1400,3800
601,0,162700,48600,43700,1400,3900
602,0,152700,47900,44400,1300,4000
603,0,155800,48100,43400,1200,3900
604,0,167800,48200,43900,1300,2800
605,0,159400,48500,43400,1300,3900
606,0,188500,48900,44000,1400,4000
607,0,199400,53000,44300,1400,3000
608,0,176900,48800,44000,1300,4000
609,0,154200,47900,44300,1300,2800
610,0,174100,46800,44100,1400,3900
611,0,497700,49100,385800,1200,3800
612,0,502000,56000,379100,1500,4200
613,0,216900,54200,44000,1500,57700
614,0,219600,50500,44200,1500,62300
615,0,183200,50400,44000,1500,20900
616,0,167000,49200,44000,1300,4200
617,0,172200,49000,44200,1400,4100
618,0,194000,49000,43900,1400,4100
619,0,171400,48700,44100,1300,4000
620,0,159600,48000,44200,1300,3900
621,0,187400,48700,43600,1300,4000
622,0,180900,49200,44200,1300,4000
623,0,165700,60000,43700,1400,3800
624,0,155700,48700,43700,1300,3900
625,0,156000,48300,43500,1200,3900
626,0,157000,48200,43900,1200,3700
627,0,157000,48200,43600,1400,3900
628,0,159700,48900,43700,1200,3700
629,0,167800,48600,44400,1300,4000
630,0,167300,48500,43700,1500,3900
631,0,169000,49000,43400,1300,4100
632,0,172700,49000,44100,1400,4000
633,0,164300,49100,43800,1300,3900
634,0,196200,60700,44000,1300,4200
635,0,166800,48800,49200,1400,3900
636,0,238400,54200,52500,2400,4800
637,0,177800,51000,45000,1500,4100
638,0,232800,49200,44000,1400,4100
639,0,192700,48800,44300,1300,4000
640,0,155900,48300,43800,1300,3800
641,0,157500,48400,43800,1300,3900
642,0,155200,48400,44100,1300,3800
643,0,153400,48000,44100,1200,3900
644,0,157400,48300,44100,1300,3900
645,0,159500,48100,43900,1400,3800
646,0,186700,49700,43600,1400,4000
647,0,161200,48300,44000,1400,3900
648,0,155400,47900,44300,1300,3900
649,0,170300,50000,44800,1300,3900
650,0,160900,48700,44100,1300,3900
651,0,193500,49000,43800,1400,4000
652,0,172200,49600,45000,1300,4000
653,0,166500,48900,44300,1400,4000
654,0,163800,48800,44300,1300,4100
655,0,204100,48600,44100,1300,4000
656,0,200500,48700,44100,1300,4100
657,0,164800,48800,44100,1400,3900
658,0,212400,48900,44200,1400,4000
659,0,173300,48500,44100,1300,3900
660,0,160300,48600,44200,1300,3900
661,0,156600,48500,43900,1300,3900
662,0,158700,48600,44100,1300,3800
663,0,155500,48000,43900,1300,3600
664,0,154400,48300,43800,1300,3800
665,0,164400,48500,44200,1400,4100
666,0,189600,48800,44400,1300,3900
667,0,161300,48500,43600,1300,4000
668,0,156600,48500,44100,1300,3800
669,0,197600,49000,44100,1400,4100
670,0,202500,49400,43800,1400,4000
671,0,156800,51300,44100,1400,2900
672,0,498400,49000,387400,1300,3800
673,0,502600,57300,380500,1400,4100
674,0,217200,55100,44100,1500,57800
675,0,217600,50800,44500,1500,61900
676,0,180200,50500,45100,1500,20700
677,0,163200,49700,43700,1400,4200
678,0,186500,48600,44000,1400,4100
679,0,169000,48400,43900,1300,4000
680,0,156700,48000,44100,1300,3900
681,0,188400,49000,43600,1300,4000
682,0,181100,53200,44500,1300,3000
683,0,148600,47900,44100,1200,3800
684,0,148100,47500,44600,1100,3700
685,0,149600,47700,44300,1300,3800
686,0,152000,48100,44000,1300,3700
687,0,152000,47900,44200,1300,2700
688,0,155100,48000,44000,1300,3700
689,0,164900,48700,43600,1400,3800
690,0,167600,48900,43700,1300,4000
691,0,168500,49000,43700,1400,4000
692,0,166200,49200,44000,1300,3900
693,0,166800,48900,45400,1300,4000
694,0,178500,49000,44000,1400,3000
695,0,157500,48500,44500,1300,3900
696,0,193200,49000,44000,1300,3900
697,0,156600,48600,43300,1400,2900
698,0,183100,49000,43800,1300,3900
699,0,173100,49000,43700,1300,3900
700,0,200300,49000,44000,1400,4000
701,0,183500,48900,43600,1400,3900
702,0,161300,48100,44300,1400,4000
703,0,154700,48300,43600,1300,3800
704,0,166300,51800,50600,1300,3000
705,0,159900,49100,44000,1300,4000
706,0,180800,48700,44100,1400,4000
707,0,154600,48200,43600,1300,3800
708,0,153100,48000,44100,1200,3800
709,0,157600,48300,44400,1300,3900
710,0,159000,48200,44000,1300,3900
711,0,189000,48800,43900,1400,4000
712,0,163000,48400,43900,1300,3800
713,0,162700,48400,43600,1400,3900
714,0,156500,48400,44100,1300,3900
715,0,156000,48500,44600,1300,3800
716,0,161300,48500,44000,1300,4000
717,0,165100,48900,44200,1300,4000
718,0,208500,49000,44000,1400,4100
719,0,177500,48500,43900,1400,3900
720,0,161300,48900,44000,1300,3800
721,0,162000,48700,43600,1300,4000
722,0,172400,50000,51200,2400,3900
723,0,179000,53600,47600,1400,3600
724,0,183100,54100,47500,2300,4100
725,0,198700,51900,45200,2400,4800
726,0,220200,53600,44700,2300,4900
727,0,173500,49600,45800,1400,4200
728,0,181900,51800,46200,2400,4800
729,0,169000,49800,44400,1300,4000
730,0,223300,52700,46000,2300,4800
731,0,231800,52000,49600,2300,4800
732,0,198900,49800,47100,1400,4200
733,0,538600,54000,400000,2400,4800
734,0,524400,56900,390400,1600,4200
735,0,223300,53900,44300,1500,58000
736,0,228500,51400,44100,1600,62600
737,0,186100,50500,44200,1500,20600
738,0,194200,48500,44200,1500,4200
739,0,177600,49200,44000,1400,4100
740,0,204300,49200,44000,1400,4000
741,0,227100,49500,44200,1500,4200
742,0,181600,49000,44000,1400,4000
743,0,148600,47800,43900,1200,3700
744,0,151600,47800,43700,1300,3600
745,0,150500,48400,43900,1200,3700
746,0,147300,47600,44200,1200,3700
747,0,150300,48600,43900,1300,3700
748,0,173000,52300,44800,2300,4600
749,0,174000,49300,44200,1500,4200
750,0,171300,48900,44200,1300,4000
751,0,171300,49200,43600,1300,4000
752,0,172800,49200,44200,1300,4100
753,0,174400,53100,44300,1400,4000
754,0,184000,48100,44000,1300,4200
755,0,163500,52300,44300,1300,2900
756,0,192000,48800,43500,1400,4000
757,0,159800,48600,44100,1300,3900
758,0,188600,49100,43800,1400,4000
759,0,167200,48700,43900,1200,3900
760,0,152600,47800,44000,1300,3900
761,0,166100,52900,44100,1300,2800
762,0,193500,48700,44000,1500,4000
763,0,177200,48800,44200,1300,3800
764,0,157200,48700,44200,1300,3900
765,0,156200,48200,43800,1300,3800
766,0,180000,49200,44000,1400,3900
767,0,151700,47600,44200,1300,3700
768,0,149700,47500,44400,1300,3600
769,0,154600,47900,43900,1300,3600
770,0,163000,48600,44000,1400,3800
771,0,191200,48300,44000,1900,3900
772,0,162600,48700,44900,1300,3800
773,0,167500,54200,45100,1300,3700
774,0,159200,48300,43600,1300,3900
775,0,154000,48600,45300,1300,3900
776,0,155400,47900,43800,1300,3900
777,0,160100,48600,44200,1300,3800
778,0,205500,49800,43900,1400,4000
779,0,170300,48600,44000,1300,3900
780,0,158500,48400,43700,1300,3800
781,0,161500,48900,45400,1300,3800
782,0,161800,48500,43800,1300,3900
783,0,159600,48300,43900,1200,3900
784,0,169700,48900,43800,1300,3900
785,0,170900,49500,43900,1400,4000
786,0,196500,48900,44000,1400,4000
787,0,170300,48800,44100,1300,4000
788,0,158800,48300,43900,1300,4000
789,0,166100,48900,43800,1400,3900
790,0,182900,49100,43500,1400,4100
791,0,160400,48600,43600,1200,3900
792,0,188000,75200,43300,1400,3800
793,0,199700,47900,43800,1300,4100
794,0,529800,50200,390700,1400,4000
795,0,514000,57600,387600,1500,4200
796,0,223700,54100,44700,1400,57700
797,0,227100,50900,44400,1500,62400
798,0,209100,50400,44100,1400,20700
799,0,211400,66400,53500,2400,4000
800,0,187400,53300,46700,2200,4000
801,0,261100,53000,81900,2300,4500
802,0,365200,104800,99200,7200,4800
803,0,295300,101000,88200,1900,4400
804,0,291300,99200,86700,1800,4200
805,0,290200,98300,87900,1600,4200
806,0,291900,99700,86700,1800,4300
807,0,294400,98500,87300,1700,4300
808,0,258100,98200,51700,2100,4300
809,0,179400,50200,44500,1500,4300
810,0,177100,50600,46300,1400,4000
811,0,177900,49100,44400,1300,4100
812,0,177500,49500,45200,1400,4000
813,0,198400,52900,50500,2300,4500
814,0,200700,51100,44600,1500,4400
815,0,190400,52000,45300,2300,4700
816,0,204400,49400,44000,1400,4000
817,0,176200,50500,44000,1400,4000
818,0,194300,49000,44300,1400,4100
819,0,174500,49200,43900,1400,4000
820,0,160700,49800,44000,1300,3900
821,0,162300,48400,44100,1300,3900
822,0,160000,48100,44300,1300,3900
823,0,162100,48000,45600,1300,3900
824,0,206800,49000,45300,1400,4100
825,0,233100,49400,44000,1400,4000
826,0,219200,49500,44000,1400,4000
827,0,153700,48300,43900,1300,3900
828,0,149900,47500,44400,1100,3700
829,0,159200,48700,43400,1300,3700
830,0,158300,48300,43800,1300,3800
831,0,191200,48800,43900,1300,3900
832,0,164000,48600,43600,1300,3800
833,0,159200,48400,43600,1300,3900
834,0,154800,47900,44000,1300,3900
835,0,153300,48200,43600,1300,3800
836,0,155400,48000,43900,1300,3700
837,0,155600,48100,43900,1300,3800
838,0,202800,48900,43700,1400,3900
839,0,166200,48800,43700,1200,3900
840,0,154700,48400,43600,1300,3800
841,0,161200,48600,44200,1300,3900
842,0,157300,48200,43600,1400,3800
843,0,156700,47600,44400,1200,3800
844,0,164400,48200,44000,1300,3800
845,0,163100,48300,43900,1300,4000
846,0,192500,49000,44200,1400,4000
847,0,158700,48600,43900,1400,3900
848,0,157300,48200,43900,1300,3800
849,0,159800,48500,44000,1400,2800
850,0,176200,48400,44000,1300,3900
851,0,160700,48300,43500,1300,3900
852,0,162100,48500,48100,1300,3800
853,0,156900,48100,43900,1400,3900
854,0,154800,47000,44000,1400,3000
855,0,569400,50000,414600,1400,4000
856,0,551300,63100,391900,2400,4200
857,0,238700,54500,44500,1600,62800
858,0,267500,50500,60800,1500,63100
859,0,191000,50700,43600,1400,20800
860,0,161000,48900,43900,1300,4100
861,0,187700,48900,44200,1400,3900
862,0,180600,49300,45400,1300,3000
863,0,148100,47900,43800,1200,3700
864,0,146500,47500,43800,1200,3600
865,0,147700,47600,44100,1200,3600
866,0,147000,47500,44200,1200,3600
867,0,147500,48000,43600,1400,3700
868,0,152200,48200,43700,1300,3800
869,0,165500,49000,44000,1400,3900
870,0,169500,48900,43800,1300,3900
871,0,171900,49000,43700,1400,4000
872,0,176000,49100,44200,1400,4000
873,0,175300,48300,44100,1400,4000
874,0,193500,53500,44200,1500,3000
875,0,165200,48500,43800,1300,3900
876,0,204100,53800,45800,1400,4000
877,0,172400,49400,44300,1300,3900
878,0,188900,49000,43900,1300,4000
879,0,170600,48600,43800,1300,3900
880,0,157900,48800,44200,1200,3200
881,0,156200,48100,43000,1300,3900
882,0,160100,48700,43600,1300,3800
883,0,156700,48800,43700,1300,3800
884,0,160100,48100,44200,1300,3900
885,0,165100,48500,44200,1300,3800
886,0,221600,49300,44100,1500,4000
887,0,183200,49600,44100,1400,4000
888,0,152400,48100,43500,1200,3900
889,0,159000,48700,43800,1300,3800
890,0,160300,48300,43800,1300,3800
891,0,194400,49100,43900,1500,4000
892,0,168700,49300,44900,1300,4000
893,0,162400,48700,44000,1300,3900
894,0,158700,48400,44200,1400,3800
895,0,156000,48500,43900,1300,3900
896,0,160200,48700,43800,1400,3900
897,0,159600,48700,44100,1300,3800
898,0,204200,48700,43200,1300,3900
899,0,168000,48600,43500,1300,3800
900,0,156400,48400,44100,1200,3800
901,0,161100,48700,43900,1200,3900
902,0,166400,50500,45200,1300,4000
903,0,186100,53500,44900,2300,4600
904,0,176600,49400,44100,1500,4300
905,0,173800,49400,44000,1400,4200
906,0,201500,49900,45100,1400,4000
907,0,169300,49400,44000,1300,4000
908,0,164800,48400,43900,1300,3900
909,0,167800,49200,43700,1300,3800
910,0,231900,49500,44400,1400,4100
911,0,199300,49600,44100,1400,4100
912,0,156600,48300,44400,1300,3900
913,0,168000,49100,47600,1300,3700
914,0,157200,48300,43900,1300,4100
915,0,158100,47100,44100,1400,3800
916,0,533700,51500,403500,1300,3800
917,0,569600,57800,396000,1400,4200
918,0,275400,54700,44900,1500,58600
919,0,233800,51000,44200,1400,62500
920,0,177500,50300,43600,1400,20600
921,0,189300,49200,43900,1500,4100
922,0,177900,48300,44100,1300,3300
923,0,149600,48300,44300,1300,3800
924,0,146500,47600,43600,1100,3600
925,0,147800,47600,44100,1200,3600
926,0,148400,48100,44200,1200,3700
927,0,147000,47700,43500,1200,3600
928,0,149900,48200,43600,1200,3600
929,0,159400,48700,44300,1400,3800
930,0,159600,48300,43600,1300,3900
931,0,163100,48900,44400,1300,4000
932,0,161700,48100,44200,1300,4000
933,0,161700,48500,44000,1300,4100
934,0,179600,49200,44000,1400,4000
935,0,161700,48200,43900,1300,4000
936,0,193100,48500,43600,1300,4000
937,0,167600,48700,44200,1400,3900
938,0,186400,48500,43700,1300,3900
939,0,170900,48600,43900,1200,3800
940,0,164600,48000,54500,1200,3800
941,0,158500,48900,43400,1400,4000
942,0,158800,48700,43600,1300,3900
943,0,156900,48200,44200,1200,3800
944,0,161400,48700,45300,1400,4000
945,0,166000,48600,46800,1300,3900
946,0,188200,49300,45500,1400,3900
947,0,156300,48400,43600,1300,3900
948,0,192200,49100,43800,1400,3900
949,0,181300,48900,44400,1400,4000
950,0,166600,57200,44400,1400,3900
951,0,188500,48700,43800,1300,3900
952,0,162800,49700,44100,1200,4000
953,0,161000,48600,44400,1300,4000
954,0,160400,48900,43900,1400,4000
955,0,161900,48600,44100,1300,4000
956,0,163500,48700,43900,1300,3800
957,0,165300,48800,44000,1300,3900
958,0,212100,51700,44900,1300,3900
959,0,168900,49000,44200,1300,3900
960,0,153900,48100,42800,1300,3800
961,0,156000,48600,44200,1200,3700
962,0,157400,48300,44400,1300,4000
963,0,153400,48300,44100,1400,3700
964,0,157200,48300,43700,1400,4000
965,0,166000,48700,44100,1400,3100
966,0,193500,49200,44100,1500,4000
967,0,164500,48400,43700,1400,4000
968,0,162000,48700,43700,1300,3900
969,0,168500,49100,44100,1300,3800
970,0,184600,49200,43800,1400,4000
971,0,160300,48400,42900,1300,3800
972,0,162300,48400,44100,1300,4000
973,0,162200,48900,43800,1400,4000
974,0,158000,48900,44200,1300,3900
975,0,161600,48700,43900,1500,3100
976,0,159900,47200,44000,1400,2900
977,0,514100,50200,389400,1500,4100
978,0,544500,56600,386000,1400,4200
979,0,273100,54100,44400,1500,57000
980,0,247200,51300,44000,1600,62400
981,0,212000,55300,44600,1400,19000
982,0,186000,48900,48400,1300,4000
983,0,152100,48100,44600,1300,3800
984,0,150700,48000,44100,1200,3700
985,0,150600,48100,44300,1300,3700
986,0,155600,48300,44000,1300,3800
987,0,156700,48300,44000,1300,3700
988,0,156500,48500,44100,1300,3800
989,0,167900,49300,44600,1500,3900
990,0,168800,49100,45500,1300,4000
991,0,166600,48900,44000,1400,3900
992,0,167400,48700,44100,1400,4000
993,0,164100,48900,43900,1300,4000
994,0,181800,49600,43800,1400,4000
995,0,201600,49300,44000,1400,4100
996,0,229100,49800,44200,1500,4100
997,0,165000,48700,44200,1300,3900
998,0,196700,48100,44300,1300,3900
999,0,170000,47900,44200,1300,3700
1000,0,157600,48000,44200,1200,3800
1001,0,161900,48500,44100,1300,3900
1002,0,156000,48500,44300,1200,3900
1003,0,155500,48400,44100,1300,4000
1004,0,164000,48400,47300,1400,3900
1005,0,157900,48800,44400,1300,3900
1006,0,182100,48700,43700,1400,4000
1007,0,155600,48000,44400,1300,3900
1008,0,151900,48000,44300,1300,3800
1009,0,159000,48300,44000,1300,3800
1010,0,198100,48800,44000,1400,4000
1011,0,212400,49300,44100,2100,3100
1012,0,162100,48900,43700,1200,4000
1013,0,159100,48300,44300,1300,4000
1014,0,154700,47700,44300,1300,3900
1015,0,156300,48300,43600,1300,3800
1016,0,157000,48900,44200,1300,3900
1017,0,155400,48400,43600,1400,3800
1018,0,202600,49200,44100,1300,4000
1019,0,174400,48900,52700,1400,3900
1020,0,152200,48800,43900,1200,3900
1021,0,153400,48000,44300,1300,3800
1022,0,152500,48400,43800,1300,3800
1023,0,150600,48100,44000,1300,3700
1024,0,152900,48300,43700,1300,3900
1025,0,158900,48300,43500,1300,3700
1026,0,184400,49000,43800,1400,4000
1027,0,160000,48700,44200,1300,4000
1028,0,157900,48300,44300,1300,3900
1029,0,162100,48800,44000,1300,3900
1030,0,183100,53300,44500,1300,3000
1031,0,160100,48000,44300,1300,3900
1032,0,159500,48300,44200,1300,3900
1033,0,160200,48300,44200,1400,3900
1034,0,158200,48500,44400,1400,3800
1035,0,159000,48100,43700,1400,3800
1036,0,159400,48800,43900,1400,3800
1037,0,168900,47100,44500,1500,3900
1038,0,548800,54300,400900,1400,3100
1039,0,531400,56800,388900,1400,4100
1040,0,269400,69000,48400,2300,65300
1041,0,382600,59300,46300,2400,94000
1042,0,243400,49300,44600,1500,21100
1043,0,156300,48900,44600,1400,4100
1044,0,152600,48500,44000,1300,3800
1045,0,154700,48100,43700,1200,3700
1046,0,150900,48300,44200,1200,3700
1047,0,150500,47800,44200,1300,3800
1048,0,154200,48000,44300,1400,3800
1049,0,163500,49100,43900,1400,3800
1050,0,168500,48400,44200,1300,3900
1051,0,165300,49100,44000,1400,4000
1052,0,165800,49000,43700,1300,4000
1053,0,164600,49200,44100,1500,4100
1054,0,184200,49400,44400,1400,4100
1055,0,162300,52900,44400,1300,3000
1056,0,190300,48900,44100,1400,4000
1057,0,164100,48700,44000,1300,3800
1058,0,188700,49100,44100,1300,3900
1059,0,173300,48900,43800,1300,4000
1060,0,160100,48200,44400,1200,3800
1061,0,161600,48500,44600,1300,3100
1062,0,163200,48900,44000,1300,3800
1063,0,160300,48300,44000,1400,3900
1064,0,160900,48600,43900,1300,4000
1065,0,165500,48800,44200,1400,3700
1066,0,187800,49100,43900,1400,3900
1067,0,156300,48800,43700,1300,3800
1068,0,158700,48300,44400,1300,3900
1069,0,161900,48800,44500,1400,3900
1070,0,166300,48800,44100,1400,3900
1071,0,200300,49000,44400,1400,4000
1072,0,211000,49000,43800,1400,4100
1073,0,196400,49500,43900,1400,4000
1074,0,164300,48900,43400,1400,4100
1075,0,156900,48900,44100,1200,3900
1076,0,161700,48600,43700,1400,3900
1077,0,163300,48600,45600,1300,3900
1078,0,209600,49200,43800,1400,4100
1079,0,173200,48900,44300,1300,3800
1080,0,196300,48900,43800,1400,3900
1081,0,195500,50500,44000,1300,4100
1082,0,154900,48400,44000,1400,3900
1083,0,150700,48200,44000,1200,3700
1084,0,153300,48200,43900,1200,3800
1085,0,160200,49600,44600,1400,3900
1086,0,196400,48700,43700,1400,3900
1087,0,155400,48500,44200,1300,3900
1088,0,154300,48000,44000,1300,3800
1089,0,163700,52900,44300,1300,2800
1090,0,182200,49200,43900,1400,4000
1091,0,162100,48500,44200,1300,3800
1092,0,160600,48300,44400,1300,3900
1093,0,160200,48700,44300,1300,3000
1094,0,160900,48700,44000,1300,3800
1095,0,158400,48500,43600,1200,3700
1096,0,164300,48700,43600,1400,3900
1097,0,174400,49000,48100,1300,4000
1098,0,185300,47200,44200,1300,4100
1099,0,517300,50200,384100,1300,4000
1100,0,526700,57000,398700,1400,4000
1101,0,249400,54700,43900,1400,57500
1102,0,243600,51400,43800,1400,62000
1103,0,214300,50600,44200,1400,20900
1104,0,173700,48400,43800,1400,4000
1105,0,147900,47600,43500,1300,3800
1106,0,148200,48000,43800,1200,3800
1107,0,148600,48200,44200,1200,3700
1108,0,155000,48400,48000,1300,3600
1109,0,158000,48700,44100,1400,3700
1110,0,160500,48600,43600,1300,4000
1111,0,166900,53100,44300,1400,3800
1112,0,163500,48800,44200,1300,4000
1113,0,160700,48500,44200,1300,4000
1114,0,177300,49100,44200,1300,4100
1115,0,162000,48300,44900,1300,3900
1116,0,185200,47800,44400,1300,3000
1117,0,160600,48300,43700,1200,3800
1118,0,178500,48800,43700,1300,3900
1119,0,168700,48700,44000,1200,3800
1120,0,153600,48200,43800,1300,4000
1121,0,155500,48400,43700,1300,2900
1122,0,158500,48700,43700,1200,3900
1123,0,160200,48400,45100,1300,4000
1124,0,182800,53100,45700,1600,4100
1125,0,204500,53200,45000,2300,4900
1126,0,198800,50100,44300,1400,4300
1127,0,168500,49300,43600,1300,4100
1128,0,161600,49000,44300,1400,4100
1129,0,163800,48600,43900,1300,3800
1130,0,167900,49400,44300,1400,4100
1131,0,197600,49200,44200,1400,4000
1132,0,170600,53100,44100,1400,3000
1133,0,168700,48800,44200,1300,3900
1134,0,200100,49100,43900,1400,4100
1135,0,182900,49300,44400,1300,4000
1136,0,160400,48300,44300,1300,3800
1137,0,158600,48700,43800,1400,3800
1138,0,210300,49100,43900,1400,3900
1139,0,168700,48700,43800,1300,3900
1140,0,155600,48500,44000,1300,3800
1141,0,155900,48200,44200,1300,3900
1142,0,156300,48600,43700,1300,3900
1143,0,149700,47900,44300,1400,2800
1144,0,163200,48100,47900,1300,3900
1145,0,158600,48800,43500,1300,4000
1146,0,189200,48800,44300,1400,4100
1147,0,158600,48500,43900,1300,4000
1148,0,152100,48200,44100,1300,3000
1149,0,158600,48300,44100,1300,3800
1150,0,179000,48800,43500,1400,4000
1151,0,160400,48600,43700,1300,2800
1152,0,162600,49200,44100,1300,4000
1153,0,164600,48700,43800,1400,4000
1154,0,162600,48800,43600,1300,3900
1155,0,164400,48700,44000,1300,3800
1156,0,171800,48700,43500,1400,3800
1157,0,178200,49200,43800,1400,4100
1158,0,193900,49000,44500,1400,4100
1159,0,180400,47400,43800,1400,4000
1160,0,501500,50200,383000,1400,4000
1161,0,546300,57300,381000,1500,4200
1162,0,246700,54800,44300,1500,57600
1163,0,217900,51200,44400,1500,62000
1164,0,178000,50400,44000,1400,20600
1165,0,235000,49500,43600,1400,4200
1166,0,210700,50000,43700,1400,4000
1167,0,149500,48000,43700,1200,3800
1168,0,149400,47600,43800,1200,3700
1169,0,160800,48400,44900,1300,3700
1170,0,162800,49400,44100,1300,3900
1171,0,162900,48900,44200,1400,3900
1172,0,169200,49900,45400,1300,3900
1173,0,160000,48400,44400,1300,4000
1174,0,183800,52000,44200,1400,4100
1175,0,160300,48400,43900,1300,3800
1176,0,185900,48800,44000,1300,4000
1177,0,161300,50200,45600,1300,3900
1178,0,186000,48500,44400,1400,3800
1179,0,162500,47900,44300,1300,3600
1180,0,150800,47900,45500,1200,3800
1181,0,160900,48600,43800,1200,4100
1182,0,156800,48400,43900,1300,3900
1183,0,157400,48300,44000,1200,3800
1184,0,160900,48300,44400,1400,4000
1185,0,166300,48800,44100,1400,3800
1186,0,195200,61100,44500,1400,3800
1187,0,159700,48500,44000,1300,4000
1188,0,152600,48000,44000,1300,3700
1189,0,159900,48300,43700,1400,3800
1190,0,162200,48600,43500,1400,4000
1191,0,190000,49000,44200,1400,4000
1192,0,166700,48800,43600,1400,4000
1193,0,165600,48800,44300,1300,3900
1194,0,157200,48100,44100,1300,3900
1195,0,157500,48300,43900,1300,3800
1196,0,196800,48700,44000,1300,4100
1197,0,181600,49000,43900,1400,4000
1198,0,204600,48900,43900,1300,3900
1199,0,166300,48900,44000,1200,3800
1200,0,150700,47900,43400,1200,3700
1201,0,153400,48500,43700,1300,3800
1202,0,151700,48100,43500,1300,3800
1203,0,150500,48200,44200,1200,3600
1204,0,153100,48300,44400,1300,3800
1205,0,155800,48200,44200,1200,4000
1206,0,184300,48900,43600,1400,3900
1207,0,154900,48300,43700,1300,3800
1208,0,153900,48100,44200,1300,3800
1209,0,160500,48500,43900,1300,3900
1210,0,187700,49400,48900,1300,3900
1211,0,183600,51900,48800,1300,4100
1212,0,168100,50500,44300,1400,3900
1213,0,164400,48500,44000,1300,3900
1214,0,163000,48600,44100,1400,3900
1215,0,164100,48500,44000,1300,3900
1216,0,169500,48600,44400,1300,4000
1217,0,170100,48600,43700,1400,4000
1218,0,199400,49400,45800,1300,4000
1219,0,179900,50300,43900,1400,4000
1220,0,163000,47300,44100,1300,3900
1221,0,533600,50000,383200,1400,4000
1222,0,533300,57100,385100,1400,4000
1223,0,217700,54400,44300,1600,56500
1224,0,214900,50500,44000,1500,61900
1225,0,175500,49600,44400,1300,20900
1226,0,155800,48600,43700,1300,4100
1227,0,199000,49700,44100,1400,3900
1228,0,177800,49200,44100,1400,4000
1229,0,162700,48800,44300,1400,3900
1230,0,164000,48900,44300,1400,3900
1231,0,164600,48900,43800,1400,3900
1232,0,166000,48800,43900,1400,3900
1233,0,166500,48900,44400,1400,3000
1234,0,179000,48500,44000,1400,4000
1235,0,157600,48300,43800,1300,3900
1236,0,188500,49000,43500,1400,4000
1237,0,159500,48600,44000,1300,3900
1238,0,182200,48800,43700,1300,4000
1239,0,165200,48500,43800,1300,3800
1240,0,161700,57100,44400,1300,3800
1241,0,159200,48100,44100,1300,4000
1242,0,159600,48400,43700,1300,3900
1243,0,159100,48600,44200,1300,3900
1244,0,166600,48500,43900,1300,4100
1245,0,164000,48900,43800,1400,3900
1246,0,183400,48800,44100,1400,3200
1247,0,163500,48300,43700,1300,3900
1248,0,160700,48800,43500,1300,3900
1249,0,168900,49200,43900,1300,4000
1250,0,205000,49200,43900,1300,4100
1251,0,233500,49500,44000,1400,4100
1252,0,167800,48900,43600,1300,4000
1253,0,161700,48300,44200,1300,3800
1254,0,161500,48400,43500,1400,4000
1255,0,157300,48900,44000,1300,3900
1256,0,159100,48200,44300,1400,3900
1257,0,161200,48600,43900,1300,2800
1258,0,246300,49200,45600,1300,4100
1259,0,190100,48700,43500,1400,3800
1260,0,153000,48500,43500,1300,3800
1261,0,152900,48200,44200,1300,3600
1262,0,153900,48300,45000,1200,3700
1263,0,155700,48300,45000,1200,3600
1264,0,156800,47800,43700,1200,3800
1265,0,156100,48300,44000,1300,3900
1266,0,196800,48300,54300,1300,3900
1267,0,153400,48200,43900,1400,2900
1268,0,151600,47900,43700,1300,3800
1269,0,155400,48600,43700,1300,3800
1270,0,178300,52600,44300,1300,2900
1271,0,157900,48300,43900,1300,3900
1272,0,152600,48100,44100,1300,3800
1273,0,154000,48200,44100,1300,3900
1274,0,153900,48000,43300,1400,3800
1275,0,158500,48300,43600,1300,3800
1276,0,164100,48600,43900,1300,4000
1277,0,170300,53600,44200,1400,2800
1278,0,190500,49000,43600,1400,4000
1279,0,177900,53100,44300,1400,2900
1280,0,162800,48500,43800,1300,4000
1281,0,186000,47400,44200,1300,3900
1282,0,524000,49700,385400,1400,3900
1283,0,505600,56900,385400,1500,4200
1284,0,208100,54100,43800,1500,56000
1285,0,215700,50500,44000,1400,62000
1286,0,170400,50000,43800,1400,21000
1287,0,151200,48500,43700,1300,4000
1288,0,157200,47500,44300,1200,3900
1289,0,201700,49100,44100,1500,3900
1290,0,201200,49400,43800,1400,4100
1291,0,167800,48300,49100,1300,4000
1292,0,187700,56100,50100,1300,4000
1293,0,183900,55100,48900,2300,3900
1294,0,209900,52700,47700,1500,4600
1295,0,187400,54500,46600,2400,4600
1296,0,207900,50100,46400,1400,4000
1297,0,192600,51700,48700,2500,4800
1298,0,215000,52400,45600,2300,4700
1299,0,172600,49400,44100,1400,4000
1300,0,152600,48300,44100,1300,2800
1301,0,157800,48500,44600,1400,3800
1302,0,157300,49500,43900,1300,3800
1303,0,157300,48900,44000,1300,3900
1304,0,155000,47700,43900,1400,2900
1305,0,162700,48800,44000,1300,4000
1306,0,212000,53500,44800,2300,4800
1307,0,192400,56500,46100,2300,4700
1308,0,174800,50300,47300,1300,4600
1309,0,193200,53700,48500,2300,4700
1310,0,178900,50700,44500,1400,4300
1311,0,202600,49100,43900,1400,4100
1312,0,170500,49000,44900,1400,3900
1313,0,174000,49200,44700,1400,4200
1314,0,163900,49100,43700,1300,4000
1315,0,158400,48800,44100,1400,4100
1316,0,167800,49200,44800,1400,3900
1317,0,166100,49000,43300,1300,4000
1318,0,211900,49400,44100,1400,4000
1319,0,176100,49500,45300,1300,3900
1320,0,197800,48800,43800,1500,3900
1321,0,186700,49200,43800,1300,4100
1322,0,157200,48800,44500,1300,3900
1323,0,153000,48200,44000,1200,3800
1324,0,158100,49000,44200,1300,3900
1325,0,172500,56000,45700,1400,3100
1326,0,195000,49300,44100,1400,4100
1327,0,160800,48300,44100,1400,2800
1328,0,159100,48700,43900,1300,3800
1329,0,166100,48300,44400,1300,3900
1330,0,181500,48700,43900,1400,4000
1331,0,160100,48700,43800,1300,3800
1332,0,158800,48200,43800,1300,3800
1333,0,159600,48500,44100,1300,3900
1334,0,159900,48600,43600,1300,4000
1335,0,199900,48700,43700,1400,4000
1336,0,201600,49500,44200,1300,4100
1337,0,168500,48900,44000,1300,4000
1338,0,194700,49100,44100,1400,4000
1339,0,177600,49000,44000,1300,4100
1340,0,165400,48400,44200,1300,4000
1341,0,194000,49000,43600,1300,4000
1342,0,184000,47600,42900,1400,4100
1343,0,510500,49400,401400,1300,3800
1344,0,528300,58000,407100,1400,4300
1345,0,220200,56000,44500,1500,60000
1346,0,214100,51600,43800,1500,63400
1347,0,171500,50000,44400,1400,18700
1348,0,153800,48400,43000,1300,4000
1349,0,166700,50700,45700,1400,3900
1350,0,166900,49100,43800,1400,4100
1351,0,205800,49400,44400,1400,4100
1352,0,190600,49300,45600,1400,4100
1353,0,163800,48800,43900,1300,4000
1354,0,180600,49500,44900,1300,3900
1355,0,156500,49200,43700,1300,4000
1356,0,187100,48900,43800,1400,4000
1357,0,157600,47900,44300,1300,3700
1358,0,180200,48200,44000,1300,3800
1359,0,165300,48600,45300,1300,3800
1360,0,149600,47800,43600,1200,3700
1361,0,152800,48200,43800,1200,3700
1362,0,152000,48400,43400,1200,3800
1363,0,150200,47900,43600,1200,3800
1364,0,153900,48300,44000,1400,3800
1365,0,155900,48400,44200,1300,3800
1366,0,174400,48700,43900,1300,3900
1367,0,153900,48300,43800,1200,3900
1368,0,153700,48000,43800,1200,3800
1369,0,164500,53000,44100,1300,3000
1370,0,162800,47900,44100,1400,4000
1371,0,192700,48800,43800,1500,3900
1372,0,168100,48500,43900,1400,4000
1373,0,181200,48600,44200,1300,4000
1374,0,158100,47700,43700,1300,3900
1375,0,158200,48500,43800,1300,3900
1376,0,163400,48400,43700,1300,4000
1377,0,157600,48600,43900,1300,3800
1378,0,219300,51000,51000,1300,4000
1379,0,209100,56000,48500,2400,4600
1380,0,190000,61600,45700,1500,3700
1381,0,175200,51100,48000,2300,4100
1382,0,248700,55500,45300,2300,4700
1383,0,208100,53200,45300,2300,4800
1384,0,181000,51700,45900,2300,4800
1385,0,169300,49800,44600,1300,3300
1386,0,201000,49600,45200,1300,4000
1387,0,160900,49000,44500,1300,3900
1388,0,160900,49100,45000,1200,3800
1389,0,164700,49400,44600,1400,3900
1390,0,184100,48700,44800,1300,3900
1391,0,158200,48600,43900,1300,3900
1392,0,157300,48600,44200,1300,3900
1393,0,158100,47700,44600,1200,3900
1394,0,156700,48300,44200,1300,3800
1395,0,165700,48300,44100,1400,8600
1396,0,162700,48300,44200,1300,3900
1397,0,176000,52400,47100,2300,4100
1398,0,204600,51300,45900,1500,4500
1399,0,181900,50000,44800,1400,4200
1400,0,199500,52900,48900,2300,4800
1401,0,219800,53100,44900,2400,4700
1402,0,196700,50100,44200,1300,4100
1403,0,158300,47300,44300,1300,3900
1404,0,530400,49400,414800,1300,3800
1405,0,521900,59000,398100,1400,4200
1406,0,219900,54900,44000,1500,58400
1407,0,224100,51100,44200,1500,62600
1408,0,176500,50600,45400,1400,20600
1409,0,175700,51600,44900,1400,4300
1410,0,169700,49300,44100,1400,4000
1411,0,171500,48800,43900,1400,3000
1412,0,176500,49300,44200,1400,4000
1413,0,210600,49400,44300,1400,4000
1414,0,215100,49500,44100,1400,4000
1415,0,159100,48800,43100,1300,3900
1416,0,193500,48700,43700,1400,3700
1417,0,164900,49500,44000,1300,4000
1418,0,186200,48900,44500,1400,3900
1419,0,171100,48700,44000,1300,3900
1420,0,196300,49200,43500,1400,4100
1421,0,192300,49600,44100,1400,4000
1422,0,153700,48600,43900,1300,4000
1423,0,150800,47900,44200,1200,3900
1424,0,154400,47900,43900,1300,3800
1425,0,166500,58000,42600,1400,3700
1426,0,180200,48800,44400,1400,4100
1427,0,155600,52200,44800,1300,2800
1428,0,153300,47800,44000,1300,3800
1429,0,157800,48600,43900,1300,3900
1430,0,161200,48100,44200,1300,2900
1431,0,197800,49100,44300,1500,3900
1432,0,168500,48700,44000,1300,4100
1433,0,167400,48400,44200,1400,4000
1434,0,161400,48300,44100,1400,3100
1435,0,162200,48600,45800,1400,3900
1436,0,160900,48300,44000,1300,3800
1437,0,161100,48300,44000,1400,3800
1438,0,209900,49200,44300,1400,4000
1439,0,169200,48600,46000,1400,3900
1440,0,165100,50400,44000,1300,3900
1441,0,157800,49200,44200,1400,4000
1442,0,155700,48600,43600,1300,3900
1443,0,154200,47800,43900,1300,3600
1444,0,195300,49200,43800,1400,4000
1445,0,184600,49100,45000,1400,4100
1446,0,187500,48500,44100,1400,3900
1447,0,155500,48100,44200,1300,3800
1448,0,151700,48100,43800,1200,3700
1449,0,161600,49000,45500,1300,3600
1450,0,176200,48600,44000,1300,4000
1451,0,155600,48400,44100,1300,3800
1452,0,154100,48200,44100,1300,3700
1453,0,154300,48000,44000,1300,3800
1454,0,152800,48300,43600,1400,3800
1455,0,155800,48600,43600,1300,3800
1456,0,159500,48300,44300,1300,3900
1457,0,160400,48500,44200,1400,3800
1458,0,235600,55600,51000,5900,3900
1459,0,173400,49100,44400,1300,4200
1460,0,161400,48400,44000,1400,4000
1461,0,192200,49300,43100,1400,4000
1462,0,187200,48900,44600,1300,4000
1463,0,156500,48000,43700,1200,3800
1464,0,160200,47500,43800,1400,3800
1465,0,512500,49600,391500,1300,3900
1466,0,520200,57200,390300,1500,4300
1467,0,221900,54700,44300,1500,57900
1468,0,223100,51200,44300,1500,62800
1469,0,187800,50100,44000,1400,20800
1470,0,166700,48900,44000,1400,4100
1471,0,171800,48700,44100,1400,4100
1472,0,169300,48700,44500,1400,4100
1473,0,166900,48800,43800,1400,4200
1474,0,187200,48500,44100,1400,4100
1475,0,200500,48700,44600,1400,4100
1476,0,216100,49300,43900,1400,4000
1477,0,160600,48200,43900,1300,3900
1478,0,183600,48800,44200,1300,3900
1479,0,165700,48000,44000,1200,3800
1480,0,151400,48100,44200,1200,3100
1481,0,158600,48500,44200,1300,3700
1482,0,156500,48500,43700,1300,4000
1483,0,151200,48300,44100,1200,3100
1484,0,188500,56600,49500,2300,4800
1485,0,170700,49500,44400,1400,3700
1486,0,183900,48900,44200,1400,4100
1487,0,155600,48000,44500,1400,3900
1488,0,152300,48200,44000,1300,3900
1489,0,155200,48700,43500,1300,3100
1490,0,166800,49000,44100,1400,3900
1491,0,197200,49500,44100,1400,4000
1492,0,169000,48700,44100,1300,4000
1493,0,167900,49200,44200,1300,3000
1494,0,165100,48700,44000,1300,3900
1495,0,163100,48500,43700,1400,3900
1496,0,170900,49000,43800,1500,3900
1497,0,172600,49300,44100,1300,4100
1498,0,217300,49400,43800,1400,3900
1499,0,180000,49100,43700,1400,4100
1500,0,160800,48600,44000,1300,3900
1501,0,159000,48600,43800,1300,3800
1502,0,164000,48700,44400,1300,3900
1503,0,157400,48300,44400,1300,3900
1504,0,163100,48900,44200,1300,3900
1505,0,217500,49400,43800,1400,4200
1506,0,267700,49800,43700,1500,4100
1507,0,181000,49000,43500,1400,4000
1508,0,152800,47900,43900,1300,3900
1509,0,156900,48300,44000,1200,3700
1510,0,178800,48600,43800,1300,3900
1511,0,155400,48000,43700,1200,3900
1512,0,155100,47700,43900,1200,3300
1513,0,157000,48400,44000,1300,3900
1514,0,152600,48200,43900,1300,3800
1515,0,155600,48400,44100,1300,3900
1516,0,159100,48600,43900,1200,3900
1517,0,160200,48600,43700,1400,3900
1518,0,186300,48700,43700,1300,4000
1519,0,169200,48600,44200,1300,4000
1520,0,157200,48500,44100,1300,3900
1521,0,184600,48700,43700,1300,3900
1522,0,178700,49000,44000,1400,3900
1523,0,153200,48300,43800,1200,3800
1524,0,154700,48300,44300,1200,3700
1525,0,152500,46700,43900,1200,3700
1526,0,498400,49000,386300,1300,3700
1527,0,512500,57100,389400,1400,4200
1528,0,222800,57600,45100,1400,57600
1529,0,226600,51500,44600,1400,62800
1530,0,202300,53200,45400,2400,22000
1531,0,176900,50100,44400,1400,4300
1532,0,166500,49300,44300,1400,4000
1533,0,167200,48400,44100,1300,3900
1534,0,184900,49000,43900,1400,4000
1535,0,161400,48500,46900,1300,3900
1536,0,228100,54100,46500,2300,4900
1537,0,255200,53400,56900,2400,4600
1538,0,476900,134800,122400,2200,4700
1539,0,412300,132800,122500,3000,3700
1540,0,392300,133000,121000,1800,4300
1541,0,399100,133400,122500,1700,4200
1542,0,387000,132800,113500,1800,4100
1543,0,162200,51100,44500,1900,4200
1544,0,157800,48500,44200,1400,4000
1545,0,162100,49200,44000,1400,3900
1546,0,181300,49000,44100,1400,4100
1547,0,153000,48300,43900,1300,3900
1548,0,152000,48000,44200,1200,3800
1549,0,161600,48500,44100,1300,3800
1550,0,167600,48500,44300,1400,3900
1551,0,196300,49100,43600,1500,4000
1552,0,170500,48700,44100,1300,4000
1553,0,167900,49000,43600,1400,4000
1554,0,165300,49100,44300,1300,4000
1555,0,163500,48800,43800,1400,4000
1556,0,167900,48800,44400,1300,4000
1557,0,167100,48900,44100,1300,4000
1558,0,222000,53900,44600,1300,3200
1559,0,174200,48900,44500,1400,3000
1560,0,158300,47800,43900,1300,3900
1561,0,160800,48500,43900,1300,3900
1562,0,161700,48900,43900,1400,4000
1563,0,155200,48800,44000,1200,3900
1564,0,162400,48900,43800,1300,3900
1565,0,163900,49200,44000,1300,4100
1566,0,192100,49200,43800,1300,4100
1567,0,163900,48400,43800,1400,3900
1568,0,200000,49500,44100,1300,4000
1569,0,184500,48700,43700,1400,4200
1570,0,182200,49000,44000,1300,4000
1571,0,158900,48500,44200,1300,3900
1572,0,160700,50700,43900,1300,3800
1573,0,157000,47900,44200,1300,3800
1574,0,158900,48400,44200,1300,3000
1575,0,157200,48600,44100,1400,3900
1576,0,162500,48600,43800,1300,4100
1577,0,167000,49300,44000,1300,4000
1578,0,189600,48500,44600,1300,4100
1579,0,171600,49100,43800,1400,4000
1580,0,161300,49100,44400,1300,4000
1581,0,193400,49300,44300,1400,4100
1582,0,185200,48800,43900,1400,4100
1583,0,160200,54300,44300,1300,3800
1584,0,159800,49000,43900,1400,4000
1585,0,156600,48800,44500,1300,3800
1586,0,157100,46900,43500,1300,3800
1587,0,501100,49500,383900,1300,3800
1588,0,515700,57300,386100,1500,4200
1589,0,233300,54700,44800,1400,56600
1590,0,275000,51300,44300,1600,62500
1591,0,224600,50500,44300,1500,20800
1592,0,170700,48500,44300,1300,4200
1593,0,167900,49000,44200,1400,4000
1594,0,185000,48900,44300,1300,4000
1595,0,167800,48300,44200,1400,4000
1596,0,189700,48800,44100,1300,4000
1597,0,158000,46600,43200,1300,3900
1598,0,185300,48800,44100,1200,3900
1599,0,217100,52400,47100,1500,4200
1600,0,175600,48700,43800,1300,3900
1601,0,154300,48300,44000,1300,3800
1602,0,152700,47800,44200,1200,3900
1603,0,151300,48300,44300,1200,3800
1604,0,154900,48700,43800,1300,3800
1605,0,155000,48300,44500,1300,2800
1606,0,177000,48700,44200,1300,4000
1607,0,153200,48500,44100,1300,3900
1608,0,149200,47800,44400,1200,3800
1609,0,158100,48500,44200,1300,3800
1610,0,158000,48400,43800,1300,3900
1611,0,187000,48800,43800,1400,3900
1612,0,163900,49200,44000,1300,4000
1613,0,160900,49200,44400,1300,4000
1614,0,168800,54300,46000,1300,4100
1615,0,164400,49200,45300,1300,10100
1616,0,167900,48400,44200,1400,4000
1617,0,168200,48400,45400,1400,3800
1618,0,208500,49200,43900,1400,3900
1619,0,172900,48700,44300,1300,3800
1620,0,161900,49400,44600,1300,3800
1621,0,160600,48400,44100,1300,3900
1622,0,157900,48800,44800,1300,3800
1623,0,156900,48600,45900,1300,3800
1624,0,160000,48800,44300,1300,3800
1625,0,158100,48600,43900,1400,4000
1626,0,190600,49000,44400,1400,4100
1627,0,158300,48200,44400,1300,4000
1628,0,154500,48200,44200,1200,4000
1629,0,161600,48800,44500,1300,3800
1630,0,216900,49300,44300,1300,4000
1631,0,180600,49100,43900,1400,4100
1632,0,154800,48300,44100,1200,3900
1633,0,156400,48400,43800,1400,3800
1634,0,161300,52600,44300,1400,2900
1635,0,165000,48700,44200,1400,3900
1636,0,165500,48900,44000,1300,3900
1637,0,169500,48300,44600,1300,4200
1638,0,191100,49300,44000,1400,4100
1639,0,174500,53100,44700,1200,3000
1640,0,163200,48600,44100,1400,4000
1641,0,190100,48900,44200,1400,4000
1642,0,179700,48800,44100,1400,4000
1643,0,152100,48400,43800,1300,3800
1644,0,150700,47900,44400,1200,3700
1645,0,150000,47900,44100,1200,3700
1646,0,152300,48100,44100,1300,3700
1647,0,156500,46600,43500,1300,3700
1648,0,503000,50200,386800,1300,3900
1649,0,534500,57100,401100,1500,4100
1650,0,230800,54600,43900,1400,56800
1651,0,236700,55600,44600,1400,60700
1652,0,193300,50700,43800,1600,20900
1653,0,168000,49400,43700,1300,4200
1654,0,184400,49300,44100,1400,4200
1655,0,164700,48700,43900,1300,4200
1656,0,195900,52200,46700,1300,4100
1657,0,178600,49000,53900,1500,4000
1658,0,188500,48900,43800,1300,4000
1659,0,168900,49100,44400,1300,4000
1660,0,157300,48600,44100,1300,3900
1661,0,199600,49600,44000,1400,4000
1662,0,181200,49100,44200,1400,4000
1663,0,158300,48700,43800,1300,4000
1664,0,156700,48600,43700,1300,3900
1665,0,160200,48700,44500,1300,4000
1666,0,184100,48900,43900,1300,4000
1667,0,161600,48900,44000,1400,4000
1668,0,155600,48300,44000,1200,4000
1669,0,162500,49000,44000,1300,3800
1670,0,159900,48900,44000,1400,3800
1671,0,191300,49200,44300,1500,3100
1672,0,166200,48600,44400,1400,3900
1673,0,166000,48400,44400,1300,3900
1674,0,161200,48700,44000,1400,4000
1675,0,199900,49000,44400,1400,4000
1676,0,198300,49300,44300,1400,4100
1677,0,158500,48600,43800,1300,3900
1678,0,209100,48900,44400,1300,4000
1679,0,171900,48500,43900,1300,3900
1680,0,160800,49100,44200,1300,3900
1681,0,161000,48600,44100,1300,3900
1682,0,160700,48500,44100,1300,3800
1683,0,157500,48300,44200,1200,3800
1684,0,156800,48500,44000,1300,3900
1685,0,163100,48900,44200,1300,4000
1686,0,191600,48600,44300,1300,4000
1687,0,157500,48600,44600,1300,4000
1688,0,158800,48700,44400,1300,3900
1689,0,159000,48500,44200,1300,3800
1690,0,178000,48600,43900,1400,3900
1691,0,160000,48400,44200,1300,4000
1692,0,199800,53300,44500,1300,4100
1693,0,182900,48700,44200,1300,3900
1694,0,157200,48000,44400,1300,3800
1695,0,154300,48300,43900,1300,3700
1696,0,158200,48200,43900,1300,4000
1697,0,162400,48600,44500,1300,3900
1698,0,216600,61700,48700,1500,4100
1699,0,173700,49400,45100,1300,3900
1700,0,161600,50100,44600,1300,4000
1701,0,185700,49000,44000,1300,4100
1702,0,179800,48900,45500,1400,4000
1703,0,150100,48200,44100,1200,3800
1704,0,148900,48200,44500,1100,3700
1705,0,151200,48600,44400,1300,3700
1706,0,148300,47700,44100,1200,3800
1707,0,147700,47700,43800,1400,3600
1708,0,151100,46800,44100,1300,3800
1709,0,502400,49800,382700,1300,3800
1710,0,518100,56800,385500,1400,4200
1711,0,227700,54600,44100,1500,56600
1712,0,232400,51400,44300,1600,62000
1713,0,186200,50700,44000,1400,20600
1714,0,184900,49100,44600,1400,4200
1715,0,159900,48500,44100,1400,4100
1716,0,192000,51200,44400,1300,4000
1717,0,166700,48400,43900,1300,3800
1718,0,182400,48700,44300,1300,4000
1719,0,175800,48800,44200,1400,3900
1720,0,164600,52700,44100,1300,2900
1721,0,161500,48700,44100,1400,3900
1722,0,165200,48700,43800,1300,4000
1723,0,198200,49200,44500,1400,4100
1724,0,183800,49200,44700,1300,4100
1725,0,160800,48700,44100,1300,4000
1726,0,179500,48900,44300,1400,3200
1727,0,155700,48400,44200,1300,3900
1728,0,157200,48400,44400,1300,4000
1729,0,157900,48500,44500,1300,3800
1730,0,159900,48400,44000,1400,3800
1731,0,190000,48700,44100,1400,4000
1732,0,163800,48800,44100,1400,4000
1733,0,162900,48700,44300,1300,4000
1734,0,157800,48800,43700,1400,4100
1735,0,156200,48600,44300,1300,3900
1736,0,159500,48600,44300,1400,3800
1737,0,162800,48800,44200,1300,3800
1738,0,203200,49100,44500,1400,4100
1739,0,169600,48400,44500,1300,4000
1740,0,175600,48700,53800,1400,3900
1741,0,159400,48600,44400,1400,3000
1742,0,161900,48600,43600,1400,4100
1743,0,160000,48600,44200,1300,3900
1744,0,163100,48600,44100,1300,4000
1745,0,165800,48600,43900,1300,4000
1746,0,204600,49000,43900,1300,4100
1747,0,160900,48900,44000,1400,2900
1748,0,161400,48900,44500,1300,3900
1749,0,165900,49000,43900,1300,3900
1750,0,184700,49400,44000,1400,4000
1751,0,165100,49100,45000,1300,4000
1752,0,164600,48900,44200,1400,4000
1753,0,164900,48800,43600,1300,4000
1754,0,202200,49200,43800,1400,4100
1755,0,182300,49000,44300,1500,4000
1756,0,163700,48700,44100,1300,3900
1757,0,166400,49300,44200,1400,4000
1758,0,191000,49300,44000,1400,4000
1759,0,175500,48700,44200,1400,3900
1760,0,201000,49100,44100,1400,4000
1761,0,224500,49900,43600,1400,4100
1762,0,182100,53100,44200,1300,2800
1763,0,150800,48100,44200,1200,3000
1764,0,148000,47700,44000,1200,3600
1765,0,148800,47900,44200,1200,3600
1766,0,148100,47700,44400,1200,3700
1767,0,151200,47700,44100,1300,3600
1768,0,151800,48000,44400,1300,3700
1769,0,158000,46900,44100,1400,3800
1770,0,499900,49400,381500,1400,3900
1771,0,513100,56500,383700,1500,3100
1772,0,227300,54900,44100,1500,55700
1773,0,228300,51100,44600,1400,61900
1774,0,200800,50800,44000,1500,20500
1775,0,163400,48800,44200,1400,4100
1776,0,195600,48900,48600,1400,4000
1777,0,177700,51200,48800,1600,4100
1778,0,214100,61600,46200,2300,4000
1779,0,219100,54900,47700,2400,3800
1780,0,164000,50400,44700,1400,4400
1781,0,161800,48500,44000,1300,4000
1782,0,155900,48300,44100,1200,3800
1783,0,157200,49600,44700,1300,4000
1784,0,168600,56700,43800,1400,3900
1785,0,200700,49200,44200,1300,4000
1786,0,206600,48800,44000,1400,4100
1787,0,154400,48500,44100,1300,4000
1788,0,150600,48900,44100,1300,3600
1789,0,156300,48100,43900,1200,3900
1790,0,158700,48000,44200,1300,3900
1791,0,189100,48800,43700,1500,4000
1792,0,164900,50400,44200,1300,3800
1793,0,161600,48700,44200,1300,4000
1794,0,155600,48300,44300,1300,3900
1795,0,153300,48000,44200,1300,3800
1796,0,160400,49100,44600,1300,3800
1797,0,156000,48200,43800,1300,3800
1798,0,205000,48900,43800,1400,3900
1799,0,166700,48800,44100,1200,3800
1800,0,152500,47800,44200,1200,3800
1801,0,158400,48200,44000,1300,3800
1802,0,157200,48600,44100,1400,3800
1803,0,159000,48600,44200,1300,3700
1804,0,165700,49000,43500,1300,4000
1805,0,172500,48800,43900,1400,4000
1806,0,203900,49000,43800,1400,4000
1807,0,167600,48900,44100,1300,3000
1808,0,161700,48700,43800,1300,4100
1809,0,165800,52900,44000,1300,2900
1810,0,186300,48900,43800,1400,3900
1811,0,159900,48700,44300,1300,3800
1812,0,163000,48200,43900,1300,3900
1813,0,160300,49800,43000,1200,2900
1814,0,158100,48200,43800,1400,3900
1815,0,162100,48600,44000,1300,3900
1816,0,204100,49200,44300,1300,3900
1817,0,198800,49100,43500,1400,10700
1818,0,190900,49000,43600,1400,4000
1819,0,171900,49200,43800,1300,4100
1820,0,160000,48800,44100,1300,3900
1821,0,188600,48600,44000,1400,4000
1822,0,189300,49300,43900,1400,4100
1823,0,150400,47700,44200,1300,4000
1824,0,150500,48100,44200,1200,3900
1825,0,150200,48000,44000,1300,3800
1826,0,150100,47800,44000,1200,3700
1827,0,151000,47800,44400,1200,3700
1828,0,152100,48000,43900,1300,3800
1829,0,160500,48600,44000,1400,3900
1830,0,161000,47400,43900,1400,3900
1831,0,516300,49800,389600,1300,3900
1832,0,518600,62200,381700,1500,4000
1833,0,231900,54400,44500,1500,58100
1834,0,244700,50700,44400,1500,62800
1835,0,184600,50900,44100,1400,21000
1836,0,199900,50300,44000,1400,4100
1837,0,175500,49900,45300,1300,4100
1838,0,192300,49200,43900,1400,4000
1839,0,175600,49100,44200,1400,3900
1840,0,158100,48300,44200,1300,3800
1841,0,163500,48500,44400,1400,3900
1842,0,158200,48600,44200,1300,3800
1843,0,162500,49100,44200,1200,3900
1844,0,162200,48600,44200,1400,2900
1845,0,206500,53400,44100,1400,3200
1846,0,220700,49300,43800,1400,3900
1847,0,195400,49500,44100,1300,4100
1848,0,175900,49200,44000,1300,4000
1849,0,156700,48600,43700,1300,3900
1850,0,160600,52600,44400,1300,2800
1851,0,188800,48300,43900,1400,3900
1852,0,161400,48100,44000,1400,4000
1853,0,158900,48300,44100,1200,3800
1854,0,155500,48400,43900,1400,3800
1855,0,153600,48300,43700,1200,3700
1856,0,156300,48500,43600,1200,3800
1857,0,155500,48400,43900,1300,3700
1858,0,203300,49000,43900,1300,4000
1859,0,186200,48800,44300,1300,3800
1860,0,152400,48500,44000,1200,3700
1861,0,162700,51300,49100,1300,3700
1862,0,165800,50900,47800,1500,3800
1863,0,171200,51200,45700,2200,4600
1864,0,168500,50200,45600,1400,4000
1865,0,174000,51200,45200,1300,4000
1866,0,216300,52200,45300,2300,4700
1867,0,184000,51600,46200,2300,4800
1868,0,165900,49000,44500,1300,4000
1869,0,168000,49500,44800,1300,3900
1870,0,185600,49400,44500,1300,3900
1871,0,165800,49400,44800,1300,4000
1872,0,161900,48700,44500,1300,3800
1873,0,158600,48700,44400,1200,3800
1874,0,163600,49300,44800,1400,3900
1875,0,162400,48900,44900,1300,3900
1876,0,164900,48700,45000,1300,3900
1877,0,168500,49000,44700,1400,4000
1878,0,230600,49700,44600,1500,4100
1879,0,197000,49500,44100,1300,3900
1880,0,158400,48400,43700,1300,4000
1881,0,187800,48700,44600,1400,4000
1882,0,179300,48700,43700,1400,4000
1883,0,149600,48300,44400,1200,3700
1884,0,154500,50300,46900,1200,3700
1885,0,148800,48100,44300,1300,3700
1886,0,153300,49400,45500,1200,3700
1887,0,150400,48200,44400,1300,3600
1888,0,168700,53200,45100,2200,4700
1889,0,193600,53200,46700,2300,5000
1890,0,184200,50300,44400,1400,4100
1891,0,169400,47100,44500,1400,4100
1892,0,533000,50100,404300,1400,3100
1893,0,526600,57100,394200,1500,4200
1894,0,250300,54800,44600,1400,59400
1895,0,227500,51000,44200,1400,63100
1896,0,216200,49800,44400,1400,20800
1897,0,173100,49800,43900,1300,4100
1898,0,192100,48900,43900,1400,4000
1899,0,187700,53800,44500,1400,3700
1900,0,163300,49100,44700,1300,3900
1901,0,161400,49000,44300,1300,3800
1902,0,159100,48200,44000,1300,3900
1903,0,159300,48300,44200,1400,3900
1904,0,160400,49700,45100,1300,3900
1905,0,166300,49100,43300,1400,3900
1906,0,185000,49400,44000,1300,4100
1907,0,160200,48700,44700,1400,4000
1908,0,156700,49100,44600,1300,3800
1909,0,200800,49200,44200,1400,4100
1910,0,185900,49000,43300,1500,4000
1911,0,198100,51200,44800,1400,3900
1912,0,164700,48100,44000,1400,4000
1913,0,163500,49100,44000,1400,4000
1914,0,158100,47900,44200,1400,4000
1915,0,154600,48100,44100,1300,3900
1916,0,160800,48900,43500,1300,3900
1917,0,160600,49100,44800,1300,3900
1918,0,208900,49300,44800,1400,3900
1919,0,168500,48700,44300,1400,3900
1920,0,155400,48500,44100,1400,3900
1921,0,159400,48400,43800,1300,3800
1922,0,161900,49000,43900,1200,3900
1923,0,156300,48800,44000,1400,3800
1924,0,161700,48600,44200,1300,4000
1925,0,161800,48800,44100,1400,4000
1926,0,197300,48900,43800,1400,4000
1927,0,165700,48800,43400,1300,3900
1928,0,167700,50800,45600,1300,3900
1929,0,195500,52000,45700,2300,4800
1930,0,241000,50700,44900,1400,4000
1931,0,200200,49600,43800,1300,4000
1932,0,160700,48900,44200,1300,4000
1933,0,162000,49100,45000,1300,3800
1934,0,161000,48800,43900,1400,3900
1935,0,158600,48700,43500,1300,3800
1936,0,165300,49200,43800,1400,3900
1937,0,169300,50800,45300,1400,4100
1938,0,189700,48800,44000,1300,4100
1939,0,174300,49400,43800,1400,3900
1940,0,199900,49100,44100,1400,3900
1941,0,212100,49100,44300,1300,3300
1942,0,179900,48600,44400,1300,4000
1943,0,148300,48100,44000,1300,3800
1944,0,148500,48200,43800,1200,3600
1945,0,147400,47900,43800,1200,3700
1946,0,148600,48000,44300,1200,3500
1947,0,146000,47700,44200,1200,2600
1948,0,155600,50600,47300,1300,3700
1949,0,172600,56200,45300,1300,3900
1950,0,178100,52000,45700,2200,4800
1951,0,175300,53600,46200,1500,3100
1952,0,165400,48700,45800,1300,4100
1953,0,532500,49800,412200,1400,4100
1954,0,539500,57600,386900,1400,4200
1955,0,218700,54800,44300,1500,57900
1956,0,252500,51200,43800,1500,62800
1957,0,183800,50600,44200,1500,20400
1958,0,188200,48700,44000,1400,4000
1959,0,171000,48800,44300,1300,3800
1960,0,158100,48900,44200,1300,3800
1961,0,164300,49100,44100,1300,3800
1962,0,164500,53300,44300,1300,3900
1963,0,154600,48400,43800,1300,3800
1964,0,160400,48500,44100,1300,3900
1965,0,162800,48500,43800,1400,3900
1966,0,180800,48700,44000,1300,4000
1967,0,159000,48700,44200,1300,3900
1968,0,153600,49400,44200,1200,3800
1969,0,158500,48800,43700,1300,3900
1970,0,159800,48300,43800,1300,2800
1971,0,234500,50100,46200,2000,4100
1972,0,217800,51400,45000,2400,5000
1973,0,171500,49100,44600,1400,4100
1974,0,184000,53000,45200,2300,4800
1975,0,194200,52900,46100,2300,4700
1976,0,172300,50400,44300,1400,4200
1977,0,166200,48500,44300,1300,3900
1978,0,210800,49400,43600,1400,3300
1979,0,169800,48900,44200,1300,4000
1980,0,156800,48300,43800,1300,3700
1981,0,163400,48800,44000,1400,3800
1982,0,156100,48600,43800,1300,4000
1983,0,153700,47600,43600,1400,2900
1984,0,151700,47800,44200,1300,2700
1985,0,161400,48200,43900,1400,4000
1986,0,190800,48800,44100,1400,4000
1987,0,160300,48300,44100,1300,3800
1988,0,160600,48300,44200,1300,3800
1989,0,166700,49900,44200,1400,3900
1990,0,188700,49500,43700,1300,4000
1991,0,165200,48500,44000,1300,4000
1992,0,166700,48400,45100,1300,3900
1993,0,168800,50600,43600,1400,3900
1994,0,160600,48600,44300,1300,4000
1995,0,164100,48800,43300,1400,3900
1996,0,170500,49300,44000,1400,3900
1997,0,168000,49000,43900,1300,4100
1998,0,195200,49100,44400,1300,3300
1999,0,175000,49100,43800,1300,4000
2000,0,164200,49100,43800,1300,4000
2001,0,195900,49400,44200,1300,4100
2002,0,222800,49400,44000,1400,4200
2003,0,177300,48700,44300,1300,4000
2004,0,150700,48000,43400,1200,3800
2005,0,150300,48000,43600,1200,3700
2006,0,153200,48200,43500,1300,3800
2007,0,156000,48100,44100,1300,3700
2008,0,156600,48000,44400,1300,3800
2009,0,170900,48800,43800,1400,4000
2010,0,163000,48400,44200,1400,3900
2011,0,166700,48900,43800,1400,4000
2012,0,167200,48300,44000,1400,4000
2013,0,163900,47000,44100,1400,4000
2014,0,528600,49800,387600,1300,4100
2015,0,556800,58400,389200,1500,4200
2016,0,314400,57700,45000,2400,60200
2017,0,230500,51400,44600,1400,62700
2018,0,207700,49900,43300,1400,20600
2019,0,172300,49400,44400,1200,4000
2020,0,159400,48200,44800,1300,3800
2021,0,159900,48600,44400,1300,3000
2022,0,159400,48400,44100,1300,3800
2023,0,159100,48500,44200,1300,3900
2024,0,165900,50500,43600,1300,3800
2025,0,164000,49300,43400,1300,3900
2026,0,186600,49500,46000,1400,4100
2027,0,169100,51000,46100,1400,3700
2028,0,167100,49200,53300,2200,4000
2029,0,210000,52500,44900,2400,3800
2030,0,165300,49000,44100,1400,4100
2031,0,195400,48700,44100,1500,4000
2032,0,167400,49000,44000,1400,3900
2033,0,204200,49500,44400,1400,4200
2034,0,182800,49200,43500,1400,4100
2035,0,155000,48800,43900,1300,3900
2036,0,157800,48600,43800,1200,3800
2037,0,156900,48700,43800,1300,3800
2038,0,209500,47900,44000,1400,4000
2039,0,164600,48200,44000,1400,4000
2040,0,153100,48200,43700,1300,3800
2041,0,156900,47700,44100,1300,3800
2042,0,152200,47900,44200,1400,3800
2043,0,149900,48000,43700,1300,3700
2044,0,153400,47600,44200,1200,3900
2045,0,158700,48800,43900,1300,4000
2046,0,190300,49000,43400,1400,4000
2047,0,154200,47500,44200,1300,3800
2048,0,152200,48100,44100,1200,3900
2049,0,158500,48800,43900,1300,3800
2050,0,181700,49100,44000,1400,4100
2051,0,165500,48200,43800,1300,3900
2052,0,161500,49300,43600,1300,3800
2053,0,162900,48500,44000,1300,4000
2054,0,160800,48600,43600,1400,3800
2055,0,163300,48900,44000,1300,3900
2056,0,162000,48300,44200,1300,3100
2057,0,169700,48700,44200,1400,4000
2058,0,192200,48800,44000,1400,4000
2059,0,177100,50300,45400,1300,2900
2060,0,177800,48800,44000,1300,4000
2061,0,195000,48700,44000,1500,4100
2062,0,188600,48700,44200,1400,4100
2063,0,169100,51200,46400,1300,4100
2064,0,191600,48200,44900,1300,3300
2065,0,184000,48900,44500,1400,3900
2066,0,154100,48200,46300,1300,3800
2067,0,156400,49800,44500,1300,3800
2068,0,169300,52900,44500,1200,3800
2069,0,161000,48700,44000,1300,3900
2070,0,163300,48800,43900,1400,3900
2071,0,165800,48800,44300,1300,3900
2072,0,165500,48900,44000,1400,4000
2073,0,164200,49400,43800,1300,4000
2074,0,180600,47300,44100,1300,2900
2075,0,505800,49800,391100,1300,4000
2076,0,541900,57400,387600,1500,4200
2077,0,229200,54400,44600,1600,63900
2078,0,245300,51000,44300,1500,63000
2079,0,184800,49500,44400,1500,20700
2080,0,156300,48600,44100,1300,4100
2081,0,161700,49200,44300,1300,4000
2082,0,165200,52700,44500,1300,2900
2083,0,160500,48500,44000,1300,4000
2084,0,165000,48900,44200,1400,4000
2085,0,166500,49100,43700,1400,4000
2086,0,188000,49400,43600,1400,4000
2087,0,158500,48900,43800,1300,3900
2088,0,157200,48400,44000,1300,3800
2089,0,168900,53200,44100,1300,2900
2090,0,162300,48900,44300,1400,4000
2091,0,201800,49000,44100,1400,4100
2092,0,172300,49300,43700,1400,4000
2093,0,168600,49200,44000,1400,4000
2094,0,168700,49000,44000,1300,3900
2095,0,194500,48500,44100,1400,3100
2096,0,186700,49100,44200,1500,4000
2097,0,161000,48500,44200,1300,3800
2098,0,208600,49200,43400,1400,4000
2099,0,184200,60600,44000,1300,4100
2100,0,194800,48700,43600,1500,3000
2101,0,192800,49700,43700,1400,4100
2102,0,154900,48400,43700,1300,3000
2103,0,150300,48000,43600,1300,3700
2104,0,153500,48200,44100,1200,3900
2105,0,157700,48400,44000,1300,3800
2106,0,189600,50500,43900,1400,3900
2107,0,165500,48700,46700,1300,3900
2108,0,151300,48200,43400,1200,3700
2109,0,157300,48000,44000,1300,3700
2110,0,175000,48800,43600,1300,3900
2111,0,158900,52800,44100,1300,2700
2112,0,157500,48200,44000,1300,3700
2113,0,159900,48500,43400,1200,3800
2114,0,161200,52500,44300,1300,2900
2115,0,161300,48100,44300,1300,3900
2116,0,175600,53300,45600,1300,3800
2117,0,168000,49000,44200,1400,4000
2118,0,192300,53500,44500,1300,3000
2119,0,173700,48900,43700,1300,3900
2120,0,162300,48900,43500,1300,3900
2121,0,189400,49300,44400,1300,4000
2122,0,182900,49300,43500,1300,3900
2123,0,151900,47700,44800,1200,3900
2124,0,150100,47900,44300,1200,3800
2125,0,155500,47800,43700,1200,3800
2126,0,189200,49200,44400,1400,3900
2127,0,174500,48500,44800,1300,3900
2128,0,150100,47800,43800,1300,3800
2129,0,164700,48200,44200,1300,3900
2130,0,160100,48500,44100,1300,3800
2131,0,161400,48800,43600,1400,3800
2132,0,163100,49200,44400,1300,4000
2133,0,159600,48700,43800,1400,4100
2134,0,181100,48900,44100,1400,3900
2135,0,152900,47000,43700,1300,3800
2136,0,524600,50100,383100,1300,4000
2137,0,501800,56500,380400,1400,3000
2138,0,240600,54900,43900,1500,56300
2139,0,226600,51200,44700,1400,62000
2140,0,169600,50300,43800,1400,20500
2141,0,159300,48600,44300,1300,3800
2142,0,155200,48400,43900,1300,4000
2143,0,160700,48200,43900,1300,3800
2144,0,165300,49200,44000,1400,3900
2145,0,173600,53400,44400,1400,3000
2146,0,189100,49000,44300,1400,4000
2147,0,166500,48900,44000,1300,4100
2148,0,161800,49200,43700,1300,4000
2149,0,163000,48900,44600,1300,3900
2150,0,164800,48500,44100,1400,4000
2151,0,202500,51700,44400,1500,4000
2152,0,166200,48700,43900,1400,3900
2153,0,172200,49000,44200,1300,3900
2154,0,161900,48900,44000,1300,3900
2155,0,158300,48500,44400,1400,3900
2156,0,167600,51200,43700,1400,3700
2157,0,201400,49400,43900,1300,4000
2158,0,234900,50400,44800,1400,4100
2159,0,173900,48300,44200,1400,3900
2160,0,154300,48300,43700,1400,3700
2161,0,156600,48500,44500,1300,3800
2162,0,160800,51000,43900,1300,3900
2163,0,152600,48300,44200,1300,3900
2164,0,153900,48200,43600,1200,3800
2165,0,159000,48400,44200,1200,4000
2166,0,188100,48900,44300,1300,4100
2167,0,159100,48500,44300,1300,3900
2168,0,155400,48100,44100,1300,3900
2169,0,158300,48300,44300,1300,3800
2170,0,177000,48900,43600,1300,4000
2171,0,162800,48700,48000,1300,3900
2172,0,155300,47800,44300,1200,3800
2173,0,158600,48500,44100,1300,3900
2174,0,160500,48900,43900,1300,4000
2175,0,163600,48700,44100,1300,3900
2176,0,170900,49000,44000,1300,3800
2177,0,173400,48900,44100,1400,3000
2178,0,197900,49200,44500,1400,4000
2179,0,183600,49300,43900,1400,3900
2180,0,163600,48800,44200,1300,3900
2181,0,197100,53700,44400,1400,3100
2182,0,193400,48800,45300,1400,4000
2183,0,153700,48500,44000,1200,3900
2184,0,160600,48700,44200,1300,3800
2185,0,199500,49000,44200,1400,3900
2186,0,188200,49300,44300,1300,4200
2187,0,153900,48400,44100,1200,3800
2188,0,192600,48900,44200,1300,4100
2189,0,185100,49300,44300,1300,4000
2190,0,163400,48800,44200,1300,3900
2191,0,161500,48800,43500,1400,4000
2192,0,163000,48300,44200,1300,3900
2193,0,160200,48600,43800,1300,4000
2194,0,179400,49000,44000,1300,4100
2195,0,156200,48400,43900,1200,3900
2196,0,185000,47500,44100,1400,3900
2197,0,503900,49600,388800,1300,3700
2198,0,542500,57300,396600,1400,4000
2199,0,224000,54300,43900,1400,55900
2200,0,225800,57100,47500,1500,65500
2201,0,174200,50400,44300,1400,20700
2202,0,155200,48800,43900,1400,4100
2203,0,150700,48400,43700,1300,3800
2204,0,156800,48500,43900,1300,3900
2205,0,160700,48700,44000,1400,3800
2206,0,181500,49300,43800,1400,3900
2207,0,158900,48900,43100,1300,3900
2208,0,153400,48200,43900,1300,2700
2209,0,162100,48700,44000,1200,3800
2210,0,166300,52900,44400,1300,2800
2211,0,191400,49000,44200,2000,3700
2212,0,165600,48600,43600,1300,4000
2213,0,165300,48800,43900,1400,4000
2214,0,160600,48200,44200,1300,3900
2215,0,159400,48700,44200,1400,3900
2216,0,159700,48700,43800,1400,4000
2217,0,161600,48700,44000,1300,3900
2218,0,206400,48900,43900,1300,4100
2219,0,207700,49400,43700,1400,3900
2220,0,177500,48800,43800,1300,3900
2221,0,153800,48100,44200,1300,3900
2222,0,152000,48200,43600,1400,3600
2223,0,150400,48100,44000,1300,3700
2224,0,157800,48500,44200,1400,2900
2225,0,157500,48600,43800,1300,3900
2226,0,183900,49000,44400,1300,3200
2227,0,158300,48200,43700,1200,3800
2228,0,153300,48200,44200,1200,3900
2229,0,160800,48400,44000,1300,3900
2230,0,182800,49100,43400,1500,3900
2231,0,161200,48700,44000,1200,3800
2232,0,161000,48700,43200,1300,4000
2233,0,158200,48200,43800,1400,4000
2234,0,156100,48300,43900,1300,3900
2235,0,161000,48600,44000,1300,3800
2236,0,167400,48700,43600,1500,3800
2237,0,169600,48800,43400,1400,3900
2238,0,194300,49000,43500,1400,4000
2239,0,178800,49500,44300,1300,4100
2240,0,167900,49300,44000,1300,4000
2241,0,195900,49100,44300,1300,3900
2242,0,183600,48900,43700,1400,4000
2243,0,157000,48500,44000,1300,4000
2244,0,158400,48900,43800,1300,3900
2245,0,154500,47900,46100,1300,3800
2246,0,157100,48900,43600,1300,3700
2247,0,155100,48400,44300,1400,3800
2248,0,154600,48300,43800,1300,4000
2249,0,167900,49200,43700,1400,3900
2250,0,206000,49400,44000,1300,4100
2251,0,191100,49400,44300,1300,4000
2252,0,166700,49000,43900,1400,4000
2253,0,163800,49000,44100,1300,4100
2254,0,179500,48700,44300,1400,3000
2255,0,158200,48500,43600,1300,4100
2256,0,190300,48900,44100,1500,4000
2257,0,162300,46700,43900,1200,4000
2258,0,525700,50000,385700,1300,3900
2259,0,517100,56500,385200,1400,4100
2260,0,218200,59700,44400,1400,56500
2261,0,221800,51400,43700,1500,62000
2262,0,199200,52400,45100,1400,20700
2263,0,161000,48700,43800,1300,4100
2264,0,163500,48700,43800,1300,4000
2265,0,157700,48300,44200,1300,3800
2266,0,187200,48900,44400,1300,3900
2267,0,162400,48600,44000,1300,4000
2268,0,160300,48300,43600,1300,3800
2269,0,170400,49000,44300,1300,3900
2270,0,209200,49300,44100,1400,4000
2271,0,235100,49500,43900,1400,4200
2272,0,168200,48500,43700,1300,3900
2273,0,163000,48800,43400,1400,4000
2274,0,161000,48600,43900,1300,4000
2275,0,160000,48700,43500,1300,3900
2276,0,158400,48300,43900,1300,3800
2277,0,163200,48600,44300,1300,3900
2278,0,215700,49100,46300,1400,4000
2279,0,167300,48800,43900,1400,3800
2280,0,157400,48300,44200,1300,3800
2281,0,201500,53700,44500,1400,3000
2282,0,177600,48900,44000,1500,3900
2283,0,151500,47900,44300,1200,3700
2284,0,152600,48200,43900,1400,3800
2285,0,164200,51700,47200,1400,3900
2286,0,236800,53300,46800,2300,4600
2287,0,197400,76000,48700,2300,4100
2288,0,192000,68700,49000,2400,4600
2289,0,167900,49300,44500,1500,4600
2290,0,188700,49200,44400,1300,8000
2291,0,156900,48100,44700,1300,3900
2292,0,156900,49000,44200,1200,3800
2293,0,154000,47700,44200,1200,3800
2294,0,153500,48000,44100,1300,3800
2295,0,157200,48300,44100,1400,3700
2296,0,159500,48600,43600,1300,3800
2297,0,168300,52900,44400,1400,3900
2298,0,193100,49100,44100,1400,4200
2299,0,173600,48400,44000,1400,2900
2300,0,165200,48400,43600,1400,4000
2301,0,191100,48900,43800,1400,3000
2302,0,186800,49700,43700,1300,3900
2303,0,156900,48700,43900,1300,3900
2304,0,151900,48400,43900,1200,3700
2305,0,152700,47800,44000,1300,3800
2306,0,153800,48100,44200,1200,3800
2307,0,148900,47200,44300,1300,3800
2308,0,172500,54700,52600,1300,3800
2309,0,163500,49300,44100,1300,3900
2310,0,165600,49200,44400,1400,4000
2311,0,170200,49200,44500,1300,4100
2312,0,206800,49700,44300,1300,4000
2313,0,195400,50100,44500,1400,4000
2314,0,188000,49600,44600,1400,4100
2315,0,166600,49100,43900,1400,4000
2316,0,199700,49400,44400,1400,4100
2317,0,166800,48900,44300,1300,4000
2318,0,184200,47200,43700,1300,4000
2319,0,508800,49400,385600,1300,3800
2320,0,506000,57400,385600,1500,4300
2321,0,223200,59800,44200,1400,58100
2322,0,217100,50900,44100,1400,62100
2323,0,175000,50100,44300,1500,20600
2324,0,158900,48600,44000,1300,4200
2325,0,159900,48900,43800,1200,3900
2326,0,181200,49200,44100,1400,4100
2327,0,157400,49000,45700,1300,3900
2328,0,155000,48300,44000,1300,3900
2329,0,161100,48700,44000,1400,3000
2330,0,168400,49100,44200,1400,4100
2331,0,198900,49400,44000,1500,4100
2332,0,175000,49100,44500,1300,4100
2333,0,169000,48800,44200,1400,4000
2334,0,171700,53400,46700,1400,3100
2335,0,167200,54300,43700,1300,3800
2336,0,165900,48800,44200,1400,3900
2337,0,165900,49200,43900,1400,3900
2338,0,206900,49200,43700,1400,4100
2339,0,176200,49300,44400,1400,4100
2340,0,158400,48700,44400,1300,4000
2341,0,159900,48600,43900,1300,3900
2342,0,159700,48500,44000,1300,3900
2343,0,195000,49200,43700,1400,3800
2344,0,181200,48900,43800,1400,4000
2345,0,166500,52800,44300,1300,3000
2346,0,192600,49300,44200,1400,4100
2347,0,165100,48900,43900,1300,4000
2348,0,159500,48700,44200,1300,3900
2349,0,164800,48500,44300,1400,3900
2350,0,181800,48600,44200,1300,3900
2351,0,159700,48300,44400,1300,3800
2352,0,159200,48500,44400,1300,3800
2353,0,159300,48800,43900,1300,4000
2354,0,160600,48800,44100,1400,3900
2355,0,199400,48700,44300,1400,3900
2356,0,199400,49500,44500,1400,4100
2357,0,162900,49000,43900,1400,4100
2358,0,186600,49100,43900,1300,4000
2359,0,172700,49100,44200,1300,4000
2360,0,163400,48900,44100,1300,4000
2361,0,194600,48700,43800,1400,3900
2362,0,186800,48900,44800,1300,3900
2363,0,156300,48600,44600,1300,3800
2364,0,155500,48600,44300,1200,3800
2365,0,156200,48500,44500,1200,3700
2366,0,153200,48100,44900,1200,3700
2367,0,153900,48300,44200,1300,3900
2368,0,165200,48300,51400,2300,3800
2369,0,199600,53200,50800,1500,8600
2370,0,178100,49900,44200,1500,4100
2371,0,170200,49500,44100,1400,4000
2372,0,167900,49400,43800,1400,4100
2373,0,166500,49300,43800,1300,4100
2374,0,238500,49300,44500,1400,4000
2375,0,183300,49400,43900,1400,4000
2376,0,193500,48900,43900,1300,4100
2377,0,160000,48400,43900,1400,3800
2378,0,182300,48800,45000,1300,3800
2379,0,162700,47100,44000,1300,3700
2380,0,496500,49000,387400,1200,3800
2381,0,501400,57100,380700,1400,4300
2382,0,214900,54400,44300,1500,57700
2383,0,212400,50900,43500,1500,61900
2384,0,176500,51200,43800,1400,20700
2385,0,159900,50500,43900,1300,3900
2386,0,179600,48700,43700,1300,3900
2387,0,151700,48400,43400,1200,3800
2388,0,149500,47800,44300,1200,3600
2389,0,156100,48200,44200,1300,3800
2390,0,161000,48300,44100,1300,3900
2391,0,192300,48700,46700,1500,3300
2392,0,171000,48800,44200,1400,3900
2393,0,167000,48200,44000,1400,4000
2394,0,163300,48300,44300,1400,3900
2395,0,161100,48700,44000,1300,3900
2396,0,165200,49000,44000,1300,3900
2397,0,167100,51000,48400,3500,3900
2398,0,210300,49300,43900,1400,3900
2399,0,177900,48800,44100,1400,3900
2400,0,161900,48200,43700,1300,3800
2401,0,164400,48600,44200,1300,2900
2402,0,164700,48700,44200,1400,4000
2403,0,157700,48100,44400,1400,4000
2404,0,161100,48400,44200,1400,3900
2405,0,203100,49000,43900,1500,4000
2406,0,215500,49400,43600,1400,4100
2407,0,159300,48900,44000,1300,4000
2408,0,156500,48200,44100,1300,4000
2409,0,161200,48500,44100,1400,3900
2410,0,180300,48700,43600,1300,4000
2411,0,158200,48300,44100,1200,3900
2412,0,160700,47600,44200,1300,3800
2413,0,157500,48500,43900,1400,3900
2414,0,155700,48400,43700,1400,3900
2415,0,157600,48400,43800,1300,3900
2416,0,162100,48500,44000,1300,3900
2417,0,165800,48700,44000,1300,3900
2418,0,188100,49000,43600,1400,4000
2419,0,171200,48600,43900,1300,4200
2420,0,159600,48900,44200,1300,4000
2421,0,188900,48800,44300,1400,4000
2422,0,184100,48500,44000,1400,4100
2423,0,162200,49300,44500,1300,4000
2424,0,157200,48200,44800,1300,3900
2425,0,162300,48500,44100,1200,4100
2426,0,160200,48600,45100,1300,4000
2427,0,168400,53500,44000,1400,3900
2428,0,158100,49400,44700,1300,3900
2429,0,170300,49200,43900,1300,4000
2430,0,169600,49000,43900,1400,4000
2431,0,172000,49000,45500,1300,4200
2432,0,185600,49100,44600,1500,4100
2433,0,171700,49300,44100,1400,4000
2434,0,190900,49400,45600,1300,4100
2435,0,170400,48700,44200,1300,3900
2436,0,233100,49200,44200,1400,4100
2437,0,188700,49400,44100,1400,4100
2438,0,188900,48400,43700,1400,3800
2439,0,169100,48300,44100,1300,3800
2440,0,194200,47400,44000,1300,3900
2441,0,537400,50600,385800,1400,4200
2442,0,499400,56400,379800,1400,4100
2443,0,212100,54200,44300,1500,56400
2444,0,217700,51200,44000,1500,61900
2445,0,178300,50000,44200,1400,20600
2446,0,191900,49000,53700,2400,4000
2447,0,191900,54100,61900,4600,4500
2448,0,156900,50300,45600,1300,3900
2449,0,163000,55000,44700,1200,2900
2450,0,162600,49500,45200,1300,3800
2451,0,205900,55300,47200,2300,3900
2452,0,189600,51000,47100,1400,4500
2453,0,189700,52300,45000,2300,4900
2454,0,170700,49800,45200,1400,4100
2455,0,164400,49500,44600,1300,4100
2456,0,167400,49100,44800,1300,3900
2457,0,171500,54400,45800,1400,3800
2458,0,219900,49800,44700,1400,3900
2459,0,170200,48400,44000,1300,3900
2460,0,159100,48000,44200,1300,3900
2461,0,159700,48300,44200,1300,3900
2462,0,153900,48300,43700,1300,3800
2463,0,156700,48600,43800,1300,3900
2464,0,159600,52700,44400,1200,3100
2465,0,160200,48700,43500,1400,4000
2466,0,198100,51200,45700,2100,5000
2467,0,201800,49800,45600,1400,4000
2468,0,191100,53100,47000,2300,4000
2469,0,170400,50800,44100,1400,4600
2470,0,180200,49000,43900,1400,4100
2471,0,168700,49000,54100,1300,3900
2472,0,160700,49300,44400,1400,3200
2473,0,158800,48200,44300,1300,3800
2474,0,156000,48800,45100,1300,3800
2475,0,158500,48300,43400,1300,3800
2476,0,164100,48400,43900,1300,3800
2477,0,161600,49000,43700,1300,4100
2478,0,217800,52200,46400,2300,4800
2479,0,178400,49400,43800,1400,4200
2480,0,164200,48400,48200,1300,3900
2481,0,187300,48700,44100,1400,4000
2482,0,183500,48800,44100,1300,3200
2483,0,153400,48300,43700,1300,3800
2484,0,159100,48200,44100,1200,3700
2485,0,169200,48500,44300,1400,3800
2486,0,160900,48500,44000,1300,3900
2487,0,162600,48400,44100,1400,3800
2488,0,162400,48800,44000,1200,3900
2489,0,169900,48600,43900,1300,4000
2490,0,167900,48900,43800,1400,3800
2491,0,170500,49000,43900,1400,4100
2492,0,173300,49000,43900,1400,4100
2493,0,166300,48900,44000,1300,3900
2494,0,190500,49200,44000,1300,4100
2495,0,162300,49000,44000,1400,4000
2496,0,191600,48700,43900,1400,4000
2497,0,165300,49000,43500,1300,4000
2498,0,226300,49300,44100,1400,4200
2499,0,192800,49000,44300,1400,3900
2500,0,153100,48400,43600,1300,3800
2501,0,154000,46900,44000,1300,3700
2502,0,509000,49300,395100,1300,3900
2503,0,514500,57500,392700,1400,4200
2504,0,219300,55000,43800,1500,58400
2505,0,224800,51100,44000,1500,62600
2506,0,202000,50400,45200,1500,20600
2507,0,162100,48800,43800,1300,4200
2508,0,152700,48800,44200,1300,3900
2509,0,158600,48900,44000,1400,4000
2510,0,165400,50400,45500,1300,3800
2511,0,194500,48900,45100,1400,4100
2512,0,164500,49700,43800,1300,4000
2513,0,161700,48600,43900,1300,4000
2514,0,160500,48800,44200,1400,4000
2515,0,160900,48400,43900,1400,3900
2516,0,172500,50100,43700,1400,4000
2517,0,176200,48700,44600,1400,4000
2518,0,216000,49300,44300,1400,4100
2519,0,183400,50200,45000,1400,4100
2520,0,163200,49100,44600,1400,3900
2521,0,163200,49200,44400,1400,3900
2522,0,163100,49100,44400,1500,3800
2523,0,160600,49000,44200,1300,3900
2524,0,162400,48800,44400,1200,4000
2525,0,209200,49600,44800,1300,4200
2526,0,228300,49600,43900,1400,4000
2527,0,170500,51300,50000,1300,3900
2528,0,168100,51500,45400,1400,3900
2529,0,224600,53000,53600,2500,4100
2530,0,250900,53600,45700,2300,4900
2531,0,168200,51400,45100,1400,4100
2532,0,158300,48400,45000,1300,4000
2533,0,156300,48500,44300,1300,3700
2534,0,155100,48400,43900,1400,3800
2535,0,157100,48300,44100,1400,3800
2536,0,159800,47700,44000,1300,3900
2537,0,165300,48600,44100,1400,3900
2538,0,186700,48400,43400,1400,3900
2539,0,170000,48600,43900,1300,4000
2540,0,158500,48300,44300,1300,3900
2541,0,186800,48300,43800,1300,4000
2542,0,180400,48400,44000,1300,4000
2543,0,148200,47300,43900,1200,3800
2544,0,147300,47900,43800,1300,3700
2545,0,150700,48100,43900,1200,3700
2546,0,154000,47900,44200,1300,3800
2547,0,155700,48100,45000,1300,3700
2548,0,169600,56000,44100,1300,3800
2549,0,167200,49100,43900,1300,3900
2550,0,170200,49300,44200,1400,4200
2551,0,177700,48900,44300,1300,4000
2552,0,166800,48600,43500,1400,4000
2553,0,174900,48600,44300,1400,3900
2554,0,187000,48900,43900,1300,4200
2555,0,157700,48400,44000,1300,3900
2556,0,204600,49500,44200,1300,4000
2557,0,160800,48700,43400,1400,3900
2558,0,215000,52800,45600,2300,4700
2559,0,179600,49500,44100,1400,4000
2560,0,221100,52900,46100,2300,4800
2561,0,198900,51300,45500,1400,4200
2562,0,170700,50700,45200,2300,4600
2563,0,744300,49600,628900,1300,3900
2564,0,690900,58300,565700,1400,4100
2565,0,229000,55000,44500,1400,64200
2566,0,246400,51100,43900,1500,65900
2567,0,172600,49600,44200,1400,20900
2568,0,152800,48700,43800,1200,4000
2569,0,166300,48700,44200,1300,4000
2570,0,168000,48600,44100,1400,3900
2571,0,198600,49000,43700,1500,4100
2572,0,170800,48500,44100,1300,4100
2573,0,166400,48100,44000,1400,4100
2574,0,159900,48700,44100,1300,4000
2575,0,156700,48400,43900,1300,3800
2576,0,162100,48600,43900,1300,4000
2577,0,166900,49000,44100,1300,3800
2578,0,219200,49400,43800,1300,4000
2579,0,176100,48700,44300,1300,3900
2580,0,163200,48500,43500,1300,3800
2581,0,164800,48800,44000,1400,4000
2582,0,168400,48400,43700,1300,3900
2583,0,158100,48900,44100,1300,3800
2584,0,164900,48500,43900,1300,3900
2585,0,165800,48700,43800,1400,4000
2586,0,187600,48600,43600,1400,3100
2587,0,167700,49400,44200,1400,4000
2588,0,161600,48700,43300,1300,3900
2589,0,162800,49000,44200,1400,3800
2590,0,189200,48700,44100,1400,3900
2591,0,200000,49300,43800,1400,3900
2592,0,185100,49300,43900,1400,3900
2593,0,158500,47800,44200,1200,3900
2594,0,156100,47600,44400,1300,3900
2595,0,160300,48100,44300,1400,3900
2596,0,164700,48600,43900,1500,4000
2597,0,163800,48700,43700,1400,4100
2598,0,198400,50200,48500,1300,4200
2599,0,200600,52200,45400,2400,4900
2600,0,169100,49100,44400,1300,4100
2601,0,202500,49600,45500,1400,4000
2602,0,191700,49200,44200,1400,4200
2603,0,157600,48100,46000,1200,3800
2604,0,157700,48700,43900,1300,3800
2605,0,149400,47800,43600,1200,3700
2606,0,153300,47900,44500,1200,3600
2607,0,155500,47900,44000,1400,3800
2608,0,165800,48400,43800,1300,3800
2609,0,175700,49400,44000,1400,3900
2610,0,233700,59200,48500,1400,4000
2611,0,224600,49900,43900,1400,4100
2612,0,172600,49200,44100,1300,4100
2613,0,169100,49000,43900,1300,4100
2614,0,185200,48900,44100,1400,4000
2615,0,160900,48000,44200,1300,4000
2616,0,193600,48700,44300,1400,3900
2617,0,159100,48100,43900,1300,4000
2618,0,186300,48800,43800,1400,3900
2619,0,167600,48500,44300,1300,3800
2620,0,152400,47700,44100,1300,3800
2621,0,158100,48500,43800,1300,3900
2622,0,194800,49400,44300,1300,4000
2623,0,174800,47300,44000,1300,3900
2624,0,656700,49300,543800,1200,3900
2625,0,629900,57500,504600,1500,4100
2626,0,241000,54800,44600,1600,57800
2627,0,215100,51400,44300,1400,61600
2628,0,169900,50300,44300,1400,20400
2629,0,157100,48500,43700,1300,4100
2630,0,159000,48500,44000,1400,4000
2631,0,186800,49700,42900,1400,2900
2632,0,162000,48600,44000,1300,3800
2633,0,165200,53000,44400,1300,2800
2634,0,154400,48400,43800,1300,3900
2635,0,152100,48000,43600,1300,3900
2636,0,156500,48300,43800,1300,4000
2637,0,157200,48500,44000,1300,3800
2638,0,204000,49300,44000,1400,4100
2639,0,170100,48200,44400,1300,3800
2640,0,161900,49500,46200,1300,3800
2641,0,163000,50200,44800,1300,3700
2642,0,159400,48600,44000,1300,3900
2643,0,157000,48300,44000,1300,3800
2644,0,162800,52700,44300,1300,2800
2645,0,161700,49000,44200,1300,3900
2646,0,188800,48900,44200,1400,4100
2647,0,160200,48300,44100,1400,4000
2648,0,154300,48400,43600,1200,3800
2649,0,162900,48800,44100,1300,3800
2650,0,179100,48500,44400,1300,4100
2651,0,158000,48800,43900,1300,3800
2652,0,158500,48400,43900,1300,3800
2653,0,198300,49200,44000,1400,3800
2654,0,184900,49500,43800,1400,4000
2655,0,170800,48900,44300,1300,4000
2656,0,163000,49000,43900,1400,2900
2657,0,169300,49200,43900,1400,4000
2658,0,192400,49400,43900,1300,4100
2659,0,172800,49000,44000,1400,4100
2660,0,160600,48800,43800,1300,3900
2661,0,191500,48200,44400,1400,3900
2662,0,180500,48900,44200,1300,4100
2663,0,151700,48100,44000,1300,3700
2664,0,154100,48200,43800,1200,3700
2665,0,151800,48100,44300,1200,3600
2666,0,149700,48000,44100,1300,3700
2667,0,150400,47800,44300,1300,3600
2668,0,152100,48200,44000,1300,3700
2669,0,162200,48400,44300,1400,3900
2670,0,173300,51000,46100,1500,3900
2671,0,176800,49200,44200,1400,6700
2672,0,174900,49400,44300,1400,3900
2673,0,171900,49200,44400,1300,4000
2674,0,186400,49300,44000,1400,4000
2675,0,167400,48800,44400,1300,4100
2676,0,192000,49200,44000,1400,4000
2677,0,165700,49000,43700,1400,4100
2678,0,191000,50500,45800,1300,3900
2679,0,174400,50100,44400,2500,3800
2680,0,160600,49400,44000,1300,4000
2681,0,166000,50200,45300,1400,4100
2682,0,159500,48500,43700,1300,3900
2683,0,159200,48600,43800,1200,3900
2684,0,199400,48700,43900,1400,4100
2685,0,644600,50400,501900,1300,4000
2686,0,630700,60200,462900,2400,4800
2687,0,234200,54600,48900,1500,59000
2688,0,257600,65600,45600,2300,79200
2689,0,193300,50800,44700,1500,21100
2690,0,164600,49200,43600,1400,4100
2691,0,203600,49100,44400,1500,4100
2692,0,165100,49000,43900,1400,3000
2693,0,163700,48900,44000,1400,2900
2694,0,162600,48700,43700,1400,3900
2695,0,204000,49400,44200,1400,4000
2696,0,195300,49400,43800,1400,3200
2697,0,161500,48500,44000,1300,3900
2698,0,206000,48900,43600,1400,3900
2699,0,167300,48600,44300,1300,3900
2700,0,156100,48100,44100,1300,3900
2701,0,161500,53000,44300,1300,2700
2702,0,158800,48400,43700,1400,3900
2703,0,157400,48700,43500,1300,3800
2704,0,160600,48600,43600,1200,4000
2705,0,174800,58500,43100,1400,3900
2706,0,195700,48900,44100,1400,4000
2707,0,159500,48300,44200,1300,3800
2708,0,162800,52400,44500,1400,3800
2709,0,163200,48600,43800,1400,3800
2710,0,181800,49000,43600,1300,4000
2711,0,162200,48300,43800,1300,3900
2712,0,156900,48300,43700,1300,3900
2713,0,157600,48300,43900,1300,3800
2714,0,158000,48400,43800,1200,3900
2715,0,197200,48300,44000,1400,4000
2716,0,185900,49100,43900,1400,4000
2717,0,162600,48700,44000,1300,4000
2718,0,184500,49000,43900,1300,3000
2719,0,169400,48600,44500,1300,4000
2720,0,158500,48600,44200,1300,4000
2721,0,186000,48700,44200,1300,4000
2722,0,177900,48400,44500,1300,3900
2723,0,152400,47800,44100,1300,3700
2724,0,146200,47900,43900,1300,3700
2725,0,147200,47100,43900,1200,3700
2726,0,147400,47900,43400,1200,3700
2727,0,151900,52000,44400,1200,3600
2728,0,148500,47700,43600,1300,3700
2729,0,161200,48300,44500,1300,3800
2730,0,159600,48600,44100,1400,4000
2731,0,164500,48600,45200,1300,4000
2732,0,170400,49600,45800,1500,4200
2733,0,166500,48600,44100,1300,4000
2734,0,180300,49400,43600,1400,4000
2735,0,162800,48700,43900,1400,3900
2736,0,193200,48900,43800,1400,4000
2737,0,164100,48700,44000,1400,3800
2738,0,187100,53400,43400,1300,3000
2739,0,175300,48700,44100,1300,3200
2740,0,164400,48600,44300,1300,3800
2741,0,161000,48300,44000,1300,3900
2742,0,166100,48800,43700,1400,3900
2743,0,159800,48800,44300,1300,4000
2744,0,160200,48300,43900,1300,4000
2745,0,162800,46900,44100,1300,3900
2746,0,638800,50500,460200,1400,4000
2747,0,578800,57500,431500,1400,4100
2748,0,220100,54600,48400,1400,57100
2749,0,220600,51400,44400,1400,61900
2750,0,180600,50600,43800,1400,21000
2751,0,195400,49000,46000,1300,4100
2752,0,163900,48400,44000,1400,3800
2753,0,162400,49200,43700,1400,4000
2754,0,158300,48700,43800,1300,4000
2755,0,156400,48600,44300,1300,3900
2756,0,159400,48700,43300,1300,3900
2757,0,160700,48300,43700,1300,3800
2758,0,205800,49100,43400,1300,4000
2759,0,167300,48200,42400,1300,3900
2760,0,154100,47900,44200,1300,3800
2761,0,162100,51600,43800,1300,3800
2762,0,157700,48600,43800,1400,4000
2763,0,157800,48600,43900,1300,3900
2764,0,162300,48700,43800,1300,3900
2765,0,164400,48700,44000,1400,3300
2766,0,195100,49400,43900,1400,4000
2767,0,166100,48600,44100,1300,4000
2768,0,162700,48600,43600,1300,3900
2769,0,162800,48900,43600,1300,3900
2770,0,184200,49200,43600,1300,3900
2771,0,168200,48500,44500,1300,4000
2772,0,163300,48500,43700,1300,3900
2773,0,167500,48500,44100,1300,4000
2774,0,162300,48900,43300,1400,3300
2775,0,166000,53700,44100,1300,3700
2776,0,178900,50400,50700,5400,4000
2777,0,217700,53100,46700,1300,4100
2778,0,265900,52600,47700,2300,3700
2779,0,200900,52500,48100,2300,4700
2780,0,213300,49700,43900,1500,4000
2781,0,235800,50100,49600,1400,4000
2782,0,181700,49000,44000,1300,4100
2783,0,148800,48100,43900,1200,3800
2784,0,147400,47400,44300,1200,3700
2785,0,148600,47900,44000,1300,3700
2786,0,148300,48000,44000,1200,3600
2787,0,147500,47800,43800,1400,3700
2788,0,149300,47100,44000,1300,3700
2789,0,163000,52800,44100,1300,3000
2790,0,161700,48000,44300,1400,3900
2791,0,162300,48400,43900,1200,4000
2792,0,162000,48800,43700,1400,3700
2793,0,165700,49000,43900,1300,4100
2794,0,184500,48600,43700,1300,4000
2795,0,162300,48700,43500,1300,4000
2796,0,195800,49200,44300,1400,4100
2797,0,164600,48600,43800,1300,3900
2798,0,188100,48500,44000,1300,4000
2799,0,170900,48300,44200,1300,3900
2800,0,153100,48000,44000,1300,3800
2801,0,157900,48400,43900,1300,3900
2802,0,157300,48200,43900,1300,4000
2803,0,152500,48200,44200,1300,3800
2804,0,159700,48300,43200,1300,3700
2805,0,159000,48800,44000,1300,3900
2806,0,176400,47000,43900,1300,3200
2807,0,540100,49600,425600,1300,3800
2808,0,569400,56500,413300,1600,4100
2809,0,243200,54400,44000,1500,57700
2810,0,221600,51000,44200,1500,62400
2811,0,209800,50100,44000,1600,20700
2812,0,166600,47900,44000,1400,5800
2813,0,160500,48600,43900,1300,4000
2814,0,156400,48600,44300,1300,4000
2815,0,153200,48100,44200,1400,3800
2816,0,157100,47900,44200,1200,3800
2817,0,157200,48600,44100,1300,3800
2818,0,210200,48600,45100,1400,4000
2819,0,165400,48800,43500,1300,3700
2820,0,152300,47900,44000,1200,3600
2821,0,153500,48300,44100,1300,3700
2822,0,155600,48900,44900,1300,3700
2823,0,151600,48300,43900,1300,3700
2824,0,161600,49600,43900,1300,4000
2825,0,172200,48900,44200,1400,3900
2826,0,197000,49200,44000,1400,4000
2827,0,170400,48800,43900,1400,4100
2828,0,163300,48600,43400,1400,3800
2829,0,167200,49000,44100,1300,3800
2830,0,187200,49100,44200,1400,3900
2831,0,160300,48500,43900,1300,3900
2832,0,161700,48500,44000,1300,3800
2833,0,164200,48700,44000,1300,4000
2834,0,158000,48700,44300,1300,3900
2835,0,165000,49000,44300,1300,4000
2836,0,166400,48900,44100,1300,3900
2837,0,165400,47800,43700,1400,4000
2838,0,194000,49300,43800,1400,4100
2839,0,214300,49400,44000,1400,4200
2840,0,185900,49100,44100,1400,4100
2841,0,189200,49000,43800,1400,4000
2842,0,182300,48900,44100,1400,4100
2843,0,150700,48100,44000,1300,3800
2844,0,149400,47800,43500,1200,3700
2845,0,152700,47900,45800,1200,3700
2846,0,151100,48100,44100,1300,3700
2847,0,151300,48200,44000,1300,3900
2848,0,151900,47800,44100,1300,3700
2849,0,160400,48500,44200,1400,3900
2850,0,162300,48500,44100,1400,4000
2851,0,168100,53100,44400,1300,3100
2852,0,163900,48600,43900,1400,4100
2853,0,162600,48800,43900,1300,4000
2854,0,176700,49000,44200,1400,4000
2855,0,160900,48800,44000,1400,3900
2856,0,196700,48500,44000,1400,3900
2857,0,178900,48800,48500,1400,4000
2858,0,191800,48700,44100,1300,4000
2859,0,178100,48900,43700,1400,3900
2860,0,156800,47600,44000,1300,2800
2861,0,176300,51300,43700,1400,3800
2862,0,160200,48600,44000,1300,3900
2863,0,160200,49000,43900,1300,3900
2864,0,166400,48400,43900,1300,3900
2865,0,204600,49100,46100,1400,4100
2866,0,264800,56100,48700,2400,4100
2867,0,161800,47900,44600,1400,4300
2868,0,544300,49900,427400,1300,3900
2869,0,531000,58400,399200,1500,4100
2870,0,270300,54900,43700,1400,59800
2871,0,284900,55400,44700,1600,62800
2872,0,183700,51500,44300,1400,20600
2873,0,162200,48500,44500,1400,4000
2874,0,155000,48200,44100,1300,3900
2875,0,153700,48100,44300,1300,3600
2876,0,156200,48000,43700,1200,3700
2877,0,156300,48000,44200,1300,3900
2878,0,204400,49000,43500,1400,3900
2879,0,166000,48200,44300,1300,3800
2880,0,153000,48300,43900,1200,3700
2881,0,153700,48400,43800,1300,3700
2882,0,152100,47900,43900,1300,3800
2883,0,151100,49500,43700,1200,3800
2884,0,152700,48000,44200,1200,3700
2885,0,156700,48200,43400,1300,3900
2886,0,188500,49100,43700,1300,4100
2887,0,160400,48600,43800,1300,4000
2888,0,156400,48300,43600,1300,2900
2889,0,165500,49100,43800,1300,3800
2890,0,183100,48900,44100,1300,4000
2891,0,161600,48300,43800,1300,3800
2892,0,163400,52700,44400,1300,2800
2893,0,163400,48400,43900,1300,5300
2894,0,158200,48600,43500,1400,3800
2895,0,160600,48700,43500,1300,3800
2896,0,160400,48500,43700,1300,3800
2897,0,167200,48800,43700,1300,4000
2898,0,185500,49000,43500,1400,3100
2899,0,170900,48600,44300,1300,3900
2900,0,161900,48500,44100,1300,3800
2901,0,226100,49200,44100,1400,3200
2902,0,203700,49000,44100,1400,4000
2903,0,150200,49100,43800,1300,3800
2904,0,148700,47500,45100,1200,3700
2905,0,147200,47600,44100,1300,3600
2906,0,151100,49700,44600,1300,3600
2907,0,148200,47800,44200,1300,3700
2908,0,150700,47800,44200,1200,3700
2909,0,162800,48700,43800,1400,3800
2910,0,169100,48500,44500,1400,4000
2911,0,172400,53300,45300,1300,2900
2912,0,171100,49200,43500,1400,4000
2913,0,165100,48500,44200,1300,4100
2914,0,179000,48800,44100,1400,4100
2915,0,155200,48200,43700,1400,2900
2916,0,187300,49300,44000,1300,3900
2917,0,162800,48400,44000,1300,3900
2918,0,188300,48900,43800,1300,4000
2919,0,176600,49200,44400,1300,4000
2920,0,159600,48700,44600,1300,4000
2921,0,164800,48700,43900,1300,3700
2922,0,163700,48800,45100,1300,3900
2923,0,160800,48600,44000,1300,3900
2924,0,159600,48400,43900,1300,3800
2925,0,163300,48400,44100,1400,3800
2926,0,184400,49200,44100,1400,4000
2927,0,161600,48900,44000,1300,3900
2928,0,156900,47200,44300,1300,4000
2929,0,519200,49900,400800,1300,4000
2930,0,520200,56700,391400,1400,4200
2931,0,254300,54600,44100,2200,55900
2932,0,268000,51300,44400,1500,62500
2933,0,206700,50500,44200,1400,20600
2934,0,159200,48000,44200,1200,4100
2935,0,156200,48700,43800,1300,3900
2936,0,161100,49100,43800,1300,4000
2937,0,158500,48500,44000,1300,4000
2938,0,206600,48800,43900,1300,4100
2939,0,168700,48700,44300,1300,3900
2940,0,160000,52900,44400,1300,3800
2941,0,163400,47700,44100,1300,3900
2942,0,159800,48100,44100,1400,3900
2943,0,168300,59900,44800,1400,3800
2944,0,162800,48800,44300,1400,4000
2945,0,159600,48700,43700,1300,4000
2946,0,189800,48700,44300,1500,4000
2947,0,159700,48500,44000,1400,3900
2948,0,158900,48600,44200,1200,3900
2949,0,171100,49400,46600,1300,4000
2950,0,287300,51500,44500,1500,4200
2951,0,202500,49700,44900,1400,4000
2952,0,164500,48800,44000,1300,4000
2953,0,166500,48700,45100,1300,3900
2954,0,171800,53500,45000,1400,3900
2955,0,161100,48600,43900,1400,3900
2956,0,165300,48300,44100,1300,3800
2957,0,168600,48700,43800,1400,3900
2958,0,189600,49000,44600,1300,4100
2959,0,175800,48800,43800,1300,4100
2960,0,162300,48600,44000,1400,4000
2961,0,189100,48700,44100,1300,3900
2962,0,183400,49000,43800,1400,4000
2963,0,189600,49000,43700,1300,4000
2964,0,173100,48900,43700,1300,3900
2965,0,148500,48100,44000,1300,3700
2966,0,148700,47700,44500,1200,3600
2967,0,148000,47900,44100,1200,3600
2968,0,149300,47400,44000,1200,3700
2969,0,160000,48700,43800,1300,3800
2970,0,161900,48400,44000,1400,3800
2971,0,162700,48400,43700,1300,3800
2972,0,163400,48300,44000,1300,3900
2973,0,161300,48500,43900,1300,4000
2974,0,176300,48700,43200,1300,4000
2975,0,154800,48600,43300,1300,3900
2976,0,184600,48300,43700,1300,3900
2977,0,157500,48600,43500,1300,3700
2978,0,179800,48600,44000,1200,3800
2979,0,165100,48700,43800,1200,3700
2980,0,155400,47900,44200,1200,3700
2981,0,159100,48500,43600,1400,3700
2982,0,159700,48600,44000,1300,3800
2983,0,158600,48200,44200,1400,3800
2984,0,161300,48100,44300,1300,3800
2985,0,167100,48600,43800,1400,3800
2986,0,182900,53100,44500,1300,2900
2987,0,156700,48200,43500,1200,3900
2988,0,155000,48200,43900,1200,3800
2989,0,154600,47100,42900,1200,3700
2990,0,516100,49400,395900,1300,3800
2991,0,542200,56900,386400,1400,4100
2992,0,224800,54800,44500,1400,56500
2993,0,228200,51000,44400,1500,62300
2994,0,222100,50300,44100,1500,20900
2995,0,192500,49300,44000,1400,4000
2996,0,165500,48600,45200,1300,3900
2997,0,165800,48800,44000,1400,4000
2998,0,213900,52100,43900,1300,4100
2999,0,170700,48900,44000,1300,3900
3000,0,155800,48100,44400,1200,3800
3001,0,155400,48300,43600,1400,3800
3002,0,159600,51600,44500,1300,3700
3003,0,154800,48900,44200,1300,3800
3004,0,155600,48700,43900,1300,3900
3005,0,159200,48700,43400,1300,3900
3006,0,191300,48600,44000,1400,4100
3007,0,158100,48700,43900,1400,3900
3008,0,155000,48600,44000,1300,3900
3009,0,158500,48000,44200,1400,3800
3010,0,179700,48900,43700,1400,4000
3011,0,162800,48800,44000,1300,4100
3012,0,164300,48500,44000,1400,4000
3013,0,163600,48200,44200,1300,4000
3014,0,161800,48400,43900,1400,4000
3015,0,165300,48700,44300,1400,3800
3016,0,173100,48400,43900,1400,3900
3017,0,170800,49300,44200,1400,4100
3018,0,191100,49100,43400,1400,4100
3019,0,177600,49200,43900,1400,4100
3020,0,161700,48900,43900,1400,4000
3021,0,194400,49700,44000,1400,4000
3022,0,182300,48900,43800,1300,4100
3023,0,154100,48300,44300,1200,4000
3024,0,154000,48100,43900,1200,3800
3025,0,191500,49000,44000,1500,3900
3026,0,192900,60800,44400,1400,4000
3027,0,160500,51500,44300,1300,3900
3028,0,156200,48400,43900,1300,3900
3029,0,167900,49200,43800,1400,4100
3030,0,163100,48500,43800,1300,4000
3031,0,167200,48800,44100,1400,4000
3032,0,167500,49000,43900,1400,4000
3033,0,165200,48900,43600,1300,4100
3034,0,184100,49200,43600,1300,4000
3035,0,202200,53000,44600,1300,3100
3036,0,224200,49300,43500,1500,4100
3037,0,158700,48400,43900,1300,3900
3038,0,213800,55400,51400,1400,3900
3039,0,193900,58800,47300,2300,4800
3040,0,184100,54900,51400,2200,4900
3041,0,165300,49300,44900,1400,4000
3042,0,159800,48500,44300,1300,3200
3043,0,159900,49000,44400,1300,3900
3044,0,182300,52300,46000,2200,4800
3045,0,189300,51800,46400,2300,4800
3046,0,215200,53000,46600,2400,4900
3047,0,166800,50400,45100,1400,3200
3048,0,162000,50100,48000,3600,3800
3049,0,168100,49700,46000,1400,3800
3050,0,168100,48100,45100,1400,4000
3051,0,549300,50400,398200,1500,3800
3052,0,537200,57800,396000,1400,4200
3053,0,295100,62500,47100,2300,99900
3054,0,231700,52200,44400,1400,64600
3055,0,179600,50200,44300,1400,20500
3056,0,213100,54900,47300,1400,4100
3057,0,183900,49200,43500,1400,4000
3058,0,213100,53700,44800,1300,2800
3059,0,167000,48700,44100,1200,3900
3060,0,154000,47900,44200,1300,3700
3061,0,153800,48300,44100,1300,3800
3062,0,153600,48500,44300,1300,3700
3063,0,154700,48400,45700,1300,3700
3064,0,152000,48200,43800,1200,2800
3065,0,158500,48600,44000,1400,3900
3066,0,187000,48400,44200,1300,3900
3067,0,155700,48100,44300,1300,3800
3068,0,152400,47600,44500,1300,3700
3069,0,156100,48400,43500,1300,3800
3070,0,180100,48400,43900,1300,3100
3071,0,158100,48600,44000,1300,3800
3072,0,160700,49100,47800,3000,3700
3073,0,159900,48600,43600,1300,3700
3074,0,161400,48800,44300,1300,3900
3075,0,162200,48400,43700,2800,3900
3076,0,167500,48800,44300,1300,3900
3077,0,169900,48600,44000,1400,3900
3078,0,196400,49100,44000,1400,4200
3079,0,178900,48800,44000,1400,3900
3080,0,172000,49000,43800,1300,3900
3081,0,201900,48500,44400,1300,4000
3082,0,188000,48700,44000,1400,4000
3083,0,159500,48800,43700,1300,4100
3084,0,157800,48500,43500,1300,2900
3085,0,152000,48500,44100,1300,3900
3086,0,155600,48200,43800,1200,3800
3087,0,193300,48900,44100,1400,4000
3088,0,179500,48600,44200,1500,3900
3089,0,167600,50600,46400,1300,3900
3090,0,185100,51500,45500,2300,4700
3091,0,170800,48500,44000,1400,4100
3092,0,170400,49000,46100,1400,4000
3093,0,166100,49600,43900,1400,4000
3094,0,184900,48900,44100,1300,4100
3095,0,159300,48200,44100,1300,3900
3096,0,191200,49100,43900,1400,4000
3097,0,161800,49000,43900,1400,4000
3098,0,183000,48300,44100,1400,3900
3099,0,172100,48900,48900,1300,3900
3100,0,156600,48900,44300,1200,4400
3101,0,155800,47600,44300,1300,3700
3102,0,155500,48500,43700,1300,3900
3103,0,155500,48400,43600,1300,4000
3104,0,163000,48700,44200,1300,4100
3105,0,165600,48600,44100,1300,3900
3106,0,196100,49200,44400,1300,4000
3107,0,162200,48800,44200,1300,4000
3108,0,159900,48200,44500,1300,3800
3109,0,165700,48400,44200,1400,3900
3110,0,165700,49200,44000,1400,4000
3111,0,210700,52200,44800,1400,3000
3112,0,529200,50200,395300,1400,4000
3113,0,527500,57200,390800,1400,4000
3114,0,236500,60000,44400,1500,57800
3115,0,220100,51000,43800,1500,62600
3116,0,184700,51000,44100,1300,20800
3117,0,168300,49100,45000,1300,4100
3118,0,316000,54100,59100,6600,4500
3119,0,210900,51400,44500,1500,4100
3120,0,233000,52900,45100,2300,4900
3121,0,208600,49800,45600,1500,4100
3122,0,175200,51600,46400,2300,4800
3123,0,170200,51800,45400,2200,4800
3124,0,161300,49400,44500,1300,4100
3125,0,166200,49100,44000,1400,4000
3126,0,188700,48700,43900,1400,4100
3127,0,158000,48600,44900,1300,3900
3128,0,152500,48200,43600,1300,3700
3129,0,161100,53100,44500,1300,2800
3130,0,180000,48500,44500,1300,3900
3131,0,157100,48300,45600,1300,3800
3132,0,156100,48300,44100,1200,3800
3133,0,156500,50100,43800,1200,3800
3134,0,156700,49900,44000,1300,3700
3135,0,164600,50600,44900,1200,3800
3136,0,186200,51400,45800,2300,4600
3137,0,177700,50100,45500,1400,4000
3138,0,197000,49100,44200,1400,4000
3139,0,178400,48900,44000,1400,4100
3140,0,168300,49900,45100,1300,4000
3141,0,192000,48800,44300,1400,4200
3142,0,187100,53200,44500,1400,3000
3143,0,154400,48100,44100,1200,3900
3144,0,150700,48900,44700,1200,3600
3145,0,163300,56800,43800,1300,2800
3146,0,152000,48800,43700,1200,3800
3147,0,150800,48300,44300,1300,3800
3148,0,159000,53500,45000,1200,2800
3149,0,202500,48800,44200,1500,4000
3150,0,190100,49100,45300,1400,4000
3151,0,166700,49500,44300,1300,4000
3152,0,164000,48500,44200,1400,3900
3153,0,160900,48400,43800,1300,3800
3154,0,181100,48400,44300,1300,4100
3155,0,155400,48000,44100,1300,3900
3156,0,190100,48400,47700,1300,3900
3157,0,156700,48200,44200,1200,3800
3158,0,185600,48500,43900,1200,3800
3159,0,163500,48700,44000,1200,3900
3160,0,147100,47600,43600,1200,2800
3161,0,153300,48200,44100,1300,3800
3162,0,151900,47800,44000,1300,3800
3163,0,151700,48300,43300,1300,3700
3164,0,158800,48300,43800,1300,3800
3165,0,167600,48600,44400,1300,3900
3166,0,185900,50000,42800,1500,3100
3167,0,165900,48600,43000,1300,4000
3168,0,163400,52900,44400,1400,2900
3169,0,166400,48900,44300,1400,4000
3170,0,166800,48200,43800,1400,3900
3171,0,198100,49100,43600,1400,3900
3172,0,165600,47000,43600,1300,3900
3173,0,517500,49600,392400,1300,4100
3174,0,522000,57400,391500,1500,4200
3175,0,217600,54200,43600,1500,58400
3176,0,273400,58900,45600,2400,91600
3177,0,194300,51900,44700,1600,21500
3178,0,218000,50300,43600,1400,4000
3179,0,179900,49100,44200,1400,3900
3180,0,199900,48700,44300,1400,3900
3181,0,183200,49700,43900,1400,4100
3182,0,157500,48600,43800,1300,3800
3183,0,164000,49200,44200,1400,3000
3184,0,155600,48200,44500,1300,3000
3185,0,165400,49600,44300,1400,4100
3186,0,189600,48600,43900,1400,4000
3187,0,160100,48600,44000,1300,3900
3188,0,156300,48500,44200,1400,3900
3189,0,157700,48600,44100,1300,2900
3190,0,181400,48800,43800,1500,3900
3191,0,158800,48600,43600,1300,4000
3192,0,157100,48600,43900,1300,3900
3193,0,158100,48400,43900,1300,3900
3194,0,154300,47900,44100,1300,3000
3195,0,159400,48700,43900,1300,3700
3196,0,169300,48900,43700,1400,4000
3197,0,175900,49200,44200,1400,4200
3198,0,198500,49000,43900,1300,3900
3199,0,187700,49200,43900,1500,2900
3200,0,166200,48700,44100,1400,3900
3201,0,251100,52600,55600,2300,7100
3202,0,199500,50100,44700,1400,4100
3203,0,157600,49000,43400,1400,4100
3204,0,160600,48600,44000,1300,3800
3205,0,200300,49300,43800,1400,4000
3206,0,187700,49500,43600,1300,4000
3207,0,156300,48800,44100,1300,4000
3208,0,153900,48400,43900,1200,3900
3209,0,164800,48700,43900,1400,3900
3210,0,167000,48800,44600,1300,3900
3211,0,204200,49300,43800,1400,4100
3212,0,189300,49300,44100,1400,4100
3213,0,161500,48600,43500,1300,3900
3214,0,181500,49400,44500,1300,4000
3215,0,161000,48200,44200,1300,3900
3216,0,187200,49000,44400,1300,4000
3217,0,158000,48500,44500,1300,3800
3218,0,179900,48900,43400,1300,3800
3219,0,164000,48800,44200,1200,3700
3220,0,149800,48000,44100,1300,3700
3221,0,152100,47900,43400,1400,3800
3222,0,152300,48100,43900,1300,3800
3223,0,152800,47900,46400,1300,3700
3224,0,159900,50400,45000,1300,3800
3225,0,157000,48700,43800,1300,3800
3226,0,176400,49000,44000,1300,3900
3227,0,153600,48100,43900,1300,3900
3228,0,154300,48100,44000,1300,3800
3229,0,161700,48700,43600,1400,3800
3230,0,164700,48600,44300,1300,3900
3231,0,193500,49000,44200,1300,3900
3232,0,167500,48500,44000,1300,3900
3233,0,165300,47300,44200,1400,3900
3234,0,506200,49500,390900,1300,3900
3235,0,508400,57400,383800,1400,4000
3236,0,225400,54800,44200,1400,57800
3237,0,221700,51700,44300,1500,63000
3238,0,228500,51000,43900,1500,20700
3239,0,170000,49200,44300,1300,4200
3240,0,155600,48500,44100,1300,3900
3241,0,160100,48500,44400,1400,3800
3242,0,193300,48900,43300,1400,4000
3243,0,174300,48700,44200,1400,3700
3244,0,154200,48500,44200,1300,4000
3245,0,156600,48400,43800,1300,3900
3246,0,186400,48700,44300,1300,3900
3247,0,155400,48300,43600,1300,3700
3248,0,152900,48200,43200,1200,3700
3249,0,159900,48800,44100,1400,3800
3250,0,184000,48800,44100,1300,3900
3251,0,160800,48600,43700,1300,3800
3252,0,161400,48200,44100,1200,3900
3253,0,159400,48900,43800,1300,3900
3254,0,156900,48500,47300,1400,3000
3255,0,158500,48600,44300,1300,3800
3256,0,160600,48600,43500,1300,3900
3257,0,163600,48800,44100,1300,4000
3258,0,188100,48900,43900,1400,3000
3259,0,176200,48800,44200,1400,3900
3260,0,165000,48900,43900,1300,4000
3261,0,193000,48800,44300,1300,4000
3262,0,183900,49200,43800,1400,3000
3263,0,159300,48800,44300,1200,3800
3264,0,156700,48400,43900,1300,3600
3265,0,153100,47800,44200,1200,3800
3266,0,155900,48500,44200,1300,3800
3267,0,158400,48700,44400,1400,3900
3268,0,157400,48900,47000,1300,3800
3269,0,171000,50400,46000,1400,4100
3270,0,164700,48800,44100,1300,4000
3271,0,166200,48600,43700,1400,4100
3272,0,170600,49300,44100,1400,4000
3273,0,207100,49700,44100,1500,4100
3274,0,205700,49700,43600,1500,4100
3275,0,160100,48800,44100,1400,4000
3276,0,188900,49200,43700,1400,4000
3277,0,159500,48500,43900,1300,4000
3278,0,196700,48700,44000,1300,4000
3279,0,164900,48600,43700,1300,3800
3280,0,149900,47900,43700,1200,2800
3281,0,158600,48500,44000,1400,3800
3282,0,164500,48700,44000,1300,3800
3283,0,155300,48600,43600,1300,3900
3284,0,163000,48700,44500,1200,3900
3285,0,155900,48500,44000,1300,2900
3286,0,195900,55100,49800,1500,3900
3287,0,190000,55900,50500,2400,4900
3288,0,203400,74600,47000,2300,4800
3289,0,176800,50500,44200,1400,4500
3290,0,210700,49300,44100,1400,4100
3291,0,237000,49400,43800,1600,4200
3292,0,171500,49100,44300,1300,4100
3293,0,170200,49300,43600,1400,4000
3294,0,160800,47100,43900,1300,4000
3295,0,521700,49800,401800,1300,3900
3296,0,521800,57000,393900,1400,4100
3297,0,225100,54700,44500,1500,58200
3298,0,275500,51700,44500,1500,63100
3299,0,186000,49600,44100,1400,20500
3300,0,160700,48500,43700,1300,4000
3301,0,158100,49000,44400,1300,3900
3302,0,155100,48100,44000,1200,3800
3303,0,155300,48400,44200,1300,3700
3304,0,195600,48900,44300,1400,4000
3305,0,187200,49400,43700,1400,4000
3306,0,188800,48800,44100,1300,4100
3307,0,158000,48700,45500,1200,4000
3308,0,152500,47800,43600,1300,3800
3309,0,157300,48700,43900,1300,3800
3310,0,179500,49000,45700,1400,3900
3311,0,156300,49600,43600,1200,3700
3312,0,154300,48200,43700,1300,3800
3313,0,155300,48000,44400,1400,3700
3314,0,154500,48400,44900,1300,3800
3315,0,161000,48100,43900,1400,8600
3316,0,158100,48600,44000,1400,2900
3317,0,161000,48400,44000,1400,3900
3318,0,186700,48800,44100,1400,4000
3319,0,168100,48500,43700,1400,3900
3320,0,158900,48400,44000,1200,4000
3321,0,188000,48700,43800,1400,4000
3322,0,185600,48600,43700,1300,3100
3323,0,155200,48500,43800,1200,3800
3324,0,154600,48200,43800,1200,3700
3325,0,154800,48100,44000,1200,3800
3326,0,158700,48200,43700,1300,3700
3327,0,151600,48100,44300,1200,3700
3328,0,154200,47800,44100,1400,3800
3329,0,164200,48800,43900,1400,3800
3330,0,162100,48600,44100,1300,3900
3331,0,169700,49100,44300,1300,4000
3332,0,165900,48500,44100,1400,4000
3333,0,163300,48800,44100,1400,2900
3334,0,185800,48800,44000,1400,3900
3335,0,205300,49300,43800,1400,3900
3336,0,218900,49400,44000,1400,4100
3337,0,168100,48500,43500,1300,3900
3338,0,185700,49100,43900,1300,4000
3339,0,167300,48900,44200,1200,3900
3340,0,153400,48400,43700,1300,3800
3341,0,155900,48900,43600,1300,3800
3342,0,161000,48300,46200,1400,3900
3343,0,154000,48300,44400,1200,3800
3344,0,156000,48300,43700,1300,3800
3345,0,158500,48400,43900,1300,3800
3346,0,179000,49100,43700,1400,4000
3347,0,154900,48600,43700,1200,3900
3348,0,151800,47900,43900,1300,3700
3349,0,158100,48500,44100,1300,3800
3350,0,160000,48400,44300,1300,3900
3351,0,191900,48900,43900,1400,4000
3352,0,172200,52900,44500,1400,2900
3353,0,196600,49400,44200,1400,4100
3354,0,168900,49000,44000,1300,4000
3355,0,161500,47600,43700,1300,4000
3356,0,506400,49800,381700,1400,4000
3357,0,524100,56800,390500,1400,4100
3358,0,275600,54300,48600,1400,56400
3359,0,237700,51000,43800,1400,62400
3360,0,184100,50500,43800,1400,20400
3361,0,164600,49400,44200,1300,4100
3362,0,160700,49100,44000,1300,4000
3363,0,157300,48400,44500,1300,4000
3364,0,158100,48700,43600,1300,3800
3365,0,170900,49100,48100,1300,4000
3366,0,282900,51200,46100,1800,4300
3367,0,191800,49200,44500,1300,4000
3368,0,160100,48300,44000,1200,3900
3369,0,172100,48800,44000,1300,4000
3370,0,181200,48800,43800,1300,4000
3371,0,161800,48700,44200,1300,3900
3372,0,159200,48400,43700,1300,3900
3373,0,164700,48800,43900,1300,3900
3374,0,159400,48300,44100,1300,3900
3375,0,200500,48700,44200,1300,3900
3376,0,199600,49400,44100,1300,4100
3377,0,163700,48600,43700,1300,4200
3378,0,186700,48100,44200,1300,4000
3379,0,169200,48300,44000,1300,4000
3380,0,157800,48500,43900,1300,3900
3381,0,185700,48800,43800,1400,3900
3382,0,180400,48500,43900,1300,3900
3383,0,153000,48100,44100,1300,3800
3384,0,155200,48400,44000,1300,3700
3385,0,155600,48300,44300,1400,3800
3386,0,155400,48000,44100,1200,3800
3387,0,154400,47900,43800,1300,3800
3388,0,156700,48400,43900,1200,3700
3389,0,162200,48500,44100,1300,3900
3390,0,165000,48700,43600,1300,4000
3391,0,168200,48600,43900,1400,4000
3392,0,164700,48400,44000,1400,4000
3393,0,167700,49200,44100,1300,4000
3394,0,180000,49100,44500,1300,4000
3395,0,161800,48300,44100,1300,3900
3396,0,188800,48900,44300,1400,4100
3397,0,199500,49000,43800,1400,4000
3398,0,207500,49300,44800,1300,4000
3399,0,164200,48500,43800,1300,3900
3400,0,150700,48100,44100,1300,3800
3401,0,165100,52800,50600,3200,2700
3402,0,152600,48400,44500,1300,3900
3403,0,150600,48000,44200,1200,3800
3404,0,155900,48600,44100,1200,3800
3405,0,156500,48500,44000,1200,3700
3406,0,178000,48700,45700,1300,3900
3407,0,156700,48300,46300,1300,3700
3408,0,150900,47700,46100,1200,3700
3409,0,157000,48500,44100,1300,3700
3410,0,161500,48500,44000,1300,3800
3411,0,185300,48600,44400,1400,3800
3412,0,165800,51600,45300,1400,3900
3413,0,160700,48600,44300,1300,4000
3414,0,160300,48600,44300,1300,4100
3415,0,162400,49600,45800,1300,3900
3416,0,166200,46500,43900,1300,3900
3417,0,504700,49700,381100,1300,3800
3418,0,555300,57500,380700,1500,4100
3419,0,239600,54700,44400,1500,56600
3420,0,227800,50700,45500,1500,62500
3421,0,184300,50400,43800,1500,20800
3422,0,168600,49400,44200,1300,4100
3423,0,156800,48800,43800,1300,4000
3424,0,163200,48800,43900,1300,4000
3425,0,168600,48800,44500,1300,4000
3426,0,192500,48900,44400,1400,4100
3427,0,163400,48800,44000,1400,3900
3428,0,199200,49400,43800,1400,4000
3429,0,185600,49300,44100,1400,4100
3430,0,202000,49800,43800,1300,3200
3431,0,161800,48700,44300,1300,3800
3432,0,156200,48300,44300,1300,3800
3433,0,160900,48700,44300,1400,3900
3434,0,155500,48200,44100,1400,3900
3435,0,159700,48300,44100,1300,3800
3436,0,164000,48200,44600,1300,3900
3437,0,166600,49200,43400,1500,3900
3438,0,190100,49200,43900,1400,4000
3439,0,172700,49100,44100,1300,3900
3440,0,161600,48400,44600,1300,4000
3441,0,189700,49000,44100,1400,4000
3442,0,180000,48900,43800,1300,4100
3443,0,151700,48700,44000,1300,3800
3444,0,153000,48100,44000,1300,3900
3445,0,157400,48300,44100,1200,3800
3446,0,158400,48600,43600,1400,3800
3447,0,157800,48600,44000,1200,3700
3448,0,168800,55300,44000,1400,3900
3449,0,173000,52300,43900,1300,3800
3450,0,178100,50100,48600,1300,3900
3451,0,190400,51000,45100,1500,4200
3452,0,178400,49400,44100,1400,4000
3453,0,178000,55400,44700,1400,3100
3454,0,187200,49300,44000,1400,4200
3455,0,165100,49200,44000,1300,4000
3456,0,194000,49100,44200,1400,4100
3457,0,165100,48300,44500,1300,3900
3458,0,192400,53100,44400,1400,2900
3459,0,219900,49000,43700,1600,4000
3460,0,221200,49400,43700,1400,4100
3461,0,191500,49100,44200,1400,4100
3462,0,153800,48400,44400,1300,3900
3463,0,150700,48200,44000,1300,3800
3464,0,156200,47800,43800,1300,3600
3465,0,160200,48800,44300,1300,3600
3466,0,178300,48700,44400,1300,4000
3467,0,151700,48000,43800,1300,3700
3468,0,149500,47800,44200,1300,3700
3469,0,154400,48100,43800,1300,3700
3470,0,157500,48400,43500,1300,3800
3471,0,187300,48400,44100,1500,3900
3472,0,160900,48500,43400,1400,3900
3473,0,156400,48300,44200,1300,2800
3474,0,154500,48100,43900,1300,3900
3475,0,155300,48200,44500,1300,3900
3476,0,160700,48500,44000,1200,3800
3477,0,161900,47500,43900,1300,3900
3478,0,551600,49800,386300,1500,4000
3479,0,523500,56700,384900,1500,4100
3480,0,220900,54600,44000,1400,56900
3481,0,223000,50700,44400,1500,62100
3482,0,175100,50400,43700,1400,20600
3483,0,157500,49200,44400,1300,4100
3484,0,158500,48500,44100,1300,3900
3485,0,158800,48600,43900,1200,4000
3486,0,199200,49000,45900,1400,3900
3487,0,157700,48600,43500,1300,3900
3488,0,154800,48800,43200,1200,3900
3489,0,157900,48100,42900,1300,3900
3490,0,216800,49000,43800,1300,4000
3491,0,182500,49000,44500,1800,4100
3492,0,160400,49300,44600,1400,3900
3493,0,157200,47900,43700,1300,3800
3494,0,153200,48000,44300,1300,3700
3495,0,155700,48100,44200,1300,3800
3496,0,162600,48500,43300,1300,3800
3497,0,160700,48700,43300,1400,3700
3498,0,181400,48600,43600,1400,3100
3499,0,167500,48500,43800,1300,4000
3500,0,156000,48100,44400,1300,3900
3501,0,184400,48700,43900,1400,3900
3502,0,176100,48500,43900,1300,3900
3503,0,150400,47900,44000,1200,3800
3504,0,153200,47900,43900,1300,3700
3505,0,156400,48500,43800,1300,3600
3506,0,156700,48200,44100,1200,3900
3507,0,161200,48300,44400,1300,3800
3508,0,160400,48600,43800,1400,3900
3509,0,172300,49000,43800,1400,3800
3510,0,175400,49200,45400,1300,4000
3511,0,170900,49200,43700,1300,4000
3512,0,172900,49000,44400,1300,4000
3513,0,172100,48800,44500,1400,4100
3514,0,186300,49000,43800,1300,4000
3515,0,164000,48700,44100,1400,4100
3516,0,188900,49300,44200,1400,3900
3517,0,167000,49000,44500,1300,3900
3518,0,185500,48400,44300,1300,4000
3519,0,167500,48500,43700,1400,3900
3520,0,157100,48300,43900,1200,3900
3521,0,195400,49200,44200,1400,3200
3522,0,181400,48800,44100,1400,4000
3523,0,153300,48300,43800,1300,4000
3524,0,156900,48500,44000,1300,3900
3525,0,158900,48600,44000,1300,3900
3526,0,180200,48500,43900,1300,3900
3527,0,156300,48500,44400,1200,4000
3528,0,151800,48000,44200,1300,3800
3529,0,160300,48600,43800,1300,3800
3530,0,158600,48500,43600,1400,3900
3531,0,190700,49000,44200,1500,4000
3532,0,162600,48800,43800,1300,4000
3533,0,161100,48900,43700,1200,4000
3534,0,160400,52900,44300,1300,2800
3535,0,157500,48200,44300,1300,3100
3536,0,165400,48500,43800,1400,3900
3537,0,162700,48800,44000,1400,2900
3538,0,213100,48300,47800,1400,3900
3539,0,544700,58600,383800,1500,3800
3540,0,511900,56300,381100,1400,4100
3541,0,226700,54400,44400,1400,56700
3542,0,226200,50400,44100,1500,62600
3543,0,181200,50200,43900,1500,20600
3544,0,165400,48500,43800,1300,4000
3545,0,206200,49100,44100,1500,3100
3546,0,231200,49800,44000,1500,4100
3547,0,159200,48900,44200,1300,4000
3548,0,159500,48400,44300,1400,3900
3549,0,159800,48800,44000,1400,3900
3550,0,181900,48900,44100,1300,4000
3551,0,160000,48400,43700,1200,3900
3552,0,195400,49100,43600,1300,3900
3553,0,177900,48900,43600,1400,3000
3554,0,153800,48400,43800,1300,3900
3555,0,156300,48400,44100,1300,3800
3556,0,159500,48000,43700,1400,3900
3557,0,162300,48600,44500,1300,3900
3558,0,185800,49000,43800,1400,4000
3559,0,169400,49100,43900,1300,3900
3560,0,162600,48100,44500,1400,3900
3561,0,186200,48400,43900,1400,2900
3562,0,177100,48700,44000,1400,3900
3563,0,147900,48100,43800,1200,3700
3564,0,151800,48000,44200,1200,3600
3565,0,146800,47500,44200,1300,3700
3566,0,148100,47700,44200,1300,3700
3567,0,147000,47300,43900,1300,3700
3568,0,152000,47700,44100,1300,3800
3569,0,162600,48200,44300,1400,3700
3570,0,167000,48600,43900,1500,3900
3571,0,169400,49200,44100,1400,3000
3572,0,169200,48600,44000,1400,4000
3573,0,167700,48600,44000,1300,3900
3574,0,182400,49000,44100,1400,4000
3575,0,160300,49100,44200,1300,4000
3576,0,188200,48600,43900,1300,3900
3577,0,163200,48500,44200,1300,3900
3578,0,180400,49000,44000,1400,3900
3579,0,168800,48700,43700,1500,3900
3580,0,153700,48400,44300,1300,3900
3581,0,154700,48200,43500,1400,3900
3582,0,158300,49300,44700,1300,3800
3583,0,193000,49200,43900,1300,4000
3584,0,180400,48600,44900,1400,3900
3585,0,158600,49200,44100,1300,3800
3586,0,179900,48300,44100,1300,3800
3587,0,151700,48000,43800,1300,3800
3588,0,154500,48200,46400,1200,3800
3589,0,160800,48600,44000,1400,3700
3590,0,165700,48100,44400,1300,3800
3591,0,193200,49000,43700,1400,4000
3592,0,169700,48200,43800,1400,4000
3593,0,167300,49100,43800,1400,4000
3594,0,160500,47700,44300,1400,5900
3595,0,154900,48800,43900,1300,3000
3596,0,159700,48300,44600,1300,3900
3597,0,163300,48900,43400,1300,3800
3598,0,205800,49100,44500,1400,4100
3599,0,171100,47500,43700,1400,3800
0,1,2179100,78000,1667800,16400,161800
1,1,725500,74000,529700,1900,49800
2,1,526700,64300,392900,1400,4200
3,1,225900,55600,44800,1900,57500
4,1,237200,51800,47500,1900,66200
5,1,192500,50400,44800,1500,20800
6,1,172500,49300,44600,1200,4300
7,1,211000,51000,45000,1300,4100
8,1,165200,49100,44100,1800,4000
9,1,271300,49600,44500,1300,4000
10,1,568000,49300,44700,1500,4200
11,1,542400,49700,44500,1400,4200
12,1,537100,49700,43700,1400,4200
13,1,486700,49200,44000,1500,3900
14,1,167100,49200,44400,1400,4400
15,1,166700,48900,44700,1300,4000
16,1,165700,48400,44100,1800,4000
17,1,170100,48700,44300,1300,3900
18,1,234800,49400,44000,1400,4400
19,1,220100,49700,44000,1400,4300
20,1,162500,48100,44000,1300,3900
21,1,195000,48700,43500,1300,4000
22,1,192900,49100,44400,1300,4200
23,1,153700,48600,44500,1200,3900
24,1,156000,48300,44400,1300,3900
25,1,152600,48200,43800,1200,3800
26,1,152200,48500,43600,1200,3800
27,1,153900,48200,44400,1200,3900
28,1,153900,47800,44300,1300,3800
29,1,163400,48200,44000,1300,3900
30,1,167100,48300,44200,1300,4100
31,1,173400,49400,44400,1300,4000
32,1,160100,48600,44300,1800,4000
33,1,168700,48900,43900,1400,4000
34,1,189600,49600,43600,1300,4100
35,1,165400,49100,44200,1300,4000
36,1,242000,60900,48800,2500,4900
37,1,186600,50900,46400,1500,4400
38,1,194700,48300,44100,1500,4000
39,1,175800,48500,43900,1300,4000
40,1,162000,48500,42800,1300,4100
41,1,169100,49300,44200,1200,4100
42,1,163100,53400,44500,1300,3000
43,1,161200,48800,43900,1300,3100
44,1,156800,48200,44000,1200,3900
45,1,170500,48900,44000,1300,4100
46,1,188000,48800,44200,1400,4300
47,1,160000,48200,44000,1400,4100
48,1,157800,48600,43300,1300,3100
49,1,201100,49100,44100,1400,4000
50,1,186300,48900,43900,1400,4200
51,1,204000,49000,43600,2100,4100
52,1,164800,48600,43800,1300,4000
53,1,165000,49100,43700,1300,4000
54,1,168400,48700,44000,1300,4000
55,1,162300,48800,44000,1400,4000
56,1,167500,53000,44200,1300,3000
57,1,164200,48300,43900,1200,3900
58,1,212200,49100,44200,1300,4200
59,1,179400,48800,43800,1300,4000
60,1,222800,48900,44300,1200,4300
61,1,214700,47400,44200,1400,4100
62,1,519400,49400,404000,1200,3800
63,1,499000,56900,379000,1500,4400
64,1,218600,54900,44200,2000,57800
65,1,219400,51000,43900,1400,62500
66,1,209400,50000,44000,1400,19700
67,1,166500,49000,44000,1300,4100
68,1,159300,48700,44100,1300,3800
69,1,163900,48200,43600,1300,4000
70,1,184500,48700,44000,1400,4100
71,1,166400,48700,44300,1400,4100
72,1,153500,48300,43900,1300,3900
73,1,161100,48400,44500,1300,3800
74,1,161700,49600,44300,1300,3900
75,1,160600,49200,44400,1300,4000
76,1,169100,49100,43700,1300,4200
77,1,166500,49100,43700,1400,4000
78,1,206200,49600,43500,1400,4100
79,1,182000,54300,44400,1400,3200
80,1,198200,53600,44600,1300,3200
81,1,212800,49300,44200,1300,4000
82,1,179700,48300,44100,1300,3900
83,1,148800,47700,44000,1100,3700
84,1,148700,47700,44300,1200,3700
85,1,148200,47700,43500,1100,3700
86,1,151000,52000,44300,1200,2900
87,1,148300,47600,43800,1200,3600
88,1,150000,48100,44000,1200,3800
89,1,155500,47900,44200,1200,2900
90,1,160800,48300,43900,1300,4000
91,1,168000,53500,44200,1300,3100
92,1,154800,48000,44000,1300,3900
93,1,160800,48200,43900,1300,4100
94,1,182900,48800,44100,1300,4100
95,1,154500,48200,44200,1200,3800
96,1,194000,48700,45900,1200,4000
97,1,167900,48500,44300,1300,3800
98,1,200800,48700,44000,1300,4000
99,1,170300,48100,43900,1800,4100
100,1,157400,48000,43600,1300,4200
101,1,160200,48700,44300,1300,3900
102,1,160200,48400,44100,1300,4000
103,1,155700,48300,43500,1300,3900
104,1,160900,48600,43900,1400,4100
105,1,174900,48800,43900,1300,4000
106,1,188300,49200,44100,1400,4300
107,1,166600,48900,44100,1300,4100
108,1,162500,48200,44000,1400,3400
109,1,162900,48900,43500,1300,4100
110,1,164400,49100,43800,1300,4100
111,1,236400,49600,43900,1400,4200
112,1,185400,49000,43900,1400,4400
113,1,160600,48700,43800,1200,4100
114,1,153400,47900,43300,1300,3000
115,1,158700,48100,44100,1300,4000
116,1,163100,50900,44000,1300,4000
117,1,162700,48500,44100,1300,4100
118,1,212600,48600,50300,1400,3200
119,1,209100,63600,48000,2400,4500
120,1,184400,51800,47400,1500,5300
121,1,170500,53100,46100,1400,4100
122,1,176700,49900,44800,2300,5200
123,1,513700,52100,391300,1400,4100
124,1,511800,57200,384600,1400,4200
125,1,222300,54900,43400,1500,58000
126,1,253300,51300,44500,1400,62500
127,1,180900,49900,44400,1500,19400
128,1,161100,48600,44000,1900,4000
129,1,174200,48900,43900,1400,4000
130,1,192100,48800,44500,1400,4300
131,1,173800,48700,43900,1300,4100
132,1,158400,48500,43800,1300,4000
133,1,163500,48600,43800,1400,4000
134,1,160300,48900,43800,1300,3800
135,1,165400,48800,43900,1300,4000
136,1,177100,49200,43700,1300,4000
137,1,178300,49200,43800,1300,4000
138,1,201700,49100,43900,1300,4200
139,1,181600,48700,43800,1400,4200
140,1,162700,48800,43700,1300,4000
141,1,203400,49100,44100,1300,4000
142,1,230600,51500,46300,2300,4100
143,1,186800,50800,45200,1400,4400
144,1,159900,48800,44400,1300,3900
145,1,200300,53500,44500,1300,4000
146,1,187100,49000,43600,1300,4000
147,1,149800,47900,43800,1200,3800
148,1,153600,49700,43800,1300,3700
149,1,168000,50300,44200,1300,4100
150,1,165800,48700,44000,1300,3900
151,1,168300,48800,44200,1300,4100
152,1,156100,48800,44400,1300,3800
153,1,164500,49000,45100,1200,3800
154,1,181200,48600,43500,1400,4100
155,1,151600,48000,43800,1300,3000
156,1,190000,48900,44200,1300,3000
157,1,161000,48400,44400,1300,3800
158,1,182900,48500,44200,1300,4000
159,1,178300,48500,51400,1300,3900
160,1,152800,48000,42400,1400,3000
161,1,161800,49000,44000,1300,3900
162,1,158300,48100,44100,1300,3000
163,1,159400,48000,43900,1200,3900
164,1,165700,48300,44300,1300,3800
165,1,161500,48400,43700,1300,3900
166,1,186800,50100,43500,1300,3900
167,1,159000,48500,43900,1300,4000
168,1,154800,48200,44500,1300,3900
169,1,166500,48400,44300,1300,4100
170,1,161600,49700,43800,1200,3900
171,1,196700,48900,44000,1300,4000
172,1,162800,48600,45000,1200,3900
173,1,228300,52100,45600,2400,4700
174,1,207000,54200,46300,2400,4900
175,1,160400,49200,44800,1300,3100
176,1,155700,48100,43400,1400,2900
177,1,164100,49200,43900,1400,3800
178,1,210100,49400,43600,1400,4000
179,1,164400,48500,42700,1200,3900
180,1,152000,47700,44100,1300,3000
181,1,154900,48300,43800,1300,3800
182,1,157800,47900,44300,1300,3700
183,1,155500,47000,44000,1300,3700
184,1,512200,49900,393000,1300,3900
185,1,503200,57200,380100,1400,4300
186,1,250200,54400,44400,1400,58600
187,1,221100,50800,43500,1400,63500
188,1,167700,49400,44000,1400,20200
189,1,163400,48000,43900,1300,4100
190,1,194900,48700,43800,1300,4200
191,1,171900,48700,44000,1400,4200
192,1,164300,48000,44000,1300,3900
193,1,166000,48300,44000,1300,4000
194,1,162800,48200,43900,1200,4000
195,1,172100,53600,44100,1800,3200
196,1,168900,48400,43800,1300,4200
197,1,174200,49500,44300,1300,4100
198,1,200800,51300,45400,1400,4200
199,1,219800,57400,48100,2300,4600
200,1,167400,49600,43900,1400,4300
201,1,200300,49800,44300,1400,4100
202,1,189700,49300,43400,1400,4100
203,1,156800,48400,44500,1200,4000
204,1,193300,48900,43900,1300,4100
205,1,174200,48600,43800,1300,3100
206,1,153300,48200,44200,1200,3800
207,1,152100,48100,44200,1300,3800
208,1,152100,47900,43800,1300,3700
209,1,165400,49800,45400,1300,3900
210,1,185000,52100,46900,2400,4700
211,1,187800,51300,46300,1500,4300
212,1,161900,48600,46000,1300,3900
213,1,166000,48600,44300,1400,3900
214,1,245400,52500,44700,1600,4400
215,1,160800,49000,43800,1300,4100
216,1,196800,49600,43800,1300,4100
217,1,163400,49800,44300,1300,3100
218,1,183500,48600,44100,1300,3900
219,1,165200,48100,43900,1300,3900
220,1,155500,48000,45000,1200,3900
221,1,168800,50000,44100,1300,3900
222,1,169200,49200,43600,1300,4100
223,1,172500,48900,44000,1200,4000
224,1,166500,48500,44500,1300,4000
225,1,173400,48800,44000,1400,4000
226,1,195000,49500,43700,1400,4100
227,1,155600,48200,43800,1300,3400
228,1,160800,48700,43800,1300,3900
229,1,174500,49900,45100,1200,4100
230,1,203900,49400,44000,1400,4100
231,1,237000,49400,43900,1400,4200
232,1,159200,48200,43800,1200,3900
233,1,226300,96400,45000,1600,3500
234,1,167400,51300,44300,1500,4200
235,1,204200,50600,44100,1300,4300
236,1,184200,49200,44000,1400,4200
237,1,161900,48300,44400,1300,3800
238,1,207100,49000,43800,1300,4100
239,1,177300,48600,44100,1200,3900
240,1,154000,49000,43600,1200,3100
241,1,155000,48200,44000,1300,3800
242,1,153400,47900,44300,1300,3900
243,1,153000,48100,43900,1200,3800
244,1,153100,46600,43800,1300,3900
245,1,519400,48900,407700,1200,3800
246,1,534800,57100,381300,1400,4300
247,1,221600,54300,44300,1400,59000
248,1,212500,50800,43800,1500,62100
249,1,176300,50100,44000,1500,20700
250,1,182300,48100,43800,1300,4200
251,1,158500,48300,44000,1400,4100
252,1,156800,49700,44900,1300,3800
253,1,179100,51800,44800,2300,4600
254,1,191500,54800,47700,2400,4900
255,1,192400,51800,46600,2300,4800
256,1,196800,52300,45500,3800,4800
257,1,180100,51100,44700,1500,4300
258,1,196800,49900,43900,1400,4300
259,1,177400,48800,44100,1300,4000
260,1,158900,48600,44000,1200,3800
261,1,191000,48900,44100,1300,3900
262,1,189800,49200,43500,1400,3300
263,1,151000,48700,44200,1300,3800
264,1,152700,48000,43800,1200,3700
265,1,155600,47900,43800,1200,3700
266,1,191600,49300,43800,1300,4000
267,1,177600,48600,44000,1300,4000
268,1,154600,48300,43500,1300,3900
269,1,159100,48200,44300,1300,3700
270,1,167000,53200,44000,1400,3000
271,1,167800,48400,43900,1300,4100
272,1,154300,48300,43400,1300,3900
273,1,161900,48800,44000,1300,4000
274,1,189400,53700,44300,1400,3100
275,1,162900,48500,44100,1300,3900
276,1,213500,48500,44100,1300,4000
277,1,166900,48300,43200,1300,4000
278,1,185700,49000,43600,1300,4000
279,1,165600,48300,43800,1300,4000
280,1,152700,47900,44100,1200,3900
281,1,159900,53100,44200,1200,2900
282,1,158400,48200,43900,1300,3900
283,1,160000,48300,44000,1200,4000
284,1,160400,48500,43200,1300,4200
285,1,175500,51300,46200,1300,4000
286,1,209700,49200,43500,1400,4100
287,1,165300,50000,43800,1300,4100
288,1,160100,48600,43900,1300,3100
289,1,167300,54100,44400,1200,3000
290,1,163500,48400,44100,1300,4000
291,1,200300,48900,43500,1400,4100
292,1,160400,48400,43600,1200,3900
293,1,170000,48900,43200,1300,4100
294,1,158900,48500,43800,1400,3900
295,1,161000,48700,45000,1300,2900
296,1,165500,49100,43600,1300,4100
297,1,208300,49500,43900,1300,4200
298,1,236100,49300,43900,1300,4200
299,1,168700,48500,44100,1300,4100
300,1,161300,50500,44100,1300,4000
301,1,160600,49400,44600,1300,4000
302,1,165700,55400,47000,1300,3900
303,1,164700,52800,46700,2300,3800
304,1,168400,49300,44300,1400,4600
305,1,160800,47400,44000,1300,3900
306,1,549400,50400,395800,1300,4000
307,1,519400,57700,385200,1400,4300
308,1,219400,55700,43900,1400,58100
309,1,228200,50900,44100,1500,63700
310,1,202100,49700,43600,1400,19400
311,1,165000,49100,43900,1200,4200
312,1,150600,47700,44100,1200,3800
313,1,157800,48200,43900,1300,3800
314,1,166800,48400,43600,1300,4000
315,1,209400,49500,43900,1400,4100
316,1,208300,49300,43700,1300,4300
317,1,170600,48500,43900,1300,4100
318,1,196900,48700,44300,1400,4100
319,1,187300,55400,44400,1400,4100
320,1,157700,49000,44500,1300,4100
321,1,193100,48800,44100,1300,3900
322,1,186200,48700,43600,1200,3900
323,1,154400,47700,43700,1200,3900
324,1,153200,48400,44000,1200,3900
325,1,150900,47800,44000,1200,3700
326,1,151500,47500,44000,1200,3700
327,1,152700,47800,44100,1300,3700
328,1,190700,48500,44200,1300,4000
329,1,185600,49100,43600,1400,4200
330,1,162700,48500,44300,1300,3900
331,1,165700,48600,43600,1400,4200
332,1,155300,48200,44200,1300,3800
333,1,162300,48500,43800,1400,3900
334,1,176800,48300,44400,1400,3000
335,1,153800,48100,43700,1300,3900
336,1,188400,48700,44300,1200,3900
337,1,159300,48000,44100,1300,3700
338,1,179700,48300,43800,1300,3900
339,1,161500,47700,43900,1300,3700
340,1,148500,47300,43800,1200,3800
341,1,152000,47700,44100,1300,3700
342,1,150900,47800,43600,1200,3800
343,1,158000,51800,44300,1300,2800
344,1,155800,50600,45000,1300,3800
345,1,162800,48000,44800,1300,3900
346,1,182800,49900,43600,1300,4100
347,1,159200,48300,44100,1300,4000
348,1,158700,48500,43700,1300,3900
349,1,163000,48900,44100,1300,3900
350,1,163300,49300,43600,1200,4000
351,1,194900,53100,44400,1300,2900
352,1,160000,48300,44200,1300,3900
353,1,164400,48500,45200,1300,3900
354,1,157900,48200,43600,1300,4000
355,1,157200,48400,43300,1300,3000
356,1,159100,48400,44100,1300,4000
357,1,162700,48400,44000,1400,3800
358,1,205400,48700,43900,1400,4200
359,1,214500,48800,48200,1300,4100
360,1,184800,48800,43900,1400,4100
361,1,162100,48700,43700,1300,4000
362,1,160400,48500,43900,1200,3900
363,1,158000,48600,43500,1300,3900
364,1,157600,48300,44300,1300,3900
365,1,155800,48300,43300,1300,3800
366,1,188100,47200,44100,1200,3900
367,1,503500,49500,380000,1300,3900
368,1,517800,56200,400300,1400,4200
369,1,331800,62200,129400,2400,68200
370,1,549900,136500,121600,2000,107700
371,1,430900,133400,121800,1900,28100
372,1,394400,132700,121200,1700,3900
373,1,400100,134800,121200,1800,4400
374,1,238700,48900,43800,2000,4300
375,1,169900,49400,44000,1400,4200
376,1,178800,48300,44300,1400,4100
377,1,175000,49000,43900,1300,4000
378,1,200500,48800,43500,1400,4100
379,1,182500,48700,44100,1300,4100
380,1,162500,48400,44100,1300,4100
381,1,226500,52500,48800,2400,4800
382,1,192200,49600,44000,1500,4100
383,1,157900,49100,43200,1300,3900
384,1,158200,50000,45100,1300,3000
385,1,154600,47800,44000,1300,3900
386,1,158500,49100,44100,1300,3800
387,1,153400,48400,44300,1900,3900
388,1,156000,47300,43800,1400,3800
389,1,167600,48600,43800,1400,4100
390,1,210100,48900,44300,1400,4100
391,1,199600,49200,43800,1400,4100
392,1,163200,48300,43900,1300,3900
393,1,175200,48500,43400,1300,4100
394,1,191000,49300,43900,1300,4100
395,1,172100,48900,53800,1200,4100
396,1,196700,48900,44100,1400,3900
397,1,159800,48500,43500,1200,3300
398,1,183100,48500,44200,1400,3000
399,1,168800,48200,44000,1300,3800
400,1,196200,48700,44200,1300,3900
401,1,190300,49300,43800,1400,4100
402,1,154300,48600,43700,1200,3800
403,1,152900,48200,43700,1200,3700
404,1,155800,48300,43800,1200,3800
405,1,159300,48000,43800,1300,3900
406,1,180800,48900,43800,1300,4100
407,1,159100,48300,44200,1200,3800
408,1,158000,48400,44200,1300,3000
409,1,164000,48500,43600,1300,4000
410,1,163900,48400,44000,1300,4100
411,1,198500,48700,43600,1500,3800
412,1,163400,48800,43700,1200,3800
413,1,164500,52400,44300,1300,2900
414,1,159600,48200,44200,1200,3800
415,1,161700,48200,43800,1300,4000
416,1,159200,48600,43900,1300,4000
417,1,165600,48600,44400,1400,4000
418,1,210300,53300,44300,1300,3200
419,1,169300,48500,44100,1300,3800
420,1,157900,48000,43700,1200,3900
421,1,195700,49000,43400,1300,4100
422,1,177800,48700,44100,1300,4100
423,1,153300,47600,43900,1200,3800
424,1,154500,47400,44700,1200,3800
425,1,156100,48000,43900,1300,3800
426,1,185100,48400,43800,1200,3900
427,1,156400,47100,44200,1200,3800
428,1,493700,49000,387000,1200,3700
429,1,512200,56900,385300,1500,4400
430,1,239300,54100,44000,1400,58200
431,1,219400,51000,44100,1400,62600
432,1,168800,50900,43500,3200,20600
433,1,154400,48600,44000,1200,4000
434,1,152700,48000,43700,1200,3700
435,1,159000,48700,45700,1300,3800
436,1,161400,48200,44000,1300,3900
437,1,162400,48500,43900,1200,4000
438,1,193700,49000,43800,1300,4100
439,1,177600,48900,43500,1300,4100
440,1,159100,48300,44200,1200,3900
441,1,192500,48800,44400,1300,4000
442,1,184500,48300,44100,1300,4000
443,1,154700,48100,43300,1300,4000
444,1,161700,52300,44600,1300,3800
445,1,163100,49000,43800,1300,3700
446,1,159700,48400,44100,1400,3600
447,1,163400,48600,43600,1200,3900
448,1,160700,49200,43300,1300,3900
449,1,163700,49000,43800,1400,4000
450,1,168600,48600,43300,1200,3900
451,1,173900,49000,44100,1300,4100
452,1,204700,53600,44400,1400,3200
453,1,186700,49100,43000,1400,4200
454,1,183300,49200,44000,1300,4100
455,1,155600,48400,43500,1300,4100
456,1,191600,48700,43700,1400,4000
457,1,166400,48700,44100,1300,4000
458,1,181700,48700,43600,1300,4000
459,1,165400,48900,43700,1300,3900
460,1,149900,47500,43900,1300,2900
461,1,154800,48000,43900,1200,3900
462,1,150900,47800,43600,1200,2900
463,1,154400,48600,43500,1200,3900
464,1,154500,48200,44000,1300,3800
465,1,159800,48700,44000,1300,4000
466,1,178900,49000,45000,1300,4000
467,1,155200,48300,43700,1300,3800
468,1,154500,48500,44300,1300,2900
469,1,162000,48400,43800,1300,3100
470,1,165000,48500,44100,1300,4000
471,1,201200,51000,42900,1400,4100
472,1,165300,48600,44000,1300,4000
473,1,166800,49800,44100,1300,4000
474,1,170000,49400,45500,1300,4100
475,1,162400,48500,43900,1300,4100
476,1,168400,48600,43800,1300,4100
477,1,181100,56700,43900,1300,3900
478,1,209400,48900,43900,1300,4100
479,1,182000,48700,49200,1300,4100
480,1,163300,49100,44100,1300,4100
481,1,166800,53100,44200,1400,3100
482,1,158600,48400,44100,1300,3900
483,1,197800,49000,43700,1400,4100
484,1,186700,49100,43700,1300,4000
485,1,204300,49100,44000,1300,4100
486,1,227500,49400,44000,1300,4200
487,1,156400,48400,43900,1300,2900
488,1,148400,46700,43600,1300,3800
489,1,500300,49600,383600,1200,3900
490,1,523400,56200,378300,1400,4400
491,1,218100,53800,44600,1400,56500
492,1,210000,50700,43600,1500,62000
493,1,170200,49700,44200,1400,20100
494,1,154300,48600,43600,1300,4000
495,1,158900,49600,44200,1300,3800
496,1,161400,48900,44100,1300,3900
497,1,161400,48400,43800,1300,3800
498,1,188800,49100,44000,1400,3900
499,1,171300,48600,44300,1300,3000
500,1,156600,47800,44000,1300,3900
501,1,190600,48500,44200,1300,4000
502,1,185000,48300,44400,1300,4000
503,1,155200,48100,43900,1200,3800
504,1,153600,47800,43200,1300,3800
505,1,151900,47800,43500,1300,3600
506,1,152000,48400,44000,1300,3700
507,1,153400,48100,44100,1200,3700
508,1,155400,48000,43900,1300,3700
509,1,158900,48300,44200,1300,3900
510,1,167400,48500,44100,1300,4000
511,1,168100,48200,44200,1300,4000
512,1,158300,48700,43700,1300,3900
513,1,165800,49000,43800,1400,4100
514,1,218600,49200,44100,1300,4100
515,1,184300,48900,50100,5800,4200
516,1,187600,48800,43700,1400,3900
517,1,160600,49000,44500,1300,3900
518,1,187700,49400,46100,1400,3900
519,1,162800,48400,44100,1200,3800
520,1,148300,47800,44000,1200,2900
521,1,155600,48000,44400,1200,3800
522,1,156000,47900,44200,1300,3800
523,1,151300,48000,44100,1100,3800
524,1,151500,47900,43900,1300,3800
525,1,157200,48500,43900,1200,3800
526,1,180200,48800,44000,1300,4000
527,1,152900,48400,44000,1200,3800
528,1,151400,48000,44000,1300,3900
529,1,159600,48200,44200,1200,3900
530,1,173400,54000,46800,1200,3900
531,1,225700,55600,45100,2000,3100
532,1,170100,48600,43900,1400,4100
533,1,169700,48800,43600,1400,4000
534,1,164600,48600,44100,1300,4000
535,1,165900,48500,44400,1300,4000
536,1,165000,48500,43700,1300,3000
537,1,166900,48800,44500,1300,4000
538,1,210600,49100,43900,1400,4100
539,1,173200,48800,42900,1400,4100
540,1,156900,48300,44100,1300,4100
541,1,161700,49500,42900,1300,4000
542,1,158400,48400,44100,1300,3900
543,1,158000,48200,43600,1300,3900
544,1,159600,48100,44100,1400,3700
545,1,198700,49000,43500,1300,4100
546,1,213000,49100,44100,1300,4200
547,1,158100,48300,43600,1400,3200
548,1,152000,48200,44000,1300,3900
549,1,157400,47100,44100,1300,3800
550,1,520900,53800,380600,1300,3100
551,1,510700,56500,382800,1400,3300
552,1,216500,58600,44700,1400,56100
553,1,219800,50400,44200,1400,62100
554,1,185800,49700,50500,1400,20900
555,1,160800,48700,44400,1400,4200
556,1,166500,49000,44400,1400,4300
557,1,164000,48900,43900,1300,4100
558,1,190000,49100,44000,1400,4100
559,1,172100,48900,44000,1400,3300
560,1,154200,48600,43900,1300,3900
561,1,193600,49500,45300,1300,4000
562,1,197400,49700,45300,1400,4200
563,1,163200,48600,44100,1300,4000
564,1,162000,48200,44200,1200,4100
565,1,160700,48000,43900,1200,4000
566,1,160100,48000,44200,1300,3900
567,1,156800,48000,44200,1400,3900
568,1,157000,48300,44000,1200,3800
569,1,169000,49300,43600,1400,3800
570,1,212400,49800,44200,1500,4100
571,1,208000,49600,44200,1400,4200
572,1,161300,48800,44200,1200,4000
573,1,167000,48800,43500,1400,4100
574,1,184100,48800,43900,1300,4200
575,1,158800,48600,43300,1200,4100
576,1,231200,49100,44300,1300,4100
577,1,183300,48900,43600,1400,4100
578,1,180900,48700,43400,1400,3900
579,1,162500,48100,43700,1300,3700
580,1,149800,48100,43900,1200,3800
581,1,152700,47900,43800,1200,3800
582,1,150600,48000,44400,1200,2800
583,1,152300,47900,44100,1300,3800
584,1,150800,47900,43800,1200,3800
585,1,158800,48100,43800,1200,3800
586,1,176700,49000,43900,1300,4000
587,1,151900,48000,43700,1300,2700
588,1,153600,49600,44100,1200,3700
589,1,159600,48600,44000,1400,3900
590,1,160000,49200,44200,1300,3900
591,1,187800,48800,44100,1300,4000
592,1,160100,52700,44500,1200,2900
593,1,165700,48600,44000,1300,3900
594,1,157500,48300,43900,1300,2800
595,1,163600,49000,44100,1300,3900
596,1,163200,48500,43400,1300,3900
597,1,165200,48800,43600,1300,4000
598,1,208000,48900,44200,1400,4200
599,1,177600,48400,44000,1300,3900
600,1,156200,48100,43800,1300,3900
601,1,159900,48100,43700,1300,2900
602,1,152500,48500,43900,1300,3800
603,1,158400,48600,44100,1300,4000
604,1,156900,48200,43600,1300,3900
605,1,159300,48700,44200,1300,3900
606,1,186800,48700,44200,1300,3000
607,1,202300,53500,44400,1300,3200
608,1,173800,48700,43600,1300,4100
609,1,158500,48500,44700,1300,3900
610,1,176600,47600,44900,1300,3800
611,1,523800,49200,408900,1200,3900
612,1,510100,55900,391500,1400,4300
613,1,272900,57100,46400,2000,98300
614,1,455300,139800,123300,2300,101700
615,1,439800,134300,121500,1900,28100
616,1,416600,132700,122000,1900,4300
617,1,368600,138400,59600,1900,4400
618,1,205900,50500,44000,1500,4300
619,1,177700,49300,43800,1300,4100
620,1,156100,48800,44000,1200,3900
621,1,190000,49100,44200,1300,3000
622,1,184600,47900,44200,1300,4000
623,1,151900,47800,44100,1200,4000
624,1,157900,48500,43700,1200,3900
625,1,158400,48300,44100,1300,3900
626,1,161500,52600,44300,1300,3000
627,1,159600,47300,44200,1400,3900
628,1,158300,48300,43800,1300,3900
629,1,169300,48600,43800,1400,4100
630,1,167000,49000,43600,1300,3100
631,1,175500,48800,44500,1500,4200
632,1,166700,50400,44300,1300,4000
633,1,166200,48600,43600,1400,4100
634,1,190000,49300,43800,1300,4100
635,1,175600,49400,44000,1300,3500
636,1,198500,48900,44300,1300,4000
637,1,170100,48800,44500,1300,4100
638,1,229900,49300,43800,1400,4000
639,1,191400,49400,43800,1400,4000
640,1,153400,48300,43900,1200,3900
641,1,157600,48300,44100,1300,3800
642,1,154800,48500,44300,1300,3800
643,1,154700,48300,44200,1400,3900
644,1,153700,48200,43900,1300,3800
645,1,156900,48500,43800,1300,2900
646,1,199400,49300,43800,1400,4000
647,1,161600,48500,44600,1300,4000
648,1,158000,48500,44400,1300,4000
649,1,168200,49400,45000,1400,3800
650,1,161900,48900,43600,1300,3900
651,1,197100,49200,43800,1300,4000
652,1,163000,49200,43900,1200,3900
653,1,165800,48800,43700,1300,3900
654,1,166400,53200,44100,1300,2900
655,1,207900,48900,43800,1400,4100
656,1,199200,49000,43900,1300,4200
657,1,169600,52700,44500,1200,3000
658,1,213600,48600,44400,1400,4100
659,1,171900,48200,44200,1200,4000
660,1,160500,48100,43800,1300,4000
661,1,156200,47900,44100,1200,3900
662,1,156200,47900,44000,1300,3800
663,1,159100,48500,44100,1400,3900
664,1,156700,48600,43700,1300,3900
665,1,160000,48600,42800,1400,4100
666,1,187200,49000,43900,1300,3900
667,1,167000,48600,44100,1300,3800
668,1,153200,48000,43900,1300,3900
669,1,198100,49400,43700,1300,4000
670,1,203600,49000,44400,1300,4000
671,1,155100,47300,43600,1400,3100
672,1,499700,48900,395800,1300,2700
673,1,505300,57000,384100,1400,4400
674,1,215200,53900,44300,1500,57400
675,1,219200,51300,43800,1400,62500
676,1,185200,54800,44200,1400,19500
677,1,163400,48600,43900,1300,4100
678,1,188100,48700,44000,1300,4100
679,1,171400,48200,44200,1300,4000
680,1,151500,48200,43900,1300,3900
681,1,188100,48800,43800,1200,4000
682,1,175200,48200,43700,1300,3000
683,1,148600,48200,43800,1200,3800
684,1,147400,47800,43800,1200,3700
685,1,149500,47500,44100,1200,3800
686,1,157100,52400,44400,1300,2800
687,1,154200,48000,43400,1300,3900
688,1,160800,48500,47800,1200,3800
689,1,163800,48900,44000,1300,4000
690,1,170900,49800,45700,1300,4100
691,1,187500,51300,48000,1400,4100
692,1,178300,55100,46400,2200,4000
693,1,189000,51700,44800,2300,4800
694,1,196800,49900,44300,1400,4300
695,1,159900,48700,45900,1300,4000
696,1,203300,49300,44300,1400,4000
697,1,167700,53800,44300,1300,2900
698,1,185500,49000,43500,1400,3900
699,1,172600,48700,44100,1300,4100
700,1,201600,49700,43800,1400,4100
701,1,187800,49100,44100,1400,4200
702,1,158900,48600,43800,1300,3000
703,1,158900,49800,43900,1300,3900
704,1,154200,48500,43500,1200,3800
705,1,162000,48600,43800,1300,3900
706,1,182200,48800,43900,1300,4000
707,1,156700,48200,43600,1200,4000
708,1,153800,48200,44100,1200,4000
709,1,158900,48500,43900,1300,4000
710,1,158800,48700,44000,1300,4000
711,1,194500,49200,44300,1400,4100
712,1,159600,48400,44100,1300,3900
713,1,162400,48600,43900,1300,4100
714,1,157100,48400,44200,1200,4000
715,1,177600,49300,44400,1300,3300
716,1,162100,48900,43700,1300,4000
717,1,168800,48900,43900,1300,4000
718,1,213100,49300,44200,1300,4200
719,1,179500,48600,44300,1400,3900
720,1,163500,48600,44700,1300,4100
721,1,162900,48600,43400,1400,4000
722,1,164200,49000,43900,1200,4000
723,1,159000,48600,44100,1200,4000
724,1,164900,49000,47900,1300,3100
725,1,162800,48500,44000,1200,3900
726,1,190600,49000,43700,1300,3900
727,1,171500,50700,45300,1500,4100
728,1,155800,48400,43600,1300,3800
729,1,163300,48800,43800,1300,4000
730,1,184100,49000,43900,1300,3100
731,1,205900,49000,43300,1300,4300
732,1,180400,47700,44000,1400,4100
733,1,500800,50100,382500,1300,4000
734,1,510700,57100,383000,1400,4200
735,1,225100,54900,43900,1400,58200
736,1,230300,51200,44400,1400,62300
737,1,184500,50100,44100,1400,20800
738,1,193200,49600,43800,1500,4200
739,1,178500,48600,44100,1300,4100
740,1,198800,53400,43900,1300,3100
741,1,253600,51600,46700,2400,4800
742,1,189100,50400,46000,1400,4300
743,1,150100,48800,43900,1200,3900
744,1,156300,48400,45800,1200,3700
745,1,151500,48800,43200,1300,3800
746,1,149100,48700,43600,1200,3700
747,1,151300,47800,44100,1300,3700
748,1,157800,48500,43700,1300,3700
749,1,165900,48500,44000,1400,3800
750,1,177600,48700,48100,1300,4100
751,1,173700,48900,42600,1300,4100
752,1,159700,48500,43300,1400,3700
753,1,169600,48900,44200,1300,4100
754,1,187500,49400,43900,1300,4100
755,1,159700,48700,44800,1300,4000
756,1,197000,49400,43900,1300,3900
757,1,161500,48200,43600,1200,3800
758,1,186700,49000,43900,1400,4000
759,1,165800,48400,44100,1400,4000
760,1,154500,48300,44100,1300,3800
761,1,163100,48300,44200,1200,3800
762,1,194100,49400,44100,1300,4000
763,1,177100,48400,44000,1300,4000
764,1,152600,48100,44100,1300,3900
765,1,158200,48000,44100,1300,3900
766,1,178600,48600,43600,1300,3900
767,1,148500,47900,43300,1200,3000
768,1,151600,48100,43800,1100,3800
769,1,156400,48300,44000,1300,3800
770,1,158600,47900,43700,1300,3900
771,1,191600,49200,44100,1900,3900
772,1,158700,52700,44100,1300,3000
773,1,161500,48500,48200,1200,3900
774,1,168400,50100,46100,1200,7400
775,1,169700,50200,43900,1400,4000
776,1,154000,47800,44100,1200,2800
777,1,160700,48500,44000,1200,3800
778,1,206100,53400,44200,1300,3000
779,1,172300,48900,44000,1300,4000
780,1,159300,48100,43800,1200,3900
781,1,161400,48300,43800,1200,4000
782,1,159800,48500,43800,1200,3900
783,1,159500,48300,44100,1300,3900
784,1,171100,48700,44600,1400,3900
785,1,177000,53400,46700,2400,4000
786,1,226600,51600,45300,2300,4900
787,1,182200,49700,44500,1300,4200
788,1,161400,48700,45300,1500,3700
789,1,169000,49900,45000,1300,4100
790,1,189900,49100,44000,1400,4000
791,1,167000,49300,44000,1300,4100
792,1,159000,48400,44100,1400,4000
793,1,195700,47600,43900,1300,4100
794,1,556000,49700,418200,1300,3900
795,1,524600,58300,394700,1400,4200
796,1,228600,54800,44600,1600,59700
797,1,231200,50800,44000,1400,63800
798,1,205700,49800,44100,1500,19300
799,1,182800,51000,44300,1400,4200
800,1,175600,52200,44700,2300,4900
801,1,202200,49400,44500,1400,4200
802,1,197300,61000,43600,1300,4100
803,1,151500,48100,43400,1200,3900
804,1,149200,47900,43800,1300,3600
805,1,151200,48100,44200,1300,3800
806,1,151700,48500,44400,1300,3900
807,1,151100,47800,43900,1300,3800
808,1,151800,48100,43300,1200,3700
809,1,167000,48500,44400,1300,3900
810,1,171700,48900,43600,1400,4000
811,1,177100,49100,43800,1400,3300
812,1,164200,48700,43500,1300,4000
813,1,172900,48700,43700,1400,4000
814,1,192000,49100,43800,1400,4200
815,1,162900,48000,43900,1200,4100
816,1,201100,49600,43400,1300,4100
817,1,173100,48100,44300,1300,4000
818,1,193100,48800,44000,1300,4200
819,1,171000,48700,43600,1400,4000
820,1,162500,48900,44200,1200,4200
821,1,161900,48300,44200,1400,3900
822,1,157600,48200,43600,1300,3900
823,1,161700,48400,44400,1300,4000
824,1,200300,48600,44300,1400,4000
825,1,228700,49000,44200,1500,3500
826,1,218000,48500,44200,1300,4300
827,1,155300,49300,44700,1200,3900
828,1,166900,50000,45200,2300,4700
829,1,172400,50100,46100,1300,4200
830,1,159900,49600,44000,1300,4200
831,1,229100,52500,46900,2400,4700
832,1,166800,49400,44100,1400,4000
833,1,160100,49200,44000,1400,3800
834,1,155800,48100,44000,1200,4000
835,1,159100,52600,44300,1200,2900
836,1,157900,49200,44300,1300,3800
837,1,159100,48000,44200,1200,3800
838,1,206700,48200,44000,1300,4100
839,1,165600,48500,44500,1300,4000
840,1,157400,48500,44600,1300,3900
841,1,160200,48400,43900,1300,3000
842,1,159200,48400,44300,1300,3900
843,1,160200,48000,43900,1400,3900
844,1,165700,48600,44000,1300,4000
845,1,161700,48400,44000,1400,4000
846,1,195100,48800,44100,1300,4000
847,1,161100,48500,43800,1300,3900
848,1,153100,48100,44200,1200,3000
849,1,161900,48500,43800,1400,3800
850,1,181900,48800,44000,1300,3900
851,1,163300,48300,43900,1300,4000
852,1,150300,47600,44000,1200,3700
853,1,156800,47800,43900,1300,3800
854,1,158700,47300,43900,1300,3900
855,1,562500,49800,406700,1400,4000
856,1,571800,62000,394300,6900,4600
857,1,234800,58100,44100,1600,58800
858,1,254700,51700,45200,1500,63000
859,1,193900,50800,45000,1400,20600
860,1,155100,48100,44600,1200,4100
861,1,190800,49900,44400,1300,4000
862,1,182500,49000,45800,1300,4000
863,1,150600,48400,44200,1200,3800
864,1,149900,47900,44700,1100,3800
865,1,148900,48200,43800,1200,3700
866,1,148500,48100,44400,1200,3600
867,1,150400,47900,44800,1200,3700
868,1,151400,47900,44700,1400,3700
869,1,164200,49000,44600,1300,3900
870,1,171100,49100,44800,1400,3100
871,1,181900,50000,47000,1500,4100
872,1,205900,52300,45300,2400,4700
873,1,186100,50900,45300,1400,4200
874,1,200100,53900,45900,1400,4100
875,1,163300,48100,44100,1200,3200
876,1,206300,48700,49500,1400,4000
877,1,175000,49300,44200,1300,4000
878,1,188700,49800,44800,1300,4000
879,1,170800,48600,43800,1400,4000
880,1,159200,48300,43900,1300,4000
881,1,155800,48200,43800,1300,2800
882,1,162700,50500,43600,1300,3100
883,1,156400,48100,43400,1300,4000
884,1,156000,47900,43100,1300,3900
885,1,165200,49000,43500,1300,4000
886,1,225400,49700,44000,1400,4100
887,1,181000,48900,43900,1300,4000
888,1,158000,52700,44100,1300,2800
889,1,159900,48500,43700,1300,3900
890,1,159100,48400,43600,1300,3900
891,1,199600,53300,44100,1400,3100
892,1,159700,48600,44100,1300,4000
893,1,160700,48800,44100,1300,3800
894,1,158200,48700,43900,1300,3800
895,1,158200,48300,43800,1400,3900
896,1,160900,48400,43600,1300,4000
897,1,161000,48300,43700,1200,3900
898,1,206700,49100,43500,1300,4100
899,1,167200,48700,43800,1300,4000
900,1,155800,48500,43500,1300,3800
901,1,161000,48500,43800,1200,4000
902,1,162500,48600,44100,1300,4000
903,1,165700,48700,44000,1400,4000
904,1,168600,48800,43700,1400,4100
905,1,171000,49100,44200,1300,4100
906,1,199400,48900,44200,1400,4100
907,1,166500,48800,43700,1300,4000
908,1,160300,48700,43500,1400,4000
909,1,169000,52500,44100,1300,3100
910,1,228700,49100,43900,1400,4200
911,1,200400,49300,44000,1300,4100
912,1,151100,47600,44400,1200,4000
913,1,158500,48400,43500,1300,3800
914,1,156100,48800,43500,1200,3800
915,1,159800,46400,44000,1200,3800
916,1,510100,49700,380100,1300,4000
917,1,560700,58700,386500,3100,4300
918,1,273900,54200,44600,1400,57700
919,1,234500,51100,44100,1500,62700
920,1,167800,49800,43700,1400,18900
921,1,188900,49300,43800,1300,4000
922,1,180100,48400,44000,1200,4000
923,1,148200,48000,43600,1200,3800
924,1,147600,47600,43900,1200,3500
925,1,148100,47600,43800,1200,3800
926,1,148100,47700,44400,1200,3800
927,1,148000,47700,43900,1200,3600
928,1,148900,48000,43600,1100,3700
929,1,157000,48000,44200,1200,3700
930,1,161100,48400,44300,1300,3800
931,1,164700,48400,44000,1300,4000
932,1,154400,48000,44200,1200,3900
933,1,162900,48500,43500,1300,3900
934,1,188600,48800,44000,1400,4000
935,1,160400,48200,43700,1300,4100
936,1,200300,49100,47500,1300,3800
937,1,177200,50700,43900,1300,3500
938,1,187800,48600,44300,1300,4100
939,1,167800,48300,43900,1300,3000
940,1,152200,48000,43500,1200,3800
941,1,155200,48200,43800,1300,2900
942,1,157300,48500,43800,1300,3900
943,1,157100,47900,43600,1200,3800
944,1,156000,47900,44100,1400,4000
945,1,163400,48200,44800,1300,3900
946,1,188700,52800,44300,1300,3200
947,1,155200,48000,43200,1200,3900
948,1,192800,49100,43800,1300,4100
949,1,181500,49400,43400,1300,4100
950,1,155700,48000,43800,1300,3900
951,1,189800,49000,43500,1400,3900
952,1,155300,47800,43900,1200,3800
953,1,159600,52600,44100,1300,3000
954,1,158100,48200,43800,1200,3900
955,1,163900,48500,43700,1300,3900
956,1,163200,48100,43900,1300,4000
957,1,167300,48800,44000,1300,3900
958,1,208100,48900,43900,1400,4100
959,1,166100,48400,43500,1200,3900
960,1,164600,49100,44000,1300,2500
961,1,159200,52100,44400,1300,2800
962,1,159300,52300,44000,1200,2900
963,1,155200,48200,45000,1300,3900
964,1,157000,47400,44000,1300,4000
965,1,165900,48400,44000,1300,3900
966,1,201000,54600,44900,1300,3100
967,1,168900,48800,43700,1400,4000
968,1,159300,49200,44000,1200,4100
969,1,167500,48300,43900,1300,4000
970,1,186200,48700,43900,1300,4000
971,1,164600,47700,46200,1300,4100
972,1,155400,48200,43700,1200,3900
973,1,159200,48800,43600,1400,3000
974,1,156800,48400,43700,1200,3800
975,1,169700,49300,44600,1300,4500
976,1,165700,47400,43900,1300,4100
977,1,506400,49800,379800,1300,4100
978,1,538500,56400,378300,1500,4200
979,1,274900,54300,44400,1400,56100
980,1,243500,55800,44200,1400,61400
981,1,210400,50200,44000,1400,20900
982,1,178400,48500,44000,1400,3000
983,1,151400,48100,43500,1200,3900
984,1,150900,47500,44200,1100,3800
985,1,149200,47400,44100,1200,2800
986,1,154500,47800,44000,1200,3900
987,1,156900,48200,43700,1300,3800
988,1,155600,48400,44000,1300,3900
989,1,173400,48400,43900,1300,4000
990,1,167800,48400,44000,1300,4200
991,1,170100,48500,43700,1400,4100
992,1,152500,48200,43600,1200,3000
993,1,164500,48700,43900,1400,3900
994,1,184400,48700,44100,1300,4100
995,1,198800,48700,43900,1400,4300
996,1,231400,49500,43500,1400,4200
997,1,166500,48800,43900,1200,4000
998,1,187000,48600,43400,1300,4000
999,1,169100,48000,43600,1400,3900
1000,1,156800,48000,44000,1300,3900
1001,1,176700,48300,43900,1300,3900
1002,1,154800,48200,44000,1300,3800
1003,1,157300,48100,44000,1300,3800
1004,1,156600,48100,43800,1200,3900
1005,1,159500,48100,44200,1400,3900
1006,1,182500,48600,43800,1400,4000
1007,1,155800,49000,43900,1300,3900
1008,1,158600,49300,44000,1200,3000
1009,1,171100,48500,43500,1300,4000
1010,1,196600,49100,43500,1400,4100
1011,1,213500,48700,44000,2100,3200
1012,1,156800,48500,43700,1300,3800
1013,1,157100,48300,44100,1300,3800
1014,1,154200,47900,43800,1100,3900
1015,1,159600,48200,44100,1300,3900
1016,1,156200,48200,44000,1300,4000
1017,1,157900,48200,44000,1300,3900
1018,1,205900,49200,43400,1300,4100
1019,1,165100,48700,44200,1300,3800
1020,1,152500,48100,44100,1200,3800
1021,1,152500,47700,43400,1200,3800
1022,1,168100,54900,48700,1200,3700
1023,1,163600,50200,44000,1300,3800
1024,1,155200,48600,43600,1300,3900
1025,1,158200,48400,43900,1200,3800
1026,1,182100,48700,44000,1300,3000
1027,1,161900,48200,43800,1300,3900
1028,1,155800,48400,43800,1200,3800
1029,1,162300,48700,43800,1400,3900
1030,1,185800,48600,44100,1400,3900
1031,1,162700,48400,43900,1300,4000
1032,1,155400,47800,44100,1200,3900
1033,1,158300,48300,43800,1300,3900
1034,1,156900,48000,43900,1200,3600
1035,1,163400,49200,43800,1300,3900
1036,1,164100,48700,44200,1400,3900
1037,1,169500,47400,43500,1300,4100
1038,1,551400,50100,405400,1300,4200
1039,1,522000,56500,377900,1500,4300
1040,1,224900,54200,44200,1400,56100
1041,1,295300,50200,44400,1400,62900
1042,1,231600,50300,43800,1400,19700
1043,1,155500,48900,43700,1300,4200
1044,1,150600,47900,43900,1300,3900
1045,1,154900,47800,44300,1200,3700
1046,1,150200,47800,44100,1300,3800
1047,1,153300,48600,44000,1300,3800
1048,1,148100,47800,44000,1200,3000
1049,1,162600,51200,43800,1400,3900
1050,1,168100,48100,43900,1300,4000
1051,1,167200,48800,44000,1400,3900
1052,1,161800,50500,44200,1300,3900
1053,1,162700,48600,43600,1300,3900
1054,1,179000,49000,44000,1300,4200
1055,1,155300,50700,42800,1300,2900
1056,1,188800,48600,43800,1400,3900
1057,1,163800,48600,43900,1300,3900
1058,1,188000,48500,43400,1300,4000
1059,1,172100,48600,43800,1300,4100
1060,1,160500,48400,44400,1300,4000
1061,1,160700,48700,43900,1400,3000
1062,1,163000,48500,44000,1300,3900
1063,1,161800,48300,43600,1300,3900
1064,1,155100,48000,44400,1300,2900
1065,1,167000,48700,44200,1300,3800
1066,1,185600,49100,43800,1500,3200
1067,1,156800,48600,44400,1300,3900
1068,1,159000,47900,43700,1200,4000
1069,1,161400,48800,43700,1300,3900
1070,1,165300,48800,43900,1300,4000
1071,1,200200,49200,43700,1500,4000
1072,1,205900,48700,44200,1500,4000
1073,1,190900,49000,43800,1300,4100
1074,1,161100,48600,44200,1300,4000
1075,1,161500,48700,44100,1300,4000
1076,1,161600,48400,44400,1300,3900
1077,1,160000,48200,43900,1200,3800
1078,1,207400,48700,43800,1300,4000
1079,1,170600,48500,44200,1300,3900
1080,1,197300,48800,44300,1300,4100
1081,1,191300,49000,44100,1400,4000
1082,1,152400,48100,44000,1200,3800
1083,1,153000,48500,43800,1200,3900
1084,1,155200,48400,44300,1200,3800
1085,1,154500,47800,43900,1300,3900
1086,1,190400,52900,44100,1300,2800
1087,1,157400,48500,44100,1200,3800
1088,1,150900,47700,44200,1200,3800
1089,1,160200,48000,43300,1300,3700
1090,1,183700,53000,44200,1300,3000
1091,1,164800,48900,44100,1400,3900
1092,1,155500,47800,44000,1300,3800
1093,1,159500,48200,43900,1300,3800
1094,1,160800,48400,44400,1300,3900
1095,1,159500,48000,44100,1300,3900
1096,1,164800,48400,44100,1300,4000
1097,1,169900,48800,44100,1300,3900
1098,1,186600,47300,44000,1400,4100
1099,1,523200,49700,388800,1500,4000
1100,1,509200,62300,378000,1400,4100
1101,1,249800,54400,43900,1400,56200
1102,1,248200,52200,47400,1500,62100
1103,1,293000,77800,46600,2400,30700
1104,1,182000,49500,44500,1400,4400
1105,1,150900,48400,44200,1300,3800
1106,1,152700,49000,43900,1300,3800
1107,1,149200,48000,44200,1300,3800
1108,1,150500,47800,44100,1200,3800
1109,1,161400,48500,44100,1200,3700
1110,1,162600,48500,43200,1400,3900
1111,1,166200,48400,43800,1300,3900
1112,1,154400,48100,44200,1200,3800
1113,1,162400,48600,44100,1300,3900
1114,1,183200,48500,43900,1400,4100
1115,1,152100,47900,43900,1300,2900
1116,1,187400,48700,43900,1300,3300
1117,1,164500,48500,43700,1300,3800
1118,1,177400,48300,43900,1400,3200
1119,1,170500,52800,44100,1300,2900
1120,1,156500,48300,43900,1300,3800
1121,1,160900,48700,43500,1300,3900
1122,1,173700,48400,44900,1300,4000
1123,1,160700,48200,44100,1300,3900
1124,1,162300,48600,43600,1300,3800
1125,1,177000,49100,46300,1400,4100
1126,1,190300,48700,43900,1500,4200
1127,1,166300,48600,44200,1400,4000
1128,1,163500,48400,43300,1300,4000
1129,1,163600,48800,43400,1300,3900
1130,1,165100,48900,44000,1300,4000
1131,1,196600,48600,43900,1500,4000
1132,1,164700,48600,43700,1300,4000
1133,1,165500,48700,44000,1400,4100
1134,1,200300,49300,44000,1400,4100
1135,1,183100,49000,42900,1300,4200
1136,1,159100,48400,44000,1300,3900
1137,1,164500,48500,43900,1200,3900
1138,1,207300,49500,43400,1300,4100
1139,1,167900,48600,43600,1300,4000
1140,1,155300,48200,44000,1200,3800
1141,1,156000,48400,43500,1200,3900
1142,1,164900,53400,43800,1300,3700
1143,1,155400,48100,44100,1300,3900
1144,1,158300,48800,44900,1300,3900
1145,1,159500,48900,45400,1300,3900
1146,1,186000,48800,43700,1300,4100
1147,1,161200,48200,44400,1300,3900
1148,1,162900,57100,46300,1300,3800
1149,1,163800,48100,44200,1300,9300
1150,1,181900,53000,44300,1300,3100
1151,1,166200,48600,43800,1300,4000
1152,1,157800,48400,43800,1300,4000
1153,1,162900,48500,43700,1400,4000
1154,1,165500,48600,44600,1300,5500
1155,1,164900,48500,43600,1400,4100
1156,1,174400,48700,42600,1400,4000
1157,1,176000,49200,43900,1500,3900
1158,1,196400,49900,43500,1300,4200
1159,1,183400,47800,43700,1300,4200
1160,1,521600,49700,405200,1300,3900
1161,1,545400,57000,378800,1400,4300
1162,1,241300,54200,43800,1400,56900
1163,1,219900,51100,44100,1400,63300
1164,1,179200,50200,43800,1400,20700
1165,1,235000,49200,44300,1300,3300
1166,1,208000,48700,44400,1400,4100
1167,1,148900,48400,43000,1200,3700
1168,1,150000,48000,44200,1200,3700
1169,1,157400,48200,43900,1300,3800
1170,1,162500,48800,43700,1300,3900
1171,1,166100,48800,43400,1400,4100
1172,1,154500,48100,44200,1200,3900
1173,1,160900,48900,43500,1300,4000
1174,1,180800,49100,43900,1300,4000
1175,1,156900,48200,43300,1300,3900
1176,1,187900,48800,43800,1300,4000
1177,1,158700,48000,43900,1300,3800
1178,1,179100,48200,43800,1200,3900
1179,1,162400,48300,44000,1200,3800
1180,1,148500,47600,44200,1200,3700
1181,1,154000,48000,44000,1300,3800
1182,1,157200,48300,44300,1200,3900
1183,1,159100,48200,43900,1300,3900
1184,1,158000,48000,43800,1200,3900
1185,1,167900,48000,44500,1300,3900
1186,1,181800,48900,43700,1300,4000
1187,1,166800,49300,48000,1300,3900
1188,1,167100,50600,44800,1300,3900
1189,1,177000,50400,42900,1500,4000
1190,1,163500,49800,44100,1400,3800
1191,1,194500,48700,44200,1400,4000
1192,1,160500,48400,43500,1400,4000
1193,1,160900,48600,43700,1300,3000
1194,1,161500,52600,44200,1300,2900
1195,1,161200,48400,44300,1300,3900
1196,1,198400,49200,43900,1300,4100
1197,1,182800,49000,43700,1400,4200
1198,1,204200,48600,43600,1300,4200
1199,1,164700,48200,44200,1200,3800
1200,1,152100,48000,44200,1300,3800
1201,1,153000,47700,44200,1300,3800
1202,1,150800,47800,43600,1200,3800
1203,1,152600,48100,44000,1200,3800
1204,1,154400,48100,44200,1300,3800
1205,1,161400,55900,43700,1300,3800
1206,1,183300,48100,43700,1300,3700
1207,1,157000,48000,44200,1200,3800
1208,1,148100,47800,43400,1200,3700
1209,1,156800,48200,43900,1300,3800
1210,1,184000,49300,44300,1300,4000
1211,1,164700,48900,44600,1300,4100
1212,1,158800,48400,44200,1200,3800
1213,1,164100,48600,44200,1300,3900
1214,1,161800,48700,44100,1300,3800
1215,1,163100,48500,43800,1400,2900
1216,1,171400,48900,43800,1300,4000
1217,1,187400,48700,44000,1300,4300
1218,1,198300,53300,44400,1400,3400
1219,1,177500,48700,43900,1400,4200
1220,1,156600,46900,43700,1300,4000
1221,1,527600,49800,378700,1400,3100
1222,1,527900,56300,378300,1400,4400
1223,1,217800,54300,44200,1400,56900
1224,1,214900,50800,43600,1400,62600
1225,1,178000,50300,44600,1400,20500
1226,1,156300,48800,43900,1300,4100
1227,1,197800,48900,44300,1300,4000
1228,1,177300,48700,43900,1400,4200
1229,1,161300,48800,43600,1300,4100
1230,1,164000,48600,44200,1300,4000
1231,1,167800,48500,44400,1400,4000
1232,1,158500,48500,44300,1200,3900
1233,1,170400,49400,44300,1300,4000
1234,1,180900,48700,44300,1300,4100
1235,1,155900,48100,44300,1300,3900
1236,1,198400,48600,44300,1300,6600
1237,1,162400,49700,44300,1300,4000
1238,1,187600,48900,44000,1300,4000
1239,1,164700,48300,43900,1200,3900
1240,1,154200,48300,45900,1300,3900
1241,1,168800,53200,44600,1300,3000
1242,1,161800,48700,44700,1200,3800
1243,1,160100,48600,44500,1200,3800
1244,1,169800,49700,44500,1300,6500
1245,1,169500,48800,43900,1300,4000
1246,1,190500,49000,44500,1300,4100
1247,1,161300,48300,44300,1200,4000
1248,1,163700,48500,44800,1300,4000
1249,1,170400,48900,44100,1300,4200
1250,1,203900,49300,44300,1300,4200
1251,1,233500,49600,43900,1400,4100
1252,1,164000,48800,44600,1300,3900
1253,1,163000,48700,44300,1300,3900
1254,1,161100,48700,44600,1300,3900
1255,1,160000,48500,44500,1300,3900
1256,1,161600,48200,44300,1200,3900
1257,1,167100,49100,44300,1300,4000
1258,1,245500,49600,44200,1400,4100
1259,1,191500,49300,44400,1300,4100
1260,1,154000,48200,44500,1300,3900
1261,1,153600,48000,44600,1200,3800
1262,1,152300,47600,44400,1200,3800
1263,1,153500,48300,44600,1300,3700
1264,1,155100,48400,44600,1200,3800
1265,1,154500,48300,44500,1200,3900
1266,1,186100,49200,44500,1200,3900
1267,1,158200,48600,44100,1200,3800
1268,1,150000,47700,44300,1200,3700
1269,1,155800,48400,44200,1300,3800
1270,1,175800,48400,44700,1200,3900
1271,1,161400,48300,44800,1200,4000
1272,1,149000,48100,44800,1200,3700
1273,1,153100,47800,44600,1200,3800
1274,1,154200,48000,44500,1300,3800
1275,1,169800,48700,45600,1300,3900
1276,1,184200,51900,47600,1600,4200
1277,1,201900,51900,49200,1400,4000
1278,1,196400,49700,44300,1300,4100
1279,1,180600,48900,47100,1400,3200
1280,1,162900,50300,46000,1300,4000
1281,1,192300,50900,44600,1300,4000
1282,1,535300,51800,392600,1300,4000
1283,1,506600,56600,385000,1400,4300
1284,1,221200,62100,45800,1500,57200
1285,1,219500,50900,45000,1400,63000
1286,1,171800,49900,44800,1400,20600
1287,1,155100,48400,43900,1200,4000
1288,1,160500,48600,44800,1300,3900
1289,1,201600,49600,44100,1400,4100
1290,1,188600,49500,44600,1400,4100
1291,1,168800,49200,45000,1400,4100
1292,1,155900,48700,44500,1300,3800
1293,1,163700,49000,45100,1300,3900
1294,1,184000,49100,44700,1400,4100
1295,1,165100,49200,45700,1300,4000
1296,1,196000,49200,44600,1400,3800
1297,1,172400,48700,44400,1300,3900
1298,1,186400,49300,44700,1300,3900
1299,1,167200,48600,44800,1200,3800
1300,1,153400,48300,44600,1200,3800
1301,1,157300,48700,44700,1400,3800
1302,1,157900,48600,44300,1200,3900
1303,1,155600,48600,44900,1200,3800
1304,1,155100,48500,44700,1300,3900
1305,1,161600,48700,44300,1300,3900
1306,1,185000,49400,44700,1300,4000
1307,1,164700,49000,44600,1300,4100
1308,1,162300,48800,44700,1300,4000
1309,1,166800,49000,44600,1300,4100
1310,1,168500,53400,44700,1300,3100
1311,1,225900,52300,45900,1800,4300
1312,1,165600,48900,44700,1400,4200
1313,1,171300,49700,44600,1400,4000
1314,1,165500,49000,44500,1300,3900
1315,1,161900,48700,44900,1400,3900
1316,1,167300,49300,44600,1400,4100
1317,1,170600,49100,44400,1300,4100
1318,1,209000,49400,45100,1400,3300
1319,1,173700,49300,44700,1300,4000
1320,1,198800,49000,44700,1300,4200
1321,1,187000,49300,44500,1300,4100
1322,1,157000,48600,44700,1300,3800
1323,1,156300,48500,44600,1200,3800
1324,1,159500,48700,44700,1400,3900
1325,1,159300,48900,44100,1300,3900
1326,1,194300,48900,44300,1300,4000
1327,1,166300,48700,44900,1200,3900
1328,1,157200,48900,44700,1300,3900
1329,1,164100,48700,45100,1300,3900
1330,1,185400,50100,44500,1300,3900
1331,1,163300,48700,44600,1300,4100
1332,1,152600,48300,44900,1200,3800
1333,1,159000,48500,45600,1200,3900
1334,1,161600,48900,44400,1400,3900
1335,1,206400,50100,47700,1400,4100
1336,1,206700,49600,45000,1400,4200
1337,1,171700,49400,44800,1300,4000
1338,1,217400,52700,45800,2400,4900
1339,1,194800,52800,45600,2400,4100
1340,1,170400,49600,44600,1500,4600
1341,1,199200,49300,44100,1400,4200
1342,1,190100,48600,44600,1300,4000
1343,1,494900,48800,384400,1400,3800
1344,1,498800,56800,378500,1400,4200
1345,1,218100,54300,44300,1400,58300
1346,1,218100,56000,44400,1400,61500
1347,1,173300,50000,43700,1400,20700
1348,1,153400,48600,43700,1300,4000
1349,1,164600,48400,43800,1300,3900
1350,1,168500,48800,43100,1400,3900
1351,1,207900,48700,44000,1400,4000
1352,1,179600,48700,44000,1300,4000
1353,1,167100,48800,44400,1400,4000
1354,1,181100,48800,43800,1300,3100
1355,1,157300,53000,44400,1200,2900
1356,1,231600,61100,48100,2300,4700
1357,1,173500,51600,45000,1400,4100
1358,1,237500,58400,47700,2400,4700
1359,1,188500,53000,46300,2400,4800
1360,1,160000,49200,44300,1400,4600
1361,1,163200,48800,44300,1400,3400
1362,1,153900,48400,44200,1200,3900
1363,1,152700,48300,44100,1200,3900
1364,1,151200,47700,43700,1200,3900
1365,1,159900,48400,43900,1200,4000
1366,1,180000,48800,43500,1300,3900
1367,1,153900,48100,44000,1300,3900
1368,1,163000,51200,44300,1400,3900
1369,1,166200,48700,44500,1300,4100
1370,1,179200,51500,45500,2300,4800
1371,1,224500,52100,46800,2500,4800
1372,1,173600,54800,44200,1500,3100
1373,1,168600,49000,44100,1400,4100
1374,1,160700,48700,44400,1200,3900
1375,1,161000,48600,44200,1300,3900
1376,1,164600,47900,44200,1400,3900
1377,1,161500,48400,43700,1200,3900
1378,1,215000,49100,44100,1300,4200
1379,1,175000,49500,44200,1300,4000
1380,1,166200,48300,44200,1300,3900
1381,1,166600,48200,44200,1300,4000
1382,1,203300,48700,43900,1400,4100
1383,1,184600,49300,45100,1500,4100
1384,1,158300,48200,43600,1400,4000
1385,1,160600,48600,43500,1300,3900
1386,1,195000,48800,44100,1300,3900
1387,1,161400,48300,43800,1300,3900
1388,1,151700,48300,44100,1200,3800
1389,1,157700,47600,43800,1400,3900
1390,1,197900,51500,45000,1600,4200
1391,1,162400,48700,44100,1400,4100
1392,1,153200,48500,43800,1200,3900
1393,1,155300,48600,43700,1200,3700
1394,1,154700,49500,44000,1300,2900
1395,1,159200,48600,43500,1300,3800
1396,1,165300,48400,44300,1300,4100
1397,1,163200,48700,43600,1400,2900
1398,1,193000,48700,44100,1400,4000
1399,1,182400,53200,44000,1400,3200
1400,1,164500,47700,44100,1300,4000
1401,1,195900,48800,44600,1300,4100
1402,1,188800,48200,44000,1300,4100
1403,1,156700,46600,44100,1300,4000
1404,1,522800,49500,407000,1200,3800
1405,1,503100,57400,380400,1400,4200
1406,1,220100,54300,43700,1400,58900
1407,1,224000,50700,43800,1400,63300
1408,1,173800,50200,44100,1400,20700
1409,1,167500,48300,43800,1400,4300
1410,1,166900,48300,43000,1300,4100
1411,1,181200,49700,45800,1300,4200
1412,1,191200,51900,45600,2400,4900
1413,1,255800,52900,46300,2400,4900
1414,1,244700,56200,46600,2400,4900
1415,1,173300,50100,44700,1500,4600
1416,1,206600,50100,43700,1300,4000
1417,1,169900,53200,44500,1300,3100
1418,1,187100,48600,44200,1400,4000
1419,1,181400,48400,43800,1300,3900
1420,1,197300,48600,43600,1400,3900
1421,1,190100,48600,44000,1400,4200
1422,1,153400,47700,43900,1200,3700
1423,1,154000,49200,44200,1200,3800
1424,1,153900,48100,44200,1200,3800
1425,1,158900,47900,44400,1300,3800
1426,1,179500,48400,44000,1300,3900
1427,1,151700,48200,43300,1200,3900
1428,1,156500,48200,43900,1200,3700
1429,1,157600,48400,44300,1200,3900
1430,1,158800,48000,44000,1300,2900
1431,1,198100,49200,44400,1500,3400
1432,1,161800,48000,43800,1400,2900
1433,1,166900,48900,43900,1300,4100
1434,1,161900,48300,43900,1300,3800
1435,1,163500,48300,44100,1300,3900
1436,1,160300,48100,44000,1300,3800
1437,1,164000,48700,43600,1300,4000
1438,1,209800,48900,43700,1400,3900
1439,1,167800,48500,44000,1300,4000
1440,1,158600,48200,43800,1300,2900
1441,1,163300,49100,47900,3900,3300
1442,1,161900,49200,43800,1300,3800
1443,1,158200,48300,43900,1300,4000
1444,1,196900,49000,44000,1400,4100
1445,1,177800,48300,44000,1400,3200
1446,1,187700,48500,43700,1400,4000
1447,1,157400,48500,43700,1200,3800
1448,1,149900,47900,44200,1200,4000
1449,1,158600,48500,43900,1300,3700
1450,1,180400,53000,44100,1200,3100
1451,1,157700,48500,43700,1300,4000
1452,1,147800,47700,43700,1200,3800
1453,1,151700,47800,43800,1300,3800
1454,1,152600,47900,43900,1200,3700
1455,1,156100,48200,44000,1300,3800
1456,1,159200,48300,44000,1200,3000
1457,1,161100,48700,43800,1200,3900
1458,1,186700,48500,44100,1300,4100
1459,1,176200,53000,45400,1300,3000
1460,1,157400,49000,44600,1300,4800
1461,1,187300,47600,43100,1400,3900
1462,1,189700,48600,49400,5300,3900
1463,1,155800,48000,44000,1300,3900
1464,1,156900,46500,43900,1300,3900
1465,1,517200,49300,398700,1400,2800
1466,1,522100,57000,392700,1300,4400
1467,1,220600,54000,44000,1500,58600
1468,1,222900,50400,44600,1400,62800
1469,1,185300,50200,43800,1400,20800
1470,1,166500,48600,43900,1300,4200
1471,1,173800,48700,43900,1400,4200
1472,1,161000,48600,44000,1300,4000
1473,1,168200,49300,43600,1300,4100
1474,1,187800,48900,44100,1300,4200
1475,1,198200,48600,44100,1300,4200
1476,1,216100,49500,43700,1300,4000
1477,1,164000,48800,43500,1300,4100
1478,1,182000,48600,43800,1200,4000
1479,1,164400,48500,43300,1300,3900
1480,1,152100,48100,43700,1200,3900
1481,1,159300,48300,44000,1300,3800
1482,1,155000,48100,44500,1200,3900
1483,1,152200,48400,43700,1300,3000
1484,1,153700,48400,43700,1200,3600
1485,1,160100,48300,44200,1300,3900
1486,1,179200,48500,44300,1300,4000
1487,1,153700,48400,43300,1300,2800
1488,1,154300,48200,44000,1300,3800
1489,1,158000,48500,43800,1300,3900
1490,1,160600,48200,43700,1300,3900
1491,1,188800,49200,43600,1500,3100
1492,1,163000,49000,43700,1300,4000
1493,1,167400,49100,43900,1400,4000
1494,1,164600,48700,44000,1300,4000
1495,1,164600,48400,44000,1300,4000
1496,1,169600,48600,43700,1300,4100
1497,1,174900,52800,43000,1300,2900
1498,1,210300,48700,44100,1400,4100
1499,1,175000,48800,43700,1300,4100
1500,1,164000,49600,43100,1400,3000
1501,1,160600,48400,43800,1200,4100
1502,1,159500,48600,44100,1300,4000
1503,1,157300,48600,44000,1300,3100
1504,1,184000,56100,48200,2400,4000
1505,1,223200,50100,44200,1400,4700
1506,1,269600,49600,44500,1400,4400
1507,1,184700,48500,44400,1300,4000
1508,1,150000,48000,43900,1200,3700
1509,1,153800,47900,43700,1300,2800
1510,1,179900,48400,43600,1300,3800
1511,1,156400,48100,43900,1300,3000
1512,1,148800,47900,44000,1200,3700
1513,1,154600,47600,44000,1200,3700
1514,1,152100,47900,44000,1300,3900
1515,1,157700,48100,43900,1300,3700
1516,1,162800,48600,44000,1300,3900
1517,1,163900,48800,43700,1400,3800
1518,1,189100,48800,44100,1300,4000
1519,1,169600,48400,44000,1300,3200
1520,1,151400,48000,43800,1200,3900
1521,1,186200,48400,43700,1300,3900
1522,1,177800,47900,43800,1300,3900
1523,1,154900,47900,43800,1300,3800
1524,1,154900,47900,44000,1200,3900
1525,1,153500,46500,43700,1300,3800
1526,1,495100,53300,380200,1200,2800
1527,1,555000,66300,419200,2500,4000
1528,1,228200,53900,44700,1500,58800
1529,1,225200,50600,44100,1400,62700
1530,1,188600,50500,44300,1400,20700
1531,1,173800,48900,44100,1400,4300
1532,1,157000,48400,44400,1300,4000
1533,1,167400,48200,43900,1400,4000
1534,1,184700,48200,44100,1300,4100
1535,1,158600,48300,44000,1300,4000
1536,1,195200,48700,43700,1300,4000
1537,1,206700,48900,44000,1300,4100
1538,1,206500,48700,44100,1400,4100
1539,1,163500,48000,44000,2200,3900
1540,1,150100,47900,44000,1300,3800
1541,1,154000,48300,43900,1200,3800
1542,1,152000,48000,43900,1200,3800
1543,1,155700,52300,44800,1200,2800
1544,1,153000,48000,44300,1200,3800
1545,1,160500,48200,43900,1300,3800
1546,1,179300,48700,44000,1300,4000
1547,1,158200,53600,44200,1200,2900
1548,1,169400,51300,44800,2300,4700
1549,1,164100,48500,44400,1400,3000
1550,1,166100,48700,44100,1300,4000
1551,1,202200,49200,44200,1400,4100
1552,1,165000,48800,44100,1300,4000
1553,1,164700,48500,44300,1400,4000
1554,1,166600,52900,44200,1300,3200
1555,1,165800,48300,44000,1300,4000
1556,1,167100,48300,44200,1400,4100
1557,1,172000,48500,43700,1300,4200
1558,1,215400,48500,44300,1400,4200
1559,1,174600,48500,44300,1300,4100
1560,1,158900,48300,43600,1200,4000
1561,1,161100,48300,44200,1200,3900
1562,1,160900,48500,42800,1300,4100
1563,1,155300,47900,43900,1300,3900
1564,1,163100,48500,44100,1300,4000
1565,1,158800,48500,43900,1300,4000
1566,1,193500,48500,44300,1300,3900
1567,1,165500,48500,43800,1300,3800
1568,1,194000,48900,43900,1300,3900
1569,1,183600,49400,43600,1400,4000
1570,1,183700,48700,44300,1400,4000
1571,1,160000,49600,43200,1400,3100
1572,1,152600,48300,44000,1200,3800
1573,1,155700,48000,44000,1200,3800
1574,1,161000,48500,44300,1200,3700
1575,1,159000,48300,44200,1300,3900
1576,1,165500,47900,44400,1400,4100
1577,1,167100,48200,44300,1300,3900
1578,1,189700,48700,43900,1400,4000
1579,1,174800,49200,44200,1300,4200
1580,1,156800,52300,44300,1200,2900
1581,1,204300,61000,44000,1300,4000
1582,1,185300,48500,43800,1300,4000
1583,1,153900,48000,44200,1200,3900
1584,1,155600,48000,43900,1300,3800
1585,1,160400,48200,44000,1300,4000
1586,1,158800,46800,44100,1300,3900
1587,1,494100,50300,378000,1300,3700
1588,1,506400,57100,378200,1500,4200
1589,1,232600,54300,44200,1600,57800
1590,1,276300,51000,44100,1400,62900
1591,1,228700,49700,45100,1400,20900
1592,1,163500,48700,43900,1300,4000
1593,1,168600,48700,43800,1300,3900
1594,1,182400,48200,43600,1300,4100
1595,1,163500,48400,43800,1200,4200
1596,1,191100,49000,43400,1300,4000
1597,1,164100,48700,43400,1400,3900
1598,1,185700,48700,43800,1400,4100
1599,1,207600,48800,44400,1400,4000
1600,1,174200,48300,43700,1300,4000
1601,1,161300,55600,43900,1300,3900
1602,1,153200,48600,43900,1200,3900
1603,1,152000,47700,43900,1200,3800
1604,1,152100,48100,44200,1300,3800
1605,1,157500,48100,44000,1200,3900
1606,1,175900,48100,43800,1300,4000
1607,1,158500,47800,49400,1200,3800
1608,1,179100,54300,47400,2400,7400
1609,1,180800,50300,46200,1400,4100
1610,1,183300,55700,45800,2200,4800
1611,1,204100,50000,44200,1500,4600
1612,1,157600,48700,43800,1300,4000
1613,1,159000,48600,43700,1300,3900
1614,1,155500,48600,44200,1300,3800
1615,1,159000,48400,44100,1300,3900
1616,1,163600,48600,44000,1300,3800
1617,1,166300,48400,43800,1300,3900
1618,1,214600,48800,44300,1400,4100
1619,1,172700,48500,43900,1300,3800
1620,1,159700,48000,43600,1300,4000
1621,1,161200,48200,44200,1200,3900
1622,1,153700,48200,43800,1300,3200
1623,1,157000,48000,44000,1300,3800
1624,1,161000,48400,44100,1300,3900
1625,1,159600,52800,44300,1300,2800
1626,1,191800,48300,43900,1300,4000
1627,1,159700,48200,43900,1300,3900
1628,1,154100,48300,43700,1200,3800
1629,1,164600,52800,44200,1300,3000
1630,1,221200,48700,44200,1300,4100
1631,1,182800,48600,44000,1300,4200
1632,1,149700,47700,43900,1300,3700
1633,1,152500,47800,44300,1200,3900
1634,1,156200,48500,43700,1400,3900
1635,1,163200,48300,43600,1400,3000
1636,1,168800,48900,44100,1300,4100
1637,1,170600,48500,44100,1400,4000
1638,1,193400,48800,44400,1400,4100
1639,1,176300,50200,44100,1300,4000
1640,1,160000,49600,44000,1200,3900
1641,1,191500,48500,44300,1300,4000
1642,1,183600,49000,44100,1300,4000
1643,1,151800,49300,45800,1300,2800
1644,1,150700,48000,44100,1200,3900
1645,1,150100,47800,44000,1200,3800
1646,1,152900,48600,44300,1300,3800
1647,1,161300,47000,43900,1300,3900
1648,1,492100,49500,378600,1300,3000
1649,1,508500,56200,377800,1400,3200
1650,1,233600,54100,44200,1400,57900
1651,1,236800,50900,43900,1400,62800
1652,1,187500,54700,43900,1500,19400
1653,1,168800,48900,44200,1300,3200
1654,1,186000,48900,44100,1300,4100
1655,1,161300,48500,43900,1300,3000
1656,1,192100,48500,44300,1200,4100
1657,1,168500,48300,43800,1300,4000
1658,1,188600,48300,44100,1300,4000
1659,1,169200,48400,44100,1300,3900
1660,1,156900,48000,43700,1300,3900
1661,1,198500,49100,43400,1400,4100
1662,1,179900,49200,43800,1300,4200
1663,1,156900,48400,43700,1200,2900
1664,1,152400,48300,43200,1300,3800
1665,1,160100,48500,44100,1400,3800
1666,1,184800,48700,43900,1200,4000
1667,1,164000,53200,44300,1200,3000
1668,1,157200,47800,43800,1300,3900
1669,1,163600,48800,43800,1300,3900
1670,1,161700,48400,43700,1200,3900
1671,1,196500,49100,44000,1300,4000
1672,1,160600,52800,44500,1300,3000
1673,1,165800,48600,44200,1300,4000
1674,1,160700,48200,43800,1200,4000
1675,1,200900,49000,43700,1300,4300
1676,1,196300,48900,43600,1300,4000
1677,1,160900,48600,44200,1200,4000
1678,1,209200,49000,43700,1400,4100
1679,1,171900,48400,43900,1300,4000
1680,1,160200,48200,43400,1300,3900
1681,1,160700,48400,44100,1300,3900
1682,1,158500,48100,43800,1200,3900
1683,1,159100,48400,43600,4400,4000
1684,1,159300,49300,43700,1400,4000
1685,1,158900,48200,44100,1300,3900
1686,1,192100,48800,43700,1400,4000
1687,1,159700,48500,44000,1200,3900
1688,1,165900,48400,51700,1300,4100
1689,1,158900,48600,44000,1300,4000
1690,1,180900,48500,43900,1300,4000
1691,1,165600,50200,45000,1300,3800
1692,1,190100,48900,43700,1300,4000
1693,1,181000,48500,43700,1300,4000
1694,1,162400,49100,47300,1300,3800
1695,1,175400,50700,45900,1300,10200
1696,1,164300,48900,43900,1300,4100
1697,1,162800,48400,44400,1300,4000
1698,1,188500,48700,44100,1400,4000
1699,1,171000,48800,43500,1400,4000
1700,1,149900,48800,43700,1300,2800
1701,1,185900,48200,44200,1300,3900
1702,1,177600,48500,43800,1200,3900
1703,1,147700,47400,44100,1200,3800
1704,1,147200,47500,44300,1200,3700
1705,1,149300,47800,43200,1300,3700
1706,1,144800,47300,44100,1200,2700
1707,1,147400,47500,43900,1300,3600
1708,1,148300,45900,43900,1200,3700
1709,1,500300,49600,381200,1300,3700
1710,1,527900,56600,395100,1400,4300
1711,1,233800,54300,44200,1400,56700
1712,1,223300,50900,43800,1500,62700
1713,1,186000,49800,43300,1500,20900
1714,1,187000,49600,43600,1400,4200
1715,1,157700,48300,44500,1300,4000
1716,1,191200,48400,43800,1400,3900
1717,1,170200,48700,44000,1300,3900
1718,1,181200,48100,44100,1300,4000
1719,1,172300,48400,43700,1300,4000
1720,1,160000,48100,43700,1300,3900
1721,1,164200,48800,43700,1300,4000
1722,1,165000,48200,44200,1300,3800
1723,1,198600,48800,44200,1400,4100
1724,1,179300,48600,44000,1300,4100
1725,1,161000,48600,43900,1300,4000
1726,1,179200,48300,43300,1300,4100
1727,1,159200,48800,45400,1300,3900
1728,1,155600,48100,44400,1300,3900
1729,1,174000,59200,47800,1300,4000
1730,1,157200,48400,44100,1200,3800
1731,1,192800,48600,43900,1400,4000
1732,1,159100,48400,43700,1200,3900
1733,1,158800,48400,43900,1400,3900
1734,1,154700,48200,43700,1300,3000
1735,1,156000,48600,43900,1400,3000
1736,1,161700,53000,44200,1400,2800
1737,1,163600,48400,44100,1300,4000
1738,1,202800,48700,43500,1300,4000
1739,1,168700,49100,43700,1300,4000
1740,1,160000,48400,43800,1300,4000
1741,1,162100,48200,44100,1300,4100
1742,1,163400,48500,44300,1300,4000
1743,1,161500,48500,43700,1400,4100
1744,1,164700,48800,44100,1300,4100
1745,1,163700,48600,44200,1300,4100
1746,1,191000,49100,44100,1300,4100
1747,1,165900,48500,47900,1400,3100
1748,1,159600,48100,46000,1200,3900
1749,1,164000,48700,43900,1400,4000
1750,1,183800,48500,44500,1300,4200
1751,1,165900,48300,44100,1300,4100
1752,1,161300,48300,43800,1300,4000
1753,1,163200,48400,43300,1300,3900
1754,1,201200,48900,44200,1400,4000
1755,1,187500,49500,43700,1300,4300
1756,1,168200,48800,44400,1200,4000
1757,1,163500,48700,43700,1300,3900
1758,1,191300,48500,44000,1300,4200
1759,1,177500,48900,44100,1300,4100
1760,1,195800,48800,44100,1300,4000
1761,1,224400,49200,44400,1300,4100
1762,1,179100,48600,44100,1300,4000
1763,1,151600,52000,44200,1200,2900
1764,1,148000,48000,43900,1200,3800
1765,1,147800,47600,43900,1200,3700
1766,1,147100,47500,43600,1200,3700
1767,1,151500,47600,44000,1300,3700
1768,1,157600,53900,44000,1200,3700
1769,1,158000,47400,44400,1200,4100
1770,1,515700,50000,396600,1300,4000
1771,1,511600,56200,378400,1400,3200
1772,1,222400,55500,44400,1600,56400
1773,1,242600,55200,53200,1400,62300
1774,1,206500,54800,44400,1400,20800
1775,1,161100,48600,44200,1200,4100
1776,1,193000,49100,44000,1400,4200
1777,1,171600,52100,48000,1300,4000
1778,1,205200,51600,47100,1500,4200
1779,1,171300,49600,44000,1300,4100
1780,1,152400,48200,44400,1200,3800
1781,1,158400,48600,43800,1300,4000
1782,1,154600,48100,44000,1200,3900
1783,1,156800,48300,44200,1300,3900
1784,1,159100,52100,44000,1400,3000
1785,1,201400,53100,44000,1400,3200
1786,1,202100,49100,43800,1300,4100
1787,1,152700,48000,44200,1200,3900
1788,1,151500,48100,43800,1300,3800
1789,1,155400,48100,43700,1200,3800
1790,1,154900,48200,44000,1300,3800
1791,1,189200,48300,44300,1300,4000
1792,1,154500,48000,44000,1200,3800
1793,1,156200,48100,43800,1200,3900
1794,1,154000,48000,43800,1300,3900
1795,1,156200,47900,44200,1200,3000
1796,1,155500,47800,43800,1300,3900
1797,1,157100,48400,43800,1200,3800
1798,1,198900,48600,44000,1300,4100
1799,1,164700,48300,43800,1300,3900
1800,1,151000,47800,43800,1300,3800
1801,1,159300,51500,43500,1200,3800
1802,1,154000,48200,43700,1300,2900
1803,1,157900,48200,43700,1300,4000
1804,1,163800,48400,43800,1400,3900
1805,1,167600,48500,43700,1400,3900
1806,1,198100,48500,43900,1400,4100
1807,1,170700,48800,43800,1400,4100
1808,1,158700,48800,43900,1300,3900
1809,1,162400,48200,44200,1300,4000
1810,1,183800,49300,43800,1300,3300
1811,1,161200,48500,44200,1300,4100
1812,1,159500,48400,44100,1300,4000
1813,1,155900,48300,43700,1300,3900
1814,1,159700,48200,44200,1200,4000
1815,1,163300,48800,43400,1300,4100
1816,1,203800,48800,43900,1300,4100
1817,1,190100,49200,43900,1400,4200
1818,1,188700,48800,44000,1300,4200
1819,1,173600,48700,44000,1400,4100
1820,1,153800,48300,43700,1200,3800
1821,1,198200,53900,43600,1400,3000
1822,1,190900,56100,43400,1400,3900
1823,1,151300,48100,44100,1200,3700
1824,1,150100,47500,44300,1200,3800
1825,1,153200,52100,44000,1200,3000
1826,1,150000,47500,44200,1200,3700
1827,1,151500,47700,44000,1200,3700
1828,1,153000,52000,44100,1200,2800
1829,1,158500,48300,44000,1300,3900
1830,1,160900,47100,44000,1300,3800
1831,1,513700,49800,384500,1300,4000
1832,1,501700,56500,377900,1400,4200
1833,1,231300,54100,44800,1400,56800
1834,1,244300,51200,43700,1500,61700
1835,1,183300,50300,43800,1500,20800
1836,1,200000,49200,44000,1400,4200
1837,1,174100,49100,43700,1400,4200
1838,1,191400,48500,44000,1400,4000
1839,1,172000,48300,44200,1300,3900
1840,1,160000,48700,43500,1400,3900
1841,1,165000,49100,43900,1300,4000
1842,1,155100,48000,43900,1200,3900
1843,1,163100,48400,45500,1300,4000
1844,1,165500,52900,44000,1300,4000
1845,1,204900,48800,43600,1300,4200
1846,1,220700,49400,44000,1500,4100
1847,1,193000,48500,43500,1300,4100
1848,1,180300,55500,44000,1400,3100
1849,1,157000,48600,43600,1300,4100
1850,1,154800,47900,43800,1300,4000
1851,1,190800,48700,43800,1400,4100
1852,1,157700,52300,43700,1300,2900
1853,1,155700,48400,43300,1200,3900
1854,1,153700,48200,43900,1300,3800
1855,1,154900,47800,44200,1200,3900
1856,1,156000,48100,44000,1300,3800
1857,1,157400,47900,44300,1300,3900
1858,1,201700,48800,43800,1300,4000
1859,1,164300,48200,43900,1200,3800
1860,1,163000,48000,53100,2300,4000
1861,1,176300,52700,46700,1400,4500
1862,1,186800,54700,46300,2300,4900
1863,1,181000,53300,46600,2300,4300
1864,1,184900,51100,45700,2400,4800
1865,1,263700,50000,130900,2300,4200
1866,1,462100,136500,121700,1900,4700
1867,1,411800,134600,121200,1700,4300
1868,1,399400,132800,121300,1800,4400
1869,1,411500,135300,121100,1800,4500
1870,1,200200,50300,44700,2100,4500
1871,1,166800,49400,44100,1500,4200
1872,1,156300,48400,44100,1200,3900
1873,1,154700,48000,43800,1300,3900
1874,1,159100,48600,43900,1300,3900
1875,1,163000,48900,43600,1400,3900
1876,1,168200,48500,44200,1400,4100
1877,1,169700,48700,44300,1400,3900
1878,1,231900,49500,43600,1400,4100
1879,1,197900,49500,43600,1500,4300
1880,1,152800,48000,44100,1300,3800
1881,1,188000,48700,43900,1300,3900
1882,1,184000,48200,45000,1300,5700
1883,1,145300,47200,43500,1300,3100
1884,1,147600,47400,43400,1200,3600
1885,1,146800,47900,43700,1200,3700
1886,1,148100,47200,44000,1200,3600
1887,1,147700,47500,43600,1200,3600
1888,1,152200,52000,44100,1300,2700
1889,1,165600,52500,45500,1300,2900
1890,1,178700,50100,44200,1400,3900
1891,1,171700,47300,43700,1400,4200
1892,1,503900,49600,384100,1300,4000
1893,1,516200,56700,383300,1400,4300
1894,1,243100,54000,45100,1500,58400
1895,1,223200,50600,43100,1500,63100
1896,1,216400,50700,44000,1400,20900
1897,1,176600,49400,43800,1400,4300
1898,1,187500,48300,43900,1300,3200
1899,1,172100,48900,43800,1500,4100
1900,1,158000,48600,43700,1400,3000
1901,1,159800,48500,43900,1300,3800
1902,1,160800,49200,43500,1400,4000
1903,1,164600,53700,45300,1300,2800
1904,1,156400,47900,44100,1300,3800
1905,1,167300,48600,43800,1400,4100
1906,1,188500,50300,44900,1400,4200
1907,1,158000,47900,43300,1300,4000
1908,1,160000,48800,43900,1300,4100
1909,1,237100,52100,46700,2400,4900
1910,1,214100,56700,46300,2400,4900
1911,1,208000,50000,44000,1500,4500
1912,1,164800,49500,43900,1400,4000
1913,1,160700,47800,43800,1400,4000
1914,1,157900,48100,44100,1200,3900
1915,1,159000,48800,44400,1200,3900
1916,1,162700,49800,43800,1300,3900
1917,1,162900,49100,44000,1300,3800
1918,1,209500,48300,44300,1400,4000
1919,1,167000,48600,43800,1300,4000
1920,1,156000,48000,44000,1300,3900
1921,1,161100,48100,44100,1300,4000
1922,1,170700,49100,44100,1300,3100
1923,1,158400,48600,43500,1400,4000
1924,1,162600,48900,44200,1300,4000
1925,1,159900,48300,43600,1300,3200
1926,1,201800,48500,44000,1300,4000
1927,1,165200,48800,42900,1300,4000
1928,1,159800,48100,44000,1400,3800
1929,1,173900,48700,43800,1400,4000
1930,1,233600,49200,43700,1300,4100
1931,1,202200,49600,43800,1400,4100
1932,1,152700,48000,43700,1200,3800
1933,1,157700,48300,43600,1300,3700
1934,1,159500,48500,43900,1300,3900
1935,1,159900,48800,43900,1300,3800
1936,1,168400,48600,44100,1400,4100
1937,1,165500,48800,44100,1300,4000
1938,1,193100,48800,43900,1400,4100
1939,1,183000,52800,46400,1300,4100
1940,1,246900,61900,45600,2400,10100
1941,1,226000,54200,45100,1400,3200
1942,1,183900,48600,44500,1300,4000
1943,1,148500,47900,43700,1200,3800
1944,1,155400,49800,44300,1200,3700
1945,1,148800,47700,44300,1200,3800
1946,1,148200,47800,43900,1300,3800
1947,1,147200,47400,44000,1200,3600
1948,1,149500,47500,44100,1200,3600
1949,1,162300,52100,44700,1300,2800
1950,1,172800,50300,45000,2300,3900
1951,1,182600,50100,45000,1400,4600
1952,1,159300,49000,44200,1300,4100
1953,1,544200,53100,408400,2300,4800
1954,1,541000,57200,383100,1600,4200
1955,1,217900,53800,44600,1400,59500
1956,1,256000,50500,44200,1500,63900
1957,1,189400,50400,45000,1500,20800
1958,1,189300,48600,44300,1400,4100
1959,1,171100,48500,44300,1300,4000
1960,1,158600,48600,44700,1300,3900
1961,1,164800,48500,44000,1400,3800
1962,1,159200,48200,44100,1300,4000
1963,1,155700,48100,44000,1300,3800
1964,1,156800,47900,45000,1300,3800
1965,1,165500,48500,43900,1300,3800
1966,1,182000,48700,44000,1300,4000
1967,1,159700,49100,44300,1400,3900
1968,1,153900,47900,43600,1300,3900
1969,1,159300,48300,43900,1400,2800
1970,1,161100,48500,43900,1200,4000
1971,1,234800,49800,43200,2100,4200
1972,1,182500,49100,44200,1300,4000
1973,1,177400,52200,46100,2400,4800
1974,1,166100,48900,44200,1400,4300
1975,1,169100,48900,43800,1300,3200
1976,1,163100,48600,44500,1400,4000
1977,1,169200,48800,43900,1300,3900
1978,1,213800,49100,44100,1400,4100
1979,1,171200,52300,44500,1400,2900
1980,1,156800,48100,44000,1200,3900
1981,1,157400,48500,43700,1300,3900
1982,1,157100,48300,43900,1300,3900
1983,1,158400,48100,44200,1300,3900
1984,1,156100,48200,43700,1300,4000
1985,1,157900,48500,44000,1300,3900
1986,1,184900,48300,43100,1300,3300
1987,1,163000,48400,44200,1300,4000
1988,1,158000,48200,44300,1300,3900
1989,1,168900,53400,44100,1300,3000
1990,1,190200,48900,44200,1400,4200
1991,1,167100,48500,43900,1300,4100
1992,1,158000,47900,44100,1300,3900
1993,1,166800,48600,44200,1400,4100
1994,1,165300,50400,47100,3700,4000
1995,1,166600,49200,44800,1300,4000
1996,1,208200,53900,47700,2400,4900
1997,1,196400,51800,45400,2300,5000
1998,1,225700,52900,45000,2400,4800
1999,1,184200,49600,45100,1300,4200
2000,1,160200,48700,43900,1300,4000
2001,1,199000,48700,44500,1400,4100
2002,1,226800,49500,44700,1300,4100
2003,1,176800,48600,44100,1300,4100
2004,1,151700,48200,44100,1300,3800
2005,1,153800,53000,44400,1200,2800
2006,1,157700,48800,44400,1300,3800
2007,1,158400,48000,44100,1300,3800
2008,1,155900,48200,43900,1200,3700
2009,1,169000,48500,43700,1300,3100
2010,1,169600,48700,44100,1300,4000
2011,1,172000,48800,43900,1300,4000
2012,1,155300,48100,43500,1200,3800
2013,1,164000,47100,43800,1300,3900
2014,1,539200,50500,391200,1300,4000
2015,1,546300,56700,385200,1400,3300
2016,1,288300,54200,45000,1600,58000
2017,1,225500,50700,44000,1400,63000
2018,1,230200,54000,50100,1600,27900
2019,1,181500,51800,44500,1400,4400
2020,1,161400,52200,44500,1300,3100
2021,1,160900,48500,43500,1300,3900
2022,1,159900,48800,43800,1300,3900
2023,1,159800,48500,43600,1300,3900
2024,1,157000,48100,43500,1300,3000
2025,1,165500,48600,44000,1300,3900
2026,1,184600,48800,43900,1300,4100
2027,1,158800,48400,43700,1200,3900
2028,1,154400,47800,44600,1200,3900
2029,1,163500,48400,44300,1300,4000
2030,1,157700,47800,44000,1300,3800
2031,1,195000,48300,43700,1400,4000
2032,1,160200,48300,43500,1400,3900
2033,1,201000,49000,44200,1400,4000
2034,1,178700,48800,43300,1300,4100
2035,1,153300,48300,43400,1300,2800
2036,1,155000,47600,45900,1300,2900
2037,1,165900,50300,44300,1300,5300
2038,1,242300,53800,49600,2400,4700
2039,1,195200,54300,47200,2300,4800
2040,1,163400,49300,44600,1300,3800
2041,1,160000,48700,43600,1300,3900
2042,1,154100,49000,45000,1300,3700
2043,1,152600,48200,43600,1400,3900
2044,1,157700,48400,44100,1300,3800
2045,1,155600,48000,44100,1300,3900
2046,1,192400,48800,44100,1200,4000
2047,1,156900,48100,43700,1200,4000
2048,1,149300,47600,44100,1200,3800
2049,1,159200,48500,44800,1300,3900
2050,1,193200,53000,44500,1400,3800
2051,1,168100,48200,44100,1300,4100
2052,1,156800,48400,44300,1300,3800
2053,1,160800,48000,44100,1400,3800
2054,1,164200,52500,44400,1300,3000
2055,1,165400,48600,43400,1400,4100
2056,1,166900,48800,43800,1300,3900
2057,1,169500,48600,43900,1300,3000
2058,1,194200,48800,43500,1300,4200
2059,1,177500,48700,43800,1400,4100
2060,1,169800,48400,44200,1400,4000
2061,1,196700,48900,43800,1400,4000
2062,1,192300,48600,44100,1400,4100
2063,1,157400,48500,43800,1300,3000
2064,1,191700,48600,43600,1300,4100
2065,1,175300,48500,43800,1300,4200
2066,1,152500,48100,43800,1200,3900
2067,1,152500,47700,43800,1300,3800
2068,1,153600,47800,43800,1200,2900
2069,1,160600,48300,43700,1300,3900
2070,1,167500,52700,44500,1300,2900
2071,1,169000,48600,43400,1400,4000
2072,1,159000,48800,43800,1300,3900
2073,1,163400,48500,43800,1300,4000
2074,1,183300,47000,43900,1300,4000
2075,1,501800,49700,388000,1300,3900
2076,1,539800,57100,382800,1400,4200
2077,1,226700,54700,44300,1400,58100
2078,1,247000,51700,43900,1500,62900
2079,1,186500,51000,43900,1400,20600
2080,1,158500,49800,46000,1300,3400
2081,1,182700,51900,45600,2400,4800
2082,1,168900,48500,44400,1400,4200
2083,1,170100,51800,45700,1400,4000
2084,1,163400,48700,44400,1300,3900
2085,1,178200,50900,46100,1400,4000
2086,1,199300,49600,46200,1400,4200
2087,1,163600,49900,44800,1400,4000
2088,1,162300,48500,45600,1300,3900
2089,1,169400,48900,43900,1400,3200
2090,1,161900,48600,44100,1200,3900
2091,1,204700,49000,44100,1400,3300
2092,1,167100,48600,43600,1300,4100
2093,1,172100,53200,44300,1400,2900
2094,1,167000,48500,43700,1300,4000
2095,1,205300,49600,43700,1400,4300
2096,1,187400,49000,43600,1300,4200
2097,1,163100,48500,43900,1300,4000
2098,1,210600,49100,43800,1400,3900
2099,1,171800,48400,43900,1300,3900
2100,1,198500,49000,43700,1400,4100
2101,1,192800,48800,43900,1400,4100
2102,1,150200,47900,43900,1300,2900
2103,1,157400,48200,48000,1300,3800
2104,1,185700,59200,47800,2400,4100
2105,1,284800,53200,128500,2300,4800
2106,1,450900,135500,121200,1700,4700
2107,1,405000,133100,121000,1800,4300
2108,1,390200,132200,120600,1800,3900
2109,1,404900,133200,120500,1900,4300
2110,1,331800,108200,43800,2100,4300
2111,1,170200,50100,44200,1400,4300
2112,1,157800,48700,43800,1300,4000
2113,1,162300,48400,43900,1300,4000
2114,1,161600,48300,44400,1300,3900
2115,1,167100,48900,44200,1400,3900
2116,1,170300,48600,44200,1400,4000
2117,1,171500,48800,43900,1400,4000
2118,1,193300,48900,44000,1400,4100
2119,1,176100,48700,43300,1400,4000
2120,1,158900,48600,44600,1300,4000
2121,1,228600,55600,47800,2300,4800
2122,1,191500,49700,44200,1400,4300
2123,1,152500,48100,44200,1300,3900
2124,1,154200,48400,45100,1200,3700
2125,1,162900,47800,43800,1300,8300
2126,1,190300,48600,44000,1300,4000
2127,1,172700,48300,44100,1300,3900
2128,1,150900,47600,44400,1300,3700
2129,1,159300,47900,44400,1300,3700
2130,1,163200,48600,43900,1300,3800
2131,1,167100,48300,43700,1300,4000
2132,1,154500,48100,43800,1200,3800
2133,1,161000,48500,43600,1300,3900
2134,1,186300,48900,44500,1300,3900
2135,1,151300,46800,43700,1300,3800
2136,1,568100,49500,421200,1300,3800
2137,1,506100,56900,378700,1400,4200
2138,1,244000,53500,44000,1500,59200
2139,1,226200,50700,44000,1500,62400
2140,1,169100,49600,43800,1400,20600
2141,1,155500,47800,44200,1300,4100
2142,1,156500,52400,44300,1200,2900
2143,1,161500,48200,44000,1200,4000
2144,1,160500,48200,43000,1300,4100
2145,1,173900,49100,43900,1300,4000
2146,1,193800,48700,44300,1300,4100
2147,1,167300,48700,43700,1400,4000
2148,1,165100,48600,43900,1400,4100
2149,1,162800,49000,43700,1400,4000
2150,1,162900,48700,43700,1300,3900
2151,1,200600,48800,44000,1400,4100
2152,1,163000,48600,43900,1200,3900
2153,1,169300,48700,44200,1400,4100
2154,1,160300,48600,44100,1300,4100
2155,1,163200,48400,44000,1400,4000
2156,1,173300,48900,44400,1400,3900
2157,1,206400,48700,44000,1400,4100
2158,1,234600,49200,43800,1300,4300
2159,1,169000,49000,43900,1300,3900
2160,1,157600,48500,44100,1300,4000
2161,1,155600,48200,43600,1200,3800
2162,1,156000,48000,44200,1300,3900
2163,1,155200,48400,44000,1300,3800
2164,1,160800,49800,44900,1300,3900
2165,1,158600,49000,44200,1300,3900
2166,1,188300,48500,44000,1300,4000
2167,1,160700,48300,44000,1300,3900
2168,1,149700,47900,44000,1200,3100
2169,1,159400,48200,44900,1200,3800
2170,1,179600,48800,44100,1300,3900
2171,1,166300,48600,48100,1300,4000
2172,1,154500,52200,44200,1200,3900
2173,1,160000,52300,44300,1300,2900
2174,1,166300,48500,44900,1300,4000
2175,1,170200,48900,44000,1300,4000
2176,1,176800,48700,44000,1300,4000
2177,1,177600,48800,43900,1400,4100
2178,1,200700,48900,44200,1400,4100
2179,1,184800,49200,43400,1400,4200
2180,1,161500,48800,44000,1300,4000
2181,1,202300,51500,45900,1400,3900
2182,1,187100,48800,44300,1300,4000
2183,1,153700,47900,43900,1200,3900
2184,1,160200,48100,44500,1300,3900
2185,1,198900,48400,43900,1200,4100
2186,1,188200,49200,43800,1400,4100
2187,1,154500,48100,44200,1200,3900
2188,1,190600,48300,44300,1300,3800
2189,1,182800,49000,43800,1300,4100
2190,1,165800,52300,44500,1400,2900
2191,1,165800,48500,43100,1300,3900
2192,1,164000,47900,44100,1300,3700
2193,1,160600,48200,43800,1300,3900
2194,1,176900,48500,43700,1400,2900
2195,1,154800,48300,44500,1300,3800
2196,1,186600,47400,43700,1400,3900
2197,1,496200,49300,379700,1300,3800
2198,1,529900,56400,383300,1400,4400
2199,1,223200,54000,44500,1400,56000
2200,1,211900,50600,44300,1400,61500
2201,1,172400,49700,44400,1400,20500
2202,1,153400,47900,44200,1200,4100
2203,1,151200,47500,44100,1200,3700
2204,1,152600,47800,44200,1200,3800
2205,1,161400,48200,44200,1400,3800
2206,1,182400,48800,44100,1300,4100
2207,1,160200,48300,44200,1300,3900
2208,1,160600,49100,44600,1300,3900
2209,1,164100,49100,44200,1300,3900
2210,1,162100,48300,44000,1200,4000
2211,1,201400,49400,51600,6200,3900
2212,1,158300,48200,44000,1300,3700
2213,1,167000,52000,45300,1300,3300
2214,1,160600,48100,44300,1300,3800
2215,1,160400,48300,44300,1300,4100
2216,1,162000,49700,46100,1300,4000
2217,1,165700,48700,43400,1300,4000
2218,1,206800,49000,44200,1300,4100
2219,1,209400,50600,45400,1300,4200
2220,1,177100,48500,44200,1300,4000
2221,1,153700,47700,44200,1300,3800
2222,1,152200,48300,44200,1200,3700
2223,1,152100,48200,44200,1300,3800
2224,1,155100,47900,44200,1300,3900
2225,1,153000,47600,43700,1400,3800
2226,1,182600,48200,44100,1300,3700
2227,1,161900,48200,44100,1400,4000
2228,1,148600,47900,44200,1200,3700
2229,1,159800,48600,44300,1300,3900
2230,1,184400,48900,44100,1400,3900
2231,1,163700,48600,44200,1300,3900
2232,1,157400,48600,44200,1300,4000
2233,1,157700,48300,44200,1300,3900
2234,1,155000,48400,44000,1300,3900
2235,1,159200,48200,44300,1300,3800
2236,1,168700,49000,43900,1300,4000
2237,1,173200,49400,44200,1200,4100
2238,1,195700,49100,44000,1400,4000
2239,1,180300,48800,44000,1400,4200
2240,1,160900,48500,44100,1300,4000
2241,1,194500,49000,44000,1300,4000
2242,1,194700,49000,44200,1300,4100
2243,1,154500,48500,44000,1400,4000
2244,1,153600,48100,44000,1300,2800
2245,1,153100,48000,44100,1300,3900
2246,1,156100,48300,43900,1300,4000
2247,1,151900,47800,43000,1300,3900
2248,1,156000,48500,44300,1200,3800
2249,1,167100,48600,44000,1400,3900
2250,1,205100,49500,43900,1400,4100
2251,1,193400,49100,43900,1300,4200
2252,1,157900,48300,44000,1300,3900
2253,1,162500,48600,43700,1300,3900
2254,1,181800,49100,44200,1300,4100
2255,1,156200,48200,44000,1300,4000
2256,1,190700,48700,44300,1300,3900
2257,1,165200,47800,44600,1400,3900
2258,1,534800,50300,395400,1300,4000
2259,1,515300,56300,383300,1400,4400
2260,1,211600,54100,44200,1500,56000
2261,1,221700,51000,44300,1400,61800
2262,1,216300,57100,46400,2400,26900
2263,1,176200,50800,44200,1500,9500
2264,1,160500,48900,43700,1400,4100
2265,1,167200,48100,44000,1300,4000
2266,1,186500,48300,44000,1400,3200
2267,1,162800,48200,43600,1300,4000
2268,1,163600,48500,44300,1300,4000
2269,1,172400,48600,44200,1400,4100
2270,1,208100,49000,44300,1400,4000
2271,1,237200,49100,44000,1500,4200
2272,1,164500,48500,43600,1300,3900
2273,1,162600,48100,44000,1300,4000
2274,1,159500,47800,43900,1300,3800
2275,1,162500,48600,43700,1300,3900
2276,1,159700,48300,44000,1300,4000
2277,1,168100,53300,44100,1300,3000
2278,1,212500,52300,44500,1400,4000
2279,1,169500,48700,43800,1300,4100
2280,1,157600,48200,43800,1400,3900
2281,1,197000,48700,44100,1400,3200
2282,1,176900,48500,43900,1400,4000
2283,1,153200,47800,44200,1300,3800
2284,1,154200,48200,43700,1300,3800
2285,1,154900,48400,44000,1300,3700
2286,1,185700,48300,44000,1300,3800
2287,1,156900,48100,43900,1300,3800
2288,1,148700,47800,43600,1200,3700
2289,1,151700,48200,43200,1300,2800
2290,1,177600,48700,44200,1300,3800
2291,1,156900,48300,43900,1300,3900
2292,1,149800,47900,44100,1200,3800
2293,1,152500,48300,43600,1200,3800
2294,1,153200,48200,45200,1200,3700
2295,1,154400,47900,44000,1300,2800
2296,1,160000,48300,43800,1200,3900
2297,1,163700,49400,44100,1200,4000
2298,1,190800,48700,43700,1400,4100
2299,1,177100,48500,43900,1400,4100
2300,1,157300,48000,44100,1300,3000
2301,1,192900,49400,44100,1300,4000
2302,1,194100,58800,43500,1400,3900
2303,1,155400,49300,43800,1300,2900
2304,1,151300,47900,44000,1300,3700
2305,1,152200,47600,43700,1300,3700
2306,1,154500,48300,43800,1200,3800
2307,1,149500,47500,43800,1200,3700
2308,1,156200,48400,44100,1300,3900
2309,1,161200,48500,43600,1300,3800
2310,1,166600,48400,44100,1300,3900
2311,1,172000,48500,44000,1400,4000
2312,1,196000,48400,44300,1300,4100
2313,1,189400,48900,44200,1400,4200
2314,1,185200,48800,44300,1400,4000
2315,1,163700,48200,45000,1300,3900
2316,1,205500,48800,43400,1300,3900
2317,1,168300,48700,44500,1300,4000
2318,1,184000,47400,43800,1400,3900
2319,1,503900,49000,382000,1300,3900
2320,1,510000,56200,390400,1500,4200
2321,1,218100,54300,44600,1500,57800
2322,1,218700,51400,43500,1400,62700
2323,1,172600,49800,43700,1400,20700
2324,1,154400,48300,43700,1300,4200
2325,1,157900,48700,43800,1300,3000
2326,1,180700,53500,43200,1400,2800
2327,1,153100,48500,44000,1300,3100
2328,1,154400,47800,43500,1200,4000
2329,1,166100,49000,43900,1300,4000
2330,1,164700,48400,44000,1400,4000
2331,1,200000,48900,43900,1400,4200
2332,1,166100,48600,43800,1300,3900
2333,1,167500,48900,43700,1300,4000
2334,1,164600,48400,44100,1300,4000
2335,1,161500,48900,43700,1300,4000
2336,1,164700,49000,44100,1200,4000
2337,1,168700,48700,44000,1400,4000
2338,1,210600,48700,48000,1300,4000
2339,1,175300,53300,44300,1300,3100
2340,1,159800,48300,44300,1300,4000
2341,1,161700,48500,43700,1300,4000
2342,1,159300,48300,43800,1300,4000
2343,1,196100,48600,44300,1400,4000
2344,1,182000,48700,44000,1300,4200
2345,1,162400,50200,44300,1300,3900
2346,1,195100,50400,45300,1300,3900
2347,1,165300,48400,43700,1400,4000
2348,1,154400,48200,43400,1300,3800
2349,1,163500,48500,44100,1200,3900
2350,1,184300,48600,44900,1300,4000
2351,1,179500,56000,46400,1400,4200
2352,1,171300,51600,45800,1300,4500
2353,1,177100,52700,44300,2300,4700
2354,1,165800,48600,44100,1400,4200
2355,1,206300,49500,43500,1500,4100
2356,1,206700,49500,43700,1400,4200
2357,1,165600,48100,43800,1300,4000
2358,1,189000,48500,43900,1400,3900
2359,1,173800,48600,44000,1300,4100
2360,1,161900,53100,44200,1200,2900
2361,1,194600,48700,43800,1300,4100
2362,1,186300,48600,44100,1300,4000
2363,1,155700,48200,44000,1200,3900
2364,1,154500,47800,44000,1300,3800
2365,1,155000,47700,43900,1200,3700
2366,1,151200,48100,43500,1200,3800
2367,1,153500,48500,43600,1300,3700
2368,1,156600,48200,44000,1300,3800
2369,1,160500,48400,44200,1300,4000
2370,1,168700,48500,44200,1300,4100
2371,1,169400,48800,44000,1400,4100
2372,1,159800,49300,44200,1300,3900
2373,1,165900,48300,43800,1400,4000
2374,1,220100,48900,43800,1300,4200
2375,1,178600,48800,44300,1300,4200
2376,1,195600,48800,44200,1400,4000
2377,1,161600,48300,43800,1300,3800
2378,1,180400,48600,43500,1300,3800
2379,1,161300,47100,43700,1200,4000
2380,1,491800,53700,381200,1200,2900
2381,1,500100,56900,378300,1400,4200
2382,1,214800,54000,44100,1400,57700
2383,1,214400,50800,43900,1400,62000
2384,1,172100,49900,44500,1400,20600
2385,1,158300,48400,44000,1300,3100
2386,1,177700,47800,43400,1300,4100
2387,1,150500,48100,43200,1200,3800
2388,1,152600,47900,44200,1300,3900
2389,1,157300,49600,43800,1400,3900
2390,1,158300,49600,43800,1200,3800
2391,1,194400,48800,43600,1400,4100
2392,1,163200,48600,44100,1200,3900
2393,1,168100,49900,44700,1400,3900
2394,1,162900,48500,43600,1400,4000
2395,1,162600,48200,43600,1300,3900
2396,1,164400,48300,43800,1300,4000
2397,1,163300,48500,44100,1300,3900
2398,1,207100,48900,43800,1400,4000
2399,1,174900,48400,43800,1400,4100
2400,1,162900,48500,43800,1300,3900
2401,1,164000,48100,43000,1200,4000
2402,1,162200,48300,44100,1300,3900
2403,1,190200,48500,72300,1300,3900
2404,1,163200,49100,44200,1400,3900
2405,1,200600,49600,43700,1400,4200
2406,1,213500,49300,43400,1300,4200
2407,1,163000,48800,44300,1300,3900
2408,1,150600,48300,43800,1300,4000
2409,1,170000,48500,47000,1300,3900
2410,1,180100,49100,44100,1300,3000
2411,1,159900,48300,44200,1300,4000
2412,1,156100,47700,43800,1300,3900
2413,1,153600,48100,43900,1200,3900
2414,1,154800,48100,43600,1200,3800
2415,1,162400,53100,44200,1300,3000
2416,1,165100,48600,44100,1400,4000
2417,1,168600,53100,44300,1300,3000
2418,1,189800,48400,44100,1400,4100
2419,1,171500,48600,43700,1300,3100
2420,1,154600,48700,43700,1200,3800
2421,1,188200,48600,43800,1300,3900
2422,1,185300,48800,43700,1300,4100
2423,1,157300,48600,43500,1300,3900
2424,1,157800,48000,43900,1200,4000
2425,1,160100,48400,42800,1300,4000
2426,1,158200,48500,44000,1200,4100
2427,1,157600,48500,43900,1300,3900
2428,1,161600,52500,44200,1400,3900
2429,1,164200,48900,44200,1400,3900
2430,1,168800,48900,43400,1400,4100
2431,1,178200,49000,48000,1300,4200
2432,1,167500,48900,44200,1300,4200
2433,1,167300,48600,43900,1400,3200
2434,1,188200,48800,43700,1400,4000
2435,1,165000,48900,43800,1300,4100
2436,1,234000,49400,44000,1400,4200
2437,1,186600,49000,44900,1300,4200
2438,1,188500,48500,44800,1400,3000
2439,1,170500,48500,44000,1300,3900
2440,1,204700,49400,50700,2700,4000
2441,1,575600,57500,397600,1600,4300
2442,1,502800,57200,381100,1400,4300
2443,1,215900,54800,43500,1500,57900
2444,1,215700,50700,44100,1500,62900
2445,1,177700,50100,43800,1400,20700
2446,1,183400,49400,45200,1300,4200
2447,1,151100,48000,42900,1300,3900
2448,1,151300,48300,43800,1300,3800
2449,1,160100,52600,43900,1200,4000
2450,1,155700,48400,44000,1400,3800
2451,1,192100,48700,44300,1400,3900
2452,1,160700,48400,47500,4800,3900
2453,1,166300,48800,43400,1300,4000
2454,1,161600,49000,43900,1300,4000
2455,1,162700,48300,44000,1400,3900
2456,1,164400,48700,43900,1200,4000
2457,1,165300,48400,43900,1400,4000
2458,1,210700,49100,43900,1400,4100
2459,1,167100,48600,43900,1300,2900
2460,1,157000,48100,44200,1300,3800
2461,1,158400,48300,43200,1300,3900
2462,1,154400,48500,43700,1300,3800
2463,1,158100,48300,43900,1300,3900
2464,1,156300,48300,43700,1300,3900
2465,1,158900,48800,43600,1300,3800
2466,1,189500,48800,44000,1300,3900
2467,1,224700,56300,48100,2300,4900
2468,1,181600,49500,44300,1400,4300
2469,1,157500,48500,44100,1400,3100
2470,1,182000,48700,44300,1300,3900
2471,1,157800,47600,44000,1300,4000
2472,1,147700,47000,43800,1200,3800
2473,1,155100,48100,43300,1200,3700
2474,1,150800,48000,44100,1300,2800
2475,1,158800,48200,44400,1300,3800
2476,1,167100,48200,44000,1400,3800
2477,1,162900,48500,44100,1300,3900
2478,1,188700,48200,43800,1400,4000
2479,1,172500,48600,44000,1300,4100
2480,1,151000,47700,44000,1200,3900
2481,1,187100,48600,43800,1300,3900
2482,1,206900,55900,45600,2400,4900
2483,1,161000,49700,45500,1400,3900
2484,1,182400,51800,47800,2400,4700
2485,1,191100,61700,47400,2300,3200
2486,1,182600,50700,52900,5500,4600
2487,1,168900,49400,45000,1500,4100
2488,1,162600,48400,43900,1400,4000
2489,1,170500,48800,43900,1400,4100
2490,1,171600,49100,44700,1400,4000
2491,1,177000,49600,43900,1500,4100
2492,1,167200,49100,44100,1300,4100
2493,1,165300,48600,44000,1300,4200
2494,1,192200,50200,45100,1300,3300
2495,1,158200,48400,43900,1400,3800
2496,1,197800,48900,44000,1400,4000
2497,1,169800,50200,43700,1400,3100
2498,1,233500,49000,43900,1300,9100
2499,1,190400,49200,43900,1400,4100
2500,1,154100,48300,44100,1200,3900
2501,1,157400,47500,44400,1200,3800
2502,1,515300,49200,397200,1300,3800
2503,1,501300,57000,379100,1400,4200
2504,1,216800,54200,44300,1400,57700
2505,1,231600,55700,44300,1300,62100
2506,1,201600,50500,43600,1400,20800
2507,1,162100,48900,44100,1200,4100
2508,1,153900,48300,44100,1300,4000
2509,1,159400,48500,43900,1300,3800
2510,1,159500,48300,43900,1300,3900
2511,1,195800,48400,43800,1400,4200
2512,1,157800,48200,44000,1200,3800
2513,1,160500,48500,43900,1300,3900
2514,1,158900,48600,43900,1300,3800
2515,1,164500,48700,44100,1200,3900
2516,1,171000,48900,43700,1300,3900
2517,1,176500,48400,44200,1400,3200
2518,1,216800,48800,43800,1400,4200
2519,1,184600,49800,48800,1500,4200
2520,1,179100,49900,45700,1200,4100
2521,1,171800,51400,44900,1400,4100
2522,1,159100,48300,43800,1300,3900
2523,1,163300,48400,43900,1400,3800
2524,1,163300,48400,44200,1400,3900
2525,1,229800,55600,47200,2400,4800
2526,1,254400,53400,47300,2400,4800
2527,1,176600,52100,46500,2300,4100
2528,1,172900,51900,46200,2300,4700
2529,1,231000,52300,45100,2400,4900
2530,1,214400,49600,44100,1500,4300
2531,1,160400,48300,44300,1300,4000
2532,1,147800,47200,43800,1300,3600
2533,1,154100,48300,43800,1200,4000
2534,1,154100,48300,44100,1300,3800
2535,1,158900,48300,44300,1300,3800
2536,1,162700,48300,44200,1300,3900
2537,1,168900,49700,44000,1300,3800
2538,1,188200,48900,43900,1400,3100
2539,1,171600,48700,43800,1300,4000
2540,1,153000,48600,44300,1200,3800
2541,1,187000,48200,43800,1300,3900
2542,1,176400,48000,43100,1300,3000
2543,1,149400,47600,43900,1200,3200
2544,1,147100,46800,44200,1100,3600
2545,1,152800,47000,44400,1300,5400
2546,1,154400,47800,44000,1300,3800
2547,1,152000,47800,43300,1200,2800
2548,1,157900,48600,44000,1300,3800
2549,1,165100,48700,43800,1400,3900
2550,1,168500,48400,43900,1300,4000
2551,1,176400,50200,44000,1300,4100
2552,1,156600,49000,43500,1300,2900
2553,1,168900,49800,45000,1300,4000
2554,1,184200,49000,43300,1400,4000
2555,1,156600,48300,43900,1200,3900
2556,1,194000,48700,44200,1400,4000
2557,1,162500,48600,44000,1300,4000
2558,1,184700,48500,44100,1300,3900
2559,1,170100,52600,44600,1300,2800
2560,1,190900,48200,43800,1400,4000
2561,1,180700,48200,44000,1400,3000
2562,1,158200,46800,50900,1300,4000
2563,1,496100,49900,384900,1300,3800
2564,1,504400,57100,383300,1300,4300
2565,1,227200,59500,44700,1500,58200
2566,1,242300,50500,44200,1500,62800
2567,1,172900,50000,44100,1400,20600
2568,1,155200,48300,46200,1300,4000
2569,1,183800,51900,44900,2300,4600
2570,1,191600,54300,45100,2300,4900
2571,1,242400,55700,47400,2500,4900
2572,1,176300,50800,44800,1400,4600
2573,1,168800,49000,44500,1400,4000
2574,1,156900,48300,44000,1300,3200
2575,1,158700,48600,43700,1300,3800
2576,1,162900,48500,44000,1200,4000
2577,1,173900,49300,45100,1400,4000
2578,1,216500,48900,44000,1400,4100
2579,1,174400,48600,44200,1300,3100
2580,1,165400,48400,45300,1300,4000
2581,1,166500,49700,44100,1400,4100
2582,1,169200,48200,43900,1300,4100
2583,1,157200,48000,44100,1400,4000
2584,1,166700,48600,44000,1300,3900
2585,1,164700,48900,44000,1300,4000
2586,1,191700,49200,44000,1400,4000
2587,1,166700,48600,44100,1300,3900
2588,1,159100,48400,43800,1200,3800
2589,1,162800,48800,43500,1400,4000
2590,1,191400,48800,43700,1400,4000
2591,1,202000,49200,43900,1300,4200
2592,1,177400,48800,44000,1300,4100
2593,1,156900,48100,44300,1300,3900
2594,1,156700,48400,44400,1200,3900
2595,1,158500,48300,42600,1300,3900
2596,1,165300,48500,43600,1400,3900
2597,1,162200,48600,44300,1300,2900
2598,1,194800,53100,44500,1300,3200
2599,1,177400,53100,44100,1400,3000
2600,1,152700,48300,44100,1200,2900
2601,1,195800,48300,44100,1300,4000
2602,1,187000,48500,44100,1400,4100
2603,1,153300,47800,44100,1300,3800
2604,1,154400,48100,44000,1300,3800
2605,1,156600,52100,44000,1200,2800
2606,1,172900,56500,49000,2300,4100
2607,1,183200,52500,46200,2400,4700
2608,1,179100,55600,46100,1400,4100
2609,1,176500,49200,44200,1400,4100
2610,1,217500,49400,44000,1400,4100
2611,1,217600,49500,44100,1300,4300
2612,1,162800,48300,44100,1300,4000
2613,1,169900,49000,44300,1300,4100
2614,1,184600,49000,44000,1400,3300
2615,1,160000,48300,45100,1400,3900
2616,1,227500,51400,47100,2300,4900
2617,1,171700,53100,45400,1400,3200
2618,1,188600,48700,44400,1400,4000
2619,1,166500,48200,44000,1300,3900
2620,1,155100,48500,44000,1200,3900
2621,1,162400,53100,44100,1300,2900
2622,1,197000,48900,44300,1400,4400
2623,1,176300,46900,44100,1300,4100
2624,1,669700,49100,558900,1200,3800
2625,1,523100,58200,392700,1400,4300
2626,1,253500,59600,44200,1500,64000
2627,1,218100,51200,43500,1400,65700
2628,1,172400,50500,43900,1300,20800
2629,1,156600,48600,43700,1300,3200
2630,1,156500,48700,43600,1200,3800
2631,1,192700,48800,44100,1400,4000
2632,1,155600,47900,43600,1200,3800
2633,1,163400,48400,43700,1400,3900
2634,1,154600,48100,44000,1300,3900
2635,1,155400,48100,43900,1300,3900
2636,1,163600,52600,44300,1300,4000
2637,1,161400,48300,43900,1200,3800
2638,1,214900,53400,44200,1400,4100
2639,1,172400,48400,44100,1300,4000
2640,1,160100,48200,44200,1300,3800
2641,1,162100,48700,43800,1300,3900
2642,1,160600,48600,43900,1300,3800
2643,1,160500,48200,44100,1400,3900
2644,1,162700,48500,43600,1300,4000
2645,1,158200,48100,44100,1200,3800
2646,1,187800,48900,44000,1300,3100
2647,1,164000,48400,43900,1300,3800
2648,1,151700,48100,44100,1200,3800
2649,1,162800,48500,43900,1300,3900
2650,1,180300,48700,43400,1400,3900
2651,1,163300,48300,43500,1300,4000
2652,1,155500,47900,43900,1300,3800
2653,1,194300,48600,44200,1300,3900
2654,1,182500,48700,44000,1200,4100
2655,1,171800,48300,44200,1400,4000
2656,1,168700,48800,44200,1300,3200
2657,1,172300,48700,43900,1300,3900
2658,1,198400,49700,45700,1400,4200
2659,1,195200,51800,45100,2400,4900
2660,1,160000,48800,44600,1300,4100
2661,1,210300,61400,43300,1300,4000
2662,1,189500,49500,43600,1300,4000
2663,1,150700,48400,44000,1200,3800
2664,1,153200,47800,42800,1200,3700
2665,1,153800,48600,43800,1300,3800
2666,1,149700,48200,43400,1200,3700
2667,1,153500,48300,43700,1300,3800
2668,1,151400,47600,43800,1200,3800
2669,1,164500,49900,45500,1400,3000
2670,1,171300,49000,43900,1300,4100
2671,1,176600,48600,44200,1300,4000
2672,1,165700,48700,43600,1300,4100
2673,1,173800,48900,44000,1300,4100
2674,1,193700,49100,43700,1400,4000
2675,1,165800,48700,44000,1300,4200
2676,1,196200,48700,43700,1400,3900
2677,1,170000,48500,44000,1300,3900
2678,1,190000,48800,43600,1300,3900
2679,1,168500,48200,44700,1300,4000
2680,1,158000,48600,43500,1400,4000
2681,1,161100,48200,44200,1300,4000
2682,1,158000,48300,43400,1300,4000
2683,1,159300,48200,43700,1300,4000
2684,1,195400,47400,44100,1400,4300
2685,1,526200,49800,382600,1300,4100
2686,1,574200,62700,409700,1400,4200
2687,1,256000,60100,48100,2400,64900
2688,1,231700,51600,44500,1500,62900
2689,1,188800,51200,43800,1400,20800
2690,1,164400,49200,44000,1400,4200
2691,1,205900,49200,44100,1500,4000
2692,1,158700,47800,44300,1400,4000
2693,1,168500,52900,44700,1400,3000
2694,1,164100,48200,44300,1200,4000
2695,1,207500,49200,46300,1400,4300
2696,1,198600,49300,43900,1400,4200
2697,1,164800,49000,44400,1300,3900
2698,1,206300,48700,44200,1300,4000
2699,1,165200,48300,44300,1300,3900
2700,1,156800,47800,43600,1300,3900
2701,1,160900,48100,44000,1300,3900
2702,1,162100,48700,45200,1200,4000
2703,1,160000,49000,43400,1400,3800
2704,1,163100,48800,44000,1300,4300
2705,1,161100,48100,44000,1400,3100
2706,1,194900,49100,43900,1300,4000
2707,1,161000,48200,44000,1300,3900
2708,1,153900,47900,44400,1300,3900
2709,1,162800,48800,43800,1300,3900
2710,1,181600,49100,43900,1300,4000
2711,1,163600,48900,43800,1400,4100
2712,1,151200,47700,44000,1200,3900
2713,1,155800,47300,43500,1300,3800
2714,1,156200,48000,44000,1300,3600
2715,1,202200,53600,43300,1400,3200
2716,1,188200,48800,44200,1400,4300
2717,1,163800,48800,43500,1300,4000
2718,1,188600,49000,43700,1400,3900
2719,1,171900,48500,44100,1400,4000
2720,1,149200,47800,43700,1200,3000
2721,1,198700,49100,44100,1300,4000
2722,1,179200,49100,43800,1300,4000
2723,1,152700,47800,44000,1200,3800
2724,1,144900,47500,43800,1200,2800
2725,1,147900,47800,43600,1200,3800
2726,1,147700,47300,44200,1200,3700
2727,1,147300,47600,43700,1200,3800
2728,1,148800,47700,44000,1300,4000
2729,1,159200,48300,44200,1300,3800
2730,1,161700,48700,44400,1300,3900
2731,1,166500,48500,43800,1400,4100
2732,1,159300,48200,44000,1300,3900
2733,1,165100,48200,44100,1400,3000
2734,1,190300,49000,43800,1300,4200
2735,1,160900,48400,43700,1300,4100
2736,1,194800,48100,44200,1400,3000
2737,1,166900,48600,43700,1300,4000
2738,1,183900,48900,43900,1300,4100
2739,1,171400,48700,44100,1300,4000
2740,1,164000,48300,43800,1400,4000
2741,1,160500,48500,43600,1400,3900
2742,1,165200,48500,44000,1300,4000
2743,1,159500,48300,44000,1400,3900
2744,1,158400,48300,44000,1300,4000
2745,1,163800,47200,43900,1400,4000
2746,1,564200,50400,385500,1400,3200
2747,1,530900,56200,384400,1400,4300
2748,1,215600,55500,44100,1500,56200
2749,1,218400,50900,42800,1400,62000
2750,1,176800,49800,45500,1400,20500
2751,1,196100,49300,43800,1400,4300
2752,1,157900,48100,43700,1400,3000
2753,1,159400,48400,43700,1300,4000
2754,1,162500,54300,46000,1300,2800
2755,1,156900,48600,43400,1300,3900
2756,1,156600,48200,44300,1400,2900
2757,1,161500,48300,44100,1300,3900
2758,1,205400,48600,43800,1400,4000
2759,1,166600,48700,43900,1300,3800
2760,1,154200,48100,43900,1300,3900
2761,1,157200,48300,43500,1200,3900
2762,1,153200,48200,43700,1300,2800
2763,1,160600,49000,43900,1300,3900
2764,1,163600,48900,43600,1300,4000
2765,1,167000,53000,44300,1400,3000
2766,1,193600,48800,43800,1400,4000
2767,1,162700,47900,44100,1300,2900
2768,1,160000,48200,45300,1300,3900
2769,1,177600,55200,48100,4500,3900
2770,1,183900,48800,44100,1400,4000
2771,1,169600,48600,44000,1300,4100
2772,1,159200,48300,44000,1300,4000
2773,1,163600,48800,43800,1300,4000
2774,1,172300,48800,53400,4300,4000
2775,1,166900,48600,44300,1200,4000
2776,1,172200,49300,44000,1300,4100
2777,1,204500,48800,43800,1400,4100
2778,1,216700,49000,44300,1500,4100
2779,1,178100,48600,43900,1300,4200
2780,1,198000,48400,44000,1300,4100
2781,1,223300,48800,44300,1400,4200
2782,1,179700,48700,43400,1400,3900
2783,1,144700,47100,43800,1200,2700
2784,1,146800,47200,43800,1200,3700
2785,1,148100,47300,44200,1300,3700
2786,1,148700,48100,43900,1200,3700
2787,1,147900,47900,43800,1100,3800
2788,1,149000,47500,43900,1200,3800
2789,1,155600,48200,44100,1300,3900
2790,1,159500,48200,43900,1300,3800
2791,1,164200,48700,43800,1400,4000
2792,1,152400,48400,43900,1300,3000
2793,1,162600,48700,42800,1400,4000
2794,1,182600,49500,45200,1300,4100
2795,1,161100,48200,44700,1300,4100
2796,1,192700,48600,43500,1300,3900
2797,1,165900,48500,43900,1300,4000
2798,1,185300,48700,43200,1300,4000
2799,1,169500,48600,43800,1400,3900
2800,1,152800,48100,44100,1300,3900
2801,1,156300,48500,43700,1300,3700
2802,1,157000,48000,43500,1300,3800
2803,1,153600,47800,44000,1200,3800
2804,1,163300,48100,43400,1300,4000
2805,1,158700,48300,43400,1300,3900
2806,1,181200,51600,44100,1400,2900
2807,1,499500,49200,385200,1300,4000
2808,1,537300,56300,378000,1400,4200
2809,1,241200,54300,44200,1400,56700
2810,1,216600,50500,43900,1500,62100
2811,1,208600,49400,44300,1500,20600
2812,1,153900,48100,44200,1200,3200
2813,1,156500,48000,44100,1200,3900
2814,1,154000,48000,43700,1300,3900
2815,1,154800,48200,43800,1300,3900
2816,1,158800,52100,44200,1200,3000
2817,1,157000,47800,43600,1300,3900
2818,1,202800,48900,44000,1400,4100
2819,1,164600,48100,43700,1200,3900
2820,1,151200,48000,43700,1200,3900
2821,1,153200,47900,43900,1200,3700
2822,1,152200,48000,44300,1200,3700
2823,1,152100,48100,44100,1200,3900
2824,1,158400,48600,43900,1300,3900
2825,1,169200,49200,43700,1300,3900
2826,1,194500,48900,44100,1400,4200
2827,1,171200,48400,43700,1300,4000
2828,1,163400,49700,45100,2600,3900
2829,1,162300,48800,43500,1400,2900
2830,1,183800,48800,44200,1400,2900
2831,1,162900,48700,43800,1300,4100
2832,1,157500,48300,43700,1300,4100
2833,1,160500,48600,43700,1300,3900
2834,1,157000,48800,43600,1400,4000
2835,1,166400,52600,44500,1400,3000
2836,1,163800,48400,43900,1300,3100
2837,1,169400,49000,43500,1500,4100
2838,1,193500,49100,43700,1300,4300
2839,1,216900,50000,44000,1300,4200
2840,1,188300,57700,43900,1300,4100
2841,1,189000,48900,43800,1300,4100
2842,1,181400,48800,44100,1400,3900
2843,1,150900,47900,44100,1300,3800
2844,1,150300,48100,44100,1200,3800
2845,1,150500,48200,43600,1300,3700
2846,1,148200,47700,43900,1300,2800
2847,1,151600,48100,43900,1300,3800
2848,1,150800,47800,44200,1300,3800
2849,1,159300,48300,44500,1200,3800
2850,1,161900,48500,43700,1400,3900
2851,1,167900,48800,44000,1300,4200
2852,1,155400,48100,44000,1200,3900
2853,1,161700,48500,43900,1400,3900
2854,1,184000,48600,44100,1400,4000
2855,1,155100,48100,44000,1200,2900
2856,1,199700,48900,43900,1300,4000
2857,1,175200,49000,43700,1300,4100
2858,1,192400,49400,44000,1400,4100
2859,1,232300,67200,49100,2400,8500
2860,1,189600,52900,45800,2300,5000
2861,1,375100,141800,129400,2400,3700
2862,1,417200,145400,122000,1900,4600
2863,1,405100,132400,121700,1800,4300
2864,1,407300,131900,120800,1800,3600
2865,1,467900,132700,120800,1900,4400
2866,1,251100,51000,44800,2100,4400
2867,1,157400,47400,43900,1400,4100
2868,1,512800,50000,392200,1400,3800
2869,1,513200,56800,383300,1400,4300
2870,1,264800,54000,44300,1600,58500
2871,1,280400,51100,44400,1500,62900
2872,1,177200,50000,43700,1400,21000
2873,1,161200,48800,44200,1200,4100
2874,1,156200,48400,43900,1300,4000
2875,1,158200,49200,43700,1300,3900
2876,1,156300,48300,43900,1300,3000
2877,1,166100,48000,50300,1300,3800
2878,1,207000,49100,44400,1400,3800
2879,1,167300,49800,43500,1200,3900
2880,1,154200,48000,43900,1300,3800
2881,1,153500,48100,44200,1300,3800
2882,1,151700,47900,44000,1300,3700
2883,1,153000,48300,44100,1300,3700
2884,1,155000,48300,44100,1200,3900
2885,1,152300,48100,44000,1300,3100
2886,1,190300,48200,47900,1300,4000
2887,1,162300,48200,44000,1300,3800
2888,1,156300,47800,44200,1200,3800
2889,1,167100,48400,44100,1300,3900
2890,1,184000,48700,43900,1400,4000
2891,1,164300,48900,43700,1300,4100
2892,1,156200,47800,44100,1300,3900
2893,1,155800,48200,43900,1300,4000
2894,1,158400,48400,44000,1300,3800
2895,1,163600,48800,44000,1300,3900
2896,1,161600,48300,43800,1400,3100
2897,1,167600,48700,43900,1300,4000
2898,1,191000,48900,44500,1400,4000
2899,1,173600,48700,43600,1300,3000
2900,1,156900,48600,43600,1300,3900
2901,1,227200,48800,44000,1400,4100
2902,1,202000,48800,43700,1400,4100
2903,1,149400,48100,43700,1200,3800
2904,1,149500,49500,43800,1200,3700
2905,1,147900,47500,43700,1200,3700
2906,1,148100,47500,43400,1200,3800
2907,1,150700,52000,44100,1300,2600
2908,1,148800,47500,43800,1300,3600
2909,1,160300,48700,43600,1300,3900
2910,1,170000,49000,43900,1400,4000
2911,1,171400,48800,43800,1400,3900
2912,1,161500,48600,43700,1300,3900
2913,1,166800,48700,43900,1400,3900
2914,1,178200,48600,43800,1400,4100
2915,1,155300,48200,43500,1300,3900
2916,1,190300,48700,44400,1200,3900
2917,1,168400,52600,44100,1300,3100
2918,1,187000,48400,44000,1400,4000
2919,1,175600,48200,44100,1300,4000
2920,1,159100,48600,43500,1400,4100
2921,1,162300,47700,44200,1400,3100
2922,1,165600,51200,44200,1400,4200
2923,1,162100,48300,43900,1300,4100
2924,1,155300,48100,44000,1300,2900
2925,1,168600,51400,43600,1400,4000
2926,1,187100,49000,44000,1300,3900
2927,1,161000,48800,43400,1300,3900
2928,1,159500,46900,44000,1300,4000
2929,1,505800,49500,388900,1300,3000
2930,1,523000,56200,395000,1400,4200
2931,1,268400,57200,48500,2600,59600
2932,1,306300,52300,44300,1900,67400
2933,1,205200,50200,44500,1600,20900
2934,1,159700,48600,44500,1300,4200
2935,1,161800,52700,44300,1300,3100
2936,1,160900,48200,44300,1300,3900
2937,1,160600,48200,43800,1400,3800
2938,1,207200,48800,43800,1400,4100
2939,1,167300,48400,43900,1300,3900
2940,1,154700,48200,43300,1300,3900
2941,1,165500,48800,43500,1200,3800
2942,1,159400,48500,43800,1300,3800
2943,1,158400,48100,44100,1400,4000
2944,1,160900,48100,43800,1400,4000
2945,1,159700,48000,43700,1200,3900
2946,1,189900,48600,44200,1300,3900
2947,1,159100,48300,44200,1300,3800
2948,1,154400,48200,44000,1300,3900
2949,1,168000,48700,43600,1300,3900
2950,1,229900,49100,43600,1400,4200
2951,1,200800,49400,44300,1400,4200
2952,1,158400,48100,43800,1400,3900
2953,1,162800,48300,43700,1300,3900
2954,1,167600,52700,44400,1300,3100
2955,1,159600,48300,43600,1300,4000
2956,1,166900,48500,44100,1400,4000
2957,1,168600,48600,44100,1400,4000
2958,1,187200,48700,43900,1400,3200
2959,1,182000,48600,49500,1300,4100
2960,1,153300,48400,43800,1400,4000
2961,1,190400,48500,43700,1400,4000
2962,1,183500,49000,43900,1300,4100
2963,1,186700,48300,43700,1400,3200
2964,1,171900,48800,43400,1200,4000
2965,1,145800,47600,43800,1200,3100
2966,1,148000,47900,43700,1200,3800
2967,1,147600,47800,43900,1200,3600
2968,1,150800,49300,44100,1300,3700
2969,1,158900,49600,44200,1300,3900
2970,1,158900,48000,43200,1300,3900
2971,1,163600,48600,44000,1400,3700
2972,1,153500,47800,43700,1200,3800
2973,1,160700,48500,43700,1300,4000
2974,1,177300,48800,43600,1400,4000
2975,1,214100,97400,49400,1700,3800
2976,1,189900,48800,43900,1300,4100
2977,1,160700,48400,44100,1300,4000
2978,1,179800,48500,44100,1300,3900
2979,1,163300,48200,43900,1300,3800
2980,1,154100,48100,44100,1300,2900
2981,1,158700,48500,43500,1300,4000
2982,1,161300,52900,44300,1300,2900
2983,1,158700,48400,42800,1300,3800
2984,1,157600,48300,43900,1300,3900
2985,1,167900,48900,43800,1300,3900
2986,1,178800,48700,42900,1400,4000
2987,1,155500,48500,43300,1200,3800
2988,1,158700,48800,44000,1300,3900
2989,1,157000,47100,43700,1300,4000
2990,1,497800,49400,379300,1300,4000
2991,1,548400,72300,377700,1500,3400
2992,1,222500,54100,44700,1500,57200
2993,1,221800,50800,44100,1400,61100
2994,1,219000,49700,43400,1500,21000
2995,1,196200,49500,44300,1400,4100
2996,1,164000,48600,43900,1300,3900
2997,1,167000,48900,43900,1300,4000
2998,1,210400,49400,44000,1300,4100
2999,1,167600,48800,43700,1300,3900
3000,1,155100,48000,43900,1200,3800
3001,1,156700,48500,44100,1200,3900
3002,1,156900,48300,44100,1200,4000
3003,1,157600,53000,44200,1300,2800
3004,1,156000,48300,43500,1400,3900
3005,1,157200,48700,44100,1300,3900
3006,1,191000,48800,44200,1300,3900
3007,1,160500,48600,43800,1300,4000
3008,1,152200,48100,44400,1200,3900
3009,1,157700,48400,43900,1200,4000
3010,1,179000,48400,43900,1300,4000
3011,1,164900,48500,44200,1400,4000
3012,1,159600,48100,45500,1300,4000
3013,1,162900,48400,44200,1300,4000
3014,1,175300,60300,44400,1200,3900
3015,1,170100,49500,46900,1400,4000
3016,1,206200,53000,48700,1400,11500
3017,1,180100,52500,46500,1400,3100
3018,1,202800,49800,44100,1300,4200
3019,1,192300,53600,47000,2400,4100
3020,1,173200,50900,46500,1400,4600
3021,1,232300,52700,45800,2300,4800
3022,1,219600,52900,44600,2300,4800
3023,1,160800,48800,44200,1400,4100
3024,1,156500,48500,43700,1200,4000
3025,1,195000,48800,45000,1300,4000
3026,1,183500,49100,44300,1400,4100
3027,1,157800,48300,44000,1400,3900
3028,1,155500,48400,43500,1300,3800
3029,1,166900,48900,43800,1400,4000
3030,1,170600,48200,44200,1300,4100
3031,1,177100,52600,44100,1300,4100
3032,1,155900,48400,44000,1200,4000
3033,1,165700,48800,43800,1400,4000
3034,1,189800,48800,43800,1400,4100
3035,1,197900,48500,44000,1300,4200
3036,1,227600,48900,44300,1500,4100
3037,1,158500,48400,43100,1300,3000
3038,1,176900,47700,43900,1300,2800
3039,1,162300,48000,44100,1300,3900
3040,1,149900,47700,43700,1200,3600
3041,1,154800,47800,43800,1300,3800
3042,1,157800,48300,43500,1200,3800
3043,1,159800,48400,43900,1300,3800
3044,1,171500,49100,43800,1300,4000
3045,1,165600,48300,43700,1300,4100
3046,1,187400,48900,43300,1300,4000
3047,1,160000,48300,43500,1300,4000
3048,1,155500,48400,44000,1300,3900
3049,1,164900,48500,44500,1300,3900
3050,1,162400,48700,44000,1400,4000
3051,1,575600,52600,393400,2400,4900
3052,1,518900,57700,379600,1500,4300
3053,1,226400,54600,44300,1400,58900
3054,1,220400,50800,43900,1500,61900
3055,1,207600,57000,47600,2300,26400
3056,1,212400,51000,44400,1500,4600
3057,1,196000,51000,47100,2400,4200
3058,1,252000,52900,45100,2300,4900
3059,1,188200,51600,45700,2300,4700
3060,1,161900,49000,43700,1300,4100
3061,1,155800,48500,44300,1200,3900
3062,1,157000,48500,48000,1300,3800
3063,1,152900,48600,44600,1300,3800
3064,1,155800,48100,44400,1200,3800
3065,1,155300,48000,43700,1200,3800
3066,1,187100,48100,43900,1300,3900
3067,1,158900,48900,44300,1200,3800
3068,1,149300,47700,44000,1200,3700
3069,1,156100,47800,43900,1300,3700
3070,1,185500,48600,44000,1300,3800
3071,1,166400,49800,44700,1300,3900
3072,1,150300,48200,43700,1200,3800
3073,1,159000,47900,43600,1300,3800
3074,1,160900,47900,44000,1300,3900
3075,1,165100,48500,43500,2800,3900
3076,1,171200,49000,43600,1300,4100
3077,1,171400,48500,44000,1400,4000
3078,1,196200,48600,44000,1400,4000
3079,1,179700,48700,44000,1400,4200
3080,1,164300,48300,44100,1300,3900
3081,1,204800,49100,44200,1300,4000
3082,1,191000,49100,43900,1400,4100
3083,1,160000,48500,44100,1400,4000
3084,1,156300,47700,44300,1200,3900
3085,1,154300,48000,43900,1400,3800
3086,1,154700,47800,43400,1200,3800
3087,1,195100,49000,43800,1300,4100
3088,1,175800,48400,43800,1200,4100
3089,1,165400,52900,44300,1300,2900
3090,1,165300,48900,43700,1400,3900
3091,1,169400,49000,43600,1300,4100
3092,1,158500,48000,44100,1300,4000
3093,1,163900,48600,44300,1300,4100
3094,1,182500,48700,43700,1300,4100
3095,1,156800,48400,43900,1300,3900
3096,1,191300,48500,44100,1300,3900
3097,1,163200,48700,43900,1200,3800
3098,1,186900,53000,44400,1400,3200
3099,1,164100,47900,43900,1300,3900
3100,1,158500,49700,48400,1300,3800
3101,1,199800,57700,49900,2300,5700
3102,1,182200,52300,46100,2300,5000
3103,1,170500,51500,49200,1400,3100
3104,1,182100,51300,45600,2300,4800
3105,1,195500,55500,46800,2300,4900
3106,1,205000,49500,45600,1500,4200
3107,1,185200,52400,45500,2400,4600
3108,1,187600,52200,45400,2400,5000
3109,1,423500,134400,122000,2400,4900
3110,1,412000,135700,121300,1800,4500
3111,1,385200,127600,46400,2100,4400
3112,1,537700,51700,400000,1500,4200
3113,1,527100,57300,387500,1400,4200
3114,1,230400,54600,44200,1400,59200
3115,1,233400,50500,44300,1600,63500
3116,1,186800,50200,43900,1400,20900
3117,1,168200,49300,43700,1300,4300
3118,1,253900,49300,43600,1400,4200
3119,1,197800,49100,43900,1300,4200
3120,1,200800,48800,43800,1300,4000
3121,1,197300,48900,44000,1400,4300
3122,1,153700,48600,43900,1200,3800
3123,1,153600,48400,43500,1200,3800
3124,1,153200,47900,44300,1300,3100
3125,1,158500,48300,44000,1200,3800
3126,1,207500,51500,47900,2300,4800
3127,1,162600,48200,43500,1400,4100
3128,1,148800,47700,44100,1200,3700
3129,1,157600,48200,44000,1400,3800
3130,1,177400,48200,43300,1200,2800
3131,1,155900,47700,45000,1400,2800
3132,1,149100,47600,44000,1200,3800
3133,1,153000,47800,44400,1200,3800
3134,1,154600,47900,43900,1200,3900
3135,1,163500,48300,43700,1300,3900
3136,1,169500,48900,44100,1300,3900
3137,1,172100,48600,44400,1300,4000
3138,1,195800,48300,44000,1400,4000
3139,1,180000,48900,44200,1300,4000
3140,1,158900,48100,44100,1200,4000
3141,1,192000,48800,44400,1300,4000
3142,1,217200,51600,45000,2400,5800
3143,1,178000,53200,46700,2300,4900
3144,1,168300,54400,46400,2300,4200
3145,1,169700,51000,45900,1300,4600
3146,1,168400,51100,44700,2300,4700
3147,1,158300,49100,44200,1400,4100
3148,1,155500,48600,43700,1300,3000
3149,1,200700,49000,43900,1400,3000
3150,1,188900,49100,44300,1300,4000
3151,1,168400,48200,44300,1400,4100
3152,1,155100,49400,43600,1200,3900
3153,1,160500,48300,44600,1500,3700
3154,1,183200,48500,44200,1300,4100
3155,1,153600,47900,44000,1200,3800
3156,1,190400,49200,44000,1300,4000
3157,1,159000,48100,43500,1300,3800
3158,1,187200,52900,44300,1300,2900
3159,1,161000,47900,44000,1300,2800
3160,1,149400,47500,44100,1200,3800
3161,1,153500,47800,44000,1200,3700
3162,1,152400,48100,44000,1300,3700
3163,1,151700,48100,43700,1200,3800
3164,1,155400,48200,43900,1300,3800
3165,1,172000,52800,44200,1200,3800
3166,1,195600,53600,44300,1400,3300
3167,1,167700,48600,44200,1300,4000
3168,1,164400,48800,43700,1300,4000
3169,1,166900,49000,43900,1400,4100
3170,1,165400,48600,44100,1300,4100
3171,1,201500,49100,43900,1400,4100
3172,1,162200,46800,43800,1300,3900
3173,1,510400,49400,389700,1300,3900
3174,1,529200,57100,399000,1400,4200
3175,1,221900,54300,44200,1300,58100
3176,1,228000,51400,44000,1300,62800
3177,1,202600,59700,45400,1300,20900
3178,1,212500,49000,44100,1400,4200
3179,1,176700,49000,43300,1400,4200
3180,1,196600,48900,43700,1300,4200
3181,1,187100,53300,44200,1500,4000
3182,1,156700,48400,43900,1300,3900
3183,1,155200,48400,43800,1300,3800
3184,1,157200,48400,43800,1300,3900
3185,1,168200,54500,45300,2200,3800
3186,1,200700,50100,44000,1400,4700
3187,1,162500,48700,43700,1200,4000
3188,1,152900,48300,44700,1100,3800
3189,1,159500,48300,43600,1300,3900
3190,1,186600,53600,44300,1200,2800
3191,1,162500,48800,43800,1300,4000
3192,1,150100,47800,43800,1200,3900
3193,1,156400,48400,44700,1300,3700
3194,1,158000,48000,46100,1200,3900
3195,1,159700,48600,44200,1300,3900
3196,1,170300,48600,44000,1400,4000
3197,1,176700,48600,44200,1300,4000
3198,1,203000,50100,44300,1400,4200
3199,1,191100,48900,43900,1400,4100
3200,1,163600,48600,43800,1300,4100
3201,1,207900,48600,43800,1400,3000
3202,1,189700,49000,43600,1400,4100
3203,1,155900,48400,43400,1300,3900
3204,1,159700,48600,44100,1200,3800
3205,1,201700,48600,44300,1400,4100
3206,1,186500,48600,44000,1300,4100
3207,1,154600,48200,44100,1200,4000
3208,1,152200,47600,44200,1200,3800
3209,1,166700,49000,44000,1300,3900
3210,1,165400,48300,43800,1400,3000
3211,1,210300,49600,44200,1300,4100
3212,1,178400,48600,43800,1300,4100
3213,1,167100,52600,44300,1300,3900
3214,1,181200,48500,43900,1300,4200
3215,1,160200,48300,43700,1200,3000
3216,1,189800,49100,43500,1300,3900
3217,1,160000,48300,44100,1300,3800
3218,1,179900,48500,43900,1300,4000
3219,1,162200,48100,43800,1300,3800
3220,1,148600,48400,44100,1200,2900
3221,1,152700,48100,43500,1200,3800
3222,1,152600,48300,43700,1200,3700
3223,1,151800,47700,44000,1200,3900
3224,1,151100,47500,43900,1200,3800
3225,1,157300,48200,43600,1200,3900
3226,1,176200,48800,43900,1200,3900
3227,1,154100,48400,44000,1200,3800
3228,1,157300,47900,44100,1200,3800
3229,1,162700,48300,44300,1300,4000
3230,1,162700,48500,43900,1200,3900
3231,1,195900,49000,43700,1300,4100
3232,1,162200,48100,43800,1300,4000
3233,1,168000,51300,44400,1300,4000
3234,1,515700,51400,396400,1300,4000
3235,1,505700,56400,379300,1400,4100
3236,1,229700,54900,48300,1500,57400
3237,1,222500,50700,44400,1400,62400
3238,1,227000,50200,43900,1400,20700
3239,1,167400,48400,44000,1300,4100
3240,1,156500,47900,43600,1300,4000
3241,1,161300,48500,43600,1300,4000
3242,1,194100,49200,43700,1300,4100
3243,1,177300,48500,43900,1400,3900
3244,1,155900,48500,43800,1300,3900
3245,1,151000,47900,43800,1300,2800
3246,1,185700,48700,43700,1300,3800
3247,1,158900,48300,44100,1200,3800
3248,1,149100,47600,44100,1200,3700
3249,1,159300,48300,44200,1300,3900
3250,1,181700,48500,43600,1500,2900
3251,1,160300,48200,44000,1300,2900
3252,1,157000,48100,44300,1200,4000
3253,1,157500,48200,43600,1200,3900
3254,1,157800,48600,44200,1300,3800
3255,1,159200,48300,44000,1200,3900
3256,1,163400,48200,43900,1300,4000
3257,1,165600,48500,43500,1300,4000
3258,1,191100,48900,44200,1300,4100
3259,1,179100,48900,43800,1400,4200
3260,1,161200,48800,43600,1300,4100
3261,1,213300,51800,47500,1500,7300
3262,1,189500,48600,44000,1300,4100
3263,1,157400,48500,43700,1300,4100
3264,1,156800,48200,43500,1300,3900
3265,1,155000,48300,44300,1200,3800
3266,1,155100,48200,43900,1300,4000
3267,1,158200,48400,44100,1300,4000
3268,1,153200,47900,43500,1200,3800
3269,1,162200,48500,43700,1400,3200
3270,1,167000,49300,44400,1300,4100
3271,1,172500,48900,43600,1300,4100
3272,1,163200,48700,44100,1300,4100
3273,1,208000,49200,44200,1300,4100
3274,1,207100,49400,44100,1400,4300
3275,1,157300,48200,44300,1300,3900
3276,1,191600,48700,44100,1300,4000
3277,1,161800,48600,44900,1400,3900
3278,1,184100,48500,45300,1300,3900
3279,1,165100,48000,44200,1200,3900
3280,1,162700,55800,44000,1400,6000
3281,1,159300,48100,43400,1300,4200
3282,1,165100,48300,44500,1300,4000
3283,1,157100,48000,44100,1300,3900
3284,1,158100,48000,44300,1300,4100
3285,1,165500,52800,44100,1200,3000
3286,1,180900,48700,43200,1400,4100
3287,1,154600,48300,44000,1300,4000
3288,1,154700,48000,43800,1200,4000
3289,1,175300,47900,43900,1400,10800
3290,1,204100,49000,43600,1300,4100
3291,1,234400,49100,44500,1400,4300
3292,1,162000,48400,43900,1400,3000
3293,1,164800,48700,43700,1300,4000
3294,1,162900,51300,44300,1300,2900
3295,1,500300,49700,378900,1300,4000
3296,1,503400,56200,378200,1400,3200
3297,1,224800,53900,44300,1400,56400
3298,1,271800,50700,43800,1500,62600
3299,1,183300,49500,44200,1400,19000
3300,1,160400,48900,44200,1300,4200
3301,1,155800,48100,43700,1300,3900
3302,1,157500,48500,44300,1300,3900
3303,1,157500,48400,44000,1300,4000
3304,1,195900,48700,43800,1400,4200
3305,1,179700,48700,43700,1400,3000
3306,1,187100,48800,43800,1300,4000
3307,1,157300,48100,44200,1300,3800
3308,1,146700,47600,43300,1200,3100
3309,1,156200,48200,44000,1200,3700
3310,1,180700,52800,44300,1300,3100
3311,1,156500,48200,44100,1400,3900
3312,1,148100,47800,43600,1200,3700
3313,1,152800,48400,43700,1200,3800
3314,1,152000,47600,44000,1200,3700
3315,1,156300,48100,44300,1300,3800
3316,1,160400,48000,44300,1300,3900
3317,1,162900,52600,44400,1300,2800
3318,1,185300,48400,43900,1300,3900
3319,1,182700,49400,54800,4400,4200
3320,1,152200,47800,44000,1200,3900
3321,1,186800,48800,43700,1300,3900
3322,1,188000,49800,44400,1300,3500
3323,1,154900,48100,43900,1200,3100
3324,1,154100,47800,43900,1300,3900
3325,1,156600,49400,44900,1200,3800
3326,1,158400,48000,44000,1200,3800
3327,1,150500,47800,43400,1300,3800
3328,1,152500,47600,43800,1300,3700
3329,1,162600,48600,43500,1400,3900
3330,1,160200,48700,43900,1400,3100
3331,1,171200,48700,44400,1400,4100
3332,1,157000,48400,44400,1300,3900
3333,1,163500,48100,43200,1300,4000
3334,1,186100,49400,44000,1400,4100
3335,1,202300,48900,43700,1300,4100
3336,1,216600,48700,43700,1400,4000
3337,1,170100,48600,44200,1200,3900
3338,1,184300,48400,44100,1300,4000
3339,1,165100,48100,44100,1300,3800
3340,1,151300,47700,43500,1300,3800
3341,1,151600,47900,43800,1300,2900
3342,1,156000,48400,43600,1300,4000
3343,1,153200,48200,43800,1200,3800
3344,1,154300,48300,44100,1300,3800
3345,1,158500,48000,43600,1300,3900
3346,1,185300,52800,48000,1400,3200
3347,1,165600,53400,45300,1300,4000
3348,1,158100,49600,45200,1300,3900
3349,1,161100,49900,43800,1400,3800
3350,1,157700,48000,45200,1200,3900
3351,1,189200,48400,43600,1300,3900
3352,1,164800,49200,44200,1200,3900
3353,1,165500,48600,43900,1400,4000
3354,1,166700,48700,43300,1300,4000
3355,1,162500,47100,43400,1300,4100
3356,1,507300,49500,384800,1400,3900
3357,1,512300,56300,378200,1400,4300
3358,1,266200,54100,43800,1400,56000
3359,1,241200,50100,49700,1400,62200
3360,1,187100,49700,44400,1400,20700
3361,1,163700,48400,43900,1300,4300
3362,1,159000,48600,43300,1400,4000
3363,1,158100,48400,44300,1300,3900
3364,1,161700,48200,43900,1400,3900
3365,1,162900,48400,43700,1300,4000
3366,1,235200,50300,43900,1400,4200
3367,1,190900,49000,43500,1400,4300
3368,1,154500,48000,44000,1300,3700
3369,1,169100,48400,43900,1300,3900
3370,1,191600,52400,45700,4600,4100
3371,1,162900,47800,44000,1300,4100
3372,1,149600,48000,43400,1200,3900
3373,1,161000,48700,44000,1300,3900
3374,1,159100,48200,44000,1300,3900
3375,1,201000,48600,43400,1400,4000
3376,1,199600,49000,44100,1500,4000
3377,1,163300,48900,43700,1300,3800
3378,1,188500,49000,44200,1300,4100
3379,1,171000,48500,43900,1300,4100
3380,1,151400,48200,43300,1200,3800
3381,1,186900,48600,44300,1400,3800
3382,1,177700,48400,44300,1300,3100
3383,1,158000,52600,44200,1300,2800
3384,1,153800,47900,43700,1300,3700
3385,1,154500,47900,43400,1200,3800
3386,1,155900,48400,44100,1200,3800
3387,1,154700,48100,43600,1300,3800
3388,1,169100,48200,44000,1300,8400
3389,1,161400,48400,44200,1300,3900
3390,1,165800,48900,43300,1400,4000
3391,1,173300,49000,43700,1400,4200
3392,1,156200,48000,44000,1300,3900
3393,1,167200,48500,43500,1400,4100
3394,1,181500,49300,43900,1300,4200
3395,1,162500,48300,44000,1300,3900
3396,1,192500,48600,44300,1400,4000
3397,1,201600,48900,44000,1300,4100
3398,1,206100,48700,44300,1300,4200
3399,1,163900,48100,43900,1200,3900
3400,1,150800,48300,44400,1200,3700
3401,1,154300,48100,43500,1300,3800
3402,1,151900,47600,44000,1200,3800
3403,1,151400,47700,44400,1200,3800
3404,1,150600,47800,44000,1200,3700
3405,1,159800,52600,44300,1300,2900
3406,1,176300,48400,44100,1300,4000
3407,1,153100,48400,43800,1300,3700
3408,1,151900,47900,43900,1200,3800
3409,1,154100,48000,44100,1300,2900
3410,1,161800,52600,44100,1300,2800
3411,1,186500,48500,43600,1400,3800
3412,1,155900,48300,44100,1200,3900
3413,1,158400,48100,43900,1200,3900
3414,1,159200,47900,43500,1300,3900
3415,1,162700,48800,44300,1300,3900
3416,1,164000,48800,44000,1300,3800
3417,1,506500,49300,379200,1300,3900
3418,1,555600,56900,382900,1400,4200
3419,1,234500,54000,44300,1400,56300
3420,1,226700,51400,44200,1400,62000
3421,1,184600,50000,44100,1400,20700
3422,1,167600,48900,43800,1400,4100
3423,1,160300,48900,44000,1300,3900
3424,1,163000,48800,43900,1300,4100
3425,1,161100,48500,43900,1300,3100
3426,1,190400,48800,43500,1300,3900
3427,1,176900,50800,49900,3400,3900
3428,1,214200,51900,44400,2300,4900
3429,1,191400,49700,44400,1500,4200
3430,1,193800,53700,44400,1400,3200
3431,1,163100,48000,44000,1300,3200
3432,1,157100,48200,48900,1200,3900
3433,1,159200,48800,44300,1200,3900
3434,1,157600,48800,44900,1300,3900
3435,1,162700,48500,44400,1300,3900
3436,1,166300,48800,44000,1400,3900
3437,1,167300,48700,44300,1300,3900
3438,1,191200,48900,44100,1400,4200
3439,1,180800,49100,44200,1400,4200
3440,1,154600,48300,43800,1300,4100
3441,1,189700,48800,43900,1300,4000
3442,1,182800,48700,43600,1300,3900
3443,1,151100,48300,43800,1200,3900
3444,1,151200,47900,43700,1200,3700
3445,1,157400,48300,43700,1300,3800
3446,1,159100,48000,44000,1200,4000
3447,1,158500,48500,44000,1300,3900
3448,1,158400,48000,43800,1300,4000
3449,1,167200,48700,43800,1300,4100
3450,1,171900,49200,43500,1300,4200
3451,1,184300,48900,44300,1400,4300
3452,1,166200,48600,43700,1300,4100
3453,1,174000,49200,43800,1300,4000
3454,1,187400,49000,43800,1300,4100
3455,1,164600,48900,43300,1300,4200
3456,1,199900,53500,44200,1400,3200
3457,1,165700,48300,43900,1300,4000
3458,1,190400,49100,44100,1400,4100
3459,1,213900,50100,44500,1300,4200
3460,1,219200,48300,44200,1400,4100
3461,1,200400,49500,52600,4200,4200
3462,1,152600,48200,44000,1200,3900
3463,1,153600,48900,45200,1200,3900
3464,1,150700,48000,43700,1300,3600
3465,1,160800,48000,44000,1300,3900
3466,1,179700,48900,44500,1300,4100
3467,1,158700,49100,45800,1200,3800
3468,1,151200,48100,43600,1300,3700
3469,1,158000,52500,44400,1300,3000
3470,1,157500,50000,43700,1300,3800
3471,1,197400,49100,44200,1400,4000
3472,1,155200,48300,43700,1200,3900
3473,1,157800,48600,43900,1300,3900
3474,1,156100,48200,43300,1300,3900
3475,1,157900,48600,44100,1300,3800
3476,1,162500,48200,43800,1300,3900
3477,1,164300,47300,43600,1300,4000
3478,1,554500,50600,386400,1300,4100
3479,1,516700,56400,379200,1400,4100
3480,1,222400,54300,43700,1600,58000
3481,1,224200,50900,43900,1400,62500
3482,1,174900,50400,43600,1300,20600
3483,1,158900,48600,44100,1200,4100
3484,1,161700,48600,44200,1300,4000
3485,1,156100,48500,43500,1300,3800
3486,1,190800,49400,43400,1400,4000
3487,1,160300,48500,44300,1200,3800
3488,1,153500,47900,44000,1200,3900
3489,1,160900,48500,44400,1300,3900
3490,1,217900,49100,43900,1400,4000
3491,1,182600,48800,44300,1300,4100
3492,1,148600,47800,43600,1200,3700
3493,1,150000,47400,43800,1400,2700
3494,1,153000,48000,43800,1200,3800
3495,1,156600,47800,44000,1300,3800
3496,1,165800,48600,43900,1300,3900
3497,1,163100,48300,43900,1300,3900
3498,1,188000,49100,43900,1300,4100
3499,1,175100,53200,44500,1300,3100
3500,1,152000,48400,44000,1200,3900
3501,1,185100,48400,44000,1200,3900
3502,1,180600,52600,44400,1300,3000
3503,1,148600,47900,44300,1200,3700
3504,1,154500,47700,45600,1200,3800
3505,1,162800,48300,43300,1200,8700
3506,1,155500,48500,44100,1200,3100
3507,1,161300,48100,44100,1300,3800
3508,1,160800,48100,44100,1300,3900
3509,1,166300,48700,44400,1300,4000
3510,1,170600,48500,44000,1300,4100
3511,1,175500,49100,43900,1400,4100
3512,1,174400,53700,47800,1400,4000
3513,1,187800,55300,46300,1300,10200
3514,1,188700,48900,44100,1400,4000
3515,1,163400,48400,44200,1300,4100
3516,1,192300,48800,43800,1300,4000
3517,1,170500,49000,44800,1300,4000
3518,1,183500,48200,44100,1300,4000
3519,1,170000,48300,44100,1400,4000
3520,1,157800,48800,43900,1400,3900
3521,1,198400,49700,44300,1400,4100
3522,1,215700,82200,45000,1700,4100
3523,1,173200,61800,44400,1400,4200
3524,1,156800,48600,43800,1300,4000
3525,1,162700,48500,43800,1300,4000
3526,1,182200,48800,43900,1300,4000
3527,1,156600,48600,44200,1300,3900
3528,1,153600,47900,43800,1300,3900
3529,1,162200,48600,43800,1300,3800
3530,1,159200,48500,43800,1300,4000
3531,1,195200,49400,44700,1400,4100
3532,1,156800,48300,44300,1300,3200
3533,1,160700,48900,44100,1300,3900
3534,1,156700,48600,43800,1200,3800
3535,1,159800,48100,44100,1300,2800
3536,1,167300,48500,43800,1400,3900
3537,1,169200,48800,43900,1300,3900
3538,1,217700,48000,43800,1300,4200
3539,1,532700,49700,397200,1300,4100
3540,1,519300,57100,383700,1400,4100
3541,1,227800,54200,44500,1500,57400
3542,1,231800,50600,44200,1500,67100
3543,1,184100,50300,44300,1500,20600
3544,1,169400,53300,44400,1300,3200
3545,1,204500,49000,44100,1400,4100
3546,1,232200,50600,44300,1500,4100
3547,1,161900,48700,44500,1300,3900
3548,1,157500,48000,44400,1300,3900
3549,1,158700,48200,44100,1300,3900
3550,1,185400,49300,43700,1300,4000
3551,1,163600,48800,44100,1300,4000
3552,1,190800,49200,43900,1300,3900
3553,1,177600,48700,43800,1300,4100
3554,1,155000,48300,44000,1300,3800
3555,1,157400,48500,44100,1300,3800
3556,1,162700,48400,44000,1200,3900
3557,1,162800,48700,43800,1300,3900
3558,1,189200,49100,44300,1300,4000
3559,1,172200,48600,44100,1400,3900
3560,1,156200,48300,43800,1300,3800
3561,1,187600,48800,43700,1300,3800
3562,1,177600,48800,43700,1300,3900
3563,1,148900,48000,44100,1300,3800
3564,1,150800,47400,44000,1100,3700
3565,1,147300,48000,43900,1200,3600
3566,1,147300,47600,43800,1200,3600
3567,1,148100,47600,44100,1200,3600
3568,1,150500,47700,44100,1200,3700
3569,1,161400,48400,43900,1400,3800
3570,1,167100,48600,44100,1300,3900
3571,1,177200,49100,44200,1300,4200
3572,1,161300,49000,43800,1300,4000
3573,1,167600,48600,44000,1400,4000
3574,1,189300,49000,43600,1400,4100
3575,1,158100,48400,44500,1200,3900
3576,1,191500,49100,44000,1300,4100
3577,1,165700,48800,44000,1300,3900
3578,1,181700,48600,43900,1300,3900
3579,1,168400,48500,44100,1400,4000
3580,1,150300,47900,43600,1300,2700
3581,1,156800,48300,44200,1300,3800
3582,1,156800,48500,43900,1300,3700
3583,1,193700,49000,43900,1400,4000
3584,1,176500,48600,43700,1300,4000
3585,1,158700,47900,44300,1300,4000
3586,1,178200,48300,43800,1300,4000
3587,1,152000,47900,43800,1200,4000
3588,1,152400,48300,44000,1200,3900
3589,1,160300,48300,44400,1300,3700
3590,1,163500,48600,44200,1300,3900
3591,1,195900,49000,44200,1400,4000
3592,1,163500,48500,44100,1400,3800
3593,1,165000,48800,43900,1300,3900
3594,1,156700,48300,44100,1300,3900
3595,1,157700,48400,43800,1300,3900
3596,1,162300,48700,44300,1300,3700
3597,1,177600,49900,48800,1400,3900
3598,1,279600,60200,48500,2300,4700
3599,1,215400,58700,50600,2300,5000
0,2,2197800,72700,1691300,16000,164100
1,2,785400,73600,577200,2000,51100
2,2,519400,61500,390000,1500,4200
3,2,221800,54900,44800,1800,57200
4,2,231700,51200,44000,2000,66100
5,2,189800,50500,43800,1400,20700
6,2,169600,48800,44000,1400,3000
7,2,206300,49000,44200,1300,3900
8,2,160900,48600,43900,1700,3900
9,2,272700,49800,44000,1400,3800
10,2,704000,53400,47900,2300,3800
11,2,811200,101000,87800,2200,4800
12,2,792000,100100,86100,1900,4400
13,2,510300,51500,44600,1900,4300
14,2,167800,49500,44000,1600,4100
15,2,169800,49600,44100,1500,4000
16,2,166800,49100,44400,1800,3900
17,2,164800,49000,44400,1300,3800
18,2,227400,49400,44000,1500,3900
19,2,189000,49200,44300,1300,4000
20,2,214800,50000,44500,1400,4100
21,2,195500,49400,44300,1300,3900
22,2,192400,48200,44300,1400,3900
23,2,151500,47900,44500,1400,3700
24,2,153200,47800,44100,1300,3600
25,2,153400,48500,44200,1300,3600
26,2,152300,48200,43800,1300,3600
27,2,152600,48300,44500,1300,3500
28,2,154900,48500,43700,1300,3700
29,2,160000,48600,44100,1400,3700
30,2,166700,48900,44100,1400,3600
31,2,171500,48900,44300,1400,3700
32,2,166800,48900,44000,1700,3800
33,2,165600,49000,44100,1400,3700
34,2,183500,49500,43900,1400,4000
35,2,167500,49200,44100,1400,3800
36,2,194500,48900,44100,1400,3900
37,2,170300,48600,44000,1300,3900
38,2,159900,48500,43700,1400,3000
39,2,190200,49300,43600,1400,3900
40,2,182800,49400,44900,1300,3900
41,2,163100,48900,44000,1300,3900
42,2,158400,48500,44000,1300,3800
43,2,160300,48100,44000,1300,3700
44,2,164600,52700,44600,1300,2900
45,2,165600,48700,44200,1300,3700
46,2,189200,48500,44100,1400,3900
47,2,157700,48600,44000,1300,3800
48,2,161000,48700,44100,1300,3800
49,2,193300,48600,43400,1300,4100
50,2,190100,49200,44000,1400,4300
51,2,199500,49000,44200,2100,3900
52,2,173200,48900,46200,1400,4100
53,2,164300,48400,43900,1400,3700
54,2,177200,53500,44200,1400,3800
55,2,165200,49200,44400,1400,3900
56,2,162200,48900,44000,1300,3800
57,2,162300,48800,43600,1400,3700
58,2,180700,48600,44400,1400,2800
59,2,187900,48500,45000,1400,4100
60,2,241100,49200,44400,1400,4200
61,2,218800,48300,44300,1400,4100
62,2,502700,49600,389100,1300,4000
63,2,501200,57500,379500,1400,4100
64,2,217400,55200,44200,2100,58200
65,2,222000,51000,44000,1400,61900
66,2,217100,50300,44300,1600,26500
67,2,165600,48800,44100,1300,4100
68,2,157000,48000,44300,1400,2900
69,2,159200,48000,44100,1400,3700
70,2,184700,48400,44100,1300,3900
71,2,166600,48800,44300,1300,3800
72,2,155600,48100,44300,1300,3900
73,2,160800,48700,44000,1300,3700
74,2,161800,48800,44300,1300,3900
75,2,163800,48000,44200,1400,3900
76,2,166400,48600,44100,1300,4000
77,2,162400,48400,44300,1400,3800
78,2,169900,49300,49200,6000,3900
79,2,191200,48600,44000,1400,3700
80,2,214900,49500,44300,1400,4200
81,2,210900,49600,43700,1400,4000
82,2,183400,53500,44500,1300,2900
83,2,151100,48100,45900,1200,3700
84,2,162500,50000,46800,1200,3800
85,2,157100,49200,44200,1400,3500
86,2,149300,48000,44100,1300,3700
87,2,147700,47600,43900,1300,3500
88,2,150700,48000,44100,1200,4000
89,2,160500,47600,46100,1300,3500
90,2,166600,48300,44300,1400,3700
91,2,165100,48600,43900,1400,3700
92,2,160800,48400,44400,1300,4100
93,2,162400,48800,43900,1300,3700
94,2,177100,49100,43900,1300,4200
95,2,158200,48600,44500,1300,3800
96,2,189300,54800,44700,1400,3000
97,2,165500,48900,44600,1400,3800
98,2,167500,50100,48900,1300,4000
99,2,187100,48400,44400,2000,3700
100,2,173900,48800,44100,1300,3900
101,2,161200,48900,44200,1200,3700
102,2,165600,48500,44300,1300,4000
103,2,153200,47700,44100,1300,3600
104,2,161900,48400,44400,1400,4000
105,2,172600,49100,44100,1400,3900
106,2,192900,49400,44400,1400,3800
107,2,163800,48600,44300,1300,3800
108,2,165700,48700,44000,1300,4200
109,2,157100,48300,43800,1300,3800
110,2,166300,49000,44000,1400,3800
111,2,236500,54400,44600,1400,3100
112,2,189800,48500,44400,1400,4100
113,2,164100,48500,44100,1300,3900
114,2,160800,48500,44200,1300,4200
115,2,160600,48600,44000,1300,3800
116,2,158500,48000,44000,1300,3800
117,2,159300,48100,44200,1300,3800
118,2,179800,48700,44000,1500,3900
119,2,184800,49300,44200,1300,3800
120,2,170600,48700,44000,1400,4100
121,2,158500,48200,44100,1300,3800
122,2,152400,46400,44400,1200,3800
123,2,500300,49200,388300,1400,3800
124,2,505500,61600,379400,1400,4100
125,2,221200,55100,44500,1500,56100
126,2,250400,51100,44500,1500,62600
127,2,182300,50200,44100,1400,20600
128,2,161000,48800,44200,2000,4000
129,2,165200,48800,44100,1300,3900
130,2,186800,48800,44400,1500,3800
131,2,169700,48400,44500,1400,3900
132,2,162700,48700,44100,1400,3900
133,2,168400,48900,44200,1300,3900
134,2,158400,48100,44200,1400,4000
135,2,164100,49000,44000,1400,3800
136,2,173700,49200,44500,1300,3900
137,2,176500,49000,44200,1400,3900
138,2,170900,48700,43900,1300,3800
139,2,197800,49400,43900,1300,4000
140,2,184800,49200,44600,1300,3900
141,2,199300,49100,44300,1400,3900
142,2,224000,49500,44200,1400,4000
143,2,178900,48800,44200,1400,3800
144,2,155400,48700,44100,1300,3700
145,2,191900,48400,44300,1300,3900
146,2,186400,48800,44600,1400,4000
147,2,149800,47800,43900,1300,3600
148,2,151400,48100,44600,1200,3500
149,2,158100,47800,44500,1300,3500
150,2,163200,48100,44100,1200,3600
151,2,178900,60800,44600,1400,3700
152,2,162200,48800,44100,1400,3800
153,2,160100,48600,44100,1400,2700
154,2,180800,49300,44300,1300,3900
155,2,161500,48400,44400,1400,3700
156,2,185200,48600,44400,1300,3700
157,2,158900,48300,44200,1400,3700
158,2,153400,47700,43800,1300,3500
159,2,186600,48700,44300,1400,3800
160,2,172200,48900,43700,1500,3800
161,2,161700,48600,44100,1300,3600
162,2,160700,48500,44300,1300,3600
163,2,159100,48300,44100,1300,3700
164,2,170100,48700,44100,1300,3800
165,2,156700,49000,44100,1300,3800
166,2,186600,53900,44700,1300,3000
167,2,154100,47900,44200,1300,3800
168,2,157600,47900,44100,1300,3800
169,2,163100,48900,48300,1300,3600
170,2,175300,51000,47000,1500,3700
171,2,193800,50900,44500,1400,3800
172,2,168300,48700,44100,1400,3800
173,2,202600,49200,44100,1300,4100
174,2,182600,48600,44200,1300,3900
175,2,157700,48500,44200,1300,3700
176,2,154800,48300,44100,1200,3700
177,2,157000,48300,44500,1300,3800
178,2,176800,49000,44100,1400,3600
179,2,181800,48800,44200,1400,3800
180,2,168100,48300,44100,1300,3800
181,2,156200,48300,44300,1300,3600
182,2,149900,47900,44300,1300,3500
183,2,151200,46500,43900,1300,3500
184,2,494400,49500,380800,1300,3500
185,2,504600,59000,379600,1400,4300
186,2,247200,54800,45900,1500,56500
187,2,219100,50400,44500,1500,61800
188,2,172100,49600,44200,1400,20500
189,2,158800,49100,44000,1300,4000
190,2,188900,49100,44000,1400,3900
191,2,167700,48300,45900,1300,3900
192,2,170400,49200,43800,1400,3700
193,2,165900,48600,44200,1400,3900
194,2,165700,48300,44300,1300,4000
195,2,172800,48800,44500,1900,3900
196,2,164300,48400,44200,1300,3800
197,2,165300,48700,44400,1400,3900
198,2,168800,48900,44000,1400,3900
199,2,198400,48800,44400,1400,4000
200,2,177600,48600,44400,1300,4000
201,2,191200,48900,44300,1400,3900
202,2,183800,49000,43600,1500,3800
203,2,157100,48700,43800,1400,2700
204,2,193000,49200,44000,1400,3800
205,2,175400,48700,44300,1300,3900
206,2,151600,47800,43900,1300,3600
207,2,152700,48500,44400,1300,3700
208,2,152000,47800,44200,1300,3600
209,2,155600,48400,43700,1300,3700
210,2,161700,49000,44600,1300,3000
211,2,165700,48900,44000,1300,3800
212,2,163200,48900,44300,1400,3900
213,2,164300,48700,44000,1300,3900
214,2,180900,49100,44400,1400,4000
215,2,160200,48800,44200,1400,3700
216,2,188200,49200,44600,1400,3900
217,2,160300,48400,44300,1300,3800
218,2,154400,48500,43900,1300,3700
219,2,181500,49300,44200,1400,3800
220,2,165700,48600,43700,1400,2800
221,2,165200,49100,44100,1300,3800
222,2,167800,48700,44200,1300,3900
223,2,168900,49000,44400,1300,3900
224,2,167200,48500,44200,1400,3900
225,2,170100,49000,43800,1400,3800
226,2,194300,49800,44000,1500,3900
227,2,153500,48000,44400,1300,3700
228,2,161200,48500,44100,1300,3600
229,2,161100,48300,44000,1400,3800
230,2,210600,54300,44400,1400,3000
231,2,232400,49100,48500,1400,4000
232,2,166000,49200,45000,1300,3900
233,2,173200,48900,45100,1300,3800
234,2,173500,48600,44500,1400,3800
235,2,199200,48900,43700,1400,4000
236,2,183100,53900,44500,1500,2800
237,2,177600,48100,64200,1300,3700
238,2,178500,49300,44100,1300,3900
239,2,182200,48900,43900,1300,4100
240,2,168900,49000,44200,1300,3900
241,2,155200,48200,44000,1400,3700
242,2,150200,48200,44000,1200,3600
243,2,152700,48200,44300,1300,3600
244,2,152300,47100,44300,1300,3600
245,2,498700,49300,385100,1300,3700
246,2,534800,61400,379400,1300,4200
247,2,215200,54000,44400,1400,54800
248,2,213700,51000,44100,1500,61500
249,2,172100,50800,44400,1300,20600
250,2,179900,49000,44100,1300,4100
251,2,166100,50800,47800,1500,3700
252,2,202100,60900,49200,2400,4500
253,2,198800,58200,48600,2400,4700
254,2,201300,52000,45800,2300,3700
255,2,190000,52000,44600,2400,4600
256,2,196500,53200,44400,3700,4500
257,2,200500,52600,47500,2300,4900
258,2,186400,51800,47100,2300,4700
259,2,205900,49500,49300,1500,4100
260,2,243300,75900,45600,1900,4000
261,2,255100,100000,49500,1700,4100
262,2,201700,51000,44600,1500,4000
263,2,154200,49600,45100,1300,3900
264,2,153700,49700,42700,1300,3800
265,2,162000,48900,44900,1400,3800
266,2,192300,49400,43700,1400,4000
267,2,178500,50500,45100,1400,3200
268,2,156400,48400,43800,1300,3800
269,2,155500,48400,43900,1300,3700
270,2,162500,48800,44100,1400,3700
271,2,165400,48400,43800,1300,3800
272,2,202400,54700,77500,1300,3900
273,2,188400,50400,44800,1700,4000
274,2,194100,50700,44300,1400,3900
275,2,170200,49000,45500,1300,4000
276,2,226800,53800,49600,2500,4700
277,2,199000,56000,46300,2300,4900
278,2,169300,50000,45700,1500,4000
279,2,187800,49300,43700,1500,3800
280,2,170600,49100,44200,1400,3900
281,2,155400,46800,43800,1400,3800
282,2,174800,52600,44700,2300,4500
283,2,188300,52500,44000,2300,4700
284,2,169500,49300,44700,1400,4000
285,2,169600,49100,44000,1400,3900
286,2,193100,48300,44000,1400,3900
287,2,159900,48800,43900,1300,3800
288,2,168500,49300,44100,1400,3900
289,2,153500,48100,43800,1300,3800
290,2,165100,49100,44400,1400,4000
291,2,198300,49800,44200,1400,3800
292,2,171800,48200,44200,1500,3900
293,2,171700,48500,44300,1400,3900
294,2,166000,53400,44400,1300,2900
295,2,163100,48600,43600,1300,3800
296,2,163100,48900,44000,1400,3800
297,2,205700,49100,44100,1500,4000
298,2,211600,50600,45000,1400,4000
299,2,187400,48900,43800,1400,4000
300,2,171800,48600,43900,1400,4000
301,2,162900,50000,44200,1300,3700
302,2,153700,48000,43800,1300,3800
303,2,154300,48200,44000,1300,3700
304,2,154400,48400,43600,1300,3800
305,2,159100,47000,44200,1400,3800
306,2,582600,49700,432100,1300,3900
307,2,519400,57800,386100,1400,4200
308,2,223000,55200,44300,1500,59900
309,2,233200,51500,44200,1400,61800
310,2,207900,55000,43600,1400,19100
311,2,159400,48500,43700,1300,4200
312,2,155700,47700,44000,1300,2700
313,2,162300,48300,44100,1300,3800
314,2,167500,48400,44200,1300,3900
315,2,209500,49100,44200,1500,3800
316,2,206500,49600,45000,1400,3900
317,2,188600,52200,45300,2300,4800
318,2,174800,49700,44600,1500,4200
319,2,200800,49000,44200,1400,3900
320,2,171100,49800,44100,1300,3000
321,2,189500,48300,43900,1400,3800
322,2,185100,48600,44000,1400,3800
323,2,158600,48000,43800,1300,3600
324,2,153500,48100,45100,1400,3600
325,2,150100,47300,44800,1300,3600
326,2,150800,47900,44200,1300,3500
327,2,153200,48200,43900,1500,3600
328,2,192300,48400,44300,1300,3700
329,2,184800,49500,45300,1400,3800
330,2,161100,48400,43800,1400,3900
331,2,163200,48200,43200,1400,3800
332,2,158400,48200,43800,1300,3600
333,2,162600,48400,44000,1300,3700
334,2,181900,48600,44000,1400,3900
335,2,168300,55800,47300,1300,3800
336,2,207100,52200,44900,1400,3900
337,2,160800,50200,45000,1400,3700
338,2,163800,53900,46300,2300,3700
339,2,193100,49400,46100,1500,4400
340,2,188800,51800,47000,2300,4700
341,2,176000,51600,45600,2400,4800
342,2,157700,48500,44400,1400,3900
343,2,161800,53100,44800,1300,2900
344,2,157100,48400,43800,1300,3600
345,2,167000,49600,44100,1400,3700
346,2,191800,48800,44000,1400,4100
347,2,157500,48500,43200,1300,3800
348,2,158900,48500,44000,1400,3600
349,2,157600,48100,44200,1300,3700
350,2,168800,48700,43500,1400,3800
351,2,189300,48900,44200,1300,3900
352,2,171000,54000,43800,1400,3800
353,2,164900,48900,44000,1300,3800
354,2,164100,48200,44100,1400,3700
355,2,161500,48700,43900,1400,3800
356,2,156900,48700,43600,1300,3600
357,2,159500,48400,44000,1300,3700
358,2,183800,49000,43700,1400,3700
359,2,231100,49200,43900,1300,4000
360,2,201100,49100,43700,1300,4100
361,2,166100,48600,44100,1400,4000
362,2,156800,47500,43700,1300,3700
363,2,157300,48300,43800,1400,3700
364,2,157800,48700,44500,1300,3700
365,2,178400,52300,45600,2300,4600
366,2,201400,47700,45200,1500,4000
367,2,569900,52800,429100,2300,4700
368,2,517000,62600,385000,1500,3200
369,2,215000,54600,44100,1500,57300
370,2,247100,51000,45800,1500,62300
371,2,176700,50100,44200,1500,19000
372,2,160000,48800,43700,1400,4100
373,2,158600,48500,44100,1300,3800
374,2,158600,48400,45100,1300,3000
375,2,163200,48700,43600,1400,3700
376,2,175600,49200,43800,1400,3900
377,2,170900,49100,44200,1400,3900
378,2,171100,49000,44100,1400,3900
379,2,197600,49000,44000,1300,4000
380,2,180800,48800,44100,1400,3900
381,2,201200,49400,44200,1400,4000
382,2,182700,48600,43900,1400,3900
383,2,154500,48400,44000,1300,3900
384,2,156400,48900,44000,1300,3800
385,2,156500,48200,44300,1400,3800
386,2,155400,48300,43900,1400,3100
387,2,159400,47900,50900,1900,3500
388,2,157300,48900,44100,1400,3800
389,2,162900,48700,44200,1400,3800
390,2,206300,48700,44100,1400,4000
391,2,196500,49000,44100,1400,4000
392,2,171200,49100,44200,1400,4000
393,2,175300,48800,44100,1400,4000
394,2,188400,48800,44000,1400,4000
395,2,165000,48500,44000,1400,3800
396,2,189300,48500,44100,1400,3800
397,2,160800,48600,43700,1400,3800
398,2,158000,48600,44100,1400,3600
399,2,186500,48900,44200,1400,3800
400,2,209800,49300,43900,1400,4000
401,2,190200,49000,44100,1300,4000
402,2,152800,48000,43800,1300,3800
403,2,151500,48200,43500,1200,3600
404,2,157600,48000,44200,1300,3700
405,2,155600,48300,44000,1300,3800
406,2,178500,48300,43600,1300,3100
407,2,154800,48000,44100,1300,3700
408,2,162800,49500,44700,1300,3600
409,2,160000,48400,44700,1300,3800
410,2,167900,53900,44200,1300,2900
411,2,192100,49000,43500,1400,3700
412,2,173400,49300,44200,1300,3900
413,2,158700,48400,44200,1400,3900
414,2,161300,48700,43500,1300,3800
415,2,161200,48700,44100,1400,3800
416,2,159600,48000,44000,1300,3800
417,2,173900,52500,47000,1400,3700
418,2,194300,48900,43700,1400,3700
419,2,186000,48800,44100,1300,3900
420,2,172400,48500,44300,1300,3900
421,2,197700,48400,44300,1300,4000
422,2,174300,48800,43700,1400,3800
423,2,153000,48000,44400,1300,3700
424,2,152400,47900,44000,1300,3700
425,2,158000,48400,43800,1300,3700
426,2,186100,48900,44300,1300,3700
427,2,154200,46700,43900,1300,3700
428,2,494400,48800,387000,1300,3700
429,2,505100,61200,379200,1500,4300
430,2,239200,54700,44400,1500,56800
431,2,214600,50300,43800,1500,61700
432,2,175100,50200,44400,1400,20300
433,2,155600,48500,43800,1300,4000
434,2,154800,48100,43900,1300,3800
435,2,156500,48100,43800,1300,3700
436,2,159900,48700,43800,1300,3600
437,2,160500,48300,44500,1300,3700
438,2,164100,48700,44200,1400,3800
439,2,191000,49100,43900,1400,3900
440,2,178000,48900,44300,1400,4000
441,2,191200,50600,44200,1400,3800
442,2,186900,53000,44300,1400,2800
443,2,159900,48300,43700,1400,3800
444,2,150300,48000,43700,1400,2700
445,2,159400,48300,43800,1300,3700
446,2,159200,48300,44300,1400,3700
447,2,164200,48300,44100,1400,3700
448,2,159100,48600,44000,1300,3700
449,2,159900,48800,43800,1400,3700
450,2,166700,48600,44100,1400,3800
451,2,170700,48700,43700,1500,4000
452,2,206300,49200,45300,1400,4000
453,2,220600,53400,47900,2300,4800
454,2,193300,49900,44400,1500,4200
455,2,161100,48600,44100,1400,3800
456,2,191300,49400,44200,1400,3800
457,2,163500,48500,44200,1300,3900
458,2,154400,48300,44200,1400,3600
459,2,182300,48800,44200,1500,3800
460,2,167200,48000,44300,1300,3800
461,2,155600,48100,44100,1200,3800
462,2,156100,48200,44000,1300,3700
463,2,154200,48600,43700,1400,3600
464,2,157500,48200,44400,1300,3700
465,2,166100,48200,43800,1300,3700
466,2,183400,48600,44200,1300,3800
467,2,152600,48100,44000,1300,3800
468,2,156300,48800,44000,1300,3800
469,2,158300,48200,44000,1400,3700
470,2,166100,48500,44000,1300,3800
471,2,198700,48900,44100,1400,4000
472,2,182200,53700,44800,1400,4100
473,2,168100,48700,44300,1300,4000
474,2,171600,48800,43600,1300,4000
475,2,158800,48200,44000,1300,3800
476,2,164600,48800,43500,1300,3900
477,2,169400,49100,44100,1400,3900
478,2,186800,48900,43400,1300,4000
479,2,191400,49100,44300,1400,3200
480,2,177300,48700,44300,1700,3900
481,2,164400,48300,44000,1400,3800
482,2,157700,47700,44100,1300,3800
483,2,200200,48600,44400,1500,4000
484,2,186600,53300,44400,1400,2900
485,2,205300,48600,43500,1400,3900
486,2,227900,49700,44500,1400,4000
487,2,156400,48200,43800,1300,3800
488,2,151000,46900,44000,1300,3700
489,2,496400,49100,385700,1400,3500
490,2,545600,57300,400700,1400,4100
491,2,214800,54300,44300,1500,57300
492,2,216300,50400,43900,1400,62300
493,2,174500,50100,44100,1500,20500
494,2,152700,48200,44000,1400,3100
495,2,159400,49800,43800,1400,3800
496,2,167500,50200,44500,1400,3800
497,2,159000,48700,43900,1300,3800
498,2,166000,51500,47000,3000,3700
499,2,224500,52800,47000,2400,4200
500,2,188600,50700,45300,1400,4100
501,2,193200,48300,44300,1300,4000
502,2,187000,48200,44300,1400,3800
503,2,155500,48100,44000,1300,3700
504,2,155100,47800,44200,1200,3600
505,2,159500,48500,44000,1300,3800
506,2,148200,47800,43600,1300,3700
507,2,151000,47900,44200,1300,3700
508,2,154900,48300,44200,1300,3600
509,2,160600,48300,44800,1400,3700
510,2,164400,47900,44100,1400,3800
511,2,166500,48700,44100,1300,3800
512,2,162300,47700,44100,1400,3800
513,2,166000,48800,44000,1300,3700
514,2,223400,48800,43800,1400,4000
515,2,182700,48800,44000,1400,3900
516,2,184600,48600,44100,1300,2800
517,2,157400,48400,43700,1400,3700
518,2,151700,47800,44300,1400,3600
519,2,178600,48500,43800,1300,3800
520,2,165500,48500,44200,1300,3800
521,2,167700,48400,44200,1300,8600
522,2,156900,48000,44000,1300,3600
523,2,148400,47900,43800,1300,2800
524,2,152700,47900,44200,1400,3600
525,2,156100,49000,44600,1300,3600
526,2,178700,48700,43600,1400,3600
527,2,150100,48400,44000,1300,3500
528,2,151900,47800,44100,1300,3500
529,2,154500,47900,44200,1400,3700
530,2,165400,48400,43900,1400,3700
531,2,194900,49000,43300,1900,3900
532,2,175900,48300,44100,1400,3900
533,2,170300,48500,43700,1400,3800
534,2,168300,48600,44400,1400,3800
535,2,165100,48700,43800,1300,3800
536,2,169000,48900,44300,1300,3900
537,2,158700,48400,44100,1400,3800
538,2,182000,48900,43800,1400,3900
539,2,187400,48900,43800,1400,4000
540,2,175700,48700,43800,1300,3900
541,2,161900,48500,44100,1300,3900
542,2,154300,48200,44200,1300,3700
543,2,159200,48500,44100,1400,3800
544,2,160800,48100,45100,1400,3700
545,2,202400,48400,45500,1400,3900
546,2,224800,49200,44200,1400,4100
547,2,160400,49000,43700,1400,3800
548,2,153500,48600,44100,1300,3700
549,2,154900,48800,45900,1300,3700
550,2,539100,49800,395600,1400,3800
551,2,506100,56700,383900,1400,4100
552,2,217600,54200,42900,1400,57600
553,2,220300,50100,44300,1500,62200
554,2,181900,50600,43900,1500,20400
555,2,160900,48800,44100,1400,4000
556,2,163800,49000,43500,1400,3800
557,2,160600,49000,44000,1400,3800
558,2,162000,48600,44400,1300,3800
559,2,189600,49100,44000,1400,3800
560,2,173800,48900,44300,1400,3900
561,2,191800,48700,44400,1400,3900
562,2,192000,48900,43900,1400,3800
563,2,159900,48400,43800,1300,3700
564,2,160500,48200,44000,1500,2700
565,2,161800,48300,43800,1300,3700
566,2,159900,48600,44200,1300,3800
567,2,162000,48400,43900,1300,3700
568,2,154700,48000,43500,1300,3600
569,2,162900,48600,44100,1300,3800
570,2,208800,48600,43700,1300,3900
571,2,206100,49300,44000,1400,4100
572,2,167800,51700,44200,1300,3900
573,2,167600,48800,43500,1300,3800
574,2,183100,49100,43800,1400,3900
575,2,162900,48500,44000,1400,3800
576,2,227900,49400,44000,1400,3900
577,2,183100,49000,44400,1400,3900
578,2,152400,48300,44100,1300,3700
579,2,179400,48600,43900,1400,3800
580,2,171000,48700,45900,1400,3900
581,2,151900,48200,43900,1300,3600
582,2,166300,54100,48200,1300,3500
583,2,158700,50600,45900,1300,3600
584,2,154500,48300,44300,1300,3600
585,2,157800,48300,43800,1400,3500
586,2,182700,53400,44300,1400,2800
587,2,149100,48000,43900,1300,3600
588,2,152400,48800,44000,1300,3600
589,2,150400,48100,43900,1300,3500
590,2,160000,48000,44200,1300,3600
591,2,184700,48700,43800,1400,3700
592,2,162200,48500,44200,1300,3800
593,2,165800,48800,44100,1400,2900
594,2,162800,48600,44100,1300,3800
595,2,162600,48700,43500,1300,3700
596,2,163400,49200,45600,1300,3700
597,2,165100,48400,43300,1400,3600
598,2,183300,48600,44200,1400,3900
599,2,181800,48500,45900,1400,3800
600,2,171600,48700,43900,1400,3800
601,2,163400,48500,44000,1400,3800
602,2,154700,48300,44200,1300,3600
603,2,156900,48300,44100,1400,3600
604,2,155000,48500,43800,1300,3600
605,2,160100,48400,44100,1400,3700
606,2,188400,48600,43900,1400,3700
607,2,198600,48600,43900,1300,4000
608,2,175500,48700,44000,1300,3800
609,2,151000,48100,44000,1300,3600
610,2,174100,47200,44100,1300,3800
611,2,491100,49000,380600,1300,3600
612,2,508200,56200,383500,1300,4200
613,2,215100,54400,43700,1500,56000
614,2,221500,51200,44000,1500,61700
615,2,185900,50800,44200,1400,20400
616,2,167400,48700,43800,1400,4100
617,2,169300,49000,44100,1400,3800
618,2,163600,48600,44400,1300,3800
619,2,188800,49200,43900,1500,4000
620,2,173400,48800,44300,1500,3800
621,2,187300,48700,44400,1300,3900
622,2,179800,48600,44200,1300,3800
623,2,152800,47800,43900,1400,3700
624,2,155800,48000,44000,1300,3700
625,2,155900,48500,43300,1300,3800
626,2,158400,48200,44100,1300,3700
627,2,156400,48000,43800,1300,3600
628,2,159300,48300,44000,1400,3800
629,2,167600,48800,43800,1400,3900
630,2,163600,48300,44200,1400,3800
631,2,168600,48500,43800,1300,3900
632,2,173500,48700,45700,1400,3800
633,2,175300,50000,43700,1400,3900
634,2,184700,49100,44300,1300,3900
635,2,165100,48900,45800,1400,3800
636,2,188200,48600,44000,1300,3800
637,2,166200,48600,44000,1400,3900
638,2,203200,48800,43900,1400,4000
639,2,206800,49200,43800,1400,4000
640,2,168500,48500,44200,1400,3900
641,2,156400,48400,43600,1300,3800
642,2,154600,48400,44500,1300,3700
643,2,153400,48000,43900,1300,3700
644,2,155200,48300,44000,1300,3700
645,2,155600,48100,43900,1400,2800
646,2,185800,48700,44300,1300,3800
647,2,158300,48400,44200,1300,3800
648,2,167500,59700,43900,1300,3600
649,2,159500,48600,43700,1300,3700
650,2,163000,48700,44100,1400,3600
651,2,189800,48600,44100,1400,3900
652,2,167600,48200,44200,1400,3700
653,2,163200,48600,44100,1300,3700
654,2,162800,48500,44100,1400,3800
655,2,205700,49200,43900,1500,3900
656,2,197400,49300,44100,1400,3900
657,2,164400,48400,44300,1300,3900
658,2,182700,48800,44000,1300,3800
659,2,189900,53200,44000,1400,2900
660,2,176800,48600,43800,1300,4000
661,2,155300,48700,43700,1300,3800
662,2,152900,48100,44300,1300,3700
663,2,156200,48400,43400,1400,3700
664,2,158000,48400,44100,1400,3600
665,2,160400,48200,44200,1300,3700
666,2,186800,48700,44200,1400,3900
667,2,163100,47900,44200,1400,3800
668,2,166000,52200,49400,1300,3700
669,2,230400,53500,46500,1600,4200
670,2,210300,51600,45200,1400,4000
671,2,155300,46900,44600,1400,3800
672,2,494200,49200,382100,1300,3600
673,2,505500,57200,385000,1500,3100
674,2,216600,54600,44600,1600,56200
675,2,221400,51500,44800,1400,62000
676,2,183300,51300,45800,1500,20300
677,2,162100,49900,44700,1300,4100
678,2,160400,48700,44400,1400,3900
679,2,187700,49000,44700,1300,3900
680,2,171600,49300,44000,1300,3800
681,2,186700,49200,44200,1300,3800
682,2,179000,49200,44500,1400,3800
683,2,149400,48000,44600,1300,3600
684,2,148400,47900,44300,1300,3500
685,2,149700,48000,43900,1200,3500
686,2,154500,48100,44400,1300,3600
687,2,154000,47900,44000,1300,3600
688,2,157000,48400,43600,1300,3700
689,2,160000,48700,44100,1400,3600
690,2,166400,48900,44300,1400,3700
691,2,173300,49000,44200,1400,3900
692,2,155200,48400,43700,1300,2800
693,2,164100,49000,44200,1400,3900
694,2,181800,48800,44500,1400,4000
695,2,161800,48500,43600,1400,3800
696,2,190700,48800,44400,1300,3700
697,2,159500,48600,44000,1300,3800
698,2,153300,48000,44200,1300,2900
699,2,189400,49300,44300,1400,3900
700,2,215700,49200,43800,1400,4000
701,2,183600,49400,44200,1400,4000
702,2,162000,48600,44700,1400,3700
703,2,156800,48400,43900,1300,3800
704,2,166400,50100,52500,4200,3700
705,2,158000,48400,44200,1300,3700
706,2,180500,49300,43700,1400,3000
707,2,152100,48300,44000,1300,3500
708,2,156000,48300,44400,1400,3700
709,2,150600,48100,44200,1300,2700
710,2,159500,48600,44700,1300,3700
711,2,188900,48900,44500,1400,3800
712,2,162300,48200,43900,1300,3700
713,2,163500,48700,44100,1300,3700
714,2,159500,48900,44300,1400,3800
715,2,157700,48600,43900,1300,3700
716,2,159300,48300,45100,1300,3700
717,2,179000,49600,44400,1500,3600
718,2,183600,48900,44100,1400,3800
719,2,199200,49400,48000,1400,3900
720,2,176700,49500,44100,1400,3900
721,2,164200,48500,44400,1400,3900
722,2,165000,49000,44600,1400,4000
723,2,155300,48600,44300,1400,3800
724,2,158700,48800,44300,1400,3800
725,2,164300,48800,44300,1400,3800
726,2,200700,49200,45100,1400,7100
727,2,163100,48800,44000,1400,3700
728,2,156600,48500,44200,1300,3700
729,2,156300,48400,43900,1300,3800
730,2,182800,49100,44400,1400,3900
731,2,201900,49300,44200,1400,4000
732,2,186600,48000,44100,1400,3900
733,2,498100,49800,379600,1400,3700
734,2,508500,56800,379200,1400,4300
735,2,225000,54400,44300,1700,56000
736,2,227600,51600,44000,1500,62300
737,2,183000,55000,44800,1400,18900
738,2,179300,48900,44000,1400,8200
739,2,192300,49100,44100,1400,3900
740,2,220200,54000,44600,1400,3100
741,2,221600,49500,44000,1400,4000
742,2,179800,49000,44100,1300,3800
743,2,147800,48100,43900,1200,3600
744,2,153100,47600,44500,1200,3500
745,2,149600,47800,43900,1300,3600
746,2,148100,47800,44400,1300,3500
747,2,152900,52500,44300,1300,2700
748,2,155200,48000,44000,1300,3600
749,2,160900,48500,45400,1300,3600
750,2,220200,67600,48100,2300,8900
751,2,204500,53400,46200,2400,4600
752,2,290600,107400,88800,2300,4500
753,2,324900,101200,86800,1900,4000
754,2,333200,98500,86800,1800,4100
755,2,299600,98300,86100,1700,3800
756,2,346500,99900,86300,1700,4400
757,2,307600,100600,86800,1800,4100
758,2,247200,88300,47200,2000,4100
759,2,192200,50000,44400,1600,4200
760,2,171300,48700,44300,1300,4000
761,2,166000,48400,44400,1500,3700
762,2,195000,48700,43900,1500,3800
763,2,179400,50200,43900,1400,4000
764,2,157500,48400,44300,1300,3700
765,2,156800,48200,43700,1300,3600
766,2,183500,48700,45100,1300,3700
767,2,155400,50100,46000,2100,3600
768,2,150800,47800,43200,1300,3600
769,2,150000,48000,43700,1400,3600
770,2,161300,48300,44100,1400,3600
771,2,189100,48300,44000,2000,3600
772,2,162600,48100,44300,1300,3600
773,2,160000,48400,43800,1300,3700
774,2,161500,48000,44000,1300,3800
775,2,156400,48600,43700,1300,3700
776,2,154300,48200,43900,1300,3700
777,2,160200,48600,44400,1400,3700
778,2,177100,48700,44600,1400,3800
779,2,189100,48800,44200,1400,3900
780,2,174300,48500,43900,1300,3900
781,2,163500,48400,43600,1400,3800
782,2,157000,48400,43800,1300,3700
783,2,160100,48200,44100,1300,3800
784,2,174200,49000,44000,1300,3800
785,2,165500,48600,43900,1400,3900
786,2,197500,49000,45000,1400,4000
787,2,169900,48700,43800,1400,3900
788,2,162100,48800,43900,1300,3900
789,2,158600,48200,44200,1400,3600
790,2,184600,48700,44200,1400,3800
791,2,160200,48200,43800,1300,3800
792,2,161300,48300,44200,1500,2900
793,2,200100,47400,44100,1300,4000
794,2,530800,49800,391100,1400,3900
795,2,512600,57300,383400,1400,4100
796,2,229300,58900,44600,1500,57900
797,2,223500,50800,44300,1500,62200
798,2,183600,50000,44500,1500,20500
799,2,195200,48700,44200,1300,4200
800,2,173200,48800,43600,1400,4000
801,2,194400,53400,44200,1400,2800
802,2,182000,48600,44300,1300,3800
803,2,149500,47800,43800,1300,3600
804,2,150200,48100,44100,1300,3600
805,2,154000,47900,48000,1300,3500
806,2,150100,47900,44400,1300,3600
807,2,151600,47900,45000,1400,3600
808,2,151500,47900,43900,1200,3700
809,2,160100,48100,44000,1300,3800
810,2,169200,49700,44700,1400,3800
811,2,172800,48800,43500,1500,3700
812,2,171500,49900,45200,1300,4000
813,2,171100,48500,43700,1500,3900
814,2,186700,49300,43900,1400,4000
815,2,172800,49000,45200,1400,3900
816,2,191300,48700,43600,1400,3900
817,2,168600,48700,43600,1300,4100
818,2,160400,48500,44200,1400,2800
819,2,192500,48800,44300,1500,3900
820,2,177700,48800,44100,1400,3900
821,2,160300,48400,44100,1300,3800
822,2,158800,48300,43900,1300,3900
823,2,162700,48600,43900,1400,3800
824,2,202500,49200,44400,1400,4000
825,2,228200,49000,44100,1400,4100
826,2,216200,49000,43800,1400,4000
827,2,150000,47600,44100,1200,3800
828,2,150200,48000,44200,1300,3000
829,2,154000,47200,44300,1200,3700
830,2,170800,50200,50400,1300,3700
831,2,222700,52100,50700,1800,4200
832,2,168600,49400,44400,1400,3900
833,2,159100,48700,43800,1300,3800
834,2,158200,49000,44100,1200,3600
835,2,176100,53500,45400,2300,4700
836,2,163900,49900,45300,1300,3900
837,2,158700,48100,44300,1400,3800
838,2,179200,48700,44200,1400,3700
839,2,183300,48200,44100,1400,3800
840,2,171400,48700,44400,1300,3800
841,2,165400,48300,43800,1300,3800
842,2,156100,48200,44100,1300,3800
843,2,159500,47900,43500,1400,3800
844,2,163200,48200,44400,1300,2900
845,2,164900,48600,44300,1300,3800
846,2,197700,48800,44500,1400,3900
847,2,156900,48200,44400,1300,3700
848,2,154400,48400,44100,1300,3600
849,2,155100,48400,43600,1400,3700
850,2,184500,48800,44300,1400,3800
851,2,158400,48200,43900,1400,3700
852,2,156700,47900,44000,1300,3700
853,2,159600,48300,44600,1300,3700
854,2,158900,47000,44300,1300,3800
855,2,559500,50200,402900,1500,3900
856,2,562400,60500,385800,2400,4900
857,2,286800,69900,47900,2400,92200
858,2,233900,52000,45000,1600,65200
859,2,208900,50300,44000,1500,20600
860,2,175900,49600,44200,1400,4000
861,2,188000,49200,44700,1400,3900
862,2,179800,48600,44000,1300,3800
863,2,148800,48000,44400,1300,3600
864,2,147900,47900,44100,1300,3500
865,2,159100,59300,43900,1300,3500
866,2,149000,47300,45300,1300,3400
867,2,148600,47600,44300,1300,3600
868,2,151500,47700,44400,1300,3600
869,2,164700,53900,43200,1400,3600
870,2,172200,50000,44200,1400,3800
871,2,173500,48300,44200,1400,3900
872,2,173200,48100,44300,1400,3900
873,2,177500,49100,44700,1400,3800
874,2,195300,50100,44400,1400,3900
875,2,168100,49000,44200,1400,3900
876,2,196300,49300,43800,1400,3900
877,2,174600,49300,45500,1400,3800
878,2,156500,47900,43500,1300,3700
879,2,186500,49000,44500,1400,3800
880,2,171200,48600,44000,1400,3000
881,2,163700,48300,44000,1300,3800
882,2,159500,48200,44000,1300,3600
883,2,156800,48400,43800,1300,3800
884,2,160100,48700,44400,1400,3900
885,2,163500,48800,43700,1400,3800
886,2,225300,49700,43700,1400,4000
887,2,178800,49000,43700,1400,3900
888,2,153800,48500,43900,1300,2900
889,2,155200,52300,44000,1400,2900
890,2,159700,48500,44100,1300,3600
891,2,191000,49000,43900,1400,3800
892,2,163800,48300,44200,1400,3600
893,2,162500,48900,43700,1300,3700
894,2,160000,48600,44600,1300,3700
895,2,158300,48400,44200,1300,3800
896,2,159200,48800,44000,1400,3900
897,2,158200,48700,43300,1400,3700
898,2,178000,48600,44300,1300,3800
899,2,184800,48400,44800,1400,3800
900,2,174100,49600,44400,1300,3900
901,2,164100,48300,43900,1400,4000
902,2,161000,49700,45900,1400,2900
903,2,165500,49100,44600,1400,3800
904,2,169500,49100,45100,1400,3900
905,2,175700,49100,44600,1400,3800
906,2,199200,49300,45500,1400,3900
907,2,168800,49200,44400,1400,3700
908,2,167000,48900,44700,1300,3200
909,2,158400,48700,44800,1300,3800
910,2,226300,49800,44600,1500,3900
911,2,197000,49900,44800,1400,4100
912,2,164000,48900,44800,1400,3800
913,2,161300,48600,45100,1300,3700
914,2,159300,48400,44800,1400,3800
915,2,165900,50100,45900,1300,3800
916,2,539800,55600,395400,1500,3900
917,2,584300,60300,389900,2400,4900
918,2,251500,54800,44400,1600,57900
919,2,253300,51100,45400,1400,62500
920,2,193200,50400,44000,1400,20600
921,2,188000,49300,44000,1300,4100
922,2,179700,48700,44100,1300,4000
923,2,147700,47700,43900,1300,3500
924,2,147500,47800,44100,1200,3500
925,2,148100,48100,44200,1200,3500
926,2,151200,52500,44300,1300,2800
927,2,146800,47200,43900,1400,3600
928,2,149400,47900,44000,1300,3500
929,2,154300,47900,43700,1300,3600
930,2,161100,48400,44000,1300,3600
931,2,164300,48600,43900,1400,3700
932,2,158600,47900,43900,1300,3700
933,2,164600,48700,44300,1400,3700
934,2,182800,48900,44200,1400,3800
935,2,164000,48600,44000,1400,3800
936,2,194100,48700,43700,1300,3800
937,2,168500,49200,43800,1400,3900
938,2,158600,48500,43900,1300,3700
939,2,192200,48900,43900,1400,3800
940,2,165500,48200,43800,1300,3800
941,2,158500,49300,44100,1400,3700
942,2,157200,49400,44800,1300,3000
943,2,164400,49700,45600,1300,3800
944,2,173400,51100,45700,2300,4700
945,2,173100,50400,45200,1400,3900
946,2,221200,52300,47300,2400,4700
947,2,161800,48300,44800,1400,4000
948,2,196800,49200,44100,1400,4000
949,2,179700,53600,44500,1300,2900
950,2,159200,48500,44400,1300,3700
951,2,190100,48100,45600,1500,3700
952,2,162700,48000,44200,1300,3700
953,2,161800,48200,44100,1300,3800
954,2,175100,49200,43900,1400,2900
955,2,167500,50100,44300,1400,3800
956,2,163000,48400,44500,1300,3900
957,2,164100,48500,43900,1400,3800
958,2,187400,53100,44600,1400,3800
959,2,185300,48300,44100,1400,3900
960,2,171600,48800,44200,1400,3900
961,2,159400,48400,44500,1400,3800
962,2,152000,47900,44200,1300,3700
963,2,155500,48300,44200,1400,3700
964,2,155500,48000,43600,1400,3600
965,2,169000,48600,43700,1400,3800
966,2,196700,48800,44300,1400,3900
967,2,166700,48300,44200,1300,3800
968,2,160600,48100,44100,1400,3900
969,2,162600,48200,43800,1300,3700
970,2,190500,49200,43700,1400,3900
971,2,157300,48500,43900,1300,3800
972,2,160200,47800,43900,1300,3800
973,2,161200,48300,44300,1300,3700
974,2,163000,48800,43900,1400,3900
975,2,165100,48900,44600,1400,3900
976,2,163300,47300,43900,1400,3800
977,2,505500,49700,383400,1400,3900
978,2,511800,56500,379100,1500,4100
979,2,292000,54800,44500,1600,58000
980,2,260100,51000,44100,1500,62700
981,2,209400,50400,44400,1400,20500
982,2,180900,48600,44000,1400,4000
983,2,151100,47900,44200,1300,3800
984,2,150700,47900,44000,1300,3600
985,2,149500,48400,43800,1300,2900
986,2,155700,48300,44500,1400,3700
987,2,165200,53800,46100,1400,3800
988,2,155800,48100,44600,1300,3700
989,2,169300,49700,45800,1300,3700
990,2,168700,48800,44100,1400,3800
991,2,168100,48100,44100,1300,3700
992,2,162600,48500,44000,1300,3800
993,2,167000,48800,43800,1300,3700
994,2,185600,50100,45000,1400,3800
995,2,202100,48700,44000,1400,4000
996,2,227300,48700,44500,1400,4000
997,2,167500,49200,44900,1300,3900
998,2,159200,48100,44000,1300,3700
999,2,186500,48900,43700,1400,3800
1000,2,197700,53900,57000,2200,4100
1001,2,200900,53300,47900,2300,3600
1002,2,162900,51800,45000,1300,4100
1003,2,156500,48600,44700,1300,3600
1004,2,161100,48700,44700,1400,3800
1005,2,166300,49300,45000,1400,3900
1006,2,188400,49000,44400,1300,3900
1007,2,153600,48500,44600,1400,3800
1008,2,156600,48200,44600,1300,3700
1009,2,156400,48400,44500,1300,3700
1010,2,202400,49000,44700,1400,4000
1011,2,216300,49300,44700,1900,3800
1012,2,163700,48400,44100,1400,4000
1013,2,159100,48100,44100,1300,3800
1014,2,158200,48500,44400,1300,3800
1015,2,161200,48300,43900,1300,3800
1016,2,154900,48400,44200,1300,3700
1017,2,156200,48300,44200,1300,3600
1018,2,176800,48500,43700,1400,3800
1019,2,182800,48700,44100,1300,3800
1020,2,169400,48500,45000,1300,3800
1021,2,155700,48500,44100,1300,3900
1022,2,146400,47300,43900,1300,2800
1023,2,152300,47800,44200,1300,3600
1024,2,152000,47700,43800,1400,3600
1025,2,159400,48500,43400,1300,3700
1026,2,188600,52900,44300,1400,2800
1027,2,161300,48000,43900,1300,3800
1028,2,153700,48100,43300,1300,2800
1029,2,158700,48600,44400,1300,3600
1030,2,182100,48300,44400,1300,3800
1031,2,159700,48000,44300,1300,3800
1032,2,166200,48700,44500,1400,3900
1033,2,156300,48300,43700,1400,3700
1034,2,158700,48800,44000,1400,3800
1035,2,165000,48800,46800,1400,3900
1036,2,189700,53300,49200,2300,4700
1037,2,181000,47700,44600,1500,4500
1038,2,516300,50100,394700,1300,4100
1039,2,550200,57700,384400,1500,4100
1040,2,250300,58900,44700,1500,58100
1041,2,296000,51000,43900,1400,62300
1042,2,236600,51200,44300,1400,20800
1043,2,154400,48400,43900,1400,4100
1044,2,150100,47400,43800,1300,3700
1045,2,154400,47800,43900,1300,3600
1046,2,149900,47900,43900,1300,3700
1047,2,150900,47900,44100,1300,3500
1048,2,153900,48400,43700,1400,3700
1049,2,158200,48500,44200,1400,3800
1050,2,167300,48500,44200,1300,3800
1051,2,166500,48500,44000,1400,3900
1052,2,162700,48700,43900,1400,3700
1053,2,164900,48600,43900,1400,3700
1054,2,183200,48900,43600,1400,3900
1055,2,159900,48500,43800,1400,3900
1056,2,188100,49200,43500,1300,3700
1057,2,163000,48700,44000,1400,3900
1058,2,163300,52700,44500,1300,2800
1059,2,189100,48700,44100,1400,3800
1060,2,175600,49000,44500,1400,3800
1061,2,161900,48100,44200,1300,3700
1062,2,162000,48700,43900,1300,3900
1063,2,166300,48900,44200,1300,3800
1064,2,152800,48300,43600,1400,3000
1065,2,164900,48900,44100,1400,3800
1066,2,188300,48900,44100,1400,3800
1067,2,156600,48100,44100,1300,3700
1068,2,167200,57100,44000,1300,3700
1069,2,154300,48300,43700,1300,3800
1070,2,167100,49000,43600,1400,3800
1071,2,197000,49000,44100,1400,4000
1072,2,212700,49200,44400,1400,4200
1073,2,194200,48800,45800,1400,4000
1074,2,162800,48300,44300,1400,3100
1075,2,162900,48700,43900,1400,3800
1076,2,159400,48400,44300,1300,3800
1077,2,158900,48300,43900,1400,3700
1078,2,183400,49600,44200,1400,3700
1079,2,190100,49100,43400,1300,3900
1080,2,212500,49100,44500,1500,3900
1081,2,201600,49000,44100,1400,9000
1082,2,150400,47600,44500,1200,3600
1083,2,160000,51200,46300,1400,3500
1084,2,159000,50900,47100,1300,3400
1085,2,160800,49700,44200,1400,3600
1086,2,188200,48400,44000,1400,3800
1087,2,156700,49500,44000,1300,3600
1088,2,152200,48100,43900,1300,3600
1089,2,155700,48100,43700,1400,3500
1090,2,182100,48600,44600,1400,3700
1091,2,160000,48300,44200,1300,3700
1092,2,160400,47900,43900,1300,3800
1093,2,159900,48000,44000,1200,3800
1094,2,165600,48400,44300,1400,3800
1095,2,157400,48400,43900,1400,3800
1096,2,162200,48500,43700,1300,3800
1097,2,165800,48500,44100,1400,3700
1098,2,165300,51300,44200,1400,2800
1099,2,526500,50400,379900,1400,4000
1100,2,517200,56500,379100,1500,4100
1101,2,247400,54100,44500,1500,56600
1102,2,244100,51000,44400,1500,62000
1103,2,212900,50000,43700,1400,20700
1104,2,175700,53400,44400,1400,2900
1105,2,148100,47500,43200,1300,3700
1106,2,149600,47700,44000,1300,2900
1107,2,148500,47700,44300,1300,3500
1108,2,152900,52100,44100,1200,2900
1109,2,153700,48000,44100,1400,3600
1110,2,159500,48500,44100,1300,3700
1111,2,163200,48600,44100,1300,3700
1112,2,158700,48200,44000,1400,3800
1113,2,161500,48300,44100,1300,3800
1114,2,189700,52000,48300,1400,6200
1115,2,160300,53100,44400,1300,2900
1116,2,183200,48700,43800,1400,3900
1117,2,160700,48300,44000,1300,3700
1118,2,154800,48400,47600,1400,3700
1119,2,180700,48700,43800,1500,2800
1120,2,169800,48800,44200,1400,3900
1121,2,159400,48400,44200,1300,3700
1122,2,158600,48400,43700,1300,3700
1123,2,163900,52900,44600,1300,2900
1124,2,163600,48400,43400,1400,3800
1125,2,175400,49300,43900,1400,3900
1126,2,188400,53000,44200,1300,3100
1127,2,159800,48400,43700,1300,3800
1128,2,161400,48500,43500,1400,3800
1129,2,161900,48800,43900,1400,3900
1130,2,164200,48800,44200,1400,3800
1131,2,191500,49400,44000,1400,3800
1132,2,167300,48900,43700,1300,3800
1133,2,167500,48700,44000,1400,3800
1134,2,202700,49100,44200,1400,4000
1135,2,182500,48500,43900,1400,3900
1136,2,158400,48800,43900,1400,3700
1137,2,161100,53200,44300,1300,2900
1138,2,178300,48200,44200,1400,3800
1139,2,184200,49000,43700,1400,3900
1140,2,169800,48000,44600,1300,3900
1141,2,157300,48400,43700,1400,3800
1142,2,153200,47800,44100,1400,3700
1143,2,153400,48200,43600,1300,3600
1144,2,154200,48400,43600,1300,3700
1145,2,160900,48500,46000,1300,3700
1146,2,185400,48800,44100,1400,3800
1147,2,158200,48500,43700,1300,3900
1148,2,152700,48000,44100,1300,3700
1149,2,152500,47900,44300,1300,3700
1150,2,177800,48400,44100,1300,3900
1151,2,162900,48400,44400,1400,4000
1152,2,161200,48600,43700,1300,3800
1153,2,163700,48500,44200,1300,3900
1154,2,163600,48600,44100,1400,3800
1155,2,167700,53100,44500,1400,2700
1156,2,176300,48800,43800,1400,3800
1157,2,170700,49200,43900,1400,3800
1158,2,167500,48800,44300,1400,4000
1159,2,192200,47700,43700,1500,3100
1160,2,519800,50000,380100,1400,3900
1161,2,539700,56600,379600,1400,4100
1162,2,243400,54400,44700,1500,55900
1163,2,227100,50700,44300,1400,70900
1164,2,180400,50900,45400,1400,20300
1165,2,253000,50400,46100,1800,3700
1166,2,211300,50300,44700,1500,4000
1167,2,151100,49100,44200,1300,3800
1168,2,149600,47800,44200,1300,3600
1169,2,155300,48600,44700,1400,3600
1170,2,161100,48600,44000,1300,3700
1171,2,163700,48800,44500,1400,3800
1172,2,159000,48600,44000,1300,3900
1173,2,161100,48600,44200,1400,3800
1174,2,180000,48900,43600,1300,3800
1175,2,163900,48500,46100,1400,3800
1176,2,183400,48500,44200,1400,3900
1177,2,157500,48200,43900,1300,3800
1178,2,150600,47900,43900,1300,3600
1179,2,178400,48500,44000,1400,3700
1180,2,161000,48000,43800,1400,3000
1181,2,153600,48300,43800,1300,3700
1182,2,156700,48900,44000,1300,3700
1183,2,157300,48000,44200,1300,3700
1184,2,159800,48300,44200,1400,3800
1185,2,165000,48000,44400,1300,3700
1186,2,181600,48700,44000,1400,3000
1187,2,160500,48600,43800,1400,3800
1188,2,152100,48000,44000,1300,3700
1189,2,153600,48100,44400,1400,3600
1190,2,159900,48600,44100,1400,3800
1191,2,188500,48400,43800,1400,3900
1192,2,165500,49000,44100,1400,3800
1193,2,163200,48700,44100,1400,3700
1194,2,171700,60200,44200,1400,3800
1195,2,161100,48700,44100,1300,3900
1196,2,196500,49100,43600,1400,3900
1197,2,182600,53600,44300,1400,2900
1198,2,175900,48700,43800,1400,3800
1199,2,182700,52800,44500,1400,2800
1200,2,166200,48400,44400,1300,3900
1201,2,155100,48400,44000,1300,3700
1202,2,150400,47800,44600,1300,3600
1203,2,152000,48200,43700,1300,3600
1204,2,154000,50100,43600,1300,3500
1205,2,155900,48300,44100,1300,3600
1206,2,182100,48400,44200,1300,3700
1207,2,155900,48100,44400,1400,3700
1208,2,150900,47900,44000,1400,3600
1209,2,154800,47800,44200,1300,3600
1210,2,181000,48500,44200,1300,3800
1211,2,158400,48300,44200,1300,3800
1212,2,162700,48300,43700,1300,3700
1213,2,162800,48100,44000,1300,3700
1214,2,163100,48300,44000,1300,3800
1215,2,167600,48800,44300,1400,3800
1216,2,170700,49100,45300,1400,3900
1217,2,177000,49800,44800,1400,4100
1218,2,179900,49500,44200,1300,4100
1219,2,185200,48900,43800,1400,3200
1220,2,173400,47500,43900,1400,4000
1221,2,541700,49900,394400,1400,3900
1222,2,534000,56700,384000,1500,4200
1223,2,215300,54600,43700,1400,56000
1224,2,216000,51900,44300,1500,61500
1225,2,176900,50600,43900,1400,20500
1226,2,157600,48700,44100,1300,4100
1227,2,198000,48700,44000,1400,4000
1228,2,176400,49000,44100,1400,3900
1229,2,157100,48400,44300,1300,3700
1230,2,161700,48900,43800,1300,3800
1231,2,166400,48900,44300,1400,3700
1232,2,164200,52800,44400,1400,3000
1233,2,166900,49100,43500,1400,3800
1234,2,181200,49200,44200,1400,4000
1235,2,166600,48600,43900,1300,8500
1236,2,187500,49000,44400,1500,3900
1237,2,162200,52500,44400,1300,2700
1238,2,152800,48000,43800,1300,3800
1239,2,177300,48500,43900,1400,2900
1240,2,166300,48600,43600,1400,3700
1241,2,158700,48300,43900,1300,3900
1242,2,160200,48100,44500,1300,3700
1243,2,157400,48300,43500,1300,3700
1244,2,166700,49100,44200,1400,3800
1245,2,168500,48800,44100,1300,3800
1246,2,189700,49000,44300,1400,3900
1247,2,159400,48700,44400,1300,3700
1248,2,163400,48600,44100,1300,3600
1249,2,166500,48600,44000,1400,3800
1250,2,201000,48800,44200,1400,4000
1251,2,226200,49500,44000,1600,4100
1252,2,166700,48900,44300,1400,3900
1253,2,166900,48200,44100,1300,3800
1254,2,171600,52000,48000,1400,4000
1255,2,193500,54500,48600,2300,4800
1256,2,183300,53600,47100,2300,4700
1257,2,171400,49500,44200,1400,4100
1258,2,223600,49500,44400,1400,4000
1259,2,210900,50500,43900,1400,4000
1260,2,172000,48300,44100,1400,4000
1261,2,156200,48300,44100,1300,3600
1262,2,154200,52100,44200,1200,2800
1263,2,153800,47800,45400,1400,3700
1264,2,155200,49300,43900,1300,3600
1265,2,158200,48200,44200,1300,3800
1266,2,185900,48500,44100,1300,3800
1267,2,156300,48200,44200,1300,3800
1268,2,150900,47800,44000,1300,3600
1269,2,150200,48100,43900,1300,3700
1270,2,177200,48400,43700,1300,3700
1271,2,159500,48200,44000,1300,3700
1272,2,158400,48500,47800,1300,3800
1273,2,154300,48200,43900,1400,3600
1274,2,157500,48400,43400,1400,3800
1275,2,162600,48600,43800,1400,3700
1276,2,167600,48900,43500,1400,3700
1277,2,168400,49200,44000,1400,3800
1278,2,168500,48700,43700,1400,3800
1279,2,196500,49000,43200,1300,4100
1280,2,179900,48900,44000,1400,3700
1281,2,181800,46800,44000,1400,3900
1282,2,531800,50200,393400,1400,3800
1283,2,505300,56900,384300,1400,4100
1284,2,215800,54100,44700,1500,57300
1285,2,214900,50700,44000,1500,62400
1286,2,170500,49800,44500,1400,20600
1287,2,153100,47900,44100,1300,4100
1288,2,159000,48500,43700,1400,3700
1289,2,199600,48800,44300,1300,3900
1290,2,184300,48900,43900,1400,4000
1291,2,166000,49000,44000,1400,3900
1292,2,160100,48400,44400,1400,3800
1293,2,162500,48400,44100,1300,3700
1294,2,184900,48600,44000,1400,3800
1295,2,166300,48500,44300,1400,3800
1296,2,190500,48500,44300,1300,3800
1297,2,169300,48400,44100,1400,3800
1298,2,157400,48700,44500,1300,3800
1299,2,181100,48300,44100,1400,2900
1300,2,168000,48800,43900,1300,3800
1301,2,155300,48200,44000,1300,3800
1302,2,154700,47800,44000,1300,3700
1303,2,154800,48500,43800,1300,3700
1304,2,157000,50000,44100,1400,3600
1305,2,159400,48200,44100,1300,3800
1306,2,190100,53500,44900,1400,3000
1307,2,158700,48600,44700,1400,3800
1308,2,163300,48900,44000,1300,3800
1309,2,159700,48200,44500,1300,3800
1310,2,163300,48600,43600,1400,2900
1311,2,197800,49700,44300,1500,3900
1312,2,166100,48600,44200,1400,4000
1313,2,167700,48800,44100,1400,3800
1314,2,163500,48400,44000,1400,3900
1315,2,165900,49400,44800,1400,3800
1316,2,161200,48600,43900,1400,3800
1317,2,166300,49000,43900,1400,3800
1318,2,179900,48800,44300,1300,3900
1319,2,187200,48700,43500,1400,3900
1320,2,210600,49000,44100,1400,3900
1321,2,186200,49200,44100,1400,3900
1322,2,152300,48100,44200,1300,3700
1323,2,153200,48500,43400,1400,3800
1324,2,155800,48400,44300,1400,3700
1325,2,159800,48800,44700,1400,3700
1326,2,192000,48900,44200,1300,3700
1327,2,162500,48600,43700,1400,2900
1328,2,156800,48500,44200,1300,3700
1329,2,157800,48400,43600,1300,3800
1330,2,183100,49000,43800,1400,3700
1331,2,158700,48400,44400,1300,3700
1332,2,156600,48200,44200,1300,3600
1333,2,161200,52800,44200,1300,2800
1334,2,159400,48300,43600,1400,3700
1335,2,201700,49200,44200,1400,3900
1336,2,197600,49500,43800,1400,4000
1337,2,165700,48900,44600,1400,3800
1338,2,191200,52200,48600,1600,4600
1339,2,201500,51300,44700,1500,4100
1340,2,179300,48900,44700,1400,4000
1341,2,191100,48500,44200,1300,3900
1342,2,188600,48000,43800,1400,3800
1343,2,491500,48800,386300,1300,3700
1344,2,496300,56600,378700,1500,4300
1345,2,215700,54100,43800,1400,56700
1346,2,215700,51000,44000,1500,61600
1347,2,173200,50100,44200,1400,20100
1348,2,153700,47900,44200,1400,4100
1349,2,157800,48300,44500,1300,3800
1350,2,165600,48400,45000,1400,3800
1351,2,204400,48800,43800,1400,4000
1352,2,182300,48500,43300,1400,4000
1353,2,166200,49700,44100,1300,3800
1354,2,179900,49000,44100,1300,3900
1355,2,156500,48500,43800,1400,3800
1356,2,184900,48600,45200,1400,3700
1357,2,157500,48000,44000,1300,3800
1358,2,151600,47800,44100,1300,3600
1359,2,188000,48800,44100,1400,3900
1360,2,164800,48200,43800,1300,3800
1361,2,153100,48200,43900,1300,3600
1362,2,151500,47900,43800,1300,3700
1363,2,150100,47900,43800,1200,3500
1364,2,153100,48000,44200,1300,3700
1365,2,155100,47900,44400,1400,3700
1366,2,177400,49000,44000,1300,3800
1367,2,150800,47700,43900,1300,3800
1368,2,156600,48200,44300,1300,3600
1369,2,155600,48100,43800,1300,3700
1370,2,165700,53100,44100,1400,2800
1371,2,189000,48200,43900,1400,3900
1372,2,165600,48300,44100,1300,3800
1373,2,168200,48600,43800,1300,3800
1374,2,156600,48600,43800,1400,3800
1375,2,157700,48200,43800,1300,3800
1376,2,157600,48300,43600,1300,3800
1377,2,160600,48500,42900,1400,3800
1378,2,178000,48700,44100,1400,3800
1379,2,186400,48900,43900,1400,3900
1380,2,177600,48800,43600,1400,3900
1381,2,166400,48700,43900,1300,3800
1382,2,199000,49000,44000,1400,2900
1383,2,181800,49100,44300,1400,3900
1384,2,156300,48100,43800,1300,3900
1385,2,160800,48100,43900,1300,3700
1386,2,189800,48900,43800,1400,2900
1387,2,158600,48300,44100,1400,3700
1388,2,153600,48200,43600,1300,3800
1389,2,149800,48000,43800,1300,2700
1390,2,178600,52800,44400,1300,2800
1391,2,155000,48100,43700,1300,3800
1392,2,152300,47800,43500,1400,2700
1393,2,155900,48500,43500,1400,3600
1394,2,157000,48500,43900,1400,3800
1395,2,158500,48500,44000,1300,3800
1396,2,162300,48400,44400,1400,3800
1397,2,160900,48600,44000,1300,3800
1398,2,164200,49200,44000,1400,3800
1399,2,190300,49000,43500,1400,4000
1400,2,181600,49000,44100,1400,3900
1401,2,189600,48800,43700,1400,3800
1402,2,184800,48500,43900,1300,3900
1403,2,155200,47100,43500,1300,3800
1404,2,499000,49300,380600,1300,3800
1405,2,502800,56700,384400,1400,4300
1406,2,219700,59500,44200,1500,56200
1407,2,219600,50800,43900,1400,61600
1408,2,180300,55200,44300,1500,18900
1409,2,162300,48500,43900,1400,4000
1410,2,165600,48500,43900,1300,3900
1411,2,175600,49100,44200,1300,3900
1412,2,172100,48800,43600,1400,3900
1413,2,210700,49500,44300,1400,4100
1414,2,213700,49400,44000,1400,4100
1415,2,164400,48700,44200,1400,3900
1416,2,192900,48600,44000,1400,3900
1417,2,162300,48600,43600,1300,3800
1418,2,157300,48700,43800,1400,3700
1419,2,190000,51100,46500,1300,3800
1420,2,275000,54000,55700,3000,4900
1421,2,219600,53700,45700,2300,4800
1422,2,158700,48800,44500,1300,4000
1423,2,157700,50200,45100,1300,3700
1424,2,159600,51900,45000,1300,3800
1425,2,184000,55800,45900,2400,4800
1426,2,217600,56600,45100,2300,4800
1427,2,155500,48600,44300,1500,4000
1428,2,157600,48500,43100,1300,3700
1429,2,199900,91600,45300,1700,3700
1430,2,209700,81400,44100,1800,3900
1431,2,203500,51300,45000,1500,4100
1432,2,172200,49500,44200,1300,3900
1433,2,171000,53000,44300,1400,3000
1434,2,165600,48700,44100,1300,3900
1435,2,168900,48700,44300,1300,3900
1436,2,154800,48100,43800,1300,3700
1437,2,159000,48400,44400,1600,3600
1438,2,196500,61600,44500,1500,3800
1439,2,193900,53800,44500,1500,3100
1440,2,201900,51700,46000,2400,4700
1441,2,166700,50800,44100,1500,3900
1442,2,159000,50000,45600,1200,3900
1443,2,165300,51700,44700,2300,3700
1444,2,219000,52700,45200,2400,4700
1445,2,189600,50300,43900,1600,4100
1446,2,191500,49100,44400,1300,4000
1447,2,157800,48400,44200,1300,3800
1448,2,152100,48300,44100,1300,3600
1449,2,155400,48200,44300,1300,3600
1450,2,205100,53200,46300,2400,4600
1451,2,164800,49100,44700,1500,4500
1452,2,157300,49200,43900,1300,4000
1453,2,155900,48000,43900,1200,3600
1454,2,161800,48300,48200,1400,3700
1455,2,158900,48200,43800,1400,3800
1456,2,163800,48600,46000,1400,3700
1457,2,160300,48800,44100,1400,3700
1458,2,159600,48300,44300,1400,3600
1459,2,192200,48600,48300,1400,3700
1460,2,173000,48600,44000,1400,3800
1461,2,192500,48800,44100,1400,3700
1462,2,185900,48500,43500,1300,3800
1463,2,155100,48100,43700,1400,3600
1464,2,159000,47000,44300,1300,3800
1465,2,542300,49300,423700,1300,2900
1466,2,517200,57100,383900,1400,4100
1467,2,221300,54500,44300,1500,59100
1468,2,221700,50900,43900,1400,63100
1469,2,184200,50600,44300,1400,20500
1470,2,172500,48800,43900,1400,4100
1471,2,173900,48900,44200,1400,3900
1472,2,166100,48500,44200,1300,3700
1473,2,171100,49000,43800,1400,3800
1474,2,190700,49300,43900,1300,3800
1475,2,203000,48700,43700,1400,4000
1476,2,216000,49300,43900,1400,4000
1477,2,162600,48600,44100,1400,3800
1478,2,154300,48500,44000,1400,3600
1479,2,182000,48400,43600,1400,3900
1480,2,167000,48500,44100,1400,3600
1481,2,158200,48500,43700,1300,3600
1482,2,159000,48700,43800,1300,3700
1483,2,156100,49500,44500,1400,3700
1484,2,173200,51500,45100,2300,4500
1485,2,166200,48300,45000,1400,3800
1486,2,186000,48200,44300,1400,3900
1487,2,152900,48500,44000,1400,3900
1488,2,155000,48300,43700,1400,3800
1489,2,154500,47800,45700,1400,3600
1490,2,164100,48900,43900,1300,3800
1491,2,192800,48800,44000,1500,3000
1492,2,174900,53200,45000,1400,2900
1493,2,169900,48300,44300,1300,3900
1494,2,171400,48400,43900,1400,3900
1495,2,166900,48400,44100,1300,3900
1496,2,169100,48500,44200,1400,4000
1497,2,176400,49500,43900,1400,4000
1498,2,184000,49100,44200,1300,3700
1499,2,190900,48500,44200,1400,3000
1500,2,179800,48600,44000,1400,3900
1501,2,166200,48500,43900,1400,4100
1502,2,155400,48400,44000,1400,2800
1503,2,157900,48500,44100,1400,3600
1504,2,168900,52300,46500,1400,3700
1505,2,267700,58100,46900,2400,4400
1506,2,320800,55700,45400,2300,4500
1507,2,220300,56300,49100,2300,4800
1508,2,171500,54200,46100,2300,4500
1509,2,161300,49800,44300,1400,4500
1510,2,183300,49000,44000,1300,3900
1511,2,154900,47700,43900,1300,3600
1512,2,155200,48100,43800,1200,3600
1513,2,157500,48300,43800,1300,3600
1514,2,156200,48500,43900,1300,3700
1515,2,158000,47500,44100,1400,3800
1516,2,161800,48800,43800,1300,3800
1517,2,158000,47600,44100,1300,3700
1518,2,158800,48200,43700,1300,3700
1519,2,187500,48900,44100,1400,3800
1520,2,182600,48800,55700,1300,3700
1521,2,188700,48800,45600,1400,3900
1522,2,181500,48600,44100,1400,3800
1523,2,154200,48700,43700,1300,3600
1524,2,153300,48500,43600,1300,2800
1525,2,152400,46300,43700,1300,3700
1526,2,506500,48900,394200,1300,3600
1527,2,514400,57400,391000,1500,4200
1528,2,283900,62600,46100,2300,95200
1529,2,294800,57100,46600,2500,108300
1530,2,208800,53100,46100,2300,21300
1531,2,176800,49200,43800,1500,4100
1532,2,164600,48500,44200,1400,3000
1533,2,168300,48400,44100,1400,3900
1534,2,186500,49000,44300,1300,4000
1535,2,162000,48600,44600,1300,3900
1536,2,191000,48400,44200,1400,3700
1537,2,207600,48200,44200,1400,4000
1538,2,176200,48100,44100,1400,3900
1539,2,181800,48500,44200,2300,3700
1540,2,166800,49600,43600,1400,3800
1541,2,155200,48300,44200,1200,3600
1542,2,152300,47900,43800,1200,3700
1543,2,150600,47300,44100,1300,3600
1544,2,153300,47900,44100,1300,3700
1545,2,158200,48400,44000,1300,3700
1546,2,181700,49400,44000,1400,3700
1547,2,149500,47800,44200,1200,3500
1548,2,152300,48200,43700,1300,3700
1549,2,155400,48100,44100,1400,3600
1550,2,165800,48300,44200,1400,3800
1551,2,194000,48800,43900,1500,3700
1552,2,170900,48700,44300,1300,3800
1553,2,166400,48900,43700,1300,3700
1554,2,167100,48500,44000,1300,4000
1555,2,166000,47900,44100,1400,3900
1556,2,165200,48900,43700,1400,3800
1557,2,166300,48500,44500,1300,3900
1558,2,186700,48200,44100,1400,4000
1559,2,195800,49000,44300,1400,3900
1560,2,170700,48100,43800,1300,3800
1561,2,162200,48500,43500,1400,3800
1562,2,157700,48600,44100,1300,3800
1563,2,174300,48300,44400,1400,3900
1564,2,159400,48300,44100,1400,3800
1565,2,161900,48500,43900,1400,3800
1566,2,191200,48800,43900,1300,3900
1567,2,165700,48800,44100,1500,3900
1568,2,196700,48500,44100,1300,4000
1569,2,177700,49000,44200,1500,3800
1570,2,180500,48500,44000,1300,3700
1571,2,154900,48300,43800,1300,3700
1572,2,158500,48600,44100,1300,3800
1573,2,157600,48200,43800,1400,3700
1574,2,166600,50000,46000,1400,3700
1575,2,158500,48900,43900,1400,3700
1576,2,164600,48800,43800,1300,3800
1577,2,163700,49200,44100,1400,3700
1578,2,160100,48200,43500,1300,3800
1579,2,187400,49400,44500,1400,3800
1580,2,173800,48600,44000,1400,3900
1581,2,190700,49100,43900,1400,4000
1582,2,186500,50100,44000,1500,3900
1583,2,153700,48000,44400,1300,3800
1584,2,156600,48300,43800,1300,3700
1585,2,161400,48500,44200,1300,3700
1586,2,157200,46600,43800,1300,3700
1587,2,511000,50400,392800,1400,3700
1588,2,513200,56800,384100,1500,4100
1589,2,266000,71600,45200,1500,61300
1590,2,276200,50800,44000,1500,62700
1591,2,220900,50900,43900,1500,20900
1592,2,165400,48700,44300,1300,4100
1593,2,166900,49000,44100,1300,4000
1594,2,187100,48800,43900,1400,3800
1595,2,164700,47900,44000,1400,3800
1596,2,188500,49000,43900,1400,3900
1597,2,162100,48500,44100,1300,3800
1598,2,156500,48000,44300,1400,3600
1599,2,237500,49500,44400,1500,4000
1600,2,189700,48700,43800,1300,3900
1601,2,156600,52500,44700,1300,2800
1602,2,151000,47900,43600,1300,3800
1603,2,152700,48100,44400,1300,3600
1604,2,153200,48600,43600,1400,3600
1605,2,158300,49500,44100,1400,3600
1606,2,179900,48400,44600,1400,3800
1607,2,155400,48000,48300,1300,3700
1608,2,151600,48000,44000,1300,3600
1609,2,241000,91500,44100,1700,4300
1610,2,238600,99200,69500,1500,3900
1611,2,193700,50000,43600,1500,4000
1612,2,163800,48800,44200,1300,4000
1613,2,160400,48400,44000,1300,3700
1614,2,158100,48600,43900,1300,3800
1615,2,159300,48500,44500,1200,3800
1616,2,161500,48500,44500,1300,3800
1617,2,177300,54000,48000,2300,3900
1618,2,202800,49700,44300,1400,4500
1619,2,193900,49300,43800,1400,3900
1620,2,176600,50800,44300,1300,3100
1621,2,170400,49800,44500,1300,3900
1622,2,156600,48800,45700,1300,5300
1623,2,158000,48500,45800,1400,3800
1624,2,161700,52200,43600,1400,3700
1625,2,168400,50500,45600,1400,3800
1626,2,190400,48600,44100,1300,3800
1627,2,158800,48100,44100,1400,3700
1628,2,154400,48200,44000,1300,3600
1629,2,155300,48700,43600,1400,3600
1630,2,220000,49000,43700,1500,3900
1631,2,177500,48200,43900,1300,3900
1632,2,156400,47900,44300,1400,3800
1633,2,155500,48000,44100,1300,3600
1634,2,203400,49900,44000,1600,4100
1635,2,225400,96600,49700,1800,3900
1636,2,206200,81700,44600,1700,3900
1637,2,228100,98100,50700,1600,4100
1638,2,222500,97100,48800,1500,3900
1639,2,197600,50100,44300,1500,4200
1640,2,181000,49300,43900,1500,4000
1641,2,191100,48800,44000,1400,4000
1642,2,182700,48600,44100,1400,3900
1643,2,151700,48200,43600,1300,3700
1644,2,147900,48000,43700,1300,2700
1645,2,149700,47900,43600,1200,3700
1646,2,153900,48000,44400,1200,3600
1647,2,163100,51200,44300,1300,2900
1648,2,500400,49600,383500,1400,3800
1649,2,517100,57500,384300,1500,4100
1650,2,238800,60000,44300,1500,57700
1651,2,241200,50700,48400,1500,62500
1652,2,193800,50900,44400,1500,20600
1653,2,166000,48900,44100,1300,4100
1654,2,185100,49000,44100,1400,4100
1655,2,165300,48800,44000,1400,3900
1656,2,193900,49000,44300,1300,3900
1657,2,165200,48600,43700,1300,3900
1658,2,162100,48300,45900,1400,3800
1659,2,189800,49200,43800,1400,3900
1660,2,173300,49100,44200,1400,3900
1661,2,219000,52100,44600,2400,4700
1662,2,184900,49700,44000,1400,4100
1663,2,160200,48800,43700,1300,3900
1664,2,155500,48500,43900,1300,3700
1665,2,162300,48700,44100,1400,3800
1666,2,191000,48700,44400,1300,3900
1667,2,157600,47800,44100,1400,3800
1668,2,156400,47900,43800,1400,3900
1669,2,157800,48200,44300,1400,3800
1670,2,164900,48300,44000,1300,3700
1671,2,192900,49100,44000,1400,3800
1672,2,168800,49900,46600,1400,3700
1673,2,187000,54600,43900,1400,5200
1674,2,162500,48700,44300,1300,3800
1675,2,199700,49000,43800,1400,3900
1676,2,195800,49400,44000,1500,3900
1677,2,158300,48500,44100,1400,3900
1678,2,199300,49100,44700,1500,3500
1679,2,190100,48900,44100,1400,3900
1680,2,175500,48600,44000,1400,3900
1681,2,163200,48200,44300,1300,3800
1682,2,156200,48100,44200,1300,3800
1683,2,163600,48300,44000,1400,3800
1684,2,152800,48000,44000,1300,3800
1685,2,160100,48300,43900,1300,3700
1686,2,190200,48800,44000,1400,3800
1687,2,162000,48400,44100,1300,3900
1688,2,155100,48200,44200,1300,3700
1689,2,152200,48100,43600,1300,3700
1690,2,180000,48500,44200,1400,3800
1691,2,158000,48300,43800,1400,3800
1692,2,196900,48800,43800,1300,3900
1693,2,183200,48300,43700,1300,4000
1694,2,158600,48400,44000,1300,3800
1695,2,156900,48500,44100,1400,3800
1696,2,160700,48500,44000,1400,3800
1697,2,157700,48100,43400,1300,3800
1698,2,159500,48400,44200,1400,3700
1699,2,186300,48700,44300,1400,3900
1700,2,170300,48600,43900,1300,3800
1701,2,183200,48600,43900,1300,3900
1702,2,176700,48100,44100,1300,3900
1703,2,147400,47800,43700,1300,3600
1704,2,146600,47600,43800,1200,3400
1705,2,149900,47700,43900,1300,3500
1706,2,146600,47600,43800,1300,3500
1707,2,147300,47900,43800,1300,3600
1708,2,151300,47700,44100,1300,3500
1709,2,498900,53800,380500,1400,2900
1710,2,517300,56900,384200,1500,4200
1711,2,244400,59400,46400,1500,57600
1712,2,224900,50800,42900,1500,62300
1713,2,184100,49900,44200,1400,20000
1714,2,190200,49300,44500,1400,4000
1715,2,156800,48600,43300,1400,3900
1716,2,183900,48400,43900,1400,3800
1717,2,167600,48700,44600,1300,3200
1718,2,156900,48300,43400,1300,3600
1719,2,188800,49000,44000,1500,3900
1720,2,176100,48700,44300,1400,4000
1721,2,162900,48500,44300,1400,3800
1722,2,165700,48700,44200,1400,3700
1723,2,199200,48600,44100,1300,4000
1724,2,180800,49000,43700,1400,4000
1725,2,159800,48700,43800,1300,3800
1726,2,182800,49000,43700,1400,3900
1727,2,153000,48600,44100,1400,3600
1728,2,156400,48100,44000,1300,3700
1729,2,152600,47800,44200,1300,3700
1730,2,158100,48000,44200,1400,3700
1731,2,188900,48700,44300,1400,3800
1732,2,163300,48800,43600,1400,3800
1733,2,161500,48600,44400,1400,3800
1734,2,159900,48400,44400,1300,3900
1735,2,157900,48500,43400,1300,3700
1736,2,156800,48600,43600,1400,3700
1737,2,160400,48400,43500,1400,3700
1738,2,175600,48600,44100,1300,3700
1739,2,184000,48500,44100,1400,3800
1740,2,174600,48700,44000,1400,3900
1741,2,163500,48400,43600,1300,3700
1742,2,159900,48200,44100,1300,3900
1743,2,161600,48400,44000,1400,3900
1744,2,162200,48400,44200,1300,3800
1745,2,170400,49000,44400,1400,4100
1746,2,187000,48500,44200,1400,4000
1747,2,160900,48700,44000,1300,3900
1748,2,160300,52900,44700,1400,2800
1749,2,162100,48200,44100,1300,3700
1750,2,181700,48900,44300,1400,3900
1751,2,163000,48600,44300,1400,3900
1752,2,168400,48700,44700,1400,3900
1753,2,165900,48200,43900,1300,3900
1754,2,204800,48900,44100,1400,4000
1755,2,189000,49100,43900,1400,4000
1756,2,166000,49000,44300,1300,3800
1757,2,168200,48300,50400,1400,3700
1758,2,188200,52700,49600,2400,4600
1759,2,311500,57600,127700,2300,4700
1760,2,485300,134300,121600,1800,4500
1761,2,484500,135400,122600,1800,3700
1762,2,430200,132600,120600,1800,4100
1763,2,389000,132500,120800,1800,4200
1764,2,197400,51700,44900,2000,4300
1765,2,151800,48600,43800,1400,3900
1766,2,149400,47500,44100,1200,3600
1767,2,152200,47700,44100,1400,3600
1768,2,153500,47300,44200,1300,3500
1769,2,156700,46900,44200,1300,3700
1770,2,506100,49900,384700,1400,3600
1771,2,524800,57300,384800,1500,4100
1772,2,229500,54700,44600,1400,58000
1773,2,233700,51100,44500,1500,62900
1774,2,207000,50700,43800,1500,20600
1775,2,165800,48600,44100,1400,4000
1776,2,198500,48600,44100,1500,4000
1777,2,158700,48800,44100,1400,3900
1778,2,155400,48700,43400,1300,3800
1779,2,185600,48400,44400,1400,3900
1780,2,184500,48400,44300,1400,11300
1781,2,157700,48000,43500,1400,3700
1782,2,155000,48200,43700,1300,3700
1783,2,155400,47700,43800,1300,3600
1784,2,158900,48000,44200,1400,3600
1785,2,198400,48800,43400,1400,3900
1786,2,205700,48700,44100,1400,4000
1787,2,150500,48000,43900,1300,3600
1788,2,155300,48500,45500,1300,3600
1789,2,151300,47900,44400,1200,3500
1790,2,156700,47800,44300,1300,3600
1791,2,187800,48400,44200,1300,3800
1792,2,160500,47700,43800,1400,3800
1793,2,163300,49900,46300,1300,3600
1794,2,163400,48800,44300,1400,3600
1795,2,157000,48500,44000,1300,3700
1796,2,155300,48200,44100,1300,3700
1797,2,156100,48100,43800,1300,3600
1798,2,174900,48500,44500,1300,3700
1799,2,185200,52900,44700,1300,2800
1800,2,167300,48500,44500,1400,3800
1801,2,159600,48400,44700,1300,3800
1802,2,155200,48000,43800,1300,3800
1803,2,164900,49300,44100,1400,3700
1804,2,168800,49000,45400,2300,3800
1805,2,176400,49300,45100,1400,3900
1806,2,206200,49900,44200,1300,4700
1807,2,176500,48500,45100,1400,4000
1808,2,156200,48300,44000,1300,3800
1809,2,157200,48500,44100,1300,3800
1810,2,183400,48900,43200,1300,3900
1811,2,161700,48300,43600,1300,3800
1812,2,161800,48600,43800,1300,3700
1813,2,161300,48600,44100,1300,3800
1814,2,158900,48500,44100,1300,3300
1815,2,165600,48600,44000,1400,3900
1816,2,207400,49300,44100,1400,4000
1817,2,185900,49000,44000,1400,4000
1818,2,163900,48500,43900,1400,4000
1819,2,187600,48700,44000,1300,4000
1820,2,178700,48800,48500,1300,3900
1821,2,187800,49000,43700,1400,4000
1822,2,181700,48800,44000,1300,3800
1823,2,149400,47800,43500,1300,3700
1824,2,149000,46900,44200,1300,3600
1825,2,150000,47600,44200,1300,3600
1826,2,150000,47700,44100,1300,3600
1827,2,150100,47600,44100,1400,3600
1828,2,151900,47900,44200,1300,3600
1829,2,156000,48400,44100,1400,3600
1830,2,159500,46900,43600,1300,3800
1831,2,538800,50500,410000,1300,3900
1832,2,534700,56500,406700,1500,4100
1833,2,233300,54300,43700,1500,56700
1834,2,247000,51700,44100,1500,62100
1835,2,188900,51600,43900,1500,20500
1836,2,194000,48800,44000,1300,3200
1837,2,173400,49000,42800,1400,4000
1838,2,167400,48900,43900,1400,3700
1839,2,183600,48200,44000,1500,2900
1840,2,190700,50000,43600,1400,3800
1841,2,164000,48900,44500,1300,3800
1842,2,160700,48400,44200,1400,3700
1843,2,163200,49500,44700,1400,3800
1844,2,163700,52600,44400,1400,2900
1845,2,204700,49000,43800,1400,3900
1846,2,224400,49900,46600,1400,4000
1847,2,191400,48400,44100,1400,3900
1848,2,176100,48300,44000,1300,3900
1849,2,151200,47500,44300,1300,3700
1850,2,156600,48200,43700,1300,3700
1851,2,188600,48500,44200,1300,3800
1852,2,160600,48000,43900,1300,3800
1853,2,158200,48100,43700,1400,3600
1854,2,158200,49700,43900,1300,3900
1855,2,155300,48000,44000,1400,3800
1856,2,154100,48100,43800,1300,3600
1857,2,155400,48100,43800,1300,3600
1858,2,175200,48800,44100,1300,3700
1859,2,185800,48300,44100,1400,3900
1860,2,166300,48300,43700,1400,3800
1861,2,154000,47900,43500,1300,3700
1862,2,148700,47700,43500,1300,3500
1863,2,153700,48100,43900,1300,3700
1864,2,157600,48200,44100,1300,3500
1865,2,162300,48300,42500,1400,3700
1866,2,186400,48300,43900,1400,3700
1867,2,162700,48600,44200,1300,3800
1868,2,157100,48200,43900,1300,3800
1869,2,162100,48200,44200,1300,3800
1870,2,174000,48300,43700,1400,3700
1871,2,156500,48200,44300,1400,3800
1872,2,157500,48400,43600,1300,3800
1873,2,160000,48300,44200,1300,3600
1874,2,158800,48300,43800,1300,3700
1875,2,158800,48200,44000,1400,3800
1876,2,163500,48900,43800,1300,3900
1877,2,164400,49000,44100,1300,3800
1878,2,201100,49300,43900,1300,4100
1879,2,209600,48900,43900,1500,4000
1880,2,171700,48900,44100,1300,3900
1881,2,185300,50300,44400,1400,3800
1882,2,176200,48200,43800,1300,3800
1883,2,148900,47900,44200,1200,3600
1884,2,147200,48000,43800,1300,3600
1885,2,147500,47600,44000,1400,3600
1886,2,148500,47900,44200,1200,3600
1887,2,147100,47700,43900,1200,3600
1888,2,150300,47700,44200,1200,3600
1889,2,156500,48000,44000,1300,3700
1890,2,171200,48300,44000,1400,3600
1891,2,166800,47300,43800,1400,3700
1892,2,508200,49600,385900,1400,3000
1893,2,515300,61800,378700,1400,4100
1894,2,247700,54600,44400,1400,55900
1895,2,226600,51000,44000,1400,62200
1896,2,210700,49700,44600,1400,20700
1897,2,171800,49000,44200,1400,4000
1898,2,162200,48500,44400,1300,3900
1899,2,187300,48800,44000,1400,3800
1900,2,178500,48600,44200,1400,3900
1901,2,154800,48200,43700,1300,3800
1902,2,156400,48100,43800,1300,3700
1903,2,159100,48600,44000,1500,3700
1904,2,160700,48600,43800,1300,3900
1905,2,165900,48700,46100,1400,3800
1906,2,185600,48600,43900,1300,3900
1907,2,157300,48500,44000,1300,3800
1908,2,159500,48600,43900,1400,3700
1909,2,194100,48500,44200,1400,3900
1910,2,183600,48900,44300,1400,4000
1911,2,188900,48800,44100,1400,3800
1912,2,163000,48200,44000,1400,3800
1913,2,160900,49000,44000,1400,3800
1914,2,164300,49000,47700,1400,3900
1915,2,178500,51400,45600,1400,3800
1916,2,168200,50100,44000,1500,4000
1917,2,158400,48200,44300,1400,3700
1918,2,174700,48700,43400,1400,3100
1919,2,183000,48600,44000,1400,3900
1920,2,169500,48500,44300,1300,3900
1921,2,161600,48400,43700,1300,3800
1922,2,157500,48300,44200,1300,3700
1923,2,157400,48300,44000,1400,3600
1924,2,159300,48000,43800,1400,3900
1925,2,167800,48600,45500,1300,3700
1926,2,206300,49800,46200,1400,3900
1927,2,165900,48800,44100,1300,3800
1928,2,164400,48700,44000,1300,3800
1929,2,166600,48700,44200,1300,3700
1930,2,225800,49200,43900,1300,3900
1931,2,201600,49300,44200,1400,4000
1932,2,155300,48000,44300,1300,3800
1933,2,157500,48500,43800,1300,3600
1934,2,159600,48300,44100,1300,3800
1935,2,163100,48200,44100,1300,3800
1936,2,166100,48700,44400,1400,3600
1937,2,161200,48200,44100,1400,3600
1938,2,162600,48300,43800,1300,3700
1939,2,189100,49200,44200,1400,2800
1940,2,213600,49100,44300,1400,4000
1941,2,208900,48600,44200,1400,4000
1942,2,178900,48700,44100,1400,4000
1943,2,147900,47800,44400,1300,3600
1944,2,147200,47700,44100,1300,3400
1945,2,148500,47600,44000,1300,3600
1946,2,148400,47800,44400,1300,3600
1947,2,146900,47400,44200,1300,3600
1948,2,149400,47700,43900,1200,3600
1949,2,153400,47900,44200,1300,3600
1950,2,158300,47900,44100,1300,3700
1951,2,168900,48400,47800,1400,3800
1952,2,156700,46700,44100,1400,3700
1953,2,498500,49300,381000,1300,3700
1954,2,524800,56500,379700,1400,4300
1955,2,216600,54700,43900,1400,56000
1956,2,243000,50900,44300,1400,62000
1957,2,183100,50000,44300,1400,20500
1958,2,159500,48300,44400,1300,4100
1959,2,186300,49100,44300,1400,3900
1960,2,172000,49000,43800,1400,3900
1961,2,159200,48100,44100,1300,2900
1962,2,163900,48500,44200,1300,3700
1963,2,151400,47800,43600,1200,3700
1964,2,155600,48200,43500,1300,3800
1965,2,160000,48500,43700,1400,3800
1966,2,183400,48900,44100,1300,3800
1967,2,154500,48400,43900,1300,3700
1968,2,154500,48100,44200,1300,3800
1969,2,153800,47700,44200,1200,3700
1970,2,161900,49100,44300,1300,3700
1971,2,227200,51100,44300,1900,3100
1972,2,187100,48900,45500,1400,4100
1973,2,160600,48200,43800,1400,3800
1974,2,161600,48600,44000,1300,3700
1975,2,169000,48900,44200,1400,3800
1976,2,163000,53000,44200,1300,2900
1977,2,163200,48400,43200,1300,3800
1978,2,179800,48500,47400,1500,2800
1979,2,181400,48900,43700,1400,2900
1980,2,170200,49100,44200,1400,3800
1981,2,158400,48000,44300,1400,3800
1982,2,151500,48000,43800,1400,3700
1983,2,160000,48600,44400,1400,3700
1984,2,157800,48100,47700,1400,3700
1985,2,162700,52700,44500,1300,3800
1986,2,185300,48700,43900,1300,3800
1987,2,159800,47800,44200,1300,3800
1988,2,158700,48600,43700,1400,3800
1989,2,159400,48600,43800,1300,3800
1990,2,183200,48600,44000,1400,3800
1991,2,162200,48700,44000,1400,3900
1992,2,164000,48500,44100,1200,3900
1993,2,169000,48800,43800,1400,3800
1994,2,158200,48700,44200,1300,3800
1995,2,163200,48500,44600,1500,4000
1996,2,176000,54600,44000,1400,6100
1997,2,168800,49200,44100,1300,4200
1998,2,166000,48900,43500,1400,4000
1999,2,189000,49100,44400,1300,4100
2000,2,176400,49000,43800,1400,3900
2001,2,190600,49100,44200,1500,4100
2002,2,269200,60400,46800,1900,4000
2003,2,213000,63100,48200,2400,4700
2004,2,186400,59000,47500,2300,4000
2005,2,163300,52100,44600,2300,4100
2006,2,170800,50100,45900,1500,4700
2007,2,176800,51300,44700,2300,4600
2008,2,163700,49600,44700,1400,4200
2009,2,170900,48100,44200,1400,3900
2010,2,169900,49000,44200,1300,3900
2011,2,170100,49000,43700,1400,3900
2012,2,167800,49700,45700,1300,3800
2013,2,164600,47700,43700,1300,2800
2014,2,538900,55500,389700,1300,2900
2015,2,558300,62200,386800,1400,3100
2016,2,319400,59100,47000,2400,73200
2017,2,240700,56200,45100,1500,63700
2018,2,179200,50500,43600,1500,20600
2019,2,191400,49100,44600,1500,4200
2020,2,173500,48800,43800,1300,3800
2021,2,161900,48500,44400,1400,3700
2022,2,159600,48200,43700,1300,3800
2023,2,161000,48300,46000,1200,3600
2024,2,165000,48300,43900,1400,3800
2025,2,160900,48900,44000,1400,3900
2026,2,185300,48800,44800,1300,3900
2027,2,157500,48500,45900,1300,3800
2028,2,182300,53200,47500,2400,4600
2029,2,161600,49200,44700,1400,4000
2030,2,162200,48800,44200,1400,3900
2031,2,194600,48900,44000,1500,3900
2032,2,169800,49100,44200,1500,3900
2033,2,203400,48800,44400,1400,4000
2034,2,187000,53900,44300,1400,2900
2035,2,157700,48000,44300,1300,3800
2036,2,154700,47900,44200,1300,3600
2037,2,154500,48200,44500,1400,3000
2038,2,182300,48700,44100,1400,3800
2039,2,181700,48100,44000,1500,3800
2040,2,168000,48500,43700,1400,4000
2041,2,159900,48100,44400,1300,3800
2042,2,148600,47700,43900,1200,3600
2043,2,151700,48300,43600,1300,3500
2044,2,152400,48000,43700,1200,3600
2045,2,156500,47600,44200,1400,3700
2046,2,189500,48200,44100,1400,3700
2047,2,154600,48000,43900,1300,3600
2048,2,150400,47800,44000,1300,3700
2049,2,151700,47900,44100,1300,3600
2050,2,181500,48700,44100,1400,3800
2051,2,163000,48300,44000,1300,3600
2052,2,160900,48100,44200,1300,3800
2053,2,160900,48100,43700,1400,3700
2054,2,163000,48500,43800,1300,3900
2055,2,169200,48500,44500,1400,3900
2056,2,160200,48400,44000,1300,3600
2057,2,164000,48700,43800,1400,3700
2058,2,165400,48300,44000,1400,3900
2059,2,195600,48800,44100,1400,4000
2060,2,186800,49200,43900,1300,3900
2061,2,191900,48700,43200,1400,3900
2062,2,219600,52100,44600,2400,4700
2063,2,164400,49100,44500,1500,3700
2064,2,196800,48900,44200,1400,4000
2065,2,178400,48600,44200,1400,4000
2066,2,152500,48200,44100,1200,3700
2067,2,150300,47300,44000,1300,3700
2068,2,160700,48600,45300,1300,3700
2069,2,157700,48300,44300,1300,3700
2070,2,163100,48400,43800,1400,3800
2071,2,168100,48700,43800,1500,3800
2072,2,162100,49200,44300,1300,3100
2073,2,165900,48700,44200,1500,3800
2074,2,186800,46800,44100,1400,4000
2075,2,507600,49900,390200,1400,3900
2076,2,549300,56600,384200,1500,4000
2077,2,223100,54300,44500,1500,57700
2078,2,220300,55700,44800,1500,60800
2079,2,240200,61600,49800,2400,22000
2080,2,185800,51700,44700,1400,4100
2081,2,168400,49400,45300,1500,3900
2082,2,168400,48700,46800,1300,4000
2083,2,165500,49200,45700,1400,3800
2084,2,167600,48700,45800,1500,3900
2085,2,168700,49900,44500,1300,3900
2086,2,197700,49000,44300,1400,3800
2087,2,152700,47500,44600,1400,3800
2088,2,157700,48300,43800,1300,3800
2089,2,163600,49000,45600,1300,3800
2090,2,169100,50300,43800,1400,3900
2091,2,202500,49200,44000,1500,4000
2092,2,174600,49000,44500,1500,3900
2093,2,169500,48900,43800,1400,3900
2094,2,172300,48700,44100,1300,4000
2095,2,206800,49300,44100,1400,4100
2096,2,185100,48700,44500,1400,3900
2097,2,159900,48500,43800,1300,3900
2098,2,184500,49200,44100,1300,3800
2099,2,187900,48800,43400,1300,3900
2100,2,213300,48900,44200,1400,3900
2101,2,191700,48600,44300,1500,4000
2102,2,150600,47800,44200,1300,3700
2103,2,151700,48000,43800,1300,3700
2104,2,152100,48700,45000,1300,2800
2105,2,174800,51400,45300,2400,4700
2106,2,229700,52600,49400,2400,4700
2107,2,184100,51800,45600,2300,4800
2108,2,187700,51500,56500,2400,4800
2109,2,169900,51200,46400,1500,4400
2110,2,182800,49500,44900,1400,3900
2111,2,158700,48800,44700,1300,3800
2112,2,164600,48700,46600,1300,3600
2113,2,167200,48900,47300,1300,3800
2114,2,166900,48800,44700,1400,3900
2115,2,167700,48800,44500,1500,3900
2116,2,171800,49600,45000,1400,3900
2117,2,173500,48800,44600,1400,4000
2118,2,161400,48700,44200,1300,3800
2119,2,190700,48600,44400,1400,4000
2120,2,176700,48900,44200,1300,4000
2121,2,194700,48900,43500,1400,3900
2122,2,183200,49400,44100,1400,3100
2123,2,150300,48000,43800,1300,3700
2124,2,151700,48000,44000,1300,3700
2125,2,157600,48200,44400,1300,3600
2126,2,189800,48600,44300,1300,3700
2127,2,172500,47800,44500,1400,3800
2128,2,150800,48200,43700,1200,3600
2129,2,155800,48700,43900,1400,3600
2130,2,161700,48400,44500,1400,3700
2131,2,165400,48700,44300,1300,3700
2132,2,160300,48200,44300,1300,3800
2133,2,162400,48400,44200,1300,3700
2134,2,183600,48900,44400,1300,3900
2135,2,159700,46900,48500,1300,3800
2136,2,582100,50100,440600,1300,3700
2137,2,507300,57500,381600,1400,4300
2138,2,218100,54800,44400,1500,60200
2139,2,244000,50700,44700,1500,63300
2140,2,184800,50200,43300,1400,20400
2141,2,150000,47300,44100,1300,3000
2142,2,154900,47800,44100,1300,3700
2143,2,162200,48100,44300,1300,3600
2144,2,164900,48600,44200,1400,3700
2145,2,172900,48900,44400,1300,3800
2146,2,193700,49500,44200,1400,3900
2147,2,170800,48300,47700,1400,2900
2148,2,193800,53000,45600,2300,4800
2149,2,158500,50100,44000,1400,3100
2150,2,169100,50500,44600,1300,3900
2151,2,199000,48800,44200,1500,3800
2152,2,172100,48600,44500,1400,3900
2153,2,179100,48500,44400,1400,4800
2154,2,164000,48700,44800,1400,3900
2155,2,164800,49100,44200,1400,3900
2156,2,175800,48800,44200,1400,3900
2157,2,203800,49100,44000,1400,4000
2158,2,207800,49300,44500,1500,4000
2159,2,186800,48400,44300,1400,3900
2160,2,171200,48500,43800,1400,3800
2161,2,166700,52000,47400,1400,3700
2162,2,158700,50200,44600,1300,3800
2163,2,154300,47600,43900,1300,3800
2164,2,154600,48400,44000,1400,3700
2165,2,160200,48600,44100,1400,3700
2166,2,188000,48600,43700,1300,3900
2167,2,159600,48600,44000,1400,3900
2168,2,153100,48100,43900,1300,3700
2169,2,153300,48000,43900,1400,3700
2170,2,180400,48700,44000,1200,3800
2171,2,158000,48300,44000,1400,3900
2172,2,156200,48000,44400,1400,3700
2173,2,158000,48500,43500,1300,3700
2174,2,163700,48000,44200,1300,3700
2175,2,166400,48900,43700,1400,3800
2176,2,176400,48800,44900,1400,3800
2177,2,173800,48600,43800,1300,3800
2178,2,171800,48500,44200,1500,4000
2179,2,204400,49000,44100,1300,4100
2180,2,178000,48700,44000,1400,4000
2181,2,191900,48600,44100,1400,4000
2182,2,191400,49000,48300,1400,3900
2183,2,158700,48300,44400,1300,3800
2184,2,157500,48100,44200,1300,3700
2185,2,194900,47600,43900,1300,3800
2186,2,188200,49000,44000,1400,4000
2187,2,154000,48400,43700,1300,3800
2188,2,192700,48300,44100,1400,4000
2189,2,178700,48700,43800,1500,3700
2190,2,162400,48500,44000,1300,3700
2191,2,164200,48400,44100,1300,3800
2192,2,159700,48300,44400,1400,3800
2193,2,161200,48400,43500,1300,3800
2194,2,180100,47900,44500,1300,3900
2195,2,157500,48100,44300,1400,3900
2196,2,192400,53500,45400,1300,3700
2197,2,503600,49700,387200,1300,3700
2198,2,498200,56700,379500,1500,4200
2199,2,241300,54400,44200,1500,57400
2200,2,227600,51600,43800,1500,62000
2201,2,172700,50100,44300,1500,20300
2202,2,153500,48200,44000,1400,4000
2203,2,150800,48400,43600,1300,3800
2204,2,155700,48400,44200,1300,3600
2205,2,159700,48000,43800,1400,3700
2206,2,185000,48800,43800,1300,3800
2207,2,157200,48300,44000,1400,3700
2208,2,158500,48300,43800,1300,3800
2209,2,157500,48100,44400,1300,3700
2210,2,167300,48800,44200,1400,3800
2211,2,188100,49000,44100,2000,3800
2212,2,164900,48200,45100,1300,3800
2213,2,163000,48400,43800,1300,3800
2214,2,167900,49000,43600,1400,3800
2215,2,160600,48500,44000,1500,3700
2216,2,156400,47500,44000,1400,3800
2217,2,161400,48900,44000,1400,3800
2218,2,179800,48200,44400,1300,3800
2219,2,224200,48900,44300,1400,4000
2220,2,192100,48900,43900,1400,3900
2221,2,155700,48000,44000,1300,3800
2222,2,149600,47900,44100,1200,3700
2223,2,152200,48200,44000,1300,3600
2224,2,152700,48000,44000,1400,3600
2225,2,155800,48500,44000,1300,3600
2226,2,180800,48300,43800,1400,3100
2227,2,159100,48200,43500,1300,3800
2228,2,151900,48200,44300,1300,3500
2229,2,154800,48200,44100,1300,3500
2230,2,182100,48900,43600,1400,3800
2231,2,160600,48900,44000,1300,3600
2232,2,163900,48400,44500,1300,3800
2233,2,158800,48000,44400,1400,3700
2234,2,157500,48500,43700,1400,3800
2235,2,162400,48800,44200,1400,3800
2236,2,168200,48300,43700,1300,3700
2237,2,167100,48700,43700,1400,3900
2238,2,173300,53300,44700,1500,2900
2239,2,201800,55100,44400,1400,3900
2240,2,179900,49700,44400,1400,3200
2241,2,198300,48900,43500,1400,4100
2242,2,180300,48800,44300,1400,4000
2243,2,154600,48400,43900,1400,3800
2244,2,154300,47700,44200,1300,3700
2245,2,155200,48300,43500,1300,3700
2246,2,155300,47600,44300,1300,3600
2247,2,154000,48100,44000,1300,3700
2248,2,154900,47900,43700,1400,3800
2249,2,162200,48500,44000,1400,3500
2250,2,205200,49300,43600,1400,4100
2251,2,209200,58500,48800,1400,4000
2252,2,194400,53100,47000,2300,4500
2253,2,214800,64700,46400,2400,4900
2254,2,195400,49900,44400,1600,4600
2255,2,164400,49500,43900,1400,4000
2256,2,190200,49000,43700,1400,3900
2257,2,164100,46800,44400,1300,3800
2258,2,492400,49800,380700,1400,3800
2259,2,526300,57700,378600,1500,3100
2260,2,230800,54800,44200,1500,57500
2261,2,223000,50800,44000,1400,62100
2262,2,180900,50100,43700,1400,20500
2263,2,159500,48800,44200,1400,4000
2264,2,161600,48300,44200,1300,3700
2265,2,164300,48200,44000,1300,3700
2266,2,187000,48600,43600,1400,3800
2267,2,160100,48700,43900,1300,3800
2268,2,162600,48000,43700,1400,3700
2269,2,171700,48300,44300,1400,8800
2270,2,208300,48800,44200,1400,4000
2271,2,231100,49500,43600,1500,4200
2272,2,175500,49000,44100,1400,3900
2273,2,160500,48700,44100,1300,3700
2274,2,161400,48400,44500,1300,3700
2275,2,162000,48700,44400,1400,3800
2276,2,161700,48600,44300,1300,3700
2277,2,160700,48400,44500,1300,3600
2278,2,183800,48800,48900,1400,3700
2279,2,185500,48600,44300,1400,3900
2280,2,172500,48700,43700,1400,3800
2281,2,202100,49200,44100,1400,4000
2282,2,173000,48600,43200,1400,4000
2283,2,153700,49100,43800,1400,3400
2284,2,153100,48100,44000,1300,3700
2285,2,156900,48300,44100,1300,3700
2286,2,186600,48900,44200,1400,3800
2287,2,164200,55100,44200,1400,3800
2288,2,150100,47700,44000,1300,3600
2289,2,150800,48300,43800,1300,3500
2290,2,179800,52700,44800,1300,2800
2291,2,153300,47900,44000,1300,3600
2292,2,151700,47800,44100,1300,2700
2293,2,153900,47800,44100,1300,3500
2294,2,154100,47800,43900,1300,3700
2295,2,157400,48400,43800,1300,3700
2296,2,159800,48400,44100,1300,3600
2297,2,159800,48700,43900,1300,3700
2298,2,165900,52500,44400,1400,2700
2299,2,194900,49100,47800,1400,3800
2300,2,174400,48700,43600,1500,2900
2301,2,186400,48400,44400,1400,2900
2302,2,184200,48700,44100,1300,3900
2303,2,159100,48300,44000,1300,3900
2304,2,148700,48000,44300,1300,3600
2305,2,150900,47900,44000,1200,3500
2306,2,152700,47700,44400,1300,3600
2307,2,153200,48100,44200,1300,3600
2308,2,155200,48600,43900,1300,3600
2309,2,156800,48100,44300,1300,3600
2310,2,162900,48500,43900,1400,3700
2311,2,169000,48900,43900,1400,3800
2312,2,200700,48800,44200,1400,3800
2313,2,189100,49300,44100,1300,4000
2314,2,184000,48700,44100,1300,3900
2315,2,164700,48500,44100,1400,3700
2316,2,193600,48600,43800,1300,3700
2317,2,166800,48800,44200,1400,3700
2318,2,157500,48400,45000,1300,3700
2319,2,538600,50300,384800,1400,3900
2320,2,515500,60800,378800,1400,3000
2321,2,216600,54400,44600,1500,55800
2322,2,217600,51000,44200,1500,62200
2323,2,175400,49700,44300,1400,20500
2324,2,156100,48400,44000,1300,4200
2325,2,157300,48000,44200,1400,3800
2326,2,180700,48800,44100,1400,3700
2327,2,151900,47700,44300,1200,3700
2328,2,158000,49000,44000,1300,3700
2329,2,159600,48900,44000,1400,3700
2330,2,165800,48900,44100,1400,3600
2331,2,206200,60200,45900,1500,2800
2332,2,171800,48900,44200,1400,3900
2333,2,170400,49300,46600,1300,3800
2334,2,194800,50200,49600,2500,3800
2335,2,159700,48100,44400,1300,3800
2336,2,159800,48500,43800,1400,3900
2337,2,165700,49400,45100,1300,3900
2338,2,189200,53400,44400,1400,2900
2339,2,187800,48700,43800,1300,3900
2340,2,174100,48900,45600,1300,3900
2341,2,165800,48400,44100,1300,3800
2342,2,156200,48400,44000,1400,3700
2343,2,197600,49400,43800,1400,4000
2344,2,177900,48700,44200,1400,3100
2345,2,161700,48500,43600,1300,3800
2346,2,192400,49400,44000,1400,3900
2347,2,164800,48900,44000,1400,3800
2348,2,156800,48300,44300,1400,3600
2349,2,158400,48600,44100,1300,3600
2350,2,182700,48900,44000,1400,3800
2351,2,157200,47800,44000,1300,3800
2352,2,156800,48100,43700,1300,3600
2353,2,159400,48500,44200,1300,3700
2354,2,159700,48100,44600,1400,3800
2355,2,201700,48800,44600,1500,3900
2356,2,194400,49000,44100,1500,3300
2357,2,159500,48400,44300,1300,3800
2358,2,158500,48200,44000,1300,3800
2359,2,188000,49100,44200,1400,3900
2360,2,177700,49100,44100,1500,3900
2361,2,190000,48400,44300,1400,3800
2362,2,184400,48800,43700,1300,3700
2363,2,155400,47400,44700,1200,3700
2364,2,153700,47600,44000,1200,3600
2365,2,158300,48000,44300,1300,3600
2366,2,147100,47500,43800,1200,3700
2367,2,151200,48100,44100,1300,3600
2368,2,153600,48100,43700,1300,3500
2369,2,159300,48700,43800,1300,3600
2370,2,167400,52600,44600,1300,3000
2371,2,163000,48500,44000,1400,3000
2372,2,161900,48600,43800,1300,3700
2373,2,179800,48900,44200,1300,3800
2374,2,220700,51600,44000,1400,4000
2375,2,180500,48800,43600,1400,3900
2376,2,189000,49800,43800,1300,3700
2377,2,160600,49500,43600,1300,3800
2378,2,153100,50000,43900,1300,3600
2379,2,176700,46800,43600,1400,3700
2380,2,508400,49400,386100,1300,3900
2381,2,503200,56400,384400,1400,4100
2382,2,218600,59600,44300,1400,57300
2383,2,214300,51200,44300,1500,61400
2384,2,172800,49900,44100,1500,20400
2385,2,156400,48900,43900,1400,4000
2386,2,181800,49200,43900,1300,3800
2387,2,150300,48000,44400,1300,3600
2388,2,152100,48200,44100,1300,3500
2389,2,149700,48200,43700,1300,3600
2390,2,158500,48400,44100,1300,3600
2391,2,187100,48500,43900,1400,3700
2392,2,166700,48400,44100,1300,3800
2393,2,163700,48300,44100,1300,3700
2394,2,163600,48300,44300,1300,3800
2395,2,161800,49100,44300,1400,3900
2396,2,165100,48600,44200,1400,3700
2397,2,155100,48200,43800,1300,3800
2398,2,192900,59800,44400,1300,3900
2399,2,190500,49100,43500,1400,3900
2400,2,181400,49000,44100,1400,4100
2401,2,165600,48700,43800,1400,3800
2402,2,157300,48400,44100,1400,2600
2403,2,160600,48300,44200,1500,3700
2404,2,160500,48400,44200,1300,3700
2405,2,205900,53700,44300,1400,2900
2406,2,213000,48900,44200,1400,3900
2407,2,158500,48200,43600,1300,3900
2408,2,155300,48500,44300,1400,3900
2409,2,155700,48200,44200,1300,3700
2410,2,179000,48800,44000,1300,3900
2411,2,156200,48200,44400,1300,3700
2412,2,158300,47900,43900,1300,3700
2413,2,155000,48600,43900,1400,3600
2414,2,157100,48900,44200,1300,3700
2415,2,158800,48400,43900,1300,3700
2416,2,169600,52100,49600,1300,2900
2417,2,159800,48800,43900,1400,2800
2418,2,171300,52900,45000,2300,3800
2419,2,223100,54700,48000,2300,4000
2420,2,183700,49700,45300,1500,4100
2421,2,217600,54100,48500,1400,4000
2422,2,218900,55000,47400,2300,3900
2423,2,167800,49400,44600,1400,4500
2424,2,161400,48900,44700,1300,3900
2425,2,164000,48400,44200,1300,3800
2426,2,157700,47400,44100,1300,3700
2427,2,165000,49000,44400,1400,3800
2428,2,152100,48000,43900,1300,3800
2429,2,161900,48800,44400,1500,3800
2430,2,167900,48900,42900,1500,3700
2431,2,178600,49200,44700,1400,3800
2432,2,173700,49500,43900,1400,4000
2433,2,173500,48800,44100,1300,3900
2434,2,267700,89500,44500,1500,4200
2435,2,175100,49800,44500,1400,4100
2436,2,235100,49500,43900,1400,4000
2437,2,187100,49200,43900,1400,4000
2438,2,162400,48500,44100,1300,3800
2439,2,183900,49000,43900,1400,3000
2440,2,207700,47700,44000,1300,3900
2441,2,542500,50600,390700,1400,3900
2442,2,502000,61300,379700,1400,3100
2443,2,215900,55300,44300,1500,57500
2444,2,218600,53300,44000,1500,62300
2445,2,177600,50300,44500,1400,20300
2446,2,182600,48800,43900,1400,4000
2447,2,150300,48000,44600,1300,3700
2448,2,151100,47700,44100,1300,3600
2449,2,150600,48000,44000,1200,3700
2450,2,160600,49800,46500,1300,3500
2451,2,188900,48600,44300,1500,3700
2452,2,162300,48400,43700,1400,3700
2453,2,168900,49100,44300,1300,3800
2454,2,163600,48500,44300,1300,3700
2455,2,168300,48600,48000,1400,3900
2456,2,161500,48700,43900,1300,3800
2457,2,162700,48400,44100,1300,3900
2458,2,186800,49000,44000,1400,3900
2459,2,182300,48800,43600,1400,3900
2460,2,171500,48800,44200,1400,3800
2461,2,159600,48200,44100,1400,3900
2462,2,154100,48200,43700,1200,3700
2463,2,158900,48600,45600,1400,3600
2464,2,156300,48200,44700,1300,3600
2465,2,171100,51300,43700,1300,4200
2466,2,189400,49100,44200,1400,3800
2467,2,200000,49100,44300,1300,4000
2468,2,175100,48800,43900,1400,3900
2469,2,151200,48000,44100,1300,3600
2470,2,176500,48400,44300,1400,3600
2471,2,152300,48000,44300,1300,3600
2472,2,154400,48100,44100,1300,3700
2473,2,155500,47700,43800,1400,3600
2474,2,154500,48100,43700,1300,3600
2475,2,156200,48100,43900,1400,3800
2476,2,163900,48300,44000,1300,3700
2477,2,165300,56000,44100,1400,2900
2478,2,158400,48200,44000,1300,3700
2479,2,190500,50400,44900,1400,2900
2480,2,173900,48800,44100,1300,3900
2481,2,202600,53300,43900,1400,2800
2482,2,176300,48500,44200,1400,3900
2483,2,150200,47800,43700,1300,3600
2484,2,157700,47900,44300,1300,3700
2485,2,165800,48100,44000,1300,3700
2486,2,160400,48100,44100,1400,3600
2487,2,162200,48100,44200,1300,3700
2488,2,161000,48300,44500,1400,3700
2489,2,166700,48700,43700,1400,3800
2490,2,163400,49100,43900,1400,3800
2491,2,169400,49000,44200,1400,3900
2492,2,179000,48700,44300,1300,4000
2493,2,170600,48700,44000,1400,3800
2494,2,184200,48800,44000,1400,3900
2495,2,161500,48500,44100,1400,3800
2496,2,188600,48300,44000,1400,3900
2497,2,164800,48900,43600,1400,3900
2498,2,197700,49400,43900,1400,4100
2499,2,207400,48900,44300,1400,4000
2500,2,167800,48500,43900,1400,3800
2501,2,153000,46900,43800,1200,3600
2502,2,501000,49700,387300,1400,3800
2503,2,521800,61500,382200,1400,4300
2504,2,225000,55000,44000,1500,55500
2505,2,222600,51000,43100,1600,62000
2506,2,203200,49900,44000,1500,20600
2507,2,160800,48500,45700,1300,4100
2508,2,155900,49900,44800,1300,3700
2509,2,152600,47900,44300,1300,3700
2510,2,159700,48300,43800,1400,3700
2511,2,193800,49300,44600,1400,4000
2512,2,163300,49700,44300,1300,3200
2513,2,161200,48400,44300,1400,3700
2514,2,161600,48200,44100,1300,3700
2515,2,165700,48900,44200,1300,3800
2516,2,168600,48500,44100,1300,3800
2517,2,175400,48500,44100,1400,4000
2518,2,189100,48800,44200,1400,3900
2519,2,195000,48300,44000,1400,3900
2520,2,185900,48900,43500,1400,3900
2521,2,161000,48800,43700,1300,3700
2522,2,157000,48300,44300,1400,3900
2523,2,162700,48500,44000,1400,3800
2524,2,164200,48600,43800,1300,3800
2525,2,206300,49000,43900,1400,3900
2526,2,225700,49300,44000,1400,4100
2527,2,161400,48300,44100,1300,3900
2528,2,156300,47900,44100,1400,3600
2529,2,192600,48500,43800,1400,3900
2530,2,202800,48900,44400,1300,4000
2531,2,154300,47900,43900,1300,3700
2532,2,153200,47400,43900,1200,3600
2533,2,153800,48300,44200,1300,3500
2534,2,155500,48400,43800,1300,3700
2535,2,157100,48300,44000,1400,3600
2536,2,160200,48000,44200,1400,3700
2537,2,161100,48400,44200,1400,3700
2538,2,159300,48400,44000,1400,3700
2539,2,185300,48500,44100,1400,3900
2540,2,181400,60000,44000,1400,3800
2541,2,182300,48400,43700,1400,3700
2542,2,173700,48600,43500,1400,2800
2543,2,148000,47300,44000,1300,3500
2544,2,147500,47400,44000,1200,3600
2545,2,148700,47800,43600,1300,3500
2546,2,153700,48100,44100,1200,3500
2547,2,153500,47500,44200,1300,3600
2548,2,156400,48000,43800,1400,3700
2549,2,160500,48600,43800,1400,3800
2550,2,166300,48700,43600,1400,3800
2551,2,173300,48700,44100,1400,3900
2552,2,170200,48600,44200,1300,9600
2553,2,164700,48500,43900,1300,3900
2554,2,182000,48700,44100,1400,4000
2555,2,162600,48400,44000,1400,3800
2556,2,188500,48900,45600,1300,3900
2557,2,160400,48300,43900,1300,3800
2558,2,155800,48300,44300,1300,3700
2559,2,193500,58000,44200,1400,3800
2560,2,208300,48900,43900,1400,4100
2561,2,180000,48500,44000,1300,3900
2562,2,163200,58200,44700,1300,3700
2563,2,495700,50000,384200,1300,3800
2564,2,575300,117200,392700,1500,4100
2565,2,225400,55100,44300,1500,59500
2566,2,245500,51100,44800,1500,62200
2567,2,170200,49800,44300,1400,20100
2568,2,153900,48500,43700,1300,4000
2569,2,158400,48500,44200,1300,3900
2570,2,166000,48700,44100,1400,3700
2571,2,193100,48700,43700,1500,4000
2572,2,170000,48900,43900,1400,3800
2573,2,163800,49100,43800,1300,3700
2574,2,157900,48000,44000,1400,3200
2575,2,158500,48200,43500,1400,3900
2576,2,160400,48500,44200,1400,3700
2577,2,164800,49000,44000,1400,3800
2578,2,187700,48700,44000,1300,3800
2579,2,191300,48800,44000,1400,3800
2580,2,176700,48800,44100,1400,3900
2581,2,165300,48400,44100,1300,3800
2582,2,167600,48300,44400,1400,3800
2583,2,154800,48100,44000,1300,3900
2584,2,162600,48400,43800,1300,3800
2585,2,164400,48900,43900,1400,3800
2586,2,196300,48900,47100,1400,3900
2587,2,184900,55900,46500,1600,3900
2588,2,171700,50500,46900,1400,3900
2589,2,180000,52100,45700,2400,4700
2590,2,198500,50300,44700,1500,4000
2591,2,241300,54600,47400,2400,4800
2592,2,221500,53500,49700,2400,4700
2593,2,164900,49200,44900,1400,3000
2594,2,158500,48800,43600,1300,2800
2595,2,163500,49200,44200,1500,3800
2596,2,167600,49200,44300,1400,3900
2597,2,163900,48900,44600,1400,3800
2598,2,162500,49000,44100,1400,3800
2599,2,191800,50800,45200,1400,3200
2600,2,178200,49400,48900,1400,3000
2601,2,238100,54700,47800,2300,4900
2602,2,229300,57500,46200,2300,4900
2603,2,162500,49900,44500,1500,4100
2604,2,158100,48300,44500,1300,3800
2605,2,154900,47600,43900,1300,3500
2606,2,152900,48400,43400,1300,3700
2607,2,152600,47900,43800,1400,3600
2608,2,169300,48000,45300,1400,3600
2609,2,167500,48300,44300,1400,3900
2610,2,214100,49400,43800,1400,4100
2611,2,208500,48500,44300,1400,4100
2612,2,171000,48900,45600,1400,3900
2613,2,173300,49000,43600,1400,3900
2614,2,184200,49100,44000,1300,3900
2615,2,162900,48600,46000,1400,3700
2616,2,189900,48700,43900,1400,2900
2617,2,163000,48300,43800,1300,3700
2618,2,156400,48600,43500,1300,3700
2619,2,186100,53100,44300,1400,2900
2620,2,170300,48600,45400,1500,3800
2621,2,162100,51200,44200,1400,3700
2622,2,196100,49100,43600,1300,3900
2623,2,174100,46900,43700,1300,3900
2624,2,535500,49400,423400,1400,3800
2625,2,507700,57700,383800,1400,4100
2626,2,244900,54700,43900,1500,58500
2627,2,212900,51000,44100,1500,62300
2628,2,171200,50000,43700,1400,20400
2629,2,152000,48400,43800,1300,4000
2630,2,157200,48300,44200,1300,3700
2631,2,186900,48600,44100,1400,3800
2632,2,161000,48300,44000,1300,3700
2633,2,162300,49000,43800,1300,3700
2634,2,155800,48100,43700,1200,3800
2635,2,158200,52600,44400,1300,2800
2636,2,153800,48300,43900,1300,3700
2637,2,154900,48300,43700,1300,3700
2638,2,176400,48800,44300,1400,3600
2639,2,194100,49100,43600,1400,4000
2640,2,174700,49000,44100,1400,3900
2641,2,162800,48300,44300,1300,3700
2642,2,156700,48100,43700,1300,3700
2643,2,166900,49700,46600,1400,3700
2644,2,165800,50300,44600,1400,3900
2645,2,158700,48800,44900,1400,3700
2646,2,187400,48700,44200,1400,3800
2647,2,160300,48200,44100,1300,3900
2648,2,156400,48400,43900,1400,3800
2649,2,156100,49600,44400,1300,3600
2650,2,177700,48700,44100,1300,3700
2651,2,155600,48000,43700,1200,3700
2652,2,158300,48000,44300,1400,3500
2653,2,197400,48500,44100,1400,4000
2654,2,184300,48700,44200,1400,3900
2655,2,169300,48400,43600,1400,3800
2656,2,166800,48900,44100,1300,3800
2657,2,166000,48600,43600,1300,3900
2658,2,164000,48800,44000,1300,3700
2659,2,188800,48700,44300,1400,3900
2660,2,173100,48400,44000,1300,3800
2661,2,189100,48600,43700,1400,3800
2662,2,176000,48300,43200,1400,3000
2663,2,154300,48400,44400,1300,3000
2664,2,154400,48200,44300,1300,3600
2665,2,152300,48400,43700,1300,3700
2666,2,151000,47600,44300,1200,3700
2667,2,150100,47700,43700,1300,3500
2668,2,163900,52900,44000,1200,3600
2669,2,157600,48300,44200,1400,3600
2670,2,172500,50400,47600,1300,3800
2671,2,215500,54100,47900,2300,4600
2672,2,185500,49900,44600,1500,4600
2673,2,178500,54800,44700,1400,3200
2674,2,218100,53200,47800,2300,4900
2675,2,190100,52600,46800,2300,4400
2676,2,199100,49800,43800,1500,4500
2677,2,168200,49400,44100,1400,4000
2678,2,160500,48300,44300,1400,3900
2679,2,191600,50200,44400,1400,4000
2680,2,174500,48800,44900,1500,3900
2681,2,162600,49500,44200,1400,3700
2682,2,158800,48200,44000,1300,4000
2683,2,159800,48500,44100,1300,3700
2684,2,197600,47800,43900,1400,3900
2685,2,546800,50000,407100,1400,3000
2686,2,543100,61400,382700,1400,4100
2687,2,241000,57400,46400,2300,59800
2688,2,264900,54800,48200,2400,81100
2689,2,189500,51100,44600,1500,21400
2690,2,168700,48600,44000,1500,4200
2691,2,214200,51800,44700,2400,4600
2692,2,170700,49100,44100,1500,4000
2693,2,166400,48800,44000,1400,2900
2694,2,163600,48500,44000,1300,3800
2695,2,203400,49100,44100,1400,3900
2696,2,193600,49000,45600,1400,4100
2697,2,164300,50500,44800,1400,3700
2698,2,182400,50300,45400,1400,3700
2699,2,184000,48900,43500,1400,3800
2700,2,171100,49100,44700,1300,3800
2701,2,161700,48700,43900,1400,3700
2702,2,156100,48100,44200,1400,3600
2703,2,160700,48300,44400,1400,3600
2704,2,159100,48000,43600,1300,3800
2705,2,164000,48500,43900,1300,3800
2706,2,199400,49000,44300,1400,3900
2707,2,156000,48300,43600,1300,3700
2708,2,158400,48400,43700,1300,3700
2709,2,158300,52700,44400,1300,2800
2710,2,182800,48800,43900,1300,3800
2711,2,158700,49000,43900,1300,3700
2712,2,157300,47800,44100,1300,3600
2713,2,161600,53000,44400,1200,2700
2714,2,159000,48100,43600,1400,3700
2715,2,199500,49500,43800,1400,4000
2716,2,184700,48200,44200,1300,3900
2717,2,159800,48900,44100,1300,3900
2718,2,159200,48300,44200,1300,3700
2719,2,193000,48700,50200,1300,3900
2720,2,172300,49300,44100,1400,3800
2721,2,183100,48500,44300,1300,2900
2722,2,178500,48800,44500,1400,3700
2723,2,151800,47300,44200,1300,3500
2724,2,145900,47300,43700,1200,3500
2725,2,147700,47700,43800,1300,3500
2726,2,147700,47800,43900,1300,3500
2727,2,147400,48000,43500,1200,3400
2728,2,149500,47700,44100,1200,3500
2729,2,155000,48300,44300,1300,3600
2730,2,157900,48400,43900,1400,3700
2731,2,162300,48600,43800,1300,3600
2732,2,163100,48900,43600,1400,3800
2733,2,166900,48800,43900,1300,3800
2734,2,183500,48700,45300,1300,4000
2735,2,167200,49300,45900,1500,3900
2736,2,190900,48500,44100,1500,4100
2737,2,167500,48400,44100,1400,4000
2738,2,152800,48200,44000,1300,3700
2739,2,186600,48800,44200,1400,3800
2740,2,177500,48600,44900,1400,3900
2741,2,163400,48400,43900,1400,3800
2742,2,164300,48500,44100,1300,3800
2743,2,158700,48600,43400,1300,3700
2744,2,167600,54400,44500,1300,3900
2745,2,160100,47300,44300,1400,2900
2746,2,565600,50200,385500,1400,4000
2747,2,528800,57200,384500,1400,4200
2748,2,218300,55000,44200,1400,57400
2749,2,213600,51300,44100,1500,61200
2750,2,175900,50500,43900,1500,18900
2751,2,191700,49800,44000,1500,4100
2752,2,163900,48800,43700,1400,3800
2753,2,172600,50700,50400,4800,3800
2754,2,175200,50900,46900,1300,3700
2755,2,192600,58700,48900,2400,4300
2756,2,168900,49600,44400,1500,4400
2757,2,162300,49200,43900,1400,4100
2758,2,186800,54000,44200,1400,3900
2759,2,185800,49100,44200,1400,3900
2760,2,171500,48300,44600,1400,3800
2761,2,160900,48100,44200,1400,3700
2762,2,154400,48300,44200,1300,3800
2763,2,161100,48600,44300,1400,3800
2764,2,163100,48500,43900,1300,3800
2765,2,170000,49000,44300,1500,3900
2766,2,195400,48500,44000,1400,3900
2767,2,165100,48700,43900,1400,3800
2768,2,165600,48800,44500,1300,3900
2769,2,154500,48700,44100,1400,3700
2770,2,185300,48800,44300,1300,3900
2771,2,164400,48400,42800,1400,3800
2772,2,167400,48300,44100,1400,3800
2773,2,164600,48600,43800,1400,3800
2774,2,164800,48200,44100,1400,3900
2775,2,167800,48600,43500,1400,4000
2776,2,170500,49100,44000,1500,3800
2777,2,201700,48700,43800,1500,3100
2778,2,196400,51500,46300,1300,3900
2779,2,200700,48800,43500,1400,3800
2780,2,219400,49400,44000,1400,4000
2781,2,221300,49100,44000,1400,4000
2782,2,186200,49300,47000,1300,3800
2783,2,149300,49800,43700,1200,3700
2784,2,147900,48100,44000,1200,3600
2785,2,148700,47900,44400,1300,3600
2786,2,150400,51400,44500,1300,2700
2787,2,147200,47800,43800,1300,3500
2788,2,148400,48000,43000,1300,3500
2789,2,155500,51900,44200,1300,2700
2790,2,163200,53200,44300,1400,2800
2791,2,163000,48200,43800,1400,3700
2792,2,159000,48400,43700,1400,3700
2793,2,167400,53400,44100,1300,2700
2794,2,180300,48900,43700,1400,3800
2795,2,159900,47900,43900,1300,2800
2796,2,189300,48600,44200,1400,3700
2797,2,165000,48300,44100,1300,3800
2798,2,157800,48200,43600,1300,3700
2799,2,191400,48800,44000,1400,4000
2800,2,164600,48000,44000,1300,3900
2801,2,154600,47800,43400,1300,3800
2802,2,156600,48300,44200,1300,3900
2803,2,156600,48400,43600,1300,3700
2804,2,157500,47900,44400,1300,3700
2805,2,157400,48400,44000,1400,3700
2806,2,190100,47200,52600,1300,3800
2807,2,498000,50400,382100,1400,3900
2808,2,544500,57000,383900,1400,4200
2809,2,240800,59500,44200,1400,57500
2810,2,219100,50100,44100,1400,62200
2811,2,206000,50700,44100,1600,19800
2812,2,162600,48700,44200,1400,4000
2813,2,159200,48100,44400,1300,3700
2814,2,157300,47700,43800,1300,3800
2815,2,156200,48200,44200,1400,3800
2816,2,154100,48100,44100,1300,3600
2817,2,155100,48000,43700,1400,3700
2818,2,172500,48300,43800,1400,2700
2819,2,177800,48100,43600,1400,3500
2820,2,162900,47700,43400,1400,3600
2821,2,154400,48400,44200,1400,3700
2822,2,157700,55300,44400,1300,3600
2823,2,153700,48000,44800,1400,3700
2824,2,158700,48500,44200,1400,3600
2825,2,172800,50100,44200,1400,3900
2826,2,195200,49000,44200,1300,4000
2827,2,174900,50200,44700,1400,3800
2828,2,162700,48600,43900,1400,3800
2829,2,159600,48500,43000,1400,3700
2830,2,192100,50000,45100,1400,3800
2831,2,155600,48500,44000,1300,3900
2832,2,160300,48800,43900,1300,3900
2833,2,163100,48500,44500,1400,3800
2834,2,164100,48400,44100,1500,4900
2835,2,164100,48700,44000,1400,3800
2836,2,165400,48600,44000,1400,3800
2837,2,164600,48400,44000,1400,3800
2838,2,166500,49100,43500,1400,3800
2839,2,240500,54500,46800,1400,4000
2840,2,222100,49900,44200,1400,4200
2841,2,194300,52300,46100,1300,3900
2842,2,182400,48900,44300,1400,3800
2843,2,149800,47700,44100,1300,3700
2844,2,150100,48000,44200,1300,3500
2845,2,150000,47800,44100,1300,3600
2846,2,150200,48000,44200,1300,3600
2847,2,150000,48000,44000,1300,3600
2848,2,156000,48300,47600,1300,3700
2849,2,155600,48400,44000,1300,3700
2850,2,160900,48800,43800,1300,3800
2851,2,166500,48900,44100,1300,3800
2852,2,159400,48000,44200,1400,3800
2853,2,161500,48300,44000,1300,3800
2854,2,177600,49100,44200,1400,3900
2855,2,160000,48300,43800,1400,3800
2856,2,196400,48900,44000,1400,3900
2857,2,173000,49000,43500,1400,3900
2858,2,164000,48500,44100,1400,3800
2859,2,193400,49000,43900,1400,3800
2860,2,179200,48900,44100,1300,3800
2861,2,167200,48600,43800,1400,3800
2862,2,155800,48500,43900,1300,3600
2863,2,160100,48300,44200,1400,3700
2864,2,162400,48300,44200,1300,3800
2865,2,204200,48800,43900,1500,3900
2866,2,221100,49600,43700,1400,4000
2867,2,151200,46500,44400,1200,3700
2868,2,499000,49000,382700,1300,3700
2869,2,502600,56600,379900,1400,4100
2870,2,264800,54300,44100,1400,56600
2871,2,273200,51100,44600,1500,62400
2872,2,181600,50000,44600,1400,20400
2873,2,158900,48600,43700,1300,4000
2874,2,157600,48600,43600,1300,3800
2875,2,157000,48200,44100,1300,3700
2876,2,154200,48200,44200,1300,3700
2877,2,154700,48200,43900,1300,3600
2878,2,175700,48000,44200,1400,3700
2879,2,179700,47900,43800,1400,3800
2880,2,167100,48700,44200,1300,3700
2881,2,153800,48100,43800,1400,3600
2882,2,152700,51000,44300,1300,3500
2883,2,161500,47900,53700,1400,3600
2884,2,153100,49000,44000,1300,3700
2885,2,156300,48500,44200,1400,3600
2886,2,184200,48700,44000,1400,3600
2887,2,160400,47700,43800,1300,3700
2888,2,156800,48200,43800,1400,3700
2889,2,159600,48200,43800,1300,3700
2890,2,181400,49400,44300,1400,3700
2891,2,158800,48000,44200,1300,3700
2892,2,163900,48900,43600,1400,3800
2893,2,150900,47900,42800,1300,3500
2894,2,157200,48800,44100,1400,3700
2895,2,162000,49000,44000,1400,3600
2896,2,165600,48700,44100,1300,3800
2897,2,161400,48500,43500,1400,3800
2898,2,162000,49000,44000,1300,3700
2899,2,185900,48900,43600,1300,3900
2900,2,183200,48600,44400,1400,2900
2901,2,223100,49100,44300,1500,3200
2902,2,201700,49100,44000,1400,3900
2903,2,148300,48000,43800,1300,3500
2904,2,147600,47700,43900,1200,3600
2905,2,147100,47400,43800,1200,3500
2906,2,148000,47600,44300,1200,3500
2907,2,147700,47500,44100,1200,3600
2908,2,150600,47900,44300,1200,3600
2909,2,157200,47900,44400,1300,3600
2910,2,166900,48700,44200,1300,3700
2911,2,167900,48600,44300,1400,3700
2912,2,165600,48800,43800,1400,3800
2913,2,165900,48800,44600,1400,3700
2914,2,177100,48600,44000,1400,3200
2915,2,159800,48900,44200,1400,3800
2916,2,187100,48700,45300,1400,3800
2917,2,166000,48700,43700,1300,4000
2918,2,160900,48600,44000,1300,3900
2919,2,190000,48700,44200,1400,3800
2920,2,175500,52900,44700,1400,3000
2921,2,162700,48800,43700,1400,3800
2922,2,158300,48300,44200,1400,3100
2923,2,164300,48800,43700,1500,3800
2924,2,154900,48500,43400,1300,3800
2925,2,163900,48700,46800,1400,3800
2926,2,197200,49900,51800,3400,3900
2927,2,160500,48700,43900,1400,2700
2928,2,156700,46900,44300,1400,3900
2929,2,494300,49500,384400,1400,2800
2930,2,506800,56800,379000,1400,4200
2931,2,251300,54600,44300,2000,55900
2932,2,267800,51300,44700,1500,62400
2933,2,203400,50500,44000,1500,20600
2934,2,165700,53400,44400,1400,3800
2935,2,157200,47600,44100,1300,3800
2936,2,158300,48400,44200,1400,3800
2937,2,157600,48200,44000,1300,3600
2938,2,176500,48600,43600,1500,3800
2939,2,182700,48500,44100,1400,3900
2940,2,169800,49000,44200,1400,3800
2941,2,164400,47800,44100,1400,3800
2942,2,156600,48100,44000,1300,3700
2943,2,154600,48000,44200,1400,2900
2944,2,159700,48000,43800,1300,3700
2945,2,164400,48700,44000,1400,3700
2946,2,188700,48900,44200,1300,3800
2947,2,158900,48100,43900,1400,3800
2948,2,156900,48000,43900,1300,3700
2949,2,161200,48500,43800,1400,3700
2950,2,224600,49100,44000,1400,3900
2951,2,196300,49100,44000,1400,4000
2952,2,161900,48400,44200,1300,3900
2953,2,162700,48400,43900,1300,3700
2954,2,168600,48300,43900,1300,3800
2955,2,156900,48300,44300,1300,3900
2956,2,162700,48400,44300,1400,3900
2957,2,162000,48400,44100,1400,3700
2958,2,165300,48800,43900,1300,3800
2959,2,203000,48800,44200,1400,3900
2960,2,171600,49100,44300,1500,3700
2961,2,189300,48800,44100,1300,3700
2962,2,184800,49400,45800,1400,2900
2963,2,206700,51100,45400,1500,2900
2964,2,186000,60900,42900,1300,3800
2965,2,149900,48600,43900,1300,3700
2966,2,145700,47500,43600,1300,2700
2967,2,196400,53200,45100,4700,3500
2968,2,154600,48800,44500,1300,3900
2969,2,193500,55700,44600,1700,4100
2970,2,163100,47900,45300,1400,4000
2971,2,166100,48900,44200,1300,3900
2972,2,160700,49600,44200,1400,3900
2973,2,163600,49300,44800,1300,3700
2974,2,185400,48400,43800,1400,3900
2975,2,158400,48600,44200,1300,3900
2976,2,184500,48500,43500,1400,3700
2977,2,157000,48300,44200,1300,3700
2978,2,151800,48000,44100,1300,3600
2979,2,180100,48200,43600,1400,3800
2980,2,171600,48500,44600,1300,3800
2981,2,159600,48800,44400,1300,3700
2982,2,160600,48300,45400,1300,3700
2983,2,159300,48400,43800,1300,3600
2984,2,157900,48100,44300,1200,3000
2985,2,169900,48500,44400,1400,3800
2986,2,180300,48800,45100,1300,3700
2987,2,153700,48500,45400,1400,3600
2988,2,160100,47700,44700,1400,3700
2989,2,156300,48300,44000,1300,3600
2990,2,510900,49700,391900,1400,3600
2991,2,585200,61300,386300,1800,4200
2992,2,229900,54800,44400,1500,57100
2993,2,228500,50700,43600,1500,62600
2994,2,225300,50800,43900,1500,20600
2995,2,194500,49100,43900,1400,3200
2996,2,162200,48800,44200,1400,3800
2997,2,165300,49100,44200,1400,3800
2998,2,182500,48800,44500,1300,3700
2999,2,185400,48200,44300,1400,3900
3000,2,170700,48600,44100,1300,4000
3001,2,158500,47900,44400,1300,3800
3002,2,152000,48100,44300,1300,3800
3003,2,156900,48500,44100,1400,3700
3004,2,157100,49300,44300,1400,3800
3005,2,159100,48400,44000,1400,3800
3006,2,194400,49000,44300,1400,3800
3007,2,156300,48100,44200,1400,2800
3008,2,154300,47500,45700,1300,3700
3009,2,190300,72400,52300,2300,3600
3010,2,237900,57000,48000,2300,4900
3011,2,192700,52300,45400,2400,4700
3012,2,173600,49800,44500,1600,4000
3013,2,166300,48900,44600,1400,3900
3014,2,172700,48900,44700,1400,3800
3015,2,169200,48800,44600,1400,3900
3016,2,179700,49500,43600,1400,3900
3017,2,166900,49600,44400,1400,3900
3018,2,164800,48900,43300,1500,3800
3019,2,195900,49300,44400,1400,4000
3020,2,182300,49000,45300,1300,4000
3021,2,195900,48900,44600,1400,3900
3022,2,185700,49200,44600,1400,3900
3023,2,156500,48600,45100,1300,3900
3024,2,157100,48800,44900,1400,3700
3025,2,195100,49100,44600,1400,3800
3026,2,181400,49100,44300,1300,3900
3027,2,157300,48300,44900,1400,3600
3028,2,158000,48900,44900,1300,3700
3029,2,164700,48800,44900,1400,3800
3030,2,171200,49100,44600,1300,3900
3031,2,172100,49600,44800,1400,3800
3032,2,164600,49200,44500,1400,3800
3033,2,168900,48800,44900,1300,3800
3034,2,188300,49300,44600,1400,4000
3035,2,202400,49600,44300,1400,3900
3036,2,224800,50300,43700,1400,4000
3037,2,160000,48700,45100,1300,3800
3038,2,153600,48500,44700,1400,3600
3039,2,182000,48600,45200,1400,3800
3040,2,166500,48800,43900,1400,3700
3041,2,156800,48700,45100,1300,3600
3042,2,160400,49000,44800,1300,3700
3043,2,159600,48500,44800,1300,3600
3044,2,162400,48600,44300,1400,3800
3045,2,164000,49000,44800,1400,3800
3046,2,189000,49200,44900,1400,3800
3047,2,161800,48600,44400,1300,3900
3048,2,156000,51200,43800,1300,3800
3049,2,159400,49600,45300,1300,3700
3050,2,160900,47300,44600,1400,3600
3051,2,538800,50400,388400,1400,3800
3052,2,536900,57700,398900,1500,4200
3053,2,225400,55300,44800,1500,57900
3054,2,226000,51700,45300,1500,61900
3055,2,182500,50500,45100,1400,20600
3056,2,201100,49600,45000,1400,4100
3057,2,183100,49500,45100,1400,4000
3058,2,179800,49000,45100,1300,3800
3059,2,184000,48900,45300,1300,3800
3060,2,169400,49300,44400,1400,3800
3061,2,158000,48800,44900,1400,3800
3062,2,151300,48200,45000,1300,3600
3063,2,154100,48500,44800,1300,3700
3064,2,154100,48600,44700,1300,3700
3065,2,157700,48600,44500,1300,3700
3066,2,186500,49300,44500,1400,3800
3067,2,158100,48600,44900,1400,3800
3068,2,152700,48600,44600,1300,3600
3069,2,152200,48300,44600,1300,3500
3070,2,179900,48900,45000,1300,3800
3071,2,157800,48800,45100,1300,3800
3072,2,158000,48800,45300,1200,3800
3073,2,160800,48700,44900,1300,3700
3074,2,162000,48600,45100,1300,3800
3075,2,165100,48900,44400,3000,3800
3076,2,169100,49500,45000,1400,3800
3077,2,170000,49100,45000,1300,3900
3078,2,172900,49600,44400,1400,4000
3079,2,195900,54000,45200,1400,2900
3080,2,184800,50000,44900,1400,3900
3081,2,198100,49300,45000,1400,3900
3082,2,192500,49200,44500,1400,3900
3083,2,160100,48900,44900,1300,3800
3084,2,158600,48200,44700,1400,3800
3085,2,155600,48500,44800,1400,3700
3086,2,158200,48600,45000,1400,3700
3087,2,196400,48900,46300,1400,3900
3088,2,197000,62000,49100,1400,3900
3089,2,159500,49100,45100,1300,3800
3090,2,164000,48900,44900,1300,3800
3091,2,175100,51000,49500,1400,3800
3092,2,184000,53000,46800,1400,3900
3093,2,169300,49500,44600,1400,3900
3094,2,185200,50500,44800,1400,3900
3095,2,162700,49100,45900,1400,3800
3096,2,192800,49400,45000,1500,3900
3097,2,165000,50800,44700,1300,3900
3098,2,155700,48000,45200,1300,3800
3099,2,184700,48900,45300,1400,3800
3100,2,169000,48800,44700,1400,3800
3101,2,156000,48700,44400,1300,3700
3102,2,159500,50300,46100,1300,3700
3103,2,157700,48900,44800,1300,3700
3104,2,163200,49100,45000,1400,3700
3105,2,166500,49200,46400,1300,3700
3106,2,195000,49500,45000,1400,3900
3107,2,159500,49200,44200,1400,3700
3108,2,163100,49000,45200,1300,3700
3109,2,165300,49300,44500,1400,3900
3110,2,162000,49500,44800,1400,3700
3111,2,194500,48000,44800,1300,4000
3112,2,514900,49900,383300,1400,3800
3113,2,522400,61900,379900,1400,3000
3114,2,228500,53800,45000,1500,55700
3115,2,229900,51200,45200,1400,62400
3116,2,184700,51000,44900,1500,20600
3117,2,166800,49300,44400,1400,4100
3118,2,225600,50000,44900,1400,4000
3119,2,215000,49300,45000,1400,4000
3120,2,214600,49300,44500,1400,3900
3121,2,197200,49300,44900,1400,4000
3122,2,152300,48600,44900,1300,3800
3123,2,164500,49200,44800,1400,2800
3124,2,154700,48300,44900,1300,3800
3125,2,163200,49000,44800,1300,3700
3126,2,186800,49100,44500,1300,3700
3127,2,158200,48600,44700,1300,3700
3128,2,152500,48300,44900,1300,3500
3129,2,152600,48200,45000,1300,3600
3130,2,176900,48800,44500,1400,3600
3131,2,155500,48700,44900,1300,3600
3132,2,156000,48900,44700,1400,3500
3133,2,156300,49100,44700,1300,3600
3134,2,157500,48300,45100,1300,3700
3135,2,163500,49200,44700,1400,3800
3136,2,167300,48700,44800,1400,3800
3137,2,167500,49000,44900,1400,3700
3138,2,173000,49400,48600,1300,3800
3139,2,193000,49300,44900,1400,4000
3140,2,183300,49600,45000,1400,4000
3141,2,186200,49300,45700,1300,4000
3142,2,181500,48800,45000,1400,3800
3143,2,153500,48300,44600,1400,3700
3144,2,155200,48100,44600,1300,3700
3145,2,156000,48600,44700,1400,3600
3146,2,153300,48900,44900,1300,3700
3147,2,153900,48700,44800,1300,3600
3148,2,155600,48200,44300,1400,3500
3149,2,197200,49500,44100,1400,3800
3150,2,185800,49100,44800,1400,3900
3151,2,165900,49100,45000,1400,3800
3152,2,160400,48800,45000,1300,3700
3153,2,161900,48900,44300,1300,3700
3154,2,180400,49100,44800,1400,3900
3155,2,158200,48800,44800,1400,3800
3156,2,184200,49200,44600,1500,3800
3157,2,159600,49100,44800,1300,3700
3158,2,157000,48200,44900,1300,3600
3159,2,181800,48900,45000,1300,3700
3160,2,170000,48600,48900,1300,3800
3161,2,154900,48500,45400,1400,3500
3162,2,153300,48300,44900,1300,3600
3163,2,153500,48100,44700,1300,3600
3164,2,159700,48900,44800,1400,3700
3165,2,166100,49100,44800,1400,3700
3166,2,190300,49500,44800,1400,3900
3167,2,168600,53600,45200,1400,2800
3168,2,165000,49300,44700,1300,3800
3169,2,161300,49000,44500,1400,3800
3170,2,168000,49200,44900,1300,3900
3171,2,200400,49600,44700,1500,3900
3172,2,163600,47800,44400,1400,4000
3173,2,509700,50500,385800,1300,4000
3174,2,514800,57100,383900,1400,4200
3175,2,278500,66200,48300,2400,88500
3176,2,286100,56500,46100,2300,93400
3177,2,205900,53200,45400,2300,21800
3178,2,227900,57400,47100,2400,4700
3179,2,231600,54300,47500,2400,4600
3180,2,229900,51500,46500,1600,4400
3181,2,190900,49900,45000,1500,4000
3182,2,157400,49000,44800,1400,3800
3183,2,157300,49400,45400,1400,3700
3184,2,158900,49200,45700,1400,3700
3185,2,161600,48200,44200,1300,3700
3186,2,193100,53300,44900,1300,2800
3187,2,159500,48600,43900,1400,3700
3188,2,153700,48600,44000,1300,3700
3189,2,153700,48300,44500,1300,3700
3190,2,181800,48700,44400,1300,3800
3191,2,157500,48200,43800,1400,3700
3192,2,156700,48400,44100,1400,3800
3193,2,157100,47900,44400,1300,3700
3194,2,157600,48200,43800,1200,3700
3195,2,161000,48400,43800,1500,3800
3196,2,169300,48700,44000,1300,3800
3197,2,172700,48500,44100,1300,3800
3198,2,172200,48800,44100,1300,3900
3199,2,205400,48700,44200,1400,4000
3200,2,185300,48800,44400,1400,4000
3201,2,196400,49200,43700,1400,3900
3202,2,193800,49300,44500,1400,4000
3203,2,165300,48200,55500,1400,3800
3204,2,157600,48900,44400,1500,3800
3205,2,194600,48700,44200,1400,3100
3206,2,189600,49100,43900,1500,3900
3207,2,154900,48700,44100,1300,3700
3208,2,152200,48000,43900,1300,3700
3209,2,161800,48400,43900,1300,3600
3210,2,171400,48500,45200,1400,3800
3211,2,224600,51700,45400,2300,4800
3212,2,190800,49600,44500,1400,4100
3213,2,166400,49400,44600,1300,3800
3214,2,186000,49300,45200,1300,3900
3215,2,163100,49000,44100,1400,3800
3216,2,188500,49000,45100,1400,3900
3217,2,159500,49000,44400,1400,3800
3218,2,153000,48100,44700,1300,3500
3219,2,181200,48600,44600,1300,3800
3220,2,166200,49100,44200,1400,3800
3221,2,154800,48200,45000,1200,3700
3222,2,156200,51100,44600,1400,3700
3223,2,151900,47800,44200,1300,3500
3224,2,153400,48100,44400,1300,3700
3225,2,155500,48000,44100,1400,3700
3226,2,180600,48800,44200,1300,3800
3227,2,150900,47600,44200,1300,3600
3228,2,156900,48300,44000,1300,3700
3229,2,158200,49400,44300,1300,3700
3230,2,165400,48600,44700,1400,3800
3231,2,193300,48700,44600,1400,3900
3232,2,168700,48800,43600,1300,3900
3233,2,170700,47900,44200,1400,4000
3234,2,535100,49200,420400,1300,3700
3235,2,525400,58500,394900,2600,4200
3236,2,233800,56100,44500,1600,59200
3237,2,225500,51200,43700,1500,62800
3238,2,209500,57100,45000,1500,19300
3239,2,187300,48700,44200,1400,4200
3240,2,176300,52700,44300,1400,3000
3241,2,167800,49000,45200,1400,3700
3242,2,197200,48900,44200,1400,4000
3243,2,177000,49000,44200,1400,3800
3244,2,154100,48000,44400,1400,3700
3245,2,157100,48400,44100,1400,3700
3246,2,189000,48900,45400,1400,3700
3247,2,156100,48000,43600,1400,3800
3248,2,150800,47900,44400,1400,2800
3249,2,155800,48100,43900,1300,3600
3250,2,186800,48700,44200,1400,3800
3251,2,160100,48200,43900,1300,3700
3252,2,163300,48600,44100,1400,3700
3253,2,158100,48100,43200,1400,3800
3254,2,158200,48300,44100,1300,3800
3255,2,170700,52500,48200,1400,3800
3256,2,184400,52600,53500,1500,3900
3257,2,187900,55300,45500,2400,5500
3258,2,208000,54100,46000,2300,4800
3259,2,207100,50000,45000,1600,4500
3260,2,185400,49400,44900,1400,3900
3261,2,199500,49300,44000,1400,4000
3262,2,192300,49200,44400,1400,3900
3263,2,160600,49000,44300,1400,3800
3264,2,163600,49300,44400,1400,3800
3265,2,151400,48100,44500,1200,3800
3266,2,155000,48400,43700,1300,3800
3267,2,167100,48700,44200,1400,6900
3268,2,159100,48600,44400,1400,3600
3269,2,162300,48000,43800,1300,3800
3270,2,166400,48900,44200,1400,3600
3271,2,172600,49100,44400,1400,3900
3272,2,169400,48700,45100,1400,3900
3273,2,240200,52500,45200,2200,4900
3274,2,258100,61000,46600,2300,4700
3275,2,184900,52100,46100,2300,4800
3276,2,226700,52500,45400,2400,4900
3277,2,165800,49100,44300,1400,4000
3278,2,160600,48400,48400,1300,3800
3279,2,187700,49800,44500,1400,3900
3280,2,169500,48600,44100,1300,3900
3281,2,161400,47900,44200,1400,3700
3282,2,168600,48300,46400,1300,3800
3283,2,157100,48300,44100,1300,3800
3284,2,161800,48400,44000,1400,3600
3285,2,179800,61500,45400,1400,3800
3286,2,202300,55000,46700,2300,3900
3287,2,163700,49500,44600,1300,4400
3288,2,158600,48400,44300,1400,4000
3289,2,158600,48100,44400,1300,3600
3290,2,209200,49300,44400,1400,3000
3291,2,249300,52000,45400,2400,4700
3292,2,176500,49200,44400,1400,4000
3293,2,168400,48600,44400,1400,3900
3294,2,163900,47000,44200,1300,3900
3295,2,586400,49500,461100,1300,3900
3296,2,511500,56900,388600,1500,4200
3297,2,228300,60500,44400,1400,59500
3298,2,247700,51400,44200,1500,63900
3299,2,209400,50500,44500,1500,20600
3300,2,175300,48700,44300,1400,4100
3301,2,158100,48100,44200,1300,3800
3302,2,152800,47900,44100,1200,3700
3303,2,156900,48200,44000,1400,3800
3304,2,194900,48500,44000,1400,3900
3305,2,185400,49000,44100,1300,3900
3306,2,188100,49000,43500,1500,4000
3307,2,156700,48400,44200,1300,3700
3308,2,150700,48200,44000,1300,3700
3309,2,150500,47600,44200,1200,3400
3310,2,177800,48200,44300,1300,3700
3311,2,153800,48300,44300,1300,3700
3312,2,154600,48200,43700,1300,3500
3313,2,154200,47700,44300,1300,3600
3314,2,156900,48500,45900,1300,3600
3315,2,172900,50400,45400,2300,4700
3316,2,188800,53300,45700,2300,4800
3317,2,167100,50200,44700,1400,4000
3318,2,191200,53600,49200,2300,4700
3319,2,194800,49800,44400,1400,4000
3320,2,176500,49300,45300,1500,3800
3321,2,196400,48700,44100,1300,3700
3322,2,190000,48800,43000,1300,3900
3323,2,155400,48600,43600,1400,3700
3324,2,156000,48300,44300,1400,3700
3325,2,155200,47500,44100,1300,3600
3326,2,161500,48200,42900,1300,3700
3327,2,146900,47600,44200,1300,3400
3328,2,154900,49300,44600,1300,3600
3329,2,160200,48100,44100,1300,3700
3330,2,166700,48200,44000,1300,3900
3331,2,168300,48500,44000,1400,3800
3332,2,164100,49700,44900,1400,3900
3333,2,167500,48500,43700,1400,3900
3334,2,190700,49000,44600,1300,3100
3335,2,229900,55100,44700,1400,4000
3336,2,221800,53800,44300,1400,3300
3337,2,170100,48600,44000,1300,3900
3338,2,156100,48100,44100,1300,3600
3339,2,183700,48400,44200,1500,3900
3340,2,168000,48500,43700,1400,3800
3341,2,156500,48700,43800,1300,3700
3342,2,155900,48600,43900,1300,3700
3343,2,155600,48200,44200,1300,3700
3344,2,154700,48200,44000,1400,3600
3345,2,158700,48400,43800,1300,3700
3346,2,197600,48900,44000,1300,10000
3347,2,155000,51700,43900,1300,2800
3348,2,153700,48200,44100,1300,3700
3349,2,152500,48000,44200,1300,3700
3350,2,158400,48100,44200,1300,3800
3351,2,188500,48600,43600,1300,3700
3352,2,169100,48200,44000,1400,3700
3353,2,167300,48400,44000,1300,3800
3354,2,169500,48600,43500,1400,3900
3355,2,163800,47200,44100,1300,3800
3356,2,506200,49600,385200,1400,3900
3357,2,512400,56200,379300,1400,3300
3358,2,244300,54800,47500,1500,57900
3359,2,277400,53400,46100,2400,65800
3360,2,209400,52000,46500,1500,20700
3361,2,171000,49300,44000,1400,4100
3362,2,156500,48300,44200,1400,3900
3363,2,156800,48000,44000,1400,3800
3364,2,159500,48800,44100,1400,3600
3365,2,164300,48800,43500,1400,3100
3366,2,245100,55800,44400,1500,4100
3367,2,191900,49700,45100,1500,3200
3368,2,158100,48300,44200,1400,3800
3369,2,164800,48600,44200,1400,3800
3370,2,185200,48900,44000,1300,3800
3371,2,161200,52400,44600,1400,2700
3372,2,158600,48200,44300,1300,3700
3373,2,162900,47300,44700,1300,3700
3374,2,159500,47600,44600,1300,3800
3375,2,202100,48800,43500,1500,4000
3376,2,197800,49200,44000,1400,4100
3377,2,161400,48800,43600,1400,3900
3378,2,160200,48500,44100,1300,3700
3379,2,187000,48700,43900,1300,3800
3380,2,175200,53400,44400,1400,2900
3381,2,185400,48500,44000,1300,3800
3382,2,181100,48800,44000,1400,3700
3383,2,154800,47700,44200,1300,3600
3384,2,154700,48200,43900,1300,3600
3385,2,155400,48000,44300,1300,3700
3386,2,154600,47800,44100,1300,3700
3387,2,153900,47700,44100,1400,3700
3388,2,161300,48700,44100,1400,3700
3389,2,153600,47700,43900,1300,3700
3390,2,163700,48200,44200,1400,3800
3391,2,168500,49000,43300,1300,3700
3392,2,166000,48400,44300,1400,3800
3393,2,166000,48300,44200,1400,3900
3394,2,180800,48600,44100,1400,4000
3395,2,164700,48700,44300,1400,3900
3396,2,187900,48700,43600,1400,3700
3397,2,201200,49100,44100,1400,3900
3398,2,176300,48600,43900,1400,3800
3399,2,180400,48600,43500,1400,3800
3400,2,165400,48400,44400,1300,3800
3401,2,154800,48400,43900,1300,3700
3402,2,152500,47900,44200,1300,3700
3403,2,151300,47900,44200,1300,3600
3404,2,152300,47600,44300,1300,3600
3405,2,155300,48400,44000,1300,3600
3406,2,180300,49300,45300,1400,3700
3407,2,156700,49800,45900,1300,3700
3408,2,152900,47800,44100,1200,3600
3409,2,149500,47800,44000,1200,3600
3410,2,160400,48100,44700,1300,3600
3411,2,183900,48500,43900,1300,3800
3412,2,160100,48100,44000,1300,3900
3413,2,159700,48400,44300,1400,3700
3414,2,162300,48200,44200,1300,3800
3415,2,161900,48300,43800,1300,3800
3416,2,160800,47200,43900,1300,3700
3417,2,506600,54100,380600,1300,2800
3418,2,557200,57100,409700,1500,4300
3419,2,274900,56500,44500,1700,72200
3420,2,239800,51600,44400,1500,62200
3421,2,184500,50400,44100,1400,20700
3422,2,164300,49400,44100,1400,4200
3423,2,165000,49500,44000,1300,4000
3424,2,161400,48600,43800,1300,3800
3425,2,166600,48500,44000,1300,3800
3426,2,191700,48600,43800,1400,3900
3427,2,169800,50600,43800,1400,3900
3428,2,198100,49000,43700,1400,3900
3429,2,177200,48600,43100,1400,3900
3430,2,182000,48600,44200,1300,3800
3431,2,159100,48200,44000,1300,3700
3432,2,154800,48200,44200,1300,3000
3433,2,159700,48200,44100,1300,3600
3434,2,156900,48200,43700,1400,3800
3435,2,160200,48000,44300,1400,3900
3436,2,163300,48400,44200,1400,3800
3437,2,162100,48500,44200,1300,3800
3438,2,161900,48900,43700,1400,3800
3439,2,201800,48700,44300,1400,3900
3440,2,172500,48300,44000,1400,3800
3441,2,186100,49000,43900,1400,3900
3442,2,178800,48400,43800,1300,4000
3443,2,150400,48200,44000,1300,3800
3444,2,153800,48200,45300,1300,3800
3445,2,156400,48400,43900,1300,3700
3446,2,158000,48300,44000,1300,3700
3447,2,158900,49600,44300,1300,3700
3448,2,161200,48600,44200,1300,3900
3449,2,163800,48700,44100,1300,3900
3450,2,180600,50600,45700,1300,3900
3451,2,178500,49600,46500,1300,4000
3452,2,170500,48700,44300,1300,4000
3453,2,173400,49900,44300,1400,3900
3454,2,192200,49100,44200,1400,3800
3455,2,167700,48600,43900,1400,3900
3456,2,190700,49300,43400,1400,3800
3457,2,164500,48100,44300,1400,3900
3458,2,161300,48600,43500,1400,3700
3459,2,227600,49000,43900,1400,4100
3460,2,234200,49500,44300,1400,4000
3461,2,188700,49300,43300,1400,4000
3462,2,153200,48500,44000,1300,3700
3463,2,151300,47700,44600,1300,3600
3464,2,153900,48000,44200,1300,3600
3465,2,157600,48200,44400,1300,3600
3466,2,179800,48900,43900,1400,3700
3467,2,149600,48100,43900,1400,3700
3468,2,151700,47800,44300,1300,3700
3469,2,150500,47700,44100,1200,3600
3470,2,156500,48300,44800,1400,3700
3471,2,186500,48900,44100,1400,3600
3472,2,160100,48200,43900,1400,3700
3473,2,158100,48300,44500,1300,3500
3474,2,158200,48500,44200,1300,3700
3475,2,156300,48400,43600,1300,3700
3476,2,159700,48200,44000,1300,3800
3477,2,160200,47100,44000,1300,3800
3478,2,537800,49700,400000,1300,3800
3479,2,538800,56500,385000,1500,4200
3480,2,238200,59500,44700,1400,55500
3481,2,227800,51100,43600,1500,62000
3482,2,170300,50400,44200,1500,20200
3483,2,157200,48800,44100,1300,4100
3484,2,158000,48400,44200,1400,3800
3485,2,162500,48700,44100,1300,3700
3486,2,188300,48900,44000,1300,3900
3487,2,163800,53200,43500,1300,3800
3488,2,155000,48300,43800,1300,3700
3489,2,155600,48200,43700,1400,3600
3490,2,218400,49200,44000,1400,3800
3491,2,175800,48900,43400,1500,2900
3492,2,154300,48000,43900,1300,3600
3493,2,153700,47900,43900,1300,3700
3494,2,156900,49200,44300,1200,3700
3495,2,159000,48800,45100,1400,3800
3496,2,163400,48300,44100,1400,3700
3497,2,161000,48500,44600,1300,3600
3498,2,160900,49900,44300,1300,3700
3499,2,186300,49700,44400,1300,3900
3500,2,203000,56600,48100,2200,4800
3501,2,220000,53400,46500,2300,4700
3502,2,187500,49800,44300,1400,4100
3503,2,149100,48000,44400,1200,2700
3504,2,153600,47900,43500,1300,3600
3505,2,160600,48400,44400,1300,4600
3506,2,154400,48100,44000,1300,2900
3507,2,163100,48700,43900,1300,3600
3508,2,161300,48600,43900,1400,3700
3509,2,166600,48900,44400,1400,3800
3510,2,171800,49000,44100,1400,3900
3511,2,174800,48700,44200,1400,4000
3512,2,174800,48900,44400,1400,4000
3513,2,170600,48800,44100,1400,3800
3514,2,192200,49500,44400,1400,4000
3515,2,164900,48900,44400,1400,4100
3516,2,194600,48700,44100,1400,3700
3517,2,169600,48600,48200,1300,3800
3518,2,161400,53100,44300,1300,3800
3519,2,186800,49000,44400,1400,4000
3520,2,172600,48600,43900,1400,3800
3521,2,198400,49000,43900,1400,3900
3522,2,181200,48900,44000,1400,3900
3523,2,154800,48100,43600,1300,3700
3524,2,154600,48300,44100,1300,3800
3525,2,159200,48400,44100,1300,3600
3526,2,183400,48700,44000,1400,3700
3527,2,151900,47900,44000,1300,3700
3528,2,153900,48100,43900,1300,3700
3529,2,179700,48600,43900,1400,3200
3530,2,158800,48300,43900,1400,3800
3531,2,190900,48500,44000,1400,3900
3532,2,164000,48800,44300,1300,3700
3533,2,165600,53000,44300,1400,3800
3534,2,159000,48500,44100,1300,3700
3535,2,160900,48100,43900,1300,3700
3536,2,163900,48700,44000,1300,3900
3537,2,164900,48700,44200,1400,3900
3538,2,185200,47600,44000,1300,3900
3539,2,533100,50000,380700,1400,4000
3540,2,539500,61700,385900,1400,4100
3541,2,229400,54800,44200,1400,57900
3542,2,235700,57800,44200,1500,67100
3543,2,188300,50600,44100,1500,20800
3544,2,160600,48700,44200,1300,4300
3545,2,206000,48800,44500,1400,4100
3546,2,228200,49200,44300,1300,4000
3547,2,162700,48200,43800,1400,3900
3548,2,155100,48200,43700,1300,3600
3549,2,153500,48400,43800,1300,3700
3550,2,182500,48600,44200,1300,3800
3551,2,159700,48300,44200,1400,3800
3552,2,195200,48600,44100,1300,3100
3553,2,179400,48600,44400,1300,3800
3554,2,156400,48100,44100,1300,3800
3555,2,158000,48400,44200,1400,3800
3556,2,160500,48700,44000,1300,3600
3557,2,159500,48600,44100,1300,3700
3558,2,160000,48400,44400,1400,3600
3559,2,186500,48600,44100,1400,3700
3560,2,176000,48900,44500,1300,3900
3561,2,186700,48800,43900,1400,3800
3562,2,178700,48800,44000,1300,3700
3563,2,150200,47600,46500,2800,3600
3564,2,152400,47800,44400,1300,3500
3565,2,146600,47600,43800,1200,3500
3566,2,146900,47400,43800,1200,3400
3567,2,147600,47400,44300,1300,3500
3568,2,151600,47900,44300,1200,3600
3569,2,158400,48200,44100,1300,3700
3570,2,166600,48600,44000,1300,3800
3571,2,175600,48900,44200,1400,3900
3572,2,166300,48900,44500,1300,3700
3573,2,169000,48500,44200,1300,3700
3574,2,189000,48900,44100,1400,3900
3575,2,156500,47900,44300,1400,3800
3576,2,183300,48200,44200,1400,2900
3577,2,162000,48500,43700,1400,3900
3578,2,153700,48000,43700,1400,2900
3579,2,184800,52600,44400,1300,2800
3580,2,167000,48800,43600,1300,3700
3581,2,158900,48400,44400,1300,3700
3582,2,156700,48400,43500,1300,3600
3583,2,194900,48700,44300,1400,3900
3584,2,182600,50400,47100,1400,3900
3585,2,166300,50400,48600,1400,3900
3586,2,181900,48900,45300,1400,3600
3587,2,152200,52100,44700,1300,2700
3588,2,153200,48100,44000,1300,3600
3589,2,154900,48600,43800,1300,3600
3590,2,166900,50300,44400,1300,3700
3591,2,192100,48700,44100,1400,3800
3592,2,169500,48800,44000,1400,3800
3593,2,167500,49600,44100,1300,3700
3594,2,161300,48600,44400,1400,3800
3595,2,158700,48100,44100,1300,3800
3596,2,166700,52900,45200,1400,3700
3597,2,161900,48300,43800,1400,3500
3598,2,177100,49400,44100,1400,3800
3599,2,187500,47100,44800,1400,3800
0,3,2385700,79900,1647000,16200,238800
1,3,754100,78100,526900,2000,66600
2,3,547600,70200,404800,2400,4800
3,3,247800,58700,45300,2600,60700
4,3,242600,50800,43900,2100,68800
5,3,191200,52000,44000,1500,20000
6,3,180500,50600,46300,1400,4400
7,3,231700,51900,45000,2300,4500
8,3,167600,49100,44300,2100,4100
9,3,263200,49300,44100,1300,3900
10,3,606100,50900,45000,1500,4300
11,3,582900,51700,49300,2200,4400
12,3,573200,53900,44600,2300,5100
13,3,560400,52000,45400,2400,4800
14,3,189700,52700,44800,2400,4800
15,3,173800,49900,44400,1500,4100
16,3,169500,49500,43600,1900,4300
17,3,166700,49500,44300,1300,4000
18,3,243600,50900,46700,1700,4400
19,3,204500,51100,44000,1600,4200
20,3,213800,49300,44100,1400,4200
21,3,196400,48600,43900,1400,4100
22,3,195900,49600,45000,1400,4000
23,3,154200,48400,46500,1300,3900
24,3,154800,48600,44600,1200,3900
25,3,154100,48700,44000,1300,3700
26,3,153300,48400,43800,1200,4200
27,3,155400,48500,44400,1300,3800
28,3,153400,48600,43400,1400,3800
29,3,163200,49100,44200,1400,3900
30,3,171100,50700,44200,1400,4300
31,3,186400,51800,45400,2400,4800
32,3,171900,49600,44000,2000,4300
33,3,169000,49400,44000,1400,4100
34,3,192300,49300,45200,1400,4100
35,3,193100,51300,46900,2300,4900
36,3,242100,54400,52700,2400,4800
37,3,191700,51400,46900,1600,4800
38,3,168400,49600,44100,1300,4100
39,3,194800,49700,44800,1400,4100
40,3,205800,56300,46600,1800,4400
41,3,174700,50000,45300,1400,4100
42,3,169000,49200,44100,1500,4400
43,3,166100,48600,43900,1300,4100
44,3,159700,48400,43800,1400,4000
45,3,169500,49900,44300,1300,4500
46,3,190700,50500,45400,1400,4100
47,3,161600,48600,44400,1400,3900
48,3,173900,54300,48500,1300,4100
49,3,207800,49200,44000,1400,4200
50,3,188700,48900,43900,1500,4300
51,3,239100,53700,47100,3600,5000
52,3,198700,55200,46400,2300,4600
53,3,177900,50200,44400,1400,4500
54,3,176700,49000,44300,1400,4400
55,3,166300,48800,44000,1400,4000
56,3,163300,49400,44000,1400,4100
57,3,169200,55500,44500,1400,3800
58,3,209200,51200,45300,2400,5200
59,3,196400,53300,44200,1500,3100
60,3,247500,49600,43700,1500,4200
61,3,216100,48500,44200,1400,4000
62,3,511000,51500,393000,1400,4000
63,3,508300,57500,387400,1400,4100
64,3,241100,58700,45700,3100,67800
65,3,234600,51300,44300,1600,65300
66,3,215900,51000,43600,1400,21200
67,3,167700,49100,44700,1400,3000
68,3,164600,49900,47000,1400,4000
69,3,161100,49300,44400,1300,3900
70,3,183800,49200,44100,1400,3300
71,3,167300,49000,44200,1300,3900
72,3,156000,48100,43900,1300,4000
73,3,164800,50000,43800,1300,4400
74,3,171000,51100,46800,1300,4200
75,3,179400,53900,49300,2400,4100
76,3,177900,51700,45300,1500,4600
77,3,170000,51800,45500,1400,4100
78,3,169100,50500,44200,1400,4000
79,3,196200,50000,43700,1400,4100
80,3,235500,50700,45200,1700,4400
81,3,231200,52200,44300,2400,4900
82,3,188000,49900,44100,1400,4100
83,3,149500,48300,43700,1300,3800
84,3,152500,48800,44800,1300,3800
85,3,160600,55000,47300,1400,3700
86,3,151100,49100,44700,1300,3800
87,3,149000,47900,44100,1200,3600
88,3,151400,48200,44100,1200,4000
89,3,156100,48500,43700,1300,3800
90,3,163600,49900,44600,1400,4100
91,3,172300,50600,46100,1400,4100
92,3,171400,49900,45400,1500,4500
93,3,164600,48800,44200,1400,4000
94,3,185300,49000,44100,1300,3900
95,3,157300,48700,43400,1300,3900
96,3,200800,49600,44800,1400,3900
97,3,168100,50500,46300,1200,3900
98,3,162000,48600,44000,1300,4000
99,3,186600,48500,44100,2000,2900
100,3,174500,48900,43900,1300,4200
101,3,161300,48600,44000,1300,3800
102,3,164800,48800,43900,1200,4100
103,3,154100,48400,43900,1200,3800
104,3,165100,48900,44000,1300,4100
105,3,179500,49100,44600,1400,3900
106,3,185400,49200,43600,1500,4200
107,3,166000,49300,44700,1200,4000
108,3,172300,49900,45300,1400,4400
109,3,169000,49500,45500,1500,4100
110,3,161300,48300,43600,1400,3300
111,3,232800,49700,43500,1300,4100
112,3,192600,48900,44000,1300,4400
113,3,167500,50100,44600,1400,3900
114,3,164600,50400,46100,1300,4000
115,3,165700,51200,44200,2300,4000
116,3,168200,49300,44500,1500,4700
117,3,159400,48800,44100,1300,4100
118,3,182200,48600,44300,1300,4000
119,3,189200,49200,43800,1400,4100
120,3,183800,54700,46100,1400,3900
121,3,173500,51500,45300,2400,4600
122,3,157900,47400,44300,1400,4300
123,3,500000,51400,384600,1400,3900
124,3,512900,60700,380900,1400,4300
125,3,224600,54700,44600,1500,58800
126,3,280700,53900,47200,1800,82200
127,3,204100,52500,47000,1600,24600
128,3,174400,51600,45300,2300,3900
129,3,185200,50500,45200,1400,8000
130,3,192600,49400,45200,1500,4100
131,3,172200,49800,45000,1300,3900
132,3,166400,50400,46000,1400,2900
133,3,172700,50600,43600,1400,4000
134,3,161400,48900,44400,1300,3900
135,3,170900,53300,44400,1400,3100
136,3,180000,54700,44500,1400,3000
137,3,176800,53600,44500,1400,3100
138,3,177300,50700,44800,1400,4100
139,3,201600,49900,44000,1400,4000
140,3,184600,49400,43700,1400,4000
141,3,207800,55100,45900,1400,3900
142,3,229600,48800,46200,1400,4100
143,3,193700,55500,45800,1400,4100
144,3,160500,50400,44500,1300,3800
145,3,202700,51500,47500,1400,4100
146,3,194100,51700,47100,1400,3900
147,3,161700,51300,49500,1200,3900
148,3,160000,50600,47400,1300,3800
149,3,171500,51800,51100,1300,3900
150,3,169600,50900,46900,1300,3900
151,3,174000,51800,47100,1300,4000
152,3,169900,50900,46700,1300,3800
153,3,183600,55200,49200,2400,4000
154,3,217500,54400,48200,2400,4700
155,3,165600,49100,44200,1500,4200
156,3,193600,50000,45500,1400,4000
157,3,161200,51300,43900,1300,3900
158,3,160600,50100,46400,1200,3800
159,3,198600,51300,46000,1500,4000
160,3,185700,51600,46700,1500,4100
161,3,166900,50800,43500,1400,4000
162,3,156400,47700,44100,1400,2800
163,3,160500,47900,43700,1300,3900
164,3,174700,49200,47400,1400,3900
165,3,177300,52400,45800,2300,4700
166,3,213400,55700,46900,2300,4900
167,3,170400,50600,46400,1600,4000
168,3,155500,48400,44400,1300,3900
169,3,159400,48500,43500,1400,3800
170,3,166000,50500,44700,1300,3900
171,3,218800,52300,46400,1800,4200
172,3,178200,49500,46500,1400,4100
173,3,204700,49500,44000,1300,4200
174,3,184600,49400,43600,1300,4100
175,3,161600,49500,44100,1300,3900
176,3,157800,49200,44800,1300,3800
177,3,162600,50400,45800,1300,4000
178,3,180600,48700,44200,1300,3900
179,3,184500,48700,44400,1400,3900
180,3,169800,48800,44200,1400,3900
181,3,157700,53300,44400,1200,3000
182,3,156600,51000,45700,1300,3800
183,3,151900,47700,43200,1300,3900
184,3,574700,49400,457300,1300,3700
185,3,511600,58600,384900,1500,4200
186,3,252100,54300,44300,1500,60500
187,3,224300,50900,44000,1500,64900
188,3,177600,56000,45100,1400,18800
189,3,166700,50900,43700,1400,4100
190,3,212800,51400,45600,2400,4700
191,3,174800,49300,43800,1500,4200
192,3,173400,49200,44300,1400,4000
193,3,170800,50100,44900,1300,3900
194,3,179200,51200,47100,1500,4000
195,3,182300,49800,46500,1900,4100
196,3,164600,49200,43900,1300,4000
197,3,171300,51000,45600,1400,4000
198,3,231900,79000,52000,2500,4600
199,3,230000,52800,47600,2400,4600
200,3,203000,54000,46300,1600,4200
201,3,207100,49600,45600,1500,4200
202,3,218000,51700,45300,2400,4400
203,3,171800,57900,45400,1500,4200
204,3,221800,52500,48500,1700,4400
205,3,246700,62800,48200,2500,4300
206,3,180100,53200,46100,2300,4600
207,3,177000,53800,45500,2400,4800
208,3,189900,61600,48800,2400,4700
209,3,194800,60300,47200,2400,4600
210,3,205400,58700,47000,2400,4700
211,3,245100,70100,46800,2500,4900
212,3,177900,50100,45000,1500,4600
213,3,173200,50100,45800,1400,4100
214,3,230700,59700,47800,2300,4300
215,3,177400,52600,46100,1400,4200
216,3,217000,52700,44900,1400,4100
217,3,209400,52600,46100,2300,3700
218,3,168700,51200,46300,1300,4000
219,3,234900,53900,47000,2400,4700
220,3,185200,50100,43800,1500,4100
221,3,320400,109300,47100,2500,4600
222,3,179700,50900,45600,1400,4300
223,3,180800,50200,45500,1500,4100
224,3,175400,51300,44900,1400,4000
225,3,178700,49300,44800,1300,4000
226,3,196600,49200,44000,1300,4000
227,3,155700,48200,44400,1200,3900
228,3,162300,48500,44000,1400,4000
229,3,165200,49100,43400,1400,4000
230,3,204600,50400,43700,1400,4100
231,3,234800,49800,43600,1400,4300
232,3,173700,53100,44200,1400,4000
233,3,174900,48800,45300,1400,3900
234,3,176900,52000,47000,1600,4100
235,3,233900,54200,46900,1700,4200
236,3,191100,51600,46100,1500,4000
237,3,158000,48900,44400,1300,3900
238,3,180300,48500,44300,1300,3900
239,3,189200,49100,45100,1400,4000
240,3,179300,51700,46100,1300,3900
241,3,155000,49700,44100,1300,3900
242,3,151300,47800,44300,1200,3700
243,3,152700,48400,43800,1300,3700
244,3,153400,46600,44200,1200,3800
245,3,583200,50100,464800,1300,3700
246,3,553200,57900,397900,1400,4300
247,3,274900,62400,48600,2400,87000
248,3,280900,55100,47000,2100,110300
249,3,182000,55300,44900,1500,19700
250,3,186900,49200,45100,1400,4100
251,3,158800,48700,45200,1400,3900
252,3,171600,49200,45700,1400,3900
253,3,163900,48500,43900,1400,3900
254,3,165600,48300,44400,1300,3900
255,3,167000,48900,44100,1300,4000
256,3,169200,49700,44900,2800,3900
257,3,175200,49700,47200,1400,3900
258,3,170100,49800,45400,1400,4000
259,3,198900,53600,44400,1400,3000
260,3,180200,48800,45000,1400,4100
261,3,189200,49200,44200,1400,4100
262,3,192100,49700,44600,1400,3900
263,3,158300,51800,44600,1300,3900
264,3,153700,48300,44200,1300,3700
265,3,155800,48700,44000,1300,3800
266,3,190800,49000,44000,1400,3900
267,3,175800,48500,43800,1400,2900
268,3,156600,48500,44100,1200,3700
269,3,161800,51600,44100,1400,3800
270,3,168500,49100,43800,1400,4100
271,3,164600,48900,43900,1300,4000
272,3,162400,48600,43700,1300,4000
273,3,163700,48500,43800,1300,3900
274,3,197500,55400,45800,1400,3900
275,3,171800,51100,46300,1300,4000
276,3,199900,49100,43900,1400,4000
277,3,164400,48900,43900,1200,3900
278,3,159100,48500,44100,1300,3900
279,3,186000,50100,44900,1300,4000
280,3,180800,51600,46000,1500,4100
281,3,164400,50500,43900,1400,3900
282,3,159600,48700,44000,1400,4000
283,3,163700,48600,44100,1300,3800
284,3,161000,48200,43800,1300,2900
285,3,170900,50700,45100,1300,4000
286,3,192000,50400,46600,1300,4000
287,3,169700,49700,45000,1400,4100
288,3,172000,50600,45200,1400,4000
289,3,161900,50400,44500,1400,3800
290,3,166200,49000,44000,1300,4000
291,3,217000,51400,46700,1600,4200
292,3,172500,49500,46400,1300,4100
293,3,179500,49600,45000,1500,4100
294,3,349400,233500,44200,1400,4000
295,3,303400,51500,45100,1400,4100
296,3,167700,49800,46300,1400,4000
297,3,226100,51400,45300,1600,4200
298,3,216700,49800,44500,1400,4000
299,3,191300,53700,44500,1400,2900
300,3,175600,48900,44900,1300,4100
301,3,164300,51200,45500,1300,4000
302,3,159400,53300,44300,1300,3700
303,3,154800,48100,43700,1300,3900
304,3,158800,52500,44400,1300,2700
305,3,158600,47200,44000,1300,3900
306,3,621100,50600,468600,1300,4000
307,3,531000,59000,394300,1400,4300
308,3,276300,63600,48700,2400,89900
309,3,268100,55400,47100,2400,82500
310,3,223500,56100,45700,1500,21500
311,3,164400,49300,44000,1300,4200
312,3,165200,49000,44800,1300,3900
313,3,164900,49000,45400,1300,3800
314,3,175900,49700,46200,1500,4200
315,3,223000,51600,44700,1400,4200
316,3,208500,49800,44400,1500,3200
317,3,171200,49700,46400,1400,3900
318,3,177900,51900,46300,1300,3900
319,3,220000,52100,45300,2300,4800
320,3,178400,49400,45700,1400,3300
321,3,195700,49600,44000,1400,4100
322,3,196400,54600,45400,1400,4100
323,3,162700,51600,45100,1400,3900
324,3,155100,48700,43900,1300,3800
325,3,152400,48200,44100,1400,3700
326,3,154300,48000,43900,1300,3900
327,3,155200,47800,47300,1300,3900
328,3,198100,50000,46500,1400,3900
329,3,203500,56700,44600,1700,4100
330,3,183700,53100,46700,2300,4900
331,3,169800,49300,44100,1400,4200
332,3,164500,49600,44700,1300,4100
333,3,167700,49400,45700,2000,4000
334,3,196700,50900,44100,1600,4100
335,3,161700,50800,44900,1300,3800
336,3,208800,51700,45100,2400,4900
337,3,160800,48700,44100,1500,4000
338,3,154500,48300,43700,1300,3900
339,3,183200,49800,44100,1400,3900
340,3,168400,49900,46900,1300,2800
341,3,153700,48600,44900,1300,3500
342,3,153600,48000,45100,1300,3700
343,3,158800,48200,43900,1300,3800
344,3,154200,47500,44100,1300,3800
345,3,167600,49200,45400,1300,4000
346,3,200100,50400,47000,1600,4200
347,3,166100,48500,45600,1400,4000
348,3,168300,48500,52200,1300,3800
349,3,158600,48500,44100,1400,3700
350,3,170000,49600,44000,1300,3900
351,3,196100,50200,44900,1400,4000
352,3,174300,50600,45700,1300,4000
353,3,169500,50000,44100,1400,4000
354,3,160200,48800,43900,1300,3900
355,3,162700,48900,43800,1300,4000
356,3,158200,48400,43700,1200,3900
357,3,164800,49200,45200,1400,3900
358,3,192000,50600,43900,1500,3300
359,3,250500,51600,44100,2400,4800
360,3,208600,49400,43500,1500,4100
361,3,160900,48800,44200,1400,3000
362,3,163600,50300,44300,1300,4000
363,3,165300,50600,47500,1400,3900
364,3,159900,50200,44000,1300,3900
365,3,162100,48800,43900,1300,3900
366,3,193500,47300,44100,1400,4000
367,3,552400,49700,427800,1300,3900
368,3,530000,59800,389900,2300,4800
369,3,224300,55600,44600,1500,59100
370,3,284800,52600,45600,1700,95400
371,3,182700,51500,45400,1500,20800
372,3,179800,51500,45500,2300,4800
373,3,167100,51700,45100,1500,4000
374,3,164400,50700,44300,1200,4000
375,3,173800,50500,46400,1500,4000
376,3,183300,49700,45500,1500,4100
377,3,171500,50100,45200,1300,4000
378,3,171900,49100,43700,1300,3900
379,3,202700,49300,44500,1300,4100
380,3,188900,50800,44800,1500,4500
381,3,220100,50400,45500,1600,4100
382,3,185200,49000,43800,1300,4000
383,3,156800,48700,44000,1300,3900
384,3,159600,48400,44100,1300,3800
385,3,155100,49800,44900,1300,3700
386,3,163900,49800,46400,1300,3900
387,3,161800,48700,44800,2000,3900
388,3,158300,48000,43700,1400,4000
389,3,162900,48700,44100,1400,3900
390,3,205700,49200,43800,1500,4100
391,3,200900,50100,44600,1400,4200
392,3,181500,52400,44400,1500,4500
393,3,178400,49600,43600,1400,4100
394,3,191700,49400,44100,1400,4200
395,3,165800,48800,44000,1300,4000
396,3,194000,49000,45500,1300,4000
397,3,163400,49400,45700,1300,4000
398,3,166300,49000,45200,1300,3900
399,3,185700,49000,43600,1300,4100
400,3,211200,48700,45100,1300,4000
401,3,189200,48800,43700,1400,4000
402,3,156300,48600,44800,1400,3700
403,3,160500,51100,46000,1200,3800
404,3,159100,49000,44300,1200,4000
405,3,157500,48600,43700,1300,4000
406,3,178900,48800,43600,1300,4000
407,3,156700,48700,44000,1300,3800
408,3,166100,53700,45100,1300,3800
409,3,170000,50000,45500,1400,3800
410,3,161200,49400,43700,1300,3000
411,3,211100,51600,45300,2400,4800
412,3,180200,49400,43700,1500,4000
413,3,160500,48500,44100,1300,2800
414,3,167800,50000,45000,1400,4000
415,3,170900,51600,44000,1400,4000
416,3,174000,51800,44900,2400,4700
417,3,189900,54900,46300,2500,4900
418,3,208600,54000,45600,2400,4800
419,3,224800,52600,45300,2300,4800
420,3,207700,52900,45900,2400,4900
421,3,219400,52000,45000,2300,4900
422,3,181000,49300,43900,1500,4100
423,3,156700,48800,43700,1400,3800
424,3,155100,48900,44600,1400,2900
425,3,175300,56200,46200,1400,3800
426,3,206900,50800,45000,1600,4100
427,3,159200,47100,44200,1300,4000
428,3,511200,49400,403100,1300,3800
429,3,514800,60500,382000,1500,4200
430,3,243700,54900,44400,1500,59000
431,3,231300,52400,44900,1600,71900
432,3,206800,53500,44400,1600,27900
433,3,159800,49000,43900,1300,4100
434,3,158200,48600,44100,1300,3800
435,3,160100,48200,44500,1300,4000
436,3,162200,48300,44600,1300,3900
437,3,162900,49600,44100,1300,3900
438,3,174800,55900,43300,1200,4100
439,3,221900,52100,48700,2300,5000
440,3,185300,49600,43700,1500,4200
441,3,193600,49100,44000,1400,3000
442,3,191900,49300,45600,1300,3900
443,3,170200,51000,46600,1400,3800
444,3,158600,49800,44600,1400,3800
445,3,163700,48900,44900,1400,3900
446,3,164500,49400,44500,1300,3900
447,3,164400,48800,44400,1500,3900
448,3,170200,52600,46100,1400,4000
449,3,197900,53700,46600,2400,4000
450,3,426800,134200,121700,2400,4900
451,3,341900,121900,54000,2600,4400
452,3,242200,52800,47300,1900,4600
453,3,215200,50700,47500,1600,4200
454,3,197300,51800,46200,1400,4200
455,3,167900,53900,46700,1400,2900
456,3,216900,59200,49900,2400,4000
457,3,185900,53800,47200,2400,4700
458,3,193700,60800,48400,2300,4500
459,3,226000,52900,45100,2400,4900
460,3,175500,49500,44600,1500,4000
461,3,160000,49700,44900,1400,3900
462,3,163600,50700,45600,1400,3900
463,3,180700,58900,56200,2400,3000
464,3,170400,51700,44400,1500,4600
465,3,164600,49500,44300,1400,4100
466,3,181700,49500,44300,1400,3000
467,3,159100,48800,46800,1300,3900
468,3,165800,51400,46500,1400,3900
469,3,168600,51200,45800,2300,3900
470,3,176000,48700,44500,1400,4500
471,3,204100,48900,44200,1400,4200
472,3,177700,49700,45100,1400,4100
473,3,177900,53900,46500,1300,3000
474,3,186700,49700,48500,1500,4100
475,3,167900,53900,44600,1400,3000
476,3,167700,48900,43400,1300,4000
477,3,171100,49000,44100,1400,4100
478,3,190300,50000,44700,1300,3900
479,3,213200,52000,45600,1700,4100
480,3,185500,49400,44200,1400,4200
481,3,163100,49200,43600,1400,4000
482,3,173500,50800,44500,2300,4800
483,3,222900,53300,45500,1600,4200
484,3,349900,123100,43800,1400,4000
485,3,249500,54500,48400,2400,4600
486,3,249300,51500,44300,2400,5000
487,3,165800,50500,43800,1500,4100
488,3,162900,54600,47200,1300,3700
489,3,534000,49600,413500,1400,4000
490,3,539000,57600,392300,1400,4300
491,3,224300,59100,44200,1500,60500
492,3,218600,50600,44000,1500,63700
493,3,175300,50100,43900,1500,20800
494,3,176100,52700,45400,2300,4800
495,3,172000,51500,47800,1500,4100
496,3,172500,53800,47000,2300,4000
497,3,168900,50900,44500,1500,4500
498,3,163600,48800,44000,1400,3900
499,3,217000,54900,47600,2400,4700
500,3,195900,55900,45500,1500,4100
501,3,207900,50100,43900,1500,4100
502,3,221800,52100,45100,2400,4400
503,3,163900,49900,44200,1300,4000
504,3,156900,48800,44100,1400,3900
505,3,161500,49300,43900,1300,3800
506,3,157700,52800,44300,1200,3800
507,3,153200,47000,44000,1300,3700
508,3,158800,48100,44200,1400,3800
509,3,156600,48300,44000,1400,3700
510,3,170500,48800,48200,1300,3900
511,3,167500,49900,44900,1300,3100
512,3,172800,50800,46500,1400,4100
513,3,168200,49800,43600,1300,4000
514,3,228500,50200,44300,1400,4100
515,3,183200,49100,44300,1400,4000
516,3,191400,49100,46500,1300,3900
517,3,161400,49900,46200,1300,3800
518,3,163200,48900,47500,1300,3900
519,3,181800,48700,44200,1400,3700
520,3,166300,48600,43400,1300,4000
521,3,158200,48700,44100,1300,3800
522,3,159900,49700,45000,1300,3700
523,3,162400,50200,46900,1300,4000
524,3,159800,48600,45800,1400,4000
525,3,159100,48900,43800,1300,3900
526,3,207000,54500,46600,2400,4700
527,3,160000,49900,44100,1300,4100
528,3,154900,49000,44300,1200,3900
529,3,166600,50200,46700,1400,4000
530,3,176000,48900,45800,1400,3900
531,3,204800,50600,44100,2700,4000
532,3,180100,48600,44200,1400,3900
533,3,174400,49000,44200,1300,3900
534,3,170600,49200,44400,1300,4100
535,3,174500,51200,43900,1500,4100
536,3,190400,51800,45100,2400,4800
537,3,162700,49000,43900,1400,4100
538,3,191200,49300,44100,1400,4200
539,3,196200,50300,44000,1500,4100
540,3,178700,50400,46700,1400,4000
541,3,162200,49600,44200,1300,4000
542,3,161000,49400,44000,1400,3900
543,3,164600,49700,45600,1300,3900
544,3,197300,64200,48000,2300,4400
545,3,245800,54000,46600,2400,4700
546,3,260400,53800,45900,2400,4900
547,3,187100,51900,45400,2500,4700
548,3,162700,50900,45900,1300,3900
549,3,156700,47300,44400,1300,3900
550,3,746500,49300,604800,1300,4000
551,3,554200,59900,422400,1400,4300
552,3,263200,61000,46500,2300,81800
553,3,281200,64000,46700,2300,90600
554,3,212900,54900,46200,2300,22100
555,3,337600,131100,45500,1500,5100
556,3,183500,57000,46400,1400,4100
557,3,189600,54400,46900,2300,4500
558,3,181700,51300,47400,1400,4300
559,3,228600,53000,47200,2400,4500
560,3,205300,53400,46000,2300,4200
561,3,208600,50700,45000,1500,4100
562,3,201500,51000,44000,1400,4000
563,3,166000,48700,45200,1400,3800
564,3,173900,50200,47700,1300,3900
565,3,318400,101400,88500,2200,4800
566,3,501900,100400,88000,2100,4100
567,3,314500,99100,88500,1900,4400
568,3,304500,100600,88700,1800,4500
569,3,319400,103300,90900,1700,4200
570,3,380800,99000,88800,1900,4400
571,3,230200,52000,45600,2000,4400
572,3,171300,48900,43700,1500,4100
573,3,178700,51100,45300,1400,4200
574,3,194400,51800,44700,1400,4100
575,3,168100,53700,45500,1300,3000
576,3,233100,49900,45600,1500,4200
577,3,185500,49700,46600,1400,4000
578,3,157600,49500,44400,1300,3800
579,3,185300,50300,45300,1500,3900
580,3,187900,53100,48100,2300,4800
581,3,165800,50700,46700,1400,4000
582,3,157300,49300,45500,1300,4000
583,3,162100,50300,48200,1300,3900
584,3,155800,49100,44700,1300,3800
585,3,163000,48700,44500,1400,3900
586,3,195900,54300,45900,2400,4000
587,3,161700,50500,45300,1300,3700
588,3,157900,48700,46200,1300,3900
589,3,155900,49200,44900,1300,3700
590,3,165500,48700,45000,1300,3700
591,3,197200,50900,47000,1500,3900
592,3,169400,49500,45000,1400,3800
593,3,175600,49600,45100,1300,3900
594,3,168800,50600,44200,1300,4100
595,3,169200,50100,45600,1400,4000
596,3,166200,48700,45700,1300,3900
597,3,165900,50100,45300,1400,3900
598,3,215500,51300,46800,2400,4600
599,3,194500,51200,43900,1500,4100
600,3,176200,49500,44000,1500,3000
601,3,169500,50200,45800,1400,4100
602,3,154700,48900,44100,1300,3900
603,3,159700,48800,44200,1400,3800
604,3,162300,50300,45100,1400,3900
605,3,166000,49100,45500,1300,3800
606,3,193500,48800,46400,1400,4000
607,3,204700,49800,45300,1400,4000
608,3,179000,50600,44300,1300,3900
609,3,159800,50300,46500,1300,3900
610,3,177200,47900,44700,1300,3800
611,3,748700,55100,629700,1300,3600
612,3,566600,58200,436700,1600,4300
613,3,227900,55000,45600,1500,65100
614,3,233600,50700,44600,1500,66300
615,3,189300,51000,43900,1500,20800
616,3,171800,50800,43900,1400,4100
617,3,172900,50500,44000,1400,3800
618,3,170000,49800,45900,1400,4100
619,3,198300,49600,45200,1400,4100
620,3,176200,49900,43700,1400,4000
621,3,194000,50500,43800,1400,4000
622,3,185100,49200,44800,1300,4000
623,3,161500,50100,46400,1300,3900
624,3,161300,49000,45100,1300,3800
625,3,163300,48600,46800,1300,3700
626,3,179800,51300,45000,2300,3700
627,3,171600,51100,46000,1500,4100
628,3,163300,49200,44700,1400,4000
629,3,170400,49000,44500,1300,3000
630,3,167100,50600,42500,1500,4100
631,3,175200,51100,44100,1400,4000
632,3,177000,50200,45700,1300,4300
633,3,170400,48700,45000,1300,4100
634,3,193600,48800,45100,1400,4100
635,3,166800,49300,44200,1400,3900
636,3,199300,50100,44100,1400,4100
637,3,166300,49700,45100,1300,4000
638,3,205600,49200,45000,1400,4000
639,3,214100,50300,45000,1500,4100
640,3,178000,50200,46100,1400,4000
641,3,181900,53500,45800,2300,4800
642,3,177600,60000,47100,2400,4200
643,3,170300,51300,45700,1500,4500
644,3,160200,49000,45500,1300,4000
645,3,166500,50300,43900,1300,4000
646,3,187400,50500,44200,1300,3000
647,3,166800,50400,45700,1400,3900
648,3,158300,48800,44400,1300,4000
649,3,168500,51700,44200,1400,3900
650,3,170800,50100,45700,1400,4000
651,3,196900,49000,45100,1500,3900
652,3,177300,49600,45600,1300,3900
653,3,171400,49800,45200,1400,4000
654,3,164900,49000,44300,1400,3900
655,3,212600,50600,44900,1300,4100
656,3,210200,55400,46000,1400,4200
657,3,166200,49300,45800,1300,3900
658,3,209400,52800,47400,2400,4800
659,3,240900,58500,48900,2400,4800
660,3,196700,50800,44700,1500,4600
661,3,158400,49500,44300,1300,3900
662,3,187000,49600,46400,1300,3800
663,3,183700,49700,66000,1400,4000
664,3,158300,48900,45800,1400,3600
665,3,169200,50200,45800,1200,3800
666,3,192100,49500,43800,1400,3900
667,3,179400,50600,49400,1300,4000
668,3,159900,49200,44400,1300,3900
669,3,198800,50300,45400,1400,4000
670,3,233600,52900,48100,2300,4200
671,3,162500,48600,45200,1400,3900
672,3,561300,51500,443600,1300,3900
673,3,522400,59600,394000,1400,4400
674,3,249400,58400,45100,2400,75300
675,3,251200,54500,45200,1900,81100
676,3,182300,51100,44900,1500,19700
677,3,165100,50400,46200,1400,4000
678,3,164400,49900,45800,1300,4000
679,3,189100,48800,44600,1400,3100
680,3,196900,56400,56000,2400,4100
681,3,332600,107700,91600,2400,4700
682,3,213800,53500,45300,2100,4600
683,3,153300,48700,45400,1300,4000
684,3,152700,49700,43900,1300,3900
685,3,154100,50400,45100,1200,3700
686,3,170000,49100,55100,2400,3800
687,3,180100,51800,45900,2400,4700
688,3,167900,53800,43700,1400,3900
689,3,168500,50200,45800,1300,3900
690,3,171000,49100,45900,1400,4200
691,3,185800,54700,47400,1400,3800
692,3,169100,52200,44300,1400,4000
693,3,174900,54300,45200,1400,3100
694,3,194700,50800,45300,1400,4100
695,3,180400,52900,47300,2300,4800
696,3,237400,52800,47700,2400,4800
697,3,169100,49600,45600,1400,4200
698,3,180700,52400,45800,2300,4600
699,3,201900,50700,45300,1600,4200
700,3,245200,52000,44200,2400,4900
701,3,193900,49500,43000,1400,4100
702,3,164500,49500,44100,1300,3900
703,3,165300,50200,45900,1300,3900
704,3,175700,51900,45900,2300,4700
705,3,170100,50400,44500,1500,4100
706,3,191200,51500,45500,1400,4100
707,3,157700,49500,44200,1300,3900
708,3,171300,53900,48400,2400,4000
709,3,170000,51200,44500,2300,4500
710,3,175400,51500,46300,1400,4400
711,3,412600,138400,72700,2100,4800
712,3,198100,59700,47800,2400,4200
713,3,177200,51500,44100,1500,4400
714,3,166800,51000,45400,1300,4200
715,3,163200,50600,44600,1300,3000
716,3,165000,50200,44900,1400,4000
717,3,168200,50100,44100,1300,3900
718,3,206300,60600,47800,2300,3000
719,3,211400,50800,46100,1600,4400
720,3,185900,50300,46700,1400,4000
721,3,165000,48800,44000,1300,3900
722,3,172400,51200,44700,1400,4000
723,3,162300,49600,45800,1400,3900
724,3,166200,48900,45200,1400,3800
725,3,167900,48900,45000,1400,3100
726,3,194900,49200,43700,1400,4100
727,3,168600,49100,44100,1300,4100
728,3,160300,49800,45600,1200,3900
729,3,161300,49100,44100,1400,4000
730,3,186500,48800,44800,1400,4000
731,3,221900,51900,44900,2300,4800
732,3,194900,47800,44700,1400,4200
733,3,660600,51800,536700,1300,3900
734,3,553200,61400,414700,2600,4200
735,3,249900,57200,45700,1500,64400
736,3,232800,52900,45000,1400,65200
737,3,189600,56900,46000,1500,19500
738,3,168100,48900,44200,1300,4200
739,3,201100,49700,45300,1500,4200
740,3,219900,49200,44300,1400,4100
741,3,261600,51900,47000,2400,4700
742,3,190400,49900,46500,1400,4400
743,3,159400,54300,46400,1300,3700
744,3,210100,98400,44300,2400,3900
745,3,168700,51500,47700,1500,4500
746,3,151900,48600,45200,1400,4000
747,3,155300,50000,44100,1300,3800
748,3,162500,50400,45100,1300,3700
749,3,165800,48500,45800,1300,3800
750,3,198100,53900,47400,2400,4600
751,3,210300,53100,47400,2300,4500
752,3,201200,56600,48400,2400,4800
753,3,185400,49900,44000,1500,4600
754,3,187000,49600,44200,1400,4200
755,3,167400,49000,44100,1400,3900
756,3,198500,49200,45700,1400,4100
757,3,158900,48600,45700,1300,3900
758,3,159400,48200,43800,1300,3700
759,3,210500,55500,46000,2400,4800
760,3,200500,53300,45200,2300,4800
761,3,170300,49100,44700,1400,4200
762,3,197200,49700,44600,1400,3900
763,3,194100,55700,45900,2300,4000
764,3,165500,49900,44300,1400,4500
765,3,161300,48900,44100,1300,4000
766,3,184700,52300,44400,1400,4000
767,3,177800,56600,46600,2400,4800
768,3,162300,50100,44000,1400,4500
769,3,154200,48800,43800,1300,3900
770,3,162200,47800,44300,1300,3900
771,3,197600,49100,47500,2300,3900
772,3,169400,51100,45900,1400,3800
773,3,160100,48400,43300,1300,3900
774,3,164300,52800,44400,1400,2700
775,3,158100,48400,45200,1300,3900
776,3,156000,48600,43800,1400,3900
777,3,155000,48300,44000,1400,2900
778,3,180100,48700,43500,1300,3900
779,3,188200,48600,43500,1300,3800
780,3,178300,49200,44700,1400,3900
781,3,160800,48600,43800,1300,3900
782,3,162600,52500,45500,1300,2800
783,3,181700,51700,45900,2300,4600
784,3,201600,51800,44900,2300,4800
785,3,180900,50000,49400,1600,4300
786,3,239800,57200,48800,2400,4000
787,3,197500,50800,44600,2400,4400
788,3,166200,49800,45100,1400,4000
789,3,163200,49400,44200,1400,3900
790,3,190100,50300,43600,1400,4100
791,3,166200,49000,46100,1500,3800
792,3,187500,66900,47300,2500,3900
793,3,467900,54100,46500,2300,4700
794,3,900900,52400,734200,2400,4200
795,3,558400,59300,420100,1600,4000
796,3,240000,56000,45300,1600,68800
797,3,278100,54500,45500,2400,103900
798,3,187600,50400,44300,1500,21300
799,3,200400,48500,44600,1400,3900
800,3,176200,49000,43900,1400,4100
801,3,197900,49300,43400,1400,4100
802,3,244800,58700,45800,2300,4600
803,3,158600,49100,44000,1400,4600
804,3,152900,47600,44300,1300,3900
805,3,154300,47900,45300,1200,3700
806,3,152500,47900,43900,1200,3800
807,3,153100,48300,44900,1300,3800
808,3,160500,50600,45700,1300,3800
809,3,169100,50000,45500,1400,3900
810,3,170300,48100,44200,1400,4100
811,3,175500,49000,43900,1500,4100
812,3,173500,48900,44000,1300,4000
813,3,175600,48900,44800,1400,4000
814,3,219000,51000,45000,2300,4200
815,3,178000,49500,43900,1600,4200
816,3,199100,48900,44100,1400,4100
817,3,170800,48900,44100,1400,4000
818,3,169000,49000,44500,1400,4000
819,3,220600,53400,45300,2400,4900
820,3,187700,48800,44400,1500,4200
821,3,164600,48700,44200,1400,4000
822,3,161700,48500,43900,1200,3900
823,3,166700,52900,44300,1400,3100
824,3,206700,50300,47400,1400,4200
825,3,270600,52800,46900,2300,4700
826,3,235200,52000,45000,2300,5000
827,3,180600,56000,46700,2300,4600
828,3,175700,51400,46400,2400,4900
829,3,169300,50200,46500,1500,4000
830,3,193800,61600,48600,2400,4800
831,3,199200,50000,44000,1500,3700
832,3,171900,48700,44100,1400,4000
833,3,161700,48800,44300,1400,3900
834,3,159600,48200,45200,1300,3800
835,3,161300,50400,45900,1300,3900
836,3,335600,142500,45800,1300,3800
837,3,153800,48400,43900,1300,3800
838,3,199500,51000,43900,2300,4600
839,3,192500,50600,46500,1400,3900
840,3,370100,144700,54500,2400,4100
841,3,184600,52900,44600,1600,4600
842,3,162400,48900,44300,1300,4100
843,3,161500,48700,44200,1300,3900
844,3,171600,49500,44300,1300,3800
845,3,170500,51400,45800,1400,3800
846,3,198700,48900,44000,1300,3900
847,3,161900,53200,44300,1300,3200
848,3,156300,48400,44400,1400,4100
849,3,161200,48700,44300,1300,3900
850,3,180300,48800,44000,1300,3800
851,3,163400,49700,44200,1300,3900
852,3,158200,48800,44000,1400,3100
853,3,160400,48300,44000,1400,3900
854,3,159900,47100,44200,1300,3900
855,3,570200,50500,412400,1400,4000
856,3,534100,57000,382100,1500,4200
857,3,237400,55900,44500,1700,68400
858,3,230600,51300,44000,1500,69000
859,3,211500,51300,44300,1500,20900
860,3,176800,53500,44400,1400,3100
861,3,188600,49000,44500,1300,3900
862,3,181200,49000,43900,1300,3900
863,3,151100,49400,43300,1200,3700
864,3,146800,47900,43600,1200,3700
865,3,146800,47600,44000,1300,3600
866,3,149100,47900,44300,1200,3700
867,3,149300,47900,44400,1300,3800
868,3,158200,50300,46500,1300,3900
869,3,172300,53900,46700,2300,3900
870,3,197500,53300,48200,2400,4900
871,3,204300,53200,46500,2400,4700
872,3,181600,49000,44100,1500,4300
873,3,184300,49700,46200,1400,4200
874,3,211500,50200,44900,1700,4200
875,3,174100,49300,44100,1400,4100
876,3,201600,49500,44200,1400,4200
877,3,167900,48900,43800,1400,3000
878,3,156600,48500,43900,1300,2900
879,3,194600,51000,44700,1400,3900
880,3,178600,51000,43700,1300,4100
881,3,157500,48600,43700,1300,3900
882,3,162000,48500,44900,1400,3900
883,3,162000,53100,43800,1300,3000
884,3,159200,48100,44000,1400,3100
885,3,169500,50200,44100,1400,4100
886,3,227400,49200,44900,1400,4200
887,3,179900,49200,43700,1300,4000
888,3,156200,48200,44100,1300,3800
889,3,155500,48300,43900,1300,3700
890,3,161500,49300,45300,1300,3800
891,3,215000,50700,45500,1800,4300
892,3,171200,49400,43500,1400,4100
893,3,165600,48600,44000,1300,3900
894,3,162000,48500,43900,1400,3900
895,3,165400,53300,44300,1400,3700
896,3,162100,49700,44700,1300,4000
897,3,159200,48700,45400,1300,3900
898,3,180900,48700,44100,1400,3900
899,3,185200,49000,43800,1400,4000
900,3,173200,49100,43900,1400,3900
901,3,157300,48500,43600,1400,3300
902,3,161500,48900,43700,1300,3800
903,3,168300,50800,45600,1300,3800
904,3,168500,48800,43800,1400,4000
905,3,176000,49000,44300,1400,3900
906,3,197600,48600,44100,1500,4000
907,3,172300,48800,45200,1300,3800
908,3,185600,54700,50600,2300,4000
909,3,178600,53900,45800,1500,4500
910,3,272300,54000,46000,2400,4700
911,3,236500,67800,49000,2400,4100
912,3,169800,50300,45600,1400,4500
913,3,171700,51500,44500,1400,4200
914,3,253700,53900,56600,2400,4800
915,3,198700,56800,48100,2400,4600
916,3,549800,53100,411600,1500,4500
917,3,602100,66500,396100,2400,4800
918,3,264400,57600,46000,1500,60200
919,3,376100,99400,45300,2500,93100
920,3,207700,57000,45000,1500,20700
921,3,190700,49000,43900,1400,4200
922,3,183800,53600,44400,1400,2900
923,3,150200,48000,44800,1300,3700
924,3,150900,48000,44100,1200,3800
925,3,148000,47800,44100,1300,3700
926,3,148200,48200,44100,1300,3700
927,3,147800,47400,44200,1300,3800
928,3,148900,47700,43600,1200,3700
929,3,159500,49100,44100,1300,4000
930,3,172300,53600,47700,2200,3900
931,3,174000,50000,44300,1500,4400
932,3,163000,49000,43400,1300,4000
933,3,167600,53200,43900,1300,2900
934,3,192000,49000,44000,1400,4000
935,3,165500,48500,44200,1300,3900
936,3,230000,57200,46500,2400,4000
937,3,175100,48900,44500,1400,4200
938,3,161600,48700,44000,1400,4000
939,3,195300,53000,44000,1400,3000
940,3,169100,48600,44600,1400,4100
941,3,159700,48800,44500,1300,3900
942,3,160500,48900,44100,1300,3900
943,3,161600,49200,44300,1300,3700
944,3,159500,49000,44700,1300,3900
945,3,165700,48400,44400,1400,4000
946,3,188500,48900,44000,1300,4100
947,3,169200,60800,46500,1300,3900
948,3,197900,53100,44300,1400,3100
949,3,176900,48500,43800,1400,4000
950,3,157800,48400,44000,1400,4000
951,3,189300,48500,43700,1400,3900
952,3,165000,48800,43500,1300,3900
953,3,168700,54900,44200,1300,3800
954,3,162800,48300,44100,1300,4000
955,3,168000,49000,45200,1300,4000
956,3,165200,50500,44100,1300,4100
957,3,179600,51200,46500,2400,4700
958,3,214700,51900,44900,2400,4800
959,3,197200,49700,44500,1500,4200
960,3,177200,53300,44300,1400,3100
961,3,156900,48500,44700,1300,3900
962,3,153400,48100,44000,1300,3800
963,3,158700,48900,44600,1300,4400
964,3,161400,48400,45600,1400,3700
965,3,171200,48600,43800,1300,3800
966,3,197700,49400,43900,1300,4000
967,3,172100,49300,44100,1400,3800
968,3,157500,48100,43400,1400,2800
969,3,162700,49100,43900,1400,3000
970,3,194800,51400,44600,1400,4000
971,3,159400,48800,43800,1300,3900
972,3,160600,48400,44200,1400,3200
973,3,165000,48600,44300,1300,3900
974,3,161100,49500,44200,1300,3900
975,3,176200,50300,43700,1400,4000
976,3,167600,50200,44200,1300,4100
977,3,515600,49700,390700,1400,4100
978,3,518800,57200,385400,1400,4100
979,3,296800,54600,44800,1500,58500
980,3,262700,50800,43900,1500,64000
981,3,222700,52800,46300,1500,21000
982,3,192000,49900,44100,1600,4200
983,3,157400,50700,46600,1300,3900
984,3,154400,48600,44000,1300,4000
985,3,152400,47900,44200,1300,3800
986,3,159300,52500,44200,1400,2900
987,3,157600,48800,44000,1400,3700
988,3,156000,48100,43800,1300,3700
989,3,167700,49900,43500,1300,3900
990,3,170500,48900,44300,1400,4100
991,3,171300,53200,44000,1400,2900
992,3,163600,48500,44700,1400,2900
993,3,170000,49000,43800,1300,4000
994,3,184800,49400,43900,1400,4100
995,3,202600,48400,44300,1400,4000
996,3,230300,49500,43900,1400,4000
997,3,165000,48900,43900,1400,3900
998,3,166300,50000,47100,1300,3800
999,3,191900,50800,45700,1400,3900
1000,3,186300,54400,47800,2300,3900
1001,3,180000,50600,44700,1500,4600
1002,3,153000,48000,44200,1400,3900
1003,3,158300,48300,43700,1300,3800
1004,3,162400,49300,43900,1300,4000
1005,3,164400,49700,47100,1300,3900
1006,3,182000,48500,44000,1400,3100
1007,3,154600,48200,43600,1300,3800
1008,3,156200,48100,43100,1300,3900
1009,3,155100,48400,43500,1300,3800
1010,3,201800,49300,45300,1400,4000
1011,3,217900,49300,43900,2300,3900
1012,3,165400,48700,44100,1300,4000
1013,3,160400,48400,43900,1300,3800
1014,3,158900,48700,44900,1300,3900
1015,3,163200,48600,44700,1300,3800
1016,3,155400,48500,43800,1300,3900
1017,3,158100,49500,44300,1200,3800
1018,3,176900,48400,44300,1400,3200
1019,3,183800,48900,44000,1300,4000
1020,3,169300,48500,44400,1400,4000
1021,3,153300,47900,44900,1300,3900
1022,3,151400,48600,43800,1300,3800
1023,3,155500,49900,43800,1200,3800
1024,3,157700,48100,45900,1400,3800
1025,3,166700,52800,44400,1400,3000
1026,3,185100,49500,43200,1400,3000
1027,3,164000,48200,44500,1400,3800
1028,3,158900,48100,44300,1400,3800
1029,3,162400,48600,43600,1300,3800
1030,3,182400,49100,44000,1400,3900
1031,3,161700,48300,44100,1300,3800
1032,3,165400,48200,44300,1400,3800
1033,3,158700,48300,44800,1300,3800
1034,3,160800,48600,43600,1300,3900
1035,3,168700,49300,43900,1400,4100
1036,3,161100,48400,44200,1400,4000
1037,3,173000,55600,44000,1400,4000
1038,3,519700,49600,399300,1400,3900
1039,3,545800,57500,379100,1500,4200
1040,3,246700,54600,44200,1500,58800
1041,3,328300,53000,44700,2000,65200
1042,3,270500,53700,46000,2400,21300
1043,3,163000,48900,44500,1400,4200
1044,3,154500,49600,44000,1300,3800
1045,3,156600,48600,45200,1300,3800
1046,3,150000,48100,43600,1300,3800
1047,3,151500,47900,44100,1300,3800
1048,3,154500,48100,44000,1300,3800
1049,3,160700,48500,43900,1300,4400
1050,3,167900,48900,43600,1300,3900
1051,3,170300,53900,45700,1300,2900
1052,3,165500,48600,44500,1300,3900
1053,3,171500,49400,44200,1400,4100
1054,3,188500,50300,43100,1400,3900
1055,3,160200,49000,44200,1300,3900
1056,3,193200,53300,44500,1400,3000
1057,3,162200,49900,44200,1300,3900
1058,3,162800,48300,45100,1300,3900
1059,3,194900,49300,44000,1500,4000
1060,3,176800,49000,43800,1300,4000
1061,3,163200,48700,43600,1400,3800
1062,3,163600,48800,45100,1300,3900
1063,3,175300,51300,46400,1400,4000
1064,3,165000,50300,46500,1400,4000
1065,3,173100,51300,43900,1300,4100
1066,3,188400,49100,42900,1400,4100
1067,3,152500,47800,43700,1300,3900
1068,3,159800,48400,44200,1300,3800
1069,3,158000,48900,44100,1300,3700
1070,3,166900,48200,44200,1400,3900
1071,3,199700,48700,44100,1400,3900
1072,3,213100,49100,43700,1400,4100
1073,3,195900,49600,43900,1300,4400
1074,3,169700,50900,44800,1400,4100
1075,3,169800,49100,46700,1400,3800
1076,3,160000,48500,44000,1300,3900
1077,3,156200,47900,43500,1300,3800
1078,3,183400,48800,44000,1400,4000
1079,3,187000,49100,43900,1400,3900
1080,3,219200,49400,46200,1500,4000
1081,3,188800,48700,43700,1400,4000
1082,3,151800,47900,44200,1200,3800
1083,3,151300,48000,43800,1300,3800
1084,3,153200,48600,44000,1300,2900
1085,3,156500,48300,43800,1300,3700
1086,3,189000,48800,43800,1300,3800
1087,3,157600,48400,43600,1300,3900
1088,3,152100,48000,44200,1400,3700
1089,3,156900,48400,43700,1300,3800
1090,3,187100,50600,45700,1300,3800
1091,3,164100,49200,45000,1300,3300
1092,3,161900,48700,45100,1300,2900
1093,3,162800,48400,44100,1300,3800
1094,3,164700,48900,43700,1300,2900
1095,3,158100,48600,43700,1400,3900
1096,3,163000,48500,43900,1300,4000
1097,3,167500,49000,44100,1300,4000
1098,3,160100,47300,43500,1300,4000
1099,3,534400,50000,383800,1400,4000
1100,3,541800,57500,400800,1500,4200
1101,3,252300,54600,43900,1500,58400
1102,3,245200,50800,44100,1500,63400
1103,3,213100,50100,44100,1400,20600
1104,3,187300,49400,44400,1400,4100
1105,3,150900,49500,44000,1300,3800
1106,3,149100,47900,44800,1300,3600
1107,3,148300,47900,43600,1300,3700
1108,3,150500,47800,44000,1300,3800
1109,3,154300,48300,43900,1300,3600
1110,3,159200,48400,44100,1300,3900
1111,3,161400,48300,43800,1300,3900
1112,3,159200,48400,43600,1400,3900
1113,3,161400,48700,43600,1400,4000
1114,3,180700,52600,44200,1300,2900
1115,3,156100,48200,44000,1300,3800
1116,3,185100,50000,44800,1400,3800
1117,3,159700,48400,44100,1300,3800
1118,3,151800,48000,43600,1300,3700
1119,3,181300,48600,43400,1400,2900
1120,3,168900,48600,43700,1300,3900
1121,3,158500,48300,43500,1300,3800
1122,3,159600,48400,44500,1300,3800
1123,3,159800,48300,43900,1300,3800
1124,3,164600,48400,43900,1300,3900
1125,3,179000,53500,43900,1400,3000
1126,3,181700,48600,44000,1400,4000
1127,3,163600,48900,43800,1300,4000
1128,3,164500,49100,43800,1400,4100
1129,3,158800,48800,44000,1300,3900
1130,3,163700,49100,43700,1300,4000
1131,3,194300,48900,44100,1500,3900
1132,3,171600,48800,43900,1400,4100
1133,3,165800,48600,44200,1400,4100
1134,3,204100,51000,45300,1500,4200
1135,3,203700,51500,47700,2400,4500
1136,3,180000,51200,45700,1500,8500
1137,3,160000,49600,44100,1400,3900
1138,3,182700,48800,44200,1300,3900
1139,3,185400,48900,45000,1500,3000
1140,3,173500,49300,43900,1300,4100
1141,3,155300,47900,44100,1400,4000
1142,3,154600,48100,44200,1300,3800
1143,3,154600,48400,44000,1400,3900
1144,3,160100,53200,44500,1300,2900
1145,3,161500,48600,44100,1400,4000
1146,3,189200,48900,44100,1300,3900
1147,3,162900,49000,44200,1400,3900
1148,3,158200,48800,47300,1300,3700
1149,3,172600,55600,48600,1300,3700
1150,3,215800,52000,46300,2400,4800
1151,3,173400,51200,45700,1400,4200
1152,3,173700,49300,47200,1400,3600
1153,3,170400,50000,44900,1300,4000
1154,3,168900,49000,44800,1300,4000
1155,3,170600,49200,44700,1400,4100
1156,3,179000,48800,44800,1400,4100
1157,3,174800,50100,44900,1400,4000
1158,3,172900,49200,44800,1400,3900
1159,3,203300,47800,43700,1500,4200
1160,3,523600,54600,383300,1500,2900
1161,3,549700,57800,382700,1400,4200
1162,3,248300,54500,44100,1500,58600
1163,3,223800,52400,45300,1400,62900
1164,3,176000,51400,45500,1500,19300
1165,3,235100,49800,43700,1400,4200
1166,3,210900,49300,44100,1400,4100
1167,3,151400,48200,44200,1300,3800
1168,3,150300,48000,43600,1300,3700
1169,3,160800,52700,43600,1300,3600
1170,3,161600,48600,44500,1400,3800
1171,3,163900,48400,43800,1400,3900
1172,3,161800,48900,44100,1300,3900
1173,3,164100,48700,44200,1300,4000
1174,3,183000,48900,44200,1400,4000
1175,3,163200,48900,44000,1200,4000
1176,3,186800,49400,44100,1400,3900
1177,3,157600,49600,44200,1300,3900
1178,3,187200,52000,47200,2400,4800
1179,3,196300,50300,45200,1600,4000
1180,3,169000,49900,43700,1400,4000
1181,3,156800,48300,44200,1300,3800
1182,3,167800,50300,49000,1300,3900
1183,3,167300,49200,44300,1400,3200
1184,3,162000,48500,44000,1300,4000
1185,3,170800,49000,43900,1400,4000
1186,3,188100,50700,44700,1400,4200
1187,3,165000,48600,45200,1300,4000
1188,3,155100,48400,43700,1300,3700
1189,3,156900,48800,43800,1400,3800
1190,3,164500,49300,44600,1400,3900
1191,3,188300,49100,43400,1400,3800
1192,3,168600,49300,43600,1400,3900
1193,3,165400,49000,43500,1300,3800
1194,3,177500,61500,44000,1400,4000
1195,3,166100,53200,44200,1300,4000
1196,3,197200,49000,44000,1400,4000
1197,3,179500,49100,43600,1400,4000
1198,3,180500,48800,44100,1400,3900
1199,3,183400,48800,43700,1300,4000
1200,3,169000,48700,44100,1300,3900
1201,3,153500,48400,43900,1300,3900
1202,3,150500,47800,43800,1200,3800
1203,3,151900,48200,44000,1300,3800
1204,3,153000,48100,43900,1300,2800
1205,3,159400,50200,43300,1400,3800
1206,3,184700,49000,44000,1300,3800
1207,3,159400,48400,44100,1200,3800
1208,3,150300,47800,43800,1300,3700
1209,3,157200,48500,44300,1300,3800
1210,3,184500,49600,44100,1400,4000
1211,3,162200,50300,44000,1300,3900
1212,3,164900,48600,43900,1400,3900
1213,3,164400,48300,43700,1400,3900
1214,3,163300,48400,43800,1300,2900
1215,3,167500,48600,43800,1500,4000
1216,3,171900,50300,43700,1300,4000
1217,3,169200,51600,44100,1400,3100
1218,3,176200,49600,44000,1400,4100
1219,3,191200,49100,43900,1400,4000
1220,3,176300,47700,43900,1400,4000
1221,3,540400,50800,387100,1400,4100
1222,3,539700,61800,386900,1400,4000
1223,3,252200,59200,46000,2400,64900
1224,3,251000,57700,45900,2500,82300
1225,3,188500,51100,44600,1500,21300
1226,3,167300,58500,43900,1300,4200
1227,3,202800,49100,46300,1500,4100
1228,3,190300,51400,45500,1400,5300
1229,3,168700,54700,45100,1300,4000
1230,3,165000,48900,43800,1400,4000
1231,3,169200,49300,44300,1300,4000
1232,3,171600,48800,45400,1400,4000
1233,3,172400,49100,44800,1300,4000
1234,3,204900,50500,44700,1800,4200
1235,3,168000,49600,43800,1400,4000
1236,3,193200,49200,44400,1400,4000
1237,3,156200,49000,43600,1300,3100
1238,3,156100,48800,44100,1300,3900
1239,3,185300,48900,44200,1400,4000
1240,3,169100,49000,44100,1400,4000
1241,3,161300,48600,43900,1300,3800
1242,3,159500,48400,43600,1300,3900
1243,3,160000,48500,44300,1400,3600
1244,3,167500,49000,44100,1300,4100
1245,3,176000,48800,44100,1400,4000
1246,3,194000,50500,43800,1400,3900
1247,3,164600,52800,44500,1400,2900
1248,3,165100,49000,44200,1300,3900
1249,3,170300,49100,47500,1400,4000
1250,3,197900,49100,44600,1400,3300
1251,3,232800,50000,44100,1500,4200
1252,3,173100,48700,44000,1500,4100
1253,3,165000,48300,44100,1400,3900
1254,3,163600,49100,43700,1300,3900
1255,3,161600,48700,44200,1400,3900
1256,3,162300,49500,43800,1300,3900
1257,3,164900,50300,46100,1300,3900
1258,3,219700,49400,44000,1500,4100
1259,3,208400,49600,43700,1400,4100
1260,3,171400,48900,44100,1400,4000
1261,3,154000,48500,44900,1200,3900
1262,3,152100,48000,44000,1300,3800
1263,3,157100,50100,44000,1400,3800
1264,3,154100,48000,44500,1400,3800
1265,3,157000,48500,43800,1300,3800
1266,3,185100,49100,43900,1500,4000
1267,3,159700,48500,45000,1200,3900
1268,3,155900,50200,45300,1300,3700
1269,3,158400,48600,44600,1300,3800
1270,3,207100,52700,46900,2400,4700
1271,3,166800,49400,44300,1400,4000
1272,3,156500,48800,43900,1300,3900
1273,3,170200,60400,45500,1300,3900
1274,3,160800,48500,43600,1300,4000
1275,3,167100,51200,44400,1400,3300
1276,3,167600,49100,43800,1400,4100
1277,3,169400,52900,44300,1300,4000
1278,3,169100,49000,43900,1300,3900
1279,3,199600,50200,44900,1400,4100
1280,3,194500,50100,44000,1600,4300
1281,3,190600,47600,44300,1400,3400
1282,3,535600,50000,392800,1400,4100
1283,3,517700,58900,386700,1600,4300
1284,3,212000,54000,44800,1500,58600
1285,3,219700,52400,45500,1500,63200
1286,3,171100,51300,44000,1400,19400
1287,3,155300,48800,43800,1400,4100
1288,3,160000,48600,43800,1300,4000
1289,3,202400,49400,44100,1400,4000
1290,3,186700,49100,43900,1400,4200
1291,3,163400,48800,44200,1300,3000
1292,3,164200,48800,44000,1500,4000
1293,3,166600,50500,43600,1300,4000
1294,3,190900,49100,44000,1300,4000
1295,3,165900,48700,43800,1300,4000
1296,3,193700,48700,43800,1400,4000
1297,3,166800,48700,44400,1400,3900
1298,3,158700,48800,44200,1200,4000
1299,3,190100,49000,44100,1400,4100
1300,3,172200,53200,44400,1400,3000
1301,3,154400,48400,43700,1400,2900
1302,3,154200,48300,43700,1300,3900
1303,3,158700,48600,45800,1300,3800
1304,3,156200,47900,44000,1300,3900
1305,3,164200,48500,43600,1300,4000
1306,3,184200,48700,44200,1500,4000
1307,3,162800,48800,44100,1300,3800
1308,3,160000,48400,44100,1400,2900
1309,3,162600,48800,44600,1400,3800
1310,3,166400,48900,43800,1400,3800
1311,3,205400,49100,44000,1400,4200
1312,3,194300,52800,49800,2400,4600
1313,3,196000,51900,46800,1500,4400
1314,3,175100,51800,44400,1400,4200
1315,3,164500,49800,44400,1300,4000
1316,3,166800,50700,45100,1400,4000
1317,3,162400,48500,44100,1400,2900
1318,3,191900,53600,44400,1400,3000
1319,3,190500,49200,44200,1400,4000
1320,3,215900,49600,44400,1500,4200
1321,3,188300,49800,45900,1400,4100
1322,3,155100,48400,43700,1300,3900
1323,3,155400,48400,43700,1400,3900
1324,3,157800,48400,44400,1400,3900
1325,3,162600,48900,44000,1300,3800
1326,3,196800,49700,45200,1300,4600
1327,3,171800,49800,46700,1300,3900
1328,3,157700,48800,44000,1300,3800
1329,3,160400,49200,44400,1400,3900
1330,3,190300,48800,48200,1400,3900
1331,3,158100,48500,44000,1300,3900
1332,3,159900,49100,44300,1400,3900
1333,3,164700,49400,47700,1400,3900
1334,3,161200,48600,44000,1300,3900
1335,3,214400,49200,44200,1300,4100
1336,3,198800,49700,43500,1300,4100
1337,3,163700,49100,44000,1400,3900
1338,3,171000,50200,43800,1500,4000
1339,3,200500,49200,44100,1500,4000
1340,3,183400,49300,44100,1400,6500
1341,3,191900,48900,43500,1300,3000
1342,3,192800,48000,47500,1400,4200
1343,3,502600,50200,395100,1300,3800
1344,3,508800,57200,379100,1400,4200
1345,3,271900,62200,49800,2500,86300
1346,3,278600,69500,50200,2300,86800
1347,3,210500,58100,47600,2400,25200
1348,3,166000,52000,47500,1400,4200
1349,3,165500,49500,44200,1400,4000
1350,3,173200,50100,44700,1400,4200
1351,3,221800,51100,46800,1500,4100
1352,3,458000,137200,132500,2300,4700
1353,3,245700,57700,58000,2500,4200
1354,3,245300,54000,45700,2400,4600
1355,3,168500,52200,46500,1500,4300
1356,3,449800,134700,123700,2300,4700
1357,3,177000,53500,46200,2000,4500
1358,3,160300,50500,45800,1400,3800
1359,3,189500,49900,44800,1400,4100
1360,3,170800,48900,46000,1300,3900
1361,3,155500,48500,44700,1300,3800
1362,3,153000,49400,44000,1400,3800
1363,3,154600,48900,44300,1300,3800
1364,3,158500,49600,44200,1300,4100
1365,3,160700,48900,44900,1400,3900
1366,3,179900,49200,44100,1300,4000
1367,3,152800,48200,43900,1400,3800
1368,3,158800,48900,45500,1300,3000
1369,3,162700,49300,44000,1400,3900
1370,3,166700,48400,44100,1400,3700
1371,3,197100,49300,43900,1500,3900
1372,3,172300,49000,44100,1400,4000
1373,3,171200,48900,44200,1400,4000
1374,3,162700,50800,44900,1400,4000
1375,3,165400,48800,46300,1300,4100
1376,3,164600,49200,44000,1300,4000
1377,3,153500,48600,43400,1400,3000
1378,3,179700,48700,44200,1400,2900
1379,3,191500,49100,43500,1400,4100
1380,3,184600,49700,44000,1400,4000
1381,3,164800,50900,43900,1400,3900
1382,3,201600,49000,43900,1400,4100
1383,3,182600,49000,44100,1500,4100
1384,3,157500,48100,43800,1300,3900
1385,3,163800,48700,44100,1400,3900
1386,3,201600,49500,44000,1500,4100
1387,3,169300,49800,44500,1400,4200
1388,3,160700,52300,44600,1300,4000
1389,3,156000,49000,44700,1300,3900
1390,3,180800,49500,44100,1400,3900
1391,3,162800,48900,49300,1300,3900
1392,3,167700,51300,46700,1400,3800
1393,3,163600,49800,47200,1300,3900
1394,3,161800,49600,44800,1300,3800
1395,3,162300,48900,44900,1400,4000
1396,3,162900,49500,44400,1500,3900
1397,3,162300,49500,44600,1400,4000
1398,3,170500,50300,46200,1400,4000
1399,3,227100,54100,46300,2400,5000
1400,3,216900,53400,46200,2400,4800
1401,3,240700,53300,45100,2400,4800
1402,3,199100,51400,44400,1400,4200
1403,3,159800,47400,44800,1300,3900
1404,3,570100,50700,442400,1400,3800
1405,3,512800,58100,392100,1500,4200
1406,3,230700,54000,44900,1500,63000
1407,3,229800,51600,43700,1600,65300
1408,3,175000,50300,44500,1400,20900
1409,3,170200,50800,43800,1400,4100
1410,3,172800,51200,44200,1400,4200
1411,3,177600,49100,43600,1400,4100
1412,3,176200,49000,43800,1400,4200
1413,3,212500,49800,44000,1400,4200
1414,3,220200,49600,44500,1500,4100
1415,3,171000,50700,46000,1500,3900
1416,3,204100,49400,50600,1300,4000
1417,3,181700,53300,45600,2400,4700
1418,3,165600,49700,44500,1400,4200
1419,3,187700,49400,45300,1400,3300
1420,3,235800,50300,45700,1800,4000
1421,3,196600,49700,43700,1400,4100
1422,3,154900,49000,43900,1300,3800
1423,3,154100,48500,44000,1300,3800
1424,3,155000,48600,43900,1200,4100
1425,3,163700,49600,47000,1400,4000
1426,3,183500,50200,47000,1300,4000
1427,3,154200,52500,44000,1200,2800
1428,3,155700,48100,43400,1300,4000
1429,3,152600,48800,43600,1400,3700
1430,3,162100,48800,44100,1300,3800
1431,3,197400,49700,44300,1500,4000
1432,3,175000,51900,45600,1300,3000
1433,3,165400,48500,43600,1300,3900
1434,3,165800,48700,44400,1300,3900
1435,3,169000,48900,43900,1400,3900
1436,3,156200,48700,44000,1200,3800
1437,3,163300,54000,44100,1300,3000
1438,3,186500,51200,43900,1400,4100
1439,3,186600,49200,45700,1400,4000
1440,3,195800,51700,47300,2400,4700
1441,3,165100,49700,45800,1400,4000
1442,3,158500,49000,44200,1300,3900
1443,3,179400,52100,44900,2300,4800
1444,3,209000,51500,44300,1500,4000
1445,3,182700,49000,43500,1500,3000
1446,3,190500,53200,44500,1300,3200
1447,3,159200,48200,44000,1300,4000
1448,3,154200,48800,45600,1200,3800
1449,3,157800,48200,46400,1300,3800
1450,3,177200,48600,44400,1400,3800
1451,3,154200,48400,43800,1300,3800
1452,3,156900,48500,43900,1300,3800
1453,3,156000,48600,44000,1300,3800
1454,3,158900,49500,44600,1300,3900
1455,3,159500,47900,45000,1300,3900
1456,3,162800,49100,43900,1300,4000
1457,3,161700,52900,44500,1400,2900
1458,3,163100,50200,44700,1300,3800
1459,3,190400,49400,44000,1400,3900
1460,3,175700,50400,44800,1400,4000
1461,3,199500,50700,47700,1400,4100
1462,3,186200,48900,43800,1400,3900
1463,3,156900,48400,44400,1300,3900
1464,3,159700,46700,43700,1300,3900
1465,3,526200,49600,405000,1300,3800
1466,3,512700,57100,379900,1500,4200
1467,3,225300,60100,44300,1600,58200
1468,3,226600,53300,44000,1500,63700
1469,3,182400,50300,44000,1500,20300
1470,3,166000,48800,43700,1400,4200
1471,3,171700,49100,44000,1300,4000
1472,3,169400,48600,45500,1300,4200
1473,3,203900,66100,46900,1400,4100
1474,3,204500,51100,47400,1600,4100
1475,3,223100,51700,43900,1600,4100
1476,3,223300,49800,44300,1400,4200
1477,3,162300,49300,44500,1400,3900
1478,3,160600,52600,44300,1300,3700
1479,3,186200,49100,44000,1500,3900
1480,3,170000,48800,44000,1300,3900
1481,3,158500,48300,43800,1400,3800
1482,3,158300,48800,46700,1400,3900
1483,3,174100,51500,47400,2400,4800
1484,3,179600,53500,46000,2400,4600
1485,3,173500,51700,46200,1400,4200
1486,3,208200,52800,44800,2400,4800
1487,3,159700,49500,43700,1400,4100
1488,3,154800,48800,43800,1300,3800
1489,3,156100,48700,44000,1300,3800
1490,3,164800,48300,44300,1300,3900
1491,3,196600,49200,43700,1500,4000
1492,3,174300,49500,44100,1400,4100
1493,3,170800,49300,44100,1400,3900
1494,3,169100,48600,44400,1400,4100
1495,3,169600,49100,45200,1400,3900
1496,3,172000,48600,46300,1500,3900
1497,3,174300,48500,44400,1400,4000
1498,3,186500,49000,44600,1400,3900
1499,3,197200,49100,43900,1400,4100
1500,3,186900,49200,44800,1500,4000
1501,3,175800,51900,44500,2300,4700
1502,3,169300,49600,44300,1400,4100
1503,3,159800,48500,43900,1400,4000
1504,3,166000,49200,43800,1400,4000
1505,3,208900,49300,44500,1400,4100
1506,3,273200,52100,44000,1600,4200
1507,3,214300,53600,45100,2300,4800
1508,3,157800,49300,43800,1400,4100
1509,3,153400,48200,44200,1300,4000
1510,3,181300,49700,44000,1400,3900
1511,3,154900,48200,43800,1300,3900
1512,3,156100,48500,44100,1300,3800
1513,3,158300,48200,43900,1300,3900
1514,3,155900,48100,43700,1300,3800
1515,3,156100,48500,44000,1400,3200
1516,3,159700,48300,44000,1300,3900
1517,3,156900,48200,43500,1300,3800
1518,3,160400,48600,43400,1300,3900
1519,3,189800,49300,43700,1400,4000
1520,3,170800,48500,43900,1400,4000
1521,3,187600,48700,43900,1400,4000
1522,3,181200,48600,43800,1300,4000
1523,3,154000,48500,43300,1300,3800
1524,3,156000,48200,44200,1300,3800
1525,3,153700,46700,43500,1300,3800
1526,3,510200,49500,397000,1400,4000
1527,3,505000,56800,382700,1500,4200
1528,3,274400,60300,46000,2400,96000
1529,3,230900,51900,44100,1500,65800
1530,3,208700,52900,45100,2300,21900
1531,3,178100,49500,44300,1500,4200
1532,3,164300,49000,44200,1300,4000
1533,3,168700,48900,44000,1400,4100
1534,3,186300,48300,44000,1400,4100
1535,3,163000,48500,44100,1300,3900
1536,3,189300,48800,43700,1400,3200
1537,3,201100,50100,43700,1400,3200
1538,3,178300,49400,44000,1400,4000
1539,3,182900,48700,44000,2400,3900
1540,3,166400,48400,44200,1300,3800
1541,3,153700,47900,43800,1300,3800
1542,3,152100,48200,43700,1300,3700
1543,3,153500,48300,44100,1300,3800
1544,3,153700,48300,43700,1300,3800
1545,3,162200,48600,44100,1400,3900
1546,3,179900,49100,44000,1300,4000
1547,3,151300,48300,43600,1200,3800
1548,3,152500,48200,44000,1300,3800
1549,3,157000,48700,43600,1400,3700
1550,3,165900,48600,43900,1300,3800
1551,3,193400,49200,43800,1400,3000
1552,3,173100,48700,44100,1400,4000
1553,3,167000,48700,43800,1400,4100
1554,3,166200,48600,44300,1300,4000
1555,3,187200,50900,52300,5100,4100
1556,3,168800,48900,45600,1400,4100
1557,3,165200,49100,43600,1400,4100
1558,3,189800,49200,44000,1400,4000
1559,3,196800,49500,43600,1400,4100
1560,3,173000,49000,44100,1400,4200
1561,3,160200,48500,44200,1400,4100
1562,3,162600,49000,43800,1300,4100
1563,3,156200,48800,44100,1300,3800
1564,3,161400,48600,44000,1400,3900
1565,3,161300,48500,43400,1300,4000
1566,3,193300,49100,43900,1400,4100
1567,3,166000,49000,43800,1300,4000
1568,3,194900,48800,43700,1300,4000
1569,3,179700,48800,43900,1400,4000
1570,3,179100,48500,44400,1300,4000
1571,3,156000,48200,43900,1300,3800
1572,3,158600,48300,44100,1300,4000
1573,3,159400,48500,44700,1300,3800
1574,3,167500,50400,43900,1300,3900
1575,3,165000,50100,46700,1300,4000
1576,3,170900,52100,45100,2300,4000
1577,3,174400,49800,44500,1500,4500
1578,3,164500,48300,44100,1400,4000
1579,3,200400,49500,50300,1400,4000
1580,3,174700,48900,44100,1400,4300
1581,3,195900,49200,44300,1400,4200
1582,3,188400,49000,44000,1400,3900
1583,3,155300,48200,45400,1300,3900
1584,3,158300,48800,43900,1300,3900
1585,3,166000,52700,44700,1300,3000
1586,3,158400,47300,44100,1300,3700
1587,3,507900,49300,390100,1400,3700
1588,3,512900,58000,381200,1400,4100
1589,3,229600,54600,44000,1500,58900
1590,3,276900,51400,43800,1500,63400
1591,3,220700,50900,43800,1500,21000
1592,3,168200,49200,43700,1400,4200
1593,3,170200,48800,43600,1400,4200
1594,3,183100,48900,43900,1500,3100
1595,3,168200,48700,44100,1400,3900
1596,3,189900,49300,43800,1400,3900
1597,3,162500,49800,44000,1300,4000
1598,3,157500,48700,43700,1300,3900
1599,3,229700,53900,44200,1400,2900
1600,3,192400,48800,44200,1400,4100
1601,3,154300,48100,43800,1400,3800
1602,3,151100,47900,44000,1300,3800
1603,3,153000,48400,43800,1400,3800
1604,3,153400,48200,43900,1200,3700
1605,3,157800,48300,44200,1300,4000
1606,3,176400,48600,43700,1300,4000
1607,3,151500,47900,44300,1200,3900
1608,3,150700,48200,43500,1200,3800
1609,3,154900,48600,44100,1300,3700
1610,3,155600,48400,44100,1300,3900
1611,3,186500,48700,44000,1400,3800
1612,3,161800,48500,43300,1300,3900
1613,3,155900,48000,43800,1300,3600
1614,3,156500,48400,43800,1300,3900
1615,3,159200,48400,44300,1300,3800
1616,3,160700,48700,43800,1300,3800
1617,3,163800,48700,46200,1400,3900
1618,3,210400,52400,47700,2400,4700
1619,3,224000,52300,45600,2300,4800
1620,3,188900,49600,44600,1500,4700
1621,3,165200,49300,43100,1300,4000
1622,3,153300,48400,44100,1300,3900
1623,3,157500,48400,44200,1500,3900
1624,3,163100,48800,44200,1500,3900
1625,3,161100,49000,43500,1300,3900
1626,3,193300,48800,44400,1400,4000
1627,3,167300,53900,44300,1300,3000
1628,3,156000,48200,44000,1300,3900
1629,3,155600,48000,44100,1300,4000
1630,3,219100,49600,43600,1400,3900
1631,3,183300,53300,44200,1400,3100
1632,3,158100,48700,43900,1400,3800
1633,3,157700,48400,45600,1300,3700
1634,3,163100,49000,43700,1400,3900
1635,3,165700,49000,44200,1300,3000
1636,3,165500,48600,43900,1300,4000
1637,3,165600,48900,43700,1400,3900
1638,3,166400,49100,44100,1400,3900
1639,3,195800,52100,45800,1500,3200
1640,3,200400,53600,47900,2300,4100
1641,3,225100,53500,45600,2300,4700
1642,3,185100,49400,44100,1500,3300
1643,3,155400,53100,44800,1300,2800
1644,3,150700,47600,44300,1300,3900
1645,3,150300,48000,44200,1300,3800
1646,3,154500,48400,44000,1300,3800
1647,3,162100,47700,44100,1400,3900
1648,3,503900,49400,386400,1300,3800
1649,3,510200,57400,378200,1400,4200
1650,3,233100,54400,43800,1400,58700
1651,3,239800,55900,44400,1500,62800
1652,3,195500,50500,44100,1500,21000
1653,3,168100,49400,44200,1400,4200
1654,3,191700,49400,44200,1400,4200
1655,3,167400,49100,44000,1300,4100
1656,3,192000,49200,44100,1400,4000
1657,3,163500,48900,43500,1400,3900
1658,3,163300,48400,43700,1300,3800
1659,3,188300,49200,43600,1500,4000
1660,3,178100,52900,45200,1400,4000
1661,3,218600,52300,45000,2400,4900
1662,3,208400,51800,45300,2400,5000
1663,3,169100,48800,45800,1500,4100
1664,3,158100,48800,43900,1300,4100
1665,3,163100,48700,44100,1400,4000
1666,3,187300,49200,43700,1500,4000
1667,3,160000,48400,43800,1400,4000
1668,3,157400,48200,43900,1300,3900
1669,3,158500,48100,43700,1300,3900
1670,3,163600,48800,43500,1300,3100
1671,3,198600,55300,43200,1400,3000
1672,3,170400,49800,45000,1300,4000
1673,3,168000,49000,43500,1400,3900
1674,3,163100,49100,44200,1300,4100
1675,3,204900,50100,44900,1400,4000
1676,3,197100,49200,44300,1400,4100
1677,3,154900,48400,43900,1300,3000
1678,3,186100,49400,44100,1300,3900
1679,3,191700,49100,44100,1400,4100
1680,3,178900,49000,43800,1300,4000
1681,3,160700,48300,43600,1300,3900
1682,3,159200,48000,44200,1300,3800
1683,3,163600,48900,43800,1400,4000
1684,3,157300,53000,43600,1400,2800
1685,3,162500,48800,43900,1400,3900
1686,3,194500,49000,44200,1400,4000
1687,3,160400,48500,43700,1300,3800
1688,3,155200,48200,43700,1300,3900
1689,3,156000,48400,44000,1300,3800
1690,3,181800,49100,43900,1300,3900
1691,3,158100,48200,43900,1300,3900
1692,3,196900,48900,43400,1400,4100
1693,3,184700,48800,44200,1300,4000
1694,3,159600,48600,43800,1300,2900
1695,3,156800,48300,43800,1400,4000
1696,3,159400,48600,43700,1400,4000
1697,3,157400,48600,43700,1300,3800
1698,3,161000,48500,44200,1300,3900
1699,3,189300,49200,43800,1500,4100
1700,3,170500,48800,43400,1400,3900
1701,3,184500,48300,43600,1300,3900
1702,3,177600,49000,43800,1400,3900
1703,3,148000,48000,43900,1300,3800
1704,3,147300,47300,43800,1200,3700
1705,3,150800,47800,43600,1200,3800
1706,3,147500,48000,43500,1300,3700
1707,3,145700,47800,43900,1300,2800
1708,3,150400,46800,44000,1300,3800
1709,3,502500,52200,383800,1300,3700
1710,3,519700,58500,384300,1400,4200
1711,3,231500,54800,44000,1500,58800
1712,3,229900,51500,44000,1400,63100
1713,3,190000,51100,44500,1500,20600
1714,3,191800,49200,44100,1400,4200
1715,3,157100,47900,44100,1300,4000
1716,3,187700,49000,43800,1400,2900
1717,3,167600,48800,43600,1400,4000
1718,3,153700,48400,43900,1400,3800
1719,3,197100,51200,47700,1500,3300
1720,3,180100,49400,44300,1400,4000
1721,3,164900,49000,43900,1300,3900
1722,3,164700,48700,44700,1300,4100
1723,3,199800,48900,44000,1400,4200
1724,3,184800,53100,44100,1400,4100
1725,3,161100,49000,44000,1400,4000
1726,3,180000,48200,44000,1300,4000
1727,3,153900,48100,44300,1300,3000
1728,3,155600,48300,44100,1300,3900
1729,3,153900,48200,43700,1300,3900
1730,3,158000,48300,44000,1300,3900
1731,3,189900,49100,43900,1400,3900
1732,3,169900,52800,44000,1400,3000
1733,3,160100,48400,43700,1300,3800
1734,3,160500,48900,43700,1300,3900
1735,3,159100,48400,43500,1300,3900
1736,3,158500,48800,44000,1400,3900
1737,3,159600,48800,43300,1400,3900
1738,3,177000,48900,43900,1300,4100
1739,3,198700,49000,44000,1400,4100
1740,3,174700,48800,44000,1400,3000
1741,3,162600,48900,43900,1300,4100
1742,3,162300,48500,44200,1300,3900
1743,3,160700,48200,43700,1400,3900
1744,3,163900,48200,44300,1400,4000
1745,3,183700,48900,43700,1400,3900
1746,3,186200,49000,43700,1500,3800
1747,3,165300,49300,43600,1300,3900
1748,3,165200,49000,48100,1300,4000
1749,3,157400,48200,43300,1300,4100
1750,3,181900,48700,44100,1400,3900
1751,3,164300,49000,44300,1400,4000
1752,3,166900,49100,43800,1400,3100
1753,3,171300,51700,44700,1400,3900
1754,3,218700,51600,47200,1500,3200
1755,3,229900,52100,46900,2300,4900
1756,3,171900,49400,43900,1500,4100
1757,3,163700,49200,43900,1300,4000
1758,3,167300,48900,47800,1300,3200
1759,3,195900,49500,43900,1400,4000
1760,3,219200,53900,44400,1400,3100
1761,3,225900,49600,43800,1400,4100
1762,3,180400,48100,43800,1300,4000
1763,3,148700,47800,44800,1200,3700
1764,3,148700,47500,43800,1300,3800
1765,3,148300,47700,44100,1300,3700
1766,3,147000,47900,43700,1300,3600
1767,3,154200,48200,44900,1300,3700
1768,3,152900,48000,43500,1400,3800
1769,3,158600,47400,43500,1300,3700
1770,3,498900,49500,381400,1300,3200
1771,3,522600,62100,382800,1400,4200
1772,3,230400,54700,43800,1500,59000
1773,3,234700,51300,44200,1500,63800
1774,3,206700,50800,44100,1400,20500
1775,3,165400,49200,43900,1300,4200
1776,3,198000,48900,43400,1400,4000
1777,3,156700,48700,44000,1200,3900
1778,3,157200,48200,43800,1300,3800
1779,3,188500,49100,43900,1400,4100
1780,3,167000,48800,43700,1300,3800
1781,3,157600,48000,43800,1300,3800
1782,3,154300,48100,43900,1300,3800
1783,3,158100,48300,43400,1300,3900
1784,3,154700,48200,43700,1300,3000
1785,3,198200,48800,43600,1400,4000
1786,3,202400,49200,43800,1300,4100
1787,3,152000,48100,44000,1300,3900
1788,3,152300,48500,44100,1300,3700
1789,3,152200,48200,44100,1200,3800
1790,3,155800,48400,43900,1300,3900
1791,3,182600,48800,43200,1400,3000
1792,3,162900,48900,43700,1300,4000
1793,3,158100,48400,43200,1300,3900
1794,3,157000,48300,43700,1300,3800
1795,3,156900,48300,44400,1400,3900
1796,3,156100,48100,45200,1400,3800
1797,3,154000,50500,43800,1300,2900
1798,3,211800,58200,48700,2500,4900
1799,3,213200,52500,46500,2400,4900
1800,3,178400,49700,44300,1500,4100
1801,3,159300,48800,44100,1300,4000
1802,3,158300,48700,43900,1300,3900
1803,3,160800,48100,44400,1400,3900
1804,3,169100,48800,44400,1400,3900
1805,3,171400,49800,43800,1400,3200
1806,3,206700,49200,44200,1400,4100
1807,3,179200,49300,44900,1400,4100
1808,3,174100,56100,45700,1400,4000
1809,3,160900,48900,43900,1300,4000
1810,3,187500,49500,44200,1400,4100
1811,3,159400,48400,44900,1300,3900
1812,3,162200,48800,42800,1400,4000
1813,3,163100,49100,44300,1400,4000
1814,3,165500,49000,44200,1300,4100
1815,3,167200,49200,44200,1400,4000
1816,3,204400,49600,44100,1400,4100
1817,3,187500,49400,44300,1400,4000
1818,3,164900,48900,43700,1400,4000
1819,3,192900,49000,43600,1400,4100
1820,3,175100,49200,44100,1400,3900
1821,3,190900,49300,44100,1300,4000
1822,3,182500,49100,44100,1300,4100
1823,3,151200,48600,43900,1300,3800
1824,3,149900,48200,43800,1200,3800
1825,3,152700,52400,44400,1200,2900
1826,3,149700,48000,43600,1300,3800
1827,3,151800,48100,44100,1300,3800
1828,3,153400,48500,43900,1300,3800
1829,3,155500,48200,44000,1300,2800
1830,3,162100,47600,43700,1400,4000
1831,3,737800,53600,603800,1500,3900
1832,3,532700,59100,397900,1500,4300
1833,3,248100,54800,44400,1500,66600
1834,3,258900,50700,44700,1500,67100
1835,3,188300,50200,44000,1500,21000
1836,3,204400,49400,44100,1400,4400
1837,3,172400,49100,44000,1400,3000
1838,3,181900,55500,47300,1400,3200
1839,3,195600,49200,45700,1400,4000
1840,3,214300,53800,50300,2400,4900
1841,3,183600,58600,46100,1500,4000
1842,3,159000,48700,44200,1300,4000
1843,3,164700,48600,44000,1400,4000
1844,3,164900,48900,44300,1400,3900
1845,3,214400,49000,43900,1400,4000
1846,3,228800,49900,44000,1400,4100
1847,3,198100,53500,44400,1400,3100
1848,3,178100,48700,44200,1400,4000
1849,3,155300,48900,44100,1400,3800
1850,3,157500,48600,44000,1300,3900
1851,3,186800,48000,43900,1400,2800
1852,3,164100,49700,44100,1300,3900
1853,3,162800,49000,45900,1300,3800
1854,3,157800,48500,43800,1400,3900
1855,3,156300,48100,43700,1300,3900
1856,3,154800,48100,43900,1300,3800
1857,3,154300,48400,44200,1300,3900
1858,3,177700,48100,44000,1300,3900
1859,3,183400,49000,44000,1400,3900
1860,3,170200,49000,43600,1400,4000
1861,3,153100,48300,43800,1300,3800
1862,3,150500,47700,43900,1300,3700
1863,3,154800,48100,44500,1300,3700
1864,3,159200,48300,44200,1400,2900
1865,3,166700,48500,43900,1300,4000
1866,3,189200,47900,43700,1400,3100
1867,3,168000,49600,44000,1300,4000
1868,3,158400,48100,44300,1400,3900
1869,3,162800,48400,44000,1400,3900
1870,3,174700,48300,43500,1300,3900
1871,3,159100,48700,43500,1400,3800
1872,3,161700,48100,43500,1300,3900
1873,3,156100,48400,44200,1300,3800
1874,3,161600,48700,44300,1300,4000
1875,3,159900,48600,43800,1400,3100
1876,3,165300,49000,44100,1400,3900
1877,3,161300,48800,43700,1400,4000
1878,3,206900,49000,48200,1400,4100
1879,3,214100,49600,43500,1400,4000
1880,3,171800,48500,44100,1400,3900
1881,3,186700,48900,44200,1400,4000
1882,3,177400,48300,43900,1200,4000
1883,3,145900,47700,43900,1200,2900
1884,3,148000,48000,43800,1300,3800
1885,3,147500,47700,43700,1300,3600
1886,3,149000,48300,44300,1300,3600
1887,3,169400,54600,45200,2300,4700
1888,3,161500,52900,44200,1500,4100
1889,3,187600,51700,46000,2300,4700
1890,3,181800,50600,44100,1400,4200
1891,3,172000,47900,44700,1400,4000
1892,3,547300,55900,409700,1400,3200
1893,3,527600,57500,391200,1500,4200
1894,3,458300,115300,88900,2300,102200
1895,3,421100,102400,87800,1800,106900
1896,3,386500,100600,86800,1900,28400
1897,3,208200,57900,45100,2100,4500
1898,3,170500,49500,44400,1500,4200
1899,3,194200,48900,43900,1400,3900
1900,3,180300,48400,43800,1400,3800
1901,3,157900,48500,43400,1400,3900
1902,3,160100,48800,44000,1400,3700
1903,3,164600,49600,44000,1400,3900
1904,3,159100,48800,44100,1400,3900
1905,3,167700,49300,43500,1400,4100
1906,3,185200,49100,44400,1300,4100
1907,3,160500,48900,43700,1300,4000
1908,3,159100,48600,44000,1300,3900
1909,3,197200,48900,44400,1400,4000
1910,3,185300,49100,43900,1400,4000
1911,3,195900,49100,44500,1500,4000
1912,3,168300,48700,44700,1400,4000
1913,3,164500,48600,44200,1300,4000
1914,3,162000,48600,44300,1300,3900
1915,3,160900,48600,44200,1300,3900
1916,3,160000,48900,43900,1300,3900
1917,3,158000,48900,44300,1300,3900
1918,3,180700,49500,43100,1300,3900
1919,3,187400,48900,43800,1400,3900
1920,3,172700,49300,43900,1300,4100
1921,3,157800,48700,44200,1300,3200
1922,3,159700,48400,44100,1300,3900
1923,3,157800,48100,44200,1400,3800
1924,3,161500,48400,43900,1400,3900
1925,3,167900,49000,44400,1400,4000
1926,3,204700,50300,47300,1400,3900
1927,3,173000,49500,46300,1400,4000
1928,3,166000,50600,43600,1400,4000
1929,3,167300,49300,44300,1400,3900
1930,3,229000,49500,44400,1400,3900
1931,3,202000,49500,43600,1400,4100
1932,3,157200,48700,44300,1300,3800
1933,3,159400,48600,43500,1400,3900
1934,3,170300,54800,44400,1400,3800
1935,3,158600,48900,44400,1300,3100
1936,3,165300,48800,44000,1300,4000
1937,3,160900,48500,44500,1400,3900
1938,3,168000,49200,44300,1400,4000
1939,3,193000,49100,44400,1400,4100
1940,3,213700,49200,45500,1400,4000
1941,3,223100,49800,43900,1400,4000
1942,3,179300,48700,43700,1300,3900
1943,3,147800,47900,43900,1300,3800
1944,3,147600,47700,43700,1200,3700
1945,3,149300,48100,44300,1200,3600
1946,3,148200,47900,44300,1300,3700
1947,3,147800,47800,43400,1300,3700
1948,3,147600,47600,43600,1300,3500
1949,3,154400,48400,44400,1300,3800
1950,3,160100,48400,44000,1400,3800
1951,3,164900,49100,44000,1300,4000
1952,3,159300,47700,43900,1400,4100
1953,3,505700,49600,385800,1400,3900
1954,3,529800,57000,382700,1500,4200
1955,3,218500,54500,44500,1500,58300
1956,3,245500,51200,44100,1500,61900
1957,3,181900,50800,44300,1400,20900
1958,3,162600,48900,44500,1300,4100
1959,3,188100,49100,44200,1400,4000
1960,3,173300,49100,43900,1400,3900
1961,3,163300,48900,43900,1300,3800
1962,3,164100,48800,44300,1300,4000
1963,3,154500,48600,44300,1300,3800
1964,3,158400,48600,43900,1300,4000
1965,3,164800,48400,43800,1400,4000
1966,3,176600,48600,44200,1300,4000
1967,3,156400,48600,44100,1300,3800
1968,3,162400,53800,46100,1400,3800
1969,3,181100,52800,51400,1500,6500
1970,3,171100,51300,46600,1300,4000
1971,3,284700,53400,46700,3300,4900
1972,3,213300,51900,45400,2400,4800
1973,3,169000,50300,44500,1500,3100
1974,3,165400,48900,43900,1400,3900
1975,3,172000,49300,44000,1400,4100
1976,3,163600,49400,44000,1300,4000
1977,3,162900,48400,43700,1300,4000
1978,3,185100,48900,43700,1300,3900
1979,3,200600,54300,44900,1400,4100
1980,3,173200,49300,43800,1500,4100
1981,3,156500,48800,43800,1300,4000
1982,3,154100,48700,43900,1300,3900
1983,3,162500,49600,44600,1300,3800
1984,3,156300,48700,43800,1400,3900
1985,3,173400,48500,43900,1400,3900
1986,3,190700,49200,45600,1400,3900
1987,3,165500,48900,44400,1400,3900
1988,3,157900,48400,44000,1400,3900
1989,3,161400,48800,43700,1400,4000
1990,3,188400,49500,43900,1300,4000
1991,3,163500,48500,44000,1300,3700
1992,3,165300,48700,43900,1400,4000
1993,3,170800,48900,43400,1400,4000
1994,3,159400,48600,43800,1300,3900
1995,3,164600,48100,44400,1400,4000
1996,3,170100,48800,43800,1400,4100
1997,3,178000,51900,45100,2300,4900
1998,3,174600,49500,43900,1400,4100
1999,3,197600,49400,44200,1400,4000
2000,3,180300,49500,44100,1400,4000
2001,3,193100,48300,43800,1300,4200
2002,3,225200,50200,44000,1400,4100
2003,3,191700,52000,44700,2300,4800
2004,3,158600,49500,43900,1500,4100
2005,3,152000,48200,44100,1400,3700
2006,3,159500,52500,44300,1400,2800
2007,3,157200,48100,44200,1400,3800
2008,3,156900,48400,44200,1300,3800
2009,3,168400,48900,43600,1400,3900
2010,3,171800,53200,44300,1400,2900
2011,3,167000,48800,44100,1400,4000
2012,3,165000,48800,44200,1400,4000
2013,3,167100,47100,45000,1300,4000
2014,3,536300,50400,389700,1400,4100
2015,3,569500,57600,402000,1400,4200
2016,3,373800,63100,47200,2400,92500
2017,3,236800,51800,44600,1500,65300
2018,3,185800,55600,44700,1400,19400
2019,3,191100,49100,44200,1400,4100
2020,3,175300,47900,44900,1400,4100
2021,3,162100,49000,43200,1400,4000
2022,3,160000,48900,43900,1300,3800
2023,3,160700,48700,43800,1400,3800
2024,3,166900,49300,44200,1400,3900
2025,3,162600,48400,44100,1400,3900
2026,3,182600,48100,43800,1300,4100
2027,3,159700,49300,44100,1300,4000
2028,3,153200,47800,44000,1300,3900
2029,3,156500,48400,44100,1300,3800
2030,3,159900,48500,44300,1400,3900
2031,3,192000,48000,43800,1500,2900
2032,3,168000,48700,43800,1400,4100
2033,3,202000,48900,44100,1300,4000
2034,3,182200,48800,43400,1400,4000
2035,3,157900,48800,44000,1300,3900
2036,3,155400,48400,43800,1300,3900
2037,3,154000,48700,43600,1200,3800
2038,3,181100,48900,43700,1300,3700
2039,3,183800,48700,44100,1400,4100
2040,3,172900,53000,44300,1400,3000
2041,3,158000,49200,45000,1400,3800
2042,3,150200,48000,44200,1200,3800
2043,3,152500,48200,43400,1300,3800
2044,3,156300,52100,44300,1300,2800
2045,3,157900,48200,44000,1400,3700
2046,3,188500,48700,43600,1400,3900
2047,3,158100,48200,43800,1300,3900
2048,3,149600,47900,43500,1300,3700
2049,3,154400,48500,44100,1400,3800
2050,3,178900,49000,43500,1400,3900
2051,3,164400,48400,43400,1300,3800
2052,3,168200,49700,48700,1400,3900
2053,3,174200,51300,44800,1400,3400
2054,3,171700,49200,43800,1300,8200
2055,3,170100,49300,44100,1300,4000
2056,3,157800,48600,44100,1400,3000
2057,3,164900,49300,43600,1400,3900
2058,3,173800,54700,43600,1400,4000
2059,3,196200,49700,44300,1400,4200
2060,3,188000,49300,43800,1500,4200
2061,3,235800,52000,47400,2400,4900
2062,3,222700,54600,47900,2400,4900
2063,3,178900,54000,47200,2300,4600
2064,3,221100,51700,45400,2400,4700
2065,3,184500,50400,44400,1500,4100
2066,3,154200,48400,44800,1300,3700
2067,3,151200,48200,44100,1200,3700
2068,3,159700,48400,43900,1300,3900
2069,3,158000,48600,44100,1300,2900
2070,3,166900,49600,44100,1300,3900
2071,3,166000,49100,43500,1400,3900
2072,3,168000,49700,45300,1300,4000
2073,3,165200,48600,44100,1300,4100
2074,3,189800,47800,43900,1500,4000
2075,3,522100,49300,405700,1300,4100
2076,3,542400,57500,386100,1400,4200
2077,3,221100,54700,44000,1400,58700
2078,3,223800,51200,48200,1400,63900
2079,3,202400,50300,44200,1500,20800
2080,3,171700,48800,43800,1400,4100
2081,3,161600,48800,43400,1400,3900
2082,3,166100,53400,44600,1300,2900
2083,3,163300,48700,44400,1300,2900
2084,3,163700,48300,44200,1400,3800
2085,3,169100,48600,44100,1400,4000
2086,3,216200,51900,45300,2400,4900
2087,3,158400,48500,44500,1400,3800
2088,3,160500,49000,43900,1400,3900
2089,3,165300,48200,43900,1500,3900
2090,3,161700,48800,44000,1300,3900
2091,3,202900,48700,43900,1500,3900
2092,3,176000,48600,44200,1400,4400
2093,3,172100,49200,43800,1400,4100
2094,3,169400,48500,44200,1400,4100
2095,3,207700,49200,44100,1400,4100
2096,3,203600,51600,45600,2400,4900
2097,3,164100,49000,44600,1400,4100
2098,3,186500,48900,44300,1400,3900
2099,3,191600,53400,44500,1300,3000
2100,3,213600,48400,44400,1400,4000
2101,3,189700,49300,44000,1400,3100
2102,3,153800,48300,45200,1300,3800
2103,3,156700,49200,44800,1300,3800
2104,3,160700,49300,45400,1400,2800
2105,3,165000,49400,47300,1300,3900
2106,3,210000,51600,47600,2400,4400
2107,3,171900,49800,45000,1500,4100
2108,3,151400,48100,44300,1300,3900
2109,3,155400,48300,44000,1300,3900
2110,3,178200,48600,44300,1300,3800
2111,3,157100,48300,44500,1400,3800
2112,3,161300,48100,43900,1400,3900
2113,3,162400,48300,43700,1300,3900
2114,3,173000,58600,44200,1400,3100
2115,3,166700,49600,43700,1400,4000
2116,3,168600,48900,43600,1400,4000
2117,3,170100,49000,44100,1400,4000
2118,3,161000,48600,43800,1300,4000
2119,3,196400,50700,43900,1400,4000
2120,3,182100,53600,44400,1300,3200
2121,3,191900,49500,43900,1400,4000
2122,3,182800,48900,43900,1400,4000
2123,3,152600,48500,44200,1200,3800
2124,3,153300,48200,44000,1400,3900
2125,3,156700,48300,44000,1300,3800
2126,3,190100,49100,44000,1300,4000
2127,3,173400,48200,44100,1400,3900
2128,3,151200,47900,44000,1200,3800
2129,3,154700,48100,43900,1300,3800
2130,3,159100,47600,44100,1400,3800
2131,3,163000,48500,43900,1400,4000
2132,3,160900,48600,43500,1300,3900
2133,3,163600,49000,43800,1300,4000
2134,3,183800,49300,43500,1300,3900
2135,3,155000,47200,44200,1300,3900
2136,3,530000,54400,383900,1400,3100
2137,3,539300,57200,415600,1500,4200
2138,3,250300,61200,45800,2400,77400
2139,3,256300,57000,44700,1500,63600
2140,3,187300,50800,44000,1500,20600
2141,3,156700,48800,43700,1300,4100
2142,3,155700,48700,44100,1300,3900
2143,3,161900,48500,44000,1400,3000
2144,3,166700,48900,43800,1400,4000
2145,3,173900,49000,43500,1400,4000
2146,3,200300,49800,49300,1400,4000
2147,3,171800,49000,45800,1400,4000
2148,3,187300,52300,45300,2400,4900
2149,3,160900,48900,44200,1500,4100
2150,3,165500,48800,44200,1400,4000
2151,3,202200,49300,44100,1400,4100
2152,3,167700,48700,43900,1400,4000
2153,3,172600,49000,43200,1400,4000
2154,3,163300,49300,44100,1300,3900
2155,3,165300,49100,44200,1300,3900
2156,3,161100,48400,43800,1300,3900
2157,3,200000,49300,43500,1400,4100
2158,3,207000,49300,44100,1400,4000
2159,3,187600,49000,44100,1400,4000
2160,3,172400,48600,43800,1400,4000
2161,3,156500,48900,43900,1300,3900
2162,3,154600,48500,44000,1300,3800
2163,3,154100,48000,43500,1300,3900
2164,3,157100,48500,44000,1400,3800
2165,3,159700,48200,44300,1300,3800
2166,3,189800,49200,44200,1400,3900
2167,3,161600,48800,43200,1400,3900
2168,3,160700,52500,44300,1200,3800
2169,3,154200,48600,43800,1400,3900
2170,3,179900,48800,44100,1300,3900
2171,3,157000,48300,43800,1300,3900
2172,3,157000,48200,43900,1300,3800
2173,3,158200,48300,43700,1300,3900
2174,3,164600,48900,43800,1300,4000
2175,3,166600,48900,43700,1400,4000
2176,3,173800,48900,43500,1400,4000
2177,3,173200,49100,44100,1300,4100
2178,3,174200,49200,44000,1300,4100
2179,3,206800,49500,43700,1400,4100
2180,3,178300,48600,43800,1400,3300
2181,3,200200,48800,43800,1400,3200
2182,3,189700,48800,44000,1400,4200
2183,3,154400,48400,44100,1200,3800
2184,3,156500,48200,43800,1400,4000
2185,3,197900,49000,43700,1400,4000
2186,3,190300,49300,43700,1400,4100
2187,3,153500,48800,43700,1300,3800
2188,3,189600,48800,43400,1400,2900
2189,3,179700,48800,44400,1300,4000
2190,3,161000,48500,43200,1400,3900
2191,3,164400,49100,47400,1300,3200
2192,3,160000,48200,43800,1400,3900
2193,3,163800,48800,43800,1300,4000
2194,3,184900,49600,45700,1300,3900
2195,3,180900,53500,45000,2300,4900
2196,3,220400,55300,46000,2300,4700
2197,3,508900,51100,389600,1400,4000
2198,3,505600,57000,383600,1400,4100
2199,3,247100,54700,44100,1500,61500
2200,3,231100,52000,44000,1400,62800
2201,3,173400,49900,43900,1500,20500
2202,3,153500,48300,44200,1300,4000
2203,3,154600,48200,44400,1200,3800
2204,3,155300,48200,44100,1300,2800
2205,3,165300,48800,44100,1400,4000
2206,3,185000,48800,43800,1400,4000
2207,3,160900,50000,43900,1300,3900
2208,3,157200,48200,43700,1300,2900
2209,3,160100,48700,43200,1400,3800
2210,3,168200,48900,43900,1400,3800
2211,3,191800,49300,43700,1900,3800
2212,3,168500,48300,43900,1300,4100
2213,3,168000,48700,43800,1300,4100
2214,3,163800,48200,43800,1300,3900
2215,3,163100,49000,44100,1400,3900
2216,3,157500,48700,43900,1300,3100
2217,3,162800,48700,43700,1300,3900
2218,3,180500,49000,43500,1300,4000
2219,3,278200,54500,57000,5100,4800
2220,3,202400,49700,43500,1400,4200
2221,3,155900,48600,44100,1300,3800
2222,3,152000,47600,44200,1300,3800
2223,3,155700,52700,44000,1400,2800
2224,3,155300,48200,44000,1400,3900
2225,3,158600,48500,43000,1300,3800
2226,3,186600,48900,43800,1300,4000
2227,3,162800,48300,43600,1300,2900
2228,3,151000,48100,44400,1200,4000
2229,3,158900,48400,44200,1300,4000
2230,3,184900,49100,43700,1400,3900
2231,3,161400,48500,44100,1300,3900
2232,3,163900,48500,43800,1300,3900
2233,3,160700,48300,44100,1300,3900
2234,3,158700,48300,43600,1300,3900
2235,3,162700,48800,43700,1400,4000
2236,3,168900,49000,44000,1300,4000
2237,3,167600,48700,44000,1300,4000
2238,3,175400,50000,45600,1400,3900
2239,3,227000,54300,51100,2400,4600
2240,3,205500,51300,45600,2400,4800
2241,3,209700,49900,46000,1500,4100
2242,3,186200,49000,44800,1400,4000
2243,3,155800,47700,44300,1300,4000
2244,3,158000,48500,44100,1200,3900
2245,3,150800,48200,43800,1300,3900
2246,3,157600,48500,44200,1300,3900
2247,3,154300,48600,43600,1400,3800
2248,3,159000,48200,44100,1200,4000
2249,3,165300,48700,43800,1400,3800
2250,3,205400,49500,44000,1400,4200
2251,3,192000,49200,44200,1400,4100
2252,3,167200,49400,44900,1400,4000
2253,3,165700,49000,43600,1300,4000
2254,3,186600,49300,44000,1300,4100
2255,3,159200,48900,43900,1400,3100
2256,3,191500,49500,43900,1300,4100
2257,3,162900,47300,43900,1300,4000
2258,3,501200,51000,386500,1300,3800
2259,3,535800,65600,379400,1500,3100
2260,3,234600,54800,44900,1400,59200
2261,3,225600,51500,44900,1400,63600
2262,3,179100,49600,43900,1400,20900
2263,3,160700,49000,44000,1400,4100
2264,3,160500,48700,43400,1300,4000
2265,3,167700,49000,44200,1400,4100
2266,3,182800,49200,43900,1400,4000
2267,3,160900,48600,44100,1300,3900
2268,3,164400,48700,43900,1400,3900
2269,3,161700,48600,44100,1400,2800
2270,3,206300,49200,43900,1400,4000
2271,3,233900,49500,44000,1500,4200
2272,3,175800,48800,43800,1400,4100
2273,3,160400,48600,43900,1400,3800
2274,3,163500,48400,44400,1400,4000
2275,3,166700,48800,44400,1400,3900
2276,3,157000,48400,44100,1300,3900
2277,3,159300,48300,44100,1300,3900
2278,3,181400,49000,44400,1400,3900
2279,3,188500,49100,44000,1400,3900
2280,3,171800,48900,43000,1300,4000
2281,3,225000,56300,47400,2400,4800
2282,3,192800,53300,46500,1500,4500
2283,3,172100,61500,45600,1300,3900
2284,3,155600,48700,43400,1400,3800
2285,3,158000,48500,43700,1300,2900
2286,3,188000,48900,43700,1400,4000
2287,3,158900,48500,43300,1400,3900
2288,3,147900,48000,43600,1300,2900
2289,3,151100,48100,43700,1300,3800
2290,3,175300,48300,43800,1300,3900
2291,3,157500,52600,44300,1300,2800
2292,3,154500,48200,43400,1300,3800
2293,3,154800,48100,43900,1200,3800
2294,3,158700,49500,44800,1300,3800
2295,3,159000,48300,44300,1300,4000
2296,3,159400,48400,43800,1300,4000
2297,3,159600,48100,45200,1400,3900
2298,3,166700,48600,44300,1400,4000
2299,3,198700,49300,43900,1400,3900
2300,3,181200,47700,43600,1400,4100
2301,3,193200,49100,44000,1400,3200
2302,3,185500,49000,43700,1400,4200
2303,3,159300,48300,44500,1400,3900
2304,3,148100,47900,43900,1300,3700
2305,3,153200,48200,44100,1300,3800
2306,3,168300,54000,45800,2300,4100
2307,3,170600,49400,44500,1400,7700
2308,3,156100,48700,43900,1400,3000
2309,3,158900,47900,43900,1400,3800
2310,3,164900,48800,43700,1400,3200
2311,3,166900,48900,43800,1400,3900
2312,3,206500,49400,44200,1400,4200
2313,3,192400,49300,44000,1500,4100
2314,3,192800,49100,44000,1400,4100
2315,3,165300,48300,44200,1400,4000
2316,3,198900,48900,44000,1400,4000
2317,3,164000,48800,43800,1400,3900
2318,3,157800,47100,44300,1300,3900
2319,3,521500,49400,380700,1400,3800
2320,3,514400,57200,377700,1500,4100
2321,3,218800,54200,44200,1500,58300
2322,3,222500,55700,44500,1400,63200
2323,3,177300,50500,43900,1400,20600
2324,3,156200,49100,44100,1300,3100
2325,3,165700,50700,45600,1400,4100
2326,3,188900,51700,45600,1300,4000
2327,3,174100,54300,46000,2300,4600
2328,3,163900,50400,44300,1400,4000
2329,3,162400,48900,43900,1300,3900
2330,3,167300,48400,43200,1300,3900
2331,3,203100,50200,44500,1500,3900
2332,3,174800,49600,43000,1500,4000
2333,3,170500,49300,44000,1300,4000
2334,3,173800,49700,45000,1400,4000
2335,3,160700,49200,43700,1400,4000
2336,3,166600,48900,49300,4900,3000
2337,3,164400,49400,44100,1300,3900
2338,3,184000,49300,43900,1300,4000
2339,3,191200,49000,43700,1400,4000
2340,3,173200,49000,43600,1400,2900
2341,3,161700,49500,43900,1200,4000
2342,3,157800,48800,44200,1300,4000
2343,3,196400,49100,44100,1400,4000
2344,3,181500,48900,43500,1400,4000
2345,3,165400,49000,44100,1400,3900
2346,3,194100,49100,43800,1400,3900
2347,3,167100,48800,43700,1300,3900
2348,3,158000,48900,43800,1300,3800
2349,3,159400,48300,44100,1300,3900
2350,3,184900,49000,43900,1400,4000
2351,3,159300,48900,43900,1300,3900
2352,3,157900,48200,43900,1400,3800
2353,3,159800,48700,43700,1300,3900
2354,3,160200,48800,43700,1300,4000
2355,3,201600,48900,43800,1500,4100
2356,3,196000,49400,43400,1400,4100
2357,3,157800,48400,44200,1300,3800
2358,3,159700,48300,43500,1300,3900
2359,3,190200,49200,43500,1400,4000
2360,3,176800,49100,43800,1300,4100
2361,3,193700,49000,43800,1400,3800
2362,3,186500,49400,43800,1300,4100
2363,3,153300,47800,43900,1400,3000
2364,3,154600,48100,44000,1300,3700
2365,3,160300,48500,44400,1300,3900
2366,3,148900,47900,44100,1200,3800
2367,3,152000,48100,43500,1300,3800
2368,3,157100,48800,43600,1200,3800
2369,3,155900,48600,44300,1300,3700
2370,3,163600,48900,43200,1400,4000
2371,3,162500,48400,43900,1300,3700
2372,3,165600,48800,43700,1400,4000
2373,3,167800,49300,45300,1300,3900
2374,3,245400,52200,46000,2400,4800
2375,3,222700,64000,48500,2400,4800
2376,3,204300,49600,44600,1400,4600
2377,3,160000,48800,43900,1400,3900
2378,3,153700,48600,44000,1300,3600
2379,3,181600,47800,44700,1300,3900
2380,3,516700,50300,391000,1400,3900
2381,3,504500,57100,383000,1500,4200
2382,3,215400,54400,44400,1500,58700
2383,3,217700,50900,43800,1400,63700
2384,3,174800,50600,44100,1400,20600
2385,3,160600,49300,44000,1300,4200
2386,3,179100,49000,43900,1400,4000
2387,3,152100,48800,44100,1300,3800
2388,3,152000,48000,43900,1300,3800
2389,3,151500,47900,45600,1400,2800
2390,3,175900,58700,45700,1500,3800
2391,3,232500,53300,46000,2400,4600
2392,3,196400,51200,45600,2400,4500
2393,3,172400,49700,45200,1500,3000
2394,3,167600,49100,44900,1300,3900
2395,3,165900,49300,44000,1300,4000
2396,3,167400,48800,44100,1400,4000
2397,3,153200,48000,43800,1300,2900
2398,3,183700,48800,44400,1400,3100
2399,3,198000,49300,44200,1400,4100
2400,3,180000,49400,44600,1300,4100
2401,3,167000,53000,44100,1400,3000
2402,3,160300,48300,43500,1400,4000
2403,3,162900,48900,43900,1400,3900
2404,3,161800,49000,44000,1400,4100
2405,3,203200,48900,44000,1400,4000
2406,3,221700,49100,44000,1400,4100
2407,3,162700,48100,44300,1200,3900
2408,3,153500,48000,43400,1300,3900
2409,3,160400,48500,44000,1300,3100
2410,3,179600,48700,44100,1400,4000
2411,3,157000,48300,44200,1300,3900
2412,3,164300,48300,43900,1400,3900
2413,3,155500,48400,43100,1300,3900
2414,3,159000,48500,44400,1300,3900
2415,3,160400,48800,43700,1300,4000
2416,3,162600,48600,45200,1300,4000
2417,3,178200,51900,45300,2400,4500
2418,3,197300,54600,49500,2400,4800
2419,3,200600,50700,44500,1400,4300
2420,3,177300,48600,44100,1400,4100
2421,3,193100,49400,44200,1400,4200
2422,3,189300,49300,43500,1500,4000
2423,3,159300,50900,44300,1300,2900
2424,3,159900,48800,44800,1400,3900
2425,3,162300,48200,43700,1400,3800
2426,3,158200,48400,44300,1400,3700
2427,3,162500,48600,44100,1400,3900
2428,3,154100,49000,43700,1300,3800
2429,3,161800,48200,44100,1300,3800
2430,3,168100,48900,43600,1400,3200
2431,3,175100,50000,45100,1400,4000
2432,3,177200,48900,46200,1300,4000
2433,3,172000,49000,43600,1400,4100
2434,3,196600,49300,44100,1300,4100
2435,3,168300,49000,43900,1300,4100
2436,3,233500,49500,43700,1400,4000
2437,3,185300,49100,44000,1400,4100
2438,3,163800,48600,44100,1300,3900
2439,3,184100,49000,43400,1400,4000
2440,3,207400,47500,44000,1400,3900
2441,3,533800,50600,382900,1400,4000
2442,3,498800,57500,378500,1400,4300
2443,3,216800,54900,43400,1400,59000
2444,3,220500,55500,44700,1400,62400
2445,3,177400,50100,43800,1400,20700
2446,3,179600,49200,44200,1400,4200
2447,3,150500,48300,43100,1300,3700
2448,3,151600,48500,44000,1300,3700
2449,3,151700,48000,44300,1200,3700
2450,3,154900,48300,43600,1300,3800
2451,3,188500,48800,44300,1400,3800
2452,3,168200,53000,44300,1300,3100
2453,3,168000,48400,43700,1300,3900
2454,3,161600,48400,43600,1400,2900
2455,3,164400,48900,44000,1400,3900
2456,3,166100,50300,45300,1300,3900
2457,3,162400,49100,44600,1400,4000
2458,3,188100,49000,44200,1400,4100
2459,3,181600,49100,44200,1300,2900
2460,3,200300,52400,45800,2300,4900
2461,3,168400,50900,44800,1400,4100
2462,3,166700,48400,44200,1300,3800
2463,3,159100,48400,43700,1400,3900
2464,3,158000,48100,43800,1400,3800
2465,3,169000,53200,44500,1400,3000
2466,3,189900,48600,44100,1300,3200
2467,3,202000,49300,44000,1400,4100
2468,3,177300,48900,44200,1300,4000
2469,3,153600,48600,43700,1300,3800
2470,3,177400,48900,44000,1400,3900
2471,3,157000,49100,45000,1300,3800
2472,3,157000,48600,44000,1300,3800
2473,3,158900,48700,44200,1200,3700
2474,3,171300,53700,49900,1400,3900
2475,3,181300,54300,45600,1400,4100
2476,3,168100,48600,44200,1400,3000
2477,3,158100,48900,43600,1400,4100
2478,3,161400,48700,43600,1300,4000
2479,3,190100,49000,43800,1400,4000
2480,3,171900,48500,44600,1300,3900
2481,3,187100,48600,43700,1400,4000
2482,3,179100,48600,43900,1300,3800
2483,3,148300,47800,44100,1300,3000
2484,3,160200,48200,44200,1300,3700
2485,3,172500,52500,44400,1300,3800
2486,3,161300,48400,43800,1300,3900
2487,3,162700,48200,43600,1300,3900
2488,3,167600,48600,44800,1400,4000
2489,3,168000,48900,43700,1400,3900
2490,3,163700,48900,43600,1300,4000
2491,3,171300,49300,43800,1400,4000
2492,3,171900,48800,44200,1400,4000
2493,3,166900,48600,43900,1400,3100
2494,3,188400,49200,43500,1400,4100
2495,3,162600,48800,43800,1400,3900
2496,3,194100,48900,43700,1300,4100
2497,3,163700,48600,44000,1300,4000
2498,3,196200,48800,43600,1400,4000
2499,3,211500,53500,44000,1400,3200
2500,3,169000,48700,43700,1300,4000
2501,3,154800,47100,43600,1300,3900
2502,3,500300,49800,386600,1400,3900
2503,3,505000,57600,378500,1400,4300
2504,3,290900,79200,47200,2400,96500
2505,3,289200,54200,48700,2400,104700
2506,3,213100,51700,45200,1400,21700
2507,3,172900,48700,44200,1300,10800
2508,3,159700,48900,44200,1200,3900
2509,3,157100,49500,45300,1300,3800
2510,3,161700,49300,44300,1300,3700
2511,3,195400,49300,43900,1400,3800
2512,3,171300,49000,44100,1300,4000
2513,3,163900,48900,44100,1300,3900
2514,3,163200,49100,43700,1400,3800
2515,3,166700,48800,43800,1400,4000
2516,3,172500,49000,45000,1400,4000
2517,3,172200,49100,44100,1400,3100
2518,3,192100,48900,44200,1400,4000
2519,3,198600,50100,44200,1500,4000
2520,3,188400,49100,44200,1400,4100
2521,3,156500,48400,43900,1300,4000
2522,3,161400,52200,44300,1400,2800
2523,3,167300,49000,44300,1400,4000
2524,3,161300,48800,44100,1400,4000
2525,3,204800,49100,43400,1400,4100
2526,3,237100,50000,51700,5300,4100
2527,3,167400,49000,44200,1400,4100
2528,3,155000,48500,43900,1400,3800
2529,3,193800,48800,44200,1400,3900
2530,3,202600,48900,44300,1400,4000
2531,3,154500,48200,43600,1300,3800
2532,3,154900,48000,43800,1300,3800
2533,3,157400,52300,44200,1300,2800
2534,3,156300,48400,43800,1300,3700
2535,3,157600,48600,43700,1300,3900
2536,3,159400,48300,44000,1300,3900
2537,3,170700,48400,55400,1400,3800
2538,3,161200,49100,44100,1400,3900
2539,3,189400,49200,43900,1400,3900
2540,3,170500,48700,43500,1400,4000
2541,3,185900,48800,43900,1300,3800
2542,3,177700,48800,43900,1300,3900
2543,3,148200,48100,44000,1200,3700
2544,3,146900,47600,43700,1300,3700
2545,3,150100,48400,43800,1300,3600
2546,3,151000,47900,43900,1300,2700
2547,3,155600,48500,44000,1300,3700
2548,3,157500,48600,44000,1300,3800
2549,3,160400,48500,43800,1400,3700
2550,3,165800,48900,43900,1300,4000
2551,3,187200,54200,50100,4600,4000
2552,3,172600,48900,46600,1700,4400
2553,3,179400,50100,44700,1400,9200
2554,3,204300,50000,44200,1300,4200
2555,3,163000,53600,44400,1300,2900
2556,3,235000,61300,55500,7400,4700
2557,3,181900,53100,45400,2400,4600
2558,3,168500,53500,44600,1500,3200
2559,3,189100,50400,44600,1400,4000
2560,3,210800,49700,43500,1400,4200
2561,3,185900,49300,43900,1300,3900
2562,3,152500,48500,43300,1300,3800
2563,3,503500,49300,394500,1400,3700
2564,3,514400,57100,392500,1400,4200
2565,3,227700,59700,44500,1500,58700
2566,3,242400,50900,43800,1400,63600
2567,3,172900,50500,44500,1500,20600
2568,3,156200,52400,44200,1300,3000
2569,3,161400,48600,44100,1300,3800
2570,3,165300,48900,43900,1300,4000
2571,3,196300,49100,43700,1500,4000
2572,3,172600,49100,43600,1400,4000
2573,3,169200,53300,44600,1500,3000
2574,3,161400,48900,44000,1300,3900
2575,3,160100,48700,44200,1300,3900
2576,3,161200,48700,43600,1400,3900
2577,3,162700,49200,44100,1400,3900
2578,3,187700,49100,44000,1400,4000
2579,3,193800,49300,43600,1400,4000
2580,3,179700,49100,44400,1400,4100
2581,3,163100,48800,44300,1300,4000
2582,3,170100,48800,43500,1400,3800
2583,3,151500,48100,44600,1400,3000
2584,3,165400,48900,44000,1400,3800
2585,3,167000,49200,44000,1500,3900
2586,3,189500,48800,44600,1400,4000
2587,3,188400,53200,46300,2300,4600
2588,3,167500,49400,44400,1400,4200
2589,3,160300,49100,43800,1300,4100
2590,3,189600,48900,44500,1400,3900
2591,3,198900,49000,44100,1400,4100
2592,3,184300,48900,44200,1400,4000
2593,3,159300,48700,44000,1200,4000
2594,3,166900,50200,45700,1400,3400
2595,3,180100,51600,46100,2400,4800
2596,3,172400,49800,44500,1400,4100
2597,3,185500,54800,46000,2400,4800
2598,3,190000,54300,45300,2400,4900
2599,3,201700,49800,45900,1500,4300
2600,3,175700,48900,44000,1400,4000
2601,3,197700,49100,42500,1400,4000
2602,3,187700,48700,44800,1400,3800
2603,3,158800,52600,44400,1200,3700
2604,3,156100,47900,44900,1300,3700
2605,3,155900,48200,43800,1300,3800
2606,3,154200,48300,45300,1300,3700
2607,3,154900,48100,43900,1400,3900
2608,3,168200,48700,43900,1400,3800
2609,3,163800,48800,43600,1500,3000
2610,3,212500,49200,43700,1400,4100
2611,3,205500,49000,43400,1400,4000
2612,3,171900,53400,44200,1500,2900
2613,3,173900,48900,43500,1400,4000
2614,3,186000,49400,44000,1400,4100
2615,3,162600,48700,43900,1300,4000
2616,3,206600,54300,44200,1400,4100
2617,3,157000,48400,43700,1300,3900
2618,3,157400,47600,44300,1300,3900
2619,3,183200,48900,43200,1400,4000
2620,3,169100,48200,43900,1400,3800
2621,3,157700,48500,43800,1300,3900
2622,3,193600,48800,43500,1400,4000
2623,3,176300,47000,44000,1400,3800
2624,3,499300,49400,388000,1300,3800
2625,3,510000,57500,383700,1500,4200
2626,3,240400,55000,44100,1400,59400
2627,3,215300,51100,43800,1500,63900
2628,3,171100,49900,43600,1400,20500
2629,3,153200,48400,43800,1300,3900
2630,3,155200,48100,43800,1300,3800
2631,3,184500,48600,43600,1500,2800
2632,3,162800,48800,43900,1300,4000
2633,3,161100,48300,43600,1300,3800
2634,3,157300,48500,44100,1400,3900
2635,3,163500,51600,47100,1300,3800
2636,3,178700,51200,61100,3900,3700
2637,3,184300,54600,49200,2400,4900
2638,3,223400,54900,47900,2400,4700
2639,3,204100,51400,45300,1500,4500
2640,3,205300,58700,46100,2400,4200
2641,3,183900,52100,45600,2400,4800
2642,3,164000,48500,44000,1500,4000
2643,3,163200,50000,43800,1300,3800
2644,3,169900,49400,43700,1400,3900
2645,3,157600,48400,44100,1400,3100
2646,3,194500,49300,44200,1400,3900
2647,3,169300,50100,44200,1300,4100
2648,3,152300,48000,43900,1300,3900
2649,3,154900,48100,44300,1400,2800
2650,3,181500,48700,45100,1400,3900
2651,3,161000,48600,43500,1300,3900
2652,3,160000,48300,43600,1300,3900
2653,3,197700,48700,43800,1300,4000
2654,3,189200,49700,44000,1300,4100
2655,3,173200,48700,44100,1400,4100
2656,3,165800,48100,44000,1300,4000
2657,3,166400,49300,43500,1400,3900
2658,3,167200,49000,43800,1400,4100
2659,3,194000,49400,44100,1400,3900
2660,3,177100,53300,43900,1300,3200
2661,3,197200,53300,44100,1400,3200
2662,3,181500,48500,43900,1300,3900
2663,3,151400,47600,44100,1300,3800
2664,3,153300,47800,43500,1300,3800
2665,3,153900,48700,44100,1200,3800
2666,3,157900,54000,43800,1300,3800
2667,3,154000,48700,43400,1400,3000
2668,3,152600,48600,44100,1300,3900
2669,3,159400,48200,43600,1300,3800
2670,3,168400,49000,44200,1400,4000
2671,3,175300,50600,44000,1400,4000
2672,3,173000,48900,44200,1400,4100
2673,3,173200,48800,44000,1400,4000
2674,3,189900,49200,44100,1400,4000
2675,3,177800,48900,44100,1400,4100
2676,3,204400,51500,44800,2400,4700
2677,3,169700,49500,43800,1400,4100
2678,3,168300,53700,44400,1300,3000
2679,3,185400,49000,44100,1400,4100
2680,3,174300,48900,44100,1400,4200
2681,3,161100,48800,44100,1400,3900
2682,3,160200,49200,43600,1400,4000
2683,3,160100,49000,44100,1400,4000
2684,3,199100,48200,45300,1400,4200
2685,3,568700,52900,401600,2400,4900
2686,3,557100,63700,388900,2600,4200
2687,3,235900,55700,44400,1500,60400
2688,3,219100,51100,44000,1400,62100
2689,3,181400,55000,44400,1400,18800
2690,3,166900,48800,43900,1400,4200
2691,3,200600,49100,44000,1400,3900
2692,3,169100,49100,44500,1300,4000
2693,3,167100,49200,43500,1400,4000
2694,3,176900,53900,44400,1400,4000
2695,3,203400,49400,44200,1400,4000
2696,3,191200,49700,43800,1400,3100
2697,3,158200,48400,44100,1400,3900
2698,3,178700,48700,44200,1400,3900
2699,3,184600,49000,43600,1400,3900
2700,3,172200,48400,44100,1400,4100
2701,3,159200,48600,44200,1400,3900
2702,3,157900,48600,43600,1400,3800
2703,3,162400,48500,44200,1300,3800
2704,3,160500,48200,43600,1400,3800
2705,3,167400,49000,45600,1400,3900
2706,3,197900,49300,43500,1500,3900
2707,3,159200,48800,43600,1400,3900
2708,3,155800,48700,44000,1300,3900
2709,3,158300,48400,43400,1300,3800
2710,3,177200,48800,44400,1300,3800
2711,3,163400,48600,47700,1300,3800
2712,3,158500,48400,44200,1400,3800
2713,3,161000,48500,44300,1300,3800
2714,3,159700,48400,44200,1300,4000
2715,3,199200,49100,44000,1400,4100
2716,3,184600,49100,44000,1400,4100
2717,3,154700,48300,43500,1300,3300
2718,3,160800,48800,44100,1300,4000
2719,3,190300,49200,43600,1400,4100
2720,3,180000,53900,47900,1400,3900
2721,3,190200,50500,44400,1400,4000
2722,3,177500,48700,44000,1200,3900
2723,3,152300,47800,44100,1200,3700
2724,3,146900,47800,43600,1300,3700
2725,3,145600,47500,44000,1300,3000
2726,3,147100,47700,43400,1200,3700
2727,3,148200,48000,43700,1200,3700
2728,3,152100,49900,43500,1300,3800
2729,3,160500,49400,46500,1300,3800
2730,3,161100,50000,44200,1400,3900
2731,3,166900,48800,43300,1300,6000
2732,3,163600,48900,43800,1300,3900
2733,3,168600,48800,43900,1400,3900
2734,3,182400,48600,43600,1300,3900
2735,3,162800,48600,43600,1300,3900
2736,3,189400,48400,43500,1500,2900
2737,3,165900,48800,43700,1400,3900
2738,3,153100,48300,43800,1300,3800
2739,3,191900,49600,44400,1400,4000
2740,3,184100,53400,44200,1500,3000
2741,3,159400,48300,43700,1400,3900
2742,3,166200,50100,43600,1300,3900
2743,3,163300,52700,44100,1300,3000
2744,3,160500,48600,43900,1500,3900
2745,3,161800,47400,43400,1300,4000
2746,3,567300,51400,388300,1400,4200
2747,3,522300,56800,378700,1500,4300
2748,3,219400,55000,44500,1400,57900
2749,3,216800,50800,43900,1400,63000
2750,3,176500,50200,44000,1500,19200
2751,3,191200,49300,43800,1400,4100
2752,3,167000,48900,44200,1300,4100
2753,3,161200,49400,43500,1300,3900
2754,3,160400,48700,44100,1400,3900
2755,3,159900,48800,43900,1300,3900
2756,3,157700,48700,43800,1400,3900
2757,3,156200,48400,43400,1300,4000
2758,3,179000,49000,44200,1300,4000
2759,3,185000,48800,43800,1300,4100
2760,3,173900,53000,44500,1400,3100
2761,3,157200,48800,43300,1300,3900
2762,3,156700,48800,44100,1300,3900
2763,3,160400,48900,43900,1400,3800
2764,3,163300,48600,43800,1400,3900
2765,3,165900,48900,43800,1500,3200
2766,3,194100,48700,44000,1400,4000
2767,3,169400,48700,44300,1400,4100
2768,3,164400,48600,43800,1400,3900
2769,3,154800,48700,43600,1300,3900
2770,3,184500,49000,44000,1500,3900
2771,3,169100,48700,44100,1400,3900
2772,3,167200,49800,44500,1300,3800
2773,3,185100,52600,45500,2400,4700
2774,3,175800,50300,44700,1500,4100
2775,3,181100,54700,46000,1400,3200
2776,3,171000,49200,44500,1400,3900
2777,3,219100,54800,47300,1500,3900
2778,3,196000,50500,45000,1300,4300
2779,3,197000,48800,44100,1400,4000
2780,3,239600,49800,43600,1500,4300
2781,3,225400,49700,43800,1400,4200
2782,3,181300,49100,43900,1300,4000
2783,3,149300,48200,44000,1200,3800
2784,3,148900,48800,43600,1300,3600
2785,3,148600,48100,43700,1200,3700
2786,3,148300,48100,43900,1300,3800
2787,3,148200,48200,43600,1200,3700
2788,3,152000,47900,45400,1300,3800
2789,3,156600,48200,43700,1400,3600
2790,3,162800,49600,44100,1400,3900
2791,3,164000,48800,43700,1400,4100
2792,3,164100,53500,44400,1300,2900
2793,3,166500,48900,43600,1300,4100
2794,3,184700,49600,43700,1300,4100
2795,3,164500,48400,43900,1400,3800
2796,3,191100,48800,43800,1300,4000
2797,3,162600,48600,43800,1400,3700
2798,3,164200,49700,46500,1300,3800
2799,3,190900,48500,43700,1400,4000
2800,3,165600,48300,43500,1300,4100
2801,3,157400,48100,43900,1300,3900
2802,3,170300,50600,46500,1400,4000
2803,3,204000,59300,46100,2300,5000
2804,3,165400,48400,45800,1500,4200
2805,3,175700,49100,51600,2500,4000
2806,3,205900,50800,46000,1400,4500
2807,3,511700,50400,394600,1300,4100
2808,3,548400,57500,386300,1400,4200
2809,3,289500,59200,45600,2100,96400
2810,3,230300,53200,44700,1500,64200
2811,3,211100,50700,44300,1600,19600
2812,3,165900,48400,44100,1400,4100
2813,3,161900,48600,44200,1400,4000
2814,3,161700,49200,46000,1300,3900
2815,3,166900,53800,44600,1300,3900
2816,3,177200,53500,45500,2300,4600
2817,3,159800,49200,44300,1400,4100
2818,3,180700,49500,44200,1400,4000
2819,3,184600,49000,44300,1300,4000
2820,3,171600,49000,44100,1300,3900
2821,3,153700,48600,44100,1300,3900
2822,3,151900,48100,43900,1300,3800
2823,3,157100,52500,44200,1400,3800
2824,3,162200,48600,44000,1400,3800
2825,3,175300,49700,44400,1400,3900
2826,3,224100,50900,44300,1900,4300
2827,3,181400,50800,44300,1400,4100
2828,3,168600,53100,45300,1400,3000
2829,3,163000,48300,43700,1400,4100
2830,3,192400,49000,44000,1400,4100
2831,3,159800,49000,43900,1300,4000
2832,3,166900,48600,47000,1400,3900
2833,3,166400,48700,43600,1400,4100
2834,3,157200,48500,43600,1400,3100
2835,3,166600,50400,43900,1300,4100
2836,3,166000,50000,44200,1300,4100
2837,3,166700,48800,44000,1400,4000
2838,3,166100,48700,43900,1300,4000
2839,3,244900,49800,43800,1400,4100
2840,3,201100,49800,44200,1400,4200
2841,3,192100,48900,43800,1300,4100
2842,3,185500,49900,43900,1300,3900
2843,3,154000,49300,45900,1200,3900
2844,3,155100,49300,43700,1300,3100
2845,3,152200,48700,43900,1200,3900
2846,3,149500,48400,43800,1300,3100
2847,3,151600,48300,43400,1300,3800
2848,3,153200,48400,43800,1300,3800
2849,3,156700,48900,43400,1300,3700
2850,3,161300,48900,43600,1400,3900
2851,3,163900,48800,44400,1400,3000
2852,3,163000,48800,44100,1300,4000
2853,3,165700,49300,44300,1400,4000
2854,3,180900,49500,44400,1400,4100
2855,3,161900,48800,45200,1400,4100
2856,3,198900,49100,43600,1400,4000
2857,3,174500,49300,44200,1300,4100
2858,3,166700,49100,44100,1300,3900
2859,3,195400,49300,43600,1400,4100
2860,3,182300,49600,44000,1400,4000
2861,3,169900,48900,44300,1400,4000
2862,3,155800,48300,44200,1300,4000
2863,3,190400,52500,45400,2300,4200
2864,3,177300,52100,45600,1400,4000
2865,3,206400,50300,43600,1500,4000
2866,3,225100,50000,46800,1400,4100
2867,3,154600,47300,44000,1300,3800
2868,3,515500,50800,397000,1300,2900
2869,3,502200,57100,379700,1500,4200
2870,3,265200,54700,44300,1600,58400
2871,3,282000,51000,48600,1500,64000
2872,3,185700,50400,44400,1500,20900
2873,3,163400,49100,44000,1300,4100
2874,3,157800,48400,43600,1300,3800
2875,3,157500,48800,43800,1400,4000
2876,3,157000,49200,44100,1300,4000
2877,3,154000,49100,43500,1400,3800
2878,3,179600,49200,43500,1300,3800
2879,3,183300,48400,43800,1300,4000
2880,3,169700,48800,43700,1300,3900
2881,3,150600,48300,44100,1300,2800
2882,3,150600,47500,43800,1300,3800
2883,3,158400,50200,47400,1300,3700
2884,3,185600,64500,50900,2300,3700
2885,3,191300,55400,48000,2400,4400
2886,3,200500,50300,44800,1500,4600
2887,3,167100,49400,44400,1400,3000
2888,3,158800,48800,43600,1300,3900
2889,3,163800,48800,44300,1300,3800
2890,3,206700,52400,45000,2400,4000
2891,3,179500,58100,44800,1400,4000
2892,3,185900,51800,45200,2400,4700
2893,3,160200,48700,43900,1400,4200
2894,3,163300,48900,43700,1300,4000
2895,3,184300,50700,54600,2400,4100
2896,3,173700,50700,46000,1500,4500
2897,3,171600,53900,44300,1300,3100
2898,3,164300,48900,43700,1400,4000
2899,3,196900,49000,44200,1400,4300
2900,3,176300,49200,44100,1400,4000
2901,3,229700,49300,43800,1400,4200
2902,3,205800,49300,44300,1400,4200
2903,3,149100,48500,43600,1200,3800
2904,3,148700,47800,44300,1300,3800
2905,3,153500,49900,46100,1200,3700
2906,3,154900,49800,46800,1300,3700
2907,3,166700,49600,44300,1400,8400
2908,3,150100,48000,43700,1200,3800
2909,3,167100,53900,44200,1300,3700
2910,3,170200,48900,43800,1400,4100
2911,3,171100,49400,44100,1300,4000
2912,3,170100,48900,44300,1400,4100
2913,3,170300,49200,44500,1400,4100
2914,3,187000,49300,43500,1400,4100
2915,3,156800,48700,43600,1300,2900
2916,3,189700,48400,44000,1300,4100
2917,3,162300,49200,44000,1300,3800
2918,3,173100,49900,44500,1500,4100
2919,3,197700,49400,44600,1400,4000
2920,3,177200,49400,44300,1400,3900
2921,3,167100,50200,44000,1300,3800
2922,3,166500,53100,44600,1500,3100
2923,3,166800,48600,44600,1300,4000
2924,3,157500,48400,44000,1300,3900
2925,3,167100,50800,43500,1400,3300
2926,3,185400,49200,43800,1400,3900
2927,3,160000,48600,43700,1300,3900
2928,3,156900,47000,43800,1300,4200
2929,3,506500,49800,392100,1400,3900
2930,3,514600,57400,384700,1400,4100
2931,3,257100,55200,44300,2500,59500
2932,3,278300,52000,44200,1600,68000
2933,3,205500,50400,44100,1400,19500
2934,3,167500,53500,45200,1400,3300
2935,3,162500,53100,44500,1300,2900
2936,3,163900,49800,45100,1300,3900
2937,3,158500,48600,45600,1300,4000
2938,3,179400,48700,44000,1400,3900
2939,3,184800,48800,43600,1400,4000
2940,3,172600,49200,44200,1400,4100
2941,3,164000,48700,43900,1300,3900
2942,3,158100,48700,43700,1400,3900
2943,3,158000,48800,43700,1300,3800
2944,3,160900,48600,43600,1400,3900
2945,3,162600,48200,43700,1300,3800
2946,3,188700,49100,43600,1300,4000
2947,3,163000,48600,44100,1200,3800
2948,3,156900,48500,43700,1400,4000
2949,3,181100,53300,45600,2400,4900
2950,3,299800,54000,46900,2400,4700
2951,3,232100,52800,46300,2400,4800
2952,3,172100,49900,44500,1500,4100
2953,3,167700,48700,44400,1300,3900
2954,3,172600,48300,44200,1300,3900
2955,3,159200,48700,44000,1500,3900
2956,3,169700,49000,48100,1300,3900
2957,3,168800,49300,44300,1400,3900
2958,3,164000,49600,44300,1400,4000
2959,3,198000,49400,45900,1500,4100
2960,3,174600,49000,43700,1400,4100
2961,3,195200,49100,45400,1400,4000
2962,3,184800,49200,44300,1300,3900
2963,3,190300,49000,44000,1400,4000
2964,3,173800,48300,44900,1300,2900
2965,3,153600,52700,43600,1300,3600
2966,3,149900,48000,44100,1300,3700
2967,3,156000,51500,46600,1400,3800
2968,3,157500,49600,44700,1300,3100
2969,3,155900,48700,43800,1300,3800
2970,3,161600,49800,43400,1300,3900
2971,3,161700,48600,44000,1500,3800
2972,3,161300,48800,43500,1400,4000
2973,3,160700,48300,44000,1400,3000
2974,3,183500,48800,44100,1500,3000
2975,3,158800,52800,44100,1200,2800
2976,3,188900,48700,44100,1400,4000
2977,3,158400,50500,44000,1300,3800
2978,3,152500,47700,43800,1300,3700
2979,3,183000,48900,43900,1500,3900
2980,3,172500,48600,44300,1400,3900
2981,3,160500,49100,43700,1300,3800
2982,3,170100,50300,44800,1400,3900
2983,3,165900,51700,44100,1400,3900
2984,3,162800,49000,44400,1300,4000
2985,3,173100,49000,43800,1300,4000
2986,3,178900,49100,43900,1400,4100
2987,3,157100,48700,44400,1200,3900
2988,3,161800,49100,43800,1400,3900
2989,3,155200,48700,44100,1300,3800
2990,3,500600,49200,382400,1300,3900
2991,3,539200,57500,380800,1500,4200
2992,3,235800,56300,45700,1400,58600
2993,3,301100,58200,49300,2400,112100
2994,3,271400,54500,46400,2300,25500
2995,3,211200,51000,45500,1500,4100
2996,3,167000,49200,44300,1500,4000
2997,3,166700,53200,44300,1400,3100
2998,3,184900,48300,44200,1400,4100
2999,3,188200,48800,44400,1400,4000
3000,3,172900,48300,44300,1400,4000
3001,3,158300,49000,44000,1300,3900
3002,3,155800,48500,45300,1300,3900
3003,3,156700,48200,44000,1400,3900
3004,3,156800,48500,43900,1400,3800
3005,3,162000,49600,44000,1400,3800
3006,3,194100,49200,44100,1400,3900
3007,3,163800,50200,44000,1300,3800
3008,3,152600,48200,44200,1300,3800
3009,3,154400,48200,44300,1300,3800
3010,3,181300,48700,43900,1400,3900
3011,3,165500,49300,44700,1300,4000
3012,3,169600,49200,46300,1400,3900
3013,3,165500,48700,44100,1400,3900
3014,3,166800,48900,44100,1400,4000
3015,3,168600,49100,43700,1400,4000
3016,3,178200,49200,43500,1400,4100
3017,3,166300,49300,44100,1400,3100
3018,3,175400,50400,46400,1500,4100
3019,3,206100,49700,48000,1400,4000
3020,3,175200,49000,44300,1400,4100
3021,3,195600,49100,44000,1400,4200
3022,3,186600,48900,45600,1500,4000
3023,3,157500,48900,44600,1300,4000
3024,3,157200,48800,43600,1300,3800
3025,3,192700,48900,44000,1400,4100
3026,3,180800,48800,44100,1300,4000
3027,3,157100,48400,43800,1300,3900
3028,3,157100,49500,43400,1300,3800
3029,3,163400,48600,44100,1300,3800
3030,3,169500,49000,43900,1400,3900
3031,3,168000,48700,43800,1300,4000
3032,3,164600,48600,43400,1400,4000
3033,3,166800,48700,44400,1300,3400
3034,3,187600,50400,43800,1400,4100
3035,3,203900,50800,43700,1400,4100
3036,3,225100,49600,44000,1400,4200
3037,3,156200,48300,43700,1300,3900
3038,3,153900,48300,44200,1300,3800
3039,3,208500,52600,45900,2400,4800
3040,3,202300,58600,46700,2300,4900
3041,3,172000,50200,45400,1400,4200
3042,3,162100,48500,44600,1300,3900
3043,3,161800,48200,44300,1400,3900
3044,3,161500,48200,44100,1300,3800
3045,3,168200,50200,44800,1300,3900
3046,3,189400,48800,46600,1400,4100
3047,3,168600,48900,43600,1300,7900
3048,3,152800,48400,43900,1300,4000
3049,3,159300,48300,44200,1300,3800
3050,3,163300,47800,43500,1300,4000
3051,3,555400,50500,406700,1400,4000
3052,3,533200,58200,386600,1500,4200
3053,3,228200,54600,46000,1500,59100
3054,3,232700,51500,44300,1500,64000
3055,3,180200,50700,43700,1400,20700
3056,3,199400,49400,43800,1400,4300
3057,3,178500,48900,44600,1300,3200
3058,3,195600,50100,45400,1700,4300
3059,3,189200,49600,43800,1400,4100
3060,3,170900,49000,43700,1400,3900
3061,3,153900,48400,44200,1300,3800
3062,3,151200,47900,44300,1200,3700
3063,3,154000,48700,44700,1500,3700
3064,3,161400,53100,45400,1400,2900
3065,3,160700,48800,43800,1300,3800
3066,3,187100,48700,44300,1400,3800
3067,3,158900,48600,44100,1300,3900
3068,3,150600,48200,43700,1200,3700
3069,3,151800,49100,44700,1300,3000
3070,3,194400,49900,45700,1700,4000
3071,3,163100,48800,44400,1300,3900
3072,3,157900,48700,44000,1300,3900
3073,3,161800,48600,43900,1300,3800
3074,3,164500,48900,44300,1300,3900
3075,3,166900,49200,44400,2800,4000
3076,3,173700,49200,50100,1400,3900
3077,3,165600,48800,44500,1400,3800
3078,3,172400,48800,44100,1400,4100
3079,3,197000,49000,44300,1400,4200
3080,3,185100,49200,44400,1500,4100
3081,3,202700,49100,43600,1500,4000
3082,3,220200,65300,47900,2400,4400
3083,3,194100,53600,46300,2500,4700
3084,3,181300,52300,44400,2400,4800
3085,3,160000,49500,44600,1400,3100
3086,3,159200,49800,44700,1300,3900
3087,3,197200,49900,45200,1400,4000
3088,3,180800,49500,43800,1500,4100
3089,3,160600,48900,44100,1400,4000
3090,3,163600,48000,43900,1400,3800
3091,3,169100,49600,43900,1300,4000
3092,3,167800,49400,44300,1300,3900
3093,3,169100,51000,45400,1400,4000
3094,3,188200,49200,45500,1300,4100
3095,3,160700,49000,43800,1400,3900
3096,3,194600,49200,47500,1400,4100
3097,3,159300,48600,44400,1400,4100
3098,3,156900,48600,44000,1300,3800
3099,3,180700,48600,43700,1300,3000
3100,3,167800,48700,43600,1300,3800
3101,3,158600,49400,45400,1400,3900
3102,3,156100,49100,44100,1300,4000
3103,3,158100,48300,44200,1300,3800
3104,3,161700,48300,43900,1400,3900
3105,3,171000,48500,43800,1400,3900
3106,3,193700,49100,43900,1400,4000
3107,3,160700,48900,44200,1400,3900
3108,3,162600,49200,43800,1300,3800
3109,3,166600,48800,44900,1300,3900
3110,3,172100,48500,43600,1400,10100
3111,3,198800,48000,43800,1300,4100
3112,3,530000,50300,392800,1400,4000
3113,3,559200,63900,408500,2500,5000
3114,3,246500,58600,45000,1500,59200
3115,3,234900,51300,43900,1500,64100
3116,3,190900,51700,44300,1500,21800
3117,3,165100,50600,45200,1500,4200
3118,3,228200,49500,44700,1500,4100
3119,3,214500,49900,43800,1500,4200
3120,3,218400,50000,44400,1400,4100
3121,3,196600,49400,43800,1400,4100
3122,3,154900,48500,44100,1200,3800
3123,3,153000,48100,43900,1200,3800
3124,3,158800,49500,45200,1300,3700
3125,3,165700,50100,44600,1300,3800
3126,3,218800,52600,45100,2400,4900
3127,3,166500,48800,44500,1400,4000
3128,3,157100,50200,43900,1300,3800
3129,3,151500,48000,43600,1300,3800
3130,3,180800,49800,45300,1300,3900
3131,3,154300,48100,43700,1300,3900
3132,3,157200,48300,45200,1300,3800
3133,3,156200,48300,44300,1400,3800
3134,3,158000,47900,44000,1300,4000
3135,3,168000,48500,47500,1400,4000
3136,3,176100,50200,45700,1500,4000
3137,3,195500,52200,46900,1400,4000
3138,3,221000,61900,48500,2400,4800
3139,3,384000,52400,45800,1500,3700
3140,3,202600,52100,55800,2400,4000
3141,3,202400,50800,45100,1500,4300
3142,3,205900,51400,46300,1600,4100
3143,3,165000,50900,47200,1300,4100
3144,3,426300,233800,119300,2300,4600
3145,3,243500,108900,46300,2500,4900
3146,3,162700,50100,44400,1500,4700
3147,3,155100,48000,44200,1400,3900
3148,3,155200,48000,44000,1400,3900
3149,3,199300,48600,44100,1400,4000
3150,3,190200,49600,44100,1300,4100
3151,3,164000,48700,44200,1300,3100
3152,3,178600,50700,54900,2400,4000
3153,3,275200,63400,48000,2400,4600
3154,3,192700,50300,45200,1500,4300
3155,3,160500,48900,44200,1300,3900
3156,3,191500,49500,44700,1400,4000
3157,3,164000,50200,46900,1300,3900
3158,3,160900,48600,44700,1200,3800
3159,3,182900,48800,44900,1400,3900
3160,3,167700,48900,44500,1400,3700
3161,3,156100,48500,44700,1300,3900
3162,3,154000,48500,44600,1300,3700
3163,3,158800,49400,47100,1300,3100
3164,3,180400,51900,45600,2300,4700
3165,3,174700,49200,43600,1400,4200
3166,3,192400,50000,44300,1300,4100
3167,3,167600,49100,43500,1300,4100
3168,3,193200,54800,48900,2400,4900
3169,3,174100,50900,46500,1500,4300
3170,3,199900,52500,46700,2400,4700
3171,3,251100,54100,47900,2400,4700
3172,3,174700,48000,44900,1500,4300
3173,3,642700,61000,502200,1400,4100
3174,3,556100,59700,414900,1500,4200
3175,3,290200,59500,45100,2400,89600
3176,3,232200,51500,44300,1500,65100
3177,3,190000,55900,44800,1300,19400
3178,3,189000,49000,43900,1500,4200
3179,3,214400,58000,48000,2400,4100
3180,3,232000,55000,44900,1500,4500
3181,3,183600,49200,44100,1400,4000
3182,3,156300,48400,44100,1300,4000
3183,3,158300,52700,44300,1300,2800
3184,3,161300,49400,45600,1400,3800
3185,3,180900,51000,44700,2300,4500
3186,3,197600,49500,44800,1500,4000
3187,3,163700,48900,43900,1300,4000
3188,3,154200,48900,44100,1300,2900
3189,3,158000,52900,44200,1300,2800
3190,3,186900,51700,45900,1400,4000
3191,3,160100,48600,44300,1300,3800
3192,3,159400,48700,44200,1400,4000
3193,3,158200,48200,44400,1300,4000
3194,3,159900,47800,44100,1300,4100
3195,3,161900,48700,43900,1400,4000
3196,3,205600,78400,48000,2400,4100
3197,3,183600,50700,44000,1500,4600
3198,3,176800,49600,44100,1400,4000
3199,3,213100,49900,43700,1400,4000
3200,3,186800,49700,43800,1500,4100
3201,3,230400,73700,46500,2400,4100
3202,3,207600,50600,44400,1500,4600
3203,3,156000,48800,44100,1300,4100
3204,3,158600,48900,44200,1300,4000
3205,3,200900,48900,43800,1400,4000
3206,3,224500,50800,77900,2400,4000
3207,3,181400,60300,47000,2400,4600
3208,3,176400,52400,45400,2300,4300
3209,3,177600,51000,48600,1500,4100
3210,3,169500,50600,44800,1500,4100
3211,3,210900,50500,45600,1400,4000
3212,3,218200,54500,47200,2400,4300
3213,3,169700,49600,44200,1400,3100
3214,3,200000,54100,48700,1400,4100
3215,3,172900,50600,45100,1400,4100
3216,3,188700,48900,44400,1400,4000
3217,3,156500,48500,43800,1300,3700
3218,3,153500,48200,43800,1300,3600
3219,3,181000,48500,43800,1400,3900
3220,3,162900,48000,44400,1300,3000
3221,3,155300,49000,44500,1400,3700
3222,3,151700,48000,43800,1200,3700
3223,3,159100,49400,46900,1300,3700
3224,3,154600,48300,44200,1300,3800
3225,3,159900,48500,44200,1300,3900
3226,3,178100,48600,43900,1400,3900
3227,3,152100,48200,42800,1200,3800
3228,3,157200,48300,44000,1200,3700
3229,3,164900,49400,46600,1300,3700
3230,3,180400,51700,44400,2400,4700
3231,3,203400,49600,43900,1400,4000
3232,3,172100,48900,43900,1400,4000
3233,3,171700,47500,44400,1500,4100
3234,3,517300,50000,400000,1400,3900
3235,3,520800,57800,391400,1500,4100
3236,3,234400,60600,47200,1500,59200
3237,3,241700,58700,45000,2400,66000
3238,3,208600,51100,44200,1500,20900
3239,3,191700,49500,44500,1400,4100
3240,3,175700,48700,43600,1400,4100
3241,3,166200,50100,46900,1300,4000
3242,3,219700,51200,45300,2400,4700
3243,3,193600,49300,54900,1500,4000
3244,3,176400,53100,46100,2400,4800
3245,3,165200,49400,43500,1300,4000
3246,3,190700,49900,44800,1400,3900
3247,3,169500,54800,44400,1200,4000
3248,3,150800,48300,43800,1300,3800
3249,3,158700,48700,44100,1400,3700
3250,3,217600,54800,46900,2500,4700
3251,3,179200,49800,47300,1400,3600
3252,3,180900,52300,49200,2400,4200
3253,3,193700,58200,48500,2400,4900
3254,3,176500,52300,46100,1500,4700
3255,3,168900,49400,47800,1400,4100
3256,3,166000,48900,44200,1400,4100
3257,3,170200,48600,44900,1400,9000
3258,3,174200,52200,45700,1400,4000
3259,3,202300,49500,44000,1400,4200
3260,3,183900,50000,43900,1400,3900
3261,3,198900,49000,44200,1400,4100
3262,3,191100,49000,44400,1400,4000
3263,3,161700,49700,46800,1400,3400
3264,3,163100,48800,43900,1400,4000
3265,3,152100,48500,43800,1300,3800
3266,3,155700,48300,44400,1200,3900
3267,3,159800,49800,43800,1400,3900
3268,3,153000,48200,43800,1300,3800
3269,3,207900,49700,84900,1300,3900
3270,3,197000,51300,45300,2300,4600
3271,3,180900,54800,44500,1400,3200
3272,3,168100,48700,44200,1400,3100
3273,3,213400,49600,43900,1400,4100
3274,3,219600,50900,46900,1400,4100
3275,3,321300,118500,46800,2500,4700
3276,3,200400,50800,43600,1500,4200
3277,3,161100,48900,44200,1300,3900
3278,3,158200,49000,44000,1400,4000
3279,3,190800,49700,47200,1500,4100
3280,3,170300,49000,44000,1400,3900
3281,3,162100,48700,44300,1300,3900
3282,3,169500,53400,44300,1400,2900
3283,3,159300,48600,44100,1400,3900
3284,3,160700,48600,43900,1300,3800
3285,3,180000,50500,53600,2500,3100
3286,3,193000,50600,44600,1500,4400
3287,3,157000,49100,43900,1300,4000
3288,3,157600,48400,44300,1300,3800
3289,3,158800,48800,44300,1400,3900
3290,3,206600,49700,45100,1400,3300
3291,3,260400,50900,45100,2400,4600
3292,3,177400,49400,44000,1400,4100
3293,3,170100,49200,44300,1300,4000
3294,3,164400,47600,44000,1400,3900
3295,3,550300,51700,424000,1400,3100
3296,3,514600,58900,389100,1500,4200
3297,3,225600,55200,47000,1500,59800
3298,3,276500,52600,44900,2400,67100
3299,3,207000,50700,43600,1500,20600
3300,3,178000,49600,44300,1400,4500
3301,3,157500,49000,44000,1300,4000
3302,3,160100,49500,45700,1300,4600
3303,3,173000,52300,44800,2400,4800
3304,3,205800,50000,44000,1500,4300
3305,3,191600,50500,43800,1400,4100
3306,3,188300,48900,44000,1300,4100
3307,3,161000,48600,45400,1300,3900
3308,3,213500,60700,45900,2400,4700
3309,3,160400,49000,43700,1400,4300
3310,3,180000,48400,44300,1400,3900
3311,3,157400,48500,44200,1300,3900
3312,3,155900,48500,43800,1400,3900
3313,3,156100,48400,44900,1300,3900
3314,3,173000,53100,44500,2300,4600
3315,3,166400,53600,44700,1600,3000
3316,3,161000,48500,43900,1400,4000
3317,3,159000,48400,44100,1300,3900
3318,3,160900,47800,44100,1200,3900
3319,3,196800,50500,45000,1500,4000
3320,3,195500,51400,45000,2300,4400
3321,3,194500,49300,43100,1500,3200
3322,3,193700,49400,44000,1400,4000
3323,3,156400,48700,44100,1300,3900
3324,3,161100,47900,50200,1300,3700
3325,3,169300,50400,52900,2400,3800
3326,3,176400,50300,44100,1400,4600
3327,3,153500,53400,44000,1400,2900
3328,3,159100,52300,44500,1400,2800
3329,3,166700,53100,44200,1400,3100
3330,3,163300,49300,44000,1400,3900
3331,3,185800,59400,47200,2400,4100
3332,3,172600,50000,43900,1500,3700
3333,3,172000,49600,44100,1300,4100
3334,3,194300,49400,43500,1500,3900
3335,3,208600,49500,44100,1500,4100
3336,3,225400,51600,45600,1400,4100
3337,3,174000,50300,47900,1400,3900
3338,3,163000,50200,47100,1400,3900
3339,3,186800,49800,43900,1500,4000
3340,3,171800,48900,43800,1400,4000
3341,3,157500,48600,45200,1300,3800
3342,3,160600,50400,46400,1200,3900
3343,3,157500,48400,43900,1400,3800
3344,3,156600,48600,44000,1300,3900
3345,3,162200,48900,44300,1400,4000
3346,3,180500,48100,44000,1300,4000
3347,3,157600,48900,46600,1300,3900
3348,3,157500,50600,45300,1300,3900
3349,3,155300,48700,43800,1300,3900
3350,3,159500,48500,44100,1300,3900
3351,3,194600,49000,44300,1400,4100
3352,3,172400,49100,44100,1400,4000
3353,3,165800,49600,41500,1400,2900
3354,3,224300,63300,47400,2300,4100
3355,3,174700,47700,43900,1400,4700
3356,3,512500,51500,388000,1400,3900
3357,3,518100,57700,380900,1500,4100
3358,3,245000,54400,44500,1500,57400
3359,3,256800,51200,43600,1500,63300
3360,3,212700,52200,51800,2400,19200
3361,3,173800,51000,44600,1400,4600
3362,3,161800,49800,44000,1300,4200
3363,3,158300,48800,43900,1300,3800
3364,3,162100,48700,43600,1400,3900
3365,3,163800,48700,44300,1500,3100
3366,3,613600,224000,213800,6600,4800
3367,3,239900,55500,47500,2300,4700
3368,3,173700,51700,45700,1500,4500
3369,3,170200,49400,43800,1400,4100
3370,3,188900,49600,44400,1300,4000
3371,3,163900,49600,44800,1200,3900
3372,3,168200,49500,44400,1300,3800
3373,3,165900,48500,44800,1300,4000
3374,3,170600,51900,45500,1300,3100
3375,3,223900,51400,44400,2500,4400
3376,3,203100,49900,44200,1400,4200
3377,3,164700,49500,46600,1400,3900
3378,3,169500,54200,45900,1300,2900
3379,3,256400,81100,47300,2400,4800
3380,3,280300,62200,127600,2300,4500
3381,3,449100,133400,120800,1900,4100
3382,3,282800,54800,48200,2000,4400
3383,3,165300,51100,43900,1400,4200
3384,3,159200,48600,44500,1300,4000
3385,3,157500,48500,44400,1300,3900
3386,3,160200,52600,45200,1300,2700
3387,3,154100,48000,43300,1300,3800
3388,3,165600,50200,45100,1400,3900
3389,3,174800,59600,46500,2300,3900
3390,3,176400,49800,44700,1500,4500
3391,3,173900,49400,43800,1400,4000
3392,3,165600,50000,44500,1400,4000
3393,3,166900,49300,44100,1400,3300
3394,3,243000,91900,55000,2500,4100
3395,3,181700,51300,44600,1500,4700
3396,3,194700,49700,44500,1400,4000
3397,3,200700,49700,43800,1400,4000
3398,3,177000,48600,43900,1400,3700
3399,3,188000,49300,44100,1400,4000
3400,3,166600,49000,43600,1400,3800
3401,3,157800,48500,43900,1300,3800
3402,3,149900,47900,43900,1200,3100
3403,3,153200,48400,43800,1200,3900
3404,3,171700,58500,46100,2300,3600
3405,3,172800,50900,46600,1400,4700
3406,3,213700,51100,44800,2400,4700
3407,3,159500,53400,44200,1300,3200
3408,3,152000,48500,43500,1300,4000
3409,3,152900,48500,44100,1300,3700
3410,3,162600,48100,44100,1300,3800
3411,3,192600,51500,45600,1500,2900
3412,3,163800,48700,43800,1400,4000
3413,3,162400,48700,43700,1400,4000
3414,3,163500,48500,44100,1400,3900
3415,3,164800,48800,44400,1400,3900
3416,3,165200,51800,44100,1300,3100
3417,3,527300,52100,400100,1300,3900
3418,3,544000,57600,387100,1400,4200
3419,3,358100,62200,46600,2400,98700
3420,3,255700,52100,45100,1500,66000
3421,3,184600,50400,44100,1500,20900
3422,3,168600,48800,45200,1400,4100
3423,3,215300,57700,46900,2400,5100
3424,3,169200,49700,43600,1500,4300
3425,3,172600,49300,43800,1300,4100
3426,3,196600,49100,43500,1400,4100
3427,3,164400,48700,43900,1300,4000
3428,3,203000,51900,45800,1400,4200
3429,3,182600,50500,44900,1400,4000
3430,3,183900,48900,43600,1400,4000
3431,3,161200,48500,43800,1300,3900
3432,3,164600,53100,45300,1400,3900
3433,3,161500,48800,44800,1400,3900
3434,3,216100,55800,46300,2400,4300
3435,3,170100,50200,43700,1500,4700
3436,3,165200,49000,44500,1500,4100
3437,3,164600,49200,44300,1400,3900
3438,3,163200,48100,44400,1400,3900
3439,3,195400,49000,46400,1400,4000
3440,3,216800,56800,45200,2400,4000
3441,3,194600,49500,43600,1400,4200
3442,3,186100,49600,43900,1300,4000
3443,3,152400,48600,44200,1300,3800
3444,3,155500,48100,45800,1300,3800
3445,3,199200,58000,45300,2400,4600
3446,3,164500,48500,44400,1500,4000
3447,3,159600,48500,44000,1400,3800
3448,3,159900,48400,43800,1400,3900
3449,3,165400,48800,43900,1400,3900
3450,3,177200,49800,45000,1400,4100
3451,3,188900,52200,45200,2300,4800
3452,3,180100,49300,44300,1500,4200
3453,3,190600,53700,48500,1400,4100
3454,3,201400,51200,46000,1400,4100
3455,3,171400,48400,44500,1400,4100
3456,3,231100,52500,44900,2400,4800
3457,3,169300,49800,43900,1400,3100
3458,3,158200,47900,43000,1300,3000
3459,3,227600,49900,44200,1500,4200
3460,3,238800,49600,45800,1500,4100
3461,3,256100,92100,46000,2500,4700
3462,3,182300,53900,48800,2400,4700
3463,3,167900,50500,46500,1500,4400
3464,3,157100,49200,44000,1300,4000
3465,3,164700,49500,44500,1300,4000
3466,3,184500,50000,47200,1400,4000
3467,3,187800,51800,44800,2300,4700
3468,3,157600,49300,44100,1400,4000
3469,3,152600,48300,43800,1400,3800
3470,3,156700,47800,44500,1400,3000
3471,3,191400,49000,44200,1500,3900
3472,3,180000,58700,47100,2400,3900
3473,3,169800,48900,44300,1400,4600
3474,3,159600,48700,43200,1300,4000
3475,3,157700,48300,43900,1400,3600
3476,3,162600,49000,44100,1400,3800
3477,3,159800,46800,44300,1400,4000
3478,3,593400,57400,403000,2400,4900
3479,3,553100,57900,388700,1600,4200
3480,3,241900,55200,44000,1500,59300
3481,3,226900,50700,44100,1500,63600
3482,3,172100,50400,44200,1500,20700
3483,3,158700,48500,43900,1400,4100
3484,3,169100,50500,46800,1400,4000
3485,3,163100,49200,45200,1300,3900
3486,3,195500,53300,44400,1400,3100
3487,3,163300,48800,44000,1300,4000
3488,3,156200,48100,44300,1400,3900
3489,3,154600,48700,43900,1300,3200
3490,3,289300,56300,45700,2400,4700
3491,3,190300,49900,44300,1600,4300
3492,3,158800,48700,43900,1400,4100
3493,3,156600,47800,44500,1300,3800
3494,3,157200,48700,43400,1200,3900
3495,3,162500,49800,44500,1400,4200
3496,3,162800,48500,43900,1400,2900
3497,3,164700,53500,44300,1300,2800
3498,3,161400,48600,43800,1300,3800
3499,3,189100,49000,44900,1500,3000
3500,3,176600,49500,44700,1400,4100
3501,3,194100,50400,46900,1400,4100
3502,3,180200,48600,43900,1400,3900
3503,3,148500,48200,43600,1200,3800
3504,3,157700,52300,44300,1300,2800
3505,3,187700,58600,47100,2400,5300
3506,3,189600,64700,48000,2400,4400
3507,3,220800,57600,46400,2400,4800
3508,3,175700,50100,44100,1400,4400
3509,3,168500,49500,43700,1300,4200
3510,3,171300,49200,43800,1400,3000
3511,3,174300,49100,44100,1400,4100
3512,3,189600,50300,52700,2500,4200
3513,3,211700,52300,44400,2300,4400
3514,3,202900,51400,43800,1500,4200
3515,3,168100,49100,44000,1400,4000
3516,3,192100,49300,44100,1400,4100
3517,3,172200,55700,45800,1300,3000
3518,3,180800,57800,45200,2300,3800
3519,3,194600,49700,43600,1500,4200
3520,3,177400,49900,44700,1400,4000
3521,3,204100,54500,44200,1400,3100
3522,3,180300,49000,45200,2100,3200
3523,3,213800,57800,45800,2400,4600
3524,3,164700,49700,44400,1400,4600
3525,3,164900,48900,44200,1400,4100
3526,3,182400,49000,43600,1400,4000
3527,3,156000,48700,44100,1200,4000
3528,3,159200,49000,44600,1300,3900
3529,3,187100,51600,44700,2300,4500
3530,3,163700,49100,44000,1400,4200
3531,3,194400,49500,44300,1500,3000
3532,3,166700,48700,43700,1400,4200
3533,3,164400,49300,44100,1300,4000
3534,3,201400,60000,48000,2300,4700
3535,3,214500,61000,59000,2300,4700
3536,3,179800,50900,44200,1400,4700
3537,3,167000,49400,44300,1400,4200
3538,3,189600,47900,44000,1400,4200
3539,3,579700,80300,388500,2500,4000
3540,3,542800,57900,380900,1500,4500
3541,3,246600,56400,44200,2400,60800
3542,3,229500,51700,44300,1600,63000
3543,3,188800,50900,43700,1600,19400
3544,3,160900,49200,43700,1300,4100
3545,3,214700,52000,45300,1400,5300
3546,3,330800,58000,92900,2300,4800
3547,3,183600,50500,44700,1700,8500
3548,3,158100,49100,43800,1300,4100
3549,3,155400,48300,43600,1300,3900
3550,3,189600,50600,46900,1300,3900
3551,3,176700,51000,45100,2400,4700
3552,3,222800,49800,43700,1500,4000
3553,3,181600,49100,44400,1400,3000
3554,3,158100,48500,43600,1300,3800
3555,3,160700,48600,45200,2000,4000
3556,3,214100,57700,48600,2400,5200
3557,3,165600,50100,43900,1400,4000
3558,3,163500,49300,44300,1300,4000
3559,3,195400,50800,44900,1400,3900
3560,3,183000,48800,49400,1300,4000
3561,3,197100,51200,46200,1400,4000
3562,3,179800,48800,44000,1400,4000
3563,3,148200,47900,43900,1200,3600
3564,3,149100,47500,44100,1300,2700
3565,3,146500,47800,43500,1200,3700
3566,3,150300,52000,44500,1300,2700
3567,3,151500,48800,46300,1300,3600
3568,3,153500,48500,43400,1300,3800
3569,3,161200,48300,44000,1300,3800
3570,3,167500,48500,43400,1400,3800
3571,3,175700,49000,43900,1300,4100
3572,3,168000,49000,43700,1400,4000
3573,3,174700,50300,45800,1300,4100
3574,3,233900,51800,44500,2500,3800
3575,3,164000,49300,44300,1400,4100
3576,3,191600,48800,44000,1400,3400
3577,3,163300,48700,44400,1300,4100
3578,3,155200,48100,44700,1400,3800
3579,3,226700,61700,45500,2400,4800
3580,3,180800,50500,43700,1600,4600
3581,3,162400,48800,44100,1300,4100
3582,3,156000,48300,43900,1300,3900
3583,3,197500,49400,44200,1500,4000
3584,3,214800,78300,46400,2400,3700
3585,3,172800,50300,44700,1500,4500
3586,3,182000,49000,44200,1300,4000
3587,3,152700,48200,44200,1200,3900
3588,3,153000,48200,44000,1200,3800
3589,3,158600,48300,43900,1300,3800
3590,3,165800,48800,44000,1300,3800
3591,3,198600,49300,46000,1500,3900
3592,3,194400,52800,47100,2400,4600
3593,3,205400,53900,45300,2400,4700
3594,3,168700,50200,44800,1500,4200
3595,3,162800,50000,44400,1300,3900
3596,3,173900,50700,54600,2400,4100
3597,3,173100,51000,44600,1500,3500
3598,3,184200,49900,44100,1400,4100
3599,3,191900,47400,44500,1400,4100
0,4,2074200,72100,1586000,15100,156400
1,4,1743900,78900,1523800,2000,64000
2,4,865400,86400,697100,1600,7100
3,4,251000,55700,44300,1800,86100
4,4,245200,52000,49000,1800,74500
5,4,188200,50500,44200,1500,21000
6,4,178500,54100,44400,1400,3300
7,4,205600,48800,44200,1400,4200
8,4,160300,48200,44300,1800,4200
9,4,257800,48700,44400,1400,4000
10,4,583900,49100,43900,1400,4100
11,4,548800,50000,44100,1400,4100
12,4,548000,49600,44200,1400,4300
13,4,498200,51700,47100,1400,4100
14,4,166600,50300,43700,1400,4300
15,4,164400,48800,43700,1400,4000
16,4,170300,48800,44500,1900,4100
17,4,168300,49000,44500,1300,4200
18,4,246100,49900,44000,1400,4300
19,4,207000,49700,44100,1400,4100
20,4,169000,48900,44400,1200,4100
21,4,233200,59800,47900,2300,4600
22,4,221000,55000,46600,2300,4500
23,4,173300,55200,46400,2300,4500
24,4,179800,56700,46900,2300,4100
25,4,161900,51300,44600,1400,4200
26,4,186000,52700,46100,2200,4600
27,4,162200,51500,43700,1400,4000
28,4,155200,48600,44400,1300,4100
29,4,165400,48600,44200,1300,4100
30,4,169800,48800,44100,1300,4000
31,4,172000,48500,45900,1300,4000
32,4,163200,48500,44800,1900,4100
33,4,162300,48500,44100,1400,3800
34,4,184700,48400,44000,1300,4100
35,4,167900,48500,43800,1400,4000
36,4,201800,48900,44200,1300,4000
37,4,177100,53200,44400,1300,3900
38,4,192100,48800,44200,1400,4200
39,4,173200,48300,43900,1300,3900
40,4,164600,47800,44300,1300,4000
41,4,162700,47700,44100,1300,3900
42,4,163200,48600,44000,1400,3900
43,4,162100,48700,44200,1300,4100
44,4,243800,97600,78000,1400,4100
45,4,223700,52800,44900,1700,4100
46,4,189500,49600,44000,1400,4200
47,4,159100,49300,43700,1200,4000
48,4,157500,48500,43700,1300,4300
49,4,200400,49200,43500,1300,4100
50,4,192900,49100,44300,1400,4300
51,4,203100,49100,44200,2100,4100
52,4,166100,48400,44000,1300,4100
53,4,164900,50000,43900,1300,3900
54,4,169100,48700,44200,1300,4100
55,4,164400,49500,44700,1300,3700
56,4,166800,50700,47700,1300,3100
57,4,167700,50200,46300,1300,4000
58,4,275600,55500,46400,2300,5300
59,4,236800,55700,49500,2400,5000
60,4,288600,52800,46500,2300,10100
61,4,190600,47900,44100,1400,4200
62,4,610400,49700,493400,1400,4000
63,4,512800,57600,391700,1500,4200
64,4,219100,54500,43900,2000,60300
65,4,226900,51800,43900,1500,64200
66,4,222100,53700,44300,1500,21100
67,4,163600,48500,43500,1300,4300
68,4,160700,48400,43800,1300,4500
69,4,165900,48600,44000,1300,3900
70,4,187800,48800,44200,1300,3900
71,4,166800,49100,43900,1400,3900
72,4,151000,47600,43500,1100,4000
73,4,160800,53000,44300,1300,2800
74,4,161100,48100,43800,1300,4000
75,4,162100,48500,44700,1400,3900
76,4,167000,48600,43700,1300,4000
77,4,167100,48300,43900,1300,4100
78,4,195200,49000,44100,1400,4400
79,4,188100,62400,44800,1400,3900
80,4,201100,49000,44000,1400,4200
81,4,214800,49900,44100,1400,4100
82,4,179900,48100,43700,1400,4000
83,4,149400,48000,44200,1200,3700
84,4,148100,47100,44300,1200,4000
85,4,145500,47300,43200,1300,2800
86,4,147600,47400,44100,1200,4000
87,4,151300,51900,44300,1300,2800
88,4,149000,47400,43800,1200,3700
89,4,156300,48200,43900,1300,2800
90,4,164700,48500,44000,1400,4100
91,4,162700,49200,44300,1300,3900
92,4,156800,48200,43900,1300,4100
93,4,158300,48000,44100,1300,3800
94,4,174700,48600,44000,1300,4100
95,4,158700,48600,43800,1300,3900
96,4,186500,48700,43900,1200,4000
97,4,165400,48400,44200,1300,3800
98,4,188900,48900,45700,1300,4100
99,4,198400,56500,46000,3300,4700
100,4,174800,54900,46200,1400,3900
101,4,162900,48900,43900,1300,4100
102,4,168600,53500,44400,1300,3500
103,4,159500,50500,46800,1300,3800
104,4,208000,57300,48800,2300,4800
105,4,207600,52900,46900,2300,4800
106,4,459400,136400,127200,2300,4800
107,4,225500,51900,45800,2000,3700
108,4,170900,49000,44100,1300,4300
109,4,165900,49300,44200,1300,4100
110,4,168300,48900,43900,1300,4100
111,4,526100,134900,122600,2300,4900
112,4,325300,95000,46100,2000,4400
113,4,168900,50400,44400,1500,4300
114,4,162900,49200,43400,1400,4300
115,4,158800,48300,43800,1300,4100
116,4,162800,48400,43700,1300,4200
117,4,162200,48700,44400,1300,2900
118,4,211300,48300,44100,1300,4200
119,4,168600,48300,43600,1300,3900
120,4,158500,48700,44300,1300,4200
121,4,155200,48300,43800,1300,3900
122,4,154500,47000,44000,1300,4300
123,4,503800,54300,388500,1300,2800
124,4,509900,57200,385900,1400,4000
125,4,230300,59700,44500,1400,58600
126,4,253900,51200,44000,1400,63400
127,4,182200,50400,44500,1500,20800
128,4,164300,48600,44400,2000,4400
129,4,174200,49500,43900,1300,4000
130,4,211500,52600,45000,1700,4300
131,4,174300,49100,44000,1400,4200
132,4,161500,49000,44100,1400,4000
133,4,163000,48500,43900,1300,3000
134,4,158500,49200,44000,1200,3900
135,4,166700,49000,43600,1400,4100
136,4,177200,49200,43400,1400,4000
137,4,197300,54700,45100,2300,5000
138,4,225600,52600,46000,2300,4900
139,4,190500,49500,45600,1500,4200
140,4,195900,57000,47400,2200,4800
141,4,212400,50000,44800,1500,4500
142,4,230100,49800,44300,1400,4300
143,4,179500,50000,44500,1400,4000
144,4,157700,48500,44000,1300,3900
145,4,194600,49000,43900,1300,3900
146,4,190100,51100,44300,1400,4000
147,4,149200,47900,43400,1300,3800
148,4,149100,47900,43900,1300,3700
149,4,161300,48500,44100,1300,3900
150,4,167200,49200,44000,1300,3900
151,4,165500,48800,44200,1300,4000
152,4,155800,48300,44200,1300,3000
153,4,160300,48500,44400,1300,3900
154,4,182600,48600,44200,1300,4000
155,4,159400,48300,43900,1300,3900
156,4,202000,48500,44000,1400,4100
157,4,161200,48200,43600,1400,4000
158,4,182100,49000,43700,1300,3900
159,4,175800,48900,48700,1300,3800
160,4,157000,48700,43600,1300,3900
161,4,161300,48900,44200,1200,3900
162,4,158700,47900,43700,1300,2900
163,4,157500,48600,43900,1200,3900
164,4,172200,52900,44400,1200,2900
165,4,158300,48400,44000,1300,3900
166,4,182900,49100,43900,1400,4000
167,4,158900,48700,43900,1300,4100
168,4,150500,48200,43300,1200,2800
169,4,163200,48800,44200,1300,3900
170,4,162700,48700,43800,1300,3800
171,4,192300,48900,43700,1400,4100
172,4,161500,48400,43600,1300,3900
173,4,198000,49100,43900,1400,4000
174,4,184900,53900,44100,1300,2900
175,4,155700,48200,44200,1300,3900
176,4,158500,48500,44200,1200,3800
177,4,157600,48200,43900,1300,3000
178,4,203800,47800,43900,1400,4000
179,4,165900,48200,44000,1300,4000
180,4,152400,48200,43400,1300,3800
181,4,152300,48400,44200,1300,3700
182,4,149800,47200,44000,1300,3700
183,4,150900,46400,44300,1200,3700
184,4,506500,49000,392500,1400,3800
185,4,526800,60700,391100,1400,4500
186,4,249000,54100,44200,1500,58300
187,4,221400,51700,44300,1500,63500
188,4,173100,50300,44200,1300,20700
189,4,164800,49000,43500,1400,4100
190,4,192900,49300,45000,1300,4100
191,4,168500,48800,44100,1300,3900
192,4,166800,48800,44100,1300,4000
193,4,163900,49200,44100,1300,4000
194,4,164800,49000,43900,1300,4000
195,4,173700,49600,44400,1800,4100
196,4,168100,53900,43900,1300,3000
197,4,169500,48700,44200,1400,4100
198,4,199500,49100,43700,1400,4100
199,4,184500,49500,45800,1300,4100
200,4,164900,49000,43800,1500,4100
201,4,195700,49100,44200,1400,4100
202,4,184000,48700,43800,1300,3900
203,4,154500,48000,43900,1300,3900
204,4,192500,49000,43800,1300,4000
205,4,175200,49100,44100,1300,3900
206,4,152700,48200,44100,1200,3700
207,4,151900,47700,43900,1200,3800
208,4,152200,48200,44000,1300,3700
209,4,159400,48200,43700,1300,2900
210,4,165400,48600,43900,1300,3900
211,4,164000,49300,43700,1300,4000
212,4,160600,48700,44200,1300,4000
213,4,161200,48400,43800,1300,4100
214,4,182600,53500,44400,1400,3000
215,4,163300,48200,46700,1300,3900
216,4,192500,54100,44200,1400,3200
217,4,161200,48300,43800,1300,3900
218,4,182300,48800,43800,1400,4100
219,4,165400,48200,43900,1300,3900
220,4,154400,48700,43900,1200,3800
221,4,165600,49100,43800,1400,3800
222,4,167400,48000,43300,1200,3900
223,4,166200,48500,43800,1200,3900
224,4,166300,49200,43500,1300,4100
225,4,168900,49100,43900,1300,4000
226,4,194400,48900,44400,1300,4000
227,4,159700,53400,44500,1200,2900
228,4,159000,48200,44500,1200,3900
229,4,180300,49900,45800,1300,5800
230,4,211000,49400,44500,1300,4100
231,4,231200,50100,43700,1400,4200
232,4,164300,49200,43900,1300,4200
233,4,164100,48700,44200,1300,3900
234,4,159800,48700,44100,1400,4000
235,4,197200,49000,44200,1300,4200
236,4,182500,48900,44100,1400,4000
237,4,173100,49100,43900,1400,3800
238,4,205900,49100,44200,1300,4000
239,4,165400,47700,43500,1300,3900
240,4,152700,48300,44000,1300,3700
241,4,151800,47600,43700,1200,3700
242,4,150500,47400,44500,1300,3700
243,4,151600,47800,43400,1300,3800
244,4,153400,47000,44200,1300,3800
245,4,520700,49200,404700,1200,3800
246,4,538300,61600,382400,1400,4100
247,4,221700,59400,44100,1400,57000
248,4,214100,50400,44000,1400,62700
249,4,177900,50700,44000,1400,20800
250,4,179600,48600,44100,1400,3200
251,4,156100,48000,43700,1400,4000
252,4,157400,48200,44000,1200,3800
253,4,158500,48800,43300,1300,3800
254,4,162100,49100,43900,1300,3900
255,4,162000,48300,43900,1400,3200
256,4,165000,48400,43800,2400,3700
257,4,171800,48900,44200,1300,3900
258,4,188300,48800,44100,1400,4000
259,4,173500,49200,43600,1300,3900
260,4,164800,48500,44300,1300,3900
261,4,186300,48900,43500,1400,3900
262,4,188400,48500,44300,1400,4000
263,4,152100,48200,44000,1200,3900
264,4,151600,47800,44000,1200,3800
265,4,153300,47900,43800,1300,3700
266,4,192200,53300,44600,1300,2900
267,4,175300,48400,43600,1400,4000
268,4,154100,48600,43500,1300,3700
269,4,157900,48500,44100,1300,3800
270,4,163900,48400,44100,1400,3900
271,4,194400,58500,50600,2300,4600
272,4,168900,51900,47600,1500,3000
273,4,169100,49100,44300,1400,4000
274,4,189000,48100,44000,1400,4000
275,4,168300,48500,44100,1300,4000
276,4,204500,49400,44400,1400,4000
277,4,168400,48700,44200,1400,4000
278,4,186000,48800,44400,1300,4100
279,4,166600,48700,43600,1300,4000
280,4,153900,48500,43900,1300,3700
281,4,156100,47600,44200,1400,3900
282,4,158300,48300,43900,1300,4000
283,4,160500,49000,44000,1400,3800
284,4,164400,49500,44100,1300,4000
285,4,167200,48900,43300,1400,3900
286,4,188800,49300,43800,1300,4000
287,4,163000,53000,44500,1300,3000
288,4,166100,49000,44300,1300,4000
289,4,159100,48300,44700,1300,3900
290,4,165300,48700,43400,1300,4000
291,4,199500,49300,43300,1400,4200
292,4,163000,48600,43700,1300,3900
293,4,166300,48800,44000,1400,4000
294,4,163200,48700,43800,1400,4000
295,4,160400,48800,43400,1300,4000
296,4,163700,48600,44000,1300,4000
297,4,207500,49300,43400,1400,4100
298,4,237300,49300,44200,1300,4100
299,4,169300,48600,44200,1400,4000
300,4,154800,48000,44300,1300,3800
301,4,156200,48700,43600,1200,3900
302,4,151700,48200,43600,1300,3700
303,4,154300,48600,43900,1300,3800
304,4,154400,48300,42900,1200,3900
305,4,157400,47000,44100,1300,3700
306,4,536000,50400,382600,1300,4300
307,4,516600,57300,384900,1400,4300
308,4,224700,54700,44300,1400,62900
309,4,226100,51200,44000,1300,63300
310,4,202100,50300,44100,1500,21000
311,4,163000,49000,44200,1300,4400
312,4,176000,61200,50800,1300,4000
313,4,153800,48300,43600,1300,3800
314,4,167200,49000,43800,1400,4000
315,4,211800,49500,46000,1400,4200
316,4,215000,50700,45500,1400,4200
317,4,172200,49100,44200,1300,4100
318,4,196000,49200,44000,1300,4000
319,4,179800,48900,44100,1400,4100
320,4,157400,47700,44400,1200,3900
321,4,191000,48700,43800,1400,3900
322,4,186300,48400,44000,1300,4000
323,4,151200,47800,43700,1200,2800
324,4,151400,48000,43500,1200,3800
325,4,152300,48200,43800,1300,3800
326,4,149700,47500,44100,1200,2800
327,4,150500,47700,43600,1300,3600
328,4,191800,49000,44000,1400,4000
329,4,185900,49100,44300,1400,4100
330,4,163800,48600,44200,1400,4000
331,4,162900,48500,47600,1300,3100
332,4,156200,48600,43600,1300,3900
333,4,158900,48100,44000,1300,4000
334,4,176800,48400,43900,1300,4000
335,4,158600,48200,44100,1200,4000
336,4,186200,48600,43900,1300,4000
337,4,159400,48300,43800,1300,3800
338,4,180200,49000,44200,1300,4000
339,4,165400,52400,44100,1300,2800
340,4,149100,47800,43700,1200,3800
341,4,152200,47800,44100,1200,3800
342,4,150700,47900,44000,1300,2900
343,4,154200,47500,44000,1200,3800
344,4,152600,47600,44100,1200,3800
345,4,161300,48300,44400,1200,3800
346,4,180800,48600,44000,1300,4000
347,4,157800,48300,44400,1300,3900
348,4,157500,47800,44200,1400,3900
349,4,160200,48500,43700,1200,3800
350,4,168000,49200,43600,1400,4100
351,4,186000,48900,44000,1300,4200
352,4,162200,48500,44000,1300,4000
353,4,161500,48500,43800,1300,4000
354,4,158100,48600,44000,1300,3900
355,4,164000,52600,44100,1300,4000
356,4,160700,48700,43900,1200,4000
357,4,160700,48400,43500,1300,4000
358,4,201100,48600,44200,1400,3000
359,4,211900,49300,43800,1300,4100
360,4,207500,58400,46400,1400,4200
361,4,198800,54700,47800,2300,4700
362,4,175800,52300,44800,1400,4400
363,4,159900,48900,44500,1400,4000
364,4,160200,48200,46700,1300,4000
365,4,165300,50100,44600,1400,3900
366,4,194400,47200,43900,1400,4000
367,4,513200,49600,392200,1400,4100
368,4,505300,56600,385200,1500,3200
369,4,223100,54700,44300,1500,57600
370,4,245500,50700,44700,1500,62500
371,4,179900,50400,45500,1500,20900
372,4,158600,48300,43900,1300,4100
373,4,155600,48700,44200,1300,3900
374,4,156300,48000,44100,1300,3800
375,4,158900,48100,44000,1400,2800
376,4,174800,48600,44100,1300,4100
377,4,169900,49000,43500,1500,3300
378,4,198300,49700,43900,1400,4000
379,4,179100,49000,44200,1300,4000
380,4,167400,48900,44400,1300,3900
381,4,201700,49500,43700,1400,4200
382,4,182300,48600,43800,1300,4000
383,4,156100,48500,44500,1300,3900
384,4,158000,48100,44100,1300,3800
385,4,151000,48000,44000,1300,3900
386,4,161300,48700,47500,1300,3800
387,4,155000,48300,44400,1800,3900
388,4,155400,48100,44000,1300,3800
389,4,164200,48600,44100,1300,3900
390,4,208100,49300,43800,1300,4100
391,4,194400,49400,44100,1300,4200
392,4,166400,49000,44000,1400,3900
393,4,170300,49000,44300,1300,3100
394,4,185900,49000,43800,1400,4100
395,4,164400,49100,43800,1300,4000
396,4,206500,49400,43900,1300,4200
397,4,165700,48600,44400,1300,3900
398,4,183000,48500,44300,1300,4100
399,4,170400,48500,44000,1400,3900
400,4,196500,49100,43900,1300,4100
401,4,191400,49600,44300,1300,4100
402,4,154900,48000,44400,1300,4000
403,4,150000,47800,44100,1300,3800
404,4,155300,47700,44100,1300,2800
405,4,157400,48100,44200,1300,3800
406,4,179900,48600,44500,1200,3900
407,4,157600,48700,44100,1300,3900
408,4,160700,48900,43800,1300,4000
409,4,162900,48600,44100,1300,4000
410,4,165800,48200,44500,1300,4000
411,4,202900,51200,45300,1400,4000
412,4,171300,49800,44400,1300,4100
413,4,157000,48700,44600,1300,3900
414,4,163300,48800,44400,1300,4000
415,4,166300,50200,44400,1300,4000
416,4,160200,48400,44900,1300,3900
417,4,166900,48800,45000,1300,4000
418,4,208000,49800,44400,1400,4100
419,4,173800,48900,44600,1200,4100
420,4,157900,48600,44800,1300,4000
421,4,195600,49300,45000,1300,3200
422,4,177000,48600,44800,1300,4100
423,4,155600,48400,45000,1300,3900
424,4,153800,48400,44600,1300,3700
425,4,162100,48900,44600,1200,3800
426,4,187400,48900,44400,1300,3800
427,4,155900,46900,44300,1300,3900
428,4,503800,49600,393700,1300,3800
429,4,511600,56900,384000,1400,4200
430,4,239300,55100,45000,1400,56300
431,4,220700,51200,45600,1400,62900
432,4,173200,50300,45000,1300,20700
433,4,154200,48700,45000,1300,4200
434,4,155600,48600,44800,1300,3800
435,4,159300,49000,44400,1200,3800
436,4,161900,48800,44500,1300,3800
437,4,163800,49000,44900,1300,4000
438,4,194700,49300,45100,1400,4000
439,4,178900,49000,47400,1300,4100
440,4,177500,53300,46100,1400,3900
441,4,215800,52300,44600,2300,4900
442,4,200200,51500,46500,1400,4100
443,4,163000,49200,44200,1300,3900
444,4,154400,48200,43500,1200,3800
445,4,160500,48500,43500,1300,3700
446,4,160300,48800,44300,1300,3000
447,4,160900,48100,43300,1300,3800
448,4,162800,52900,44700,1400,3000
449,4,165400,48600,43200,1300,4000
450,4,168100,49000,43700,1300,3900
451,4,168300,49300,44300,1400,4000
452,4,204900,51200,44000,1300,4100
453,4,188000,50100,43900,1300,4200
454,4,185600,49400,42900,1300,3900
455,4,158500,48300,44300,1400,2900
456,4,193200,48900,45400,1500,4000
457,4,165900,48300,44000,1300,3900
458,4,183000,48700,43500,1400,3900
459,4,166100,48600,44200,1300,3700
460,4,156700,50300,43900,1200,3800
461,4,154700,47900,44300,1300,3800
462,4,157300,48400,44000,1300,3800
463,4,151700,47600,44000,1300,3800
464,4,155700,48200,44300,1200,3800
465,4,159100,48200,44000,1300,3700
466,4,178400,48700,43500,1300,3900
467,4,151300,48100,43600,1400,3700
468,4,154600,48400,44100,1400,3900
469,4,163700,48700,44000,1300,3900
470,4,166900,48300,44100,1300,3900
471,4,199700,49000,47400,1400,4100
472,4,167300,48900,44000,1400,4100
473,4,163700,48700,43900,1400,3900
474,4,173500,53500,44500,1400,2900
475,4,157800,48300,43800,1300,4100
476,4,169400,49100,43900,1200,4100
477,4,174900,49300,43900,1400,4000
478,4,221300,49500,43800,1400,4100
479,4,177600,49100,44000,1200,4200
480,4,161300,48600,43600,1300,3900
481,4,161100,48500,43600,1300,3800
482,4,157500,48500,43500,1300,4000
483,4,197500,49200,44000,1400,4000
484,4,183800,48700,44200,1300,4000
485,4,206800,49300,44200,1400,4200
486,4,229100,49600,43600,1400,4300
487,4,156500,48500,43900,1200,3900
488,4,147600,46500,44000,1200,2900
489,4,501500,54000,380600,1200,3600
490,4,525800,57100,379300,1400,4200
491,4,217500,54200,44200,1400,57600
492,4,211900,50500,44300,1400,61400
493,4,171000,50300,44000,1400,20600
494,4,154900,48400,44100,1300,4100
495,4,158100,48100,44500,1300,3900
496,4,162800,48300,45300,1300,4000
497,4,160500,48400,44200,1300,4100
498,4,188700,48800,44100,1400,4100
499,4,168900,48300,43800,1300,4000
500,4,161800,48500,43800,1200,3900
501,4,189500,48600,44400,1300,3000
502,4,197800,49200,43700,1400,3900
503,4,154900,48200,43900,1300,3800
504,4,154400,48000,43900,1200,3700
505,4,158400,48600,43800,1300,3900
506,4,147900,47500,44000,1300,3700
507,4,151400,47500,44000,1300,3800
508,4,155800,48100,44000,1300,3700
509,4,158100,47800,43900,1300,3900
510,4,166200,48700,43900,1400,3900
511,4,164300,49000,43600,1300,3900
512,4,159200,48600,43600,1300,3900
513,4,161100,48500,43900,1300,4000
514,4,217300,49300,44000,1400,4000
515,4,182500,48900,44000,1300,4100
516,4,187400,48600,44100,1300,4000
517,4,159300,48400,43900,1300,3900
518,4,178700,48400,43700,1300,3900
519,4,163300,48000,43800,1300,3900
520,4,149700,47800,44000,1200,3700
521,4,154700,47900,43900,1300,3700
522,4,156500,47800,44100,1200,3800
523,4,149400,48000,43800,1400,3800
524,4,153500,48200,44400,1200,3700
525,4,154700,48200,43300,1200,3900
526,4,183900,53400,48000,1300,3600
527,4,160500,49400,47200,1300,4000
528,4,160700,48300,43600,1300,3100
529,4,162500,48700,43900,1300,3800
530,4,169600,49200,44000,1300,3800
531,4,201300,49400,43900,1800,4000
532,4,173700,49000,43900,1400,4100
533,4,168300,48900,44400,1400,4100
534,4,171100,49800,43600,1400,4100
535,4,165000,48600,43900,1300,4000
536,4,174800,49500,44700,1300,4100
537,4,161400,48100,44100,1400,3000
538,4,214700,49800,44200,1300,4100
539,4,176200,48400,43800,1300,4100
540,4,159100,52700,44400,1300,3000
541,4,161400,48700,44200,1300,4000
542,4,157100,48400,43700,1400,3900
543,4,161800,52600,44600,1300,3000
544,4,158700,48800,43700,1400,3800
545,4,205300,49700,44500,1300,4100
546,4,215500,49400,44100,1400,4100
547,4,160200,48300,44000,1300,4100
548,4,153800,48400,44200,1200,3900
549,4,158500,47000,43900,1200,3900
550,4,789000,50700,648700,1300,3900
551,4,686800,59100,557800,1400,4200
552,4,224800,53700,44100,1400,65200
553,4,236200,52700,44400,1400,73900
554,4,185900,51300,45400,1400,22100
555,4,166900,49500,47000,1500,4300
556,4,170000,49300,43900,1300,4100
557,4,165200,48400,46100,1300,3100
558,4,192400,49000,44300,1400,4100
559,4,172000,48700,44000,1300,4000
560,4,160600,48600,43700,1300,3900
561,4,195500,49100,43900,1300,3900
562,4,193800,48900,44000,1300,4000
563,4,161900,48400,43400,1300,3900
564,4,162300,48400,43500,1300,3900
565,4,157200,48000,43400,1200,3100
566,4,161900,48100,44000,1200,3800
567,4,166400,48500,44000,1300,4000
568,4,155800,52400,44300,1300,2900
569,4,170800,49000,43600,1300,4100
570,4,218700,49300,43700,1400,4200
571,4,207000,49900,43800,1400,4300
572,4,163800,48800,44000,1300,4300
573,4,165800,48800,43900,1300,3200
574,4,184500,49400,43700,1300,4100
575,4,162800,48500,44200,1300,3900
576,4,230400,48900,44400,1300,4200
577,4,184900,48800,44200,1300,4000
578,4,181200,48600,44200,1400,4100
579,4,164200,48400,44000,1300,3800
580,4,149500,47700,44100,1300,3700
581,4,153200,48200,43700,1200,3800
582,4,153500,47900,43700,1300,3800
583,4,149800,48200,43400,1200,3700
584,4,153200,47800,44100,1300,3900
585,4,159100,48600,43900,1400,3700
586,4,175900,48500,45500,1300,3000
587,4,150400,47700,44000,1300,3900
588,4,151000,47900,43700,1300,3700
589,4,155500,48000,44400,1300,3900
590,4,161900,48300,43600,1200,3700
591,4,185400,49000,44100,1300,3900
592,4,159300,48400,43800,1300,3900
593,4,163300,48300,44000,1200,3800
594,4,172000,58200,44500,1300,4000
595,4,161300,48400,44000,1300,3900
596,4,163700,48400,44200,1300,4000
597,4,164100,48200,44600,1300,3900
598,4,210600,48900,44300,1400,4000
599,4,165200,48100,44200,1300,3900
600,4,156900,48400,44200,1300,3800
601,4,162200,48600,44000,1400,3100
602,4,150700,48100,43700,1300,3900
603,4,159400,47900,48000,1300,3100
604,4,156400,48300,44100,1300,4000
605,4,161000,48100,44400,1300,4000
606,4,186500,48600,44200,1400,4000
607,4,196500,49000,43600,1400,4100
608,4,194700,56500,47700,2300,4600
609,4,200400,52100,57900,2200,4400
610,4,214100,52200,47900,2300,4900
611,4,622600,51500,498300,1400,4300
612,4,591200,63200,457200,2300,4300
613,4,224600,54900,44200,1500,60100
614,4,230600,52500,45800,1400,65100
615,4,188400,51100,44100,1400,19800
616,4,172600,50400,43900,1300,4200
617,4,181000,48700,44100,1400,4200
618,4,200600,54100,44600,1300,3200
619,4,173800,48600,43800,1400,4100
620,4,160800,48100,43700,1300,4000
621,4,189000,48600,44100,1300,3100
622,4,184600,48500,44200,1300,4200
623,4,152600,48300,43300,1300,3800
624,4,158600,48700,43800,1200,4000
625,4,157900,48200,43800,1300,3900
626,4,161800,52700,44500,1300,3000
627,4,157900,48000,44200,1400,3900
628,4,164000,48600,46700,1300,3800
629,4,174100,49100,44100,1400,3900
630,4,171100,51100,44000,1400,4000
631,4,172800,50800,44000,1400,4100
632,4,195800,55100,46600,2300,5000
633,4,174300,50100,44400,1400,4700
634,4,193100,49200,44600,1300,4300
635,4,168200,48900,44000,1300,3100
636,4,196700,48700,44100,1400,4100
637,4,174900,48900,50500,1300,4100
638,4,270400,53200,46200,2300,4900
639,4,203900,54200,45200,1500,3300
640,4,158200,48900,44800,1400,4100
641,4,158900,48600,44300,1400,3800
642,4,156400,48500,44100,1300,3900
643,4,153100,48200,44200,1400,3800
644,4,158900,48600,45900,1300,3800
645,4,161700,48300,43900,1400,3900
646,4,187500,48800,44100,1300,3900
647,4,159200,48200,44700,1300,3900
648,4,158900,48300,45300,1300,3900
649,4,167000,48700,44100,1400,3900
650,4,164300,48500,44300,1300,3800
651,4,200900,48900,44300,1400,4000
652,4,171000,49700,44100,1300,4000
653,4,157300,48700,44400,1300,3100
654,4,166600,48600,44300,1300,3900
655,4,210400,49300,45200,1300,4100
656,4,203500,49500,44100,1400,4100
657,4,168300,49000,43900,1400,3900
658,4,214900,49300,43900,1500,4100
659,4,173500,48400,44100,1200,4000
660,4,164800,48700,43700,1300,4000
661,4,153000,48200,43900,1200,3800
662,4,154400,47900,44100,1300,3800
663,4,159600,48400,43800,1300,4000
664,4,152700,47600,43700,1300,3800
665,4,162300,49000,43700,1400,3900
666,4,191500,48800,44000,1300,4000
667,4,162800,48400,44000,1200,3800
668,4,154100,48000,44500,1300,3800
669,4,201100,49000,44600,1400,4000
670,4,202600,48700,43700,1300,4000
671,4,155200,47000,44100,1200,4000
672,4,557100,48900,448500,1300,3800
673,4,543200,57100,425100,1400,4300
674,4,216900,54800,43700,1400,58400
675,4,222700,51100,44100,1500,64200
676,4,182500,51600,44200,1400,20800
677,4,164000,48800,44300,1400,4200
678,4,188300,49000,43900,1400,4000
679,4,172300,49800,45300,1300,4100
680,4,158900,50800,44900,1200,2900
681,4,187200,48700,44100,1500,2900
682,4,177800,48500,43900,1300,3900
683,4,151700,52200,44700,1200,2700
684,4,149000,48700,44100,1200,3700
685,4,148000,47500,43700,1300,3700
686,4,154000,48200,43700,1200,3700
687,4,155400,48200,44200,1300,3700
688,4,156800,48100,44000,1300,3700
689,4,162900,48100,43600,1300,3800
690,4,192300,59300,48900,1300,3700
691,4,194600,53400,44800,2400,4900
692,4,164900,49600,44300,1400,4200
693,4,187400,52600,44900,2200,4800
694,4,221100,55400,47700,2300,4600
695,4,171400,50100,44800,1300,4500
696,4,202200,48800,44000,1400,4100
697,4,165600,48600,44600,1300,4100
698,4,186800,48700,45100,1300,4000
699,4,175000,50100,43700,1400,4100
700,4,201900,49100,44200,1300,4000
701,4,190200,54000,44500,1400,3200
702,4,164800,48500,44600,1300,4100
703,4,156100,48000,44100,1200,3900
704,4,158100,48300,44100,1300,3900
705,4,162200,48500,44300,1400,3900
706,4,182100,48800,43800,1300,3900
707,4,153100,47900,44100,1300,3900
708,4,155200,48500,43500,1300,3900
709,4,158700,48300,44400,1300,3900
710,4,165000,52600,43700,1300,2900
711,4,192100,48800,44000,1300,3900
712,4,161100,48200,44300,1300,3900
713,4,162400,48600,44200,1400,4000
714,4,160200,48200,44300,1300,4000
715,4,157500,48400,43700,1300,4000
716,4,162800,48900,43900,1300,4000
717,4,169600,49200,44000,1300,4000
718,4,212100,49200,43800,1400,4100
719,4,185000,51000,46300,1300,4000
720,4,159300,48300,43900,1300,2900
721,4,166200,50400,46200,1400,3900
722,4,175800,52000,44600,1400,5000
723,4,159900,50500,44100,1300,4100
724,4,168300,53300,45400,1300,3900
725,4,168300,48600,44300,1300,4000
726,4,190600,48700,44100,1300,4000
727,4,162700,48400,44200,1300,4000
728,4,156600,48000,43900,1300,4100
729,4,164000,49100,45200,1300,3900
730,4,182300,49000,43400,1400,4000
731,4,204500,49800,43700,1400,4000
732,4,183500,48300,44400,1400,4000
733,4,541300,51100,424200,1300,3900
734,4,537900,56800,410800,1400,4300
735,4,224300,54700,43900,1500,58500
736,4,231400,51200,44000,1400,63500
737,4,184900,50200,43200,1400,20900
738,4,188700,48800,43200,1400,4100
739,4,174200,48200,43900,1300,4100
740,4,202600,48800,43900,1300,4100
741,4,225700,49600,44400,1400,4200
742,4,179200,48300,43800,1200,4100
743,4,145600,47400,44300,1200,2800
744,4,151400,47300,43800,1200,3700
745,4,148800,47500,43400,1200,3600
746,4,145600,47300,44200,1300,3500
747,4,148500,47600,43700,1200,3700
748,4,156200,48300,44200,1200,3700
749,4,164500,48700,43600,1300,3900
750,4,170100,48700,44200,1400,3900
751,4,165300,48400,44000,1300,3100
752,4,163700,48400,44300,1300,4000
753,4,169900,48800,44100,1400,4100
754,4,176900,48400,43800,1300,4100
755,4,159800,48200,44000,1300,2800
756,4,192400,48800,43900,1300,4100
757,4,160500,48100,43800,1300,3900
758,4,184000,48100,44300,1200,3900
759,4,167800,48400,44000,1300,3900
760,4,153300,47700,44000,1300,3800
761,4,159000,47800,44100,1300,3800
762,4,197100,49200,46000,1400,4100
763,4,200100,54300,46000,2300,4800
764,4,168400,49700,45300,1400,4600
765,4,160400,48300,43500,1300,3900
766,4,185000,49000,48200,1200,3700
767,4,150900,47800,44000,1300,3800
768,4,154000,48600,45600,1300,3700
769,4,156700,48500,43900,1300,3700
770,4,165300,48400,44200,1200,3800
771,4,193600,48900,44200,2100,4100
772,4,160300,48500,43500,1300,4000
773,4,157200,48800,43900,1300,3800
774,4,161800,48400,44200,1300,3900
775,4,154300,48400,44100,1300,3800
776,4,158900,48100,43900,1300,4000
777,4,162500,48200,44000,1300,3800
778,4,229900,53500,45900,1400,4100
779,4,173800,49000,43600,1400,3900
780,4,160900,48400,44200,1300,3700
781,4,160500,48500,44100,1300,3600
782,4,157500,48500,43700,1300,3800
783,4,161400,48500,44400,1400,3900
784,4,175400,49100,43700,1400,3900
785,4,167300,48700,44300,1300,4000
786,4,198900,49000,43700,1500,4000
787,4,172400,49100,44200,1300,4000
788,4,157300,48100,44200,1300,4000
789,4,165300,48900,44100,1400,4000
790,4,185900,48900,43700,1300,3900
791,4,162900,48700,44000,1300,4000
792,4,157400,48500,44500,1300,4000
793,4,195300,47700,44200,1300,4000
794,4,537000,49700,397700,1400,4000
795,4,539300,57400,409400,1500,4400
796,4,225900,54500,44200,1400,58500
797,4,228200,50800,44500,1500,64000
798,4,212500,50300,43900,1500,21200
799,4,177500,49300,44000,1400,4100
800,4,158600,48700,43800,1400,3100
801,4,191500,48600,43800,1300,3000
802,4,182400,49000,44100,1400,4000
803,4,150400,48100,43700,1300,3700
804,4,152300,52000,44300,1300,2700
805,4,150600,48000,44300,1200,3800
806,4,151700,48600,44900,1200,3700
807,4,160000,49200,45700,1400,3800
808,4,154500,47700,44200,1300,3700
809,4,165600,48500,44300,1300,3900
810,4,171100,49000,43900,1300,3900
811,4,172800,49200,43700,1400,4000
812,4,169300,52800,44500,1300,3100
813,4,168800,49300,44200,1400,4000
814,4,185700,49000,44000,1400,3900
815,4,172700,49100,44000,1400,4100
816,4,193500,49100,43600,1300,4000
817,4,176500,53000,44400,1300,3000
818,4,195500,49800,44300,1300,4100
819,4,170400,48300,43200,1300,4100
820,4,162600,52700,44500,1300,2900
821,4,163500,48600,43900,1300,3900
822,4,162000,48400,43500,1200,4200
823,4,155500,48100,44000,1300,3900
824,4,202600,49000,43900,1400,4000
825,4,230900,49500,44200,1400,4300
826,4,217700,49600,44100,1400,4400
827,4,152400,48100,44400,1200,3900
828,4,152400,48100,44200,1200,3900
829,4,160400,48600,44300,1200,3800
830,4,159900,48500,44100,1300,3900
831,4,190000,49100,44400,1400,3900
832,4,163100,48500,45600,1300,3000
833,4,155700,48600,44500,1300,3800
834,4,157300,48100,44200,1200,3900
835,4,155000,48000,44200,1300,3700
836,4,157800,48400,44100,1300,3900
837,4,159800,48300,44600,1300,3800
838,4,201900,48800,44000,1400,4000
839,4,165400,48100,44000,1300,3900
840,4,154300,47900,44200,1300,3900
841,4,160800,48500,44000,1300,3700
842,4,157600,48500,44000,1300,3900
843,4,160600,48800,44400,1300,4000
844,4,163400,48500,44100,1300,3900
845,4,163300,48800,43800,1200,4000
846,4,197500,53300,44400,1400,3000
847,4,155500,48000,44300,1300,4000
848,4,155500,48000,44100,1300,3800
849,4,163400,48900,43600,1400,3900
850,4,177600,49000,43800,1200,3800
851,4,159800,48300,43600,1300,4000
852,4,152300,48000,43900,1300,2900
853,4,154200,47900,44500,1300,3700
854,4,156500,47000,44200,1300,3900
855,4,571600,53200,397400,2300,5000
856,4,546900,58200,388100,1400,4300
857,4,227200,54800,43900,1400,57900
858,4,252800,51200,43500,1400,63200
859,4,203700,57600,48600,2300,20700
860,4,196500,53700,46800,2300,9400
861,4,223300,53100,47100,2300,4400
862,4,208400,51700,46100,2300,3900
863,4,156800,48800,44400,1300,3900
864,4,149300,47900,44400,1300,3700
865,4,149000,47600,44200,1200,3700
866,4,148500,47800,43800,1300,3800
867,4,147900,47800,44100,1300,3700
868,4,151200,47800,44000,1300,3700
869,4,167200,48900,43500,1400,3900
870,4,178100,48700,48100,4200,4100
871,4,169800,48500,44200,1400,4000
872,4,171800,48600,44000,1300,4000
873,4,175300,49100,44300,1400,4200
874,4,191700,48800,43800,1300,4000
875,4,169100,48900,43900,1400,4100
876,4,211400,59900,44500,1300,4100
877,4,175200,49400,43900,1400,4000
878,4,182000,48800,43700,1400,3900
879,4,171000,49100,44000,1200,4000
880,4,160800,48600,43900,1400,4000
881,4,158200,48600,44000,1300,3900
882,4,161900,48500,44100,1300,4000
883,4,157100,48200,43800,1300,4000
884,4,160000,48300,44100,1300,4000
885,4,163200,48700,43600,1400,4100
886,4,223000,49200,44100,1300,4200
887,4,179800,49200,43800,1300,4100
888,4,154500,48200,44000,1300,3900
889,4,161200,52800,44300,1300,2900
890,4,161300,48300,43700,1300,3900
891,4,192700,49200,44000,1400,4100
892,4,162300,48500,43900,1300,3900
893,4,167600,49300,53100,4600,3800
894,4,158700,47900,44200,1300,4000
895,4,156300,48200,43900,1300,3900
896,4,161200,48300,43900,1300,3900
897,4,161100,48600,43900,1300,3900
898,4,208200,48800,45900,1300,3900
899,4,170700,51500,43700,1200,3900
900,4,156300,48900,43600,1300,3900
901,4,160100,48300,44000,1300,3900
902,4,160200,48300,43700,1300,3800
903,4,171500,53200,45100,1300,3900
904,4,166500,48600,43900,1300,3900
905,4,172300,49300,43700,1400,3900
906,4,203000,49200,47900,1300,4100
907,4,166400,48500,44100,1300,4000
908,4,163900,48600,44000,1300,4000
909,4,164100,48700,44000,1200,3900
910,4,228900,49000,43900,1500,4000
911,4,199800,49300,43900,1400,4100
912,4,152600,48300,43500,1300,3900
913,4,156100,48400,43700,1300,3800
914,4,158300,48100,43900,1300,3900
915,4,161100,46500,44100,1300,3900
916,4,512000,49500,388600,1400,3100
917,4,562500,57400,388600,1400,4200
918,4,274200,54500,43900,1400,58400
919,4,232700,51600,43900,1500,62900
920,4,176100,50300,44400,1400,19400
921,4,187800,48200,44300,1400,4200
922,4,179800,48600,43500,1400,3900
923,4,149100,47900,43900,1200,3700
924,4,148100,47800,44200,1300,3700
925,4,147100,47400,43800,1200,3600
926,4,147400,47400,44200,1200,3600
927,4,149600,47500,45900,1200,3600
928,4,152400,52100,44300,1200,2700
929,4,157900,48100,43900,1200,3800
930,4,160900,48500,43500,1300,3800
931,4,157900,48300,43600,1300,2800
932,4,153200,48000,44000,1400,2800
933,4,159700,48500,43500,1300,4000
934,4,180600,49100,43900,1300,4000
935,4,164600,48000,44000,1300,4100
936,4,194500,48600,43800,1300,3900
937,4,168900,48700,44000,1300,3900
938,4,184800,48400,44100,1300,4000
939,4,174000,48700,44100,1400,3900
940,4,150400,48600,43600,1300,3900
941,4,157400,48600,43900,1300,4000
942,4,163800,48600,43800,1400,3900
943,4,153200,48300,44100,1200,2800
944,4,156300,48100,43500,1200,3900
945,4,179300,52700,50700,4500,3900
946,4,189500,53800,44600,1400,3900
947,4,153900,48100,43800,1300,4000
948,4,194700,49000,44100,1300,3900
949,4,179600,49000,44400,1400,4000
950,4,161800,49300,44300,1200,3800
951,4,187100,48400,44400,1300,4000
952,4,157800,48100,44000,1300,3900
953,4,156500,48900,44200,1300,3800
954,4,161200,48200,43800,1300,3800
955,4,163200,49100,44100,1200,3800
956,4,162900,48100,43400,1300,4000
957,4,165000,48400,44100,1400,2900
958,4,212200,49100,48000,1300,4000
959,4,178200,56700,43800,1300,3000
960,4,155700,48200,44500,1300,3900
961,4,154500,48500,43500,1400,3900
962,4,153200,48100,43800,1300,3800
963,4,153300,48200,43900,1400,2900
964,4,155800,48200,43600,1300,4000
965,4,169200,48900,43300,1300,3900
966,4,194600,49400,44400,1300,4100
967,4,163700,48400,43000,1400,4000
968,4,159000,48200,44200,1300,3600
969,4,167900,48500,44500,1300,3900
970,4,188700,48800,43400,1400,3900
971,4,158600,49100,44100,1300,4100
972,4,158900,48500,43500,1300,3900
973,4,157500,48400,43900,1300,3000
974,4,157200,48600,44000,1300,4000
975,4,164800,49000,43800,1300,3900
976,4,165500,47200,43900,1300,4000
977,4,515500,50000,390600,1300,4000
978,4,560600,56200,403800,1400,4200
979,4,270800,54300,44200,1500,56400
980,4,246000,51100,44500,1400,63200
981,4,209600,50500,44500,1400,21000
982,4,185900,53600,44300,1300,3200
983,4,150200,47300,43700,1300,3800
984,4,149600,47600,43900,1300,3600
985,4,150500,47500,44800,1300,3900
986,4,157000,48400,45100,1400,3800
987,4,158500,48300,44000,1200,3100
988,4,155200,47900,44200,1300,3800
989,4,164100,48700,43600,1300,4000
990,4,167600,48700,44000,1300,4200
991,4,166300,49000,43900,1200,4000
992,4,161400,48900,44000,1300,4000
993,4,160300,48500,43600,1300,4100
994,4,183000,49100,43900,1300,4100
995,4,203100,48900,43600,1300,4100
996,4,228000,48800,44100,1400,4300
997,4,166900,48500,43800,1300,4000
998,4,185400,48400,43700,1300,3000
999,4,170600,49000,43600,1300,3900
1000,4,157100,47900,44100,1300,3800
1001,4,164300,49000,43900,1300,3000
1002,4,152800,47400,44000,1200,3900
1003,4,154400,48000,44100,1300,3800
1004,4,160700,48300,44300,1300,3900
1005,4,157100,48100,43100,1200,3900
1006,4,179300,48800,44200,1300,3300
1007,4,154600,48200,44000,1200,3900
1008,4,154400,48300,44000,1300,3800
1009,4,158800,48600,44100,1300,3900
1010,4,199100,48500,43300,1400,4100
1011,4,212100,49500,43700,2100,4000
1012,4,156400,47900,44200,1400,3200
1013,4,154000,48200,43400,1300,3900
1014,4,156500,48600,43600,1300,3900
1015,4,162700,52300,44400,1200,4000
1016,4,156600,47900,44300,1300,3900
1017,4,158100,48400,43800,1300,3900
1018,4,202600,49000,43900,1300,3900
1019,4,164700,47900,43800,1300,3900
1020,4,149700,47400,44000,1200,2800
1021,4,152100,48000,43700,1200,3700
1022,4,150400,48000,43900,1300,3800
1023,4,151800,48200,43700,1300,3800
1024,4,151600,47800,43500,1300,3800
1025,4,159700,48200,43900,1300,3800
1026,4,182600,49000,43800,1300,4100
1027,4,163500,48300,47500,1300,3800
1028,4,156100,48000,43800,1300,3900
1029,4,162800,48500,44100,1300,3800
1030,4,180100,48700,43400,1300,4000
1031,4,160500,48400,44200,1300,3900
1032,4,159500,48300,42700,1300,4000
1033,4,159600,48000,49300,1300,3800
1034,4,183100,51300,48800,2300,4600
1035,4,195600,52800,45700,2400,4700
1036,4,169600,49000,44300,1500,4200
1037,4,173500,46900,44500,1400,4200
1038,4,540700,50400,387600,1400,4100
1039,4,531400,57600,384800,1400,4200
1040,4,239500,59800,48100,1400,57700
1041,4,302900,51700,43900,1400,63300
1042,4,236800,51000,44300,1400,21000
1043,4,155300,48500,43800,1200,4300
1044,4,151200,47900,43800,1300,3900
1045,4,154400,47900,43900,1300,3800
1046,4,149900,47700,44000,1200,3800
1047,4,149500,48000,44300,1200,2900
1048,4,152700,48200,43800,1300,3800
1049,4,161600,48800,43700,1300,4000
1050,4,170200,48900,44200,1300,4200
1051,4,166000,53100,43500,1300,3100
1052,4,160800,48300,43600,1400,3100
1053,4,162700,49200,43700,1200,4000
1054,4,188200,53000,44600,1300,4000
1055,4,161500,48300,44100,1300,4000
1056,4,192100,48800,44000,1300,4000
1057,4,165200,48400,44000,1300,3900
1058,4,188400,48400,43700,1300,4000
1059,4,173500,48300,44200,1300,3900
1060,4,158000,48500,44000,1300,3300
1061,4,161800,48300,44100,1300,3900
1062,4,163700,48400,43800,1300,4100
1063,4,162300,47900,43900,1400,4200
1064,4,154400,48300,43800,1400,3300
1065,4,167700,48800,44000,1400,3900
1066,4,202800,48700,44100,1300,11000
1067,4,152700,47700,43700,1300,4000
1068,4,159400,48400,43800,1400,4000
1069,4,161400,48500,43900,1300,4000
1070,4,168700,48800,44400,1300,4000
1071,4,196600,48800,44000,1400,4000
1072,4,208400,49400,43600,1300,4200
1073,4,190300,48900,44000,1400,4100
1074,4,164200,49000,43800,1300,4100
1075,4,159500,48600,43900,1300,3900
1076,4,162300,48300,43500,1300,4000
1077,4,165300,48800,44200,1300,3900
1078,4,211800,53400,45400,1300,3200
1079,4,181100,49200,45200,1300,4000
1080,4,210100,48700,44300,1400,3900
1081,4,191200,48800,43900,1300,4000
1082,4,151300,48100,43600,1300,3900
1083,4,151500,47800,43500,1300,3900
1084,4,153400,48500,44000,1300,3700
1085,4,158000,48600,44100,1300,3800
1086,4,190400,48400,43600,1300,3900
1087,4,154100,48100,43800,1300,3800
1088,4,151000,47400,44200,1200,3700
1089,4,162000,48400,44000,1300,3800
1090,4,183400,48700,44200,1200,3900
1091,4,163400,48500,44100,1300,3900
1092,4,157100,47900,44300,1300,3900
1093,4,155800,47800,43500,1200,3800
1094,4,163800,48500,43700,1300,4000
1095,4,163600,56400,43900,1300,3900
1096,4,163600,48400,43900,1400,3800
1097,4,169400,48600,43300,1400,4000
1098,4,186900,47700,43600,1300,4000
1099,4,515500,49900,385900,1300,3000
1100,4,511600,61000,380600,1300,4200
1101,4,248800,55000,44100,1400,56200
1102,4,244100,51700,44000,1400,63200
1103,4,214100,50400,44300,1300,21100
1104,4,172700,48800,43700,1300,4300
1105,4,148800,47900,44100,1200,3800
1106,4,147600,47300,44000,1200,3700
1107,4,147900,47600,44100,1200,3700
1108,4,149100,47400,43700,1200,3800
1109,4,158100,48200,44000,1300,3800
1110,4,160200,48100,44100,1300,3000
1111,4,161000,48600,43800,1400,3900
1112,4,155900,48300,43700,1200,3900
1113,4,158100,48500,43800,1300,4000
1114,4,176600,48500,44000,1300,4000
1115,4,154600,47700,43700,1300,3100
1116,4,184300,48400,44000,1300,3900
1117,4,162800,48200,43600,1300,3800
1118,4,229600,57900,50500,2300,4800
1119,4,199400,53500,47000,2300,4700
1120,4,200300,56000,56400,2400,4700
1121,4,173600,50400,44500,1500,4400
1122,4,166600,50900,43900,1300,4000
1123,4,163800,52800,44000,1300,3900
1124,4,168800,49200,43900,1300,4000
1125,4,179900,50100,45000,1400,4100
1126,4,192000,48700,43800,1300,4100
1127,4,162100,48900,44000,1300,3100
1128,4,163500,49100,44000,1300,4000
1129,4,165000,49500,44300,1300,4000
1130,4,168900,49100,44100,1400,4000
1131,4,198700,49800,44300,1700,4100
1132,4,165900,48700,43800,1400,3900
1133,4,161200,49200,44000,1300,3100
1134,4,202800,49500,44100,1300,4300
1135,4,183100,49300,44300,1300,4100
1136,4,163500,48800,44200,1400,4100
1137,4,163700,48600,44400,1400,3900
1138,4,209600,48900,43200,1400,4000
1139,4,168900,48800,43900,1300,4000
1140,4,156300,47700,44000,1200,3800
1141,4,155700,48400,44400,1300,3900
1142,4,155200,48700,44100,1200,3800
1143,4,154100,48100,43900,1300,3800
1144,4,155900,48200,43900,1300,3900
1145,4,161000,48400,44100,1300,3900
1146,4,188700,48900,44100,1300,3200
1147,4,158800,48500,44100,1400,4000
1148,4,153900,48300,44100,1200,3900
1149,4,159800,48600,44200,1400,3900
1150,4,181500,48300,44300,1300,3900
1151,4,168600,53100,44300,1300,3000
1152,4,160700,48300,44300,1200,3900
1153,4,160200,48100,44200,1300,3900
1154,4,164200,48800,43900,1400,4000
1155,4,168700,49000,44000,1400,4000
1156,4,180600,49100,43800,1400,4000
1157,4,186000,49200,43700,1300,4000
1158,4,199200,49600,43800,1300,4200
1159,4,181600,48200,44100,1300,4100
1160,4,506500,49600,386300,1300,3900
1161,4,545900,56800,379800,1400,4300
1162,4,249200,54900,44200,1400,58100
1163,4,217000,50800,43800,1400,62800
1164,4,178000,50200,43900,1400,20700
1165,4,242600,50600,44600,1400,4300
1166,4,228800,54700,47900,2400,4700
1167,4,173700,52100,46000,2200,4500
1168,4,157400,49300,47000,1400,4100
1169,4,167100,51600,44800,1300,3900
1170,4,169600,49200,43700,1400,3500
1171,4,163500,49100,44000,1400,4000
1172,4,158100,48800,44200,1300,4000
1173,4,160300,48600,44300,1300,3900
1174,4,181900,48500,43900,1300,4200
1175,4,164600,48400,44600,1200,3900
1176,4,189800,48700,44000,1400,4000
1177,4,165600,52600,44400,1300,3800
1178,4,180400,47800,44300,1300,4000
1179,4,163800,48200,44100,1300,3800
1180,4,150400,48000,43500,1300,3800
1181,4,154900,48100,44200,1300,3700
1182,4,160700,48600,43800,1300,3800
1183,4,157600,48400,44000,1200,3700
1184,4,160800,48300,43800,1400,3800
1185,4,172800,53200,44200,1400,3000
1186,4,185400,48700,43500,1300,4000
1187,4,161800,48800,43700,1300,3900
1188,4,152500,48100,44200,1300,3900
1189,4,158400,48500,44200,1300,2800
1190,4,167200,48600,44200,1300,4000
1191,4,191000,48800,44300,1300,4100
1192,4,164300,48800,43900,1300,4000
1193,4,161800,48600,43100,1300,4000
1194,4,163500,52800,44600,1300,3000
1195,4,156700,48300,43400,1200,4100
1196,4,201100,49100,43800,1300,4100
1197,4,185200,48800,43900,1300,4000
1198,4,206400,48800,44300,1300,4200
1199,4,165600,48400,44000,1300,3900
1200,4,153700,47500,47500,1200,2600
1201,4,166100,51500,48500,1300,3800
1202,4,168300,61900,45800,1300,3900
1203,4,157200,48100,44600,1300,7000
1204,4,153400,47900,44700,1300,3800
1205,4,177400,51500,46000,2200,4600
1206,4,221400,53300,48100,2300,4900
1207,4,179200,53500,45200,2200,4800
1208,4,161700,50600,44200,1300,4200
1209,4,165000,48800,44100,1300,3800
1210,4,190200,48800,43800,1400,3900
1211,4,164400,49200,44400,1300,3900
1212,4,162300,49600,43900,1300,3900
1213,4,164500,52700,44500,1300,2900
1214,4,186400,52200,45200,2400,4900
1215,4,199400,53200,46200,2300,4700
1216,4,218000,56200,47300,2300,13300
1217,4,194200,51800,45000,2300,4800
1218,4,214900,53800,44700,1400,4000
1219,4,173000,48900,43900,1300,4000
1220,4,166100,47800,43800,1300,4000
1221,4,566100,50200,410100,1400,4100
1222,4,549700,57300,398300,1400,4300
1223,4,220500,54200,44300,1400,59500
1224,4,221800,55400,44700,1400,62700
1225,4,176600,50000,44100,1400,20700
1226,4,159600,51400,44100,1300,4200
1227,4,198700,48500,43900,1400,3200
1228,4,176400,48400,43600,1400,4000
1229,4,165100,49100,43800,1300,4100
1230,4,168500,48300,45000,1300,3900
1231,4,166200,50100,44200,1300,3900
1232,4,160600,48400,43900,1300,4000
1233,4,169200,53100,44600,1300,3100
1234,4,183300,48700,43700,1400,4100
1235,4,161300,48500,43600,1300,4000
1236,4,193100,48700,44000,1300,3900
1237,4,160500,48300,44000,1300,3000
1238,4,182400,48500,44000,1300,3900
1239,4,164300,48500,44100,1400,3000
1240,4,150500,48000,43800,1200,2900
1241,4,161200,48900,44100,1300,3800
1242,4,166400,48200,48500,1400,4000
1243,4,157200,48300,44200,1300,3800
1244,4,166200,48100,44100,1300,3900
1245,4,164800,48200,43900,1300,2800
1246,4,191000,49100,43900,1400,4000
1247,4,162000,49000,43500,1300,4100
1248,4,161400,48500,44200,1300,3900
1249,4,176300,52900,44700,1400,3200
1250,4,202900,48900,43700,1300,4000
1251,4,233000,49700,43900,1500,4300
1252,4,167300,48900,43900,1400,4100
1253,4,159100,48000,43900,1300,3900
1254,4,161200,48500,43900,1300,4000
1255,4,158300,47900,43900,1300,4000
1256,4,162700,47900,46200,1300,3900
1257,4,169200,49400,45900,1300,4000
1258,4,247400,49100,44100,1400,4100
1259,4,191800,49300,44800,1400,4200
1260,4,153500,48400,43800,1400,3900
1261,4,151400,47800,42800,1300,3700
1262,4,150300,48300,43800,1200,3700
1263,4,154600,48900,45400,1200,3900
1264,4,153100,47600,44400,1300,3900
1265,4,155800,48200,43400,1300,3800
1266,4,184500,48500,43800,1400,3800
1267,4,156200,48600,44700,1300,3800
1268,4,150600,47700,43800,1200,3800
1269,4,154000,49100,43600,1300,2800
1270,4,175700,48400,44200,1300,3800
1271,4,158200,48200,44200,1300,3900
1272,4,149500,47800,43800,1300,3700
1273,4,149900,47600,43900,1200,3800
1274,4,153400,47600,44100,1400,3900
1275,4,162000,48800,43400,1300,4000
1276,4,167900,48800,43900,1400,3900
1277,4,168500,48700,44800,1400,4000
1278,4,192400,48900,44000,1300,3200
1279,4,171200,48600,43500,1400,3100
1280,4,163600,48200,43700,1400,3100
1281,4,183500,47400,44300,1300,4000
1282,4,531400,49400,392700,1300,3900
1283,4,535700,59700,408700,1300,3400
1284,4,246200,59600,47500,2400,78000
1285,4,254400,56000,47400,2400,82100
1286,4,187800,56200,45100,1400,20500
1287,4,153700,48300,43800,1300,4100
1288,4,157900,47800,44000,1300,3900
1289,4,209400,49700,44300,1400,4200
1290,4,192800,49300,46100,1500,4100
1291,4,172800,49100,43700,1400,10000
1292,4,157400,48400,44400,1200,3900
1293,4,160300,48300,44000,1400,3900
1294,4,189300,49500,43800,1400,4000
1295,4,168000,49200,44000,1300,4100
1296,4,196200,48700,44100,1300,4200
1297,4,171900,48500,43800,1400,4100
1298,4,185800,49100,44200,1400,4100
1299,4,170100,53000,44500,1300,3000
1300,4,162300,49900,47100,2200,3900
1301,4,155800,48300,43900,1300,4100
1302,4,166600,52500,45600,2100,3900
1303,4,167100,49900,45500,1300,4500
1304,4,158200,47900,44100,1200,4100
1305,4,187400,52100,46000,2300,4800
1306,4,215900,51100,45300,2300,4800
1307,4,169100,53700,44900,1400,3300
1308,4,162900,48800,43500,1300,4000
1309,4,168600,49200,44000,1400,4000
1310,4,169400,49100,43300,1400,4000
1311,4,204400,49400,44900,1400,4000
1312,4,182900,52800,45700,2300,4900
1313,4,174400,49500,44500,1400,4200
1314,4,167900,48900,44100,1300,4100
1315,4,158700,48600,43800,1300,4100
1316,4,167000,48800,43900,1400,4000
1317,4,172400,48800,44200,1300,4100
1318,4,212300,48900,44100,1300,4100
1319,4,172800,49000,44000,1300,3900
1320,4,201200,49700,44100,1300,4000
1321,4,182700,48700,44300,1400,3200
1322,4,153900,48500,43400,1300,3800
1323,4,154700,48500,43600,1400,3800
1324,4,156600,48100,44600,1200,3800
1325,4,161400,48600,43700,1300,3800
1326,4,195600,48900,44300,1400,3900
1327,4,167100,52600,44300,1200,2900
1328,4,158400,49200,43800,1300,3800
1329,4,166100,52900,44300,1300,2800
1330,4,185000,48600,44300,1300,3900
1331,4,160400,48300,43400,1300,3900
1332,4,155400,48200,44300,1200,3800
1333,4,152500,47700,43900,1200,3800
1334,4,161300,48600,43800,1300,4000
1335,4,199300,48500,43800,1400,3100
1336,4,200900,49400,44100,1300,4200
1337,4,169000,49200,44100,1400,4100
1338,4,197300,49300,44200,1400,4000
1339,4,176400,49200,43800,1400,4100
1340,4,165200,48600,44200,1300,3900
1341,4,194600,48900,44300,1400,4000
1342,4,188800,47400,43900,1400,4000
1343,4,501800,48600,395700,1200,3700
1344,4,506200,57200,386100,1400,4300
1345,4,231200,54700,44200,1400,58100
1346,4,212200,51100,44100,1400,62900
1347,4,173400,50000,44100,1400,20700
1348,4,155000,48500,43600,1300,4300
1349,4,161400,48300,44000,1300,4000
1350,4,166200,49600,44100,1400,3200
1351,4,204700,49500,44400,1400,4200
1352,4,181600,48700,44400,1300,4100
1353,4,166700,49600,47300,1400,3000
1354,4,178100,48600,43600,1300,3900
1355,4,159100,49600,43900,1300,3700
1356,4,188600,48700,44200,1300,3900
1357,4,159100,48400,43300,1300,3900
1358,4,188800,48100,53100,1300,4000
1359,4,164600,49000,44200,1300,3900
1360,4,150000,47900,44200,1300,3700
1361,4,152800,47600,44000,1300,3700
1362,4,152900,47700,44000,1300,3800
1363,4,148800,47800,43300,1200,3700
1364,4,153300,48200,43900,1300,3800
1365,4,172600,56700,49600,1300,2900
1366,4,209000,53300,48400,2300,4300
1367,4,174700,58000,49100,2300,4000
1368,4,194300,55800,47400,2300,4700
1369,4,177000,54600,44500,1400,3700
1370,4,168300,48700,44400,1300,4000
1371,4,204600,48800,45900,1400,4100
1372,4,163700,48300,44300,1300,3000
1373,4,167000,48500,43700,1300,4000
1374,4,160200,48700,44200,1300,3900
1375,4,159300,48400,44000,1300,3900
1376,4,165500,48400,43900,1400,4100
1377,4,160700,48200,44200,1400,4000
1378,4,212700,49000,44100,1400,4100
1379,4,176700,49300,43500,1400,4100
1380,4,165100,48800,43800,1300,4000
1381,4,163100,48900,43800,1300,4000
1382,4,202200,48900,44100,1400,4200
1383,4,179900,49000,43900,1500,3100
1384,4,156300,47700,44200,1300,3800
1385,4,163900,48400,43800,1300,4000
1386,4,195800,48500,44100,1300,4000
1387,4,157700,48000,44100,1200,4000
1388,4,160000,53700,44100,1300,2800
1389,4,158100,48000,44100,1300,3900
1390,4,181500,48900,43300,1300,3900
1391,4,157900,48000,46300,1400,3000
1392,4,261300,105800,46600,1800,4200
1393,4,201200,89200,44900,1400,4000
1394,4,163500,49600,45300,1300,4200
1395,4,170300,55200,44200,1400,4100
1396,4,165400,48500,44300,1300,4000
1397,4,168900,48500,44100,1300,4000
1398,4,194000,49100,44300,1300,3900
1399,4,177400,49000,43400,1400,4100
1400,4,172300,48700,44200,1300,3900
1401,4,196200,48900,44000,1300,4000
1402,4,192900,53100,44400,1300,3100
1403,4,156000,47000,43800,1400,3900
1404,4,509800,53500,390000,1400,3000
1405,4,503100,57100,383900,1400,4400
1406,4,216300,54100,43900,1500,57100
1407,4,224500,51100,44000,1400,63400
1408,4,172800,49900,44100,1400,20900
1409,4,166800,48600,43900,1300,4200
1410,4,170800,49000,44600,1300,4100
1411,4,172200,49100,44100,1400,4100
1412,4,164200,48600,43900,1400,3300
1413,4,207500,49800,44000,1300,4100
1414,4,211000,49600,43500,1400,4100
1415,4,164700,49100,43600,1300,4100
1416,4,199000,48700,43900,1300,4100
1417,4,166500,48900,43700,1400,3900
1418,4,183500,48600,43700,1300,4000
1419,4,170800,48300,44000,1400,3900
1420,4,195700,49000,43900,1300,4100
1421,4,188500,49100,43900,1500,3300
1422,4,154700,47900,43700,1300,4000
1423,4,148400,47700,44000,1400,3200
1424,4,153200,47800,43900,1200,3800
1425,4,156400,48400,43400,1300,3800
1426,4,180400,53000,44100,1300,2800
1427,4,150200,47700,43900,1300,3800
1428,4,151200,47400,43700,1300,2800
1429,4,155800,48400,43900,1300,3900
1430,4,164900,48600,43600,1300,3900
1431,4,195700,49200,44000,1400,4100
1432,4,165500,48300,43800,1300,3800
1433,4,162000,48700,43600,1300,3800
1434,4,185500,55300,45400,2200,4700
1435,4,172400,49000,44500,1400,4200
1436,4,160200,48800,43900,1300,4000
1437,4,165200,48800,43800,1400,4000
1438,4,215600,49500,44400,1400,4200
1439,4,171400,53000,45500,1300,3100
1440,4,158400,48200,44300,1300,3900
1441,4,155700,47900,43700,1200,4000
1442,4,166400,56900,44000,1400,3900
1443,4,158900,49700,44100,1400,4100
1444,4,195700,48900,43400,1400,4100
1445,4,183100,49300,44100,1400,4000
1446,4,189200,49100,43900,1300,4000
1447,4,156100,48000,44200,1200,3900
1448,4,161100,50300,46000,2100,3700
1449,4,159300,48300,43600,1300,3800
1450,4,179600,48300,44200,1300,3800
1451,4,155600,48000,44000,1300,3900
1452,4,151100,47700,44700,1200,3800
1453,4,149600,47600,44000,1200,3800
1454,4,153700,47900,44200,1300,3800
1455,4,157500,48200,44100,1300,3800
1456,4,160600,48100,44000,1300,3700
1457,4,160900,48000,44100,1300,3900
1458,4,188300,48700,43900,1300,4000
1459,4,168600,48000,43900,1300,4000
1460,4,158400,48300,44100,1300,3900
1461,4,190000,48900,44000,1400,4000
1462,4,183900,48500,44000,1400,3900
1463,4,154900,47800,43800,1300,3800
1464,4,157800,47000,43700,1300,3900
1465,4,505400,49700,384800,1300,3900
1466,4,514200,57100,381000,1400,4300
1467,4,218300,54400,43500,1400,57800
1468,4,222200,51100,44100,1400,63000
1469,4,188500,50400,44000,1400,21000
1470,4,167800,48900,44100,1300,4300
1471,4,169000,48500,43800,1400,4100
1472,4,166700,53000,44100,1300,3000
1473,4,165400,48600,44200,1300,4100
1474,4,184900,48500,43900,1300,4200
1475,4,203700,49600,44100,1400,4300
1476,4,215100,48900,43800,1400,4000
1477,4,163000,47600,44300,1300,3900
1478,4,184600,48600,45100,1300,4000
1479,4,165500,48200,44000,1400,3900
1480,4,152100,48200,43500,1200,3900
1481,4,158900,48500,44200,1300,3800
1482,4,156300,48400,43700,1300,3800
1483,4,151500,47800,44100,1300,3800
1484,4,154400,47500,44000,1300,3800
1485,4,159900,48500,43900,1300,3900
1486,4,189800,48600,44200,1300,3800
1487,4,153200,48200,44000,1300,3800
1488,4,153200,48000,43900,1300,4000
1489,4,156800,48100,44000,1200,3900
1490,4,163300,47800,43900,1300,3900
1491,4,195700,49100,44800,1500,4000
1492,4,166700,48600,43900,1300,4000
1493,4,167000,53400,44100,1300,3000
1494,4,165300,48600,43900,1200,4000
1495,4,163900,48600,43900,1300,4100
1496,4,170900,48900,44000,1300,4000
1497,4,178900,49000,44500,1300,4100
1498,4,211600,53100,44300,1300,3100
1499,4,175800,48600,44300,1300,4000
1500,4,164000,48500,43800,1400,4100
1501,4,155800,48000,43600,1300,3000
1502,4,159600,48700,44100,1300,3900
1503,4,158100,48200,43900,1300,4000
1504,4,162400,48000,43500,1400,3900
1505,4,205000,49400,43900,1400,4100
1506,4,266100,49400,43700,1400,4200
1507,4,181200,49000,43900,1300,4200
1508,4,150800,47500,44000,1300,3800
1509,4,157300,48600,44300,1200,3900
1510,4,176500,48000,43600,1400,3000
1511,4,153000,48000,43500,1300,3000
1512,4,150600,47400,44000,1200,3700
1513,4,151800,48000,43600,1300,3700
1514,4,153400,48200,44100,1200,3800
1515,4,157000,48200,44200,1400,3900
1516,4,159700,48200,43700,1300,3900
1517,4,161800,48800,43800,1400,3900
1518,4,188800,48900,44200,1400,4100
1519,4,167800,48100,44300,1400,4000
1520,4,156600,48200,44300,1300,3900
1521,4,187700,48700,43600,1300,3400
1522,4,177700,48500,43900,1300,3900
1523,4,158600,48200,47900,1300,3900
1524,4,152600,47800,43400,1300,3600
1525,4,151900,47100,43600,1200,3700
1526,4,524000,49500,401600,1300,4000
1527,4,506200,56300,385800,1500,3300
1528,4,252500,70400,46500,1400,60700
1529,4,223100,50900,43500,1400,62500
1530,4,188000,50600,44500,1400,20600
1531,4,169600,48800,43900,1300,4100
1532,4,157500,48500,44000,1300,3900
1533,4,163700,48900,43600,1300,3900
1534,4,186900,49000,44000,1300,4000
1535,4,162500,48500,43400,1300,3900
1536,4,189000,48600,43600,1300,4000
1537,4,206600,48700,44400,1300,4200
1538,4,204500,48800,44200,1300,4100
1539,4,166100,52300,44000,2400,2900
1540,4,149900,47500,44200,1200,3900
1541,4,152000,47900,43900,1200,3800
1542,4,153100,47800,43900,1300,3800
1543,4,149200,47900,43700,1200,3800
1544,4,154200,48200,44300,1200,3800
1545,4,162200,53100,44600,1400,3000
1546,4,175100,48800,43900,1300,3800
1547,4,150600,47700,44100,1300,3800
1548,4,155300,52300,44400,1300,2900
1549,4,159200,48100,43600,1300,3900
1550,4,165800,48600,43500,1400,3900
1551,4,193600,48900,43900,1400,4100
1552,4,166300,48800,44100,1400,4100
1553,4,160500,48600,43600,1400,3900
1554,4,163500,48400,43900,1400,3800
1555,4,163800,48200,44300,1400,4000
1556,4,166900,48700,43900,1300,3900
1557,4,168000,48600,43600,1300,4100
1558,4,211000,48800,43900,1300,4000
1559,4,178000,48900,43700,1300,4100
1560,4,155000,48400,43600,1300,3900
1561,4,159000,48200,43800,1300,3900
1562,4,159500,48500,43400,1300,4000
1563,4,156600,48400,44100,1400,4000
1564,4,159000,47600,43800,1300,3900
1565,4,163600,48600,44200,1200,3900
1566,4,190000,48900,43700,1300,4100
1567,4,162300,48900,44000,1200,3900
1568,4,195000,48700,44100,1400,4100
1569,4,182900,48500,44000,1300,3900
1570,4,184100,48700,47900,1300,3900
1571,4,159800,50100,43600,1400,4100
1572,4,165200,48200,53500,4800,3900
1573,4,152300,48100,43700,1300,3900
1574,4,159600,48400,43600,1300,3900
1575,4,158500,48300,44300,1400,4000
1576,4,162600,48100,43700,1300,3800
1577,4,164500,48600,44300,1400,3900
1578,4,189400,48500,43900,1300,4000
1579,4,170200,48400,44000,1300,4000
1580,4,158300,48500,43800,1300,3900
1581,4,191400,48800,44100,1300,4000
1582,4,184800,48500,43800,1400,3900
1583,4,154200,47700,44000,1300,3800
1584,4,155000,47900,43900,1300,3800
1585,4,158000,48300,44200,1300,3700
1586,4,157300,46800,43700,1200,3800
1587,4,501200,49300,385100,1300,3800
1588,4,504400,56600,379600,1500,4200
1589,4,230000,54100,44000,1400,56100
1590,4,279300,51200,44500,1500,63200
1591,4,218200,50600,43300,1400,21000
1592,4,161800,48800,43800,1300,4300
1593,4,167400,48800,44700,1300,4000
1594,4,180200,48400,43400,1300,4000
1595,4,165500,48500,44400,1300,3200
1596,4,193700,53000,43900,1300,3100
1597,4,162200,48400,43600,1400,3900
1598,4,182500,48700,44000,1300,4000
1599,4,209400,48700,44500,1400,4200
1600,4,182900,48600,52600,1400,4100
1601,4,153500,48400,44300,1300,3800
1602,4,154100,48300,44400,1300,3800
1603,4,150000,47700,44200,1300,3700
1604,4,153100,47600,44100,1300,3800
1605,4,157100,48300,44000,1200,3700
1606,4,179900,52800,44400,1400,2900
1607,4,149600,47700,43900,1200,3800
1608,4,150700,47500,44000,1200,3900
1609,4,155700,48100,43800,1300,2800
1610,4,157800,48400,43700,1300,3800
1611,4,187000,49000,43700,1400,3900
1612,4,157600,48300,43300,1400,3800
1613,4,171700,57700,47500,1300,3800
1614,4,206800,63500,48700,2300,4000
1615,4,183300,52900,46600,2300,4800
1616,4,199500,59300,48700,2200,4700
1617,4,194200,51900,48900,2300,4700
1618,4,218200,49400,44200,1500,3400
1619,4,175400,48600,44200,1400,4100
1620,4,158300,48500,43700,1300,3000
1621,4,167200,53100,44200,1400,3700
1622,4,150800,47800,43700,1300,3800
1623,4,158100,49100,43100,1400,3800
1624,4,160000,48400,43900,1300,4000
1625,4,163700,53700,44500,1300,2900
1626,4,192500,49100,43700,1400,4000
1627,4,159700,48700,43700,1300,4000
1628,4,155000,48100,44000,1300,3600
1629,4,157100,48100,43900,1300,2900
1630,4,220700,48400,44000,1400,3900
1631,4,181000,49000,44100,1400,4100
1632,4,151200,47700,43600,1200,3800
1633,4,151900,48300,44100,1200,3800
1634,4,158900,47900,43300,1300,3800
1635,4,166800,48400,44100,1400,3900
1636,4,167900,48700,43800,1300,4100
1637,4,171300,49100,44100,1400,4100
1638,4,194500,48700,44100,1400,4200
1639,4,173800,48800,44200,1300,3200
1640,4,168400,48400,48000,1300,3900
1641,4,192000,49000,43900,1300,4100
1642,4,182600,48900,44100,1300,4000
1643,4,151700,48100,44100,1300,3900
1644,4,153400,52400,44000,1200,2800
1645,4,149500,48000,43600,1200,3700
1646,4,151200,48100,43600,1300,3900
1647,4,160700,46900,44200,1300,3800
1648,4,506200,49700,388800,1300,3900
1649,4,521300,57400,385900,1400,4300
1650,4,234800,54700,44400,1500,58300
1651,4,237300,53300,44800,1500,64100
1652,4,190600,50400,44200,1400,20900
1653,4,168600,50300,45800,1400,3400
1654,4,189200,50400,44100,1300,4100
1655,4,168900,48700,44000,1300,4300
1656,4,190600,48800,43900,1400,4200
1657,4,168900,48700,44100,1300,4100
1658,4,191600,48900,45600,1300,4000
1659,4,173500,49800,43900,1300,4100
1660,4,155800,48500,43900,1300,4000
1661,4,196200,49100,43600,1400,3200
1662,4,185500,49900,44400,1300,3900
1663,4,156100,47800,44200,1300,3900
1664,4,155400,48200,43900,1300,3900
1665,4,159800,48600,43900,1300,3900
1666,4,185400,49100,43900,1300,3900
1667,4,158600,48300,43800,1300,4000
1668,4,157100,48200,44200,1300,3900
1669,4,161600,48300,43800,1300,3900
1670,4,163700,48500,44200,1400,3800
1671,4,205400,48900,54400,5200,4000
1672,4,162100,48500,43900,1300,4000
1673,4,159500,48300,43900,1300,3800
1674,4,164400,48800,44100,1400,3900
1675,4,200100,49000,43600,1400,4200
1676,4,197400,49300,44200,1400,4200
1677,4,160300,48400,43700,1300,4100
1678,4,209700,48800,43800,1300,4000
1679,4,173000,48600,43900,1200,3900
1680,4,160600,48400,44200,1300,4000
1681,4,160000,48300,44100,1200,3700
1682,4,156400,48100,43900,1400,4000
1683,4,165500,48700,43900,1400,3900
1684,4,153500,48200,44100,1300,3900
1685,4,174300,60000,44400,1400,4000
1686,4,194800,48200,44500,1300,4200
1687,4,156700,48100,44000,1300,3900
1688,4,156800,48700,43800,1300,3900
1689,4,160500,48400,43700,1300,3900
1690,4,180300,48900,43900,1400,4100
1691,4,157800,48600,43600,1300,3800
1692,4,192800,49600,43700,1400,3900
1693,4,176000,48000,43800,1300,3100
1694,4,158300,48300,44200,1300,3800
1695,4,156500,48100,43600,1300,3800
1696,4,160400,48300,44200,1200,3900
1697,4,176900,52800,50700,1400,4000
1698,4,209600,55900,46300,1400,3500
1699,4,169100,48500,44300,1300,4000
1700,4,159600,49800,44700,1300,3700
1701,4,184900,48800,43700,1400,3900
1702,4,177700,48700,43600,1400,3800
1703,4,145200,47400,44000,1300,2900
1704,4,147300,47400,44000,1300,3700
1705,4,150300,47900,43700,1300,3600
1706,4,147400,47900,43800,1200,3700
1707,4,149100,48700,43900,1300,3700
1708,4,149700,46500,43900,1300,3600
1709,4,510300,49400,390400,1300,3900
1710,4,525300,62200,385800,1400,4300
1711,4,228300,57500,43700,1500,56200
1712,4,221000,50400,44500,1500,61100
1713,4,185300,50400,43600,1400,21000
1714,4,196100,49700,44200,1300,3900
1715,4,158500,48600,44300,1300,3900
1716,4,189700,48700,43900,1400,4100
1717,4,172400,48800,43900,1400,4000
1718,4,180100,48500,44100,1300,4000
1719,4,175100,49200,43900,1400,4100
1720,4,162600,48100,44000,1400,4000
1721,4,163500,48500,43800,1300,4000
1722,4,162000,49400,43300,1300,3000
1723,4,197200,48800,44100,1400,4000
1724,4,181500,48700,43800,1300,4100
1725,4,161100,48300,43900,1400,3900
1726,4,179700,48600,43800,1300,3800
1727,4,154300,48500,44200,1200,4000
1728,4,154700,48000,44000,1400,3900
1729,4,157400,48000,44100,1300,3900
1730,4,165600,53000,44400,1300,3100
1731,4,189800,48900,43600,1500,4000
1732,4,159900,47900,43700,1300,3900
1733,4,157600,48300,43700,1300,4000
1734,4,159000,49000,43400,1300,3900
1735,4,156400,48200,43800,1300,4100
1736,4,159500,48000,44000,1300,3900
1737,4,165200,48600,43800,1300,4000
1738,4,202200,49000,44300,1400,4000
1739,4,168300,48300,43700,1400,4000
1740,4,161100,48700,44100,1400,3700
1741,4,160400,48400,43400,1300,3800
1742,4,160600,47900,44000,1300,3900
1743,4,161100,48500,44000,1300,4100
1744,4,161400,48400,44100,1400,4000
1745,4,170600,48800,44000,1500,4000
1746,4,187700,48700,44300,1400,4100
1747,4,161300,48400,43800,1300,4100
1748,4,161300,48800,43500,1300,4000
1749,4,162800,48800,43700,1300,4000
1750,4,180400,48200,44100,1300,3300
1751,4,166700,48500,44900,1400,4000
1752,4,165500,49400,45200,1200,4000
1753,4,158800,48300,43700,1200,3900
1754,4,201100,49000,43700,1400,4100
1755,4,186500,49400,44100,1400,4200
1756,4,167100,48600,43800,1300,4000
1757,4,165400,48400,44100,1300,4100
1758,4,191100,48700,43600,1400,4100
1759,4,172000,48800,43800,1400,3200
1760,4,205200,53400,44200,1400,4100
1761,4,225500,49100,44200,1500,4300
1762,4,179500,48400,44200,1300,3900
1763,4,147600,47500,43700,1300,3700
1764,4,147300,47500,43900,1300,3800
1765,4,147200,47300,43600,1300,3700
1766,4,148500,47800,44000,1300,3600
1767,4,151800,47700,43900,1300,3700
1768,4,158900,47600,51100,1300,3700
1769,4,156700,47100,43700,1400,3900
1770,4,507000,49600,387200,1300,3900
1771,4,516400,56900,384800,1500,4200
1772,4,226700,59400,44200,1400,56300
1773,4,227600,50900,44200,1500,63200
1774,4,202500,50000,44000,1500,20900
1775,4,164600,48700,43400,1200,4100
1776,4,196500,49200,43900,1300,4000
1777,4,159700,48500,43300,1300,4000
1778,4,183800,48900,43600,1200,4000
1779,4,176600,52700,44200,1300,3000
1780,4,149600,47400,43700,1300,3800
1781,4,161000,48600,46400,1300,3900
1782,4,198200,70000,47800,1300,4100
1783,4,180100,54800,46800,2200,3900
1784,4,167500,50300,44400,1500,4500
1785,4,246400,62600,45900,2300,4700
1786,4,234900,53300,46200,2300,4800
1787,4,160900,50700,44500,1500,4300
1788,4,153800,48800,44000,1300,4000
1789,4,157100,48500,44100,1400,3900
1790,4,161300,48300,44100,1300,3800
1791,4,193200,49300,44400,1500,4100
1792,4,158400,48600,44400,1400,3800
1793,4,156800,48300,44100,1300,3800
1794,4,157100,48200,44200,1300,3900
1795,4,159200,49100,44100,1300,3300
1796,4,162300,49000,46100,1300,3700
1797,4,163800,50200,46000,1400,3900
1798,4,232700,51900,45400,2300,4700
1799,4,183800,51300,44300,2300,4100
1800,4,159100,49200,44200,1400,4000
1801,4,164100,49300,48300,1300,3800
1802,4,157400,48300,44100,1300,3900
1803,4,161000,48200,44400,1400,3900
1804,4,166800,48200,44200,1300,3700
1805,4,174300,48200,44300,1300,4100
1806,4,205800,49000,43700,1500,4100
1807,4,171300,48600,43400,1400,3100
1808,4,157300,48200,44200,1300,3800
1809,4,165000,48500,44100,1400,3900
1810,4,189900,49000,43600,1400,4000
1811,4,162700,50500,44000,1400,3500
1812,4,159700,48600,44300,1300,4000
1813,4,157600,47900,43900,1300,3900
1814,4,158800,48200,43700,1300,3900
1815,4,164100,48500,44300,1400,4000
1816,4,240600,52700,46600,2300,4800
1817,4,195600,49600,44400,1400,4200
1818,4,195400,49000,43900,1400,4100
1819,4,174000,49000,44100,1400,4000
1820,4,161500,49000,44000,1300,4000
1821,4,191600,48800,44300,1300,4100
1822,4,184900,48600,44500,1400,4000
1823,4,150900,48000,44100,1300,3800
1824,4,150100,47700,44100,1300,3700
1825,4,149400,47100,44000,1200,3600
1826,4,149700,47300,44100,1300,3800
1827,4,150900,47800,43700,1300,3800
1828,4,153000,48200,43900,1300,3800
1829,4,160500,48000,44100,1200,3900
1830,4,164800,47300,43800,1400,3900
1831,4,527800,49500,400500,1300,3900
1832,4,521300,57400,394900,1500,4200
1833,4,232200,54100,44600,1500,58900
1834,4,263800,51500,44100,1400,71700
1835,4,188000,50400,44000,1400,21500
1836,4,206900,53700,44500,1400,4300
1837,4,174000,49000,44300,1300,3200
1838,4,203300,50200,47600,3100,4100
1839,4,189300,52000,45100,2200,4800
1840,4,171200,53300,44900,1400,4200
1841,4,170200,49400,44400,1400,4100
1842,4,161500,49000,44500,1300,4000
1843,4,159900,49200,44100,1400,3900
1844,4,168600,49300,44200,1400,3900
1845,4,211600,48700,45200,1400,4000
1846,4,234900,49500,44600,1400,14700
1847,4,199700,49600,44500,1400,4300
1848,4,178600,49300,44400,1400,4200
1849,4,158500,47800,44800,1400,3800
1850,4,162400,48500,44600,1300,3800
1851,4,192300,49000,44300,1500,4000
1852,4,158300,48000,43600,1300,3900
1853,4,153600,47700,44600,1300,3000
1854,4,156600,48500,43800,1300,3800
1855,4,155300,48500,44300,1300,4000
1856,4,158000,48500,43700,1300,3900
1857,4,159900,48500,44200,1300,3900
1858,4,206700,48700,44500,1300,4000
1859,4,166400,48400,44300,1300,3900
1860,4,153200,47700,44400,1300,3800
1861,4,152900,47500,44300,1300,3700
1862,4,150700,48000,44400,1200,3800
1863,4,152600,47700,44100,1400,3800
1864,4,158800,48300,44000,1400,3900
1865,4,170000,48600,48600,1400,2900
1866,4,193400,49200,44100,1300,4100
1867,4,171600,51700,47500,1300,3900
1868,4,207400,57600,51000,2300,4600
1869,4,201600,54200,47500,2300,5000
1870,4,187300,49300,44100,1400,4000
1871,4,160600,48200,44000,1300,4100
1872,4,158200,48100,44300,1300,4000
1873,4,151600,48000,43900,1300,3700
1874,4,160400,48900,43800,1400,4000
1875,4,163800,48400,43900,1400,3900
1876,4,167200,48400,44000,1300,4100
1877,4,166400,48600,44000,1300,4000
1878,4,234400,49700,44200,1300,4100
1879,4,194900,48900,44400,1300,4200
1880,4,162600,48600,47800,1300,3900
1881,4,187600,48600,44300,1300,3900
1882,4,180600,48700,43800,1300,4000
1883,4,148500,47800,43600,1200,3700
1884,4,147500,47300,44100,1300,3700
1885,4,147500,47700,44200,1300,3600
1886,4,152400,49300,45900,1200,3600
1887,4,161100,59400,44400,1200,3600
1888,4,150100,47200,44100,1300,3800
1889,4,164900,48200,44200,1200,3900
1890,4,176300,48600,43800,1300,4100
1891,4,169800,48600,44900,1300,4100
1892,4,520000,49700,393700,1300,4000
1893,4,511200,56500,383600,1400,3400
1894,4,244900,55600,44100,1500,57900
1895,4,228900,50500,44200,1400,62500
1896,4,216900,50000,44300,1500,21200
1897,4,172000,48900,44000,1400,3200
1898,4,190200,49100,43900,1300,4100
1899,4,171300,48200,44100,1400,3200
1900,4,165000,48900,43600,1300,4000
1901,4,158500,52600,44400,1300,2800
1902,4,160500,48300,44100,1200,3900
1903,4,161200,48600,44500,1300,4000
1904,4,156300,48200,44100,1300,3800
1905,4,165200,48800,43800,1300,4000
1906,4,182700,48300,43800,1300,4000
1907,4,157700,48100,43900,1300,3900
1908,4,156400,48300,44200,1200,3900
1909,4,201000,49300,44000,1400,4000
1910,4,185800,49100,43900,1400,4000
1911,4,193100,48900,44100,1400,4000
1912,4,162700,48800,44200,1400,4000
1913,4,158100,48400,43800,1300,4000
1914,4,159500,48300,44200,1300,3900
1915,4,156200,48200,43600,1200,3900
1916,4,161800,48600,43800,1300,4000
1917,4,162200,48100,44400,1300,3900
1918,4,206300,48800,44500,1300,4000
1919,4,168600,48300,44400,1200,3900
1920,4,155200,48200,43800,1200,3900
1921,4,172100,49600,44100,1300,6200
1922,4,157400,48100,43500,1300,3900
1923,4,156400,47900,43800,1300,3700
1924,4,159400,48400,43900,1300,3900
1925,4,163600,49000,43800,1300,3800
1926,4,202000,49200,44300,1300,4200
1927,4,164900,48600,44000,1400,4000
1928,4,174300,60700,44700,1300,3900
1929,4,174900,48400,45200,1400,4100
1930,4,235100,49300,44500,1400,4200
1931,4,204200,50700,44300,1400,4100
1932,4,166700,47900,44200,1300,3900
1933,4,156400,48300,44800,1300,3800
1934,4,167300,54000,45100,1300,3000
1935,4,163500,48300,44000,1400,3900
1936,4,165600,48600,42800,1300,3800
1937,4,166400,48900,44400,1300,4100
1938,4,195800,50600,44300,3400,4000
1939,4,171900,48800,43800,1300,4100
1940,4,199500,48900,44500,1300,4000
1941,4,214700,53800,44400,1300,3200
1942,4,179300,48300,43800,1300,4000
1943,4,149500,48200,44200,1200,3800
1944,4,147800,47300,44200,1200,3700
1945,4,148200,48100,43700,1200,3700
1946,4,150100,52000,44200,1200,2600
1947,4,147600,47700,43800,1200,3700
1948,4,149400,47800,44200,1300,3600
1949,4,157900,48700,44200,1200,3800
1950,4,162000,48600,43600,1400,4000
1951,4,166700,48500,47000,1200,3900
1952,4,159400,48300,44500,1400,3800
1953,4,499700,49300,383800,1400,4000
1954,4,530500,56800,385800,1500,4200
1955,4,218700,55000,44400,1500,56200
1956,4,247000,50900,44200,1500,63200
1957,4,184700,50400,44000,1400,20800
1958,4,187200,49200,44100,1300,4300
1959,4,170800,49000,44200,1300,3900
1960,4,157400,48300,44200,1300,3700
1961,4,162700,49100,43800,1300,3900
1962,4,164100,48900,43900,1300,4100
1963,4,150700,47800,44400,1300,3800
1964,4,157200,48000,44200,1200,3800
1965,4,163100,48400,43600,1400,4000
1966,4,178200,49200,44000,1300,3800
1967,4,156100,48500,43700,1300,3900
1968,4,155300,47800,44200,1300,3900
1969,4,157400,48400,43900,1300,3900
1970,4,163900,52600,44400,1300,3000
1971,4,229700,49400,44200,2000,4100
1972,4,182200,48900,44200,1400,4100
1973,4,157600,48100,45600,1300,3900
1974,4,164300,49200,45100,1400,3900
1975,4,168400,47900,46100,1300,4000
1976,4,168700,48400,47900,1300,3900
1977,4,167100,48600,44000,1400,3900
1978,4,284100,99800,67200,1400,4100
1979,4,177000,50000,44600,1600,4200
1980,4,160300,48800,44500,1300,4000
1981,4,158900,48600,46000,1300,3900
1982,4,155700,48200,45000,1300,4000
1983,4,166500,50400,45200,1300,4100
1984,4,155900,48500,44500,1400,3800
1985,4,161600,49400,44400,1400,3100
1986,4,191800,50200,43800,1400,4000
1987,4,159400,48800,44000,1300,3800
1988,4,162200,48300,44300,1400,3900
1989,4,166200,48800,44300,1300,4000
1990,4,188000,48600,44200,1400,4100
1991,4,164700,49100,44000,1400,3900
1992,4,161500,48300,44300,1300,3900
1993,4,166900,49100,44000,1400,4000
1994,4,156600,48300,44000,1400,3900
1995,4,165800,48600,44100,1300,4000
1996,4,171600,49300,44200,1300,4100
1997,4,166100,49300,43800,1400,4100
1998,4,196900,49500,44400,1300,4300
1999,4,174900,48600,44400,1300,4000
2000,4,163700,48800,44200,1400,4000
2001,4,191100,49000,43900,1400,3900
2002,4,222400,49700,44000,1400,4100
2003,4,174900,48600,44200,1300,4000
2004,4,150900,47800,44100,1200,3800
2005,4,151400,48300,44200,1300,3800
2006,4,155000,48000,43600,1300,3900
2007,4,156900,48300,44000,1300,3700
2008,4,168900,48500,43500,1300,3900
2009,4,167100,48700,43700,1400,3800
2010,4,167000,49100,43800,1300,4000
2011,4,167500,49100,44000,1400,4100
2012,4,162200,48700,44100,1300,3800
2013,4,160300,47400,44100,1400,4000
2014,4,524200,49700,381700,1400,4100
2015,4,554500,57200,384300,1400,4300
2016,4,284900,54000,43800,1400,57800
2017,4,236600,56100,46000,1400,64400
2018,4,203900,49800,43600,1400,20900
2019,4,171500,49000,43900,1500,4200
2020,4,157600,47900,43700,1300,3900
2021,4,158400,48400,44000,1300,2800
2022,4,161100,48600,44200,1400,3900
2023,4,156900,48100,44400,1300,3900
2024,4,163800,48500,44000,1400,4000
2025,4,159200,48200,43900,1400,3800
2026,4,182300,48600,44200,1300,4000
2027,4,158300,48100,44300,1300,4000
2028,4,152800,48000,44100,1200,3700
2029,4,160000,48700,43600,1400,3900
2030,4,163700,49000,44100,1300,3800
2031,4,194100,52700,44500,1300,2900
2032,4,160600,48200,44100,1300,3900
2033,4,197700,49100,44200,1300,4000
2034,4,198700,55400,46200,1300,4000
2035,4,156400,48300,44400,1200,4000
2036,4,154700,47700,44100,1200,3200
2037,4,159100,48500,43600,1300,3900
2038,4,208500,48800,44300,1300,4000
2039,4,165400,48300,44500,1400,3900
2040,4,151900,47700,44000,1200,3900
2041,4,155500,47600,44000,1200,3700
2042,4,150100,48000,44300,1300,3800
2043,4,150500,47500,44100,1200,3600
2044,4,153300,47900,44400,1300,3800
2045,4,156500,48400,43800,1200,3800
2046,4,186800,48800,42500,1300,4000
2047,4,153300,47800,44200,1200,3600
2048,4,151200,48000,43900,1200,3800
2049,4,156000,48300,44000,1300,3800
2050,4,178800,48500,44000,1300,3900
2051,4,164800,48400,44300,1300,3900
2052,4,156300,48000,44100,1200,3800
2053,4,156700,48200,44500,1300,3700
2054,4,159100,48200,43500,1300,3900
2055,4,165000,48500,44000,1400,3800
2056,4,160000,48000,44100,1300,4000
2057,4,166100,48600,43100,1300,4000
2058,4,193200,49100,43900,1400,3900
2059,4,175700,48600,44100,1400,3900
2060,4,174400,48500,43700,1300,3900
2061,4,196300,49200,44000,1400,4000
2062,4,190700,49200,44400,1300,4100
2063,4,157000,48200,44300,1300,4000
2064,4,193600,48700,44300,1300,4000
2065,4,175800,48600,44300,1400,4000
2066,4,154200,49000,44200,1300,3900
2067,4,155300,52700,44400,1300,2800
2068,4,157800,48000,44400,1300,3800
2069,4,162900,48700,43900,1400,4000
2070,4,167900,49200,43800,1400,4100
2071,4,164500,48800,43900,1300,4100
2072,4,159200,48400,43900,1300,3900
2073,4,163100,48900,44000,1300,4000
2074,4,184600,47200,44100,1200,4100
2075,4,498800,49400,380800,1300,4000
2076,4,537100,56500,379700,1400,4100
2077,4,225600,54600,44100,1500,56100
2078,4,245300,51300,44100,1400,63200
2079,4,187700,50200,45400,1400,20700
2080,4,156100,48600,44200,1300,4300
2081,4,162200,48700,44000,1300,3900
2082,4,164600,48500,44000,1300,4100
2083,4,160200,48300,44200,1400,4000
2084,4,164300,48600,44200,1300,4100
2085,4,168000,49000,44100,1400,3900
2086,4,192000,48800,44100,1300,4100
2087,4,152900,48500,43800,1300,4000
2088,4,170700,48600,55600,1400,3800
2089,4,168400,49300,43900,1500,4000
2090,4,170200,48800,43700,1300,7000
2091,4,201800,49200,43700,1400,4100
2092,4,171000,49100,44100,1400,4000
2093,4,165500,49100,44200,1300,4100
2094,4,166800,49000,43600,1300,4000
2095,4,202400,49000,44300,1400,4300
2096,4,187700,48900,44100,1300,4100
2097,4,165300,48700,44200,1300,3800
2098,4,207300,49000,43600,1300,4100
2099,4,172300,48700,44000,1400,4000
2100,4,196600,48600,44000,1400,4100
2101,4,192300,49100,44200,1400,4200
2102,4,152300,48400,44000,1300,4000
2103,4,152800,48000,44100,1300,3900
2104,4,153100,48100,43900,1400,3800
2105,4,155600,48200,43900,1400,2800
2106,4,188200,48900,44100,1300,3900
2107,4,159200,48000,44100,1300,3800
2108,4,149900,47700,43900,1300,3700
2109,4,159400,48100,44100,1300,3800
2110,4,179200,49300,44100,1300,3900
2111,4,161700,51200,45100,1300,3700
2112,4,155900,47800,43900,1300,3900
2113,4,157000,47800,44200,1300,3700
2114,4,161100,48100,44400,1400,3800
2115,4,163500,48300,43800,1300,3900
2116,4,168300,48800,44100,1300,4000
2117,4,172500,49100,44100,1300,3900
2118,4,193100,49300,47700,1300,4100
2119,4,196200,51300,47900,1500,4200
2120,4,187500,53600,47500,2200,4900
2121,4,360100,100800,87700,2200,4900
2122,4,343900,106600,86400,1800,4400
2123,4,292100,99300,86900,1900,4300
2124,4,288900,98100,86200,1800,4300
2125,4,294300,98500,86700,1700,4300
2126,4,348300,98900,86700,1700,4000
2127,4,218500,57700,45100,1900,4400
2128,4,154800,48500,44400,1400,4100
2129,4,162300,48900,43800,1400,3900
2130,4,167800,49100,43800,1400,3900
2131,4,163500,48400,43900,1300,3900
2132,4,157500,48200,44200,1300,4000
2133,4,159900,47700,44400,1300,4000
2134,4,187300,48500,43900,1300,3900
2135,4,160800,51700,44200,1300,3000
2136,4,533100,49700,385500,1300,3900
2137,4,506900,56400,380000,1400,4100
2138,4,244400,55000,43900,1500,58000
2139,4,227600,50800,44000,1500,63000
2140,4,170800,50000,44300,1400,20600
2141,4,155900,48600,43700,1300,4100
2142,4,158000,52300,44200,1300,3000
2143,4,160900,48300,44200,1300,3900
2144,4,166700,48500,44200,1400,3800
2145,4,175300,49100,44100,1300,3800
2146,4,193700,48500,44100,1300,4100
2147,4,165500,48500,43600,1300,4000
2148,4,171800,50200,45400,1300,4100
2149,4,161900,50200,43800,1300,4100
2150,4,167100,48300,43700,1400,3900
2151,4,201000,49300,43900,1400,4000
2152,4,164300,48700,45200,1300,4000
2153,4,172400,51000,44000,1300,4000
2154,4,164200,48700,44200,1300,4000
2155,4,160500,48400,43600,1300,3900
2156,4,164600,48500,44000,1300,4000
2157,4,205500,49000,44200,1400,3900
2158,4,234300,49500,44300,1300,4100
2159,4,167400,48500,44100,1300,3200
2160,4,155500,48100,43800,1300,3800
2161,4,155000,48300,43500,1300,3800
2162,4,155600,48400,43900,1300,3900
2163,4,154200,48000,44100,1300,3900
2164,4,155300,48400,43900,1200,3700
2165,4,160400,48600,43900,1300,3900
2166,4,189800,49000,44300,1300,4100
2167,4,170800,53500,44100,1400,3800
2168,4,154000,47900,43800,1200,3900
2169,4,159200,48500,44100,1300,4000
2170,4,177500,48400,43800,1400,3900
2171,4,158500,48200,43500,1300,3900
2172,4,166500,48400,43400,1300,9900
2173,4,154300,48000,44000,1300,3700
2174,4,162800,48500,44100,1300,4000
2175,4,166700,48700,44100,1400,3800
2176,4,175000,48600,44000,1400,3900
2177,4,181400,49100,48100,1300,4100
2178,4,199800,48700,43400,1400,4200
2179,4,186500,49300,43800,1400,4100
2180,4,162100,48400,44200,1200,4000
2181,4,209400,48800,44000,1300,4000
2182,4,189600,48800,43400,1400,4100
2183,4,155000,48200,44400,1200,3000
2184,4,159400,48200,44000,1200,3900
2185,4,199800,49000,43400,1400,4100
2186,4,188500,49100,43300,1400,4100
2187,4,151300,48200,43800,1300,3900
2188,4,191900,48700,43800,1300,3900
2189,4,181800,48500,44000,1400,3200
2190,4,164600,48800,43800,1400,4000
2191,4,162400,48800,44000,1300,3900
2192,4,157100,48500,43900,1300,3900
2193,4,160400,48700,44300,1300,3900
2194,4,179400,48600,44200,1300,3900
2195,4,159300,48100,44600,1300,3900
2196,4,200700,54200,48400,4200,3700
2197,4,503600,49300,381900,1200,4000
2198,4,547500,56500,397700,1400,4400
2199,4,229300,59100,44100,1400,57100
2200,4,222000,56100,43700,1500,65500
2201,4,173500,50500,44100,1400,20700
2202,4,155700,48400,43900,1300,4300
2203,4,153900,49700,44200,1200,3800
2204,4,154400,48200,43500,1300,3700
2205,4,166200,48100,44200,1300,6700
2206,4,181800,48600,43900,1300,3100
2207,4,157900,48100,43700,1300,3900
2208,4,158200,48300,43700,1300,3800
2209,4,161700,48600,43500,1300,3800
2210,4,170200,48900,44200,1400,3800
2211,4,185500,48600,43600,1700,3100
2212,4,164300,52800,44200,1300,3000
2213,4,162700,48600,43600,1400,4000
2214,4,163600,48500,44000,1300,3900
2215,4,159900,48300,44300,1300,3900
2216,4,161500,48400,43500,1300,3900
2217,4,166000,48900,43900,1400,4000
2218,4,204300,49100,43500,1400,4000
2219,4,207900,49300,44000,1400,4100
2220,4,176600,48500,43500,1400,4000
2221,4,152100,48300,44200,1200,2900
2222,4,153800,52600,44200,1300,2800
2223,4,151800,47600,44000,1400,3900
2224,4,153000,47900,43700,1300,3800
2225,4,156600,48200,43600,1200,3900
2226,4,187800,52700,44600,1300,3000
2227,4,157900,47500,44000,1300,3900
2228,4,150400,47700,43600,1300,3900
2229,4,163100,48400,44000,1300,3900
2230,4,184700,48500,44300,1300,4000
2231,4,161700,48200,43800,1300,4000
2232,4,158800,48000,44200,1300,3900
2233,4,155400,47900,43700,1300,4000
2234,4,156800,48500,43700,1300,4000
2235,4,161300,48500,44100,1300,3900
2236,4,169000,48600,43900,1300,3800
2237,4,170700,48800,43900,1400,4000
2238,4,197900,48800,43900,1300,4000
2239,4,177800,48700,44000,1300,4100
2240,4,165500,48600,43500,1400,4000
2241,4,202300,48900,44500,1400,4200
2242,4,193000,48300,43500,1300,9900
2243,4,153900,48200,44000,1300,2900
2244,4,156900,48100,43900,1300,3800
2245,4,150900,48100,43800,1200,3900
2246,4,154000,48100,44000,1300,3000
2247,4,168100,60200,44100,1300,4000
2248,4,156200,48600,43900,1300,3900
2249,4,167300,48800,44100,1400,4000
2250,4,207800,49500,44000,1400,4200
2251,4,187900,49300,43800,1400,4100
2252,4,161600,48900,44100,1400,4100
2253,4,162000,48500,44500,1400,4100
2254,4,182400,49700,44300,1300,4200
2255,4,159200,48600,43600,1300,3200
2256,4,189800,49300,43900,1300,4000
2257,4,165300,47200,43700,1400,4000
2258,4,523500,49700,384500,1400,4000
2259,4,510400,56200,378600,1400,4300
2260,4,213900,54200,43900,1500,56000
2261,4,221100,50000,44400,1500,63000
2262,4,189100,52800,48300,1500,20800
2263,4,153600,47900,44000,1300,3100
2264,4,160900,48500,44100,1300,3900
2265,4,162800,49000,43900,1300,3800
2266,4,183800,48800,43900,1300,4000
2267,4,162400,48800,44100,1300,3900
2268,4,161400,48500,44400,1300,3900
2269,4,174000,53500,44600,1300,3100
2270,4,210500,49300,44200,1400,4100
2271,4,232600,49400,43500,1400,4400
2272,4,170800,48900,44200,1300,4000
2273,4,154800,48100,44400,1400,3000
2274,4,162000,48000,44400,1300,3900
2275,4,163600,48600,44400,1400,4100
2276,4,158800,48200,44100,1300,3900
2277,4,165100,48500,45400,1300,3900
2278,4,233300,51800,45500,1400,3900
2279,4,172300,48700,44200,1300,4000
2280,4,156700,48300,44300,1300,3900
2281,4,198200,49200,44400,1300,3900
2282,4,174700,48600,44000,1400,4200
2283,4,152400,48000,44300,1300,2900
2284,4,153400,49100,43600,1300,3800
2285,4,159200,49300,44100,1200,3900
2286,4,186000,48600,43600,1400,4000
2287,4,152800,48000,43900,1200,2800
2288,4,150800,47900,44400,1300,3700
2289,4,156300,48200,43800,1300,3900
2290,4,178100,52700,44300,1300,2800
2291,4,154800,47900,43600,1300,4000
2292,4,150300,48200,43700,1300,3700
2293,4,150500,47900,44300,1200,3600
2294,4,152900,47800,44000,1200,3800
2295,4,156900,48100,44000,1300,3900
2296,4,159700,48500,43800,1300,3900
2297,4,164700,52600,44500,1300,3000
2298,4,193400,48900,44200,1300,4200
2299,4,175100,49100,43800,1300,4000
2300,4,163800,48600,44200,1300,3700
2301,4,201200,60300,43900,1400,4100
2302,4,184000,48800,43900,1300,4000
2303,4,159400,48500,43800,1300,3900
2304,4,148000,47700,44100,1200,3600
2305,4,151100,47600,44100,1200,3800
2306,4,154000,48000,43300,1400,3700
2307,4,146800,47700,44100,1200,3500
2308,4,153200,47700,44100,1300,2800
2309,4,161100,48300,43600,1300,3900
2310,4,161600,48500,42900,1300,3000
2311,4,162800,48900,43400,1400,4100
2312,4,198700,49400,44000,1300,4000
2313,4,199300,61200,44100,1400,4000
2314,4,184000,48700,43800,1300,4000
2315,4,178700,60700,43900,1300,4000
2316,4,196500,49000,43700,1300,4000
2317,4,170800,53200,44600,1300,3000
2318,4,182600,47300,43400,1400,4000
2319,4,509000,49500,385000,1300,3800
2320,4,501300,56700,383800,1400,3400
2321,4,220500,59500,44200,1400,56600
2322,4,219100,51200,44500,1400,62700
2323,4,172900,50500,44100,1400,20800
2324,4,157200,48400,44100,1300,4200
2325,4,162800,52700,44400,1300,2900
2326,4,184600,52000,44100,1400,4000
2327,4,154000,48600,44000,1300,3900
2328,4,156900,48700,44000,1300,3900
2329,4,165000,50200,44500,1300,3800
2330,4,182200,50100,45600,1300,4100
2331,4,208400,49800,43900,1500,4100
2332,4,168600,49200,43800,1300,4000
2333,4,166400,52600,44600,1300,3000
2334,4,171200,49000,44300,1500,4000
2335,4,157100,48300,44200,1300,3900
2336,4,164100,48500,43800,1300,3800
2337,4,170000,49500,43900,1300,4000
2338,4,204600,49500,44200,1300,4100
2339,4,172500,48600,43800,1300,4000
2340,4,159200,48800,44100,1300,4000
2341,4,162600,52900,44200,1300,2900
2342,4,157400,49100,45000,1300,3900
2343,4,214200,49000,44400,1300,4200
2344,4,181000,48800,44200,1300,4100
2345,4,163800,48900,44400,1400,3900
2346,4,193100,49000,43900,1400,4000
2347,4,163100,48400,43700,1300,3900
2348,4,158000,48300,44200,1300,3800
2349,4,162500,48500,44100,1300,4000
2350,4,182000,49000,44200,1400,3900
2351,4,160600,48200,44000,1300,3900
2352,4,155800,48700,43900,1300,3900
2353,4,152800,47900,44100,1300,3800
2354,4,160900,48300,44300,1300,4000
2355,4,200500,48900,43700,1400,4200
2356,4,198500,48900,44400,1300,4000
2357,4,161800,48700,43800,1400,4000
2358,4,189500,49400,44200,1300,4100
2359,4,169200,48500,43500,1300,4100
2360,4,162900,48400,44100,1300,3800
2361,4,191500,49100,43700,1400,3900
2362,4,185300,48900,44100,1300,4000
2363,4,154100,48000,43400,1300,3800
2364,4,154300,48200,43900,1200,3800
2365,4,158600,48100,44400,1300,3900
2366,4,148000,47800,44000,1300,3800
2367,4,162500,51600,46900,1300,3800
2368,4,207200,68500,47400,2300,4700
2369,4,183400,52800,47500,1500,4200
2370,4,183200,50900,47000,1400,4200
2371,4,180000,55200,46200,2300,4100
2372,4,178400,54100,47000,1400,4500
2373,4,187300,51600,45900,2300,4900
2374,4,272100,52900,46600,2400,4800
2375,4,189500,49500,44300,1300,4300
2376,4,200700,50300,44600,1300,4100
2377,4,166000,49200,44400,1300,3900
2378,4,212300,53700,45100,2300,4700
2379,4,188900,50800,45000,2200,4900
2380,4,521600,50300,406700,1300,4200
2381,4,514500,57300,391800,1400,4300
2382,4,216900,54300,43900,1500,58900
2383,4,214400,50800,43900,1400,63500
2384,4,174300,50100,44000,1400,20800
2385,4,160100,48300,44200,1400,4200
2386,4,179800,48500,43700,1400,3900
2387,4,149900,47800,43700,1200,3800
2388,4,153000,48100,43900,1300,3800
2389,4,156200,47900,43900,1300,3800
2390,4,161600,48500,43800,1300,3800
2391,4,197000,48900,44100,1400,3900
2392,4,166300,48300,44400,1200,3900
2393,4,164600,48700,44000,1300,3900
2394,4,187700,55600,45300,2300,4700
2395,4,187000,51900,44700,2300,4800
2396,4,174800,48800,44900,1400,3200
2397,4,164600,53500,44300,1400,3000
2398,4,211300,48900,44100,1300,4000
2399,4,181100,49600,44400,1300,4100
2400,4,161800,48200,43500,1300,3800
2401,4,162700,48700,44000,1400,2800
2402,4,163600,48400,44500,1300,4100
2403,4,160400,48500,44000,1400,4000
2404,4,159200,48600,43800,1400,3900
2405,4,205600,48900,44100,1400,4200
2406,4,216900,49000,44300,1400,4200
2407,4,159700,48400,44300,1300,4000
2408,4,166600,48600,43700,1300,4000
2409,4,163700,49100,43700,1300,4100
2410,4,183100,48800,44100,1400,3900
2411,4,158600,48400,44400,1400,3900
2412,4,158100,48300,44100,1200,3800
2413,4,153000,48500,43700,1200,3900
2414,4,158600,52400,44200,1300,2800
2415,4,162500,48600,43900,1400,3000
2416,4,164800,48500,44100,1300,4000
2417,4,165600,48700,44300,1400,4000
2418,4,190700,48700,43800,1400,4000
2419,4,172200,49000,44900,1300,4100
2420,4,189000,53200,53500,7000,4700
2421,4,203500,50200,44400,1400,4500
2422,4,197600,53600,44600,1400,3300
2423,4,161400,49700,44200,1300,4100
2424,4,158700,48400,44000,1300,3800
2425,4,160800,48000,42700,1300,3900
2426,4,157800,48000,44100,1300,4000
2427,4,165500,52900,45500,1400,2900
2428,4,153300,48100,43900,1300,3700
2429,4,166000,48500,44200,1300,3900
2430,4,172200,48100,43900,1300,3900
2431,4,170100,48800,43900,1400,4100
2432,4,171600,49800,44100,1300,4100
2433,4,170000,48600,44000,1400,4000
2434,4,191400,48800,43900,1400,4100
2435,4,164000,48700,43900,1300,2900
2436,4,238600,49200,43700,1400,4100
2437,4,188000,49000,43600,1400,4100
2438,4,190200,52700,44600,1400,2800
2439,4,170100,48400,44000,1300,3900
2440,4,190800,47300,43600,1400,3100
2441,4,544500,50200,392600,1400,4000
2442,4,512300,57300,390900,1400,4200
2443,4,211800,54300,43800,1400,57800
2444,4,214600,50700,43500,1500,62400
2445,4,182200,50300,48500,1400,20800
2446,4,192800,51400,48700,1400,4200
2447,4,161900,51200,46200,1300,4100
2448,4,162500,53000,44500,1200,3700
2449,4,158900,50000,44500,1200,3900
2450,4,161200,49800,43900,1400,3700
2451,4,215700,55200,46000,2400,4900
2452,4,184100,51400,46000,2300,4900
2453,4,180700,53600,45000,1400,4100
2454,4,165900,49000,43900,1300,4000
2455,4,160100,48400,44100,1300,3000
2456,4,167400,49600,43800,1400,4000
2457,4,169400,49300,44300,1300,3900
2458,4,217600,48900,44200,1300,4000
2459,4,167000,48200,44400,1300,3800
2460,4,157300,48100,43800,1300,3900
2461,4,160300,48500,43800,1300,3900
2462,4,151800,47800,44400,1300,3700
2463,4,174400,51700,45000,2300,4800
2464,4,173400,53400,46100,2300,4100
2465,4,175500,49800,46200,1300,4600
2466,4,220100,52600,45400,2300,4800
2467,4,205100,49500,45500,1400,4100
2468,4,177300,48800,44300,1400,4000
2469,4,159100,48200,44300,1400,3800
2470,4,179800,48000,44100,1300,3900
2471,4,158400,49900,44100,1300,3800
2472,4,152900,48400,43500,1300,3800
2473,4,154000,48100,44200,1200,3800
2474,4,154200,47800,44400,1300,3800
2475,4,160100,47600,45000,1400,3800
2476,4,166400,48200,44100,1300,3900
2477,4,161700,48700,43600,1400,4000
2478,4,189400,49200,43600,1400,4100
2479,4,169300,48500,44300,1300,4100
2480,4,157100,48300,43900,1300,3900
2481,4,211900,53300,45000,2300,4600
2482,4,185000,49200,44000,1400,4300
2483,4,148900,48000,43700,1200,3000
2484,4,160300,48300,43200,1300,3800
2485,4,167200,48600,43700,1300,3800
2486,4,174200,60200,44600,1400,4000
2487,4,167700,53700,43800,1400,3100
2488,4,160200,47700,44200,1300,3900
2489,4,174000,48800,43900,1400,4000
2490,4,163600,48700,43700,1300,3100
2491,4,171300,53100,44700,1300,3000
2492,4,167500,48700,44100,1300,4100
2493,4,162700,48800,43800,1400,4100
2494,4,191800,49300,44400,1300,4100
2495,4,165100,48700,43800,1300,3900
2496,4,197400,53200,44500,1300,3100
2497,4,166000,48400,44000,1300,4100
2498,4,226900,49200,44100,1300,4100
2499,4,204600,62100,44100,1400,4000
2500,4,153800,48300,44200,1300,3900
2501,4,154100,46600,43800,1400,3800
2502,4,514000,49800,397900,1300,3800
2503,4,508600,61700,386200,1400,3300
2504,4,219700,54800,44000,1400,58200
2505,4,226200,51200,43700,1400,63600
2506,4,204800,53000,44700,1300,21000
2507,4,162000,48500,45500,1300,4200
2508,4,152800,48700,44000,1300,3000
2509,4,159900,48600,45000,1300,4000
2510,4,162000,48700,44000,1300,4000
2511,4,191000,48700,44200,1500,3100
2512,4,159700,47900,43900,1300,3900
2513,4,159600,49500,44000,1300,3900
2514,4,158600,48100,43400,1300,3900
2515,4,163200,48900,43700,1300,4100
2516,4,171600,48200,44000,1300,3900
2517,4,179400,49200,44600,1400,3900
2518,4,215500,48900,44000,1400,4100
2519,4,180700,49300,43600,1400,3900
2520,4,169100,48600,44500,1300,4000
2521,4,157600,48000,43700,1300,4000
2522,4,163100,52900,44200,1300,3100
2523,4,164100,53100,44100,1300,3100
2524,4,160500,48400,44300,1300,3900
2525,4,208500,49200,43700,1400,4000
2526,4,230100,49700,43600,1300,4200
2527,4,159500,48200,43900,1300,4000
2528,4,154600,48100,44000,1400,3800
2529,4,199300,49000,44000,1400,3900
2530,4,219000,55700,48100,1300,4000
2531,4,173000,50400,43600,1400,4100
2532,4,151800,48000,44300,1300,3700
2533,4,150700,48400,43800,1200,3800
2534,4,153900,47900,43900,1200,3800
2535,4,157400,48400,43900,1200,3900
2536,4,160600,48500,44000,1300,3700
2537,4,164200,49000,43800,1300,3900
2538,4,188800,48800,43900,1400,4000
2539,4,168900,48300,44200,1300,3900
2540,4,157200,48400,43900,1200,3900
2541,4,186100,48800,43900,1300,3900
2542,4,175600,48000,44100,1300,2900
2543,4,148500,48200,44100,1200,3700
2544,4,147400,47300,44000,1200,3600
2545,4,148300,47500,44000,1300,3600
2546,4,153300,47700,44000,1200,3600
2547,4,154300,48000,43800,1300,3800
2548,4,156600,48000,44000,1300,3800
2549,4,162900,48300,43300,1300,3800
2550,4,164200,48500,44000,1300,3100
2551,4,175300,53700,44400,1400,3200
2552,4,156400,48300,43600,1200,4000
2553,4,163100,48600,44100,1300,4100
2554,4,183800,48900,43900,1300,4000
2555,4,162600,50200,45400,1300,3900
2556,4,215400,51800,45300,2300,5000
2557,4,170500,49200,44100,1400,4200
2558,4,185900,49100,44400,1300,4000
2559,4,167300,48500,43900,1400,3900
2560,4,192500,48300,43800,1300,4000
2561,4,182100,48500,43800,1400,3900
2562,4,152200,46300,44000,1300,3900
2563,4,493400,48900,385900,1300,3700
2564,4,522000,57300,400000,1400,4300
2565,4,219800,54700,43700,1400,58100
2566,4,246400,51200,44700,1500,62700
2567,4,170300,49800,44000,1300,20500
2568,4,153800,48200,44000,1200,4100
2569,4,165000,48700,44300,1300,4000
2570,4,167900,48300,44000,1300,4000
2571,4,196600,49000,44300,1500,4000
2572,4,166100,48200,43500,1400,4000
2573,4,160700,48400,43800,1300,4000
2574,4,160400,48000,44000,1300,4000
2575,4,161900,52800,44200,1300,4000
2576,4,162200,48600,43400,1400,3900
2577,4,172000,52600,44400,1300,3800
2578,4,214100,48400,44200,1400,4100
2579,4,175400,48600,44300,1200,4200
2580,4,164800,49900,44300,1400,4000
2581,4,164200,48900,43800,1400,3700
2582,4,174700,53000,44300,1300,4100
2583,4,203700,91100,44300,1700,3700
2584,4,205600,82700,43700,1700,3900
2585,4,174000,50400,44400,1400,4100
2586,4,194600,50900,43600,1400,4100
2587,4,168900,49800,43800,1400,4000
2588,4,161200,48700,44000,1300,4000
2589,4,163200,48700,44200,1300,4000
2590,4,188000,48200,44100,1400,4000
2591,4,199100,49300,43900,1400,4200
2592,4,178500,48500,44100,1300,4000
2593,4,153700,48200,43800,1300,3900
2594,4,156400,47900,44300,1300,3900
2595,4,160000,48100,43800,1400,3900
2596,4,164400,48100,43800,1300,3900
2597,4,165000,48600,45600,1300,4000
2598,4,197200,50200,43600,1300,4100
2599,4,173900,52900,44200,1300,3000
2600,4,159500,48200,44200,1300,3900
2601,4,196500,48700,44500,1400,4000
2602,4,186000,48600,43800,1400,3900
2603,4,154600,47900,44100,1300,3700
2604,4,153400,47900,43400,1300,3800
2605,4,154500,51900,44100,1200,2800
2606,4,154400,47600,43900,1200,3800
2607,4,152800,47800,43900,1200,3800
2608,4,161800,47800,44200,1300,3800
2609,4,170400,48500,43900,1300,4000
2610,4,214100,48900,45100,1300,4200
2611,4,206700,49600,44000,1400,4100
2612,4,163000,48800,44000,1400,3200
2613,4,170100,49100,43900,1400,4100
2614,4,177900,48800,44300,1400,2900
2615,4,163600,48400,44000,1400,3900
2616,4,251600,64000,51000,2300,4700
2617,4,191700,58200,47500,2300,3800
2618,4,350100,100100,87500,2200,4800
2619,4,312500,98800,87300,1800,3900
2620,4,293300,98700,86200,1900,4400
2621,4,297700,99600,86900,1700,4200
2622,4,352900,99700,86000,1800,4300
2623,4,317400,96100,85800,1700,4400
2624,4,543400,53100,389300,2000,4300
2625,4,511300,57000,382100,1500,4300
2626,4,242900,54000,44100,1400,58200
2627,4,214600,50800,44100,1400,62800
2628,4,172100,50200,43600,1400,20700
2629,4,163100,53100,44500,1300,3100
2630,4,161100,48400,43800,1300,3900
2631,4,190700,48500,43900,1400,3900
2632,4,159400,48200,44100,1400,3800
2633,4,160400,47900,44400,1200,3900
2634,4,157400,48300,43400,1400,3900
2635,4,157400,49000,45600,1300,3800
2636,4,160900,49400,44100,1300,3800
2637,4,160300,48000,44000,1300,3900
2638,4,208300,49000,43600,1300,4000
2639,4,175800,50400,44500,1200,3800
2640,4,160100,48000,43600,1200,3700
2641,4,161300,48300,44100,1300,3800
2642,4,171300,49100,44300,1300,4000
2643,4,159600,48200,43000,1300,4100
2644,4,163600,48600,43500,1300,3900
2645,4,158900,48300,44200,1300,3900
2646,4,192200,48900,43900,1300,4100
2647,4,162300,48200,44000,1300,4000
2648,4,153000,48000,44000,1200,3800
2649,4,162500,48500,44100,1300,4000
2650,4,182400,48600,43900,1300,3800
2651,4,159900,48400,44200,1300,3900
2652,4,153500,48100,43700,1200,3800
2653,4,193300,48600,43900,1400,4000
2654,4,185000,49100,44200,1400,4200
2655,4,172300,48500,43600,1300,4100
2656,4,167100,48400,43300,1400,4000
2657,4,168900,48700,44200,1300,4000
2658,4,196200,49200,44300,1300,4200
2659,4,172100,49000,43900,1300,4000
2660,4,160100,49000,43400,1300,3900
2661,4,191100,48600,43700,1300,3200
2662,4,180800,48500,44200,1300,2900
2663,4,150800,48200,44300,1400,2900
2664,4,151800,48100,43700,1200,2900
2665,4,163200,58800,44200,1300,3900
2666,4,153000,52500,44500,1200,3000
2667,4,149900,47800,43400,1200,3800
2668,4,153800,48100,44300,1300,3800
2669,4,163000,48900,44200,1400,4000
2670,4,172200,49100,43900,1300,4000
2671,4,170800,48700,44100,1400,4100
2672,4,167400,48700,44100,1300,3200
2673,4,168100,48800,44000,1400,3900
2674,4,186500,48800,44100,1300,4100
2675,4,172700,48800,44000,1400,4100
2676,4,188300,48400,44000,1300,3900
2677,4,168300,49000,43800,1400,4000
2678,4,189800,49000,44100,1400,4000
2679,4,166900,48400,43900,1400,4100
2680,4,158000,48500,43500,1300,3900
2681,4,160900,48800,43700,1300,4000
2682,4,159200,48100,44100,1300,3900
2683,4,157300,48300,43900,1300,3900
2684,4,198900,48800,44400,1400,4000
2685,4,527100,50300,385100,1400,4000
2686,4,552100,67000,389400,1500,4200
2687,4,218400,54200,44100,1400,56300
2688,4,222200,51400,45100,1400,62500
2689,4,188900,50400,44000,1400,25500
2690,4,166200,48900,44400,1300,4300
2691,4,209900,50600,45100,1500,6700
2692,4,164300,51200,44500,1400,3000
2693,4,159200,48400,44200,1300,4000
2694,4,165400,48600,44300,1300,4000
2695,4,199400,49000,44100,1400,3300
2696,4,195300,49500,44400,1300,4200
2697,4,162300,48100,43900,1300,4000
2698,4,204500,48800,43100,1300,4000
2699,4,163900,48000,43500,1300,3900
2700,4,150900,47900,43700,1300,2700
2701,4,158300,48400,43700,1300,3900
2702,4,158300,48400,43800,1300,3900
2703,4,159800,48400,43800,1300,3800
2704,4,159700,48100,43900,1300,3800
2705,4,161500,48200,43200,1300,3000
2706,4,193900,48800,43600,1400,3800
2707,4,155800,48200,44100,1200,3800
2708,4,155400,47800,44200,1300,3800
2709,4,164500,48900,43900,1300,4000
2710,4,178200,48700,43700,1300,3900
2711,4,161300,48600,44100,1400,3900
2712,4,154700,48200,43800,1300,3900
2713,4,154900,48600,44000,1200,3900
2714,4,159700,52300,44400,1300,3100
2715,4,199900,49000,43700,1400,4100
2716,4,185100,49000,43900,1300,4100
2717,4,160500,48600,43900,1300,3000
2718,4,190400,48500,45700,1300,4100
2719,4,168600,48300,43900,1400,4000
2720,4,158000,48800,44000,1200,3900
2721,4,188900,53700,44200,1300,3100
2722,4,177500,47600,44300,1300,3900
2723,4,152400,47700,44000,1300,3700
2724,4,146700,47800,43900,1400,3700
2725,4,145700,47700,43800,1200,3000
2726,4,160800,48900,44100,1200,2900
2727,4,145600,47700,43600,1300,2800
2728,4,150900,47800,45200,1200,3800
2729,4,162900,48400,44900,1200,3900
2730,4,166700,48300,43900,1300,3900
2731,4,162400,48900,44100,1400,4000
2732,4,162600,48500,43700,1300,3800
2733,4,165700,48900,43900,1300,4100
2734,4,182600,48600,44400,1300,4000
2735,4,164800,48500,44100,1300,3900
2736,4,192500,48800,43900,1400,3100
2737,4,168700,49900,43000,1500,3200
2738,4,179500,48600,43900,1300,4000
2739,4,174900,48900,44400,1300,4000
2740,4,166100,48500,44400,1400,3900
2741,4,163200,53000,44400,1300,3000
2742,4,167000,48400,44000,1300,4100
2743,4,159000,48500,43600,1400,4100
2744,4,160000,48500,43900,1300,4000
2745,4,161700,46800,44300,1300,4000
2746,4,563800,49800,386100,1300,4000
2747,4,527500,56700,383500,1400,4400
2748,4,214500,54100,43400,1400,56500
2749,4,220800,51000,43800,1400,62900
2750,4,181700,50300,43800,1400,20600
2751,4,192300,49400,43900,1500,4200
2752,4,158900,48700,43200,1400,2900
2753,4,157900,48100,44200,1300,3900
2754,4,159700,48400,43900,1400,3900
2755,4,157600,48200,44200,1300,3900
2756,4,159800,48100,44100,1400,2900
2757,4,162200,48400,43600,1300,4000
2758,4,205000,48500,43900,1400,4100
2759,4,168600,48700,44100,1200,4000
2760,4,155400,48300,44000,1300,3900
2761,4,157500,48300,43600,1300,3800
2762,4,154800,48500,43700,1400,4000
2763,4,160900,48500,44300,1300,4100
2764,4,161900,48400,43900,1300,4000
2765,4,166500,48400,43800,1300,4000
2766,4,194000,48900,44100,1400,4000
2767,4,178000,48300,43800,1300,9600
2768,4,164200,48700,43500,1400,4000
2769,4,156400,48100,44100,1300,2900
2770,4,182000,48600,43800,1300,3900
2771,4,169900,48600,43500,1300,4000
2772,4,161800,48700,44200,1300,3100
2773,4,166200,48200,44900,1300,7300
2774,4,176700,49300,44100,1300,5600
2775,4,165500,48600,43900,1400,4000
2776,4,169700,48900,43600,1300,4000
2777,4,207200,49600,43600,1400,4300
2778,4,217100,49500,43900,1400,4100
2779,4,176600,48900,44100,1300,4000
2780,4,248400,54500,47500,2300,4800
2781,4,380400,91600,80100,2100,4300
2782,4,296300,89700,78900,1200,3800
2783,4,263300,92000,81400,1300,3700
2784,4,264800,93700,81000,1200,3900
2785,4,264000,92400,81500,1200,4000
2786,4,263300,91900,82700,1200,4000
2787,4,263100,92500,81100,1300,3900
2788,4,266100,92800,81600,1200,3700
2789,4,276700,92500,81000,1200,4000
2790,4,282300,93400,80500,1200,4000
2791,4,278400,92700,80400,1100,4000
2792,4,271700,92700,80600,1200,4000
2793,4,221600,71000,43300,1500,3900
2794,4,199600,50200,50800,5700,3400
2795,4,169400,49000,44300,1300,3100
2796,4,196900,48500,44000,1300,4100
2797,4,167300,48600,43600,1300,3800
2798,4,188900,48800,43700,1300,4100
2799,4,176200,49000,43900,1300,4100
2800,4,164700,61100,44400,1400,3800
2801,4,161100,52400,44100,1300,3100
2802,4,161200,48500,44000,1300,3900
2803,4,150700,48100,43600,1300,3800
2804,4,160000,48700,43900,1300,3900
2805,4,162700,49100,44100,1300,4100
2806,4,179500,46600,43500,1300,3900
2807,4,546200,49400,435600,1300,3900
2808,4,569000,57400,408600,1500,4300
2809,4,252300,55600,47300,1500,58900
2810,4,232200,51300,47600,1400,64900
2811,4,209500,50000,43300,1500,20800
2812,4,247700,58000,83200,1700,5900
2813,4,166300,52100,44400,1500,4300
2814,4,291000,136900,83400,2200,4100
2815,4,168400,51800,44800,1600,4600
2816,4,163300,48900,44200,1300,4000
2817,4,161700,48700,44400,1300,3900
2818,4,210800,50300,44500,1300,4200
2819,4,168300,49800,44100,1300,4000
2820,4,154300,48300,43900,1200,3800
2821,4,203600,48300,92500,2100,3800
2822,4,190900,52000,45400,1600,4600
2823,4,157200,48900,44200,1400,4200
2824,4,166200,49200,45600,1400,4000
2825,4,179100,49100,45100,1400,4100
2826,4,205900,49500,44500,1400,4200
2827,4,173200,49200,44200,1400,4000
2828,4,164500,48300,44200,1300,4100
2829,4,167700,48800,44000,1400,4000
2830,4,196200,48900,44200,1300,4000
2831,4,178500,50500,44400,1300,3100
2832,4,159500,49100,43500,1300,4000
2833,4,160300,48400,44200,1300,3000
2834,4,158600,48600,43700,1300,3900
2835,4,169100,49300,44400,1400,4100
2836,4,168000,48500,43600,1300,4000
2837,4,166000,48900,44100,1400,3100
2838,4,195900,48900,43800,1300,4100
2839,4,215700,49400,44200,1400,4200
2840,4,185200,48900,43700,1300,4100
2841,4,193600,49300,43900,1300,4000
2842,4,186300,49000,44100,1400,4000
2843,4,150800,47700,44000,1300,3800
2844,4,154300,48200,44300,1300,3700
2845,4,150000,47900,43800,1300,2900
2846,4,151400,48600,43800,1300,3800
2847,4,153700,48200,44100,1300,3800
2848,4,152200,47700,44100,1400,3800
2849,4,162700,48600,43700,1400,4000
2850,4,166900,48600,44000,1300,4000
2851,4,167400,48700,44000,1300,4100
2852,4,160000,48600,44200,1300,4000
2853,4,163500,49000,44300,1400,4100
2854,4,185400,51500,46100,1300,4000
2855,4,170000,49200,44100,1400,5800
2856,4,216500,54400,44600,1400,4200
2857,4,180400,48500,48300,1300,3100
2858,4,240200,59400,49500,2400,4900
2859,4,221200,53100,47600,2300,3700
2860,4,275600,58700,124600,2200,4900
2861,4,412500,131300,117700,1300,4600
2862,4,385500,127900,116500,1500,4000
2863,4,180200,53800,47400,1800,4500
2864,4,176200,50300,44700,1400,4300
2865,4,217900,50000,44400,1600,4400
2866,4,232400,51600,46200,1400,4200
2867,4,155400,46800,44100,1300,4100
2868,4,659500,49300,542500,1300,4000
2869,4,632300,57300,493300,1400,4200
2870,4,277000,60000,43900,1500,60900
2871,4,281600,51300,43900,1500,65900
2872,4,182900,54800,44400,1400,20400
2873,4,158400,48300,44200,1400,4200
2874,4,159000,48400,44100,1300,3900
2875,4,155700,48500,43800,1300,3800
2876,4,157700,48100,44200,1300,2900
2877,4,160600,48500,43600,1300,3900
2878,4,207400,49200,44400,1300,4000
2879,4,166600,48400,44000,1300,3800
2880,4,153800,47900,44000,1200,3900
2881,4,153700,48500,43900,1300,3700
2882,4,150600,48000,44000,1200,3800
2883,4,150400,48400,43600,1300,3100
2884,4,153500,47900,44100,1200,3800
2885,4,158700,48200,44100,1200,3800
2886,4,187400,48700,44300,1300,3900
2887,4,161200,48100,44100,1200,3900
2888,4,158800,48400,43600,1300,3900
2889,4,169100,49300,43900,1400,3900
2890,4,184700,48700,43900,1400,4100
2891,4,163400,49900,44500,1400,3000
2892,4,163600,48700,44400,1300,4000
2893,4,154200,50600,43700,1300,3900
2894,4,159400,48400,44200,1300,3900
2895,4,167300,48700,43800,1400,4100
2896,4,163500,48400,44100,1300,3900
2897,4,169600,49300,44200,1400,4000
2898,4,193300,49100,44000,1400,4100
2899,4,172600,48800,43800,1300,4000
2900,4,166000,50100,45800,1300,3800
2901,4,229000,49400,44100,1400,4100
2902,4,205600,53200,44500,1400,3100
2903,4,151300,48800,44100,1300,3800
2904,4,147300,47700,43700,1200,3600
2905,4,147900,47900,43500,1300,3700
2906,4,148700,47800,44300,1300,3600
2907,4,147400,47300,44000,1300,3600
2908,4,148000,47900,44200,1300,2800
2909,4,163500,48600,43800,1400,3900
2910,4,172400,49200,43700,1400,4100
2911,4,171100,49300,44500,1300,4100
2912,4,166400,49000,44200,1400,4100
2913,4,164600,48600,43600,1400,4000
2914,4,183300,53100,44800,1300,2800
2915,4,162800,48600,44300,1300,4000
2916,4,190900,49000,44200,1400,4100
2917,4,163500,48300,43500,1400,4000
2918,4,187100,48700,43800,1500,2900
2919,4,176700,48800,44100,1300,4100
2920,4,159900,48600,44000,1200,3900
2921,4,163300,48600,44000,1400,3000
2922,4,163600,48600,44500,1300,3900
2923,4,166900,49000,44000,1300,4000
2924,4,156300,48300,43700,1300,3900
2925,4,164700,48600,44100,1300,4000
2926,4,189900,50600,44500,1300,4100
2927,4,160800,48300,44000,1300,4100
2928,4,158100,47400,44000,1300,4000
2929,4,593300,49700,471900,1300,4000
2930,4,586600,56900,452100,1400,4300
2931,4,339300,63200,57100,5000,94500
2932,4,526000,141800,126000,2200,105700
2933,4,242800,56900,46800,2400,27300
2934,4,186400,53100,44600,2200,4700
2935,4,164600,49700,44300,1500,4300
2936,4,164300,48100,44000,1300,3900
2937,4,164500,48900,44000,1400,4000
2938,4,216400,51900,44000,1400,4000
2939,4,169900,48900,43800,1300,4000
2940,4,158300,48600,44000,1300,3800
2941,4,166500,48200,44300,1300,3900
2942,4,160900,48700,43900,1400,4000
2943,4,162300,53000,44100,1300,2900
2944,4,161200,48500,44000,1400,4000
2945,4,167700,48700,44900,1300,3700
2946,4,201900,53500,47100,4000,3200
2947,4,160100,48300,44000,1200,4000
2948,4,151400,48000,43500,1300,2800
2949,4,170500,48200,44200,1300,3800
2950,4,234600,49300,44400,1400,4200
2951,4,201500,49400,44200,1300,4200
2952,4,159600,48700,43900,1300,4100
2953,4,160300,48400,43500,1300,3800
2954,4,168500,48600,43600,1400,3900
2955,4,158500,48500,43900,1400,3900
2956,4,166800,48400,44300,1300,3900
2957,4,172000,53200,44500,1300,3200
2958,4,190800,48500,44000,1400,4000
2959,4,174600,49400,43600,1300,4100
2960,4,161500,48800,43900,1300,3900
2961,4,190100,48400,44100,1400,4000
2962,4,182600,48300,44200,1300,3900
2963,4,190100,48500,44400,1400,4100
2964,4,178800,49100,45200,1400,4100
2965,4,166100,51500,44900,2200,4500
2966,4,153800,48700,44100,1300,3900
2967,4,149600,47900,44400,1200,3700
2968,4,150100,48000,44000,1300,3800
2969,4,159800,47600,44100,1300,3800
2970,4,163600,48300,43900,1400,3900
2971,4,163300,48900,44300,1400,4000
2972,4,155700,48000,43300,1300,3900
2973,4,158500,48500,44000,1300,4100
2974,4,182900,49200,43800,1300,4000
2975,4,159600,48400,43900,1300,3900
2976,4,189800,49000,43800,1300,4000
2977,4,160200,48100,43900,1200,3900
2978,4,177700,48200,43900,1300,2900
2979,4,164300,48300,44200,1300,3800
2980,4,160600,48500,45100,1300,3800
2981,4,160700,48400,45100,1300,3700
2982,4,161500,48400,44100,1300,3900
2983,4,158000,48400,44000,1300,3900
2984,4,159600,47400,43800,1300,3800
2985,4,172300,48900,44000,1400,4000
2986,4,180300,49000,44300,1400,4000
2987,4,154200,47600,43900,1300,3900
2988,4,158600,48600,43700,1300,4000
2989,4,156700,48800,43100,1300,3800
2990,4,596800,51200,472400,1300,3900
2991,4,593100,58700,432000,1500,4000
2992,4,229500,54800,46300,1500,60400
2993,4,224400,51000,44000,1500,64300
2994,4,226100,50800,44300,1400,21300
2995,4,198700,54100,44700,1400,3400
2996,4,167200,48500,44300,1300,4100
2997,4,168100,48400,43900,1400,4000
2998,4,210600,49100,43700,1400,4000
2999,4,169700,48400,44000,1300,3900
3000,4,155900,48200,43600,1300,3800
3001,4,156100,48400,44200,1300,3800
3002,4,153100,47800,43400,1200,3800
3003,4,155500,48200,44100,1300,4000
3004,4,155200,48100,44100,1200,3800
3005,4,161600,48600,44200,1300,3800
3006,4,192700,48500,43900,1400,4000
3007,4,158300,48500,44000,1200,4000
3008,4,155100,48300,44100,1200,3800
3009,4,158600,48200,44100,1200,3800
3010,4,179100,48600,43600,1300,4000
3011,4,165100,48900,44100,1400,3900
3012,4,161800,48100,43900,1300,3900
3013,4,158800,47800,43900,1200,3900
3014,4,163600,48300,44000,1300,3900
3015,4,175600,50500,49400,1400,4000
3016,4,224600,54700,48800,2300,4700
3017,4,208400,58400,48700,2300,4700
3018,4,233300,51100,44900,2300,4700
3019,4,189100,54000,44700,1400,4100
3020,4,164700,49100,44800,1300,4000
3021,4,199000,48800,44600,1300,4000
3022,4,189800,49500,45100,1400,4000
3023,4,159200,48500,45000,1300,3900
3024,4,171500,51300,46300,2300,4500
3025,4,237400,52700,48900,2300,4700
3026,4,202300,51500,45200,2300,4800
3027,4,163900,48900,44400,1400,4100
3028,4,160000,48400,46100,1400,3800
3029,4,170100,49000,44400,1300,4000
3030,4,169800,48900,43800,1400,4000
3031,4,169500,49200,44700,1300,3900
3032,4,162900,48600,44000,1300,4100
3033,4,163000,49000,44300,1300,4000
3034,4,188800,49200,44000,1400,3000
3035,4,209700,53300,44200,1400,3200
3036,4,228900,49200,45400,1400,4300
3037,4,162700,48300,43800,1400,4100
3038,4,177200,48000,44100,1300,3100
3039,4,164100,48300,44100,1400,3800
3040,4,151200,48400,43800,1300,3900
3041,4,155000,47900,43700,1300,3800
3042,4,160200,48300,43800,1400,4000
3043,4,159100,48200,44100,1300,3900
3044,4,161000,48200,44100,1300,3800
3045,4,165000,48700,44000,1400,3800
3046,4,188400,49100,44200,1300,3900
3047,4,162200,48700,44000,1300,4100
3048,4,151800,47900,43900,1300,3900
3049,4,164600,49600,44100,1300,3800
3050,4,186200,50900,45000,2300,4800
3051,4,587500,50500,432000,1500,4100
3052,4,548500,57100,412900,1400,4200
3053,4,222600,54200,44200,1400,59200
3054,4,229800,56200,44000,1400,63200
3055,4,176500,50100,43500,1500,20800
3056,4,203600,49300,44300,1400,4300
3057,4,186100,49400,44700,1300,4100
3058,4,204600,48700,44100,1400,3200
3059,4,166100,48400,43900,1300,4000
3060,4,152700,47900,43500,1200,3800
3061,4,153800,48200,43900,1300,3700
3062,4,150000,48000,43600,1300,3700
3063,4,152500,48300,44300,1200,3800
3064,4,153000,47800,44300,1300,3800
3065,4,159900,48100,45600,1200,4000
3066,4,212100,52400,46000,2300,4900
3067,4,170800,55100,46800,1400,3900
3068,4,160600,48100,44900,1300,3800
3069,4,158800,49200,43600,1400,3600
3070,4,186500,49100,43600,1300,3800
3071,4,158600,48100,45400,1300,3000
3072,4,148400,47900,43600,1400,2800
3073,4,154200,47900,43900,1200,3700
3074,4,162600,48400,43900,1300,4000
3075,4,167500,49300,45200,3000,3900
3076,4,168900,49100,44100,1400,3100
3077,4,169200,49300,44300,1300,4100
3078,4,201200,49200,43900,1500,4200
3079,4,177900,49500,45500,1300,4000
3080,4,185000,52400,48300,1400,4200
3081,4,210500,49500,44100,1400,4200
3082,4,190300,48800,44300,1300,4000
3083,4,157200,48200,43600,1300,3200
3084,4,155500,48000,44300,1300,2800
3085,4,155100,48300,44200,1300,3900
3086,4,153700,48100,44200,1200,3900
3087,4,193900,48500,44100,1400,4000
3088,4,177400,48800,44000,1300,4000
3089,4,162400,48700,44000,1300,4000
3090,4,162500,48400,43600,1400,3200
3091,4,161400,48600,44500,1400,2800
3092,4,159600,48000,44200,1300,3800
3093,4,165200,49800,44400,1300,3900
3094,4,181600,48700,44300,1300,4000
3095,4,161100,48600,44400,1300,3900
3096,4,190000,48700,43800,1300,4000
3097,4,176600,55800,48500,1300,3900
3098,4,221300,53100,46500,2300,4400
3099,4,213200,70400,45500,2500,4600
3100,4,164300,50300,44500,1400,4500
3101,4,160000,48700,44500,1300,3900
3102,4,158700,48500,43900,1300,3900
3103,4,154700,48400,43900,1300,4000
3104,4,163500,48800,43900,1200,3900
3105,4,168300,48500,44400,1300,3900
3106,4,195300,48600,43600,1400,4000
3107,4,161100,48600,45200,1300,4100
3108,4,169000,48100,52000,1300,4000
3109,4,169500,48800,43800,1400,3900
3110,4,163900,48100,44300,1300,3900
3111,4,200600,47400,44200,1500,4000
3112,4,540300,50000,407500,1400,3900
3113,4,577200,65800,419500,2300,4800
3114,4,241600,55100,44200,1400,60200
3115,4,231000,56300,44700,1500,61800
3116,4,187000,50300,43700,1400,21100
3117,4,170200,49100,44400,1400,4300
3118,4,251000,48800,44500,1400,4200
3119,4,199200,49100,43800,1400,4100
3120,4,201300,49300,44800,1300,4100
3121,4,198100,49300,44200,1300,4100
3122,4,151500,48200,43800,1300,4000
3123,4,153500,48300,44400,1300,3900
3124,4,153000,47600,43900,1300,3800
3125,4,164900,48500,44300,1300,3900
3126,4,187400,48500,43700,1400,4000
3127,4,156200,47400,44100,1200,3800
3128,4,151100,47700,43700,1200,3900
3129,4,156700,48300,44100,1300,3800
3130,4,179900,48300,44300,1300,3800
3131,4,155300,48400,43500,1200,3800
3132,4,151200,47800,44100,1200,3800
3133,4,151300,47500,45300,1100,3700
3134,4,155200,48000,43900,1300,3800
3135,4,163600,48200,44200,1300,3800
3136,4,168000,48200,44100,1200,4000
3137,4,170000,49600,44000,1300,3900
3138,4,196500,49000,44300,1300,4200
3139,4,175200,48800,43800,1300,4000
3140,4,164100,48400,43800,1400,3300
3141,4,186800,48900,44500,1400,4000
3142,4,182700,48800,43600,1400,3900
3143,4,155700,48000,44100,1300,3800
3144,4,148300,47600,43800,1300,3800
3145,4,161700,49600,46300,1200,3800
3146,4,153000,48100,44200,1300,3800
3147,4,151100,48100,43800,1300,3700
3148,4,152900,47800,44300,1300,3800
3149,4,201000,48900,44000,1400,4100
3150,4,187800,49100,44200,1400,4100
3151,4,163000,48500,44100,1300,4100
3152,4,156200,48700,43600,1300,3900
3153,4,157300,48500,44100,1400,3000
3154,4,178300,49000,44000,1400,4100
3155,4,157200,48300,43900,1300,3900
3156,4,186800,48500,43800,1300,4000
3157,4,180500,52800,45700,2300,4500
3158,4,189400,49400,43400,1400,3300
3159,4,164600,48600,44200,1200,3900
3160,4,152200,49600,43900,1300,3900
3161,4,154500,48000,44200,1300,3800
3162,4,153300,47600,44100,1300,3800
3163,4,151400,47700,44200,1200,3700
3164,4,159400,48300,43800,1300,3900
3165,4,167900,48700,43800,1400,3900
3166,4,193300,49200,44200,1400,4000
3167,4,164900,48100,43900,1400,4000
3168,4,164000,48800,44100,1300,4000
3169,4,167100,49100,43600,1400,4000
3170,4,170700,49400,44500,1400,3900
3171,4,203900,49200,44400,1400,4100
3172,4,161400,47100,44000,1400,4000
3173,4,511500,49400,390600,1300,4000
3174,4,524000,57200,389700,1400,4300
3175,4,224800,59600,43900,1500,58100
3176,4,247300,52600,44900,1500,72900
3177,4,189600,50500,44000,1400,21200
3178,4,213100,49000,43800,1400,4100
3179,4,176500,48700,44100,1300,4100
3180,4,198700,49000,44300,1300,4000
3181,4,179700,48600,43900,1300,4000
3182,4,155200,48100,44200,1300,3700
3183,4,154000,48600,43600,1300,3800
3184,4,156600,48700,44000,1400,3800
3185,4,161700,48200,44100,1300,3700
3186,4,198800,48800,52600,1300,4000
3187,4,162000,49000,44000,1400,4000
3188,4,153700,47800,44100,1300,3800
3189,4,159100,48200,43900,1300,3900
3190,4,181300,48700,44400,1400,4000
3191,4,158700,48400,44400,1300,3800
3192,4,152900,48100,44000,1300,3900
3193,4,152600,48300,43700,1200,3700
3194,4,155600,48500,43700,1200,3800
3195,4,159900,48300,44000,1400,3900
3196,4,168100,48500,44000,1300,4000
3197,4,175300,48800,43900,1300,4000
3198,4,200600,49100,43700,1400,4200
3199,4,185900,48600,44100,1300,4000
3200,4,168700,48900,44600,1300,3900
3201,4,223600,55800,46000,2300,4800
3202,4,205400,50100,44400,1400,4200
3203,4,153100,48100,44000,1300,3900
3204,4,160800,48700,43900,1300,3900
3205,4,201200,48800,44200,1300,4200
3206,4,187200,48900,44000,1300,4100
3207,4,155100,48500,44000,1400,3800
3208,4,154700,48300,43900,1200,3800
3209,4,165900,48300,44000,1400,3900
3210,4,166900,48700,43800,1400,4200
3211,4,204300,49200,43900,1400,4200
3212,4,189000,53800,43400,1300,4000
3213,4,167200,54200,44300,1200,4000
3214,4,181700,49000,43700,1300,4000
3215,4,164100,48100,43500,1400,3900
3216,4,188500,48900,43700,1400,4100
3217,4,160400,48400,44100,1300,3900
3218,4,179400,48100,44000,1200,4100
3219,4,160900,48000,43200,1300,3000
3220,4,147100,47500,44000,1200,3500
3221,4,154100,48000,45000,1200,3700
3222,4,157900,49600,44600,1200,3800
3223,4,149100,47800,44100,1200,3800
3224,4,152600,48100,44000,1300,3700
3225,4,157800,49100,43600,1300,3800
3226,4,175500,48500,43800,1400,3900
3227,4,151300,47700,44100,1200,3800
3228,4,156100,47700,44000,1300,3900
3229,4,161700,48600,44100,1300,3800
3230,4,166300,48700,43900,1200,3900
3231,4,193400,48800,44200,1400,3900
3232,4,165100,48100,43900,1300,4000
3233,4,162600,47400,44300,1400,2800
3234,4,505700,49600,390500,1400,4000
3235,4,504400,56800,381300,1400,3200
3236,4,229300,59700,43000,1500,56800
3237,4,221100,51400,43900,1300,63100
3238,4,226900,51000,44100,1400,21000
3239,4,175000,52900,43800,1300,4200
3240,4,155600,48200,43700,1300,3900
3241,4,157300,47500,43900,1300,3900
3242,4,192200,48600,43400,1300,4000
3243,4,177600,49200,43700,1300,4100
3244,4,156700,48800,43700,1300,3900
3245,4,159700,48500,44000,1200,3800
3246,4,186200,48300,44000,1300,3900
3247,4,155500,48100,43800,1300,3800
3248,4,151900,48000,43400,1300,3800
3249,4,161900,48500,44900,1400,3800
3250,4,185000,49000,44000,1400,3900
3251,4,162100,48300,43900,1300,3900
3252,4,158900,48100,43800,1300,4000
3253,4,155400,48000,44100,1300,4000
3254,4,156500,48300,44200,1200,4000
3255,4,160300,48600,43400,1400,4000
3256,4,164300,48800,43600,1300,4000
3257,4,163600,48900,43400,1300,4100
3258,4,192800,49400,43700,1300,4100
3259,4,173700,48300,43500,1400,3300
3260,4,165600,49000,43700,1300,3900
3261,4,198800,50200,46300,1300,4000
3262,4,226300,51600,45200,2400,4800
3263,4,165300,49200,44400,1300,4200
3264,4,161600,48800,43700,1400,4100
3265,4,149500,47800,43700,1300,3800
3266,4,157000,48600,44200,1300,3900
3267,4,164100,53300,44200,1400,3900
3268,4,151600,48300,44000,1400,3400
3269,4,167800,49000,43800,1300,4200
3270,4,170800,48800,44100,1300,4100
3271,4,166800,48500,43300,1400,4000
3272,4,160800,48300,43700,1400,3900
3273,4,208700,49100,44500,1300,4100
3274,4,207600,49100,44200,1400,3100
3275,4,163100,48600,44000,1400,4000
3276,4,193200,48900,44100,1400,4000
3277,4,162400,48700,44000,1400,4000
3278,4,195500,48500,43700,1300,4000
3279,4,166000,48400,44100,1300,3800
3280,4,151900,48200,43800,1300,3900
3281,4,160200,48000,44000,1300,3900
3282,4,165700,48400,44200,1300,4000
3283,4,155500,48100,44100,1200,3900
3284,4,160200,48200,43700,1300,4100
3285,4,162500,48600,43800,1300,3900
3286,4,183300,48500,43900,1300,3900
3287,4,154600,48100,43600,1300,3900
3288,4,153300,48000,43700,1300,3900
3289,4,162900,48300,43900,1300,3900
3290,4,209700,48900,44200,1400,4100
3291,4,230400,49100,42900,1500,3000
3292,4,166800,48800,44800,1400,3900
3293,4,165800,50000,44000,1300,3900
3294,4,161100,47100,43600,1400,3100
3295,4,510200,49900,386200,1300,4000
3296,4,511600,56800,386900,1300,4200
3297,4,235100,54400,44100,1400,66900
3298,4,276800,51300,43800,1500,63500
3299,4,186900,50600,44100,1400,20500
3300,4,160100,48800,44000,1200,4000
3301,4,156700,47800,44300,1300,3800
3302,4,153200,48300,44100,1300,3800
3303,4,154900,48300,44100,1300,4000
3304,4,195700,49100,44000,1400,4000
3305,4,183300,48600,44400,1400,3100
3306,4,188200,48800,44200,1400,4000
3307,4,155600,48000,44200,1300,3800
3308,4,151000,48000,43900,1200,3700
3309,4,156900,48500,44300,1400,3800
3310,4,176300,48600,44200,1300,3100
3311,4,153900,49100,44600,1300,2900
3312,4,206400,58900,86300,2200,3500
3313,4,169500,55100,45000,1400,3500
3314,4,157700,48600,44400,1200,4100
3315,4,160000,48900,44100,1300,3900
3316,4,164500,48600,44000,1300,3900
3317,4,163200,48500,43600,1400,3900
3318,4,191800,48900,44000,1300,4000
3319,4,169200,48000,44100,1300,4100
3320,4,159600,48300,44300,1300,3900
3321,4,193600,48600,44200,1400,4000
3322,4,192400,48700,43900,1300,4000
3323,4,155900,48300,44200,1300,3800
3324,4,154900,48000,44000,1300,3800
3325,4,154700,47900,43900,1300,3900
3326,4,162800,48400,43400,1300,3800
3327,4,148000,47800,44000,1300,3800
3328,4,154300,48000,44200,1300,3800
3329,4,167400,48800,44300,1400,4000
3330,4,165000,48800,44100,1300,4000
3331,4,166400,48100,44000,1300,4000
3332,4,160600,47900,44000,1300,4000
3333,4,164100,49000,44200,1300,4000
3334,4,190700,48900,44500,1300,4100
3335,4,209600,49100,44200,1400,4100
3336,4,222000,49100,43900,1400,4100
3337,4,174000,48700,44100,1400,3900
3338,4,184800,48800,44300,1300,4000
3339,4,166200,48200,44200,1300,3900
3340,4,155100,48300,44100,1300,3700
3341,4,157200,48000,44300,1300,3900
3342,4,156300,48600,43800,1300,3800
3343,4,153900,48400,43800,1300,3900
3344,4,156100,47600,44200,1200,3800
3345,4,178900,51900,49600,1300,3800
3346,4,239600,67100,49300,2300,4900
3347,4,195500,68800,46600,2400,3700
3348,4,259600,59500,127700,2300,3900
3349,4,425300,135500,123500,1800,4900
3350,4,407600,132700,120900,1800,4600
3351,4,457700,137900,121900,1900,4400
3352,4,419100,135600,122200,1700,4500
3353,4,256900,53100,47200,2100,4200
3354,4,178800,49300,44000,1500,4200
3355,4,167000,47900,44600,1400,4200
3356,4,511000,50300,383600,1300,3900
3357,4,523400,57300,380800,1500,4100
3358,4,272100,54400,44300,1400,58300
3359,4,240900,51000,44300,1400,63400
3360,4,187300,50400,44300,1400,20900
3361,4,161600,48600,43900,1300,4200
3362,4,157600,48000,44100,1400,4000
3363,4,159300,48400,43800,1400,4100
3364,4,162800,53100,43800,1300,3100
3365,4,165200,48900,44500,1300,4000
3366,4,238600,49200,43900,1400,4100
3367,4,188800,48900,44100,1300,4100
3368,4,158800,48300,43700,1300,4000
3369,4,171200,48600,43900,1300,3800
3370,4,188600,52900,44500,1300,3200
3371,4,163000,48600,43900,1300,3900
3372,4,157800,49500,44000,1300,3900
3373,4,157300,47800,43800,1300,3900
3374,4,162300,52400,44100,1300,2900
3375,4,202800,48600,44000,1400,4200
3376,4,202400,49600,45700,1400,4200
3377,4,166000,52400,44000,1300,3100
3378,4,190200,48400,43700,1400,4200
3379,4,166600,47900,44000,1400,3800
3380,4,158900,48200,44100,1300,3800
3381,4,183500,48500,43700,1400,3000
3382,4,179300,48300,43600,1400,3900
3383,4,157700,52500,44400,1300,2700
3384,4,154300,47700,43600,1300,3700
3385,4,155000,47600,43800,1300,3700
3386,4,207700,55000,46900,2300,4800
3387,4,168500,53600,44500,1300,3600
3388,4,163200,48900,44300,1300,3900
3389,4,161900,48700,44400,1300,4100
3390,4,171600,53000,44200,1300,3100
3391,4,169000,48200,44000,1300,4000
3392,4,157400,48300,44200,1300,3900
3393,4,164100,48800,43800,1400,4000
3394,4,184200,48300,44200,1300,3200
3395,4,166600,48600,43800,1300,4000
3396,4,192300,49300,43800,1300,4100
3397,4,203700,49200,43900,1300,4200
3398,4,205600,49100,43800,1300,4100
3399,4,165200,48300,44100,1400,3900
3400,4,150000,47600,44100,1300,3800
3401,4,155400,48100,43600,1300,3800
3402,4,153700,48300,43800,1300,3800
3403,4,150400,47800,44200,1300,3700
3404,4,152500,47700,43800,1200,3700
3405,4,157400,48500,43800,1300,3800
3406,4,181200,53000,44100,1300,2900
3407,4,149900,47200,44400,1200,3900
3408,4,150800,47500,43700,1200,3800
3409,4,155100,47900,43700,1200,3800
3410,4,162800,48300,43800,1300,3700
3411,4,189700,49000,44500,1400,4000
3412,4,159500,48300,44500,1400,3900
3413,4,156000,48300,44300,1300,3900
3414,4,162200,48600,43600,1300,4000
3415,4,159100,48100,43800,1400,3800
3416,4,163800,47100,44000,1300,3800
3417,4,523100,49900,395700,1300,3900
3418,4,560000,57000,384400,1400,4200
3419,4,258100,63600,49100,1500,58000
3420,4,276500,56500,46700,2400,83600
3421,4,191800,51400,44800,1500,20800
3422,4,172000,50300,46000,1400,3200
3423,4,160200,48600,44800,1300,4100
3424,4,162500,48700,44100,1300,4200
3425,4,172300,48500,44200,1300,4000
3426,4,195700,49000,44100,1300,4200
3427,4,162500,49200,44000,1300,4000
3428,4,199900,49300,43700,1400,4100
3429,4,186200,49400,44100,1400,4200
3430,4,189900,49900,45100,1400,4000
3431,4,163700,48600,43900,1400,4100
3432,4,153200,48400,44000,1300,3800
3433,4,160700,50400,44300,1300,3900
3434,4,164200,52100,46600,3500,3900
3435,4,174100,53200,48600,1300,4000
3436,4,175100,52100,46200,1400,4000
3437,4,176400,51200,46900,1400,3800
3438,4,197800,51300,46700,1300,3100
3439,4,180800,50900,47800,1400,4100
3440,4,169800,51100,47400,1300,3900
3441,4,196800,51200,46300,1400,3900
3442,4,190900,51300,47400,1300,4100
3443,4,159500,50200,47100,1300,3900
3444,4,155700,48700,44000,1300,3900
3445,4,156700,47700,44000,1400,3900
3446,4,158800,48500,43900,1300,3800
3447,4,161900,50200,44800,1300,3900
3448,4,180100,51600,46700,2300,4000
3449,4,179600,49400,46100,1400,4200
3450,4,180400,49100,44200,1300,4300
3451,4,172400,49700,43800,1300,4200
3452,4,170700,49400,44600,1300,4200
3453,4,174100,49300,44300,1300,4100
3454,4,191300,48900,44400,1300,4100
3455,4,168700,49000,44200,1300,4000
3456,4,199800,48500,44200,1400,4200
3457,4,168600,48300,44300,1300,4100
3458,4,187900,49000,44100,1400,4000
3459,4,212600,49200,44300,1400,3300
3460,4,221600,49100,44100,1400,4200
3461,4,193700,49600,44000,1300,4200
3462,4,156500,49400,44500,1300,4000
3463,4,151600,48900,44100,1300,3800
3464,4,154400,48300,44100,1200,3700
3465,4,160100,48200,43600,1200,3800
3466,4,176900,48300,43700,1300,3800
3467,4,151300,48200,44300,1300,3900
3468,4,151200,47600,44500,1200,3700
3469,4,154900,47700,44200,1300,3800
3470,4,158400,47700,43800,1300,3800
3471,4,189700,48500,44800,1400,4100
3472,4,158500,48400,43900,1300,3900
3473,4,155200,48200,44000,1300,3800
3474,4,156600,48400,43700,1400,3900
3475,4,158000,52900,44000,1300,2800
3476,4,163400,49100,43800,1400,3900
3477,4,165900,47100,44400,1300,3900
3478,4,788900,54200,618500,1400,3100
3479,4,680800,58200,539700,1500,4200
3480,4,227800,54300,44200,1500,63100
3481,4,230100,50900,43600,1500,67200
3482,4,168700,49000,44300,1400,21000
3483,4,157500,48200,44000,1400,4200
3484,4,160200,48600,43600,1300,4000
3485,4,159900,48600,44200,1300,3900
3486,4,192800,49400,43900,1400,4000
3487,4,158900,48500,43600,1300,4100
3488,4,154800,48500,43800,1200,3900
3489,4,165200,50300,45700,1300,3900
3490,4,220100,49300,44200,1300,4200
3491,4,179000,48700,44000,1300,4100
3492,4,151100,48100,43500,1200,4000
3493,4,151400,48200,44200,1200,3800
3494,4,154000,48200,44200,1200,3900
3495,4,156900,48400,43500,1400,3800
3496,4,166000,48100,43900,1200,3800
3497,4,160700,48800,44100,1300,3400
3498,4,190200,49000,44500,1400,4000
3499,4,170900,48700,44800,1400,3900
3500,4,159000,48200,44300,1300,3800
3501,4,192900,49000,52000,1300,3900
3502,4,211400,64900,46100,1600,3900
3503,4,155700,49800,45200,1300,3900
3504,4,158700,49500,45500,1200,3700
3505,4,161500,48700,44500,1200,3700
3506,4,175300,51800,46600,2300,4600
3507,4,172700,49300,44100,1300,4200
3508,4,164900,48000,45600,1300,4100
3509,4,171700,49200,43900,1400,4000
3510,4,175600,48800,44500,1400,4000
3511,4,172100,49000,44000,1400,3900
3512,4,175500,49200,45500,1400,4100
3513,4,170400,48300,45000,1400,4000
3514,4,197400,53800,44600,1400,3200
3515,4,170000,49200,43600,1400,4100
3516,4,193000,48400,44100,1300,4000
3517,4,170000,49100,43700,1400,4000
3518,4,188900,49300,44000,1300,3900
3519,4,170500,48500,43700,1300,3900
3520,4,159200,48400,45600,1300,3900
3521,4,201800,48900,43700,1400,3900
3522,4,184600,49100,43900,1300,3900
3523,4,153300,47800,43800,1300,3900
3524,4,157600,49300,44100,1300,3800
3525,4,158500,48300,43800,1400,3100
3526,4,183700,50700,43400,1300,4000
3527,4,155700,48300,44400,1300,3900
3528,4,153500,47900,43800,1300,4000
3529,4,159900,48300,44100,1300,3000
3530,4,166900,49300,46700,1300,3900
3531,4,231900,54500,45800,2400,4600
3532,4,181500,51500,49500,2300,4600
3533,4,175700,52400,46100,2300,4600
3534,4,169600,49900,44200,1400,4700
3535,4,163200,48200,44000,1300,4100
3536,4,170400,48300,44300,1400,3900
3537,4,167500,49000,43200,1300,3000
3538,4,217100,47200,44000,1400,3800
3539,4,736200,50300,597700,1400,4000
3540,4,658400,57600,524400,1400,4300
3541,4,233300,54400,44000,1400,63600
3542,4,229400,51800,44100,1400,66400
3543,4,186600,50300,44100,1500,21500
3544,4,162700,48800,44100,1300,4200
3545,4,210900,49000,45400,1300,4100
3546,4,238200,49300,44300,1400,4200
3547,4,157600,48300,44000,1200,4000
3548,4,158400,49600,43900,1300,3900
3549,4,162300,48400,44000,1200,3900
3550,4,187500,50700,44700,1300,3900
3551,4,158900,48200,43900,1300,4100
3552,4,193700,49100,44100,1300,4100
3553,4,175900,49100,43800,1300,3800
3554,4,155200,48300,43900,1300,3900
3555,4,161300,52500,44400,1300,2900
3556,4,180000,51700,44900,2300,4700
3557,4,191300,53900,45500,2300,5000
3558,4,220200,52700,44700,2200,4900
3559,4,176400,49500,45400,1400,4200
3560,4,166900,48700,44300,1400,3900
3561,4,192000,49500,43600,1400,4000
3562,4,183000,48600,44400,1300,4000
3563,4,148900,47900,44000,1200,3700
3564,4,151500,47400,44000,1200,3700
3565,4,144500,47900,43700,1300,2800
3566,4,149200,48700,43800,1200,3500
3567,4,147500,48000,44400,1300,3700
3568,4,150600,47500,44100,1200,3700
3569,4,165700,48100,43900,1400,3800
3570,4,170900,48400,42800,1400,4000
3571,4,169900,48100,44000,1400,3800
3572,4,164200,48700,44200,1300,3900
3573,4,166600,48800,43900,1400,4000
3574,4,196500,53700,44100,1400,3300
3575,4,158800,47700,44100,1400,4000
3576,4,193500,48000,44100,1400,4000
3577,4,168400,48500,44200,1300,4100
3578,4,182300,48200,44500,1400,4100
3579,4,172000,50900,44000,1400,4000
3580,4,155500,48300,44000,1300,3900
3581,4,158000,48200,44500,1200,3800
3582,4,155100,48900,43400,1400,3000
3583,4,193700,48600,43800,1300,4000
3584,4,177700,48600,43800,1300,4000
3585,4,165600,51900,47300,1300,4000
3586,4,223500,58400,49900,2400,4500
3587,4,178500,53900,50000,2300,4700
3588,4,168700,50800,46800,1500,4700
3589,4,210900,75600,47400,2400,4800
3590,4,205600,52500,45400,2300,4500
3591,4,312600,58300,48000,2400,4800
3592,4,209600,56300,45800,2300,4800
3593,4,191200,53200,46200,2300,4900
3594,4,215800,55800,46400,2400,4900
3595,4,182700,51900,45600,2300,4900
3596,4,172900,49700,45500,1400,4100
3597,4,294100,100900,63700,2200,4900
3598,4,248000,52100,46800,2400,4800
3599,4,201200,51300,46700,2300,4700
