tick,run,wholeUpdate,controlBehaviorUpdate,electricHeatFluidCircuitUpdate,electricNetworkUpdate,entityUpdate
0,0,776100,80000,199200,183900,226600
1,0,256800,71900,70600,28400,42500
2,0,200000,60700,62400,27700,4400
3,0,248300,56800,71000,41500,56700
4,0,266500,51400,82600,47600,63700
5,0,208800,50500,63600,28000,21000
6,0,191300,49200,67300,27400,4200
7,0,231200,50000,67400,27700,4300
8,0,196900,50000,76300,42100,4400
9,0,188600,49700,63200,27600,4300
10,0,211400,50100,67300,27500,4300
11,0,180500,49200,63000,27100,4300
12,0,181700,50000,63000,27700,4100
13,0,194500,54200,63200,27300,3500
14,0,186200,49300,62600,27500,4300
15,0,189800,49700,68100,28500,4200
16,0,193900,49600,72600,42600,4400
17,0,192200,49800,63200,27700,4600
18,0,257100,50200,61100,28400,4500
19,0,235100,49900,68100,27900,4300
20,0,189700,49500,67600,27400,4400
21,0,219900,49500,67400,27800,4200
22,0,213800,49500,67400,27900,4600
23,0,176800,49600,66700,26900,4300
24,0,422600,49500,63100,27500,4200
25,0,563600,49900,63600,28100,4500
26,0,547600,49900,68400,28300,4500
27,0,208900,57400,69100,30800,5000
28,0,178200,49700,59900,27900,4600
29,0,190700,50100,63600,27500,4200
30,0,193400,50400,67400,27400,4200
31,0,194000,49800,63800,27800,4400
32,0,209900,50700,86300,52400,4400
33,0,186700,49700,63600,27700,3400
34,0,216300,50400,67800,27900,4400
35,0,190600,51700,63800,27700,4200
36,0,221800,50100,64400,27900,4300
37,0,191100,49900,67900,27500,4200
38,0,218200,50000,67800,27600,4300
39,0,197500,51000,64300,28500,4400
40,0,191200,49700,68200,27500,4200
41,0,185000,50200,68400,27400,4200
42,0,183600,49900,66700,27800,4400
43,0,228000,54200,72200,29500,9600
44,0,225100,63100,68100,30000,5000
45,0,472700,137400,157300,29800,5000
46,0,478600,134300,153500,28900,4600
47,0,441500,134700,154900,28600,4500
48,0,438500,136200,153700,28700,4500
49,0,357800,90800,63300,30100,4500
50,0,227500,50700,69300,28400,4700
51,0,259200,49700,97400,72100,4500
52,0,185500,49200,58200,27600,4300
53,0,189400,49800,62700,27500,4100
54,0,189600,49500,67800,27600,4200
55,0,177000,49200,58400,27600,4300
56,0,186500,49200,63400,27800,4200
57,0,178200,49300,63400,27200,4200
58,0,235500,49500,63700,27900,4400
59,0,228600,49500,68200,27600,4500
60,0,264400,50000,67900,27900,4300
61,0,204600,47900,65300,27700,4400
62,0,197800,53300,65700,29200,5000
63,0,194100,58100,65700,29100,4300
64,0,280700,61100,90500,61800,66200
65,0,284700,57700,70900,29800,70400
66,0,245500,51100,68700,28200,21800
67,0,193300,50500,67600,27600,4400
68,0,187300,49900,67200,27400,4500
69,0,181300,49300,59200,27600,4300
70,0,215900,54400,64300,27600,3600
71,0,188900,49500,63600,27700,4100
72,0,190800,53800,63300,27500,4200
73,0,180100,50000,63200,27400,4400
74,0,192400,50100,67400,27500,4400
75,0,185900,49500,63700,28700,4200
76,0,190500,49300,67100,27400,4300
77,0,187800,49400,67500,27500,4300
78,0,217000,49300,67200,27900,4500
79,0,193400,49400,62700,27400,4400
80,0,220400,49400,67600,27800,4300
81,0,239500,54900,63800,27700,4400
82,0,202200,49200,63100,27300,4500
83,0,174000,49100,67400,27000,4100
84,0,173700,54000,63000,27000,4100
85,0,173900,49600,66900,26800,4000
86,0,173400,48900,67100,26900,4000
87,0,170400,49400,63500,28000,4000
88,0,176800,53400,62600,26900,4000
89,0,183300,49400,67500,27500,4200
90,0,185900,49500,67300,27300,4700
91,0,194300,49200,72500,27600,4300
92,0,184500,50000,63400,27700,4400
93,0,186800,49600,67100,27700,4300
94,0,200100,50200,62800,27500,4400
95,0,179700,49200,67100,27500,4200
96,0,211300,49500,67300,27600,4200
97,0,180200,49300,62900,27400,4300
98,0,207500,48800,62500,27500,4400
99,0,199700,49200,71000,49800,4300
100,0,178700,49700,63400,27600,4500
101,0,186200,53900,63300,27600,4200
102,0,187000,49700,67100,27700,4200
103,0,174200,49200,62700,27000,4300
104,0,204100,56300,64700,29700,4900
105,0,209900,50700,69400,28300,4800
106,0,222400,50000,68100,27800,4400
107,0,181800,50800,58100,27500,4300
108,0,184800,49700,64700,27600,4200
109,0,187400,54700,63600,27600,4100
110,0,189700,49900,68000,27400,4600
111,0,265100,50900,66200,28900,4300
112,0,227300,50000,75400,27900,4300
113,0,207500,58400,64800,29200,5100
114,0,181800,49600,63300,27400,4300
115,0,186100,50100,67600,27500,4200
116,0,185500,51500,63500,27500,4500
117,0,178200,50000,62900,27200,4300
118,0,242500,54500,63500,27600,4200
119,0,189100,49300,63100,27600,4200
120,0,186200,49400,67400,27300,4600
121,0,177500,49500,62700,27500,4300
122,0,174200,48100,62700,27200,4400
123,0,185800,51900,72000,30900,3100
124,0,191000,61400,66300,27500,4100
125,0,245100,59600,63400,28000,57700
126,0,276100,51100,68800,27900,63200
127,0,200600,50800,63900,27900,20900
128,0,213700,49700,95600,69800,4400
129,0,192300,50000,67700,27800,4400
130,0,216400,49900,67900,27700,4300
131,0,192000,49500,67500,27600,4400
132,0,188700,49200,67600,27400,4100
133,0,189300,49500,63200,27800,4300
134,0,183100,48900,67400,27600,4100
135,0,186100,49100,65700,28800,4400
136,0,199200,49900,68400,27800,4300
137,0,199100,54200,63700,27700,4400
138,0,219100,50100,63600,28200,4300
139,0,202700,49500,63400,28100,4400
140,0,194000,50100,67400,27700,4200
141,0,214400,49500,63000,27800,4300
142,0,244600,49700,63000,28000,4300
143,0,202000,49600,67800,27500,4200
144,0,174300,49200,63200,27200,4100
145,0,246700,56500,65300,29600,5100
146,0,223800,51600,67100,28500,4800
147,0,177900,50100,68200,28500,4100
148,0,176300,49500,67700,27400,4000
149,0,177200,49100,58500,27500,4200
150,0,186700,49500,58300,27600,4200
151,0,187500,50100,63700,27800,4300
152,0,189000,51200,64100,27700,4300
153,0,188800,49500,68100,27600,4300
154,0,217400,50200,65300,28000,4400
155,0,180800,49200,67700,27400,4200
156,0,216100,50400,69100,27500,4500
157,0,184900,50600,67600,28000,4200
158,0,209700,49400,67300,27500,4400
159,0,187500,49200,58800,28600,4200
160,0,195400,49400,80100,42700,4200
161,0,195900,53800,63800,27800,4300
162,0,184400,49300,67600,27800,4200
163,0,184800,49100,67300,27100,4200
164,0,190900,49500,63100,27800,4300
165,0,184300,49600,67300,27600,4400
166,0,206000,49200,63100,27600,4500
167,0,191200,62400,63700,27500,4300
168,0,178000,49300,62600,27400,4100
169,0,184100,49600,67200,27300,4300
170,0,182800,49200,62900,27500,4200
171,0,214500,49200,62600,29800,4200
172,0,189200,54200,63100,27900,4200
173,0,224200,49500,67600,28000,4400
174,0,202700,49600,62900,27900,4300
175,0,176600,49300,62900,27300,4100
176,0,181800,53600,62700,27500,4200
177,0,176500,49100,67400,27300,3200
178,0,232400,49500,67600,27600,4300
179,0,186500,49800,62800,27300,4300
180,0,173000,48900,62500,27200,4100
181,0,182500,49800,70800,32500,4200
182,0,170800,49100,62500,27100,3400
183,0,176200,47700,67800,28200,4000
184,0,183400,50700,63400,27200,4200
185,0,188500,57000,66200,27500,4100
186,0,263000,53700,63100,28100,57900
187,0,250300,54300,64700,29600,68400
188,0,204700,51500,64100,28500,22100
189,0,194900,52000,67500,27800,4500
190,0,234700,51700,64900,28100,4400
191,0,212400,50100,68300,27800,4300
192,0,190100,49300,63500,28000,4300
193,0,192000,54000,64000,28000,3300
194,0,188500,49900,63700,27300,4200
195,0,205600,54100,73700,44100,3300
196,0,190300,49600,67400,27700,4300
197,0,187600,49200,63800,27800,4300
198,0,214100,49600,63100,27900,4400
199,0,203500,49700,67500,27900,4300
200,0,188300,50000,67500,27600,4300
201,0,213600,49300,62900,28000,4400
202,0,214500,50200,67400,27900,4500
203,0,178700,49200,67100,27100,4200
204,0,210500,49400,63100,27700,4400
205,0,197800,49500,63100,27400,4400
206,0,177700,49300,67200,27200,4200
207,0,177400,49300,68300,28500,4100
208,0,176800,49100,66700,27200,4200
209,0,180400,49200,62600,27600,4400
210,0,183300,49000,62800,27500,4300
211,0,193900,49500,67400,27900,4300
212,0,188300,49500,67200,27700,4400
213,0,185800,49600,63200,27400,4200
214,0,207800,49500,67500,27600,4400
215,0,183900,49300,62800,27500,4200
216,0,214100,49500,63300,27600,4300
217,0,176900,49600,63100,27300,4200
218,0,209900,54300,63000,27500,4300
219,0,197200,49300,68000,28600,4200
220,0,173900,49100,62300,27300,4000
221,0,188400,49300,66900,27500,4200
222,0,191300,54600,63600,27300,3200
223,0,190100,54100,63000,27600,4200
224,0,190900,54500,62900,27600,3300
225,0,192500,49300,63300,28000,4100
226,0,219600,49500,68000,28300,4200
227,0,182500,49300,67300,27500,4200
228,0,182500,49900,67400,27600,4200
229,0,188100,53800,64100,27400,3200
230,0,233000,50300,69300,27800,4300
231,0,253500,49500,66400,29200,4400
232,0,187400,50200,63100,27600,4100
233,0,188600,54400,63100,27800,3400
234,0,184800,49500,67000,27200,4200
235,0,220000,53800,63500,27700,4300
236,0,208500,49600,67500,27900,4200
237,0,170000,49300,57900,27400,4100
238,0,231200,50000,67400,27800,4300
239,0,187000,49500,63300,27700,4100
240,0,183900,54700,63100,27900,6700
241,0,182700,49600,62500,27100,4200
242,0,182400,50900,58900,27300,4500
243,0,173400,49200,63900,28500,4000
244,0,175700,48000,67500,27400,4100
245,0,181000,50200,66100,27300,4100
246,0,215000,58800,66200,27600,3300
247,0,236700,55000,62900,28400,56900
248,0,240400,51000,68100,28400,62400
249,0,196100,50600,63300,28100,21300
250,0,198800,49200,63000,27700,4400
251,0,181300,49400,66800,27300,4400
252,0,179300,49100,62700,27400,4200
253,0,188700,49400,62300,27400,4200
254,0,181800,48900,62300,27500,4200
255,0,188100,49200,68200,28700,4400
256,0,233000,49300,107100,94100,4300
257,0,194400,49700,67900,27800,4500
258,0,208400,49900,63400,28400,4400
259,0,198200,49200,67600,27700,4100
260,0,181000,49500,62700,27700,4200
261,0,219100,49600,62700,27800,4300
262,0,214200,49400,67300,27600,4400
263,0,172900,49100,62500,27200,4200
264,0,173500,49100,62600,27400,4200
265,0,176200,49400,67200,27300,4100
266,0,208200,49200,63200,28000,4400
267,0,205500,49100,68200,28700,4200
268,0,175200,49100,67000,27200,4200
269,0,178400,49100,63300,27400,4100
270,0,185900,49500,66900,27500,4100
271,0,200400,54100,70000,27900,4300
272,0,241400,60400,72900,29900,5000
273,0,215900,58500,64700,29500,5100
274,0,222300,54800,64000,28400,4300
275,0,191500,49800,68300,28100,4300
276,0,221300,49500,67800,28000,4300
277,0,194800,49700,67600,27600,4200
278,0,212800,49800,67500,27700,4500
279,0,186200,49400,61000,28500,4200
280,0,185300,51100,68700,27600,4200
281,0,183300,49300,68400,27600,4100
282,0,183000,50000,67300,27600,4300
283,0,179000,49800,63400,27800,3300
284,0,185200,49500,63900,28200,4100
285,0,192700,49600,68000,27800,4300
286,0,213100,50100,63500,28200,4300
287,0,188400,53900,63600,27600,4200
288,0,188800,49900,67600,28100,3400
289,0,182800,49500,67300,27600,4300
290,0,188800,49400,67700,27700,4100
291,0,216900,49600,62800,29900,4300
292,0,195200,49500,68000,27800,4100
293,0,187100,49600,63100,27800,4400
294,0,179100,49000,58400,27800,4300
295,0,182100,49300,63100,27900,4200
296,0,200700,49400,67600,28100,13200
297,0,214900,49600,63000,28100,4400
298,0,254900,49000,63500,28500,4300
299,0,189900,49700,63100,27700,4300
300,0,189200,49500,68200,27800,4100
301,0,193400,49300,76700,42800,4200
302,0,180500,49600,67400,27900,4100
303,0,180100,49000,68100,28500,4200
304,0,180000,50200,67000,27800,4300
305,0,178000,48000,63400,27900,4200
306,0,213600,51000,63600,27900,4100
307,0,189900,56100,60600,28100,4400
308,0,241100,54600,67500,28500,57900
309,0,247100,51000,66400,28500,63000
310,0,230100,50400,69900,28600,21100
311,0,181600,49400,63700,27700,4400
312,0,185700,49100,67700,27800,4200
313,0,184200,49100,68600,28100,4200
314,0,189100,49500,64600,28200,4500
315,0,242500,49200,66300,29200,4500
316,0,235900,50900,58700,28700,4400
317,0,200400,50400,73600,28500,4200
318,0,226900,49800,68000,28300,4100
319,0,204500,49400,68100,28300,3300
320,0,177700,49600,63100,27600,4300
321,0,213700,49700,67200,27900,4300
322,0,209600,49400,67300,27900,4400
323,0,174400,49300,62500,27600,4300
324,0,176300,49300,66700,27500,4100
325,0,173800,49600,62900,27200,4200
326,0,173500,49200,63200,27200,4100
327,0,173800,49500,64000,28600,4100
328,0,214100,49500,67900,27700,4100
329,0,207700,49400,67400,28000,4400
330,0,186700,49400,68000,27700,4200
331,0,184200,49500,63600,27900,4200
332,0,181500,49200,62900,27700,4200
333,0,183100,49200,63400,28000,4300
334,0,197600,48900,60800,28100,4200
335,0,180600,53900,63700,27800,4200
336,0,210900,49500,67700,27500,4100
337,0,171000,48900,58800,27400,4200
338,0,201000,49100,63400,27900,4200
339,0,190000,53900,64000,28600,4100
340,0,174900,49300,67500,27600,4100
341,0,168600,48900,58100,27500,4000
342,0,181000,49400,66800,27400,4000
343,0,177000,49000,67100,27400,4100
344,0,177800,49400,62700,27400,4300
345,0,181500,49300,63100,28000,4300
346,0,213300,49600,67700,28000,4500
347,0,183600,49400,67100,27700,4200
348,0,179600,49800,63000,27500,4200
349,0,187600,52800,67300,27600,3200
350,0,190300,53800,63300,28000,3600
351,0,209900,50100,66100,29100,4400
352,0,197000,54100,71500,27700,3300
353,0,247700,70000,73000,30200,4600
354,0,211600,53300,64700,31500,5000
355,0,185500,50200,63600,27800,4500
356,0,188100,52300,63400,27800,4300
357,0,179200,49300,62900,27800,4200
358,0,240400,50000,68000,28300,4300
359,0,238900,50100,68100,28200,4400
360,0,217700,50300,63300,28200,4200
361,0,194900,50300,67700,28200,4200
362,0,187900,49900,62900,27900,4300
363,0,190600,50700,68100,29000,4300
364,0,180400,49300,67200,27800,4200
365,0,186700,54300,63400,28000,4000
366,0,215400,48600,62800,28300,4300
367,0,192700,50800,66200,27900,4200
368,0,180900,56600,62400,27600,4300
369,0,237300,54300,63000,28500,57800
370,0,264800,51100,63700,28600,62800
371,0,209100,50100,74700,43600,20800
372,0,182300,54300,63100,27700,3400
373,0,182000,54100,63000,27600,4300
374,0,183000,49700,66700,27800,4100
375,0,187500,49500,68700,29000,4300
376,0,191400,49700,62500,27900,4200
377,0,192100,49400,67400,28300,4100
378,0,221900,50100,67100,28100,4400
379,0,200200,49500,62900,28100,4400
380,0,190800,54400,62900,28000,4300
381,0,219600,49900,62600,28300,4400
382,0,202300,49600,63500,28000,4400
383,0,250400,51500,68600,30000,3900
384,0,186200,55200,64300,28000,4300
385,0,185300,50200,68500,27700,4200
386,0,184300,50200,67500,27800,4300
387,0,196400,49400,82600,56600,4200
388,0,186000,54700,63600,28600,4300
389,0,190300,49700,63700,27800,4200
390,0,230000,50300,63800,28400,4400
391,0,225800,50200,69400,28500,4400
392,0,208300,50400,76100,40500,4400
393,0,191900,49800,64100,28200,4300
394,0,217400,50500,67900,28100,4200
395,0,191600,50100,68200,27900,4400
396,0,448400,133800,113700,30900,5000
397,0,193500,50200,69200,28700,4500
398,0,221800,51600,67900,28200,4200
399,0,192300,50100,64000,29100,4300
400,0,216200,50600,63800,28600,4300
401,0,217200,49900,67800,28100,4300
402,0,172000,49200,62300,27300,4200
403,0,171700,49000,62100,27300,3900
404,0,187200,51000,63600,28400,3900
405,0,177000,49000,62800,27800,3400
406,0,207800,50000,66900,27700,4300
407,0,178000,49400,62400,27600,4200
408,0,187800,49500,67300,28300,4300
409,0,182000,49600,62700,27800,4300
410,0,193400,49200,70500,28000,4200
411,0,217400,49500,62200,30200,4200
412,0,192600,49800,63000,28300,4300
413,0,180700,49000,62500,27900,4300
414,0,186200,51700,67800,27900,3400
415,0,180100,49500,62300,27700,4200
416,0,184000,49600,63100,28500,4200
417,0,181400,54500,62600,27600,3300
418,0,231600,49700,63300,28300,4500
419,0,195100,49500,67200,27700,4200
420,0,183600,50200,67700,28500,4300
421,0,214000,50000,62200,28000,4300
422,0,202600,49500,67200,27800,4400
423,0,174100,49000,63200,28700,4100
424,0,172900,49100,63100,28300,4000
425,0,179700,53500,62500,27600,3100
426,0,209200,49800,66600,27700,4100
427,0,177000,47700,63800,27300,4100
428,0,189100,52900,74600,33300,4000
429,0,217400,67500,70300,29600,5000
430,0,315000,58000,67200,30200,77800
431,0,397800,140400,80400,29300,101000
432,0,217100,52400,67700,30000,21500
433,0,303400,107400,123800,29200,4400
434,0,335700,100700,120200,29100,4700
435,0,348300,100600,122500,29800,4300
436,0,202600,52300,63600,30100,4300
437,0,192800,49600,62800,28400,4300
438,0,228100,53500,67700,28100,4400
439,0,204500,49800,67500,28100,4300
440,0,188600,49600,63800,28500,4400
441,0,220500,49300,68200,28200,4200
442,0,222000,54300,63600,28000,3400
443,0,192900,50400,72400,32000,4200
444,0,186500,49600,67800,28200,4100
445,0,186700,49200,67100,27700,4100
446,0,183300,53900,62400,27900,3200
447,0,205000,51100,74800,33000,4100
448,0,212600,51800,64000,30000,4400
449,0,199100,49900,68600,28300,4200
450,0,215000,50600,66300,29100,4300
451,0,199300,49900,68800,28100,4300
452,0,233100,49700,67000,28900,4400
453,0,213300,51300,64200,28400,4300
454,0,215700,51400,66900,27900,4500
455,0,178000,49100,63000,27800,4100
456,0,217300,49300,61500,29000,4200
457,0,177700,49300,61900,27700,4100
458,0,250300,84100,70100,29000,4200
459,0,206000,52800,62600,30100,4000
460,0,178800,49100,67600,28200,4200
461,0,180500,49500,62500,27800,6300
462,0,180600,49300,69100,27700,4100
463,0,179200,49400,66400,27600,4200
464,0,181700,49800,67400,28200,4100
465,0,185800,49400,67500,27900,4200
466,0,204700,50300,63200,27900,4400
467,0,187700,49400,67300,27600,4100
468,0,181800,49600,67500,28500,4300
469,0,186200,49200,66700,27600,4300
470,0,197300,53600,62800,28000,3300
471,0,224600,49800,68000,29000,4500
472,0,204500,49800,67800,28500,4200
473,0,195100,54300,62700,27800,4200
474,0,189600,49500,62600,28200,4300
475,0,182200,53500,62500,27600,4200
476,0,191500,49200,66300,28800,4400
477,0,189100,49700,63600,28100,4300
478,0,241800,49400,63500,28200,4400
479,0,200700,54600,63700,28000,3300
480,0,190500,53700,63000,28500,3300
481,0,189800,49800,67500,28100,4300
482,0,180100,49100,62400,27800,4100
483,0,212800,49700,61100,29400,4200
484,0,208000,49900,67700,28800,4500
485,0,220700,49700,63100,28200,4200
486,0,246500,50000,67700,28500,4300
487,0,183000,49500,67000,27600,4200
488,0,186800,48100,69100,28300,4200
489,0,178600,50500,63100,27600,4300
490,0,211100,56700,65500,27900,4300
491,0,240400,54600,67500,28500,58200
492,0,240000,51300,67000,29700,62800
493,0,199000,50500,68000,28500,21100
494,0,181200,49300,66900,27600,4500
495,0,179900,49700,65100,29000,4300
496,0,183600,49300,65300,28700,4300
497,0,178100,49100,63400,27800,4300
498,0,206700,49300,62900,27800,4300
499,0,190100,49200,62100,27900,4200
500,0,185000,49700,67500,28100,4300
501,0,217100,50100,67400,27900,4300
502,0,211600,49400,68700,28500,4300
503,0,220000,63300,65700,30000,5400
504,0,293300,138800,66400,31000,3800
505,0,199800,51500,70500,28700,4800
506,0,176400,50000,67700,27700,4300
507,0,182000,56000,65100,28700,4000
508,0,200800,52600,70600,29800,5000
509,0,196100,50500,68000,28300,3400
510,0,185300,49600,59000,28400,4200
511,0,196700,50000,67700,28000,4300
512,0,195100,50700,67700,28900,4400
513,0,188900,50100,63100,28100,4300
514,0,244900,49700,62500,28100,4400
515,0,206200,50000,67200,28100,4300
516,0,213700,49600,67700,28100,4300
517,0,176600,49100,64600,27600,4000
518,0,240600,52700,67800,29900,4900
519,0,214000,52000,71800,30800,5000
520,0,207500,56800,70000,30200,5100
521,0,190100,50100,69400,28300,4700
522,0,174400,49500,64100,27800,4200
523,0,175100,49100,62200,27200,4100
524,0,184400,49000,67500,27900,3200
525,0,180100,49700,62500,27800,4200
526,0,208300,49500,68200,28000,4300
527,0,177000,49200,66800,27600,4200
528,0,178300,49400,67200,27700,4100
529,0,182100,49100,64100,27700,4300
530,0,187400,50000,60300,28000,4100
531,0,248100,51100,84200,50700,4300
532,0,196800,49400,63300,28700,4400
533,0,195200,51400,63300,28100,4300
534,0,192500,49600,67500,27900,4100
535,0,189400,49300,67100,27800,4200
536,0,197800,50900,65000,32800,4200
537,0,182000,49400,67000,27700,4200
538,0,237600,49400,63100,28200,4400
539,0,197100,49700,66900,27900,4300
540,0,187500,49900,67200,27900,4300
541,0,187300,49500,70000,27800,3300
542,0,181300,49900,62800,27900,4400
543,0,185400,49700,68100,29000,4300
544,0,177200,49200,62800,28200,4300
545,0,223300,49800,67200,28000,4400
546,0,237900,49500,67000,28100,4300
547,0,185600,49900,66700,28000,4400
548,0,174400,49200,62900,27900,4100
549,0,176000,47900,62900,27800,3400
550,0,205100,50600,63600,27500,4400
551,0,189900,56400,65600,27900,4300
552,0,236000,54300,63100,28700,58500
553,0,251500,51000,68600,28800,63200
554,0,197400,50300,63400,28600,20900
555,0,180600,49400,63900,29100,4500
556,0,184500,49400,62700,28300,4300
557,0,183700,49600,67200,27900,4200
558,0,212700,54000,63100,28000,3300
559,0,196500,49500,67400,27700,4200
560,0,183700,51000,60100,28500,4300
561,0,214500,49700,64200,28300,4300
562,0,213500,49800,63100,28200,4400
563,0,185900,54000,63600,27900,3400
564,0,184600,53500,63400,28400,3200
565,0,182700,49400,62500,27800,4100
566,0,186600,50100,66500,27800,4200
567,0,189600,49300,68200,29200,4100
568,0,179900,53900,63400,27500,4000
569,0,191100,51200,66800,31800,3200
570,0,228600,49800,63000,28200,4400
571,0,232100,50600,67700,28700,4300
572,0,196500,49800,67700,28400,3300
573,0,188200,49500,63300,28100,4300
574,0,212200,53500,63700,28300,4200
575,0,182900,49500,67000,27600,4100
576,0,248700,49800,65200,28900,4300
577,0,203300,49200,67400,27700,4300
578,0,210200,50200,69400,28200,4200
579,0,217000,54100,64800,31100,4900
580,0,217900,53700,68200,30700,5000
581,0,190500,49900,69500,28200,4500
582,0,200100,53400,72400,29500,5100
583,0,184900,52100,60100,29500,4500
584,0,177700,49500,63500,28100,4100
585,0,179800,49800,63300,27900,4100
586,0,203600,49400,62900,28000,4400
587,0,175100,50900,63100,27400,4100
588,0,178200,49900,67600,28100,3100
589,0,176500,49400,63200,27400,4100
590,0,188800,53600,62600,27600,4200
591,0,214400,53900,64000,29100,3200
592,0,188300,49700,67500,28300,4300
593,0,187600,50100,63400,27800,4200
594,0,188800,54300,62800,27800,4200
595,0,179200,49500,58600,27700,4200
596,0,190300,49700,67800,28700,4200
597,0,185000,49400,67000,27700,4100
598,0,239000,50100,63100,28200,4400
599,0,188300,49600,67000,27500,3300
600,0,180600,49400,62800,28100,4100
601,0,183800,49600,67200,27500,4300
602,0,180500,49400,64600,27900,4200
603,0,182800,49500,68300,28900,4200
604,0,178700,51500,63400,28300,3300
605,0,189900,50600,68600,27800,4200
606,0,263200,57200,71100,30200,5100
607,0,257100,52200,64200,30200,5100
608,0,208600,49800,68000,28300,4300
609,0,179400,49700,62600,27800,4200
610,0,206700,48400,67400,27800,4300
611,0,181200,50800,65400,27400,4200
612,0,180200,56100,60700,28400,4200
613,0,240900,54100,67900,28700,57000
614,0,251100,52400,67900,28600,63600
615,0,205500,51300,62700,29700,20900
616,0,188900,49200,62800,31400,4400
617,0,186800,49700,63200,27900,4200
618,0,220500,49700,63400,28400,4300
619,0,200800,49900,67600,28000,4200
620,0,182300,49700,67600,28300,3300
621,0,210000,49300,64200,28300,4100
622,0,206200,50800,63000,27900,4300
623,0,176200,53600,63500,27600,3300
624,0,181500,49600,67800,28200,4000
625,0,174600,49000,59000,27700,4200
626,0,181900,49300,67000,27900,4000
627,0,179100,49200,62200,29700,4200
628,0,179100,49100,63500,28000,4300
629,0,195600,49400,67500,28300,4500
630,0,190500,49200,63400,27900,4300
631,0,204300,53300,68300,28600,4400
632,0,204900,51600,67800,28600,4500
633,0,195700,50000,67400,28000,4400
634,0,211100,49800,63200,28000,4400
635,0,186400,49700,67100,28000,4300
636,0,218600,49400,65000,28600,4200
637,0,181500,53700,63000,28000,3200
638,0,243100,49400,63300,28200,4300
639,0,212200,48900,62900,29600,4300
640,0,177800,49200,67600,28100,4100
641,0,181900,48700,62700,27700,4100
642,0,177800,49500,67200,27700,4200
643,0,175300,49100,63300,27500,4100
644,0,177600,50700,63600,27800,4200
645,0,205000,52100,67400,29800,4900
646,0,212100,50600,59400,28500,4200
647,0,187600,49400,67900,28200,4200
648,0,178600,48900,63400,27900,4300
649,0,181900,49300,62900,27700,4200
650,0,197200,49800,67000,27800,4100
651,0,220000,50100,67400,30500,4300
652,0,183900,49200,60900,28600,4100
653,0,187000,49900,67600,28100,4000
654,0,183800,49400,63100,28000,4200
655,0,229100,50400,68200,28200,4400
656,0,224300,49300,66100,29200,4500
657,0,179600,49200,62600,28000,3300
658,0,238400,49500,67400,28300,4300
659,0,198800,49600,68300,27800,4400
660,0,224800,85600,64300,28400,4300
661,0,181100,49200,67200,27600,4200
662,0,179900,49000,67100,27800,4200
663,0,181800,49100,67800,28800,4100
664,0,177400,49200,59000,28300,4200
665,0,183200,49200,67300,27700,3200
666,0,215100,49000,69000,28200,4300
667,0,182800,49500,63100,27700,4000
668,0,179500,49100,67400,27700,4000
669,0,220400,49700,67300,28200,4400
670,0,229400,49500,66800,28300,4400
671,0,178400,48000,66300,27400,4200
672,0,179000,50400,65900,27700,4200
673,0,186200,56000,62300,27700,4100
674,0,235400,54500,63400,28800,57700
675,0,239000,50900,63400,30300,63000
676,0,202300,51000,65900,29100,21100
677,0,183000,53600,63200,28000,4400
678,0,209800,49900,67500,28000,3200
679,0,194600,49400,67100,27900,4200
680,0,179900,49100,67300,28000,4200
681,0,203000,48200,62000,27700,4300
682,0,198700,49100,63200,28100,4500
683,0,168100,49100,62000,27100,4200
684,0,167900,48900,62700,27600,4000
685,0,174000,48900,66500,27400,4100
686,0,179600,49400,68300,27600,4200
687,0,176000,50900,59400,29000,4100
688,0,182600,49600,68000,28200,4300
689,0,185200,49300,63100,28000,4200
690,0,187400,48900,63600,28400,4300
691,0,205700,60300,63300,28200,4500
692,0,187200,49500,67400,28500,4400
693,0,189700,49600,66800,28000,4300
694,0,213800,50100,67200,28000,4400
695,0,180900,49200,63300,27800,4200
696,0,217700,50100,67600,28200,4300
697,0,178200,49200,62500,27800,4300
698,0,213900,50100,68800,28200,4300
699,0,196000,49300,66300,29200,4200
700,0,217600,49700,63400,28600,4300
701,0,211600,49700,69200,28500,4400
702,0,180400,49500,63500,28100,4100
703,0,182500,49400,67300,27800,4100
704,0,176900,49400,63100,28600,4400
705,0,184000,49100,67300,27800,4300
706,0,208100,54000,63100,28500,4300
707,0,181100,49600,66700,27900,4200
708,0,177600,49600,66500,27900,4200
709,0,176100,49400,62400,27700,4300
710,0,183600,49700,66800,27700,4300
711,0,218400,49400,63900,29200,4200
712,0,189000,49400,67400,28200,4200
713,0,181900,50100,62900,27800,4200
714,0,182100,48900,66700,27800,4100
715,0,177000,49200,62500,27600,4200
716,0,191600,53500,63200,28400,5700
717,0,185200,49300,67900,28200,4100
718,0,231600,49500,63700,28600,4400
719,0,198500,49000,68000,28100,4100
720,0,183200,49500,63700,28700,4300
721,0,189300,49200,67800,28000,4300
722,0,189200,50000,67600,28300,4400
723,0,178100,49400,66100,29400,4300
724,0,183100,49200,63300,28400,4300
725,0,182500,49200,63100,27900,4200
726,0,214800,49500,67500,27900,4200
727,0,182700,49500,62900,27900,4200
728,0,179600,49700,63000,28200,3400
729,0,188200,49200,68800,28300,4200
730,0,208600,50200,67300,28200,4200
731,0,224800,49200,67600,28200,4500
732,0,205500,48100,61700,29100,4300
733,0,190800,50600,65600,27600,4300
734,0,194300,56000,62700,28100,4200
735,0,258300,54200,68000,29700,56300
736,0,260800,55500,63700,30300,70100
737,0,213600,51300,64300,28800,21800
738,0,213200,50200,62900,28500,4300
739,0,201300,49200,68200,28300,4300
740,0,216800,50300,59600,28700,4300
741,0,296600,61400,73900,30000,5100
742,0,234100,53500,64200,30300,5200
743,0,173400,49800,63100,27900,4200
744,0,168200,49100,61100,28400,4000
745,0,169000,49300,62300,27300,4100
746,0,173200,49800,66900,27300,4000
747,0,170200,49400,63800,28400,3200
748,0,172900,49600,58300,28100,4000
749,0,193800,49500,63200,28100,4100
750,0,189900,49700,58600,28400,4300
751,0,195400,49800,67400,28300,3400
752,0,190900,50400,62800,28200,4300
753,0,197600,54100,63400,28400,4400
754,0,210700,54600,63000,28000,4300
755,0,184200,49900,67700,28000,4200
756,0,217500,50200,67500,28400,4200
757,0,185100,49200,62600,27900,4200
758,0,210200,49900,67200,28200,4300
759,0,194100,49500,68000,29000,4300
760,0,178600,49300,62900,27700,4100
761,0,177200,49100,62500,28100,4300
762,0,214900,49300,67700,28000,4300
763,0,202100,49200,67000,27800,4200
764,0,186200,49300,74000,41200,4100
765,0,182100,54300,62700,28100,3300
766,0,211700,60400,62600,28500,4200
767,0,175200,50000,63300,27900,4200
768,0,171400,48900,62600,27900,4100
769,0,175200,49500,63100,27800,4200
770,0,181800,49600,66900,27500,4100
771,0,242400,51200,93200,68100,4300
772,0,183200,49600,62800,27900,4400
773,0,185200,54100,63300,28400,4300
774,0,182500,49400,68500,27800,4100
775,0,183300,56700,63200,28100,3300
776,0,187100,49400,66900,27800,4200
777,0,178100,49100,67100,27500,4200
778,0,225800,49300,63500,28300,4300
779,0,191200,49500,63300,28100,4300
780,0,184400,49000,67500,27900,4200
781,0,185800,49700,67000,27700,4200
782,0,184100,53900,63100,27700,4200
783,0,180000,49400,61300,29200,4300
784,0,193100,49600,63100,28100,4300
785,0,188900,49500,66600,27800,4200
786,0,218100,49600,67500,28100,4200
787,0,193000,49200,67200,27900,4400
788,0,183600,49400,63100,28000,4300
789,0,186700,49200,67300,28000,4200
790,0,210200,49900,67300,28300,4300
791,0,187600,49600,67500,28000,4200
792,0,188700,49600,67200,28100,4300
793,0,217100,53000,63000,28400,3300
794,0,206200,50600,63600,28100,4500
795,0,189000,56700,64100,29200,4300
796,0,242400,54100,63500,28500,57700
797,0,241200,51200,61400,28700,63100
798,0,232000,50800,67900,28400,21200
799,0,193100,49400,63200,28600,4300
800,0,188200,49700,63400,27800,4300
801,0,208500,49500,63700,28800,4200
802,0,202100,49400,63500,28100,4200
803,0,174700,48900,66700,27600,4100
804,0,174900,49200,66600,27500,4100
805,0,186000,59500,67200,27600,4200
806,0,176600,49400,66700,27800,4100
807,0,175100,49400,67500,28300,4100
808,0,175200,49000,66300,27600,4200
809,0,187300,54000,63700,28400,4200
810,0,187200,49100,63000,27900,4400
811,0,195300,49400,63600,28500,4400
812,0,195700,49700,67500,28100,4300
813,0,192500,49400,63400,28400,4300
814,0,213000,49800,67700,28200,4400
815,0,194400,54100,63900,28500,4300
816,0,220600,49500,67800,28600,4300
817,0,188500,49300,67600,28400,3200
818,0,222300,55600,68000,28400,4400
819,0,225600,51700,62800,30000,4400
820,0,188200,49900,67800,27900,4200
821,0,185300,49500,63400,28300,4400
822,0,177300,49300,58600,28000,4100
823,0,178700,49000,64400,27900,4100
824,0,226000,49600,68000,28600,4300
825,0,247600,50400,63900,28500,4400
826,0,240900,50400,64600,32300,4500
827,0,183700,49500,67100,27700,4100
828,0,177200,49400,67200,27900,4200
829,0,176400,49100,63400,27900,4300
830,0,179300,49500,62900,27600,4200
831,0,215000,49300,68000,28900,4300
832,0,177300,49500,58400,27900,4300
833,0,179400,49400,63000,28100,4300
834,0,181300,49800,66900,27700,4100
835,0,176200,49400,63100,27900,4100
836,0,177100,49200,62300,27800,4100
837,0,177600,49500,66600,27600,4200
838,0,233600,49600,68900,28200,4400
839,0,194000,49300,67000,27700,4100
840,0,179200,49100,67200,27800,4100
841,0,185000,49100,62600,28000,4200
842,0,184500,49700,67000,27800,4300
843,0,184500,53900,64700,29300,3200
844,0,200600,68900,64100,28700,4100
845,0,189900,50600,66800,27900,4200
846,0,218200,54300,62600,27900,4400
847,0,178100,50300,62900,28100,4100
848,0,178500,49200,66400,27800,4100
849,0,177800,49600,62400,27900,3300
850,0,208500,49300,67400,27900,4200
851,0,183600,49300,66800,27800,4200
852,0,182900,49600,66300,27800,4300
853,0,183600,49100,67100,27800,4100
854,0,176800,47900,62200,27700,4200
855,0,218600,50700,65300,29800,4300
856,0,218300,57000,64900,28300,4600
857,0,236400,54500,63200,28900,56600
858,0,266500,50900,61700,28700,62700
859,0,210100,51300,63600,28800,21100
860,0,180900,49200,67300,27700,4400
861,0,213000,54000,63300,28200,3200
862,0,203800,49400,67000,28100,4200
863,0,181200,53700,63000,27700,4100
864,0,173200,49300,67100,28000,4100
865,0,173500,49100,67300,27200,4100
866,0,178900,48900,66200,27500,4100
867,0,176600,49800,63600,28800,4200
868,0,171600,49200,63100,27400,4100
869,0,187700,49800,67500,27900,4100
870,0,192800,49600,66900,28000,4300
871,0,192500,49400,63900,28600,4400
872,0,197700,49900,67200,28300,3500
873,0,195200,49800,63000,28300,4300
874,0,220100,49800,63100,28200,4400
875,0,185100,49200,63400,28400,4300
876,0,221100,49900,67700,28400,4400
877,0,190100,49800,63500,28200,4300
878,0,201700,49200,62800,27900,4200
879,0,191400,49600,64400,29300,4300
880,0,177500,49600,63000,27800,4100
881,0,181800,49200,63500,28300,4300
882,0,177600,50100,62600,27700,3400
883,0,178400,49200,62600,28100,4300
884,0,180400,49600,62300,27900,4200
885,0,182800,49500,63100,28400,4300
886,0,239000,49400,62900,28200,4400
887,0,201600,49700,63200,28400,4500
888,0,177800,49600,62600,27700,4100
889,0,181300,49100,67500,27800,4100
890,0,180400,50000,62500,27700,4200
891,0,216300,49500,67100,30300,4300
892,0,186900,49400,67600,28000,4200
893,0,182100,49300,62900,28200,4300
894,0,188200,51600,70400,28800,4200
895,0,177300,49800,63800,28100,3400
896,0,181500,49700,63000,28100,4300
897,0,180500,50100,66900,27900,4300
898,0,234900,49600,67600,28100,4300
899,0,195000,51600,67700,31700,4400
900,0,182700,50100,68500,28100,4300
901,0,184200,49300,65400,28400,4400
902,0,215800,57000,80300,34700,4200
903,0,199000,50900,63500,30200,4900
904,0,204700,57100,70000,28400,4300
905,0,202900,50200,70400,28200,4400
906,0,225500,49900,67800,28000,4400
907,0,192700,50000,63000,28700,4200
908,0,190800,49800,67200,28200,4400
909,0,178700,49200,58900,28200,4300
910,0,256500,49700,63900,28400,4300
911,0,224700,49700,67800,28300,4400
912,0,190000,51000,69400,28100,4300
913,0,188700,53100,65900,28600,4200
914,0,196600,53200,69900,27900,4300
915,0,197200,50700,70500,29300,4200
916,0,198600,53100,65100,28000,4000
917,0,234100,60300,65200,28600,4200
918,0,308700,57800,69800,29000,59700
919,0,255900,51200,64600,28700,63900
920,0,199700,51100,64200,28600,21200
921,0,221800,56200,63200,28300,4400
922,0,227200,51600,67500,29800,4300
923,0,173600,50800,59600,28000,4400
924,0,172900,49600,64000,28100,4100
925,0,170100,49000,63500,27800,4200
926,0,172100,53800,63000,27500,3000
927,0,170400,49200,63200,28700,4100
928,0,175700,49600,67300,27800,4200
929,0,180500,49600,62900,28100,4300
930,0,186300,49500,67100,27900,3300
931,0,190100,49500,67000,27800,4400
932,0,183600,49700,63200,27900,4300
933,0,182000,49100,59100,28300,4100
934,0,209900,48800,63800,28100,4300
935,0,196700,49200,68200,28100,4200
936,0,214700,49600,63100,28300,4300
937,0,181400,49300,62800,28000,4200
938,0,213200,49300,66900,27900,4300
939,0,191700,49500,61500,29400,3400
940,0,171900,49600,64100,27400,4100
941,0,187300,53900,64900,28300,3200
942,0,175100,49200,62100,27700,4200
943,0,178200,49300,63100,28000,4100
944,0,181600,49300,66700,27800,4100
945,0,182500,49300,62900,28100,4200
946,0,210400,49700,67100,28000,4400
947,0,176100,49300,63200,27700,4000
948,0,206800,49200,58600,28200,4300
949,0,201100,49500,63500,28500,4300
950,0,178700,49600,62800,28000,4200
951,0,215400,49400,67900,29100,4300
952,0,189800,54500,63300,27800,4300
953,0,182400,49100,63600,28300,4300
954,0,186800,49700,67000,27900,4300
955,0,188900,49300,67300,28000,4200
956,0,189800,50000,67000,28200,4200
957,0,186300,49200,67700,27900,4400
958,0,233900,49900,62900,28100,4400
959,0,195100,49300,69300,28000,4200
960,0,206000,59600,67300,29600,4900
961,0,204800,56400,66600,30300,4800
962,0,212000,57300,67000,30000,4800
963,0,185700,51100,63000,30200,4500
964,0,186800,50800,68000,28200,4300
965,0,195400,50900,69700,29000,4400
966,0,327700,52600,72400,30200,5000
967,0,225000,53500,75600,29900,5100
968,0,240100,53900,68800,30400,5100
969,0,222800,54800,70700,30400,4800
970,0,277700,52800,71500,30100,5000
971,0,193100,54300,64600,28700,3400
972,0,271000,52500,67200,29800,4600
973,0,198600,51700,70000,28200,4200
974,0,205300,51600,62900,29700,4500
975,0,191900,50800,63200,30000,4500
976,0,194400,48600,65300,28700,4200
977,0,189100,50700,63600,28100,4100
978,0,227900,57800,66600,28100,4300
979,0,293000,53800,63200,28900,58100
980,0,316000,54800,72300,30700,95100
981,0,263400,51600,68900,29300,21900
982,0,203000,49500,58700,28200,4200
983,0,178100,54600,62900,27500,3200
984,0,180100,49500,67100,27900,4200
985,0,171900,49400,62600,27600,4200
986,0,182100,49000,68500,29000,4100
987,0,183600,54100,64000,29000,4100
988,0,180100,49300,66500,27700,4200
989,0,191700,49200,67200,27900,4200
990,0,191500,49500,62800,27800,4300
991,0,200000,54400,66100,28100,4300
992,0,200100,49500,67900,28100,4300
993,0,189800,49700,67400,28400,4300
994,0,214800,49700,67600,28100,4400
995,0,224200,49800,67500,28400,4400
996,0,256200,49900,68200,28600,4400
997,0,180900,49000,62800,27600,3200
998,0,208400,49400,62800,28100,4200
999,0,194900,49300,65800,29400,4200
1000,0,183100,54200,63400,28400,3300
1001,0,189200,49800,67100,28200,4100
1002,0,170900,49400,62100,27300,4200
1003,0,175100,49300,62600,27500,4300
1004,0,183000,49300,67600,28100,4200
1005,0,188900,49500,67200,27900,4300
1006,0,204800,49700,62600,27800,4300
1007,0,176600,49100,62600,27800,4100
1008,0,176400,48900,62900,27900,4100
1009,0,182700,53800,63000,27900,4200
1010,0,220800,49100,63400,28300,4200
1011,0,258300,49700,84800,55500,4300
1012,0,178500,49100,58400,28400,4200
1013,0,184600,49400,67500,27800,4100
1014,0,180000,53500,63200,27800,3200
1015,0,176200,49200,62800,28000,4100
1016,0,184200,49400,67000,27800,4300
1017,0,173300,49100,62900,27700,4300
1018,0,225000,49900,62500,28000,4200
1019,0,190500,49600,67500,27900,4200
1020,0,178500,49600,66900,27800,4100
1021,0,177900,49600,66300,27500,4400
1022,0,177000,49400,66700,27600,4300
1023,0,176600,49800,64200,28900,4200
1024,0,182400,49500,67700,28200,4200
1025,0,179500,53600,62900,28000,3100
1026,0,211700,50700,66700,27600,4300
1027,0,192900,49700,67400,27900,4200
1028,0,186900,50200,62300,27800,4200
1029,0,188900,49700,62700,28100,4200
1030,0,220700,50000,67600,28200,4300
1031,0,182100,49900,62000,27700,4400
1032,0,184800,50000,62200,28100,4300
1033,0,179700,49500,67200,27900,4300
1034,0,183000,49300,67200,28100,4300
1035,0,182000,49800,63100,28900,4200
1036,0,192100,49900,67500,28100,4400
1037,0,181400,48200,62500,27700,4200
1038,0,217000,50500,66300,28200,4300
1039,0,207600,57100,62500,28200,4400
1040,0,252000,54900,67300,28600,57600
1041,0,312200,51000,64000,28700,62500
1042,0,256600,51800,68400,28700,21000
1043,0,179200,54100,63400,27700,3400
1044,0,171300,49300,62600,27600,4300
1045,0,176100,49600,67100,27700,4100
1046,0,174300,50500,63700,27500,4200
1047,0,177000,53700,63200,28700,3100
1048,0,178600,49700,67300,27600,4100
1049,0,188300,50800,67200,28000,4200
1050,0,186200,54000,62900,27800,3400
1051,0,191400,50100,67400,28200,4300
1052,0,190600,54300,62900,28200,4300
1053,0,185100,50100,62800,28000,4200
1054,0,207500,50700,67500,28100,4300
1055,0,175800,49200,62900,27800,3300
1056,0,217600,49300,63300,28200,4200
1057,0,196200,55400,67700,28100,4200
1058,0,217900,52100,66400,30100,4400
1059,0,216800,52100,68400,31200,4900
1060,0,194500,50100,69700,28500,4400
1061,0,215700,54600,65200,30000,5000
1062,0,189500,50000,62100,28500,4700
1063,0,193800,50400,68300,27800,4200
1064,0,182900,50200,67400,28100,4300
1065,0,190800,52000,64200,28100,4400
1066,0,219200,51300,66200,28200,4300
1067,0,201800,51300,69600,28100,4200
1068,0,212000,56300,71000,30000,5000
1069,0,198400,54600,64300,28500,4800
1070,0,183000,49300,59100,28200,4400
1071,0,222000,49700,62400,29500,4100
1072,0,226200,49400,59900,28600,4300
1073,0,213500,50100,62800,28300,4300
1074,0,184700,49800,62900,27900,4300
1075,0,186700,49600,64800,27900,4500
1076,0,188100,49600,67800,28000,4200
1077,0,180000,49400,62800,27900,4200
1078,0,235200,54300,63700,28100,4300
1079,0,190400,49500,62900,27800,4200
1080,0,227100,49700,63300,28100,4400
1081,0,216600,50100,68100,28400,4500
1082,0,184800,50300,67400,27800,4200
1083,0,178300,49300,67900,28900,4200
1084,0,172800,49700,62600,27600,4100
1085,0,189900,50900,62800,27600,4700
1086,0,205500,49800,62800,27600,4300
1087,0,177100,49100,63100,27700,4100
1088,0,183500,50300,68200,27700,4200
1089,0,183400,49700,63100,28000,4200
1090,0,211700,50200,66800,28100,4300
1091,0,182700,49300,63000,27600,4300
1092,0,186300,49900,66700,27800,4200
1093,0,186500,49300,67000,27800,4300
1094,0,190700,49500,67100,27900,4100
1095,0,177800,49200,63700,28800,4200
1096,0,184100,49700,62400,28200,4300
1097,0,186500,49500,66900,27900,4200
1098,0,215400,48000,67200,28100,4300
1099,0,197100,50800,66000,27800,3300
1100,0,188200,56600,62800,28400,4400
1101,0,269700,54500,62700,28400,58300
1102,0,266700,51100,65800,28500,63100
1103,0,224600,50500,61100,28500,21000
1104,0,193900,49800,62800,27700,4400
1105,0,178100,48600,63300,27200,10700
1106,0,173200,48800,67700,27200,3900
1107,0,192200,56400,64000,31400,4800
1108,0,180300,50100,61600,28800,4700
1109,0,187900,50400,67800,27800,4200
1110,0,188600,49800,68000,32100,4300
1111,0,187000,50100,63700,28100,4400
1112,0,186800,50000,62900,28100,4200
1113,0,183600,50000,63100,27700,4200
1114,0,206200,50200,64300,27800,4300
1115,0,180400,49600,67300,27800,4100
1116,0,212200,49600,67100,27900,4200
1117,0,174200,49600,63900,27500,3200
1118,0,204100,53800,62900,27700,4000
1119,0,192000,49600,68400,29100,4200
1120,0,176500,49600,62600,27900,4100
1121,0,186300,49500,67100,27700,4200
1122,0,178400,49400,62800,27600,4300
1123,0,185800,53900,62800,27500,4200
1124,0,187200,49500,62800,28100,4200
1125,0,196800,48900,63800,28200,4400
1126,0,212300,49500,67500,28000,4500
1127,0,180900,49400,62700,27900,3200
1128,0,181200,49700,62800,27900,4200
1129,0,187600,49500,67000,27800,4200
1130,0,186800,49600,66700,27900,3300
1131,0,227600,49500,67000,30200,4500
1132,0,192200,50300,63400,28500,4300
1133,0,185100,49300,63200,28000,4100
1134,0,224800,50300,68000,28300,4200
1135,0,208600,49700,67900,28500,4300
1136,0,201400,54000,70300,28500,4400
1137,0,211300,53300,75600,30100,5100
1138,0,286100,53600,71700,30200,5100
1139,0,215600,56500,64800,30100,5000
1140,0,193900,50600,69000,28300,4700
1141,0,178800,49300,63300,28100,4300
1142,0,172400,49100,58600,28100,4100
1143,0,180000,49400,69600,29200,3100
1144,0,185300,49900,68200,28000,4200
1145,0,185200,49400,67300,27800,4300
1146,0,220000,49800,63200,28100,4400
1147,0,184000,49500,67500,27900,4100
1148,0,173800,49200,62400,27600,4200
1149,0,179600,49600,63700,27800,4100
1150,0,238100,62500,70100,29900,4900
1151,0,197000,50600,64800,28500,4400
1152,0,196500,51000,64400,28300,4200
1153,0,203400,52400,65100,29400,5000
1154,0,197400,50400,68100,28400,4500
1155,0,194700,54600,63700,30500,3300
1156,0,196900,49500,59200,28700,4400
1157,0,194100,49100,64100,28000,3300
1158,0,224000,49700,68500,28300,4300
1159,0,201100,48000,63000,28200,4400
1160,0,193700,51800,63100,28000,4300
1161,0,225000,57300,63200,28100,4300
1162,0,320400,59100,62500,30100,98000
1163,0,251700,51400,61900,28800,63900
1164,0,198600,51400,64300,28500,21300
1165,0,259500,50500,68300,28300,4400
1166,0,228600,49800,59500,28600,4400
1167,0,173100,49500,64300,28900,4200
1168,0,171900,49300,63100,27600,4000
1169,0,185100,49600,67000,27800,4100
1170,0,186800,49300,59300,28100,4100
1171,0,188200,49900,63600,28100,4200
1172,0,179400,49400,58600,27900,4200
1173,0,189300,49800,68000,28100,4200
1174,0,210200,50100,67300,27900,4300
1175,0,181500,50200,67400,27500,4100
1176,0,215900,49800,64300,28200,3300
1177,0,179400,54900,63200,27900,3200
1178,0,202500,49700,63500,27800,4200
1179,0,191200,50300,68700,28600,4200
1180,0,171900,49700,63100,27700,4000
1181,0,177600,49700,63400,27700,4100
1182,0,177300,49300,62800,27800,4100
1183,0,181500,50400,62700,27600,4100
1184,0,179800,49500,62200,27600,4300
1185,0,196300,50300,67700,28000,4400
1186,0,208500,49400,63000,28000,4200
1187,0,180300,50200,58900,27900,4200
1188,0,177000,49500,67800,27800,4000
1189,0,182900,49500,66900,27600,4200
1190,0,183300,49600,63300,28000,4200
1191,0,236200,55600,75300,34000,4200
1192,0,196700,50100,64700,28900,4800
1193,0,187900,51100,62500,27900,4400
1194,0,187100,49600,67300,28000,4200
1195,0,182900,49500,67300,27900,4300
1196,0,220400,49300,65800,28200,4400
1197,0,204500,49600,67800,28100,4300
1198,0,233600,50100,67500,28100,4300
1199,0,187100,49300,64000,28000,4200
1200,0,177900,50000,62400,27600,4100
1201,0,181900,54200,63600,27700,4100
1202,0,172400,49900,61800,27500,4200
1203,0,178300,49600,68400,29400,4200
1204,0,175900,54000,62600,27600,3000
1205,0,190200,49600,67200,27800,4100
1206,0,205100,49200,63200,28100,4200
1207,0,180100,53900,62900,27600,3200
1208,0,175800,49100,62900,27800,4000
1209,0,180700,49600,62700,28100,4200
1210,0,216900,54000,63000,28100,4300
1211,0,183000,49500,63400,28000,4200
1212,0,189100,49300,68000,28500,4200
1213,0,183000,49400,62200,28000,3300
1214,0,184500,49700,62100,27800,4200
1215,0,193000,55100,61500,29400,4300
1216,0,218300,53200,66400,30100,4900
1217,0,223800,51800,70100,29800,4900
1218,0,220100,49300,59400,28500,4300
1219,0,193600,49300,63500,28200,3500
1220,0,182800,48300,62600,28000,4200
1221,0,217000,51000,63600,28100,4400
1222,0,221600,56900,66300,28200,4200
1223,0,234600,54000,62900,28400,57900
1224,0,238000,51300,63400,28600,63200
1225,0,198700,50200,67700,28500,20700
1226,0,181600,49800,62000,27400,4300
1227,0,213900,49300,65700,29400,4300
1228,0,199000,49500,63400,27900,4200
1229,0,187200,49400,66500,28000,4200
1230,0,183500,49600,63000,27900,3400
1231,0,198600,49900,66600,28300,4300
1232,0,184700,49700,62900,28100,4300
1233,0,195700,52100,69700,28000,4300
1234,0,240900,52300,66600,29600,5000
1235,0,188000,50000,67500,28500,4400
1236,0,218000,49700,67200,28200,4400
1237,0,178300,49900,63300,27600,4200
1238,0,209900,50000,62600,27800,4300
1239,0,190900,49600,67300,29100,4300
1240,0,179400,49300,66500,27800,4200
1241,0,181000,49400,61800,27800,4300
1242,0,183300,49500,66800,27700,4400
1243,0,180400,49400,62500,27900,4300
1244,0,198000,53700,63000,28400,4400
1245,0,199000,49900,66400,28100,4300
1246,0,216700,49800,67000,28400,4300
1247,0,185000,50000,62400,28000,4200
1248,0,180700,49300,62000,27900,4300
1249,0,195100,50300,66700,28100,4200
1250,0,224700,49700,66500,28200,4300
1251,0,254500,49900,67700,31400,4400
1252,0,186200,49200,62600,27900,4000
1253,0,190300,49700,66600,28200,4200
1254,0,185300,49800,66700,27800,4200
1255,0,186200,49600,62300,28000,4300
1256,0,186200,49700,66600,28100,4100
1257,0,179900,49600,66200,27700,4300
1258,0,266400,50000,62100,28600,4300
1259,0,210400,49500,62100,27900,4400
1260,0,175500,49900,62900,27900,4200
1261,0,174000,49200,62100,27600,4300
1262,0,176800,49900,66400,27900,4100
1263,0,177500,49300,67300,28600,4200
1264,0,171900,49300,62100,27900,4200
1265,0,179900,49500,66200,27700,4000
1266,0,208700,53800,62800,27900,4200
1267,0,175200,48800,61800,27700,4100
1268,0,172000,49500,62600,27500,4100
1269,0,175000,49200,62700,27500,4100
1270,0,201800,49500,66600,28000,4100
1271,0,175400,49700,62300,27700,4200
1272,0,179900,49300,66700,27800,4200
1273,0,178600,49700,66200,27800,4200
1274,0,176600,49300,61700,27600,4300
1275,0,184900,49300,67600,29200,4200
1276,0,184800,48700,58900,28200,4300
1277,0,184600,49600,62900,28200,4300
1278,0,220400,55500,63300,28300,4300
1279,0,195600,49500,62100,28000,4200
1280,0,186200,49600,62700,28200,4300
1281,0,202000,48000,62500,27800,4200
1282,0,202200,50700,62800,28000,4300
1283,0,182600,56300,65400,27600,4200
1284,0,234000,54100,63200,29100,57300
1285,0,233000,50800,62900,28300,62400
1286,0,197400,50800,67700,28600,21100
1287,0,180700,50000,67200,28700,4200
1288,0,172900,49300,62000,27700,4200
1289,0,217800,50400,62500,28100,4200
1290,0,206100,49300,63000,28200,4300
1291,0,189200,49900,66800,27800,4300
1292,0,181800,49400,62600,28400,4200
1293,0,207400,50200,76500,28200,4200
1294,0,250200,52800,65400,29900,3900
1295,0,192900,50100,67100,28200,4300
1296,0,229800,53700,63200,28600,4200
1297,0,187100,50300,66500,28100,4200
1298,0,207000,49400,62700,27700,4200
1299,0,191200,49900,66600,30600,4100
1300,0,172300,49000,62600,27900,4100
1301,0,181900,50100,67200,27900,4200
1302,0,175000,49100,62400,27700,4200
1303,0,174100,49900,62400,27700,4100
1304,0,183100,49500,66600,28000,4100
1305,0,182600,49600,62200,28000,4300
1306,0,227800,49700,67200,28000,4100
1307,0,183100,49300,62600,27900,4200
1308,0,184900,49400,66700,28300,4200
1309,0,183600,49400,61600,27900,4300
1310,0,192000,49500,67100,28300,4400
1311,0,223000,49400,63400,29300,4300
1312,0,189000,49500,67500,28800,4300
1313,0,189000,49900,67600,28100,3200
1314,0,188500,49400,67000,28000,4300
1315,0,186500,49300,66100,27600,4100
1316,0,190500,49400,67200,28400,4300
1317,0,182500,53700,62200,27600,4300
1318,0,236100,50500,64400,32100,4300
1319,0,197400,50200,67200,28000,4200
1320,0,220400,49500,67100,28300,4300
1321,0,204900,49700,63500,28400,4300
1322,0,175900,49400,62900,28100,4100
1323,0,179900,53700,63400,28800,4200
1324,0,178700,49400,66500,27900,4200
1325,0,182800,49300,66400,28100,4200
1326,0,215800,49600,67000,28100,4300
1327,0,189100,49200,67000,28000,4200
1328,0,177900,49400,62700,28000,4300
1329,0,185600,49400,66300,27900,4100
1330,0,211700,50100,67500,28000,4200
1331,0,183700,49300,66000,27700,4200
1332,0,177900,48900,61600,27800,4100
1333,0,179800,49400,66200,27800,4200
1334,0,180500,49800,62400,27800,4100
1335,0,224200,49400,67900,29300,4200
1336,0,221900,49500,63400,28600,4500
1337,0,182100,49500,62200,28000,4200
1338,0,214000,49300,62700,28000,4500
1339,0,200300,49400,66500,28000,4300
1340,0,183200,49100,62800,28100,4200
1341,0,217300,49200,62600,27900,4300
1342,0,208000,48000,62500,28300,4500
1343,0,170300,50400,62800,27200,4100
1344,0,180100,56400,64800,28000,4200
1345,0,231500,54500,62400,28200,57700
1346,0,235100,51000,62800,28500,63000
1347,0,191500,50200,63200,30500,20800
1348,0,173700,49400,62200,27900,4100
1349,0,186100,49300,66900,27900,4300
1350,0,183000,49200,62100,27700,4200
1351,0,221700,49200,62200,28300,4400
1352,0,206000,49400,62000,28100,4400
1353,0,182500,49800,62100,27900,4400
1354,0,205000,49500,67100,28100,4300
1355,0,178100,49400,66500,27800,3200
1356,0,203500,49300,58900,28500,4400
1357,0,171800,49100,62800,27500,3200
1358,0,203900,48900,66500,27900,4200
1359,0,184300,49300,63200,28600,4100
1360,0,169600,48600,62800,27400,4000
1361,0,179400,50900,67900,27700,4000
1362,0,171200,49500,62500,27700,4200
1363,0,175400,49100,66400,27800,4100
1364,0,177000,49200,66500,27800,4200
1365,0,175900,49100,62100,27800,4300
1366,0,199400,49500,66500,28000,4300
1367,0,183600,49100,72800,37400,4200
1368,0,176900,49300,62900,27900,3200
1369,0,184200,49400,66700,27800,4100
1370,0,184400,49700,63300,28000,4100
1371,0,216000,50200,66600,30400,4200
1372,0,188500,50200,63400,28200,4100
1373,0,190300,49800,63400,28000,4200
1374,0,201900,52800,80100,42800,4200
1375,0,186600,50700,67200,27700,4200
1376,0,183400,49800,63500,28000,4200
1377,0,184000,49700,67400,27800,4300
1378,0,227000,49500,63000,28100,4200
1379,0,207600,50100,67400,28100,3400
1380,0,192300,50300,67100,28100,4200
1381,0,189000,50500,66600,27900,4300
1382,0,221000,49900,63500,28300,4400
1383,0,201700,50200,59900,29300,4300
1384,0,181900,50000,67400,27700,4100
1385,0,185300,54400,63600,27800,4100
1386,0,212100,49900,67100,27800,4300
1387,0,187500,49800,67700,27600,4200
1388,0,178800,49700,67400,27500,4100
1389,0,179500,49800,63000,27900,4200
1390,0,202500,49900,63100,27800,4500
1391,0,178200,49300,63300,27900,4200
1392,0,182100,54000,63300,27900,3300
1393,0,186900,53500,63000,27700,3300
1394,0,180100,49900,63300,27900,4200
1395,0,180300,49400,63800,31000,4400
1396,0,184800,50000,63600,28200,4300
1397,0,180400,50100,63200,28100,3300
1398,0,212000,50300,63600,28200,4200
1399,0,202600,50300,67900,27900,4200
1400,0,188500,49700,63700,28100,4100
1401,0,220100,50100,67600,28400,4300
1402,0,211100,49900,67500,28100,4400
1403,0,181600,48200,67000,27600,4200
1404,0,186900,52800,64400,28000,4200
1405,0,183200,57800,65000,27800,4300
1406,0,234300,54800,63300,28600,56300
1407,0,243000,56500,64700,29700,62200
1408,0,204000,55700,63900,28600,21000
1409,0,188500,54300,63500,28000,3400
1410,0,184500,49600,59000,28100,4300
1411,0,201000,50300,68000,28300,4300
1412,0,198200,49900,68000,28400,4400
1413,0,228600,49700,64200,28300,4400
1414,0,235100,50500,63600,28400,4200
1415,0,189700,49800,63200,27900,4200
1416,0,211900,50100,62800,28000,4200
1417,0,184900,49800,67300,28000,4200
1418,0,219800,54300,63400,28100,3600
1419,0,191800,49900,64100,29100,4300
1420,0,212700,49900,63800,28200,3400
1421,0,216600,50500,68200,28400,4300
1422,0,174100,50100,63200,27400,4300
1423,0,177800,50000,67100,27600,4100
1424,0,179700,49300,67900,27900,4200
1425,0,179300,50200,63300,28000,4300
1426,0,210200,53800,63500,28100,4200
1427,0,176900,53900,63400,27900,3100
1428,0,173200,49500,63200,27700,4000
1429,0,180900,49500,67400,27500,4300
1430,0,192100,54600,63900,28000,3300
1431,0,220600,50300,68100,29100,4100
1432,0,195300,50100,67900,28000,4200
1433,0,191200,50300,67400,28100,4200
1434,0,188700,49900,67600,27700,4200
1435,0,182800,49500,59400,28000,4400
1436,0,178800,50000,63200,27800,4200
1437,0,182300,49900,67600,27600,4300
1438,0,230300,50600,63400,28200,4200
1439,0,197500,54100,63800,28200,4200
1440,0,186600,53700,64100,27600,3100
1441,0,185100,50400,67600,28000,4300
1442,0,178900,49600,63000,28000,4100
1443,0,180800,50400,67100,30600,4100
1444,0,216900,50100,67400,28100,4200
1445,0,200400,49800,60100,27900,4400
1446,0,212800,51200,69000,28100,4100
1447,0,182700,50600,65900,31800,4200
1448,0,181700,53700,63300,27500,3200
1449,0,181600,54100,63700,28000,3100
1450,0,203800,54100,63500,28000,4400
1451,0,185500,52800,69200,28000,4100
1452,0,204200,54300,67600,29400,4600
1453,0,241300,85000,74400,30100,4700
1454,0,204100,57000,64600,29800,4200
1455,0,190900,50300,68400,29400,4300
1456,0,184000,49000,63300,28400,4400
1457,0,182000,53600,61600,28400,3200
1458,0,214000,53500,63600,28200,4200
1459,0,195400,49700,67100,27900,4100
1460,0,180400,53800,62600,27500,3100
1461,0,220400,50000,66800,28300,4500
1462,0,204700,49200,58700,28400,4300
1463,0,176100,48900,63400,27800,3200
1464,0,186100,52100,63400,28100,3400
1465,0,188100,50400,66100,27900,4200
1466,0,193800,56400,63100,27900,4200
1467,0,241000,54800,67800,29500,57900
1468,0,243600,56300,63500,28800,62100
1469,0,208100,55300,63000,28400,19700
1470,0,195000,49800,67000,28100,4400
1471,0,196000,53900,63100,28200,4400
1472,0,195800,49900,66800,28100,4300
1473,0,189700,49700,62900,28300,4300
1474,0,214200,50100,66700,28100,4200
1475,0,217900,49900,63100,28300,4300
1476,0,241200,49700,67700,28300,4300
1477,0,178700,49400,62600,27900,4200
1478,0,207900,53300,62800,28000,4200
1479,0,192200,49400,68100,29100,4100
1480,0,172900,49300,62600,27500,4300
1481,0,177200,49700,63100,28000,4000
1482,0,173400,49400,62600,27900,4100
1483,0,174200,49000,62900,27900,4100
1484,0,180100,49000,66800,27700,4200
1485,0,180400,49500,62700,28000,4200
1486,0,207300,49800,67000,28100,4400
1487,0,177500,49500,66400,27800,4100
1488,0,180400,50100,68100,28100,4300
1489,0,177400,49300,63400,27900,4400
1490,0,179500,49800,62700,27900,4200
1491,0,217400,49200,68400,33200,4200
1492,0,188100,50000,63200,28300,4400
1493,0,189600,51100,58400,28100,7800
1494,0,190200,54500,63800,28000,3200
1495,0,188800,49500,66800,28200,4200
1496,0,198200,49900,66700,28100,4400
1497,0,203000,49900,66600,28000,4500
1498,0,234800,49800,67100,28300,4500
1499,0,199100,49700,66900,28200,4200
1500,0,184000,49300,62800,28100,3200
1501,0,188800,49600,66500,27900,4300
1502,0,180500,49400,62100,28000,4200
1503,0,184000,49300,67800,29000,4200
1504,0,182200,49200,63000,28100,4300
1505,0,222100,49800,62200,28200,4300
1506,0,282700,49600,67200,28600,4500
1507,0,203200,49400,62600,27900,4400
1508,0,171400,49100,62000,27500,4200
1509,0,180300,49500,67100,28000,4200
1510,0,199500,49100,62100,28000,4400
1511,0,183400,49400,70300,27600,4300
1512,0,173300,48900,62200,27400,4100
1513,0,178000,53900,63000,27700,3100
1514,0,174300,49000,62000,27900,4100
1515,0,176800,49300,63300,29100,4100
1516,0,179900,49100,62800,27900,4200
1517,0,180100,49400,66200,27800,4200
1518,0,206200,49600,62300,28200,4300
1519,0,188700,49700,62200,28000,4400
1520,0,180400,49300,62100,27700,4200
1521,0,204400,49800,62700,28200,4200
1522,0,201100,49000,65200,30400,4100
1523,0,183000,49600,71800,29900,4200
1524,0,175600,49600,62300,28000,4200
1525,0,172900,47600,61800,27700,4100
1526,0,189400,50700,65300,27500,9700
1527,0,185600,56100,65700,28700,4200
1528,0,248600,54700,68400,28700,56100
1529,0,305000,54800,69600,36500,98800
1530,0,211900,51400,67500,28500,21000
1531,0,191800,49800,63500,28300,4400
1532,0,194100,49600,66900,28300,4200
1533,0,186700,49300,63300,28200,4400
1534,0,214200,49800,67500,28400,4400
1535,0,184900,50800,66300,27900,4100
1536,0,210500,49500,62500,28200,4300
1537,0,213300,48800,63200,28400,4200
1538,0,231500,49500,67500,28200,4300
1539,0,207500,49400,84500,75900,4300
1540,0,172800,49700,62700,27900,4300
1541,0,185600,50700,64000,31500,4100
1542,0,175500,49100,66600,27900,4200
1543,0,170500,49300,62500,27700,3100
1544,0,175400,49600,63900,27700,4100
1545,0,181900,49400,66800,27800,4200
1546,0,205500,49300,67000,27900,4400
1547,0,176500,49200,66500,27800,4200
1548,0,177100,49600,66200,27500,4300
1549,0,185300,50000,67400,28000,4200
1550,0,189400,49300,66600,28000,4300
1551,0,214800,49500,61600,29300,4400
1552,0,194800,49700,69400,32800,4300
1553,0,190500,49800,66900,28200,4400
1554,0,191100,49300,62100,27900,4200
1555,0,189500,49900,66700,27700,4200
1556,0,190600,50000,66100,28000,4500
1557,0,184400,49300,62200,28300,4100
1558,0,233400,49500,62800,28000,4300
1559,0,203100,49400,67000,28200,4200
1560,0,179000,49400,62100,27900,4300
1561,0,183700,49600,66200,27900,4300
1562,0,180800,49700,62600,27900,4100
1563,0,181800,49200,64800,29100,4100
1564,0,182800,53800,62900,27800,4200
1565,0,187800,49700,66900,27900,4200
1566,0,214500,49400,66500,28200,4300
1567,0,186700,49700,66300,28200,4200
1568,0,220200,49300,62600,28300,4400
1569,0,207300,49800,66600,28300,4400
1570,0,202400,49300,62300,28000,4400
1571,0,178700,49600,61900,28000,4400
1572,0,174900,49100,61600,27700,4100
1573,0,181700,49200,67000,27800,4200
1574,0,182100,51100,63200,28000,4200
1575,0,179300,49300,63200,29100,4300
1576,0,188700,49200,67100,27900,4300
1577,0,183600,49300,66700,28100,4400
1578,0,212600,50100,66200,28100,4300
1579,0,194600,49700,66900,28100,3300
1580,0,186500,49700,66200,27700,4300
1581,0,216800,49500,67500,28500,4400
1582,0,209400,49500,66700,28400,4400
1583,0,178200,49600,66000,27500,4200
1584,0,175700,49400,62000,27900,4200
1585,0,180200,49200,62100,27800,4200
1586,0,182600,47900,66400,28000,4100
1587,0,187700,50500,68300,29200,4300
1588,0,186600,56300,65300,28100,3100
1589,0,260300,54600,67000,28700,65300
1590,0,292300,51100,61000,28800,62600
1591,0,243700,50800,67700,28700,21000
1592,0,194400,49700,62700,28100,4400
1593,0,187100,49300,62300,28200,4200
1594,0,207500,49400,62300,28200,4400
1595,0,179700,49700,62400,27600,4400
1596,0,211800,49500,63000,28300,4200
1597,0,179200,49600,62600,27600,4300
1598,0,203800,49000,62700,28100,4200
1599,0,221800,49400,61500,29300,4400
1600,0,209300,49600,62500,28200,3900
1601,0,177900,49800,66000,27500,4100
1602,0,174700,49100,66500,27400,4100
1603,0,177000,49300,67100,27900,4100
1604,0,182600,49200,66200,27700,4100
1605,0,193300,53800,74200,27800,3100
1606,0,233000,55100,71300,29600,4300
1607,0,186000,52800,64500,28400,4300
1608,0,174300,50600,62500,27700,4100
1609,0,177700,51800,62600,27900,3200
1610,0,185600,49700,67800,27800,4200
1611,0,243100,53600,69200,32300,5000
1612,0,193900,50300,63300,28200,4300
1613,0,185900,49500,66800,28000,4400
1614,0,177600,49800,62900,27900,4300
1615,0,178700,50600,63200,28000,4100
1616,0,205800,54800,75000,38300,4400
1617,0,186000,49800,59500,28300,4600
1618,0,240500,51000,64800,28700,4300
1619,0,220200,52100,70700,29700,4900
1620,0,193800,50500,68000,28300,4300
1621,0,187100,49100,63400,28200,4400
1622,0,173100,49100,62200,27700,4100
1623,0,180800,49500,68100,29000,4100
1624,0,179500,49400,62900,27700,3300
1625,0,187700,49500,66400,28000,4200
1626,0,209800,49300,62300,27900,4200
1627,0,188600,49500,68000,28000,4300
1628,0,179800,53600,63000,27900,3300
1629,0,183900,49100,67200,27700,4200
1630,0,244400,50900,66700,28200,3400
1631,0,203900,49500,67000,28000,3200
1632,0,175300,49400,62500,27800,4200
1633,0,180900,49500,66800,27800,4200
1634,0,182700,49500,62700,27900,4300
1635,0,191800,49700,67800,29600,4300
1636,0,196500,50000,63300,28000,4400
1637,0,186800,49200,63500,28200,4100
1638,0,238400,52700,67000,30100,5000
1639,0,202400,50100,67200,28500,4300
1640,0,183700,49400,67200,28200,4400
1641,0,217500,53900,62600,28100,3800
1642,0,201500,49400,59300,28100,4300
1643,0,168900,49300,61700,27600,4200
1644,0,169700,49700,62000,27500,4200
1645,0,178100,49300,62400,27400,4100
1646,0,178000,49300,67000,27900,4200
1647,0,175700,47800,60900,28900,4300
1648,0,183900,50400,65300,27600,4200
1649,0,197600,56300,64900,28100,4200
1650,0,254300,59000,62900,28800,57600
1651,0,261500,50800,68000,28700,63300
1652,0,214300,50600,62700,28600,21000
1653,0,190200,50000,67200,28100,4300
1654,0,208800,49600,62500,28200,4200
1655,0,181800,49500,62300,27900,4300
1656,0,220400,49400,63000,28400,4200
1657,0,180000,49500,63000,27900,4300
1658,0,216400,49200,63600,28500,4400
1659,0,221700,52700,68200,31200,4800
1660,0,181900,49800,64000,28100,4300
1661,0,227200,49900,63700,28300,4200
1662,0,205200,54000,63200,28100,4400
1663,0,181000,49600,66800,27600,4200
1664,0,182500,50600,66800,27700,4400
1665,0,185600,49700,66300,27900,4200
1666,0,205500,49300,59100,28400,4400
1667,0,179300,50700,59000,27900,4200
1668,0,176700,48500,62500,28000,4200
1669,0,185500,50100,66600,27900,4200
1670,0,192500,50800,67300,28100,4300
1671,0,215900,50300,65900,29600,3300
1672,0,185700,49400,62700,27900,4200
1673,0,181800,49200,62600,27900,4200
1674,0,188700,49400,69700,28000,4200
1675,0,228600,49900,66900,28300,4300
1676,0,217800,49800,66500,28400,4300
1677,0,180400,49600,66900,27900,4300
1678,0,236800,49700,66800,28200,4300
1679,0,192300,49500,62500,28100,4300
1680,0,185000,49300,66400,27900,4200
1681,0,181300,49300,62300,27900,4200
1682,0,179100,49000,63000,27900,4300
1683,0,182100,49200,61600,29400,4400
1684,0,172400,49200,62300,27700,4100
1685,0,191200,52100,67500,28200,4000
1686,0,283400,57800,71900,30000,4400
1687,0,233000,60200,80200,30000,5100
1688,0,207700,53300,70100,29900,5000
1689,0,219700,56400,69400,29900,5000
1690,0,234500,53100,67600,30100,4900
1691,0,188600,49900,67600,28400,4200
1692,0,211600,49200,58600,28400,4400
1693,0,203000,50100,63700,28300,4200
1694,0,191900,50900,66200,27700,4200
1695,0,184500,49900,67900,29200,4200
1696,0,187400,49800,67200,28100,4300
1697,0,179600,49300,63500,27700,4300
1698,0,212600,49600,67300,28200,3900
1699,0,190200,49400,62600,28100,4400
1700,0,197900,52100,69000,29400,4800
1701,0,242600,57100,64100,30200,5100
1702,0,230500,53900,66600,30400,4900
1703,0,184500,51100,68200,28400,4700
1704,0,180900,50000,65900,27400,4200
1705,0,172800,49300,66500,27600,4100
1706,0,180200,49100,68000,27600,4200
1707,0,169800,49200,63800,28700,4000
1708,0,175000,47700,66600,27400,4000
1709,0,189300,51900,63900,27900,4200
1710,0,200000,56700,65700,28400,4300
1711,0,251600,53800,63300,28600,58000
1712,0,254700,52700,64700,28800,62500
1713,0,211200,50500,63800,28700,21000
1714,0,217500,49300,68400,28400,4100
1715,0,186100,52500,63900,28200,4300
1716,0,216300,49400,67300,28300,4100
1717,0,181400,49400,66500,27800,3100
1718,0,219500,53500,71000,28400,3200
1719,0,195200,50000,61500,29300,4200
1720,0,190200,49500,66600,27800,4100
1721,0,186900,49600,62800,28100,4300
1722,0,182300,49600,63000,28200,4200
1723,0,220800,49500,67200,28300,4100
1724,0,198100,49200,58200,28000,4400
1725,0,182200,49300,63100,28000,4200
1726,0,203400,49100,62700,28300,4200
1727,0,181400,53800,63100,27900,4200
1728,0,176600,53700,61400,28100,4100
1729,0,181000,49400,66300,27500,4200
1730,0,183500,49600,66100,27600,4000
1731,0,217500,53700,62900,30300,4200
1732,0,189200,49700,66600,27800,4300
1733,0,177500,49200,58200,27900,4300
1734,0,183400,49600,66500,27900,4100
1735,0,188900,49800,66400,27800,4300
1736,0,179900,49400,62100,28100,4200
1737,0,180900,54100,63300,27800,4300
1738,0,231300,49600,66800,28300,4300
1739,0,194200,53500,63400,27900,4400
1740,0,177600,49100,58900,28100,4300
1741,0,186600,49600,63700,28200,4300
1742,0,189600,51200,70000,32000,4200
1743,0,198100,51600,63400,30900,4800
1744,0,195000,54800,64200,28800,4400
1745,0,197100,49800,67100,28200,4200
1746,0,210800,49900,63000,28300,4200
1747,0,186400,49500,66800,27900,4200
1748,0,176800,50300,58600,27800,4300
1749,0,188200,49800,67200,28100,3200
1750,0,222100,49300,77100,40200,4300
1751,0,196400,52100,67500,28100,4100
1752,0,195800,50000,67000,28100,4300
1753,0,184600,49300,63300,28400,4400
1754,0,226800,49400,67200,28300,4300
1755,0,214700,49600,66100,29600,4300
1756,0,194000,54200,63000,28200,4500
1757,0,188000,53800,63100,28300,4300
1758,0,216100,49700,67400,28300,4200
1759,0,200500,49400,67700,28300,4300
1760,0,226300,51600,70500,28100,3200
1761,0,262100,49600,63400,28800,4500
1762,0,200400,49300,62200,28000,4200
1763,0,178400,49600,65700,27200,4100
1764,0,168100,49100,62600,27200,4000
1765,0,173000,53500,62500,27600,4100
1766,0,171900,49000,66100,27200,4200
1767,0,169000,49000,63200,29000,4200
1768,0,169500,49200,62400,27500,4200
1769,0,180700,48200,66500,27800,4100
1770,0,184200,50200,63300,27800,4100
1771,0,199600,56700,65400,28300,4300
1772,0,254100,61700,63000,28900,56700
1773,0,256100,51400,67700,28500,63100
1774,0,225300,50500,63200,28400,21000
1775,0,182800,49700,62600,28400,4300
1776,0,223400,49500,62700,28200,4200
1777,0,173700,49000,62200,28000,4200
1778,0,208100,49400,67200,28000,4200
1779,0,188100,49300,61700,29600,4200
1780,0,175000,48800,62600,27700,4200
1781,0,177000,49900,62100,28300,4100
1782,0,179800,53500,63100,27700,4100
1783,0,180900,49100,66900,27600,4200
1784,0,181200,50400,64000,27700,4400
1785,0,257500,52600,69500,29900,4900
1786,0,250600,55900,63900,28700,4500
1787,0,180700,53700,64500,28200,4200
1788,0,169500,49400,58300,27800,4100
1789,0,175100,48900,63200,28000,4100
1790,0,184200,49500,66600,27800,4200
1791,0,216800,49400,63600,29500,4200
1792,0,180600,49200,63200,27800,3400
1793,0,176900,49000,58300,28100,4100
1794,0,178100,49300,62600,27900,4100
1795,0,180200,53600,63400,27900,4200
1796,0,177800,48900,62800,27600,4200
1797,0,177900,49100,67100,27800,4200
1798,0,230900,53200,63100,28100,4500
1799,0,185500,49300,62200,28000,4100
1800,0,171800,49600,62000,27500,3100
1801,0,175500,49600,62400,28200,4300
1802,0,181000,53500,61200,28000,4100
1803,0,186100,49700,67500,29200,4200
1804,0,184000,49100,62100,27800,4300
1805,0,192500,49700,62900,28400,4100
1806,0,228000,49800,66800,28200,4300
1807,0,195400,49700,63000,28700,4300
1808,0,179900,53500,62500,27800,3300
1809,0,177200,49200,58300,28000,4400
1810,0,209900,53600,63200,28500,3200
1811,0,183500,49600,62300,28000,4500
1812,0,179100,49100,58500,28000,4200
1813,0,188600,49300,66600,27800,4200
1814,0,187700,49300,66700,28000,4400
1815,0,183200,49500,63300,29100,4200
1816,0,233400,49500,63100,28700,4400
1817,0,206400,49300,62900,28600,4200
1818,0,206400,49100,58400,28100,4300
1819,0,191400,49400,62400,28100,4300
1820,0,177800,49400,63100,28200,4200
1821,0,213000,53800,63400,27900,4300
1822,0,206900,49700,67200,28100,4300
1823,0,170800,49000,62500,27400,4300
1824,0,169700,48900,62300,28000,4100
1825,0,169400,49000,61900,27600,4000
1826,0,176400,49600,66500,27900,4100
1827,0,167300,49000,60500,28500,4100
1828,0,177800,50600,66800,27700,4300
1829,0,178000,49000,62100,27700,4200
1830,0,187300,47900,66800,27900,4200
1831,0,193500,50800,65700,28100,4400
1832,0,189900,56800,60400,28300,4200
1833,0,250000,54500,64700,30300,58200
1834,0,269100,51400,63700,29000,63400
1835,0,202800,50600,63500,28400,20900
1836,0,223800,53500,63500,28500,4400
1837,0,192700,53500,63000,27800,4200
1838,0,220800,49700,67400,28500,4500
1839,0,188000,50100,59100,29300,4300
1840,0,179600,49300,62600,28400,4200
1841,0,201200,51900,77300,32400,4300
1842,0,195400,51600,68100,28000,4200
1843,0,189000,49500,66000,27600,4200
1844,0,183500,49600,62800,28100,4200
1845,0,225200,49200,63200,28100,4300
1846,0,243600,50400,67400,28400,4200
1847,0,212200,49800,62400,28000,4200
1848,0,199900,50000,62900,28200,4200
1849,0,178500,53700,62600,27700,3200
1850,0,180800,53700,62600,28100,3300
1851,0,212900,49600,66500,30400,4200
1852,0,186300,53800,63300,28100,4200
1853,0,178700,49200,62900,28000,4200
1854,0,175900,49100,62600,27900,4100
1855,0,171100,49400,58800,27900,4300
1856,0,176600,49500,62700,28000,4100
1857,0,179500,49200,62400,27600,4000
1858,0,235400,49700,67100,28200,4300
1859,0,184300,49300,61900,27800,4200
1860,0,176500,49300,66300,27500,4300
1861,0,177100,49500,66200,27600,4200
1862,0,172700,49900,62500,27900,4200
1863,0,175100,49200,63400,28900,4100
1864,0,178200,49600,62500,27900,3200
1865,0,182600,49700,62200,27700,4100
1866,0,212900,49800,66800,28100,4400
1867,0,188900,54000,63200,27700,4200
1868,0,181800,49200,66200,27800,4300
1869,0,189000,49600,66500,28000,4400
1870,0,202400,49400,67700,28100,4300
1871,0,181500,49500,66800,27700,4200
1872,0,182100,49400,66400,27700,4200
1873,0,179300,49100,62200,27700,4300
1874,0,179100,49100,62900,28200,4200
1875,0,185200,53400,63800,29300,4400
1876,0,181000,49500,58400,28300,4300
1877,0,179700,49300,62900,27800,4300
1878,0,244700,50000,62900,28800,4200
1879,0,212000,49700,59000,28400,4400
1880,0,184400,49700,62800,28100,4100
1881,0,208800,53300,63600,27800,4400
1882,0,202900,53200,63000,28000,4300
1883,0,171100,48900,66700,27200,3100
1884,0,167300,49100,61800,27600,4000
1885,0,172100,49200,66600,27200,4100
1886,0,168400,48900,62700,27500,4200
1887,0,168900,49200,63200,28500,4000
1888,0,174700,52900,63100,27500,4000
1889,0,180600,49200,62600,27800,4300
1890,0,191100,49700,66300,28000,4400
1891,0,186900,47800,62800,28000,4200
1892,0,190200,50700,63400,27700,4400
1893,0,200800,61100,65500,28000,4300
1894,0,262800,54100,66900,28400,56800
1895,0,246000,51000,67800,28800,62000
1896,0,236900,51000,67400,28300,20900
1897,0,190500,49600,67200,28000,4600
1898,0,215900,53700,63000,28300,4400
1899,0,198400,50000,67300,29200,4300
1900,0,182600,49300,63200,28300,4200
1901,0,175200,49000,62800,27500,4100
1902,0,177500,49300,62800,28100,4100
1903,0,188800,49300,73600,38500,4100
1904,0,186900,49400,67100,28100,4500
1905,0,187000,49600,67000,28100,4400
1906,0,203400,49100,62600,28400,4400
1907,0,178900,49200,62400,27900,4100
1908,0,180500,54000,62600,28200,3200
1909,0,215100,49500,63100,28400,4300
1910,0,207500,49700,66700,28100,4200
1911,0,227700,49500,74300,45100,3200
1912,0,188500,49700,67200,27900,4500
1913,0,186300,53800,63900,28100,4200
1914,0,176600,49300,58400,28000,4300
1915,0,181600,49100,67200,27800,4100
1916,0,181700,49800,62900,28100,4300
1917,0,179100,49300,66900,27800,4300
1918,0,231000,50200,66800,28000,4200
1919,0,186900,49000,62600,27700,4200
1920,0,184600,54900,66500,34000,4200
1921,0,206700,53900,68300,29900,5000
1922,0,206800,59600,65400,30200,4300
1923,0,195400,50300,67300,29900,3700
1924,0,184600,49700,63500,28500,4400
1925,0,190500,50300,62700,28200,4200
1926,0,221100,49800,66700,28100,4200
1927,0,195000,49700,66800,28300,4200
1928,0,177800,49600,58400,27900,4300
1929,0,189900,49800,62900,28200,4300
1930,0,251000,49500,62900,28800,4400
1931,0,227300,49700,67400,28300,4400
1932,0,179700,49300,66600,27500,4300
1933,0,185300,50000,62300,28000,4100
1934,0,180900,49400,62200,28100,4100
1935,0,189900,50200,67800,29300,4200
1936,0,186500,49400,62700,28400,4300
1937,0,187900,49800,67200,28100,4200
1938,0,213400,49500,63100,28600,4200
1939,0,204400,49700,66500,27900,4200
1940,0,220300,49700,66800,28200,4300
1941,0,237400,49600,67300,28300,4400
1942,0,205400,49500,66800,28100,4300
1943,0,168500,49300,62400,27400,4100
1944,0,171100,49300,62200,27500,4000
1945,0,173800,53900,62600,27500,4000
1946,0,172300,49200,66600,27200,4000
1947,0,168400,49100,62700,28700,4000
1948,0,173900,49000,66800,27400,4200
1949,0,177600,49400,62500,27700,4200
1950,0,181300,49300,63100,28200,4300
1951,0,188500,53700,63100,28000,4200
1952,0,180700,47800,62800,28100,4300
1953,0,184200,50500,63500,27900,4200
1954,0,206900,56400,65900,28400,4500
1955,0,241600,55600,68600,28600,57800
1956,0,277400,51600,64100,29000,63200
1957,0,203100,50400,67700,28500,21000
1958,0,225000,50800,72400,32300,4400
1959,0,190000,49200,61400,29600,4200
1960,0,181800,49500,67100,27800,4300
1961,0,176200,49000,59100,27900,4100
1962,0,186500,49700,67300,28100,4200
1963,0,172400,49500,62400,27400,4200
1964,0,176300,49100,62700,28200,4100
1965,0,185600,49800,66600,27900,4100
1966,0,203000,49000,63500,28300,3300
1967,0,181000,49200,67100,27600,4100
1968,0,176600,49100,63000,27900,4300
1969,0,183800,49100,66900,28100,4200
1970,0,180400,49300,62400,27900,4300
1971,0,269000,49400,85300,51900,4200
1972,0,206400,50100,62500,28200,4300
1973,0,180100,49500,61900,27900,4200
1974,0,186200,49100,66900,27800,4300
1975,0,188900,49700,67100,27700,4300
1976,0,197500,49400,67200,28200,3600
1977,0,186100,49800,66900,27800,4400
1978,0,241600,54200,63400,28400,4400
1979,0,197600,49800,71500,27900,4200
1980,0,172000,49100,58800,27900,4200
1981,0,176200,49300,62900,27900,4100
1982,0,180800,49400,67200,27900,4200
1983,0,185000,54200,63500,29200,4200
1984,0,179200,49800,66300,27900,4200
1985,0,182500,53700,62700,27800,4300
1986,0,205400,49400,62300,28500,4300
1987,0,186600,49600,66600,27700,4200
1988,0,183200,49500,67000,27700,4400
1989,0,184600,49500,62700,27800,4300
1990,0,209600,49700,66800,27900,4400
1991,0,183900,49600,62500,28000,4100
1992,0,187600,49500,66200,27800,4300
1993,0,191300,49400,66500,28000,4400
1994,0,178400,49300,62700,28000,4300
1995,0,180500,49500,61000,29200,4300
1996,0,193900,49500,66600,28000,4500
1997,0,189000,50000,67000,28100,4300
1998,0,218100,50900,67700,28300,4400
1999,0,204000,48800,59700,28400,4300
2000,0,191900,49700,65500,28500,4300
2001,0,250600,52900,69400,29300,4600
2002,0,245100,50000,66800,28700,4500
2003,0,196700,49300,62800,28000,4300
2004,0,176400,54100,63400,28000,3200
2005,0,179200,49100,70900,35100,4100
2006,0,180600,49800,66500,27900,4100
2007,0,178200,49000,63400,28700,4100
2008,0,182900,49600,62200,27800,3200
2009,0,188000,53800,62600,28000,3400
2010,0,190700,49900,63000,28100,4300
2011,0,195000,53800,62600,28000,4400
2012,0,192300,50100,66900,28000,4300
2013,0,188500,52900,62600,28200,4200
2014,0,209600,50900,63500,27900,4200
2015,0,226000,56700,63200,28100,4300
2016,0,306100,54800,67000,28700,57400
2017,0,241700,51500,67900,28700,63000
2018,0,222100,50400,63200,28900,21000
2019,0,191500,49200,63600,29300,4500
2020,0,177900,49300,62800,28400,4200
2021,0,184900,49500,66400,27800,4300
2022,0,178800,49500,62500,28200,4300
2023,0,177900,49100,62000,27700,3000
2024,0,188400,49700,66800,28300,4300
2025,0,185000,49400,63000,27900,4200
2026,0,204400,49200,63600,28400,4300
2027,0,181300,49200,66600,27700,4200
2028,0,178300,49600,62500,27900,4100
2029,0,178600,49100,62400,27600,4200
2030,0,192700,49200,67100,27800,4300
2031,0,215500,49600,64000,29200,4300
2032,0,188900,49200,67000,27800,4200
2033,0,223600,49600,67200,28200,4400
2034,0,202600,49400,62700,28300,4300
2035,0,181100,49300,67100,27800,4200
2036,0,178300,49200,62500,27800,4300
2037,0,178200,49400,67500,27800,4100
2038,0,225800,49300,62500,28300,4300
2039,0,189400,49600,66700,27700,4200
2040,0,181700,50000,67700,31200,4200
2041,0,179600,50700,66500,27600,4200
2042,0,173200,49100,62600,28000,4200
2043,0,172800,51200,58800,28800,4000
2044,0,172500,49300,62800,27700,4100
2045,0,186700,55100,66100,27400,4100
2046,0,202600,49500,62100,28100,4300
2047,0,189200,49400,68100,27600,4200
2048,0,182900,53700,63100,28000,4700
2049,0,182000,49300,66900,27800,4100
2050,0,208200,50000,64900,28300,4300
2051,0,182300,49400,62000,27700,4400
2052,0,180900,49200,62500,28000,4200
2053,0,185500,49300,66300,27900,4200
2054,0,189300,49600,67100,27900,4300
2055,0,193700,50500,67600,29300,4200
2056,0,186200,49500,66600,28000,4300
2057,0,180500,49800,62000,27900,4400
2058,0,224200,53200,62800,28500,4300
2059,0,206100,49800,67200,28400,4300
2060,0,189100,49400,62700,28500,4400
2061,0,222000,49400,67700,28200,4300
2062,0,212300,49600,62900,28700,4300
2063,0,178800,49400,63400,27600,4400
2064,0,209900,49500,62600,28600,4400
2065,0,200700,49700,66700,28000,4400
2066,0,176700,49800,66700,27500,4100
2067,0,183400,49400,67500,28800,4100
2068,0,175700,49300,66900,27700,4100
2069,0,187600,54000,62800,28000,3200
2070,0,187300,53800,63000,28200,3400
2071,0,191500,49600,66900,28000,4200
2072,0,194900,49300,62700,28200,4300
2073,0,185100,49500,62700,28100,4200
2074,0,205700,48200,66700,27900,4200
2075,0,181300,50900,64700,27500,4100
2076,0,216000,56300,62700,27900,4400
2077,0,239000,54600,66800,28500,56600
2078,0,268900,51200,67900,28600,62700
2079,0,208700,50700,66300,29600,21300
2080,0,182200,49400,69900,28000,4300
2081,0,206100,60600,64800,28400,4300
2082,0,201000,54400,63400,28700,4300
2083,0,189800,50100,68900,28100,4300
2084,0,187400,49300,66800,28000,4500
2085,0,187100,49500,62400,28000,4300
2086,0,220500,49700,67000,28400,4300
2087,0,178800,49400,66800,28000,4000
2088,0,181500,49600,66300,27900,4000
2089,0,185300,49600,66400,27700,4300
2090,0,189300,49400,66000,27900,4200
2091,0,220300,49700,62900,30500,4300
2092,0,193800,49600,62800,28500,4200
2093,0,189900,49400,62100,28100,4200
2094,0,190800,49300,66600,27900,4200
2095,0,222200,49800,62700,28500,4400
2096,0,208600,49500,62900,28600,4400
2097,0,183500,54600,62800,28000,3200
2098,0,228800,49500,62500,28500,4400
2099,0,195600,49800,67500,28000,4300
2100,0,217300,49400,63200,28400,4300
2101,0,215500,49900,67300,28700,4400
2102,0,173400,49300,62200,28000,4200
2103,0,176700,54000,63400,28900,3000
2104,0,177800,53300,62200,27900,3100
2105,0,177900,49700,62400,27700,4200
2106,0,224200,49300,66800,27900,4200
2107,0,176200,48900,62300,27500,4300
2108,0,171800,49200,62300,27600,4100
2109,0,179600,49300,66500,27900,4300
2110,0,198300,49500,62400,28100,4500
2111,0,180200,49700,62100,27900,3200
2112,0,183500,49600,66300,27700,4300
2113,0,181100,49500,62000,27900,4200
2114,0,187100,54000,62400,28200,4300
2115,0,188600,49700,67900,29200,4300
2116,0,187500,49500,62100,28000,4500
2117,0,188100,50000,61600,28100,4400
2118,0,210700,49600,66500,28000,4300
2119,0,197000,49400,66800,28100,4300
2120,0,184100,54400,62400,28200,3100
2121,0,215100,49600,67000,28300,4200
2122,0,198300,50000,58200,27900,4300
2123,0,174100,49700,62900,27600,4200
2124,0,177700,54000,62200,27800,4100
2125,0,175900,49400,62000,27400,4200
2126,0,213300,50100,67900,28000,4200
2127,0,198500,49300,63100,29100,4300
2128,0,170800,49900,62200,27900,4100
2129,0,180700,49300,66400,27800,4100
2130,0,184000,49300,66600,28000,4300
2131,0,186800,49200,66300,27700,4300
2132,0,186300,49600,66500,28100,4300
2133,0,185700,49200,66300,27800,4400
2134,0,209700,49600,62400,28300,4500
2135,0,173100,47800,62100,27600,4300
2136,0,212200,50300,65900,28000,4200
2137,0,184100,56400,65400,27500,4200
2138,0,264100,55100,67100,28800,57100
2139,0,249300,51700,66500,29700,63000
2140,0,198800,50200,67900,28500,20900
2141,0,179300,49600,62900,27800,4300
2142,0,177300,49300,66500,27800,4200
2143,0,182300,49700,66500,27900,4200
2144,0,189300,49500,66300,28100,4500
2145,0,195800,49500,67100,28500,4500
2146,0,215900,49800,66500,28300,4600
2147,0,192100,54000,63100,27900,4300
2148,0,191900,49200,66800,27900,4200
2149,0,188000,49700,66400,27800,4200
2150,0,185500,53900,62600,28300,3300
2151,0,213900,49600,61200,29400,4400
2152,0,191000,49700,62500,28400,4300
2153,0,188100,49500,66500,27900,4000
2154,0,183900,49200,62500,28500,4300
2155,0,187700,49800,66500,28000,4300
2156,0,188400,54200,62600,28400,4200
2157,0,230400,49700,62600,28300,4400
2158,0,268500,49500,76000,28700,4300
2159,0,228500,53400,80100,30100,4800
2160,0,208000,52800,73500,36300,4700
2161,0,209100,56300,80500,29700,4300
2162,0,203900,52700,67500,30200,5000
2163,0,193900,52500,70200,29700,4200
2164,0,185400,55000,63600,28500,4200
2165,0,201400,52000,65300,29900,5000
2166,0,220800,50400,67700,28300,4300
2167,0,186900,50400,68600,27900,4000
2168,0,190500,51500,64400,28400,4200
2169,0,199000,51900,66000,29900,4300
2170,0,243700,53800,70400,30100,5000
2171,0,191400,50700,67300,28400,4300
2172,0,184200,54800,63700,28400,3200
2173,0,185400,49600,67700,28100,4200
2174,0,190700,53500,63600,28500,4300
2175,0,195800,49900,69500,29500,4200
2176,0,194200,49200,59000,28200,4300
2177,0,200700,49900,67900,28500,4200
2178,0,228100,50200,67400,28500,4400
2179,0,214300,50200,68400,28400,4400
2180,0,192400,49200,63100,28500,4300
2181,0,219900,49600,67300,28200,4300
2182,0,211400,49900,63100,28400,4400
2183,0,180400,49200,66500,27800,4200
2184,0,176800,49300,62700,28000,4200
2185,0,242600,53100,70900,29700,5000
2186,0,213100,49100,61300,28900,4400
2187,0,174400,49600,63600,28900,4000
2188,0,230800,49400,68000,28400,4100
2189,0,203000,49400,58900,28200,4300
2190,0,184500,49300,63400,28000,3200
2191,0,181800,49400,58600,28100,4200
2192,0,187900,49100,67200,28000,4100
2193,0,188300,53800,63100,28100,4100
2194,0,208300,49400,67100,28100,4300
2195,0,178800,49500,67100,27700,3300
2196,0,207200,48100,63000,27900,4300
2197,0,176600,50500,63700,27600,4100
2198,0,212200,56800,65700,28100,4100
2199,0,244200,54400,63900,29600,57800
2200,0,240500,51700,68300,28700,62700
2201,0,197400,50000,67300,28400,21000
2202,0,176000,49500,66200,27500,4500
2203,0,176700,49300,66600,27500,4300
2204,0,180500,49600,67000,27800,4400
2205,0,188400,49500,67100,28000,4200
2206,0,210600,49600,66300,27700,4400
2207,0,183800,49900,66500,28000,4200
2208,0,183800,53800,62700,27900,4300
2209,0,189000,51700,65900,33500,4400
2210,0,199300,49600,58500,28100,4300
2211,0,225400,49600,79200,45200,4100
2212,0,194800,50900,68700,36300,4200
2213,0,188400,49500,66500,28000,4300
2214,0,184500,49600,63300,27900,4100
2215,0,181600,50700,63400,27800,4100
2216,0,181700,49900,62200,27900,4200
2217,0,178700,49300,62900,27700,4100
2218,0,234800,49600,62600,27900,4400
2219,0,231400,50800,67200,28300,4200
2220,0,203300,49700,66600,28200,4400
2221,0,179200,53700,62400,27700,4200
2222,0,172100,48500,62800,27500,4200
2223,0,178100,49400,67800,28900,4100
2224,0,173000,49500,62300,27700,4200
2225,0,180100,49000,66700,27700,4000
2226,0,208200,49600,66300,27800,4400
2227,0,177000,49100,63000,27600,4200
2228,0,177800,53500,63600,27500,4200
2229,0,185100,49500,66900,28000,4200
2230,0,206600,49200,63200,28300,4300
2231,0,185700,49400,66800,28000,4300
2232,0,188500,49400,66400,27700,4300
2233,0,182500,53700,62400,27900,3100
2234,0,175900,50000,59000,27900,4200
2235,0,177000,49300,61500,29300,3200
2236,0,205000,52500,72600,31500,3500
2237,0,222800,59300,68700,28800,4300
2238,0,237100,52000,65900,30000,4700
2239,0,234000,54200,64200,30300,5100
2240,0,215400,52400,64300,30100,5100
2241,0,260500,53200,67600,30100,5000
2242,0,215200,49600,67700,28400,4500
2243,0,180600,49900,67700,28100,4200
2244,0,175100,49800,63300,28200,3200
2245,0,179200,49400,63100,27500,4200
2246,0,171300,48900,58700,27600,4100
2247,0,181200,49000,68000,29000,4100
2248,0,178500,49500,62900,28300,4300
2249,0,185200,49100,63000,28100,4200
2250,0,228200,49500,67200,28300,4200
2251,0,212300,49300,60300,28500,4400
2252,0,200800,51100,63700,30200,4900
2253,0,209900,63300,65700,28600,4500
2254,0,226600,56700,63400,29800,5000
2255,0,198900,52000,63100,29800,5100
2256,0,217900,49900,63000,28800,4400
2257,0,177100,48600,62500,27800,4100
2258,0,207900,50600,63800,28000,4400
2259,0,194900,56800,63400,29100,4300
2260,0,240100,56000,68200,28400,57600
2261,0,244600,50900,64300,29000,63100
2262,0,203900,50700,68200,28500,21000
2263,0,181700,49900,64000,28000,4400
2264,0,190500,50000,67100,28200,4400
2265,0,193200,52700,59900,28600,4400
2266,0,209800,50100,62600,28600,4400
2267,0,187700,49700,67300,28100,4300
2268,0,182300,49200,63000,28200,4300
2269,0,199600,49400,67400,28100,4300
2270,0,232200,49500,67100,28400,4400
2271,0,252600,49300,62600,29800,4400
2272,0,191700,49500,62500,28400,4300
2273,0,185300,49600,67000,27700,4300
2274,0,184200,49500,66600,28000,4300
2275,0,183700,49500,66100,27700,4300
2276,0,180100,49500,59000,28000,4200
2277,0,177600,49300,63000,28000,4200
2278,0,236600,49700,66700,28200,4200
2279,0,189900,49900,63000,28500,3200
2280,0,182000,53700,63100,28000,4200
2281,0,218200,49800,67100,28200,4400
2282,0,202300,49200,66700,28100,4300
2283,0,174900,49400,63700,29000,4300
2284,0,172200,49000,62700,27800,4100
2285,0,184600,49600,66800,28200,4300
2286,0,208200,54000,62700,27800,3200
2287,0,184900,49200,66200,27700,4100
2288,0,176400,49700,66600,27600,4200
2289,0,179500,49600,66600,27500,4100
2290,0,198600,49200,62100,28200,4200
2291,0,173900,49000,62400,27400,4300
2292,0,174100,49000,63100,27800,4100
2293,0,178700,49300,66800,27600,4000
2294,0,216400,58600,79300,42700,5000
2295,0,196300,56100,65400,29900,4600
2296,0,189000,50300,63000,28400,4300
2297,0,186200,49500,67000,27800,4300
2298,0,214500,49800,62200,28400,4300
2299,0,203900,49600,67600,28100,4400
2300,0,193300,49400,66900,27800,4300
2301,0,213800,50100,62200,27900,4400
2302,0,215700,49100,67000,28200,6000
2303,0,184100,49100,67300,27800,4300
2304,0,172200,49300,66200,27400,4200
2305,0,175100,49100,66500,27400,4200
2306,0,172600,49100,62200,27700,4100
2307,0,174300,49100,63000,28900,4000
2308,0,178100,49500,66900,27500,4200
2309,0,187800,49600,66700,28000,4200
2310,0,195800,53900,63600,28400,3200
2311,0,190300,49800,63300,28000,4200
2312,0,230200,55200,65900,38100,4300
2313,0,212300,51100,62700,28300,4300
2314,0,215100,49600,67000,28200,4300
2315,0,184100,49700,62800,27900,4300
2316,0,214500,49900,63000,28400,4300
2317,0,185800,53700,63200,27800,3200
2318,0,209300,52700,62300,28300,4100
2319,0,196400,50300,68300,29100,4100
2320,0,178200,56100,60900,28100,4300
2321,0,235900,54500,63400,28700,57700
2322,0,234100,51200,61200,29100,61900
2323,0,193000,50900,63100,28300,21000
2324,0,177600,49500,63000,28100,4300
2325,0,184700,49600,66900,28000,4300
2326,0,208100,49600,67300,28200,3500
2327,0,175600,49400,61900,27800,4200
2328,0,183600,49400,62500,28000,4200
2329,0,185300,53600,62400,27800,4200
2330,0,196300,49600,66700,28100,4400
2331,0,218600,49300,62500,30700,4400
2332,0,191500,49600,63200,28300,4400
2333,0,197700,49700,67400,28300,4300
2334,0,195600,50200,66700,28200,4300
2335,0,177300,49100,62400,27600,4300
2336,0,194800,52100,69700,29600,4400
2337,0,180500,49200,63200,27600,4100
2338,0,236600,50200,63200,28800,4300
2339,0,195200,49300,66800,28000,4200
2340,0,181100,49300,63000,28300,4300
2341,0,182600,49300,62300,28000,4300
2342,0,177600,49200,62800,28100,4400
2343,0,219600,49200,69100,29300,4100
2344,0,205500,49800,67600,28300,4500
2345,0,180400,49200,58700,28000,4300
2346,0,215500,49400,66700,28200,4100
2347,0,189400,49600,66600,27900,4100
2348,0,179500,50000,63600,27700,4300
2349,0,181400,49100,62400,27700,4200
2350,0,211500,49500,66700,28200,4400
2351,0,183800,54400,63000,27800,3100
2352,0,176500,49500,61900,27900,3200
2353,0,180800,49100,62000,27700,4100
2354,0,179400,49100,62200,27800,4100
2355,0,220500,49800,64000,29500,4400
2356,0,216700,49900,62600,28300,4500
2357,0,183200,49300,67100,28000,4400
2358,0,206900,49500,62400,27900,4300
2359,0,195100,48800,66600,27900,4300
2360,0,186700,53800,63000,28100,3300
2361,0,217700,49700,67500,28200,4200
2362,0,211000,49400,67000,27900,4300
2363,0,188900,54200,63100,27800,4200
2364,0,179300,49500,66500,27500,4300
2365,0,178900,50700,61700,27800,4200
2366,0,171800,53800,63200,27600,3200
2367,0,171800,49700,62900,28600,4000
2368,0,173200,49100,61700,27600,4100
2369,0,186800,49500,66100,27800,4300
2370,0,183800,49300,62300,27800,4300
2371,0,193200,54200,62600,27800,4300
2372,0,191600,54400,62600,27900,4400
2373,0,189400,49500,66800,28200,4200
2374,0,243300,50100,66700,28300,4300
2375,0,205000,49600,67300,28100,4400
2376,0,208100,49300,62900,28000,4300
2377,0,172400,49600,62400,27400,3200
2378,0,202300,49400,64600,28000,4200
2379,0,189900,47800,68700,28800,4200
2380,0,179700,54800,65700,27300,4200
2381,0,177300,55900,60400,28000,4100
2382,0,233700,54100,67800,28600,56200
2383,0,235000,51100,63800,28200,63000
2384,0,192300,50000,63400,28300,21000
2385,0,176800,50000,62800,27900,3200
2386,0,204100,49600,66900,28000,4300
2387,0,177000,49700,66600,27700,4100
2388,0,171400,48900,62800,27500,4100
2389,0,178200,49300,66600,27700,4100
2390,0,176000,49400,62200,27800,3300
2391,0,216600,49400,67900,29100,4300
2392,0,192900,49500,67100,27900,4200
2393,0,184000,49300,62400,27900,4200
2394,0,192900,49700,72800,28200,4200
2395,0,210300,55100,75300,37700,4300
2396,0,240600,81600,65000,30400,4900
2397,0,210700,58400,64600,29800,4500
2398,0,243700,50100,67700,28500,4500
2399,0,202700,50000,66800,28200,4300
2400,0,194700,49900,67900,28000,4400
2401,0,197300,49600,67500,28000,4400
2402,0,190800,49300,63300,28600,4400
2403,0,186500,49500,65500,29400,4100
2404,0,179200,49200,63200,28000,4100
2405,0,220000,49400,63100,28200,4200
2406,0,242100,49900,67600,28700,4400
2407,0,182400,49100,63000,28200,4200
2408,0,173200,49500,62800,28000,4300
2409,0,179000,49600,62300,27900,4400
2410,0,203700,49700,62700,28400,4300
2411,0,180700,49600,67100,27600,3400
2412,0,180300,53700,62000,28000,3100
2413,0,179400,53500,62600,27600,3100
2414,0,177900,49300,62700,28000,4300
2415,0,184700,49600,67800,29000,4200
2416,0,187500,49400,66800,27700,4200
2417,0,185100,49200,66700,28200,4300
2418,0,210400,49900,63400,28400,4300
2419,0,196700,49300,67300,27800,4100
2420,0,178200,49400,62800,28200,4400
2421,0,211100,49700,62400,28200,4400
2422,0,208200,49200,67100,28000,4400
2423,0,181500,49300,63300,27800,4300
2424,0,192300,49100,74300,39400,4100
2425,0,183000,50200,66300,31800,4200
2426,0,183700,49200,67500,28000,4200
2427,0,179500,49100,61100,29300,4200
2428,0,172300,48700,62800,27900,4100
2429,0,188300,49800,67500,27800,4300
2430,0,202300,49200,67100,28000,4400
2431,0,201900,49700,67100,28200,4300
2432,0,198600,49500,66900,28200,4300
2433,0,193400,49800,63100,28300,4300
2434,0,213500,49600,63400,28500,4300
2435,0,188700,53500,63000,28100,3200
2436,0,259300,49900,67900,28600,4300
2437,0,205200,49400,63600,28200,4200
2438,0,204400,49300,63100,28400,4200
2439,0,195200,49200,63200,29000,4200
2440,0,218200,48200,69700,27900,4300
2441,0,216000,51200,64200,28600,4400
2442,0,182400,56300,65600,28100,4100
2443,0,235700,54600,66800,28400,57700
2444,0,236700,51200,63800,28800,63300
2445,0,196000,50600,63700,28400,19700
2446,0,201800,49400,63500,28300,4300
2447,0,176700,49100,67200,27800,4300
2448,0,176500,49500,66800,27600,4100
2449,0,171700,49500,61900,27600,3200
2450,0,177300,49500,62500,27800,4100
2451,0,215000,49500,63000,30300,4200
2452,0,183800,49700,63100,28200,4200
2453,0,187000,54000,62700,28100,3100
2454,0,188100,49500,66600,28000,4200
2455,0,182700,49400,62900,27600,4300
2456,0,187000,49300,62600,28300,4100
2457,0,182700,53700,62400,27600,3200
2458,0,235100,49000,63200,28400,4400
2459,0,189400,49300,66400,27700,4400
2460,0,177000,49200,63100,27900,4300
2461,0,184600,54200,63400,27600,4300
2462,0,182000,49200,66700,27700,4200
2463,0,175300,49200,61600,28800,4300
2464,0,176100,49400,62300,28000,4200
2465,0,187100,51700,61600,27900,4200
2466,0,213500,50300,68800,43900,4300
2467,0,217300,49900,63600,28200,4100
2468,0,209400,49600,67200,28300,4200
2469,0,176100,49200,62200,27900,4400
2470,0,215300,49700,68600,28000,4300
2471,0,180200,49600,67100,27700,4300
2472,0,174900,49000,63000,27800,4200
2473,0,174600,49600,64200,27600,3300
2474,0,180400,49300,62700,27900,4200
2475,0,179800,53700,63800,28900,3100
2476,0,214700,55200,66900,30200,5500
2477,0,193900,50200,67500,28300,4400
2478,0,206700,49400,59000,28400,4200
2479,0,196700,49700,67600,28100,4200
2480,0,173000,49300,59000,27800,4100
2481,0,205500,49300,62300,27900,4200
2482,0,195800,49300,58500,28100,4300
2483,0,171300,49200,62200,27500,4200
2484,0,175800,49700,58700,27600,4200
2485,0,189300,49500,67600,28400,4100
2486,0,178800,49600,58600,28000,4400
2487,0,181200,48700,61900,28800,4100
2488,0,189100,50100,67000,28100,4200
2489,0,193000,49600,62900,28000,4300
2490,0,183900,49800,62300,28200,4200
2491,0,195300,49700,67300,28300,4400
2492,0,191800,49300,63200,28500,4300
2493,0,194000,49600,67300,28200,4300
2494,0,209400,53300,58800,28300,3200
2495,0,186800,49300,62400,27800,4200
2496,0,219100,49700,67400,28100,4300
2497,0,184400,53600,62800,27800,4300
2498,0,246800,49700,67000,28300,4300
2499,0,215000,49400,65800,29700,4300
2500,0,174400,49200,63500,27800,4200
2501,0,192600,54100,62700,27500,4600
2502,0,174400,50500,61700,27800,4100
2503,0,184500,55700,65500,27900,4100
2504,0,238500,54200,66900,28300,57500
2505,0,241300,50900,63700,28300,62800
2506,0,226100,52300,63600,28900,21000
2507,0,185100,55500,66700,27800,4300
2508,0,179100,54100,62700,28100,4100
2509,0,176900,49400,62800,27700,4200
2510,0,179000,49000,62500,28100,4200
2511,0,211500,49200,62500,29200,4100
2512,0,194100,49700,67400,28100,4200
2513,0,199600,66700,63800,28200,4300
2514,0,191000,54400,63000,28400,4300
2515,0,187500,49900,62400,28200,4200
2516,0,192900,49800,63900,28700,4200
2517,0,187500,49200,62300,27800,4200
2518,0,243200,50200,67900,28500,4300
2519,0,203900,53900,63100,27800,4400
2520,0,198500,50200,66900,28200,4400
2521,0,179400,49500,62900,28000,4200
2522,0,185100,49900,66800,28000,4100
2523,0,177100,49000,63100,28900,3200
2524,0,186500,49500,66900,27900,4100
2525,0,227300,49900,66900,28200,4300
2526,0,246500,50100,63400,28700,4400
2527,0,187100,53800,62500,28000,4100
2528,0,176400,50200,62800,27800,4300
2529,0,220300,49700,67600,28200,4200
2530,0,226400,49200,63300,28500,4500
2531,0,175300,49000,62600,27700,4200
2532,0,177300,48900,66200,27400,4100
2533,0,173900,49100,61800,27700,4100
2534,0,175100,48900,62200,27900,4100
2535,0,173200,48900,59500,29000,4300
2536,0,180700,49300,62500,28200,4300
2537,0,175900,49400,62300,28000,4200
2538,0,210400,49500,66200,28000,4300
2539,0,189800,49300,62700,27900,4200
2540,0,179300,49200,66700,27600,4100
2541,0,208600,53900,63000,28000,3200
2542,0,202800,49800,66700,27800,4200
2543,0,167400,48800,62000,27200,4100
2544,0,171700,49200,66200,27100,4100
2545,0,172800,53400,63000,27500,3000
2546,0,177300,54000,63100,28100,3100
2547,0,181000,53800,63800,29000,4100
2548,0,181000,49500,66800,27900,4200
2549,0,181500,49400,60000,27800,4000
2550,0,199200,50700,73400,27900,4300
2551,0,195000,49500,63000,28100,4400
2552,0,188400,49400,67000,28000,4300
2553,0,188100,49900,66900,28200,3400
2554,0,208900,49500,67200,28200,4300
2555,0,180400,49100,63100,27800,4100
2556,0,218800,49700,72100,28100,4200
2557,0,196200,52000,69300,41500,5300
2558,0,208400,51100,61300,28300,4300
2559,0,193100,49900,68200,29300,4200
2560,0,214200,50000,67200,28300,4300
2561,0,213700,49600,72300,37000,4300
2562,0,174000,48100,66000,27500,4300
2563,0,175900,50100,65500,27100,4100
2564,0,181400,56200,62800,27700,4300
2565,0,240900,54300,67900,28600,56600
2566,0,264800,51300,64800,29200,63100
2567,0,198700,52100,68000,28300,20900
2568,0,174400,49400,62900,28200,4300
2569,0,184000,49400,66900,27800,4100
2570,0,190200,49600,66800,28000,4200
2571,0,215800,49400,63100,30400,4400
2572,0,197100,49400,66500,28000,4100
2573,0,189200,49700,66800,28000,4400
2574,0,178300,49800,62800,28200,3100
2575,0,176500,49600,61900,27600,4300
2576,0,186100,50000,66200,27900,4200
2577,0,185200,53900,62400,28000,3300
2578,0,238000,49900,67300,28300,4400
2579,0,201000,49700,62600,28000,4300
2580,0,182000,49200,62400,28300,4200
2581,0,183600,49600,62200,27800,4400
2582,0,191300,49500,66600,28100,4400
2583,0,174800,49200,62800,29000,4300
2584,0,190300,49200,67300,27700,4100
2585,0,183900,49500,62800,28000,4200
2586,0,210000,49400,62200,28100,4200
2587,0,183400,49500,62500,27900,4300
2588,0,177100,48800,62400,28200,4200
2589,0,181900,49200,62200,27900,4300
2590,0,207600,49300,66900,28100,4200
2591,0,224200,50000,68300,28300,4400
2592,0,219700,50200,68000,28000,13100
2593,0,182000,49400,66500,27600,4200
2594,0,182600,49600,67000,27700,4300
2595,0,183800,49500,61300,29600,4400
2596,0,181100,49400,58600,28100,4400
2597,0,180400,49300,63500,28000,4100
2598,0,214600,49700,67600,28300,4300
2599,0,197600,49800,67100,28100,4400
2600,0,182500,49500,66600,27500,4200
2601,0,217500,49900,67700,28200,4400
2602,0,212700,52100,67400,28000,3100
2603,0,174900,50000,62300,27700,4200
2604,0,175400,49300,63500,28300,4100
2605,0,181500,49800,67000,27800,4100
2606,0,173500,48900,63200,27900,4200
2607,0,177500,49900,64200,29100,4100
2608,0,177100,49200,62700,28300,4000
2609,0,191700,53900,62500,27900,3200
2610,0,230100,50500,62800,28600,4400
2611,0,227000,49400,63300,28400,4400
2612,0,190200,50300,63200,28700,4200
2613,0,191700,49600,62100,28300,4200
2614,0,206300,49800,66600,27900,4400
2615,0,182600,49600,66600,27900,4100
2616,0,218100,49600,66500,27900,4200
2617,0,182500,53700,62800,27600,3100
2618,0,209800,49700,67000,27800,4300
2619,0,189200,49500,63500,28900,4200
2620,0,178600,49000,67000,27900,4200
2621,0,180400,49600,66400,27700,4200
2622,0,209300,49800,63400,28200,3300
2623,0,195600,47900,62500,27600,4300
2624,0,178700,50200,66300,27900,4200
2625,0,184600,55900,63200,27900,4400
2626,0,261000,54400,67400,28600,56200
2627,0,234200,51000,63500,28500,62500
2628,0,195100,50400,67900,28400,21000
2629,0,179000,49100,66600,27400,4400
2630,0,179100,49800,63200,28200,4300
2631,0,212600,49200,68300,29200,4200
2632,0,197500,57700,68000,30400,4300
2633,0,205000,58300,72300,29400,4300
2634,0,200400,51600,63800,30000,4400
2635,0,444300,134300,156500,30400,5100
2636,0,443100,135100,155600,30300,4700
2637,0,430400,133600,154000,29200,4400
2638,0,513000,135300,154200,29400,4500
2639,0,255300,51800,63800,29700,4400
2640,0,188300,50600,63700,28800,4300
2641,0,189400,51300,62900,27900,3700
2642,0,186700,49300,68000,28000,4100
2643,0,182700,49200,64700,29800,4300
2644,0,185500,49700,63500,28500,4400
2645,0,182500,54200,63100,27900,3100
2646,0,213600,49500,67200,27900,4200
2647,0,186700,49500,66800,27600,4000
2648,0,180100,49300,63300,28000,3100
2649,0,190500,49500,62600,27900,4300
2650,0,206500,49800,63000,28500,4100
2651,0,181400,49300,62700,27700,4200
2652,0,175400,49700,59000,27800,4100
2653,0,216200,49800,62600,28300,4200
2654,0,204500,49500,58900,28400,4300
2655,0,186300,49300,61200,29200,4300
2656,0,193400,49800,67300,28300,4300
2657,0,191700,49600,67500,28000,4300
2658,0,221000,49700,63300,28500,4300
2659,0,193900,49500,63300,28000,4100
2660,0,183100,53700,63100,28100,4300
2661,0,214600,54200,64000,28100,4200
2662,0,226100,54500,63100,28400,4200
2663,0,175100,49600,67400,27400,4100
2664,0,170400,49200,62500,27800,4100
2665,0,171000,49800,62300,27600,4000
2666,0,171100,49300,63000,27900,4100
2667,0,174000,49600,64100,28800,4100
2668,0,177900,53600,63700,27900,4100
2669,0,192800,50200,67500,27800,4200
2670,0,193700,54100,63600,28500,4400
2671,0,200200,50400,68200,28100,4500
2672,0,193800,50100,64500,28400,4400
2673,0,197200,50200,67000,28100,4400
2674,0,210100,49300,63400,28200,4500
2675,0,201700,50600,69000,28100,3400
2676,0,217400,49400,63500,28400,4500
2677,0,184100,53900,64400,28000,3200
2678,0,212100,53700,63400,28200,4200
2679,0,198000,53700,64500,29100,4300
2680,0,179400,49600,63200,27900,4200
2681,0,186800,49600,67300,28200,4300
2682,0,181700,49400,62800,28300,3300
2683,0,187400,49200,67300,27900,4200
2684,0,212500,48200,60800,28500,4400
2685,0,210400,50600,67000,28100,4400
2686,0,215300,57300,62700,28300,4300
2687,0,245400,54500,67600,28700,59300
2688,0,241700,51200,64100,28900,63700
2689,0,197100,50500,59300,28600,21000
2690,0,182100,49200,58500,27800,4400
2691,0,217500,49600,67200,30800,4300
2692,0,186500,49200,64200,28400,4300
2693,0,182200,49500,63400,28100,4200
2694,0,186600,49500,67700,28200,4100
2695,0,218500,49700,63200,28200,4400
2696,0,218400,49600,67600,28500,4500
2697,0,177900,54100,63100,27800,3100
2698,0,236500,49600,67600,28100,4000
2699,0,195600,49600,67000,27600,4200
2700,0,180100,49500,66700,27900,4200
2701,0,183600,49400,66400,27600,4300
2702,0,178000,49200,63400,28000,3300
2703,0,185300,50000,67900,29200,4300
2704,0,183700,49100,67000,27800,4100
2705,0,191000,55200,64900,32000,4200
2706,0,271600,53600,83600,44600,6300
2707,0,190900,50600,69600,28500,4400
2708,0,183000,50300,68300,27900,3900
2709,0,181200,49300,61900,28200,4100
2710,0,247500,52900,72000,29900,4900
2711,0,192900,50400,68000,28300,4400
2712,0,191600,49600,62700,28200,4200
2713,0,205300,56800,64300,30000,4700
2714,0,199700,52100,70000,28500,4700
2715,0,264200,62500,70000,31100,5100
2716,0,241100,52100,72200,30000,5100
2717,0,187000,50200,63400,28600,4500
2718,0,216100,49700,68000,28300,4400
2719,0,199800,49600,68000,28200,4500
2720,0,176800,49500,63600,28200,3200
2721,0,213100,49500,67600,28300,4100
2722,0,201400,49300,63400,28300,4300
2723,0,172900,54000,63000,27400,3300
2724,0,174000,49100,67200,27300,4200
2725,0,175400,49300,63000,27600,4100
2726,0,168800,49000,63200,27900,4100
2727,0,170100,49600,63600,28500,4000
2728,0,174300,49400,66800,27400,4000
2729,0,180400,49800,62600,27800,4200
2730,0,179600,49100,58800,27800,4100
2731,0,193600,49400,63000,28100,4200
2732,0,194300,50000,68700,28400,4300
2733,0,201500,49800,68400,28600,4300
2734,0,221900,49800,67500,28200,4400
2735,0,188600,49900,67800,28400,4300
2736,0,220200,49600,67300,28300,4300
2737,0,212200,50200,67600,28300,4400
2738,0,204100,49700,62700,28300,4400
2739,0,193500,49400,62600,29900,4200
2740,0,188100,50200,66800,27800,4100
2741,0,186400,49300,63300,28000,4100
2742,0,188100,50200,66800,27800,4300
2743,0,182200,49100,63000,27700,4200
2744,0,185200,49700,63500,28500,4200
2745,0,181800,47700,63000,28200,4200
2746,0,245800,51300,63900,28600,4300
2747,0,210500,56600,63300,28200,4300
2748,0,237400,54400,66900,28400,58000
2749,0,238300,51100,61600,28800,63000
2750,0,199400,50300,63300,28800,20900
2751,0,216000,49700,65800,29400,4500
2752,0,190800,53900,63600,28300,4400
2753,0,183600,49800,63700,28000,4400
2754,0,179900,49500,63800,28100,4100
2755,0,185900,50600,68800,27900,4100
2756,0,186200,49800,67200,27900,4300
2757,0,176900,49400,63700,27600,4300
2758,0,238600,54200,63200,28400,4200
2759,0,187800,49300,63100,28300,4200
2760,0,181900,50500,67600,27700,4200
2761,0,182100,49400,66900,27800,4400
2762,0,179800,49400,66800,27800,4100
2763,0,187400,51100,68100,32000,4200
2764,0,186400,50000,67300,28100,4200
2765,0,186500,49200,63600,27900,4200
2766,0,223700,51500,71000,32000,4200
2767,0,185600,49100,62200,28000,4300
2768,0,191200,50000,67200,27600,4300
2769,0,182500,49500,66900,27900,4200
2770,0,207600,49800,66800,27800,4500
2771,0,186500,49000,63100,28000,4200
2772,0,191300,48800,67100,27900,4200
2773,0,184200,49300,62900,27900,4300
2774,0,191500,53900,63100,28500,4300
2775,0,188200,49800,61200,29500,4300
2776,0,196900,49500,67600,28300,4500
2777,0,230400,50200,63100,28200,4400
2778,0,235400,49600,63300,28500,4300
2779,0,196200,49600,63000,28000,4300
2780,0,218700,49500,63700,28400,4200
2781,0,247500,49800,67900,28500,4400
2782,0,233900,58300,72700,29900,4100
2783,0,189100,52100,69300,28300,4400
2784,0,190100,52000,67400,29400,4900
2785,0,195700,52200,68200,29500,5000
2786,0,198900,53600,71400,29900,5000
2787,0,193400,51900,66000,31500,5000
2788,0,181600,55500,64100,28500,3300
2789,0,187700,50400,67500,27900,4100
2790,0,183800,49300,63000,28400,4300
2791,0,191300,50600,67800,28000,4200
2792,0,191800,54000,63500,28300,4400
2793,0,184600,49200,63100,27900,4200
2794,0,216000,49900,67400,28300,4200
2795,0,187300,49500,67400,28100,4400
2796,0,215700,49300,63700,28500,4200
2797,0,190200,51100,68200,31400,4200
2798,0,204000,49000,59100,28200,4200
2799,0,212300,49900,76700,31100,4200
2800,0,200300,52600,70000,29700,4900
2801,0,201600,52100,63700,29900,5100
2802,0,180900,49600,63900,28500,4200
2803,0,184300,49500,67500,27900,4100
2804,0,180800,50200,63300,27900,4300
2805,0,179500,49200,58600,28000,4400
2806,0,210500,48400,67500,27900,4300
2807,0,178700,50600,63500,28000,4200
2808,0,227400,57800,66300,28500,4400
2809,0,260300,54400,63000,28800,58100
2810,0,303200,55600,63400,30100,107100
2811,0,236400,50600,64000,30800,21300
2812,0,188000,49600,67700,28100,4300
2813,0,186700,49400,67200,27800,4200
2814,0,177700,55500,56800,28100,4200
2815,0,177800,49500,63300,27700,4200
2816,0,181400,49500,66200,28100,4200
2817,0,178300,49400,67200,27600,4200
2818,0,225300,49900,58400,28100,4500
2819,0,189900,49100,67300,27800,4100
2820,0,174900,49500,62400,27800,4200
2821,0,175600,49500,63400,27500,4300
2822,0,176800,49200,66800,27700,4100
2823,0,175100,49200,63900,28900,4000
2824,0,180500,49200,63100,28200,4200
2825,0,189900,49500,62900,28300,4100
2826,0,223800,49800,67500,28000,4300
2827,0,191900,49300,63000,27900,4200
2828,0,185000,49500,63400,28400,4300
2829,0,190200,49700,66900,27900,4300
2830,0,215200,50000,63200,28800,4300
2831,0,178000,49100,63000,27800,4300
2832,0,182200,49500,62900,28200,4200
2833,0,185200,49300,67000,27800,4200
2834,0,184200,49600,62500,28100,4400
2835,0,189400,49500,67800,31100,4300
2836,0,189500,49400,63600,28600,4200
2837,0,186400,49200,63400,28000,4400
2838,0,216600,49400,67900,28400,4200
2839,0,242200,51700,70400,32200,4400
2840,0,233600,52400,67500,30200,5100
2841,0,217300,50100,63600,28500,4400
2842,0,210100,50000,67500,28200,4200
2843,0,176900,49400,67300,27700,4300
2844,0,175600,49500,67100,27600,4100
2845,0,172100,48800,62600,27500,4200
2846,0,177000,49700,67100,27600,4100
2847,0,171200,49500,63800,28500,4000
2848,0,180000,51200,68200,27800,4100
2849,0,182500,49000,62900,27900,4200
2850,0,188800,49000,67100,27800,4200
2851,0,194900,49500,68000,28200,4300
2852,0,190800,49600,67300,27800,4300
2853,0,190500,49300,67400,28000,4200
2854,0,210600,49500,67000,27800,4400
2855,0,180100,49100,63000,27900,4300
2856,0,233000,49600,67600,28300,4300
2857,0,190600,49400,63700,28200,4300
2858,0,214200,49200,63300,28300,4400
2859,0,200600,49400,66300,29800,4400
2860,0,185700,49100,63600,28300,4200
2861,0,192800,49000,67700,28200,4300
2862,0,177800,49500,63200,28100,4100
2863,0,180600,50700,62700,27900,4100
2864,0,233800,59500,74200,30400,5100
2865,0,275000,63200,70500,30000,4100
2866,0,260500,50400,64900,29000,4800
2867,0,184100,48900,68100,27900,4100
2868,0,181900,51100,64200,27700,4100
2869,0,190900,57000,66400,28000,4200
2870,0,280800,54600,64400,29100,58200
2871,0,302100,51900,67100,29800,62800
2872,0,206500,51200,64400,28600,21100
2873,0,187200,49500,63500,27900,4300
2874,0,179200,49600,63600,28200,4100
2875,0,186900,49900,67500,27800,4100
2876,0,180700,49700,64100,28100,4300
2877,0,179200,49600,67900,27700,4100
2878,0,233700,49800,68200,28100,4300
2879,0,186700,50100,62600,27700,4200
2880,0,177400,50600,63000,27800,4300
2881,0,213600,53100,71600,29800,6200
2882,0,184600,49800,67900,28200,4200
2883,0,175500,49300,63700,29800,4300
2884,0,184900,55400,66900,27800,4300
2885,0,179300,49300,63000,27700,4100
2886,0,213300,49600,67900,28100,4200
2887,0,183800,49300,62900,28000,4300
2888,0,200900,53600,74600,27700,3200
2889,0,189100,50100,67100,28100,4500
2890,0,213500,49600,67100,27900,4300
2891,0,187600,53900,63000,27900,4200
2892,0,186500,49700,63300,27800,4300
2893,0,174600,49100,62300,27700,4100
2894,0,183700,49500,67100,28200,4100
2895,0,183500,49600,63300,29000,4200
2896,0,188600,49500,63100,28000,4300
2897,0,186900,49200,67500,28000,4400
2898,0,215900,49200,67200,28100,4300
2899,0,195400,49600,63200,27900,4300
2900,0,179000,49100,62300,27700,4300
2901,0,250400,49900,67000,28300,4300
2902,0,231400,49900,67900,28100,4300
2903,0,178000,49300,62700,27200,4200
2904,0,175000,48800,67100,27600,4100
2905,0,173800,53900,63200,27400,4000
2906,0,173500,49200,61900,27200,4100
2907,0,173800,48900,67800,28500,4200
2908,0,174500,53300,63100,27400,3200
2909,0,183000,49200,63000,27900,4300
2910,0,189700,50100,62600,27900,4300
2911,0,205600,60200,67100,28200,4400
2912,0,187600,49200,63400,27800,3300
2913,0,192500,49700,67300,28100,4300
2914,0,207800,49800,67100,28000,4400
2915,0,181300,49300,66700,27600,4300
2916,0,209600,49400,62700,28100,4400
2917,0,180600,49400,63000,27900,4300
2918,0,203800,49100,59000,28200,4400
2919,0,196500,49200,66000,29400,4200
2920,0,185100,49900,67500,28200,4100
2921,0,187400,49500,67000,27800,4200
2922,0,184900,54000,63000,27800,3300
2923,0,181700,50000,59400,28200,4200
2924,0,175100,49600,62600,27700,4300
2925,0,189000,51600,66900,28100,4200
2926,0,224500,50000,80000,43900,4400
2927,0,185000,49500,67200,28000,4200
2928,0,177400,47900,63600,27600,4300
2929,0,184600,50900,63400,27800,4200
2930,0,194400,57200,65200,28000,4300
2931,0,304700,61700,86200,58300,58000
2932,0,285000,52200,63700,28700,63600
2933,0,234900,52000,68500,34300,20700
2934,0,180400,49600,62200,27600,4500
2935,0,177700,50000,62600,27800,4100
2936,0,189000,49500,67600,28300,4300
2937,0,176000,49600,62600,27600,4300
2938,0,232700,49200,67800,28200,4200
2939,0,192600,49900,66900,27800,4400
2940,0,185400,49500,69900,27900,4400
2941,0,225900,53600,82300,50500,4400
2942,0,185600,49900,64100,28100,4100
2943,0,194400,54400,64200,29300,4200
2944,0,186100,50200,62500,27900,4300
2945,0,190100,49800,67000,27800,4300
2946,0,216200,49700,68100,28200,4400
2947,0,187400,49600,62400,27600,4100
2948,0,176600,49800,62500,27600,4200
2949,0,191300,49500,62900,28000,4200
2950,0,257000,49600,68400,28400,4500
2951,0,232900,49800,63400,28300,4400
2952,0,183000,49400,63200,27900,4300
2953,0,178300,49100,58800,27800,4300
2954,0,191800,49500,67500,28100,4200
2955,0,179600,48900,64300,28900,4200
2956,0,190500,49800,67800,28200,4300
2957,0,182700,49600,62700,28000,4100
2958,0,218400,49700,67700,28100,4200
2959,0,200200,49300,63100,27600,4300
2960,0,185700,54300,63400,27800,4200
2961,0,211200,49400,63300,28100,4400
2962,0,204300,50200,62900,28100,4400
2963,0,212200,50100,67200,27900,4200
2964,0,211900,50600,64000,27700,4200
2965,0,167900,49800,59700,27800,4000
2966,0,172900,49500,66900,27500,4100
2967,0,170200,49100,63700,28600,4000
2968,0,176000,50800,63900,27600,4100
2969,0,189400,51500,69400,28800,4100
2970,0,199400,55200,65000,27900,4300
2971,0,195700,56000,65100,28000,4300
2972,0,189200,50500,67600,27800,4300
2973,0,182300,49400,63000,27900,4300
2974,0,208400,49800,67200,27900,4400
2975,0,179400,49600,66700,27400,4100
2976,0,206700,49600,62500,27800,4200
2977,0,174500,49400,63100,27500,4200
2978,0,201400,49400,63300,27600,4100
2979,0,185400,49200,62200,29800,4100
2980,0,172900,49400,62600,27700,3200
2981,0,184500,49300,67300,27700,4200
2982,0,179000,49700,63100,27600,4400
2983,0,180700,49800,63300,27500,4100
2984,0,187400,54500,64000,27800,4400
2985,0,194500,50300,67900,27900,4400
2986,0,207400,50200,67500,28000,4400
2987,0,181700,49900,67900,27700,4200
2988,0,183000,49800,67900,27900,4100
2989,0,179800,48700,62800,27500,4200
2990,0,186300,50800,66900,27600,3400
2991,0,224500,57000,67100,29300,4500
2992,0,250700,54400,67900,28700,58000
2993,0,247500,52300,64100,28500,63000
2994,0,241400,51000,64000,28500,21200
2995,0,211400,50400,63700,28300,4400
2996,0,192000,50100,68100,27900,4400
2997,0,182800,49800,63500,27700,4300
2998,0,238100,50200,67700,28000,4200
2999,0,194500,50100,67700,27900,4200
3000,0,184100,49800,67600,27700,4200
3001,0,179100,50100,63600,27600,4300
3002,0,179200,50100,63600,27700,4200
3003,0,176500,49600,65000,29000,4200
3004,0,180000,54200,64000,27600,3300
3005,0,185300,49700,67700,27900,4300
3006,0,207800,49800,63100,28000,4200
3007,0,186700,50300,67500,28100,4100
3008,0,181000,51400,67500,27400,4200
3009,0,180300,50000,63800,27600,4300
3010,0,204200,50600,63700,28100,4300
3011,0,188500,50000,67700,27900,4200
3012,0,189400,49900,67100,27900,4300
3013,0,189600,50000,67400,28100,4300
3014,0,190800,50300,67200,27800,4200
3015,0,187900,50000,64000,29200,4100
3016,0,202000,49900,63600,28300,4300
3017,0,185100,49900,68100,28100,4200
3018,0,219100,49600,68100,28100,4400
3019,0,198800,50200,63900,28000,4300
3020,0,191400,51900,65900,27900,4300
3021,0,220800,51800,67500,28000,4400
3022,0,210800,50200,67600,28100,4300
3023,0,178200,49800,63700,27500,4100
3024,0,179400,49800,67500,27600,4100
3025,0,211900,50100,63500,28100,4400
3026,0,207100,50100,68000,28100,4200
3027,0,180600,49600,64900,29600,4100
3028,0,176800,49700,62900,27500,4100
3029,0,183500,50100,63000,27900,3200
3030,0,191300,50200,63600,28200,4300
3031,0,195100,49900,68000,28000,4300
3032,0,194900,49700,68300,28300,4400
3033,0,186200,50300,63500,28000,4200
3034,0,212200,54900,64100,28100,3300
3035,0,223700,50000,68100,28200,4300
3036,0,245100,50000,63700,28300,4300
3037,0,180800,49800,67700,27600,4300
3038,0,207200,49800,67800,27800,4100
3039,0,201400,57100,68400,29100,4300
3040,0,183500,59900,64000,28000,4000
3041,0,178500,50700,63600,27700,4200
3042,0,173600,49300,59400,27800,4300
3043,0,180900,49900,63300,27600,4000
3044,0,182100,50000,63600,27800,4200
3045,0,183600,52300,59400,28100,4200
3046,0,223000,50400,80100,43200,3300
3047,0,189200,50100,68500,28000,4200
3048,0,173400,49700,62900,27700,4200
3049,0,184100,50100,68000,27600,4200
3050,0,182500,49600,63300,27600,4200
3051,0,226000,55500,68800,30100,3400
3052,0,192000,57100,61600,27900,4400
3053,0,243200,54600,63800,28600,56800
3054,0,249700,52200,68600,28500,62300
3055,0,199200,50900,63800,28300,21400
3056,0,230700,50200,68000,28300,4400
3057,0,201300,50200,63500,28100,4300
3058,0,232400,50000,67900,28000,4200
3059,0,187600,49900,63400,27700,4100
3060,0,174700,49500,63300,27500,4200
3061,0,175300,49500,63200,27500,4100
3062,0,178700,49900,67500,27700,4100
3063,0,183100,49300,68600,28800,4000
3064,0,180200,50500,67000,27600,4200
3065,0,182200,49900,67300,27900,4300
3066,0,203300,50000,59900,27600,4200
3067,0,179600,49800,64000,27700,4100
3068,0,177300,49800,67000,27400,4100
3069,0,181500,49600,68100,27500,4200
3070,0,202000,49700,63000,27900,4300
3071,0,180500,50100,67400,27900,4100
3072,0,181500,49800,67400,27400,4200
3073,0,178000,50000,59700,27800,4300
3074,0,184000,49800,63600,27800,4300
3075,0,239600,49500,119300,102200,4100
3076,0,190200,50200,63000,28300,4500
3077,0,186600,50000,63700,28100,4100
3078,0,221300,50100,63900,28200,4200
3079,0,197100,50100,63300,28000,4300
3080,0,187600,50400,63100,28000,3300
3081,0,218900,50000,63800,28100,4400
3082,0,213800,50000,63500,28100,4400
3083,0,179900,49900,63400,27800,4300
3084,0,176800,49800,63400,27600,4200
3085,0,177600,50000,63600,27900,4200
3086,0,180200,49900,67600,27500,4200
3087,0,214500,49900,64400,29500,4300
3088,0,201100,54600,63400,27900,3300
3089,0,182800,49900,63400,27900,4200
3090,0,188800,49900,67800,28000,4300
3091,0,193300,49800,63800,28100,4300
3092,0,192200,54800,64200,28000,3300
3093,0,198900,50500,71600,28000,4300
3094,0,204700,50400,63500,27700,4300
3095,0,183600,49900,67900,27700,4100
3096,0,216600,50000,67800,28000,4300
3097,0,178800,49700,63300,27600,4300
3098,0,209400,50000,67800,28300,4300
3099,0,200700,53800,71600,29100,4200
3100,0,222300,60000,67000,29800,4300
3101,0,206800,54900,67100,29900,5100
3102,0,178100,49800,63300,28000,4500
3103,0,179000,49400,63500,27900,4300
3104,0,187800,49700,67600,28000,4300
3105,0,185500,49200,58900,28300,4300
3106,0,211600,49700,58700,28200,4400
3107,0,189100,49600,63300,28000,4100
3108,0,193100,49600,67500,28000,4200
3109,0,193800,50200,67300,28200,4400
3110,0,185700,49500,67400,27800,4200
3111,0,221300,48400,65700,29200,4200
3112,0,204200,55600,66800,28200,4200
3113,0,202900,56900,66300,28200,4300
3114,0,264000,54900,67300,28300,70300
3115,0,254600,56000,63900,28700,63600
3116,0,211000,50800,67800,28600,21200
3117,0,186000,49500,67000,27900,4300
3118,0,280000,49800,73500,40400,4400
3119,0,223100,54200,64100,28500,4400
3120,0,223300,49900,67900,28000,4300
3121,0,210300,49800,63400,28500,3500
3122,0,177400,49400,67200,27900,4200
3123,0,171900,49000,63900,28900,3200
3124,0,172200,49500,62600,27300,4200
3125,0,183200,49200,67600,27900,4100
3126,0,210700,50100,67400,27700,4100
3127,0,181600,49300,67200,27300,4100
3128,0,180900,54200,63600,27300,4100
3129,0,181700,49700,67600,27700,4200
3130,0,206100,50000,67300,27700,4200
3131,0,176400,49500,63100,27500,4200
3132,0,175100,49300,63300,27600,4100
3133,0,175500,49100,63200,27500,4200
3134,0,189200,51000,71700,32500,4100
3135,0,191100,50000,69100,29200,4200
3136,0,186900,49700,63500,28000,3300
3137,0,187600,50100,65000,27800,4400
3138,0,227400,50300,67800,28000,4200
3139,0,199100,49900,63400,27900,4600
3140,0,192700,49900,68200,27800,4300
3141,0,211300,50400,67600,27700,4300
3142,0,207100,49700,67900,28000,4200
3143,0,185700,50100,67200,27600,4100
3144,0,175200,49500,63300,27600,4000
3145,0,174400,49700,63800,27500,4200
3146,0,174300,49700,63400,27500,4000
3147,0,180400,49800,68900,28600,4200
3148,0,179000,49800,67400,27500,4300
3149,0,225200,49300,63800,28200,4300
3150,0,208300,49900,63300,28200,4400
3151,0,185400,50000,63000,27900,4400
3152,0,186900,50200,66600,27700,4300
3153,0,183400,50100,63300,28000,4100
3154,0,206300,54900,63700,27800,3400
3155,0,177600,49700,64200,27700,4300
3156,0,212500,50300,63700,27900,4300
3157,0,178900,49700,68400,27500,3200
3158,0,207300,50300,67600,28000,4200
3159,0,186200,49800,63800,29100,4300
3160,0,179100,50600,67500,27400,4100
3161,0,179600,49500,67800,27700,4100
3162,0,176200,54200,63500,27300,3100
3163,0,177700,53700,63900,27300,3200
3164,0,184000,49900,67400,27600,4300
3165,0,189700,50000,63700,27700,4300
3166,0,214700,50200,68200,28200,4200
3167,0,189000,49600,63900,28000,4200
3168,0,192300,54800,63300,28000,3300
3169,0,185800,49700,63300,28000,4200
3170,0,189000,49700,62900,28000,4300
3171,0,232900,50500,67600,30800,4300
3172,0,190300,52900,63900,28300,4200
3173,0,189200,51100,66500,28000,4100
3174,0,199400,63300,63300,28000,4300
3175,0,239200,54600,60500,28900,56500
3176,0,252400,51700,69800,28600,63000
3177,0,202100,51100,64000,28200,21000
3178,0,241800,54900,66800,28400,4400
3179,0,216100,52600,68600,28500,4600
3180,0,240500,51100,64800,28800,4500
3181,0,206700,49500,64300,28300,4300
3182,0,177400,50300,63600,27900,3300
3183,0,187600,55800,67800,35400,4100
3184,0,175100,49600,63800,27600,3300
3185,0,181000,49500,63600,27700,4200
3186,0,214500,51600,64300,30900,4300
3187,0,179600,49400,63300,27700,4300
3188,0,178000,49400,66000,30400,4200
3189,0,179500,49600,63900,27700,4100
3190,0,201800,49800,63200,27900,4400
3191,0,196800,49800,72500,28000,4200
3192,0,185600,49900,67500,28000,4200
3193,0,179600,49800,63800,27700,4200
3194,0,179200,49600,63200,27700,4200
3195,0,186200,49600,69000,29200,4100
3196,0,195800,50100,68400,28200,4300
3197,0,191900,49900,63300,28100,4400
3198,0,232800,50400,67800,28200,4400
3199,0,209900,49900,68300,28500,4300
3200,0,194600,50600,67600,28100,3300
3201,0,235400,49800,80100,43400,4400
3202,0,220000,54400,63500,28200,4400
3203,0,172500,49600,63500,27500,4100
3204,0,177600,49900,63200,27800,4200
3205,0,216800,49800,63500,27800,4100
3206,0,216100,50000,68200,28200,4300
3207,0,180700,50100,68500,28700,4100
3208,0,180100,49700,67700,27700,4200
3209,0,189600,49900,67900,28100,4500
3210,0,190700,49900,67400,27700,4200
3211,0,230000,50400,68100,28400,4300
3212,0,212300,49900,67300,28100,4300
3213,0,185900,50000,64000,28000,4300
3214,0,208800,50200,68000,27900,4300
3215,0,177500,49900,63700,27800,4200
3216,0,213000,49700,67900,28000,4200
3217,0,181200,49600,63400,27600,4100
3218,0,204300,50500,64300,27600,4200
3219,0,203600,50200,65200,29200,4400
3220,0,171900,49700,63200,27300,4200
3221,0,175100,49500,63500,27600,4200
3222,0,176200,54100,63600,27300,3300
3223,0,177900,49900,67400,27200,4200
3224,0,177600,50100,63100,27400,4200
3225,0,183700,49800,68400,27800,4200
3226,0,203000,50000,67700,27900,4200
3227,0,175200,49600,63500,27700,4200
3228,0,178500,49800,63300,27700,4100
3229,0,187800,50100,68200,27800,4100
3230,0,188400,49700,67200,27700,4200
3231,0,220500,50300,69100,29100,4400
3232,0,193100,49900,67600,27800,4200
3233,0,192200,48400,67400,28000,4300
3234,0,182100,50900,66500,27600,4200
3235,0,188900,56800,65900,27900,4300
3236,0,241500,54600,63800,28300,56900
3237,0,242500,51400,64100,28400,63000
3238,0,251000,50700,68300,28200,20900
3239,0,196000,49900,63400,28100,4300
3240,0,183400,49400,67400,27900,4200
3241,0,178600,49700,63500,27700,4400
3242,0,213200,50100,63200,28200,4400
3243,0,204300,49900,68500,29500,4200
3244,0,178700,49600,67500,27400,4100
3245,0,178100,49500,63700,27600,4100
3246,0,209800,49900,67600,27900,4100
3247,0,179000,49900,63200,27600,4200
3248,0,178600,55100,63400,27400,3100
3249,0,185900,49800,67400,28000,4200
3250,0,207800,49900,63800,28000,4300
3251,0,182700,49600,63600,27900,4200
3252,0,187600,49500,68100,27600,4100
3253,0,185800,50100,67700,28000,4300
3254,0,184100,49800,67400,28000,4300
3255,0,195600,49900,64200,29000,8100
3256,0,187700,49800,63500,28100,4400
3257,0,183800,50100,63600,28100,4300
3258,0,258400,61400,71100,29800,4500
3259,0,234300,64200,62000,30300,4400
3260,0,205900,52000,64500,29700,4900
3261,0,249900,53600,71400,29900,5100
3262,0,222600,49700,67700,28400,4500
3263,0,184500,49800,67200,27800,4300
3264,0,181500,49300,63000,27800,4100
3265,0,175500,49700,66800,27200,4200
3266,0,178400,49600,67100,27600,4000
3267,0,189500,49900,75800,31800,4200
3268,0,184700,49900,67300,27900,4400
3269,0,190800,49600,67400,28000,4300
3270,0,183800,49300,58100,27900,4300
3271,0,194500,49600,62900,28600,4300
3272,0,185300,49600,62400,27900,4300
3273,0,229700,53800,63700,28300,4400
3274,0,236600,54400,63400,28100,4300
3275,0,178400,49500,62400,27700,4200
3276,0,216500,49800,67100,27900,4400
3277,0,176600,49400,62800,27700,4300
3278,0,209200,54300,63100,28000,4200
3279,0,192300,53800,64300,29000,4200
3280,0,172400,49300,62800,27500,4200
3281,0,185400,53800,62700,28000,4200
3282,0,183100,49300,67000,27600,4000
3283,0,183900,49500,66800,27700,4200
3284,0,180000,49200,62700,27600,4300
3285,0,190300,49500,67500,27900,4100
3286,0,205200,49600,62700,28000,4300
3287,0,175100,49000,62700,27800,3300
3288,0,177200,49300,63400,27500,4200
3289,0,181300,51500,59600,28300,4300
3290,0,225000,49600,63400,28300,4300
3291,0,256100,50400,67000,30800,4300
3292,0,195900,49000,66000,28000,4300
3293,0,192500,50200,67600,28200,4100
3294,0,187700,48000,67200,27800,4300
3295,0,188200,50300,63600,27700,4300
3296,0,187800,56500,65500,27900,4100
3297,0,246900,54600,73900,28600,57600
3298,0,297600,51700,68400,28700,62600
3299,0,214900,50800,67900,28500,21000
3300,0,180000,50000,62900,27800,4200
3301,0,184500,54100,63200,27600,4200
3302,0,182500,50000,67500,27800,4200
3303,0,177600,49400,64000,28800,4100
3304,0,216800,50000,67600,28400,4300
3305,0,207400,49500,67200,28200,4300
3306,0,215500,49600,67200,27900,4200
3307,0,175800,49200,62800,27700,3300
3308,0,176400,49000,67100,27600,4200
3309,0,176300,49600,62900,27600,4100
3310,0,201400,50700,62500,27800,4200
3311,0,179200,50300,64100,27900,4100
3312,0,189600,50500,72600,27800,4200
3313,0,181000,49400,67600,27600,4000
3314,0,176000,49400,62700,27800,4100
3315,0,181800,49000,68200,29000,4100
3316,0,186100,49500,67400,27900,4300
3317,0,183300,49000,68300,28000,4200
3318,0,206800,49500,63300,28200,4300
3319,0,193800,49700,67200,27900,4200
3320,0,183200,49200,66700,27600,4300
3321,0,213300,49700,66800,28100,4400
3322,0,207500,49200,63300,27900,3400
3323,0,177800,49100,62400,27800,4200
3324,0,179300,49700,66600,27700,4300
3325,0,179100,49400,66600,27600,4100
3326,0,182400,49600,66400,27800,4300
3327,0,174000,49000,68100,28600,4100
3328,0,171800,49300,62100,27600,4100
3329,0,185400,49500,66600,27700,4300
3330,0,190000,49200,67300,27900,4300
3331,0,191700,49600,67500,27800,4500
3332,0,189600,53700,62700,27900,4400
3333,0,192500,50000,67000,28000,4300
3334,0,206600,49300,63300,28200,4300
3335,0,229500,49900,68600,28500,4200
3336,0,238900,49200,63300,28400,4300
3337,0,187700,49800,67400,28000,4200
3338,0,248500,61800,77100,34300,4400
3339,0,215100,53500,66100,31100,4800
3340,0,206400,62300,66800,29900,5300
3341,0,181300,50200,59300,28500,4700
3342,0,177800,49700,63300,27900,4200
3343,0,181600,54200,63700,28100,3200
3344,0,181200,54100,63700,27800,3200
3345,0,187700,49700,68000,27800,4200
3346,0,243000,53800,71000,30200,5200
3347,0,207000,53600,66700,29900,5000
3348,0,197900,53000,67000,29800,5100
3349,0,203600,53600,67600,29600,5100
3350,0,186900,49800,63200,28100,4400
3351,0,220700,49200,66400,29700,4400
3352,0,193400,52600,59700,28400,3400
3353,0,191100,49600,63700,28200,4300
3354,0,192600,49600,67500,28000,4300
3355,0,184400,48000,62600,27900,4300
3356,0,193100,51000,63500,27800,4400
3357,0,193500,57000,62800,28100,4300
3358,0,296500,55800,68200,28700,58100
3359,0,257500,51000,68100,28200,62900
3360,0,206500,50600,60900,29700,21000
3361,0,188100,49600,63000,28200,4400
3362,0,179200,50100,63000,28000,4200
3363,0,184100,49500,66200,29500,4100
3364,0,186800,49300,64100,27900,4300
3365,0,188100,49500,67200,27900,4100
3366,0,257100,54600,63400,28600,4400
3367,0,214700,49500,66300,30200,4200
3368,0,190500,51900,68500,28000,4100
3369,0,188300,50400,65700,29100,4300
3370,0,219000,56000,63800,28000,4400
3371,0,192400,50400,68200,28300,4200
3372,0,186100,49600,68800,29400,4300
3373,0,181700,49500,67100,27700,4200
3374,0,185700,49300,67400,27900,4200
3375,0,220500,49600,63800,29200,4300
3376,0,215500,49200,61300,28600,4300
3377,0,178800,49200,63100,28100,4400
3378,0,211700,49500,67200,28100,4200
3379,0,191000,49600,63200,27800,4200
3380,0,188100,50300,67100,27600,4100
3381,0,211300,49700,67400,28000,4400
3382,0,202200,49000,62600,28000,4300
3383,0,173600,48900,62400,27500,4300
3384,0,181700,49400,66900,27500,4100
3385,0,180000,49200,67100,27600,4200
3386,0,179400,49200,66200,27400,4200
3387,0,182100,49900,68800,28800,4400
3388,0,205000,52200,68700,29700,5000
3389,0,215300,56300,71400,30000,5100
3390,0,200500,52100,65300,28500,4700
3391,0,199900,51700,67700,28100,4200
3392,0,198300,53700,67300,27900,4400
3393,0,192600,50200,67200,28100,4300
3394,0,215000,50100,68100,28200,3300
3395,0,187200,49800,68200,27900,4100
3396,0,213200,50300,63600,28100,4400
3397,0,214500,51300,61000,28200,4100
3398,0,229400,50200,63500,28300,4300
3399,0,192400,50100,68400,28900,4200
3400,0,177400,49600,68600,27600,4200
3401,0,181500,51000,67300,27500,4100
3402,0,173500,49500,63400,27400,4200
3403,0,178700,49100,68400,27600,4200
3404,0,175700,50300,63300,27800,4400
3405,0,175400,49500,59500,27900,4200
3406,0,202600,49300,63900,28100,4300
3407,0,172200,49500,63600,27800,3000
3408,0,170700,49300,60400,27500,4200
3409,0,180900,49900,68000,27800,4000
3410,0,180200,50200,63400,27800,4200
3411,0,215900,54400,63600,31100,4100
3412,0,183400,50200,63400,27600,4200
3413,0,182400,49700,63400,27600,4100
3414,0,187300,50100,67500,27800,4300
3415,0,189800,49700,68300,27700,4300
3416,0,193300,48500,67500,27500,4300
3417,0,200300,52600,68300,28200,4500
3418,0,251200,63000,67100,28100,3500
3419,0,267300,59300,63600,28700,58200
3420,0,250500,52200,68800,28500,63200
3421,0,221500,51100,68700,28600,21300
3422,0,191500,50400,67200,28200,4300
3423,0,187700,50100,64900,29300,4300
3424,0,185800,49500,68100,28000,4200
3425,0,184000,50200,60500,28100,4400
3426,0,214100,50000,64000,28200,4400
3427,0,191400,50700,67900,28000,4300
3428,0,226500,49800,67800,27900,4400
3429,0,220300,55800,69700,29600,4500
3430,0,226100,50100,65000,28600,4700
3431,0,203700,53100,63700,30000,5100
3432,0,191000,51200,68200,28300,4400
3433,0,179600,49300,63400,27900,4200
3434,0,192200,49400,67600,28000,4100
3435,0,186300,49700,65700,29000,4300
3436,0,190200,49700,67100,28000,4200
3437,0,182700,49200,63600,28100,4400
3438,0,214500,50100,59500,28300,4200
3439,0,194900,49400,63400,28300,4300
3440,0,182500,49400,67100,27800,4300
3441,0,211800,49400,64000,28300,4200
3442,0,208700,54900,62700,27800,4300
3443,0,175100,49500,66100,27600,4200
3444,0,171700,48800,62300,27400,4200
3445,0,177100,49500,62800,27800,4100
3446,0,184700,53500,63200,27800,4100
3447,0,183300,49200,68100,29000,4000
3448,0,187800,53900,63600,27900,4100
3449,0,188300,49000,62800,27900,4200
3450,0,199000,49500,67600,28500,4300
3451,0,192300,49500,63100,28400,4400
3452,0,198200,49800,67400,28600,4500
3453,0,201000,49600,67600,28500,4400
3454,0,222300,49700,68000,28300,4400
3455,0,186700,49500,63300,28000,4400
3456,0,217000,49700,62900,28400,4200
3457,0,189500,49800,67800,28100,4200
3458,0,217200,49600,67300,28100,4300
3459,0,229500,49700,62900,29600,4400
3460,0,241600,50000,67500,28500,4300
3461,0,216500,49400,67700,28400,4400
3462,0,177300,49100,62800,27500,4200
3463,0,172000,49200,62200,27700,4100
3464,0,177600,49500,66300,27700,4100
3465,0,178100,49300,62800,27700,4100
3466,0,205400,49100,67100,28100,4200
3467,0,172300,49100,62400,27700,4200
3468,0,171900,49300,62800,27500,4100
3469,0,178800,49300,67000,27800,4100
3470,0,182200,49300,67600,27800,4200
3471,0,215600,49800,69400,29000,4200
3472,0,191500,52000,66600,27600,4200
3473,0,180200,49600,63300,27900,4200
3474,0,180900,53600,62900,27800,3200
3475,0,176800,49900,62600,28000,4200
3476,0,186800,49600,67100,28000,4200
3477,0,184800,49400,67400,27600,4300
3478,0,233700,50900,63600,27900,4400
3479,0,200200,57000,62800,28000,4400
3480,0,244600,57400,62500,28300,58100
3481,0,249400,51200,59600,28600,63100
3482,0,196600,50500,67900,28600,21000
3483,0,181800,49600,68100,29100,4400
3484,0,182900,49800,67800,27800,4200
3485,0,187300,49400,67400,28000,4200
3486,0,206800,49600,62700,28000,4400
3487,0,177000,49300,58300,28000,4100
3488,0,179600,53500,62900,27700,3300
3489,0,182500,49300,66600,27900,4400
3490,0,241300,49300,67400,28300,4300
3491,0,204300,49200,67400,27900,4300
3492,0,175700,49200,63000,27600,4300
3493,0,178800,49300,67000,27600,4000
3494,0,195400,49100,78000,37600,4200
3495,0,195200,53800,70000,29300,4200
3496,0,197400,51700,69400,28100,4200
3497,0,177400,49100,62800,27700,4200
3498,0,206000,49300,62900,27900,4200
3499,0,193800,49500,67300,27700,4100
3500,0,179300,54200,63300,27500,3300
3501,0,209700,54000,62800,28000,4300
3502,0,198500,49300,62700,27600,4400
3503,0,173600,53100,62300,27300,4100
3504,0,172900,49300,62300,27400,4000
3505,0,176400,49200,62300,27500,4000
3506,0,180700,49100,67400,27900,4000
3507,0,182100,49500,63600,28800,4300
3508,0,191000,49400,67100,28000,4100
3509,0,188800,53800,63000,28100,3300
3510,0,189300,49700,63300,28200,4300
3511,0,192000,49100,63000,27800,4300
3512,0,203000,49800,67500,28300,4300
3513,0,187900,49500,67700,28400,4300
3514,0,205200,49400,63300,28100,4400
3515,0,193800,56100,64600,28100,4300
3516,0,218500,49600,63100,28200,4200
3517,0,186000,49300,67100,27900,4200
3518,0,211700,50100,67000,28000,4300
3519,0,196000,49500,68000,29400,4300
3520,0,179400,49000,67300,27900,4300
3521,0,214100,49500,63100,28300,4400
3522,0,203900,49700,67800,28000,4400
3523,0,175000,49600,62500,27900,4400
3524,0,180400,49300,67300,27700,4200
3525,0,176500,50300,59100,28000,4300
3526,0,201000,49500,60600,28300,4300
3527,0,178900,50200,68300,27800,4000
3528,0,183800,49600,66300,27500,4200
3529,0,180900,53400,63600,27700,4200
3530,0,178400,49600,62400,27600,4300
3531,0,214300,49600,67000,30500,4300
3532,0,181500,49200,62900,27900,4100
3533,0,183900,49600,66500,27800,4200
3534,0,181500,49400,66600,27700,4200
3535,0,181500,49500,62500,27600,4100
3536,0,183400,49800,62800,28100,3300
3537,0,182100,49000,63000,27800,4100
3538,0,235700,48200,68000,28300,4400
3539,0,202800,50500,66100,27800,4200
3540,0,195700,56700,65400,27800,4400
3541,0,243400,54100,63400,28600,56200
3542,0,244400,51400,61200,28600,62500
3543,0,203300,50700,62200,29700,21100
3544,0,181000,49900,62900,28000,4300
3545,0,227800,49700,67600,28300,4300
3546,0,250600,50000,68000,28600,4400
3547,0,187900,49600,67200,28100,4200
3548,0,176200,49300,62600,27500,4200
3549,0,180300,49600,62600,27800,4300
3550,0,222100,49500,78500,42200,4500
3551,0,182600,49600,66500,27700,4300
3552,0,211200,49200,63600,28000,3500
3553,0,204600,49400,67700,28100,4200
3554,0,177200,49200,62900,27600,4200
3555,0,179500,49100,65400,29200,4200
3556,0,183200,50000,64500,27900,4300
3557,0,182100,50300,64900,27900,4400
3558,0,207200,49400,63100,28200,4300
3559,0,188500,49400,63000,28000,3300
3560,0,175700,49200,62600,27500,4200
3561,0,205000,49300,63100,27800,4300
3562,0,198800,49000,63100,27900,4200
3563,0,172800,49300,67100,27300,4000
3564,0,168200,49000,62800,27200,4000
3565,0,167900,48900,62600,27300,3900
3566,0,166900,48900,61800,27100,4100
3567,0,173500,49200,67600,28700,4100
3568,0,175400,48900,67100,27600,4100
3569,0,186700,50100,67300,27700,4200
3570,0,186700,49100,63300,28200,4200
3571,0,193800,50200,67000,28100,4300
3572,0,192900,49400,67300,27900,4200
3573,0,198000,49500,71800,29900,4300
3574,0,267600,53500,67200,29800,4100
3575,0,228800,70600,66300,29800,4300
3576,0,225900,50300,65500,28500,4700
3577,0,182200,50000,64500,27900,4200
3578,0,216200,54900,63500,28200,4300
3579,0,191300,49300,65400,29300,4200
3580,0,180900,54200,63300,27800,4200
3581,0,180300,49600,63400,27700,4100
3582,0,179900,49400,67100,27500,4200
3583,0,217300,50000,67500,28100,4200
3584,0,205100,49800,67500,27900,4500
3585,0,185300,49800,67400,27900,4300
3586,0,206100,49700,67200,27800,4300
3587,0,177100,49500,67000,27500,4200
3588,0,177800,49100,67100,27600,4100
3589,0,178100,49200,62900,27700,3300
3590,0,185500,49800,62300,27800,4300
3591,0,219000,49700,65600,29300,4300
3592,0,198900,53600,63100,27800,4100
3593,0,186500,49300,63400,28200,4200
3594,0,183700,53400,62700,27600,4100
3595,0,177100,48900,62900,27900,4100
3596,0,184300,49300,67500,28100,4200
3597,0,188600,60200,63300,28000,4200
3598,0,226500,49300,63100,28200,4300
3599,0,189800,47900,64000,27800,4300
0,1,780300,76700,208400,194300,217900
1,1,261600,75200,74000,28900,41700
2,1,198300,60800,63900,27800,4500
3,1,261200,68300,70300,37500,56400
4,1,267900,54800,79100,40800,63600
5,1,209600,51500,65800,28800,20500
6,1,194400,50300,64400,28200,4500
7,1,233600,51000,67700,28200,4200
8,1,195100,49600,73600,44100,4500
9,1,192600,50000,62700,28300,4400
10,1,210600,50000,67200,27800,4300
11,1,187400,50000,67300,27700,4300
12,1,183600,49800,62700,27800,4200
13,1,189300,49600,68700,27800,4200
14,1,187000,49900,63000,27900,4300
15,1,188000,50100,63500,29100,4300
16,1,204900,49500,85300,51500,4300
17,1,207600,50100,63600,28500,4300
18,1,270900,50200,67900,28600,4300
19,1,228600,50000,68000,28200,4500
20,1,193100,49700,67400,28200,4300
21,1,222700,50200,68200,28100,4300
22,1,215800,49800,67800,28100,4400
23,1,173200,49600,62400,27400,4100
24,1,430100,49700,66900,27600,4200
25,1,563800,49900,63100,28300,4400
26,1,526400,49900,65100,28300,4600
27,1,177900,50100,62200,29500,4200
28,1,180400,49700,67400,27900,4600
29,1,187300,49600,64900,28300,4300
30,1,188700,49700,63200,28200,4500
31,1,187600,50000,67700,27700,4300
32,1,207800,49600,81300,52600,4700
33,1,217000,53800,70400,30000,4900
34,1,218300,52300,62300,28700,4400
35,1,224600,54100,82400,43300,4300
36,1,233900,50300,68500,28300,4700
37,1,219100,52600,71500,29700,4900
38,1,250200,55600,71700,30300,5500
39,1,225800,53100,68500,30800,5000
40,1,194200,50800,68200,28400,4300
41,1,192000,50300,68100,28100,4300
42,1,187500,49700,67800,28000,4500
43,1,186900,49500,63700,27800,4200
44,1,183500,49500,64100,28500,4300
45,1,194400,49800,67700,28400,4200
46,1,211400,49500,67600,28300,4400
47,1,178500,49700,62100,27900,3200
48,1,178300,50100,62700,28200,4200
49,1,238500,49900,68400,28300,4300
50,1,216500,49600,67900,28400,4500
51,1,249900,49900,87900,58200,4300
52,1,197800,49700,67800,28000,4600
53,1,189700,49500,67700,27900,4200
54,1,189400,49900,63200,28600,4300
55,1,175800,49800,63400,28300,4300
56,1,184300,49800,63200,27900,4400
57,1,182700,49400,59300,27900,4300
58,1,232500,49600,63300,28600,4300
59,1,206500,50200,67800,27800,4400
60,1,280800,52000,67700,29900,5000
61,1,234900,48700,65700,28800,4400
62,1,179000,51000,64000,27700,4200
63,1,185600,56700,66400,28900,4300
64,1,263800,55900,90100,59800,57600
65,1,281300,57100,64300,30300,89200
66,1,246100,51500,63900,28600,21900
67,1,184900,49700,63400,28100,4300
68,1,186100,50000,68100,28200,4500
69,1,188000,49900,63500,28100,4200
70,1,213800,50200,67600,28000,4600
71,1,186500,54300,62200,28000,3300
72,1,200700,50300,72600,28100,4500
73,1,203800,52400,67100,29900,5100
74,1,206900,52100,67100,29800,5200
75,1,199700,51300,70400,29700,3300
76,1,191100,50100,69000,28400,4400
77,1,193800,54100,63500,28100,4300
78,1,219000,49700,63500,28200,4300
79,1,192700,50400,64100,28300,4200
80,1,221300,49800,64300,28400,4500
81,1,235900,49800,63100,28500,4200
82,1,206100,49600,67600,27700,4400
83,1,175700,53900,63900,27400,4100
84,1,174800,55500,62700,27300,4100
85,1,180300,49500,72300,39400,4200
86,1,170600,49400,62900,27500,4300
87,1,170100,49100,63300,28700,4200
88,1,174400,49400,63000,27600,4300
89,1,186500,49400,68000,28000,4300
90,1,185200,49700,62900,28000,4300
91,1,179800,49500,63100,28100,4300
92,1,183500,49500,62700,27600,4400
93,1,183300,49400,63500,28100,4200
94,1,195900,49600,63000,28100,3300
95,1,183200,49500,67400,27500,4300
96,1,215500,49500,68000,28400,4400
97,1,186000,49900,62600,28000,4400
98,1,205900,49400,59000,28200,4400
99,1,206700,48900,79000,45500,4200
100,1,184000,49500,67800,28000,4400
101,1,181700,49700,62300,27900,4300
102,1,187000,54800,62800,28100,4400
103,1,178900,49500,67600,27600,4300
104,1,182400,49500,61400,28800,4200
105,1,197400,49500,67700,28200,4300
106,1,207200,49700,62800,28200,4400
107,1,189900,49900,67600,28000,4200
108,1,185800,49700,65300,28400,4300
109,1,189800,49900,67500,28200,4300
110,1,183700,49600,62800,28100,4200
111,1,270500,49900,67200,29600,4500
112,1,258700,52900,67200,30200,8400
113,1,241500,54700,68000,29800,3900
114,1,193800,50500,70200,28600,4300
115,1,311500,104100,122600,29900,4800
116,1,341000,101000,120800,29500,4900
117,1,341500,99200,120100,29300,4500
118,1,416200,101700,120200,29500,4600
119,1,349100,99400,121600,28800,4500
120,1,330800,100200,109500,29700,4700
121,1,184500,50700,63800,29100,4500
122,1,183600,49200,68100,27800,4400
123,1,185100,51100,69000,28900,4200
124,1,189100,56800,65600,28100,4200
125,1,246700,54800,68300,28600,57600
126,1,280200,51500,67900,28400,63500
127,1,198000,50600,61800,28600,20700
128,1,210100,49400,89600,68300,4300
129,1,192200,50100,63900,28400,4300
130,1,212200,49900,63400,28400,4200
131,1,193900,54400,63400,28100,4300
132,1,190800,54200,63800,27900,3200
133,1,189700,49500,69200,28200,4400
134,1,183600,49500,63400,28400,4400
135,1,189700,49800,65400,29400,4300
136,1,195200,50000,67900,28500,4300
137,1,197900,50000,63200,28500,4500
138,1,220100,49800,60600,28500,4500
139,1,206100,49500,68800,28600,4300
140,1,187300,49600,63200,28100,4300
141,1,233900,62200,68300,28400,4400
142,1,243900,49800,61100,28600,4400
143,1,200400,49800,63000,28300,4300
144,1,174100,49000,63100,27700,3200
145,1,215000,49500,63100,28400,4300
146,1,225400,61700,67800,28400,4300
147,1,176300,49600,67800,28700,4100
148,1,176400,49700,67200,27800,4200
149,1,184000,54600,63000,27900,3300
150,1,196900,50000,68100,28200,4300
151,1,190600,50100,70300,28000,4300
152,1,209500,57300,62400,30000,4900
153,1,194800,50600,69400,28600,4400
154,1,228000,50000,63300,28600,4400
155,1,185200,54700,64800,28100,4200
156,1,206700,49800,59200,28300,4300
157,1,180100,48600,63500,27900,4200
158,1,210200,50100,68800,28200,4200
159,1,191100,49800,65500,29200,3400
160,1,183800,49300,68100,27800,4200
161,1,192800,49700,67100,30900,4300
162,1,185100,50400,63500,28100,4200
163,1,177400,49500,62900,27900,4200
164,1,187500,49700,67700,28000,4400
165,1,184000,49400,63300,28300,4200
166,1,201400,49300,63200,28000,4300
167,1,189300,54400,63600,28100,4200
168,1,182000,49400,68100,28100,4200
169,1,186900,49600,67900,28100,4400
170,1,187600,49400,67500,27900,4300
171,1,221300,49700,67000,30500,4300
172,1,184400,49400,62500,27700,4300
173,1,218700,49900,61900,28700,4300
174,1,204400,49700,63800,28300,4400
175,1,179400,49400,67700,27700,4300
176,1,176500,49100,63600,28000,4200
177,1,179900,49300,63000,27900,4300
178,1,223100,49400,59500,28600,4400
179,1,185100,49400,63000,28000,4300
180,1,173900,49500,62800,27900,4200
181,1,177800,49400,68100,27900,4300
182,1,176900,53800,62800,27900,4300
183,1,178200,48500,68100,28500,4200
184,1,188000,50000,66700,27900,4200
185,1,196100,60300,70400,28400,4300
186,1,279700,61000,63000,28900,58000
187,1,244700,51500,66100,28600,68200
188,1,188500,50500,59700,28600,20900
189,1,187700,54800,63300,28100,3300
190,1,216200,49600,68700,28500,4200
191,1,200400,49600,67800,28400,4300
192,1,195200,50000,67700,28300,4400
193,1,184800,50600,61100,28300,4300
194,1,197900,50400,70800,28400,4400
195,1,203500,49900,76300,45500,4300
196,1,184200,49700,62900,28000,4400
197,1,196500,49700,67500,28200,4300
198,1,221700,49500,68500,28300,4400
199,1,192000,49700,62900,28400,3200
200,1,183600,50000,62600,28100,4300
201,1,219900,54600,63400,28400,4200
202,1,211800,50000,67800,28700,4400
203,1,176600,53700,63400,28000,3200
204,1,214200,49900,63000,28500,4300
205,1,201600,49800,67800,28200,4200
206,1,178000,49600,67600,27600,4300
207,1,179500,49700,68300,28900,4200
208,1,177500,49500,67200,27700,4200
209,1,187300,49700,67400,28300,4300
210,1,186800,49600,63500,28400,4400
211,1,182400,49700,63100,28200,4200
212,1,190600,49800,67600,28300,4400
213,1,189300,49700,68300,28400,4200
214,1,206600,49300,67500,28400,4400
215,1,188500,49800,67100,28000,4300
216,1,217400,50000,68100,28400,4300
217,1,182500,49600,62500,28100,4100
218,1,203400,49500,63200,27900,4300
219,1,194400,49700,66600,29400,4500
220,1,180600,49300,67500,27900,4300
221,1,192300,49700,67400,28100,4300
222,1,195600,49600,68000,28300,4300
223,1,187900,49600,67700,28300,4300
224,1,194800,50000,68000,28500,4300
225,1,192400,50000,63300,28300,4300
226,1,206600,49800,62600,28400,4400
227,1,186500,49400,68200,28000,4300
228,1,187800,49800,67600,28100,4400
229,1,194900,49800,68200,28500,4200
230,1,230800,54300,62900,28300,3300
231,1,262300,49800,66700,30000,4500
232,1,193200,50400,68000,28600,4200
233,1,182900,49500,63500,28300,4200
234,1,185600,49600,67700,28200,4200
235,1,220300,54400,64400,28400,3200
236,1,212100,50800,68800,28700,4200
237,1,185000,49800,67000,27900,4200
238,1,226800,49900,63300,28500,4200
239,1,191400,49600,67300,27800,4300
240,1,180100,49600,67400,27600,4200
241,1,177700,49500,62400,27500,4100
242,1,176300,54600,62400,27900,3100
243,1,177300,49800,65600,29100,4200
244,1,178700,48000,67200,27600,4200
245,1,179700,50700,63400,28100,4400
246,1,217800,56600,65900,28200,4400
247,1,243600,54700,62700,28700,67000
248,1,240500,51500,66200,28900,63200
249,1,196900,50400,63300,28600,20700
250,1,198800,50000,62800,28100,4300
251,1,184200,49800,67900,28000,4300
252,1,185900,54200,62800,27800,4300
253,1,184700,49900,62300,28100,4200
254,1,182300,49600,62900,28100,4300
255,1,192800,49700,69500,29300,4300
256,1,232400,49300,111300,90400,4300
257,1,195700,50200,67800,28500,4500
258,1,216000,49800,63500,28400,4400
259,1,198600,50200,67900,28300,4400
260,1,182800,49600,62700,28000,4400
261,1,216700,50300,67800,28500,4400
262,1,213900,50000,65600,28200,4400
263,1,202300,56500,69100,28900,8600
264,1,175600,49600,62500,28000,4100
265,1,172100,49400,62400,27600,4200
266,1,217300,54800,62800,28400,4200
267,1,201900,50000,68300,29200,4400
268,1,175600,49700,62900,28000,4200
269,1,179800,49600,62800,28200,4200
270,1,189300,50100,67500,28400,4400
271,1,184600,49500,67600,27800,4300
272,1,189600,56100,62700,28000,4300
273,1,186300,49500,67900,28200,4300
274,1,207900,49800,67800,28200,4400
275,1,184100,49700,63100,28500,3200
276,1,210300,49700,62800,28100,4500
277,1,190000,49800,58900,28300,4300
278,1,211400,49800,64300,28400,5200
279,1,188300,49900,63200,29000,4400
280,1,181100,49600,67200,27600,4300
281,1,182000,49600,67900,28100,4200
282,1,187300,49600,69100,28500,4200
283,1,177700,49800,63000,27900,4200
284,1,188700,53900,63200,28300,4300
285,1,193400,49900,67700,28300,4300
286,1,205200,49800,63100,28500,4400
287,1,183700,49800,62900,28600,4200
288,1,185900,49700,67500,28400,4400
289,1,185200,50000,63300,28500,4300
290,1,184300,49500,62700,28200,4200
291,1,217000,49800,63300,30600,4400
292,1,189900,49900,62900,28800,4300
293,1,183900,49900,62600,28300,4200
294,1,185800,49800,63500,28800,4500
295,1,179800,49600,62500,28100,4200
296,1,180700,49800,63500,28300,4200
297,1,224100,49600,63100,28600,4300
298,1,252100,50000,63100,28500,4300
299,1,194300,50100,67500,28400,4300
300,1,187000,49400,67200,28100,4300
301,1,176400,49700,62400,28400,4300
302,1,179100,49300,67200,28100,4300
303,1,175300,49400,61900,29400,4200
304,1,180800,49200,67200,27900,4200
305,1,175500,47900,62800,28200,3100
306,1,220700,50700,69100,28700,4300
307,1,190800,56400,63100,28200,4200
308,1,240100,54300,67600,29200,56400
309,1,249600,57100,61600,29100,63300
310,1,220600,50400,66100,29000,20700
311,1,185100,49800,67700,28200,4200
312,1,182700,49900,62700,28300,4300
313,1,179500,49500,62400,28200,4300
314,1,190700,49800,67000,28400,4200
315,1,229900,49800,62400,29900,4200
316,1,226600,54200,64100,28800,4300
317,1,195800,49600,69000,28500,4400
318,1,218300,49500,63400,28800,4400
319,1,199700,49500,68100,28300,4200
320,1,186600,49500,67300,28500,4300
321,1,218500,50700,68000,28600,4200
322,1,214100,52000,71800,34800,3300
323,1,179100,49800,65900,27600,4300
324,1,176600,49500,62900,28100,4100
325,1,181400,50400,68600,27800,4300
326,1,173900,49200,62500,27700,4100
327,1,176200,49400,67600,28900,4100
328,1,220600,50500,69700,33400,4300
329,1,211700,50300,67600,29000,4400
330,1,189100,49500,67500,28400,4300
331,1,175900,49600,58700,28300,4300
332,1,179200,48700,60800,28600,4200
333,1,185700,49500,67900,28600,4400
334,1,198700,49400,63100,28500,4300
335,1,177600,49400,63100,28200,4200
336,1,208400,49500,68000,28300,4300
337,1,180500,49400,63200,28200,4300
338,1,204900,49400,67300,28100,4400
339,1,190600,49400,69400,29100,4100
340,1,175500,48900,67100,27800,4300
341,1,178000,49200,66800,27800,4200
342,1,180400,49400,62900,28100,4300
343,1,177300,49700,69200,27900,4200
344,1,227000,70100,67400,30500,5000
345,1,228500,54000,73000,30500,4900
346,1,479200,135100,157600,31600,5000
347,1,438500,133100,155100,30000,4500
348,1,438200,133300,153700,29800,4600
349,1,454500,134000,159900,31200,4600
350,1,367100,134000,73900,30800,4600
351,1,231100,51000,67000,30200,4600
352,1,188500,49500,61300,28800,4300
353,1,184100,49600,62700,28200,4300
354,1,188800,49400,68400,28700,4300
355,1,179900,49500,63600,28100,4200
356,1,185500,49300,67400,28400,4300
357,1,194600,53800,64100,28200,4300
358,1,235300,49800,67900,28700,4200
359,1,232900,49300,63700,28700,4400
360,1,221900,50200,64500,28700,4300
361,1,186600,49700,63100,28400,4400
362,1,192800,49400,67600,28200,4300
363,1,185300,49700,63600,29500,4300
364,1,183500,49600,67500,28400,4300
365,1,181900,49200,63200,28400,4300
366,1,214900,52200,63300,28600,3200
367,1,188600,50600,66100,28200,4100
368,1,182900,56500,63200,28200,4200
369,1,239900,54200,63000,29000,57600
370,1,267100,51400,66000,28900,63500
371,1,204200,51100,68500,28800,21100
372,1,185400,54000,63500,28500,4300
373,1,174900,49400,62800,28100,4300
374,1,183200,49500,67500,28100,4400
375,1,184400,49800,62300,29600,4300
376,1,188500,49600,63100,28600,4400
377,1,199100,49700,67800,28600,4400
378,1,220800,49500,62100,28900,4300
379,1,206400,49500,70700,28200,4100
380,1,188400,49700,63700,28600,4300
381,1,217800,49500,63600,28800,4300
382,1,210300,49800,68000,28600,4200
383,1,177100,49600,63600,28200,4300
384,1,180800,49400,67500,28300,4200
385,1,176400,49200,63600,28100,4100
386,1,181800,49300,67100,28200,4200
387,1,192400,49500,78800,49100,4200
388,1,178600,49800,62900,28300,4400
389,1,190500,49600,67500,28500,4300
390,1,231100,49800,65300,28900,4300
391,1,211600,49400,62500,29100,4200
392,1,203100,49100,64900,28600,7500
393,1,186100,49400,61100,28600,4400
394,1,207700,49400,63400,28800,4400
395,1,188000,54300,63600,28600,4200
396,1,215600,49400,69000,28900,4300
397,1,189500,49300,67700,28300,4200
398,1,222000,50000,70300,28600,4300
399,1,197300,53800,64900,29600,4400
400,1,224000,51000,68000,28700,4400
401,1,213100,49900,63500,28900,4400
402,1,175400,48800,62900,28000,4300
403,1,177800,49900,69900,27900,4200
404,1,174800,49100,63300,28300,4300
405,1,185000,49500,68000,28200,4300
406,1,203300,54100,63500,28400,3400
407,1,187300,52700,67800,28300,4400
408,1,184700,49000,64800,28500,4200
409,1,184300,49500,63000,28400,4400
410,1,189800,49700,67300,28300,4300
411,1,220500,49800,67200,30500,3300
412,1,194800,49600,68000,28500,4300
413,1,182500,49600,63100,28600,4200
414,1,187300,49300,67400,28500,4200
415,1,183800,49600,67700,28400,4300
416,1,183400,49500,65900,28500,4200
417,1,204500,57800,65600,29000,4200
418,1,241700,50100,66400,29200,4500
419,1,193800,49300,65300,28500,4300
420,1,182500,49100,67800,28200,4200
421,1,211900,49400,63400,28600,3600
422,1,203200,49900,68100,28200,4300
423,1,178000,49800,65500,29100,4300
424,1,179900,49500,67300,28100,4300
425,1,177300,49400,62600,28300,4100
426,1,218100,57800,63400,30700,4400
427,1,173400,47700,63200,28000,4300
428,1,175800,50500,64400,28100,4200
429,1,188300,56600,66200,28300,4200
430,1,259500,59100,62800,29100,57100
431,1,257500,64900,68500,28900,63500
432,1,199200,50800,62300,29100,20400
433,1,179500,49400,68200,28400,4200
434,1,175700,49500,62900,28300,4300
435,1,188300,49400,71800,37300,4300
436,1,183200,49900,68300,28100,4200
437,1,208600,49200,71000,28300,4300
438,1,221200,49800,67600,28800,4400
439,1,200500,54400,63600,28200,4300
440,1,189100,49200,65700,28800,4200
441,1,223400,50900,66500,28400,4200
442,1,209300,49600,67400,28600,4200
443,1,180900,53700,63100,28000,4200
444,1,183500,49200,63500,28400,4200
445,1,187100,49700,67600,28500,4300
446,1,180300,49200,62600,27900,4300
447,1,185000,49400,61200,29300,4200
448,1,178400,49800,62900,28700,3500
449,1,191500,49700,67900,28600,4300
450,1,193800,49300,65200,28700,4400
451,1,183300,49900,63200,28500,3400
452,1,231100,50000,65200,29200,4400
453,1,212600,49900,60900,28700,4400
454,1,208900,49500,68100,28800,4400
455,1,185300,49500,68000,28400,4400
456,1,219900,49400,67900,28500,4400
457,1,185000,49600,63700,28500,4200
458,1,205100,49700,65000,28600,4200
459,1,186200,49300,62600,29500,4200
460,1,174800,49600,63200,28300,4400
461,1,180800,49100,67400,28100,4100
462,1,183100,49600,67300,28500,4300
463,1,171500,49500,62100,28000,4300
464,1,182500,49500,68100,28300,4200
465,1,180200,49300,62600,28300,4200
466,1,200800,49700,67200,28500,4300
467,1,181500,49100,62400,28100,4200
468,1,182000,49400,67800,28700,4400
469,1,189700,49500,67800,28500,4300
470,1,194000,49500,63200,28300,4200
471,1,222300,49800,67200,30000,4500
472,1,196300,49000,61100,28500,4200
473,1,187900,49700,63500,28400,4300
474,1,188200,49300,63600,28800,4300
475,1,185400,49700,68300,28500,4200
476,1,192300,49700,67900,28600,4400
477,1,197900,49600,68000,28400,4400
478,1,234200,49300,65400,29000,4300
479,1,201500,49700,67800,28300,4300
480,1,183700,49400,63100,28500,4300
481,1,180400,49300,62900,28500,4300
482,1,184000,49500,67400,28000,4300
483,1,221600,49400,63600,30000,4500
484,1,217900,51300,68800,28900,4400
485,1,239700,49500,63500,28600,4300
486,1,249600,49900,65200,28900,4400
487,1,174200,48700,63500,27900,3400
488,1,180500,47900,63100,28000,4200
489,1,181100,49800,64800,28400,4200
490,1,204700,56800,63200,28700,3200
491,1,244700,58900,63800,29100,59900
492,1,236100,51300,62300,29100,62600
493,1,192000,50400,65700,28800,19600
494,1,181000,49700,67600,28200,4300
495,1,184800,51100,65900,29600,4400
496,1,195600,52600,69800,29200,4400
497,1,189600,50200,65100,28700,4500
498,1,220000,50300,70100,28700,4300
499,1,199200,55300,64800,28400,4300
500,1,208200,52000,71200,30100,5100
501,1,224300,50200,63500,28600,4300
502,1,216200,54100,64800,28700,4200
503,1,177200,50000,62700,28100,4200
504,1,180300,49800,63100,28000,4400
505,1,177400,49300,63400,28200,3700
506,1,178100,49200,67300,28000,4300
507,1,174000,49400,63300,28800,4100
508,1,180200,49100,67700,28200,4300
509,1,189300,49300,67800,28400,4200
510,1,191600,49300,65500,28900,4500
511,1,184100,49100,63200,28700,4200
512,1,192500,49600,67800,28500,4300
513,1,188900,49300,67800,28500,4300
514,1,248500,49500,67700,28800,4300
515,1,203300,49600,63700,28700,4300
516,1,208300,49700,62900,28500,4200
517,1,184400,49700,67100,27900,4300
518,1,211100,49000,63400,28400,4300
519,1,187500,49800,65800,29400,4300
520,1,174500,53300,63000,27700,3200
521,1,179200,53800,63500,28300,4200
522,1,176100,49100,64900,28400,4200
523,1,169000,48600,62800,27800,4100
524,1,187200,49700,68400,28100,4100
525,1,179800,49600,62700,28300,4300
526,1,225300,52100,64000,30400,5000
527,1,174900,50400,59300,28500,4200
528,1,176500,50300,64500,28200,4200
529,1,220900,55200,64300,30500,4500
530,1,212200,52500,65000,30700,5000
531,1,246900,50800,78400,44400,4400
532,1,201100,49600,64100,28700,4400
533,1,189700,49400,61100,28800,4100
534,1,189600,50000,63600,28800,4400
535,1,179900,49200,58700,28400,4400
536,1,194200,49600,68000,28600,4300
537,1,193700,49400,67800,28500,4400
538,1,246000,50700,67700,28700,4300
539,1,193700,49900,62700,28600,4200
540,1,186400,49700,67600,28500,4400
541,1,186300,55200,64300,28300,4200
542,1,186000,49700,67500,28200,4300
543,1,183600,50000,66200,29700,4300
544,1,180000,49300,63300,28500,4200
545,1,222500,49900,63200,28700,4300
546,1,238800,49700,63700,29000,4300
547,1,179000,49500,62900,28300,4200
548,1,179300,49400,67500,28100,4300
549,1,184100,48300,67600,28400,4300
550,1,204900,50400,64600,28700,4100
551,1,187200,57100,62900,28400,4200
552,1,240700,59000,63600,29000,56600
553,1,241900,51400,62800,29000,63400
554,1,201700,51000,68600,28600,20900
555,1,183800,50200,64200,29500,4400
556,1,193300,49300,76000,42000,4300
557,1,185700,49400,63200,28500,4200
558,1,214700,49500,65000,28500,4300
559,1,190100,49800,62600,28400,4300
560,1,190000,49200,67900,28400,4100
561,1,219800,49800,67300,28600,3400
562,1,212000,49500,63200,28600,4400
563,1,181400,49200,62800,28300,4200
564,1,186600,49100,67200,28200,4200
565,1,179000,48500,63000,28100,4300
566,1,187500,49300,68000,28100,4300
567,1,183900,49500,65800,29300,4200
568,1,206000,53300,64000,30300,4900
569,1,199400,49900,63400,29000,4500
570,1,235000,49600,59800,28700,4400
571,1,246100,53100,78600,30500,4400
572,1,235000,60300,66000,30600,4900
573,1,221000,57600,68300,30500,4800
574,1,230700,52800,65000,30300,4900
575,1,237100,82200,69200,30600,5100
576,1,283400,52300,67600,30200,5000
577,1,211600,49900,64500,28700,4200
578,1,210800,50600,68200,28600,4500
579,1,185700,50400,62600,29600,4300
580,1,178700,54200,63400,27900,4100
581,1,180300,49800,67200,28000,4200
582,1,179600,49400,67300,28000,4200
583,1,175000,53900,63400,27900,4200
584,1,180200,49200,67700,28100,4100
585,1,180900,49400,63100,28200,4300
586,1,197600,49000,63600,28500,4300
587,1,175000,53700,62900,27800,3200
588,1,177800,49600,67400,28000,4200
589,1,177600,49500,62900,28100,4300
590,1,184900,49400,62900,28200,4200
591,1,211700,49400,61700,29600,4500
592,1,189100,49100,67200,28400,4300
593,1,183600,49300,63200,28200,4300
594,1,190400,49200,67800,28400,4300
595,1,186500,54400,63700,28400,4200
596,1,183300,49600,63000,28500,4300
597,1,192100,49800,63900,28300,3100
598,1,261300,51800,67500,30400,5000
599,1,195100,49600,63700,28700,4300
600,1,185100,49600,64000,28500,4100
601,1,182800,49600,68200,28400,4100
602,1,201700,50000,68300,28900,4400
603,1,177200,49400,60200,29400,4300
604,1,180200,49500,63400,28500,4300
605,1,183600,49700,63000,28500,4300
606,1,221400,49500,63000,28600,4300
607,1,222100,50100,67700,28700,4300
608,1,196200,49800,63100,28700,3400
609,1,179400,51400,61500,28500,4100
610,1,203900,48400,68500,28500,4200
611,1,207200,54200,71900,30200,5000
612,1,193500,58700,65100,28600,4200
613,1,317900,76400,69500,30400,100300
614,1,248500,51300,60900,29200,65600
615,1,212700,50900,66500,29800,21100
616,1,185400,49400,63800,28800,4400
617,1,199100,50200,69000,28800,4400
618,1,230000,54200,63900,28700,4400
619,1,191600,49700,63400,28700,4300
620,1,182000,49200,64400,28800,4300
621,1,217200,49500,68200,28500,4200
622,1,204900,49900,63600,28500,4300
623,1,172500,49400,62500,27800,4200
624,1,177900,49300,63700,28100,4200
625,1,186100,49300,68100,28300,4300
626,1,179000,48800,63400,28200,4200
627,1,179200,49500,62300,29400,4200
628,1,183400,53100,63400,28300,4300
629,1,188800,49500,61400,28800,4200
630,1,201000,54200,64200,29000,3500
631,1,185000,49500,63100,28500,3500
632,1,197900,50000,65400,28900,4400
633,1,187100,49400,63000,28600,4300
634,1,214400,49500,68200,28700,4300
635,1,184400,49500,63500,28400,4300
636,1,218000,49800,67600,28400,4300
637,1,187700,53800,63000,28600,3400
638,1,250000,49500,68000,28800,4300
639,1,215500,49600,66900,29800,4400
640,1,177100,53500,63100,28200,3100
641,1,188600,49700,67300,28500,4300
642,1,178600,49600,67000,28300,3300
643,1,172100,49100,62900,27900,4300
644,1,176900,49500,62900,28300,4400
645,1,184800,53800,63200,28400,4300
646,1,208900,52700,65600,28300,4300
647,1,198100,50300,67700,28300,4400
648,1,178700,49300,63100,28300,4300
649,1,184000,49400,63300,28300,4300
650,1,191700,53300,63500,28100,4200
651,1,247500,57400,65700,32500,4900
652,1,198400,50400,63700,28900,4900
653,1,191800,49800,68400,28600,4400
654,1,189500,49600,63200,28400,4300
655,1,226100,49800,63300,28800,4300
656,1,220900,49500,63100,28800,4400
657,1,188800,50000,63600,28300,4300
658,1,240100,49800,68700,28800,4300
659,1,199800,54400,64100,28600,4400
660,1,185300,50300,63100,28500,4200
661,1,181200,49100,68500,28200,4300
662,1,177200,49200,63300,28000,4100
663,1,178800,49200,63500,29200,4300
664,1,187600,49600,68300,28700,4200
665,1,184800,53800,62900,28200,3300
666,1,214900,49800,63700,28900,4300
667,1,182300,53800,63300,28000,3200
668,1,175000,49500,62600,28200,4200
669,1,219200,50000,61100,28800,4300
670,1,226200,49500,65400,29100,4400
671,1,173700,47900,61000,28100,4300
672,1,178200,50600,63200,27800,4000
673,1,189400,56700,66000,28300,4300
674,1,234600,54300,63500,28900,57500
675,1,239600,50700,62800,30100,63500
676,1,199500,55800,63000,28700,20800
677,1,186700,49700,67200,28500,4300
678,1,208800,49300,61100,28800,4400
679,1,188100,48900,63300,28300,4300
680,1,181600,49500,67800,28000,4300
681,1,215700,49300,71200,28100,4300
682,1,204900,49500,69000,28400,4400
683,1,173900,49500,67300,27900,4100
684,1,173000,48700,67200,27700,4200
685,1,176400,53700,63400,27800,4200
686,1,177600,48800,66200,27700,4100
687,1,177900,48800,65900,29100,4200
688,1,177400,49000,62800,28000,4100
689,1,186300,49700,63600,28400,4400
690,1,190400,49100,63700,28700,4300
691,1,185300,49600,62800,28300,4300
692,1,184200,49300,61100,28500,4400
693,1,194100,49800,71600,30100,4300
694,1,236400,53900,64800,30400,4700
695,1,185300,49500,60900,28900,4400
696,1,221300,49700,67600,28300,4400
697,1,190200,49300,67600,28100,4300
698,1,209800,49900,64400,28700,4400
699,1,195600,49800,66900,29700,4200
700,1,228200,50100,68400,29000,4200
701,1,213400,50200,68600,28800,4500
702,1,190100,49600,68100,28600,4300
703,1,171000,49100,58400,27900,4200
704,1,183900,49300,68100,28400,4200
705,1,185500,49800,64600,28600,4300
706,1,203300,50300,64200,28600,4200
707,1,190200,55700,67400,32900,4300
708,1,177700,49400,64400,27900,4300
709,1,186100,53900,63700,28600,4200
710,1,186600,50400,67200,28300,4300
711,1,220900,49000,62700,29800,4300
712,1,193200,50000,67800,28600,4400
713,1,184500,49500,67600,28300,4400
714,1,181400,49600,62700,28400,4400
715,1,176100,49400,62800,28400,4300
716,1,180400,49600,63000,28200,4300
717,1,193800,49600,67700,28500,4300
718,1,230400,49700,59000,28800,4500
719,1,194600,49500,62700,28500,4300
720,1,187500,49500,67800,28200,4300
721,1,181400,49300,63100,28400,4000
722,1,188000,49600,67800,28300,4400
723,1,185100,49700,67200,29700,4300
724,1,193400,50700,66500,28400,4200
725,1,202900,51100,68700,28600,5200
726,1,222900,49800,63900,28800,3300
727,1,179600,49600,61000,28400,4200
728,1,187000,49400,67500,28200,4200
729,1,191700,49400,67900,28400,4300
730,1,208400,53900,64300,28300,4300
731,1,223500,48800,62100,28700,4300
732,1,210400,48200,65600,28700,4300
733,1,191600,50500,69000,28600,4100
734,1,197200,56700,63600,28500,4100
735,1,262800,67600,63600,31600,62500
736,1,257500,51800,69600,28900,64900
737,1,214400,55700,64100,28900,20900
738,1,221100,49700,64300,28800,4300
739,1,200000,49800,67800,28500,4300
740,1,223100,49200,62200,28700,4300
741,1,248200,50000,62200,28900,4400
742,1,206100,50700,67400,28200,4400
743,1,169200,49200,62500,27600,4200
744,1,173100,49100,67200,27700,4100
745,1,168700,49200,62300,27500,4200
746,1,173200,49400,66900,27600,4000
747,1,180600,49100,72200,28900,4100
748,1,177900,49400,63400,28100,4100
749,1,198400,49500,67800,28600,4200
750,1,200000,49400,65600,28700,4200
751,1,186400,49400,63200,28700,4200
752,1,191400,49700,63600,28600,4300
753,1,189600,49900,63600,28600,4400
754,1,212600,54300,67000,31100,4400
755,1,188100,49900,67900,28600,4200
756,1,217200,49700,68200,28600,4400
757,1,195500,49400,68000,28400,4200
758,1,204100,50000,63200,28600,3400
759,1,193600,49900,68200,29400,4300
760,1,179400,49800,62600,27900,4200
761,1,176400,49200,63000,28200,4200
762,1,217800,49600,63500,28700,4400
763,1,195600,49800,63300,28500,4200
764,1,180300,49000,67800,28300,4100
765,1,182400,49600,67500,28300,3300
766,1,197600,49300,64100,28500,4300
767,1,173100,49400,63200,28300,4300
768,1,177300,49100,67600,27800,4300
769,1,182100,49400,67800,28300,4200
770,1,182500,49100,67600,28100,4200
771,1,237300,49400,88200,59600,4300
772,1,187100,49400,67300,28200,4400
773,1,178100,49400,62900,28100,4300
774,1,183500,49700,67800,28400,4400
775,1,174200,49300,63300,28100,4200
776,1,180200,49300,63400,28100,4200
777,1,180700,49200,64600,28400,4300
778,1,234400,50600,67700,28600,4300
779,1,196800,54300,63800,28500,4400
780,1,181600,49200,63100,28400,4300
781,1,184600,49800,68000,28300,4300
782,1,185400,49300,67900,28000,4400
783,1,184200,49500,65600,29400,4200
784,1,195300,49400,67600,28700,4400
785,1,190400,49500,63200,28600,4400
786,1,216800,49700,60900,28900,4400
787,1,186300,49800,62600,28400,4200
788,1,193700,57000,67800,28500,4200
789,1,185800,49800,63400,28600,4200
790,1,204600,49400,63000,28400,4400
791,1,183100,49700,63200,28300,4100
792,1,190000,54400,63400,28300,4300
793,1,218600,48400,67700,28700,4400
794,1,204800,50600,64200,28600,4300
795,1,196200,56700,69600,30000,4200
796,1,241800,54300,68000,29100,56900
797,1,248300,51100,61900,29300,63400
798,1,234600,50900,65900,29100,21300
799,1,191300,49800,62900,28600,4300
800,1,193000,49500,67700,28500,4300
801,1,211000,49500,63300,28500,4300
802,1,220000,52900,72200,28600,4400
803,1,213000,62800,68000,30300,4700
804,1,198200,51700,67400,30200,3800
805,1,180500,49800,67800,28300,3400
806,1,177200,49900,67000,27900,4200
807,1,176800,49600,66000,29400,4200
808,1,175400,49400,64200,28300,4300
809,1,187600,49800,63500,28500,4200
810,1,196200,49700,64600,28700,4300
811,1,197700,50000,69300,28700,4300
812,1,197000,54200,63500,28400,3300
813,1,192500,49800,63500,28700,4300
814,1,214700,49500,63800,28700,4500
815,1,187600,49600,63100,28600,4400
816,1,218500,49500,63200,28400,4300
817,1,198400,49300,68400,28600,4200
818,1,212000,49700,62900,28600,4300
819,1,199400,50800,66900,29900,4200
820,1,181100,49600,63200,28400,4200
821,1,188700,49600,67700,28300,4300
822,1,188000,49500,67800,28400,4100
823,1,178600,49300,64200,28200,4300
824,1,241800,49900,67700,28700,4100
825,1,254800,49600,68000,28800,4400
826,1,242000,49900,68100,28800,4300
827,1,183500,49700,66700,28000,4200
828,1,178200,49200,67400,28000,4200
829,1,178800,49600,63300,28400,4300
830,1,183800,49800,67700,28200,3200
831,1,213100,49500,62800,29700,4300
832,1,187400,49500,67600,28200,4200
833,1,189900,49800,67800,28800,4200
834,1,183400,49500,67100,28200,4300
835,1,178100,49700,66900,28000,4200
836,1,176000,49200,63000,27900,4300
837,1,194400,49400,77700,41900,4200
838,1,225400,49300,65300,28600,4300
839,1,190300,49400,67600,28200,4300
840,1,180500,49700,67000,28200,4300
841,1,188000,49200,67100,28000,4200
842,1,184500,49500,67200,28400,4300
843,1,179700,49300,62400,29300,3200
844,1,181900,49500,63000,28200,4300
845,1,189600,49500,68000,28400,4300
846,1,219100,49900,67800,28400,4400
847,1,182800,49400,66900,28000,4300
848,1,181200,49400,67100,28200,4200
849,1,186600,49500,66800,28100,4200
850,1,204600,49700,67100,28400,4200
851,1,183400,54100,63400,28000,3400
852,1,179000,49300,62600,27900,4300
853,1,182000,49500,67600,28400,4100
854,1,174600,47900,60600,28200,4300
855,1,227300,50700,69600,29900,4500
856,1,212800,57200,63500,28700,4400
857,1,245700,54700,67400,28700,57300
858,1,275600,51300,65100,28900,63600
859,1,210500,55600,64200,29000,19600
860,1,180400,49300,67500,28100,3300
861,1,215500,54700,64700,32600,4200
862,1,200300,49700,63300,28500,4300
863,1,180600,53700,63000,27800,4200
864,1,169200,49500,62500,27700,4300
865,1,167300,49400,62600,27800,3100
866,1,181000,49400,67000,27600,4200
867,1,180200,49100,68800,28800,4100
868,1,175100,49200,67400,28100,4200
869,1,187000,49900,67400,28300,4200
870,1,192800,49500,63700,28500,4200
871,1,184000,49400,59800,28600,4300
872,1,195700,49800,63200,28700,4200
873,1,197900,49800,68300,28600,4200
874,1,229100,49300,65400,28900,4300
875,1,187000,49400,63200,28500,4200
876,1,219800,49500,67800,28700,4300
877,1,193200,49500,65300,28700,4500
878,1,210900,49600,67700,28400,4300
879,1,195700,54500,63400,29700,4300
880,1,179600,49500,63600,28300,4300
881,1,181900,49500,63800,28400,4300
882,1,212600,58400,73300,41300,4400
883,1,197500,52100,64200,30300,4800
884,1,184400,50100,59300,28800,4200
885,1,185000,49500,61000,28900,4300
886,1,248100,50000,68300,28700,4300
887,1,201500,49800,62200,29100,4500
888,1,184400,49700,67900,28400,4300
889,1,180900,49300,63700,28400,4400
890,1,187200,49600,67500,28300,4200
891,1,218000,48900,66800,30800,4300
892,1,191200,50000,67700,28600,4300
893,1,180100,49500,63200,28500,4300
894,1,185600,49400,68100,28200,4400
895,1,181000,49500,67700,28100,4400
896,1,179900,49400,63200,28500,4300
897,1,181200,49500,62600,28500,4200
898,1,233900,54300,63900,28600,4200
899,1,192500,49200,67300,28300,4300
900,1,178000,49200,63500,28300,4300
901,1,184000,49600,67800,28400,4200
902,1,188000,49300,67600,28400,4300
903,1,187800,49600,65700,29500,4400
904,1,190500,50400,62800,28600,4200
905,1,190400,49000,65100,28300,4300
906,1,223100,50600,65200,28900,4400
907,1,191200,49600,68100,28300,4200
908,1,202900,50100,68300,28700,4300
909,1,190200,49500,63600,28700,4300
910,1,258900,50100,65300,29000,4300
911,1,217600,50100,61700,29200,4300
912,1,176700,49100,59700,28500,4300
913,1,189500,55500,68100,28400,4100
914,1,185400,49600,67800,28100,4300
915,1,180100,48400,61800,29700,3200
916,1,186200,50800,63400,28400,4200
917,1,232500,57000,63600,28900,4300
918,1,299100,54500,67700,29200,58000
919,1,256100,51200,68600,28800,63400
920,1,204300,55700,63600,28800,20900
921,1,215300,49500,62600,28400,4500
922,1,204400,49900,67600,28300,4300
923,1,173700,48900,67000,27500,4200
924,1,168600,49100,62900,27600,4100
925,1,173300,53800,62400,27500,4200
926,1,172900,49200,66600,27500,4200
927,1,174500,49300,68000,28700,4100
928,1,175000,49300,66800,27900,4200
929,1,199500,64300,68300,28400,4300
930,1,184600,50400,63100,28300,4300
931,1,179500,49300,63900,28300,4400
932,1,181100,49300,62900,28500,4400
933,1,182000,49500,61200,28700,4300
934,1,208000,49800,68200,28600,4300
935,1,194900,49600,67900,28300,4100
936,1,208700,49400,60600,28400,4500
937,1,191600,49700,67500,28000,4200
938,1,211600,49500,67100,28100,4300
939,1,196600,49400,69100,31600,4300
940,1,179300,49400,67100,28200,4200
941,1,182300,49400,62800,28400,4100
942,1,175300,49000,59000,28300,4200
943,1,179000,49300,67600,28000,4200
944,1,179000,49300,63100,28500,4200
945,1,183100,49400,62800,28400,4200
946,1,205200,49200,68800,28700,4200
947,1,184100,50000,66100,28300,4300
948,1,220000,49100,68000,28500,4400
949,1,200100,49500,61100,28800,4300
950,1,175800,49200,63100,28200,3100
951,1,208600,49600,62600,29700,4300
952,1,189300,49900,67400,28200,4500
953,1,182000,49000,67800,28400,4400
954,1,181800,49100,63200,28100,4400
955,1,186800,49500,67500,28100,4300
956,1,186900,53900,63200,28100,4200
957,1,191600,50000,67200,28600,4300
958,1,234900,49600,68900,28800,4500
959,1,207500,53000,74900,35100,3900
960,1,192900,52400,68900,28700,4300
961,1,174500,49400,62600,28200,4400
962,1,181300,49700,67400,28500,4200
963,1,174200,49800,61600,29100,4200
964,1,183300,49300,67900,28200,4300
965,1,184700,49300,63400,28400,4400
966,1,216500,49400,61600,28900,4300
967,1,189900,49700,67800,28500,4200
968,1,186100,49700,67700,28600,4300
969,1,189200,49700,64900,28800,4400
970,1,206200,49500,63500,28500,4300
971,1,182000,49400,62800,28400,4400
972,1,188100,49700,68000,28300,4300
973,1,180200,49200,63500,28200,4300
974,1,180300,48900,63100,28300,4400
975,1,202100,49400,65700,29400,4300
976,1,179000,47900,60700,28300,4300
977,1,191900,50500,64900,29000,4300
978,1,224300,56500,66300,28500,4300
979,1,292700,54500,67600,28900,56500
980,1,267400,51200,65100,28900,62900
981,1,233000,50300,65900,29100,20900
982,1,205700,49600,68100,28600,4300
983,1,171300,49300,62300,27700,4000
984,1,177600,56400,59700,28000,4200
985,1,171300,49400,63000,28000,4300
986,1,176500,49000,63600,27900,4300
987,1,176300,49500,61300,29100,4300
988,1,180100,49400,67400,28300,4200
989,1,185500,49800,60800,28400,4400
990,1,188500,49400,63200,28600,4300
991,1,186200,53500,63600,28600,3300
992,1,196600,49500,67000,28100,4400
993,1,187100,49700,63100,28400,4300
994,1,204300,49400,63600,28400,4300
995,1,228200,49300,67900,28800,4300
996,1,246700,48900,61600,28700,4400
997,1,188400,49500,62900,28200,4300
998,1,208200,49400,63200,28300,4300
999,1,193100,52000,62700,29500,4400
1000,1,178100,49300,62800,28000,4300
1001,1,185700,54200,63500,28400,4200
1002,1,178100,49400,62900,28000,4300
1003,1,178300,49000,67900,27900,4300
1004,1,179500,49200,62500,28100,4300
1005,1,187600,49800,68100,28500,4200
1006,1,204800,49200,68000,28400,4300
1007,1,177800,49600,62800,27700,4300
1008,1,182100,49300,67500,28200,4300
1009,1,179800,49700,63200,28200,4300
1010,1,228900,49400,68200,28500,4400
1011,1,263800,54500,81900,48000,4300
1012,1,183700,49600,63000,28500,4300
1013,1,176600,49500,62400,28200,4200
1014,1,177100,49500,61000,28400,4400
1015,1,177900,49400,66600,27900,4200
1016,1,177800,48900,62900,28300,4200
1017,1,178400,49400,62600,28300,4300
1018,1,222700,49400,62700,28500,4400
1019,1,182600,49000,62700,28100,3100
1020,1,179500,49200,67100,28000,4100
1021,1,171800,49400,62100,27700,4300
1022,1,171800,49200,62300,27900,4300
1023,1,170800,49500,61200,29100,3200
1024,1,179200,49200,62500,27800,4400
1025,1,180500,53700,63400,28300,3300
1026,1,211300,49500,63000,28300,4200
1027,1,189000,49800,67200,28200,4200
1028,1,188800,49500,67200,28200,4200
1029,1,193700,49700,67000,28300,4200
1030,1,203300,49500,63400,28400,4300
1031,1,182600,49700,62500,28400,4200
1032,1,182200,49400,64100,28000,4300
1033,1,178000,49400,63800,28500,4200
1034,1,186300,49400,62600,28300,4300
1035,1,181300,49400,61500,29800,4300
1036,1,178900,49200,63100,28400,4200
1037,1,183500,47900,61900,28400,4400
1038,1,221500,50500,68700,28600,4500
1039,1,206100,56600,65700,28800,4500
1040,1,243400,54200,62500,29000,56400
1041,1,428600,59400,71500,30800,113800
1042,1,298200,53200,65000,30600,23600
1043,1,197300,52000,64100,30100,5000
1044,1,193700,52900,63200,30500,5000
1045,1,195300,51900,63500,30200,4700
1046,1,183100,50400,68400,28500,4300
1047,1,174300,49500,61800,29400,4400
1048,1,181200,49500,68100,28200,4200
1049,1,185400,49800,64400,28600,4300
1050,1,194900,51200,68300,28600,4200
1051,1,188400,49300,68500,28300,4300
1052,1,192000,49700,67900,28600,4300
1053,1,188100,49200,67600,28400,4400
1054,1,201900,49400,63400,28600,4400
1055,1,184600,49700,67500,28300,4400
1056,1,219700,49700,65100,28600,4500
1057,1,192100,49800,67900,28800,4200
1058,1,215400,49600,68000,28600,4400
1059,1,193800,49500,62600,29900,4200
1060,1,185100,49800,67600,28200,4300
1061,1,188400,49300,67700,28200,4400
1062,1,194100,50100,63400,28800,4400
1063,1,183900,49800,67900,28000,4200
1064,1,187500,49900,67400,28300,4300
1065,1,187600,49600,63600,28500,4300
1066,1,206100,49300,63800,28700,4400
1067,1,188900,49600,67200,28400,4500
1068,1,185000,53900,64300,28600,4300
1069,1,184200,49400,63500,28600,4300
1070,1,189700,54200,63500,28300,4300
1071,1,223700,49400,66600,30100,4300
1072,1,234300,49800,64400,28500,4300
1073,1,215100,51300,65300,30100,4100
1074,1,194500,50200,68400,28700,4300
1075,1,180800,51000,64200,28400,4400
1076,1,204500,53000,70000,30500,4900
1077,1,206900,52200,64400,30500,5100
1078,1,245500,50300,68100,28900,4400
1079,1,200100,54200,64200,28600,4400
1080,1,232500,50200,64700,28700,4400
1081,1,212200,49700,64000,28600,4300
1082,1,184500,53800,63100,27600,4400
1083,1,172300,49300,60500,29000,4300
1084,1,175500,49200,63300,28300,4200
1085,1,178600,49600,63100,28000,4100
1086,1,215000,49900,68400,28400,4200
1087,1,170700,49000,58800,28100,4200
1088,1,179500,49300,67600,28100,4300
1089,1,189300,49600,67600,28100,4300
1090,1,206500,49500,62800,28500,4200
1091,1,187500,49400,67500,28000,4300
1092,1,187700,49200,67800,28000,4300
1093,1,180700,49200,63100,28300,4200
1094,1,181800,49100,62400,28100,4100
1095,1,183300,49500,62700,29700,4300
1096,1,181400,49900,63400,28500,4200
1097,1,192400,49300,68100,28600,4200
1098,1,217400,48400,67400,28700,4400
1099,1,196900,50500,66400,28500,4300
1100,1,204500,69000,65800,28300,4100
1101,1,276700,54600,67900,29300,57500
1102,1,261300,51000,61400,28700,63400
1103,1,234200,50600,68200,28800,20700
1104,1,199500,49500,67800,28500,4300
1105,1,170400,49300,63000,27800,4400
1106,1,169000,49000,62900,27400,4100
1107,1,170200,49300,63400,28800,4200
1108,1,174900,49000,67100,27600,4100
1109,1,179700,49800,62900,28500,4200
1110,1,188000,49500,67600,28700,4300
1111,1,179000,49100,62900,28200,4300
1112,1,185200,49500,62900,28300,4400
1113,1,181700,49700,62600,28600,4400
1114,1,204700,49800,68500,28900,4300
1115,1,177100,49300,62800,28300,4300
1116,1,237500,56300,70700,30300,4700
1117,1,195400,50400,68500,29100,4800
1118,1,200700,49400,59200,28600,4400
1119,1,188500,49600,65500,29200,3400
1120,1,188400,51800,70800,28500,4200
1121,1,197600,50200,65000,28800,5200
1122,1,188800,51100,67300,28300,4100
1123,1,185100,51600,68100,28100,4400
1124,1,192200,49800,68400,28500,4300
1125,1,224300,52200,71600,30200,5000
1126,1,217600,50800,65500,29100,4400
1127,1,187700,49700,64000,28600,4300
1128,1,182500,49600,62900,28500,4200
1129,1,190100,49500,68100,28300,4300
1130,1,190700,49600,67600,28500,4400
1131,1,230500,49400,66300,30400,4300
1132,1,197700,49800,68600,28700,4400
1133,1,181800,49500,63100,28300,4500
1134,1,225300,49600,65700,29000,4300
1135,1,206900,54000,63600,28600,4300
1136,1,190300,50300,67800,28600,3800
1137,1,182000,49500,60700,28400,4400
1138,1,229700,49900,63400,28800,4400
1139,1,193800,49700,68000,28300,4400
1140,1,174300,49100,59200,28200,4300
1141,1,178900,49200,67800,28300,4300
1142,1,176500,49400,63100,28100,4300
1143,1,175600,49300,61900,29300,4400
1144,1,180100,49300,63300,28400,4300
1145,1,179100,49700,62800,28500,4200
1146,1,228100,49400,68500,28400,4400
1147,1,177900,49100,64100,28500,4300
1148,1,172300,49100,60600,28500,4200
1149,1,183900,49500,67700,28300,4200
1150,1,203100,49400,64900,28600,4400
1151,1,196700,49500,67200,28400,4300
1152,1,214500,56600,65000,30100,5000
1153,1,200500,52300,63100,30100,5000
1154,1,188800,50200,61000,29100,4400
1155,1,193800,49900,66500,29800,4200
1156,1,190100,49200,60700,28700,4300
1157,1,204800,49400,63500,28600,4400
1158,1,242200,56700,73500,35900,4300
1159,1,215800,50200,69700,29100,4700
1160,1,204000,52700,73200,30300,4300
1161,1,265300,60700,70900,30400,5100
1162,1,272800,55000,64000,29100,58000
1163,1,247000,50900,61700,28900,63400
1164,1,199500,50500,65800,28800,20500
1165,1,263500,50800,68700,29100,4100
1166,1,232200,50000,63200,28800,4300
1167,1,171100,49700,63200,28900,4100
1168,1,176700,49300,68400,27700,4200
1169,1,189400,55500,63400,28300,4300
1170,1,193200,49800,62700,28500,4300
1171,1,184800,49400,67700,28200,4200
1172,1,187900,49300,67400,28300,4200
1173,1,182600,49400,63400,28500,4300
1174,1,203800,49700,64800,28600,4200
1175,1,177700,49400,63400,28000,4200
1176,1,213500,49400,63100,28400,4400
1177,1,185100,49600,67700,28500,4200
1178,1,201500,48900,63300,28400,4400
1179,1,188800,49600,68200,28900,4400
1180,1,171100,49200,62600,27800,4200
1181,1,175700,49100,62700,28100,4300
1182,1,184800,49200,67700,28400,4300
1183,1,182300,49200,68100,28200,4300
1184,1,187500,53900,63400,28200,4200
1185,1,191900,49700,62600,28500,4200
1186,1,200100,49200,59300,28500,4300
1187,1,176200,49500,59000,28400,4200
1188,1,177200,49300,63200,28200,4200
1189,1,185200,49800,67400,28300,4200
1190,1,183900,49400,63300,28400,4200
1191,1,213700,50200,61800,29600,4400
1192,1,187700,49400,63100,28600,4200
1193,1,183200,49700,62900,28400,4200
1194,1,187900,49400,67600,28500,4300
1195,1,211600,55800,86500,48500,4200
1196,1,238800,51300,72600,35400,4600
1197,1,207600,49700,63500,28800,4200
1198,1,234600,49600,67900,28600,4600
1199,1,188700,50500,64300,28200,4400
1200,1,187100,51900,67400,28200,4400
1201,1,179000,49400,68400,28000,4200
1202,1,176700,49000,66600,27600,4200
1203,1,177500,50600,65900,29500,4200
1204,1,181900,49500,68000,28100,4200
1205,1,201200,51600,67700,28100,4400
1206,1,213900,49700,67600,28500,4300
1207,1,175000,49400,63200,27800,4200
1208,1,181500,54300,63100,28300,3200
1209,1,182100,49600,63000,28500,4200
1210,1,219800,49400,68300,28800,4400
1211,1,183400,49700,62700,28100,4400
1212,1,196000,49700,73000,40900,4200
1213,1,189100,49600,67700,28600,4300
1214,1,189800,49400,67600,28300,4200
1215,1,191200,50900,66000,29800,3300
1216,1,186500,49400,63500,28600,4300
1217,1,195700,49400,63700,28800,4300
1218,1,217400,49200,61100,28800,4400
1219,1,194700,49900,63100,28800,4100
1220,1,182500,48000,63000,28300,4300
1221,1,217300,50500,64500,28600,4300
1222,1,215000,56900,63700,28900,4300
1223,1,234300,54800,63300,28700,57300
1224,1,239500,51100,65400,28800,63700
1225,1,198500,50400,68000,28600,20900
1226,1,186000,49600,67800,28200,4200
1227,1,218700,49800,66200,29800,4400
1228,1,196800,49600,61300,28800,4300
1229,1,187500,49400,67700,28400,4300
1230,1,184600,49500,61000,28500,4200
1231,1,186300,49500,63000,28200,4300
1232,1,185600,49500,63000,28600,4300
1233,1,183300,49500,63000,28400,4300
1234,1,208600,49600,62800,28500,4300
1235,1,183700,49500,67800,28400,4400
1236,1,213600,49100,67900,28400,4300
1237,1,186400,54000,62900,27900,4400
1238,1,208200,49700,67500,28500,4200
1239,1,188400,54300,61800,29400,3400
1240,1,179800,49700,67100,27800,4200
1241,1,176800,49800,58700,28400,4300
1242,1,187600,50300,66300,28300,4300
1243,1,199100,53600,67500,30000,5000
1244,1,196100,49800,59100,28600,4200
1245,1,192900,50200,63100,28700,4300
1246,1,213400,49500,68000,28600,4400
1247,1,184100,49500,63100,28400,4200
1248,1,185600,49500,63100,28500,4400
1249,1,192100,50000,63700,28400,4300
1250,1,227600,49400,61300,28900,4200
1251,1,255300,50100,63300,31300,4300
1252,1,189400,49600,63700,28800,4200
1253,1,185100,53900,63500,28400,3200
1254,1,179800,49200,59000,28400,4300
1255,1,183200,48700,63300,28200,4200
1256,1,185100,49700,68300,28400,4300
1257,1,182600,49600,63600,28400,4200
1258,1,271100,49600,65400,28800,4300
1259,1,211500,49600,63300,28700,4300
1260,1,175100,49200,62900,28400,4000
1261,1,176800,49300,67700,28200,4200
1262,1,178100,54000,63500,28000,4300
1263,1,171500,48900,60800,29100,4200
1264,1,175700,49000,63300,28100,4300
1265,1,181800,54100,63400,28000,3400
1266,1,224700,53500,74000,43700,4400
1267,1,170500,49300,58200,27900,4300
1268,1,177000,49600,66800,27900,4200
1269,1,182800,49100,67700,28100,4400
1270,1,193700,49200,58600,28200,4300
1271,1,179900,49000,67600,28000,4300
1272,1,178400,49200,63100,27900,4100
1273,1,173000,49300,63200,27900,4300
1274,1,177400,49100,63600,28300,4200
1275,1,210300,51400,85300,42300,4400
1276,1,215000,51800,73600,30500,4800
1277,1,359700,101200,121900,30300,4800
1278,1,396200,99700,126800,29600,4500
1279,1,360900,99500,122400,31000,4500
1280,1,341200,100200,119700,29500,4500
1281,1,292500,65300,59800,31900,4400
1282,1,217500,50800,67000,29100,4300
1283,1,204500,62100,71400,30300,4800
1284,1,258000,56700,68600,29000,63400
1285,1,242900,56400,64000,29100,62400
1286,1,198600,50700,68200,29000,20900
1287,1,180700,50200,68300,29000,4200
1288,1,179100,49500,67600,28000,4400
1289,1,227200,50200,65000,28900,4200
1290,1,214600,50000,65600,28900,4300
1291,1,186500,49600,68400,28300,4300
1292,1,183800,49400,63000,28400,4200
1293,1,193400,50400,65400,28900,4300
1294,1,212500,49700,67600,28800,4300
1295,1,191300,49700,67600,28500,4300
1296,1,223500,49400,67600,28300,4300
1297,1,193300,49800,67700,28400,4400
1298,1,211600,49500,67300,28600,4300
1299,1,185700,49500,61700,29600,4400
1300,1,173600,49500,62800,27900,4100
1301,1,181900,49700,67500,28200,4100
1302,1,183000,53500,62800,28300,4200
1303,1,170200,49400,62500,27900,4200
1304,1,180000,49500,63100,28200,4200
1305,1,183900,49500,62900,28300,4200
1306,1,207200,49500,65000,28500,4300
1307,1,187900,49300,67800,28200,4300
1308,1,182600,49300,63300,28300,4300
1309,1,187000,49400,63200,28300,4300
1310,1,191900,49300,67500,28400,4300
1311,1,222800,50100,65700,29600,4400
1312,1,191800,49500,64300,28700,4200
1313,1,188900,49700,67800,28700,4300
1314,1,190100,49500,67700,28700,4300
1315,1,179900,49600,63500,28500,4300
1316,1,181600,49200,63200,28600,4300
1317,1,186500,49700,62900,28500,4300
1318,1,234700,49400,65700,28800,4400
1319,1,189800,49200,63200,28200,4400
1320,1,220300,49500,65600,28900,4300
1321,1,202400,49200,65400,28500,4400
1322,1,181500,49900,69100,28100,4300
1323,1,174600,49500,63200,29400,3200
1324,1,177100,49800,63400,28400,4200
1325,1,186500,50600,69000,28300,4300
1326,1,219300,49500,63400,28700,4500
1327,1,181100,49200,61200,28200,4300
1328,1,183300,49900,67800,28200,4200
1329,1,185800,49400,63200,28300,4600
1330,1,206400,49800,67500,28400,4400
1331,1,180100,50100,62900,28200,4300
1332,1,182500,49800,66000,28000,4400
1333,1,177700,49400,63100,28200,4300
1334,1,185700,49600,67800,28300,4200
1335,1,222600,49700,63000,29700,4200
1336,1,225200,49800,68300,28700,4500
1337,1,193100,49900,67800,28400,4300
1338,1,219000,53600,63400,28700,3400
1339,1,200300,49700,67800,28500,3600
1340,1,184500,49500,63000,28500,4300
1341,1,221500,49500,63300,28500,4300
1342,1,203500,48100,62700,28300,4500
1343,1,174100,50100,62700,27700,4200
1344,1,182800,56200,65700,28200,4300
1345,1,230600,54500,63000,28700,55600
1346,1,237600,51000,66700,29100,63200
1347,1,192600,50900,63400,30300,21100
1348,1,179600,49600,67000,28000,4300
1349,1,213800,54600,79400,45000,4400
1350,1,193700,54000,64400,28600,4500
1351,1,226000,49500,69000,28800,4300
1352,1,206300,49800,61600,29200,4300
1353,1,182500,50000,63000,28600,4500
1354,1,204800,49800,67700,28500,4300
1355,1,177300,49800,62900,28200,4300
1356,1,209400,49500,67600,28400,4300
1357,1,184200,49300,67700,28400,4200
1358,1,205400,49800,67200,28200,4300
1359,1,197500,50100,61300,29700,3300
1360,1,171700,49400,63100,28100,4200
1361,1,174400,49300,63300,28300,4100
1362,1,178800,49500,67400,28200,4200
1363,1,173400,49100,66600,27500,4300
1364,1,190000,49000,79200,43000,4200
1365,1,185300,55900,63900,28500,3100
1366,1,203900,60600,63800,28600,3400
1367,1,173400,49300,62500,28200,4400
1368,1,181500,49800,63000,28500,4400
1369,1,185900,49600,64000,28400,4200
1370,1,189200,49500,67900,28400,4300
1371,1,219500,54500,63400,30700,4300
1372,1,184500,49200,59300,28400,4300
1373,1,183000,49400,63200,28300,4200
1374,1,180600,49500,63000,28500,4300
1375,1,181700,49700,66900,28000,4400
1376,1,179800,49200,63000,28400,4400
1377,1,182500,49800,63100,28400,4300
1378,1,230700,49900,67900,28800,4400
1379,1,197900,49600,67600,28500,4400
1380,1,186600,49500,63000,28600,4200
1381,1,180100,49600,62800,28400,4200
1382,1,226600,49700,67900,28700,4400
1383,1,207600,49700,66800,30000,4300
1384,1,176900,49600,63300,28400,3300
1385,1,183900,49700,67500,28300,4100
1386,1,213700,49400,67900,28500,3200
1387,1,179600,49800,62900,28100,4200
1388,1,178300,53800,63200,28100,4200
1389,1,179600,49100,63400,28200,4100
1390,1,198700,49100,63500,28800,4300
1391,1,178200,49100,63300,28200,4300
1392,1,192700,49700,76600,43100,4100
1393,1,185300,49400,67500,28000,4100
1394,1,173300,49400,58800,28100,4200
1395,1,180100,49500,62800,30000,4300
1396,1,181900,49300,67600,28500,4200
1397,1,189200,49800,67500,28600,4400
1398,1,213100,49700,63100,28700,4300
1399,1,199600,49700,67600,28400,4300
1400,1,191700,49700,67800,28600,4300
1401,1,216300,54200,64100,28700,3300
1402,1,204300,49400,61300,28900,4400
1403,1,176800,48000,62900,28000,4300
1404,1,180900,50700,64800,28600,4200
1405,1,185300,56200,66300,28400,4300
1406,1,234300,54200,63100,29100,56200
1407,1,241100,51400,67100,30200,62900
1408,1,207900,50800,70300,33600,25900
1409,1,207100,50700,79400,43400,4300
1410,1,191400,49700,62900,28800,4400
1411,1,191500,49700,63200,28500,4200
1412,1,191100,49700,61000,28800,4200
1413,1,233800,50000,67900,28600,4500
1414,1,231400,49600,62000,29100,4300
1415,1,187600,49600,62900,28400,4300
1416,1,215400,50700,67500,28500,4400
1417,1,184800,49100,63500,28100,4300
1418,1,211900,49700,63200,28600,4300
1419,1,190000,49500,62300,29500,4300
1420,1,222500,49400,69000,28600,4300
1421,1,217000,49900,67900,28700,4300
1422,1,176800,49300,64300,28100,4200
1423,1,174000,49500,67000,27400,4200
1424,1,180500,49600,67700,28200,4300
1425,1,184300,49400,67300,28300,4200
1426,1,204100,49400,63300,28500,4400
1427,1,177000,49400,67600,27800,4300
1428,1,181700,52400,65400,28100,4100
1429,1,213400,54800,73800,38500,5000
1430,1,193000,50300,63800,28900,4400
1431,1,226200,54100,62900,29900,4300
1432,1,195000,49800,63800,28700,4100
1433,1,191300,49900,68200,28800,4300
1434,1,191100,49600,67600,28600,4200
1435,1,185700,49300,68100,28300,4400
1436,1,181700,49500,63900,28500,4200
1437,1,189800,49900,68300,28500,4200
1438,1,264000,49800,68300,28900,4300
1439,1,195400,49800,68000,28500,4400
1440,1,180900,49100,58900,28600,4200
1441,1,181800,49300,68100,28300,4300
1442,1,178400,49600,63500,28300,4300
1443,1,178500,49500,65900,29300,4200
1444,1,218600,49400,65000,28700,4300
1445,1,201800,49000,61200,28600,4400
1446,1,212000,49500,64400,28700,4300
1447,1,179400,49500,67400,27800,4300
1448,1,178100,49300,63000,28300,4200
1449,1,183400,49600,67400,28100,4200
1450,1,210100,52700,69800,33500,4300
1451,1,178500,50900,63200,27900,4300
1452,1,175800,49400,63000,28000,4300
1453,1,177600,49300,67000,27900,4300
1454,1,174500,49100,62900,28300,4100
1455,1,182300,49400,66200,29300,4100
1456,1,180800,49500,67400,28200,4300
1457,1,181900,49300,62600,28200,4200
1458,1,214300,49700,67500,28600,4200
1459,1,184600,49500,58800,28200,4300
1460,1,175800,49000,60500,28500,4200
1461,1,216600,50000,67600,28400,4400
1462,1,209300,49800,67400,28100,4400
1463,1,187400,49600,73500,28100,4200
1464,1,182900,48000,64600,28200,4400
1465,1,187100,50400,64800,28500,4200
1466,1,190700,56400,63000,28600,4300
1467,1,242600,54700,65400,30000,57800
1468,1,239700,50400,62700,29100,62700
1469,1,209800,51000,65500,29000,20800
1470,1,194000,49700,66100,29200,4300
1471,1,191200,49800,67500,28800,4300
1472,1,195000,49500,65200,28800,4400
1473,1,201200,49700,77400,44000,4300
1474,1,206600,49500,65000,28500,4400
1475,1,221600,49400,63000,28500,4300
1476,1,236700,49400,65600,29000,4400
1477,1,190000,49200,68800,28700,4200
1478,1,202700,49400,63100,28600,4300
1479,1,189100,49600,65700,29300,4300
1480,1,173800,49300,63200,28200,4300
1481,1,175900,49400,62600,28300,4400
1482,1,182800,49700,67600,28100,4300
1483,1,176700,49600,67200,28100,4200
1484,1,181000,49300,67100,28300,4300
1485,1,181700,49300,63200,28400,4300
1486,1,194700,49400,60800,28400,4300
1487,1,175400,49800,62800,28200,4300
1488,1,178400,53800,63400,28200,3300
1489,1,179300,49700,63000,28300,4300
1490,1,181100,49200,65100,28600,4200
1491,1,219300,49800,68700,32000,4200
1492,1,194200,49300,68100,28400,4300
1493,1,193400,50500,68500,32400,4100
1494,1,187900,49400,64200,28700,4200
1495,1,189600,50700,69100,28600,4400
1496,1,203900,48900,60900,28300,3300
1497,1,200400,49900,63000,28600,4300
1498,1,237500,49900,63300,28600,4400
1499,1,196500,49400,63300,28300,4300
1500,1,189100,50200,67700,28400,4300
1501,1,184800,49500,68400,28500,3400
1502,1,185400,49400,67300,28400,4300
1503,1,186600,49700,66100,29500,4200
1504,1,186300,49500,63300,28200,4400
1505,1,222300,49700,61200,28600,4300
1506,1,286200,49100,61900,29100,4400
1507,1,212600,52300,67400,36800,4500
1508,1,207300,63300,68900,30400,4200
1509,1,311700,106900,122200,30300,4900
1510,1,384200,99700,134200,29200,4900
1511,1,334500,100500,120500,29700,4500
1512,1,330700,99100,120400,29600,4600
1513,1,324600,99400,119100,29200,4500
1514,1,331700,98900,119900,29300,4500
1515,1,247300,73000,58700,31400,4600
1516,1,181500,49800,61700,29000,3500
1517,1,183200,49700,59500,28600,4200
1518,1,212000,49400,61100,28700,4400
1519,1,189000,50100,63300,28300,4400
1520,1,191300,49500,67600,28100,4200
1521,1,212700,49500,65000,28700,4300
1522,1,203200,49200,63800,28400,4300
1523,1,176700,49600,63300,27800,4300
1524,1,181400,49500,67700,27900,4300
1525,1,179000,47900,66700,27800,4200
1526,1,179000,50300,63200,27800,4300
1527,1,190300,56800,68600,29400,4300
1528,1,245000,54500,67500,29200,57700
1529,1,250400,51300,65800,28900,63700
1530,1,214100,55200,63300,28900,21100
1531,1,186000,49500,63200,28600,4300
1532,1,193200,49600,67600,28400,4300
1533,1,186400,50500,60300,28700,4400
1534,1,214400,49400,63500,28500,4300
1535,1,187600,49200,67800,28100,4200
1536,1,208800,49600,63500,28600,3400
1537,1,222600,49500,63200,28700,4300
1538,1,228500,49800,63400,28800,4400
1539,1,212700,49300,90500,69700,4200
1540,1,178400,54000,63400,28200,4300
1541,1,185000,54100,63000,28300,3100
1542,1,180000,49300,67600,28400,4100
1543,1,169800,49600,62100,27700,4300
1544,1,174500,49100,62500,28000,4200
1545,1,183300,54100,63200,28100,3300
1546,1,201400,49500,67300,28400,4300
1547,1,177500,53500,62900,28000,4300
1548,1,173200,49700,62800,28100,4200
1549,1,180400,49700,63100,28400,3200
1550,1,189300,49300,65300,28500,4200
1551,1,217800,49500,62700,30200,4300
1552,1,191000,49900,63000,28500,4400
1553,1,190700,49500,67900,28300,4300
1554,1,200000,49700,67400,28700,4400
1555,1,183900,49600,62700,28600,4400
1556,1,190600,49700,68000,28400,4200
1557,1,190800,49300,60900,28700,4300
1558,1,245000,49800,74500,28700,4400
1559,1,193300,49600,60900,28700,4400
1560,1,185300,49600,63600,28300,4400
1561,1,183200,49500,67900,28200,4200
1562,1,186700,49600,67600,28500,4400
1563,1,179900,49700,62300,29500,4400
1564,1,182400,49900,62600,28100,4300
1565,1,187800,49400,65300,28600,4500
1566,1,217700,49900,65100,28800,4300
1567,1,185700,49700,67500,28600,4300
1568,1,225300,49400,64900,28500,4200
1569,1,211500,49600,69200,28800,4200
1570,1,215000,49700,67500,28600,9000
1571,1,183300,49300,67200,27800,4200
1572,1,185400,49700,68700,28400,4300
1573,1,181800,49700,67600,28500,4300
1574,1,178700,49900,63000,28000,4200
1575,1,194600,49700,75100,41900,4200
1576,1,180700,49300,63300,28500,4200
1577,1,183600,49800,62400,28500,4300
1578,1,211700,50700,59500,28700,4300
1579,1,195800,49700,68000,28700,4300
1580,1,185500,49600,63900,28400,4200
1581,1,219700,51300,67400,30100,4300
1582,1,211500,49400,69000,28700,4200
1583,1,193100,56600,65100,28500,4400
1584,1,192700,51800,69000,33100,4200
1585,1,185200,49700,68100,28500,4200
1586,1,200700,51000,66000,30200,4900
1587,1,214500,57100,70100,31300,5000
1588,1,220200,60000,68900,30100,5100
1589,1,266300,55100,68200,29000,58100
1590,1,302600,51700,62800,29000,63400
1591,1,245500,51000,65900,28900,21000
1592,1,196800,49600,61500,28600,4300
1593,1,193600,54400,63900,28800,4200
1594,1,203600,49400,59200,29000,4200
1595,1,188000,49700,68200,28400,4400
1596,1,217200,49600,68200,28600,4400
1597,1,188000,49600,67600,28500,3300
1598,1,200800,49300,59600,28600,4300
1599,1,229700,49900,66600,30000,4200
1600,1,201000,53600,63800,28200,3300
1601,1,175700,49200,63000,28000,4300
1602,1,180000,49500,67800,28100,4300
1603,1,174900,49200,67500,28000,4300
1604,1,184900,49600,67300,28000,4300
1605,1,180400,49600,62800,28100,4200
1606,1,201400,53900,63500,28300,4200
1607,1,177000,53500,63100,27900,4200
1608,1,176100,49400,66800,27800,3200
1609,1,182200,49400,67500,28100,4100
1610,1,183500,49400,67800,28200,4300
1611,1,208900,49500,61800,30400,4100
1612,1,199300,61200,62700,28200,4300
1613,1,182000,49800,67800,28500,4300
1614,1,182100,51400,65100,28300,4400
1615,1,181300,49600,67900,28400,4300
1616,1,185400,51800,64400,28500,4200
1617,1,214100,55400,79900,42100,4300
1618,1,277700,53500,68200,30200,5000
1619,1,212400,52400,63000,30000,5100
1620,1,193400,49900,67900,28600,4300
1621,1,181600,49500,63900,28300,4300
1622,1,184100,49600,67700,28400,4000
1623,1,185600,49900,68900,29600,4200
1624,1,188200,49600,67700,28500,4300
1625,1,189900,51200,67400,28500,4300
1626,1,220900,54300,64400,28800,3300
1627,1,180500,49600,63200,28200,4200
1628,1,183800,50500,68500,28100,4200
1629,1,179700,49400,63000,28300,4200
1630,1,247100,54200,63500,28700,4300
1631,1,201700,49500,63100,28700,4300
1632,1,180400,49500,66800,27900,4200
1633,1,173400,49200,63300,27900,4200
1634,1,184700,49500,68000,28200,4200
1635,1,189400,49800,63400,29900,4500
1636,1,194800,49600,67800,28300,4300
1637,1,192600,49500,64900,28600,4300
1638,1,214700,49500,61400,28800,4400
1639,1,194900,49300,68000,28300,4300
1640,1,184400,49400,67900,28300,4000
1641,1,211300,49500,63300,28700,4400
1642,1,208400,49400,67500,28300,4300
1643,1,174800,49400,67200,27800,4100
1644,1,177900,52100,67300,28200,4200
1645,1,178200,49100,63200,28100,4200
1646,1,178500,53900,63100,27900,4200
1647,1,176800,48300,62300,29200,4100
1648,1,183100,50200,66100,28000,4400
1649,1,197100,57200,63000,28700,4400
1650,1,247300,54100,59100,29100,57600
1651,1,255500,51200,68700,28800,63700
1652,1,214000,55000,63900,29000,19600
1653,1,186600,49700,61500,28700,4300
1654,1,207000,49800,63400,28900,4500
1655,1,189500,49600,68200,28500,4300
1656,1,218400,49600,67400,30200,4500
1657,1,217600,52200,67700,30400,5100
1658,1,227600,50600,69400,29100,4400
1659,1,208900,49700,66900,29900,4400
1660,1,186000,49500,72300,28100,4300
1661,1,257500,57300,68600,29200,4400
1662,1,203400,50000,61500,28700,4400
1663,1,175900,49700,63500,28200,4000
1664,1,207600,53900,68800,30200,4900
1665,1,192100,50300,65300,29100,4300
1666,1,207300,49600,62400,28900,4200
1667,1,185500,50000,67100,28200,4200
1668,1,178000,49100,62700,28100,4200
1669,1,184600,49300,63000,28500,4300
1670,1,188400,50400,68300,28300,4200
1671,1,223400,49600,62300,29800,4200
1672,1,192100,49700,67800,28200,4300
1673,1,183500,49300,63300,28400,4400
1674,1,188100,49400,67700,28500,4200
1675,1,218300,49800,60700,28900,4400
1676,1,214000,50200,63100,28700,4300
1677,1,183200,49400,63800,28300,4200
1678,1,237700,49800,68200,28800,4300
1679,1,193000,49600,63000,28200,4300
1680,1,182900,49800,63100,28200,4200
1681,1,179100,49300,63100,28400,4100
1682,1,184200,49500,67200,28200,4500
1683,1,183600,54500,62100,29600,3200
1684,1,184200,49600,67800,28300,4200
1685,1,181200,48900,63400,28400,4300
1686,1,215200,49700,63700,28600,4500
1687,1,178500,49400,63400,28100,4100
1688,1,180900,49500,63800,28200,4200
1689,1,190900,54700,63100,30100,4100
1690,1,214600,50000,63800,29000,4600
1691,1,183100,50200,64000,28400,4100
1692,1,218100,50600,63700,28600,3300
1693,1,206000,50200,68100,28300,4300
1694,1,177900,49300,63400,28100,4200
1695,1,177400,49500,62000,29800,3200
1696,1,181700,49700,67300,28000,4400
1697,1,190400,50000,68400,28300,4400
1698,1,219900,50500,69800,28500,4300
1699,1,206400,52000,63800,30300,4300
1700,1,187500,56600,60800,29000,4200
1701,1,235600,53200,68100,30300,5000
1702,1,220300,51800,63900,30200,5000
1703,1,180400,50700,68200,28200,4200
1704,1,180700,49000,67400,27700,4300
1705,1,165700,49000,58800,27800,4200
1706,1,176300,49100,63700,27700,4000
1707,1,168000,48900,65600,29300,3200
1708,1,178300,48000,67600,28000,4200
1709,1,188300,50700,64200,28600,3300
1710,1,207200,57400,67000,28800,3800
1711,1,247100,54600,63400,29200,58000
1712,1,254700,51300,65600,29200,63200
1713,1,205700,50300,61400,29000,21000
1714,1,207100,49300,63500,28700,4200
1715,1,186900,49600,67800,28400,4200
1716,1,216600,49600,67800,28500,4300
1717,1,190000,49400,67600,28300,4300
1718,1,206100,49400,63400,28300,4100
1719,1,194700,49400,66000,29600,4300
1720,1,191700,49600,67300,28000,4200
1721,1,186400,49300,63700,28600,4300
1722,1,186600,49200,65200,28600,4300
1723,1,215100,49500,61400,28900,4200
1724,1,207900,49400,68100,28600,4400
1725,1,189600,49700,67800,28300,4200
1726,1,200400,49600,63400,28500,4200
1727,1,176600,49300,63000,28400,4300
1728,1,174200,49400,62800,27900,4400
1729,1,184700,49100,68000,28500,4100
1730,1,176900,49000,58800,28200,4300
1731,1,220000,50100,67500,31100,4300
1732,1,191100,49300,68000,28400,4300
1733,1,184200,49600,67700,28300,4400
1734,1,181500,49400,63400,28600,4300
1735,1,197100,49600,78100,28700,4300
1736,1,183900,49500,68100,28500,4300
1737,1,188100,49500,67600,28400,4400
1738,1,225800,48900,63200,28400,3300
1739,1,193400,49900,67400,28300,4300
1740,1,185900,49200,66900,28400,4500
1741,1,219800,56700,69900,30400,4900
1742,1,212100,53400,67200,30200,4700
1743,1,327600,112900,124400,32000,4900
1744,1,348400,100200,120700,29400,4800
1745,1,348600,99700,121200,30100,4600
1746,1,392800,99600,122900,30100,4500
1747,1,338100,98900,122300,29600,4400
1748,1,334500,98200,120800,30800,3900
1749,1,222000,52000,70400,30100,4500
1750,1,218000,50500,68600,29100,4300
1751,1,191900,49500,63900,28600,4600
1752,1,200900,55000,63500,28100,4300
1753,1,188100,50400,67900,28300,4400
1754,1,232500,50300,68200,28900,4300
1755,1,214600,50300,66200,30000,4400
1756,1,183700,49600,63700,28300,4200
1757,1,194100,55100,64400,28700,3300
1758,1,218800,49700,63400,28600,4300
1759,1,197000,50000,63500,28600,4400
1760,1,228900,49800,68200,28800,4500
1761,1,249600,50100,63200,28600,4300
1762,1,206400,49600,68000,28500,4300
1763,1,175400,49600,62800,28000,4400
1764,1,169200,49400,62800,27700,4100
1765,1,169100,49100,62500,27900,4200
1766,1,174200,49100,67700,27300,4100
1767,1,175200,48900,68800,28600,4100
1768,1,171700,49000,63600,27800,4300
1769,1,177100,47600,60400,28200,4200
1770,1,197900,53000,70000,28400,4400
1771,1,201100,62100,65800,28500,4200
1772,1,254800,54500,68000,29000,58100
1773,1,255100,56100,63100,28900,62500
1774,1,221600,50800,60700,29100,20700
1775,1,193500,49700,68300,28300,4400
1776,1,224700,50100,67800,28700,4400
1777,1,193900,51500,68700,28600,4500
1778,1,223100,58700,68000,28400,4400
1779,1,193000,49700,68300,29300,3300
1780,1,184500,54500,67000,27900,4200
1781,1,177500,49500,63300,28100,3400
1782,1,180200,49300,63600,28300,4200
1783,1,178800,49100,67600,28000,4200
1784,1,185600,49500,67800,28300,4300
1785,1,222800,50100,63100,28800,4400
1786,1,229000,49900,63300,28800,4500
1787,1,178000,49400,67200,27900,4200
1788,1,174200,49800,62900,28000,4300
1789,1,176100,49400,63100,28300,3300
1790,1,182500,50100,65600,28700,4300
1791,1,216000,49500,62800,29500,4300
1792,1,187300,49400,67500,28000,4500
1793,1,182900,49500,67400,28000,4400
1794,1,183800,49800,67500,28400,4200
1795,1,178700,49000,67600,28000,4300
1796,1,180900,49300,67600,28400,4100
1797,1,180600,49300,63700,28500,4200
1798,1,223000,49500,63300,28400,4300
1799,1,190600,49700,67800,28500,4400
1800,1,175700,50100,63100,28000,4200
1801,1,179100,49400,67900,28300,4100
1802,1,178300,49400,63000,28200,4200
1803,1,185500,53500,64300,29300,4200
1804,1,185400,49500,62600,28400,4400
1805,1,198400,49800,67900,28500,4400
1806,1,232500,50000,67600,28500,4400
1807,1,192500,49900,65600,28200,4300
1808,1,184500,50000,63200,28500,4200
1809,1,190500,49500,67900,28500,4200
1810,1,206300,49800,63400,28400,4300
1811,1,188900,54100,63800,28500,4300
1812,1,203400,54400,63600,28300,12400
1813,1,198000,52200,69500,36200,4300
1814,1,192200,49700,62900,28300,4300
1815,1,190000,49700,68800,29700,4400
1816,1,224600,49800,61400,28700,3600
1817,1,211100,49400,63400,28900,4300
1818,1,215800,49500,65300,28900,4500
1819,1,191900,49800,64100,28700,4300
1820,1,185500,49700,67300,28300,4300
1821,1,212100,49500,63800,28600,4400
1822,1,216200,50500,74900,44900,4300
1823,1,176600,49200,68200,27600,4300
1824,1,178300,49600,68900,28000,4300
1825,1,180100,54400,63800,28000,4900
1826,1,176200,49800,66700,27700,4300
1827,1,172000,49300,61900,29400,4200
1828,1,180300,50300,68000,28200,4300
1829,1,182800,50000,62700,28300,4300
1830,1,182700,48000,62900,28600,3200
1831,1,188500,52800,64800,28500,4400
1832,1,207100,64000,66000,28700,4300
1833,1,246900,53900,63700,29000,56900
1834,1,270100,51300,66400,29000,62300
1835,1,210200,50900,68400,28900,21300
1836,1,223500,50100,67700,28500,4600
1837,1,195800,49500,63300,28300,4300
1838,1,212600,49800,63100,28600,4200
1839,1,197900,49700,66100,29600,4300
1840,1,180100,49600,63600,28400,4200
1841,1,184300,50000,63400,28300,4400
1842,1,192400,49400,72700,28600,4200
1843,1,185000,49600,67900,28300,4300
1844,1,192400,49600,68200,28500,4400
1845,1,231700,49300,65400,28800,4400
1846,1,240700,49700,65800,29100,4300
1847,1,215400,49700,63800,28800,4400
1848,1,200600,49500,63100,28400,4400
1849,1,179100,49400,63300,28300,4400
1850,1,179800,49800,62900,27800,4400
1851,1,212200,49600,63400,31100,4400
1852,1,187700,54100,63300,28300,4400
1853,1,183600,49600,68500,28500,4300
1854,1,184200,49700,67700,28300,4300
1855,1,173900,49500,62700,28000,4200
1856,1,175800,49200,62900,28000,4200
1857,1,183400,49300,60600,28400,4300
1858,1,232100,49800,63600,28700,4300
1859,1,191100,49700,67900,28200,4200
1860,1,175500,49500,63500,28100,4200
1861,1,172100,48500,63600,28000,4300
1862,1,173800,49300,62700,27900,4300
1863,1,188600,49600,74900,39300,4100
1864,1,185400,49300,67700,28100,4200
1865,1,188700,49500,67400,28100,4400
1866,1,216900,50200,67800,28700,3300
1867,1,182200,49600,63100,28400,4300
1868,1,185100,49400,67800,28300,4300
1869,1,190600,54400,64100,28500,4300
1870,1,198500,49200,62800,28400,3400
1871,1,185800,49900,68100,28100,4200
1872,1,180900,49700,63400,27900,4300
1873,1,181600,53500,63500,28400,4300
1874,1,180400,49600,63200,28400,4200
1875,1,186900,49500,66700,29700,4400
1876,1,182200,49500,63700,28400,4200
1877,1,189200,49600,67600,28600,4300
1878,1,252000,49700,63800,28700,4400
1879,1,218700,49600,68400,28600,4500
1880,1,186800,49800,63100,28200,4300
1881,1,230200,50800,68300,29000,3500
1882,1,199700,49600,63200,28200,4300
1883,1,174200,49700,66800,27700,4200
1884,1,174400,49400,67400,27700,4100
1885,1,170400,49300,63300,27800,4200
1886,1,169100,49000,62300,27800,4100
1887,1,169400,49300,63000,28500,4100
1888,1,172300,49900,63400,27900,4300
1889,1,188900,54500,63800,28600,4300
1890,1,198800,50200,68300,28500,4400
1891,1,185900,48600,63000,28200,4300
1892,1,212400,56800,72300,37600,4400
1893,1,210400,57900,66300,28500,4300
1894,1,261700,54900,63900,29100,56600
1895,1,254100,52100,68900,28900,63100
1896,1,237900,50900,68900,28500,21200
1897,1,197200,50500,67800,28300,4400
1898,1,215300,50400,67900,28200,4400
1899,1,197700,50200,66600,29800,4300
1900,1,181700,50200,62900,28300,4300
1901,1,198700,49900,68300,28300,4200
1902,1,188900,49900,68600,28700,4300
1903,1,183100,49700,68300,28000,4200
1904,1,190100,55800,65400,28600,4200
1905,1,200200,51400,74300,41300,4500
1906,1,222200,50400,68400,28500,4200
1907,1,182200,50300,63000,28300,4300
1908,1,178600,49900,63200,28400,4300
1909,1,218500,50000,63300,28600,3600
1910,1,206000,50800,63500,28500,4300
1911,1,222800,50800,66500,29900,3400
1912,1,189800,50000,64300,28700,4200
1913,1,182600,50100,63600,28300,4200
1914,1,187700,50300,68200,28400,4300
1915,1,181700,49700,67800,28100,4200
1916,1,185800,50100,68200,28300,4300
1917,1,183300,50300,63800,28400,4200
1918,1,230900,49800,68100,28600,4200
1919,1,189700,50300,63300,28300,4400
1920,1,182000,49700,68000,28200,4200
1921,1,180900,49800,63600,28400,4200
1922,1,181800,49900,62800,28100,4300
1923,1,180900,50100,63900,29100,4400
1924,1,182600,49700,63400,28300,4400
1925,1,188600,54600,63500,28300,4200
1926,1,222600,50200,68700,28900,4200
1927,1,186900,50200,63200,28300,4200
1928,1,185800,49800,63100,28400,4200
1929,1,191200,50200,62900,28400,4300
1930,1,251400,50500,63400,28900,4400
1931,1,232500,61400,63500,28800,4500
1932,1,184400,54500,63400,28300,3200
1933,1,188100,50000,68200,27900,4200
1934,1,180800,49900,63100,28400,4300
1935,1,183500,50100,64500,29700,3100
1936,1,181400,50100,63900,28300,3200
1937,1,188400,50300,63300,28400,4300
1938,1,222600,50500,68400,28400,4400
1939,1,202500,50400,67300,28300,4300
1940,1,220900,50100,64300,28800,4400
1941,1,235100,50100,63900,28600,4300
1942,1,200500,49900,63200,28200,4200
1943,1,170000,49800,62400,27700,4100
1944,1,171900,49100,63100,27800,4100
1945,1,170700,49500,63100,27700,4100
1946,1,170700,49300,63600,27700,4100
1947,1,176100,53000,64400,28900,4200
1948,1,180600,52800,68000,27700,4300
1949,1,180800,50200,63200,28100,4400
1950,1,190400,54700,63800,28200,4300
1951,1,185400,49700,68000,28200,4200
1952,1,181400,48700,63000,28300,4400
1953,1,186400,51100,66600,28200,4300
1954,1,206600,56500,67000,28800,4200
1955,1,234000,54300,63300,28900,56000
1956,1,277900,51600,69200,28700,63100
1957,1,205100,50800,64100,28600,21000
1958,1,214900,50100,63300,28400,4400
1959,1,208300,50500,69000,29700,4400
1960,1,180100,49900,63800,28000,4300
1961,1,184700,54300,63600,28000,3200
1962,1,187200,50100,68000,28400,4400
1963,1,181200,49700,68200,27900,4300
1964,1,180700,50000,63700,28400,4300
1965,1,185200,49800,63400,28600,4200
1966,1,204700,50300,67500,28400,4200
1967,1,182900,49800,68200,28200,4300
1968,1,179200,49900,63500,28100,4400
1969,1,185800,50000,66400,28100,4300
1970,1,210600,65100,71700,30200,4000
1971,1,334600,53000,89600,57900,3900
1972,1,216100,50200,64100,28900,4500
1973,1,189600,49600,71100,28700,4200
1974,1,188100,49700,67900,28400,4400
1975,1,184300,49900,63900,28400,4500
1976,1,185700,50000,60800,28700,4300
1977,1,193700,49900,67900,28500,4300
1978,1,239800,49700,64000,28900,4400
1979,1,194400,49800,68000,28300,4300
1980,1,178600,49500,62800,28400,4200
1981,1,175400,49600,63600,28000,4200
1982,1,182800,49400,68200,28400,4300
1983,1,176600,49600,63800,29100,4300
1984,1,177300,49600,63000,28300,4300
1985,1,180300,49500,63400,28300,4200
1986,1,214200,49400,65200,28600,4200
1987,1,185600,49800,67900,28300,4400
1988,1,180600,49200,63700,28300,4200
1989,1,193300,49900,67900,28400,4200
1990,1,206800,49300,63100,28700,4400
1991,1,184800,49500,62500,28200,4300
1992,1,185800,49600,64000,28800,3400
1993,1,188400,50400,68600,32300,4200
1994,1,187100,49800,67300,28400,4200
1995,1,185200,50100,61900,29700,4200
1996,1,185100,49400,63600,28600,4300
1997,1,193300,49300,66400,28800,4300
1998,1,220800,49800,66200,29000,4300
1999,1,200800,50000,63100,28500,4400
2000,1,190000,49900,68000,28800,4200
2001,1,219600,50000,67900,28700,4300
2002,1,248500,49900,69100,28900,4500
2003,1,196600,49800,63100,28700,4400
2004,1,184800,49400,76000,43100,4300
2005,1,176000,49200,67800,28200,4200
2006,1,177100,49200,62800,28300,4300
2007,1,177700,49100,61900,29400,4200
2008,1,189700,50500,67300,28000,4400
2009,1,191600,49200,68200,28600,4300
2010,1,187600,49500,62900,28500,4200
2011,1,182900,49600,63100,28600,4200
2012,1,191200,49600,67400,28400,4500
2013,1,184600,48200,62000,28800,4200
2014,1,209000,51100,64300,28700,4400
2015,1,229400,56900,63100,28700,4400
2016,1,307400,54600,67400,29000,57600
2017,1,241400,51400,61600,29200,63100
2018,1,224400,50800,65800,28800,20800
2019,1,193700,49600,66200,29400,4200
2020,1,183000,53900,63200,28100,4400
2021,1,185800,49700,67500,28100,4400
2022,1,185800,49300,67500,28300,4200
2023,1,177000,49200,62800,28200,4200
2024,1,186500,51200,65500,28500,4200
2025,1,189600,49700,63000,28600,4400
2026,1,199300,49500,61200,28900,4200
2027,1,177300,49400,62800,28200,4400
2028,1,176600,49300,62900,28300,4300
2029,1,179800,49600,60800,28600,4300
2030,1,193400,49400,67600,28300,4300
2031,1,217800,50500,63400,30300,4400
2032,1,189700,50300,67400,28300,4300
2033,1,240200,63000,64000,28900,4400
2034,1,201400,49600,61000,28800,4300
2035,1,176100,49700,64800,28400,4300
2036,1,179100,49800,62800,28300,4400
2037,1,180100,49700,63100,28300,4400
2038,1,230600,49500,68500,28700,4300
2039,1,192400,49800,67600,28400,4300
2040,1,176300,49400,62100,27900,4300
2041,1,175900,49300,67200,28000,4100
2042,1,172500,49300,62400,27900,4200
2043,1,174000,49200,62700,29500,4100
2044,1,174400,49100,63200,27900,4300
2045,1,178700,50300,62900,28600,4300
2046,1,205300,49500,62500,28400,4200
2047,1,178500,49200,62700,28100,4200
2048,1,172200,49400,62300,28200,4300
2049,1,186600,54200,66300,28400,4200
2050,1,228800,51500,69000,29000,3300
2051,1,186300,49400,67100,28000,4500
2052,1,185900,49400,67300,28100,4400
2053,1,184200,49500,67500,28200,4300
2054,1,200500,62700,67700,28600,4300
2055,1,188700,49800,65800,29600,4200
2056,1,180200,49300,61500,28800,4200
2057,1,190200,49400,67800,28700,4300
2058,1,220300,49800,63000,28700,4500
2059,1,194000,49600,61300,29000,4300
2060,1,190400,49500,64400,28700,4400
2061,1,219500,49800,65100,28900,4400
2062,1,212600,49800,65500,28900,4500
2063,1,176200,49400,62800,28100,4200
2064,1,214700,49400,65000,28600,4200
2065,1,195900,49600,62900,28300,4300
2066,1,176700,49200,67100,28000,4200
2067,1,181200,49200,64600,29400,4200
2068,1,171700,49200,62600,28200,4100
2069,1,186400,49100,63100,28300,4200
2070,1,192100,53800,63300,28500,4200
2071,1,198700,62700,67100,28400,4300
2072,1,197000,49600,65100,28500,4400
2073,1,183700,49500,63900,28600,4200
2074,1,201500,49400,63200,28800,4300
2075,1,182400,51900,63700,28400,4200
2076,1,228400,67200,65900,28700,4200
2077,1,240800,54400,63300,29100,56500
2078,1,266500,50700,65900,28900,63400
2079,1,208400,50600,67400,30200,20700
2080,1,182200,49600,69000,28400,4200
2081,1,182000,49400,63000,28700,4400
2082,1,192000,50100,64900,28800,4400
2083,1,183900,49000,67900,28400,4300
2084,1,189200,49400,67600,28600,4200
2085,1,189100,49800,62500,28600,4300
2086,1,209400,49200,61300,29000,4300
2087,1,179600,49700,63100,28300,4300
2088,1,184000,49200,67500,28300,4200
2089,1,189500,49400,68000,28600,4400
2090,1,184800,49600,63000,28700,4400
2091,1,224500,49300,67300,30800,4300
2092,1,199700,49800,67700,28600,4300
2093,1,192100,49900,67300,28600,4200
2094,1,192600,49500,68200,28700,4100
2095,1,219300,49500,63700,28600,4300
2096,1,205700,50000,63600,29000,4300
2097,1,186400,49400,64800,28400,4400
2098,1,233300,49400,65800,28800,4300
2099,1,197600,54100,63500,28600,4400
2100,1,226000,49600,68700,28900,4300
2101,1,209800,49600,61100,28900,4300
2102,1,173500,49200,62900,28100,4300
2103,1,178700,49300,67900,29300,4300
2104,1,182800,49600,67100,28200,4300
2105,1,183000,54500,63100,28200,4300
2106,1,211000,49700,64900,28800,4300
2107,1,184500,60900,62900,28300,3300
2108,1,178300,49700,67400,28100,4200
2109,1,177900,49400,63100,28200,4200
2110,1,195500,49200,60900,28500,4300
2111,1,180100,49200,58700,28100,4300
2112,1,180100,49500,62600,28200,4200
2113,1,181400,53900,63100,28400,3000
2114,1,187400,49300,67700,28400,4500
2115,1,185400,49800,62400,29800,4200
2116,1,184900,49600,64200,28300,4300
2117,1,197200,53700,64100,28500,4400
2118,1,233000,49900,68000,28500,4200
2119,1,197600,49900,67600,28300,4300
2120,1,187200,49400,67900,28400,4300
2121,1,211300,49600,63500,28400,4300
2122,1,201200,49600,62900,28400,4200
2123,1,174000,49500,62900,27700,4200
2124,1,172200,48900,62100,28000,4200
2125,1,181000,49700,66600,28000,4200
2126,1,211200,49200,63100,28500,4200
2127,1,197300,50000,65900,29600,4300
2128,1,174000,51700,63200,28200,4400
2129,1,193900,51500,67800,28700,4300
2130,1,214400,57100,65500,30500,4500
2131,1,201200,51600,64600,30400,4900
2132,1,205500,51100,63500,30300,5100
2133,1,219200,53600,74100,30800,4900
2134,1,229700,52200,65100,30400,4900
2135,1,185300,52700,61700,28800,4300
2136,1,216700,51300,63900,28700,4300
2137,1,191200,58400,63500,28600,4100
2138,1,259200,54200,63200,29100,56600
2139,1,250200,51600,67500,30400,64000
2140,1,196100,50400,61400,28900,20700
2141,1,179700,49700,62900,28300,4400
2142,1,173300,49100,59200,28500,4300
2143,1,180600,49600,67800,28200,4200
2144,1,191200,49600,67500,28500,4300
2145,1,202000,49900,68400,28500,4200
2146,1,207300,49300,59200,28700,4300
2147,1,187200,49600,63000,28500,4200
2148,1,190000,49700,67900,28200,4400
2149,1,188800,49800,60600,28500,4200
2150,1,190600,49500,68000,28400,4400
2151,1,222800,49800,66100,29600,4300
2152,1,197200,49600,68300,28800,4300
2153,1,183600,49900,63100,28800,4400
2154,1,185000,49400,63300,28400,4200
2155,1,180500,49300,63100,28500,4300
2156,1,184600,49400,67300,28300,4300
2157,1,222000,49800,60900,28900,3300
2158,1,256000,52200,61400,29100,4400
2159,1,191600,49300,65100,28800,4300
2160,1,184400,50300,69200,28400,4400
2161,1,176500,49900,63700,28500,3400
2162,1,178200,49200,63700,28200,4300
2163,1,175900,49300,62700,29800,4300
2164,1,177100,49400,62900,28100,4200
2165,1,184000,49400,67700,28200,4200
2166,1,212400,49500,63600,28600,4200
2167,1,178300,49000,64100,28400,4300
2168,1,188200,49600,67300,28300,4200
2169,1,180000,50100,60900,28900,4300
2170,1,199100,49600,63600,28500,4200
2171,1,180400,49500,63100,28600,4300
2172,1,183300,50900,67700,28100,4200
2173,1,188800,48800,74100,41500,4300
2174,1,178300,49000,59100,28400,4100
2175,1,186700,49700,62900,30300,4200
2176,1,194200,55000,63400,28700,3200
2177,1,197600,49800,63700,29000,4300
2178,1,228100,49900,68300,31700,4300
2179,1,200800,49600,62600,29200,4300
2180,1,195800,49400,67800,28500,4200
2181,1,216400,49600,63300,28900,4500
2182,1,208500,49300,64900,28600,4300
2183,1,177100,49500,61000,28700,4300
2184,1,184200,49500,67800,28300,4300
2185,1,223500,49700,67400,28800,4300
2186,1,217900,54300,64400,29000,4500
2187,1,179400,49500,69300,28900,4200
2188,1,217600,49700,67600,28600,4400
2189,1,202400,49500,60800,28800,4300
2190,1,185500,49600,63500,28700,4200
2191,1,179800,49500,63400,28500,4200
2192,1,183000,49500,63600,28400,4400
2193,1,181500,49600,63200,28700,4300
2194,1,200800,49700,62900,28700,4400
2195,1,177500,49300,63100,28500,4300
2196,1,206500,47800,65700,28700,4200
2197,1,187600,55200,66600,28300,3400
2198,1,214400,61000,65800,28300,3200
2199,1,243700,54500,65800,30300,56600
2200,1,238000,51100,66800,29200,62700
2201,1,192200,51400,60700,28900,20600
2202,1,176500,49400,64300,28100,4300
2203,1,166800,49900,58400,27800,4300
2204,1,175600,48900,63100,28500,4200
2205,1,182600,49300,61900,28500,4400
2206,1,223800,58700,71200,29200,4400
2207,1,205300,53500,64400,30300,4900
2208,1,222600,64600,67800,31000,4900
2209,1,207100,56300,65300,30300,4800
2210,1,213500,52300,64800,30600,5000
2211,1,234700,51100,72500,42200,4300
2212,1,195200,50000,68500,28700,4400
2213,1,184900,49600,63100,28600,4400
2214,1,183100,49400,63400,28400,4200
2215,1,184400,50300,67800,30100,4200
2216,1,182100,49400,63100,28100,4300
2217,1,186500,50500,63200,28200,4200
2218,1,245200,50100,69200,28600,4400
2219,1,231200,53900,63900,28900,3300
2220,1,220500,56100,72900,29100,3800
2221,1,178300,49900,64000,28500,4300
2222,1,178700,49500,67900,28200,4100
2223,1,180200,49800,68100,29200,4200
2224,1,180900,49600,67300,28300,4300
2225,1,178700,49200,62800,27800,4200
2226,1,211800,49500,65100,28600,4200
2227,1,174000,48900,62800,27700,4200
2228,1,177600,49000,67700,27900,4100
2229,1,178500,49100,58900,28300,4300
2230,1,208900,49900,63500,28800,4300
2231,1,183600,49400,63500,28000,4100
2232,1,190400,49300,67300,28300,4300
2233,1,180300,50400,64400,28200,4200
2234,1,190600,55400,63500,28800,4200
2235,1,184900,49300,62800,29600,4300
2236,1,188200,51800,63600,28400,4500
2237,1,200000,50000,68100,28600,4200
2238,1,224500,54100,63700,28900,3300
2239,1,203400,50000,68100,28600,4300
2240,1,185500,49600,63100,28400,3300
2241,1,218000,49600,63100,28500,4400
2242,1,206600,49900,62900,28600,4500
2243,1,177700,49400,65500,28400,4300
2244,1,202000,57400,64000,30400,4800
2245,1,189300,50500,70300,28700,4400
2246,1,205500,57100,64900,30300,5100
2247,1,204700,53300,68300,31400,4900
2248,1,190200,51200,67600,28400,4400
2249,1,187800,49600,63600,28500,4300
2250,1,230500,49700,62300,29200,4200
2251,1,208800,49700,61100,28800,4400
2252,1,187700,49700,63500,28500,4300
2253,1,184100,49600,63500,28500,4200
2254,1,209000,51100,64700,28600,4400
2255,1,180200,49300,62700,28100,4300
2256,1,208500,49500,60300,28400,4500
2257,1,187500,48500,68400,28000,4300
2258,1,209800,52300,66100,28400,4200
2259,1,202100,61100,66700,29600,4400
2260,1,237500,54800,67400,29200,57400
2261,1,246900,51700,66000,29200,63300
2262,1,203100,50600,65900,29100,19900
2263,1,185300,49200,73200,40500,4300
2264,1,186900,49700,63800,28500,4200
2265,1,183900,49300,63500,28600,4400
2266,1,204400,49700,63600,28700,4200
2267,1,178300,49000,59600,28600,4300
2268,1,185900,49300,63300,28600,4200
2269,1,204000,50000,68300,28600,4400
2270,1,232900,50000,64100,29100,4400
2271,1,256200,49700,63100,30200,4300
2272,1,190500,50000,62700,28400,4400
2273,1,182800,49400,64000,28500,4400
2274,1,183100,49400,63500,28400,4300
2275,1,178200,49300,62700,28200,4400
2276,1,183900,49800,67200,28400,4200
2277,1,184000,49400,63300,28300,4300
2278,1,230900,49500,63200,28800,4200
2279,1,195300,53800,63800,28300,4200
2280,1,177100,49300,63000,28300,4300
2281,1,219200,49600,68000,28800,4400
2282,1,202700,49300,68100,28200,4300
2283,1,182400,49300,70300,29000,4200
2284,1,187000,59500,61900,28400,3900
2285,1,186500,51500,69800,31900,4300
2286,1,214500,50200,67800,28600,4400
2287,1,185400,49300,67600,27900,4200
2288,1,178700,49300,68800,28000,4200
2289,1,177400,49100,63400,28200,4200
2290,1,196100,49300,60500,28300,4300
2291,1,176200,49000,63300,28000,4200
2292,1,178200,49400,66600,27800,4200
2293,1,174000,49400,63100,28100,4300
2294,1,179800,49100,67500,28200,4200
2295,1,180900,49400,65400,29600,4300
2296,1,178100,49100,63100,28200,4300
2297,1,189500,50400,68500,28400,4200
2298,1,218200,49500,67300,28500,4200
2299,1,194700,49700,63200,28400,4400
2300,1,189600,49300,63200,28200,4200
2301,1,217200,49500,68500,28500,4200
2302,1,201600,49800,63000,28600,3500
2303,1,180600,49600,67400,28100,4200
2304,1,173000,49400,62600,28200,4300
2305,1,178200,49200,67600,28100,4200
2306,1,173700,48800,62600,28000,4100
2307,1,175800,49400,65900,29500,4100
2308,1,179300,49200,67500,28300,4300
2309,1,183600,49600,63100,28300,4200
2310,1,197200,49600,67300,28300,4400
2311,1,181200,49200,63300,28500,4300
2312,1,225900,49600,65500,29000,4300
2313,1,209300,49500,66600,29000,4200
2314,1,202300,49300,61300,28800,4300
2315,1,190100,49600,68100,28400,4300
2316,1,211400,49200,63300,28500,4200
2317,1,192000,49500,67500,28400,4400
2318,1,208700,48000,67100,28600,4300
2319,1,191300,49600,65200,29200,4200
2320,1,182700,55700,66000,28300,4300
2321,1,233800,54400,62900,28800,56400
2322,1,242800,51200,66100,29100,63100
2323,1,194300,50500,68200,29000,20600
2324,1,182600,49800,67600,28100,4200
2325,1,185800,49700,67400,28600,4300
2326,1,196900,49600,62800,28600,4200
2327,1,180100,49700,67400,28100,4400
2328,1,197300,52100,72500,36100,4200
2329,1,217400,57100,67900,30200,4700
2330,1,202900,50100,65400,28800,4200
2331,1,229800,54600,63300,31200,4500
2332,1,195700,50100,63600,28800,4300
2333,1,198400,49700,67600,28800,4200
2334,1,187000,49600,61200,28600,4400
2335,1,180300,49500,63500,28500,4300
2336,1,178900,49100,59600,28500,4300
2337,1,187200,49400,63300,28700,4200
2338,1,233300,49800,63500,28800,4400
2339,1,198200,49700,68000,28600,4400
2340,1,192500,49700,61200,28700,4600
2341,1,185700,50100,67600,28500,4300
2342,1,182300,49300,68200,28200,4200
2343,1,217200,49600,62600,30000,4400
2344,1,207400,49400,68200,28800,4300
2345,1,186300,49500,63200,28300,4300
2346,1,218600,49400,65300,28700,4400
2347,1,187200,53800,62600,28100,4200
2348,1,184100,49500,68300,28400,4200
2349,1,189500,49600,67200,28500,4300
2350,1,206400,54400,62900,28300,3200
2351,1,176300,49400,58900,28400,4500
2352,1,184100,49400,67300,28000,4100
2353,1,183900,49400,62600,28200,4300
2354,1,186000,49600,67100,28200,4300
2355,1,240000,49900,79100,43600,4300
2356,1,215800,49600,64700,28700,4400
2357,1,183500,49200,63300,28500,4300
2358,1,213000,49500,65500,28800,4500
2359,1,190000,49000,63000,28300,4400
2360,1,190500,49500,67600,28500,4300
2361,1,213600,49600,60600,28600,4400
2362,1,205800,49400,63400,28500,4200
2363,1,181300,49000,68100,27800,4300
2364,1,176700,49500,63200,28000,4200
2365,1,186600,49800,71400,29700,3400
2366,1,199600,52500,65200,29000,4800
2367,1,191200,49900,64800,29500,11200
2368,1,176900,49700,63000,28300,4300
2369,1,182700,49400,59400,28600,4400
2370,1,195800,49800,67700,28600,4200
2371,1,200500,51800,62500,30400,5100
2372,1,191600,49700,60800,28700,4200
2373,1,189800,50200,68300,28500,4500
2374,1,246500,49300,64200,28800,4300
2375,1,209600,51100,67800,28700,4200
2376,1,213200,49600,67800,28600,4300
2377,1,185200,49300,67500,28300,4200
2378,1,201800,49100,63200,28300,4400
2379,1,181200,47800,61300,29100,4200
2380,1,175600,50400,66100,27900,4200
2381,1,185000,56500,65800,28300,4200
2382,1,233500,54200,63200,29300,57800
2383,1,237300,51400,68600,28700,63400
2384,1,196700,50400,65900,28900,20700
2385,1,185500,49800,67400,28200,4300
2386,1,197800,49700,62500,28300,4200
2387,1,177000,49700,67200,27900,4100
2388,1,174500,49200,63300,28200,4200
2389,1,181800,49500,67100,28100,4200
2390,1,185600,49500,67400,28300,4300
2391,1,233000,49800,66700,29800,4400
2392,1,198800,53900,63800,28500,4300
2393,1,188200,53400,63300,28300,3300
2394,1,187400,49300,65000,28500,4300
2395,1,178500,49500,62600,28200,3200
2396,1,183900,49400,63200,28200,4200
2397,1,184800,49600,63300,28400,4300
2398,1,233100,49500,67700,28700,4300
2399,1,199600,49600,67500,28500,4600
2400,1,190900,49700,67400,28600,3400
2401,1,194100,49700,67900,28400,4300
2402,1,197100,49500,67900,28700,4400
2403,1,182600,49600,61600,29500,4300
2404,1,180400,49400,63000,28200,4200
2405,1,221500,49600,61100,29000,4400
2406,1,243300,49800,63800,29000,4300
2407,1,184500,49500,68000,28300,4300
2408,1,178900,49600,67400,28200,4300
2409,1,180900,49300,62900,28200,4300
2410,1,206500,49900,67500,28400,4300
2411,1,179100,49400,63100,28100,4200
2412,1,180400,50100,63600,28300,4200
2413,1,179500,50300,67000,28200,4300
2414,1,178900,49800,63100,28700,4300
2415,1,180900,49200,62200,29800,4200
2416,1,195400,54100,75000,28600,4300
2417,1,187400,49600,63200,28600,4400
2418,1,213100,50100,63400,28600,4300
2419,1,190900,49400,63500,28500,4300
2420,1,183100,49300,67500,28400,4100
2421,1,213100,49700,63700,28600,4200
2422,1,205300,49700,63300,28600,4300
2423,1,181100,49400,63400,28400,4200
2424,1,186100,54300,63600,28200,4300
2425,1,183100,53800,63100,28500,4300
2426,1,184800,49500,67300,28100,4300
2427,1,181900,49300,66600,29700,4300
2428,1,181900,54100,63200,28200,4200
2429,1,190400,49800,67700,28400,4300
2430,1,202900,49700,68000,28600,4300
2431,1,197100,49600,68500,28600,4600
2432,1,212900,50000,68000,28800,11600
2433,1,191900,49400,63300,28800,4500
2434,1,208900,49500,61500,29100,4500
2435,1,188600,49500,67900,28700,4300
2436,1,252200,49900,64900,28900,4400
2437,1,213800,49500,67900,28600,4300
2438,1,209400,49400,64900,28500,4400
2439,1,198700,49500,66700,29600,4300
2440,1,214000,47700,61900,28900,4300
2441,1,229700,51100,76700,28800,4500
2442,1,257100,98500,77100,30400,7300
2443,1,292200,62900,75000,30400,86500
2444,1,244500,52200,63100,29200,63500
2445,1,201400,51600,61600,28800,21000
2446,1,201100,50200,64000,28500,4400
2447,1,174000,49500,63700,28100,4300
2448,1,177900,49300,67900,27800,4200
2449,1,178200,49300,63100,28300,4300
2450,1,179200,49200,62700,28000,4100
2451,1,220800,50100,63200,31100,4500
2452,1,186700,49500,63500,28400,4400
2453,1,191300,49900,69200,28600,4100
2454,1,187200,50300,63400,28400,4200
2455,1,181100,49800,63200,28200,4200
2456,1,191100,53900,63200,28800,4200
2457,1,194000,50700,67600,28500,4300
2458,1,235200,49600,63700,28700,4300
2459,1,194700,49700,67400,28200,4300
2460,1,184700,49300,67500,28200,4400
2461,1,173200,49100,59100,28200,4400
2462,1,181500,49600,67700,28300,4300
2463,1,181400,53600,61800,29300,4200
2464,1,184200,49900,67300,28200,4200
2465,1,193000,49600,67300,28200,4300
2466,1,216100,49400,67700,28500,4300
2467,1,218300,49300,65300,28700,4300
2468,1,198800,49200,64000,28900,4300
2469,1,184000,49700,67500,28100,4300
2470,1,208200,49500,67800,28600,4300
2471,1,177000,49600,62800,28000,4300
2472,1,175400,49300,62400,27900,4100
2473,1,173800,49500,62500,27800,4200
2474,1,174600,49400,63000,28300,4100
2475,1,181600,49600,66100,29400,4300
2476,1,182200,53700,63600,28000,4300
2477,1,179300,49400,63400,28400,3200
2478,1,214100,50100,67600,28800,4200
2479,1,192600,49500,67600,28400,4200
2480,1,176300,49500,62300,28100,4200
2481,1,210500,49500,67400,28400,4200
2482,1,202300,54200,63600,28200,4300
2483,1,175500,53500,62500,27600,4300
2484,1,182400,49700,66700,27900,4300
2485,1,184500,49800,63000,28300,4300
2486,1,182000,49400,62800,28400,4200
2487,1,193600,49900,73400,35700,4200
2488,1,197200,60500,64000,29000,4100
2489,1,189800,49800,63500,28700,4500
2490,1,197000,54500,63600,28900,4400
2491,1,186000,49500,63200,28300,4300
2492,1,191000,49400,62700,28600,4400
2493,1,190400,50000,67900,28600,4400
2494,1,203500,49300,61200,28900,4300
2495,1,188100,49300,63100,28200,4100
2496,1,216400,49400,68100,28700,4200
2497,1,187900,50700,62800,28300,4400
2498,1,245900,49800,63800,28800,4300
2499,1,215900,50800,66300,30000,4100
2500,1,178500,49500,67700,28000,4200
2501,1,181800,48300,69700,28400,4300
2502,1,181500,50500,64200,28700,4400
2503,1,186900,61100,65800,28100,4200
2504,1,243200,56200,69400,29000,56900
2505,1,250700,51500,65800,28800,63600
2506,1,219400,50100,66900,29300,21000
2507,1,186400,54900,67000,34100,4400
2508,1,180000,49600,67700,28200,4200
2509,1,180300,49600,63500,28300,4300
2510,1,184800,49000,67600,28100,4200
2511,1,215600,49600,68900,29700,3300
2512,1,189800,49000,62900,28400,4300
2513,1,179100,49600,63300,28100,4200
2514,1,187900,49800,63200,28400,4300
2515,1,192200,49800,68100,28500,4200
2516,1,190100,49500,63600,28700,4400
2517,1,201800,49600,69700,28700,4300
2518,1,289100,54300,76000,44900,4500
2519,1,208000,49800,65700,28800,4400
2520,1,188700,49700,60900,28600,4200
2521,1,183300,49900,64900,28500,4300
2522,1,181600,49400,63500,28500,4200
2523,1,183400,49300,63000,29500,4400
2524,1,187500,49500,64300,28700,4300
2525,1,225300,49300,59500,28600,4300
2526,1,259300,49900,68600,29000,4400
2527,1,184500,49700,67200,28000,4300
2528,1,175200,49500,62800,28300,4200
2529,1,225900,49900,68100,28700,4200
2530,1,226300,49600,63200,28700,4300
2531,1,176900,49500,62900,28000,4200
2532,1,180600,54300,62800,28000,4200
2533,1,177900,49700,67400,28000,4300
2534,1,175900,49300,62600,28400,4300
2535,1,179300,49500,63300,29000,4300
2536,1,181300,49800,67400,28100,4400
2537,1,183000,49700,62900,28400,4200
2538,1,216500,49700,68700,28800,4300
2539,1,190900,49800,64200,28400,4400
2540,1,181400,49200,67400,28000,4400
2541,1,213300,49600,67700,28500,4300
2542,1,198100,49300,62700,28200,4500
2543,1,172700,54000,62900,27600,3200
2544,1,171200,53500,62300,27600,3300
2545,1,174000,49600,67400,27800,3100
2546,1,180200,49400,67300,27800,4200
2547,1,177400,49200,64100,29000,4200
2548,1,173700,49000,58600,27900,4100
2549,1,184000,49700,63400,28600,3400
2550,1,189900,49500,63300,28700,4300
2551,1,190900,49500,68200,28300,4200
2552,1,194600,49700,67500,28400,4300
2553,1,185200,49400,62800,28600,4300
2554,1,206300,49700,68100,28700,3300
2555,1,185500,49500,67800,28400,4300
2556,1,209000,49500,63600,28300,4200
2557,1,187800,49700,68000,28200,3200
2558,1,219100,49600,75600,42600,4300
2559,1,185200,49800,61300,29300,4500
2560,1,212600,49400,62900,28500,4400
2561,1,206800,49300,65100,28800,4300
2562,1,178200,48500,67100,28100,4100
2563,1,174600,50400,66200,27800,4200
2564,1,193300,56700,73600,40300,4200
2565,1,237900,55000,63000,29100,57500
2566,1,260500,51600,66000,29100,63400
2567,1,193500,50200,65500,28800,20900
2568,1,173500,49400,63300,27900,4200
2569,1,181100,49900,63000,28300,4200
2570,1,186600,49300,63300,28700,4300
2571,1,220200,49900,67100,30800,4500
2572,1,196100,49700,63400,28500,4200
2573,1,184500,49800,64300,28600,4500
2574,1,180400,49500,63400,28700,4400
2575,1,179300,53700,63500,28100,3200
2576,1,180200,49500,63300,28300,4300
2577,1,189300,49300,62900,28400,4300
2578,1,232800,49700,63400,28800,4300
2579,1,203700,49500,65800,28700,4400
2580,1,186500,49500,65400,28600,4500
2581,1,183600,49800,64600,28400,4200
2582,1,190600,49600,68600,28400,4500
2583,1,186800,49600,65600,29600,4300
2584,1,194100,53900,63500,28400,4200
2585,1,188700,49600,67500,28400,4300
2586,1,220100,49700,67300,28800,4500
2587,1,187200,49600,67800,28700,4300
2588,1,184100,49700,67500,28100,4200
2589,1,185400,49700,63800,28400,4200
2590,1,203700,49800,64400,28800,4200
2591,1,219600,49300,59800,28700,4300
2592,1,204600,49500,65400,28800,4300
2593,1,176200,49600,63400,28300,4300
2594,1,177600,49400,63200,28600,4300
2595,1,189100,52500,68000,36400,4300
2596,1,191700,51700,65800,30500,3300
2597,1,184000,49700,63500,28500,4400
2598,1,213900,49400,63400,28700,4400
2599,1,194800,49400,67800,28400,4400
2600,1,186200,56200,63200,28300,4300
2601,1,220400,49700,67800,28400,4400
2602,1,211500,49500,67700,28400,4400
2603,1,179600,53700,63700,28000,4100
2604,1,175200,49600,62200,28100,4300
2605,1,172100,49400,62600,27800,4200
2606,1,172600,49300,62200,27900,4100
2607,1,178200,49200,65800,29100,4200
2608,1,180900,49400,63200,28300,4200
2609,1,191900,49400,63200,28500,4400
2610,1,240400,50300,68100,28900,4300
2611,1,227700,54600,63800,28700,3400
2612,1,194900,49500,68100,28300,4300
2613,1,187700,49400,63000,28400,4400
2614,1,209200,49500,67800,28500,4400
2615,1,182300,49700,63200,28300,4400
2616,1,212900,49500,62200,28700,4400
2617,1,183300,49300,63000,28300,4300
2618,1,205400,49300,62800,28600,4300
2619,1,191200,49200,66200,29600,4200
2620,1,180500,53900,63400,28000,4400
2621,1,175200,49400,62100,28000,4200
2622,1,215500,49200,63100,28700,4300
2623,1,192400,48100,62700,28000,4200
2624,1,179500,50900,65500,28300,4100
2625,1,187700,57500,63400,28600,4300
2626,1,258000,54900,67400,29000,56300
2627,1,236400,51500,65300,29000,62900
2628,1,197000,54800,63900,28700,20900
2629,1,181400,49200,67600,28300,4300
2630,1,182500,49500,67400,28300,4300
2631,1,221500,49300,65900,29400,4300
2632,1,180800,49200,62800,28200,4300
2633,1,173900,49400,62700,28100,3200
2634,1,181100,53600,63600,28400,4100
2635,1,174100,49300,63300,27900,4200
2636,1,174700,49200,63000,28200,4100
2637,1,177900,49300,63000,28200,4300
2638,1,223000,49700,62900,28700,4300
2639,1,190000,49300,62800,28100,4300
2640,1,179600,49600,62500,28300,4300
2641,1,182600,49700,66000,30500,4300
2642,1,179200,49400,62500,28200,4300
2643,1,181200,49900,62400,29700,4300
2644,1,185300,49000,67700,28200,4200
2645,1,181400,49600,62800,28200,4400
2646,1,215400,49500,68200,28600,4300
2647,1,179600,49600,62600,27900,4300
2648,1,182500,49400,67100,28300,4300
2649,1,189000,49500,63300,28200,4300
2650,1,204400,49300,67800,28700,4400
2651,1,179700,49300,63200,28100,4400
2652,1,181700,49200,67300,28000,4200
2653,1,218500,54300,63400,28600,4400
2654,1,204000,49700,63600,28700,4300
2655,1,190000,54100,62100,29500,3300
2656,1,182500,49200,62700,28400,4400
2657,1,195800,49900,67900,28600,4300
2658,1,222700,49900,63000,28800,4400
2659,1,190600,49700,63100,28600,4300
2660,1,179700,49600,62900,28300,4300
2661,1,214300,49400,67400,28000,4300
2662,1,204500,49600,65000,28500,4300
2663,1,170500,49300,62800,27700,4300
2664,1,169600,48900,62100,27500,4100
2665,1,175900,49500,62000,27700,4100
2666,1,176100,49000,67800,28100,4100
2667,1,171800,49000,61900,29200,4300
2668,1,180800,51800,67600,28000,4400
2669,1,188200,50100,61300,28800,4200
2670,1,186800,50500,58600,28400,4400
2671,1,194000,49800,68400,28700,4300
2672,1,191900,49500,62900,28500,4400
2673,1,189800,49700,62900,28600,4300
2674,1,206000,49400,62900,28500,4300
2675,1,201300,51500,67400,28800,4400
2676,1,264900,60500,68500,30300,5000
2677,1,214300,54200,64700,30600,4900
2678,1,256400,56300,68100,30400,5000
2679,1,224900,54200,71000,31800,5100
2680,1,194300,51500,68600,28900,4300
2681,1,191800,51400,68000,28800,4400
2682,1,190600,50100,63800,28400,4200
2683,1,189600,49600,68000,28700,4200
2684,1,224500,49300,66300,30000,4500
2685,1,212700,50800,64800,29100,4200
2686,1,216700,58600,63900,29000,4400
2687,1,246900,55100,68100,28900,58600
2688,1,242800,52000,63100,29300,64100
2689,1,211600,50900,68400,28800,20800
2690,1,193700,49100,73200,28500,4500
2691,1,493000,132400,154100,32800,5000
2692,1,430700,129900,149200,27700,4100
2693,1,422300,129300,148500,27400,4300
2694,1,427000,128900,150700,27400,4200
2695,1,476800,129300,151100,27700,4200
2696,1,456200,129500,148300,27600,4200
2697,1,419400,129600,149400,27400,4200
2698,1,483800,129100,150800,27400,4200
2699,1,358100,130400,72300,27700,4200
2700,1,189300,53100,66700,30300,4300
2701,1,189100,51200,62600,29300,4500
2702,1,183700,49900,63400,28400,4300
2703,1,186300,49800,66900,29300,4300
2704,1,184500,49300,63600,28800,4200
2705,1,195100,52700,67700,28300,4500
2706,1,486400,133400,154900,30300,5100
2707,1,429100,131500,151000,28600,4300
2708,1,229900,51500,67700,29700,3800
2709,1,240000,52100,68900,30500,4300
2710,1,301200,85800,70200,30500,4500
2711,1,192500,54400,64100,28900,4400
2712,1,199500,50200,67800,28400,4300
2713,1,192800,49900,72100,28700,4200
2714,1,335200,99600,117900,29700,5000
2715,1,382500,98200,118500,30300,4300
2716,1,259100,56000,69300,29700,4300
2717,1,196400,49900,68500,29100,4200
2718,1,209800,49600,59500,28900,4200
2719,1,196100,49700,69000,28700,4200
2720,1,181000,49600,64900,28400,4300
2721,1,279600,73400,60200,30500,4700
2722,1,207400,50600,62600,29200,4200
2723,1,176500,49800,67300,28100,4300
2724,1,173400,49300,66900,27700,4100
2725,1,181600,49800,68000,28600,4200
2726,1,174800,49500,67600,27800,4300
2727,1,178800,49500,71100,31800,4100
2728,1,426200,131600,153200,30800,5000
2729,1,426200,130400,150200,28700,4200
2730,1,427700,129700,150100,28800,4200
2731,1,433300,131100,151400,28900,4000
2732,1,352600,130100,71600,30000,4300
2733,1,238000,61900,66300,30600,4700
2734,1,252400,53200,66300,31700,5200
2735,1,195700,52700,64600,29000,4400
2736,1,254800,55400,64400,30600,5000
2737,1,201200,51100,64300,29100,4800
2738,1,210500,50600,63800,28500,4300
2739,1,199500,51300,67200,30300,4400
2740,1,190000,50600,64800,28600,4300
2741,1,196100,51200,69100,28900,4400
2742,1,189600,50000,63600,28700,4200
2743,1,187400,50600,68100,28500,4200
2744,1,188300,50000,63600,28700,4300
2745,1,191400,48800,67400,28300,4300
2746,1,249500,51000,66400,28700,4500
2747,1,219500,59000,66700,28800,4300
2748,1,243600,54900,64500,29100,63500
2749,1,251900,52100,69100,29000,64900
2750,1,203700,51400,64300,28900,21000
2751,1,219800,50500,63200,30100,4400
2752,1,193800,54000,64100,28500,4300
2753,1,182200,50100,63600,28800,4400
2754,1,182700,49800,64000,28700,4300
2755,1,182000,50900,64500,28600,4200
2756,1,196500,50900,61800,30800,4700
2757,1,186000,49600,61800,29100,4300
2758,1,279200,52800,68800,30600,5000
2759,1,226100,63600,64200,30600,4800
2760,1,193200,51300,66000,29200,4700
2761,1,180300,49700,64000,28400,4300
2762,1,181000,49600,63700,28500,4200
2763,1,190700,51700,62800,30400,4200
2764,1,188500,49900,64100,28500,4400
2765,1,190600,50000,63900,28800,4200
2766,1,246000,51200,70100,30100,4800
2767,1,191000,50000,63900,29000,4400
2768,1,183800,50300,61400,28800,4300
2769,1,184300,49500,60100,28700,4400
2770,1,210400,50500,65300,29100,3300
2771,1,210100,52800,65100,30300,5100
2772,1,226200,53300,74200,32500,5000
2773,1,196500,54400,64200,30300,4300
2774,1,200800,50500,63500,29100,4700
2775,1,192300,50200,62600,29800,4200
2776,1,187100,51300,60800,28900,4300
2777,1,246700,50200,68500,28800,4200
2778,1,249900,49900,68700,28800,4500
2779,1,198200,49900,63700,28500,4200
2780,1,231900,50300,69200,29100,4300
2781,1,257800,49700,69300,28900,4200
2782,1,200800,49300,63200,28500,4200
2783,1,175900,50700,67300,27700,4100
2784,1,174600,49300,66800,27800,4200
2785,1,169600,49200,63000,27400,4200
2786,1,170500,49100,63800,29200,3200
2787,1,171300,49800,62800,29700,4100
2788,1,176000,49100,68000,28000,4400
2789,1,186000,49500,67900,28400,4200
2790,1,190100,49500,68000,28600,4400
2791,1,185300,50800,64000,29200,4400
2792,1,182300,49400,61900,29500,4200
2793,1,186200,49400,65900,28400,4300
2794,1,211200,51100,66800,28800,3400
2795,1,192300,50800,67200,28200,4400
2796,1,220100,51000,67100,30200,4600
2797,1,203900,54400,66000,29900,4700
2798,1,220900,50900,63600,31000,4700
2799,1,198800,50300,68600,29500,4300
2800,1,176800,49900,62900,28300,4200
2801,1,183400,49700,67100,28100,4300
2802,1,184300,49800,67200,28300,4300
2803,1,177300,49600,62200,28200,4300
2804,1,184600,49400,67700,28500,4300
2805,1,196100,54100,70000,28800,3200
2806,1,230200,51200,79100,29800,4300
2807,1,189100,51700,69400,29100,4000
2808,1,264800,62000,66200,30600,6200
2809,1,275000,55000,68000,29000,61000
2810,1,252300,57400,65300,29200,64000
2811,1,262400,54500,62900,33800,21800
2812,1,190900,49800,63800,29200,4300
2813,1,182400,50300,63900,28600,4200
2814,1,174800,49300,58500,28400,4300
2815,1,172400,49300,63000,28100,3100
2816,1,184100,50500,68600,28700,4200
2817,1,181600,49400,63800,28400,4200
2818,1,243100,58100,65200,30100,4300
2819,1,199300,50500,63500,29200,4700
2820,1,186700,52800,67600,28500,4100
2821,1,173500,49400,63200,28100,4200
2822,1,178100,49400,67200,27700,4400
2823,1,196200,51400,64600,31200,4900
2824,1,212600,52200,68500,30600,5100
2825,1,200100,50500,63800,29100,4200
2826,1,228000,50500,64600,31300,4300
2827,1,193800,49700,63200,28500,4300
2828,1,185600,49000,62800,29000,4300
2829,1,193200,49600,65100,28600,4300
2830,1,219000,50400,70000,28900,4200
2831,1,188100,49800,67300,28300,4200
2832,1,189900,53300,61600,29000,4300
2833,1,184900,51500,63300,28200,4100
2834,1,189600,49600,70000,28600,4200
2835,1,210100,52000,64100,31700,4900
2836,1,186300,49800,60900,29300,4300
2837,1,204500,52100,67600,29000,4300
2838,1,221500,54300,64300,29100,3300
2839,1,239900,50200,68600,28900,4200
2840,1,239900,52200,64300,30600,4900
2841,1,238000,51600,67500,30200,4400
2842,1,215000,54300,64200,29000,4500
2843,1,172700,49500,62600,28100,4100
2844,1,168300,49100,58700,28400,4300
2845,1,173200,49500,63800,27900,4100
2846,1,180100,54400,64400,28300,4300
2847,1,176700,53900,64200,29300,3100
2848,1,179500,49200,68000,28900,4200
2849,1,184900,49400,62700,28700,4200
2850,1,189600,51200,62900,29100,4600
2851,1,185100,49200,63700,28800,4300
2852,1,192500,49700,69300,28900,4300
2853,1,209300,53400,67100,30400,5000
2854,1,213100,50100,66600,30200,4200
2855,1,184500,49700,63600,28500,4200
2856,1,234100,50100,67500,28500,4500
2857,1,198000,49100,64200,28700,4300
2858,1,220100,50100,68000,28700,4300
2859,1,199200,49400,62900,29800,4300
2860,1,187900,50400,67500,29000,4400
2861,1,191100,49700,67700,28400,4300
2862,1,184700,50400,63500,28800,4200
2863,1,184800,53900,64100,28200,3100
2864,1,183400,49300,58900,28800,4300
2865,1,229400,49500,63800,28700,4300
2866,1,272600,52800,67100,30400,4900
2867,1,194800,55100,64000,29000,4300
2868,1,180500,50600,64000,28900,4300
2869,1,188900,57100,63000,28900,4300
2870,1,290900,54900,69100,29200,60300
2871,1,309900,52000,67100,30300,63800
2872,1,204500,50600,61800,29500,20800
2873,1,188900,52200,59600,28800,4600
2874,1,184000,49300,67000,28400,4200
2875,1,184700,49600,67700,28500,4200
2876,1,180800,49500,67500,28600,4200
2877,1,180600,49500,62800,28100,4400
2878,1,227900,49400,63300,28600,4300
2879,1,185300,49200,62700,28300,4400
2880,1,174200,49200,61300,29000,4300
2881,1,171300,49200,62500,27900,4200
2882,1,172600,49100,62500,28100,4200
2883,1,174000,49600,62000,29900,4300
2884,1,175300,49300,63100,28700,4200
2885,1,179200,53600,60800,28300,3300
2886,1,244200,57500,68100,30400,4700
2887,1,206200,52700,65400,31600,4300
2888,1,191600,49800,61900,29900,4300
2889,1,192400,49800,67800,29000,4200
2890,1,213200,49900,67200,28500,4300
2891,1,189300,49800,67600,28400,4300
2892,1,187300,49500,67600,28600,4200
2893,1,178100,50600,63200,28500,4200
2894,1,187000,51500,67700,28700,4300
2895,1,186200,49500,64000,29600,4300
2896,1,184100,49500,65400,29400,4400
2897,1,188600,49500,63300,28800,4300
2898,1,216600,49800,63000,28900,4400
2899,1,194200,49800,63700,28800,4300
2900,1,185700,49900,67800,28900,4200
2901,1,252900,49700,63600,28900,4400
2902,1,229500,49700,67500,28600,4400
2903,1,183100,49400,66900,27700,4300
2904,1,173100,49500,63400,28700,4300
2905,1,169300,49200,63000,28000,4000
2906,1,176600,49200,62400,28100,4100
2907,1,167600,49200,61000,29200,4100
2908,1,171300,49800,62500,28100,4200
2909,1,183600,49100,63200,28700,4100
2910,1,193600,49500,64400,29800,4200
2911,1,186600,49500,63300,28600,4200
2912,1,191300,49400,63700,28900,4400
2913,1,186800,49500,63100,28700,4200
2914,1,200000,49500,62600,28900,4300
2915,1,184100,49400,67100,28200,4300
2916,1,208400,49600,63300,29000,3300
2917,1,187100,49700,62600,28300,4300
2918,1,213000,53700,63900,28700,4200
2919,1,196800,50000,65900,29600,4200
2920,1,184300,53700,62300,29000,4200
2921,1,205200,50200,63600,28600,4300
2922,1,189900,49600,67400,28500,4500
2923,1,183200,49700,67100,28300,4300
2924,1,182400,49300,63700,29300,4200
2925,1,184100,49400,63200,28500,3300
2926,1,203700,49500,63400,28700,4500
2927,1,179900,49500,63400,28500,4200
2928,1,179400,47900,65100,29000,4300
2929,1,187500,50500,66200,28400,4200
2930,1,193300,56600,63600,28400,4100
2931,1,290700,54800,79500,50900,57900
2932,1,294300,51700,68900,29600,63500
2933,1,220100,50700,60400,29200,20600
2934,1,181600,48700,64300,28600,4400
2935,1,176800,49700,64000,28400,4200
2936,1,179800,50600,59400,29100,4200
2937,1,186400,49700,67500,28400,4400
2938,1,227900,49400,63500,28800,4300
2939,1,192000,49700,67100,28500,4200
2940,1,177000,49600,62900,28900,4200
2941,1,178900,49200,62900,28100,4100
2942,1,184800,49600,67200,28400,4300
2943,1,186700,49400,63700,29300,4400
2944,1,192000,49500,67800,28900,4200
2945,1,180400,49400,62500,28400,4300
2946,1,210800,49400,63100,28700,4200
2947,1,183700,49200,62100,28100,4200
2948,1,184100,53800,63000,28800,4300
2949,1,194800,49400,63100,28600,4300
2950,1,252400,49900,66100,29300,4300
2951,1,229100,49800,63600,28700,4400
2952,1,183600,49700,63600,29000,4200
2953,1,180000,49700,63000,28300,4100
2954,1,186000,49400,67300,28300,4300
2955,1,185500,49600,65100,29500,4200
2956,1,181300,49300,63900,29400,4300
2957,1,187100,49500,63100,28600,4200
2958,1,219100,49800,68500,28600,4300
2959,1,198000,49300,63300,28500,4400
2960,1,185700,49300,67300,28700,4300
2961,1,216900,51600,64900,28600,4200
2962,1,203300,49200,62900,28800,4300
2963,1,209900,49300,62300,28600,4200
2964,1,197000,53800,63000,28700,4300
2965,1,168400,49300,62000,27500,4000
2966,1,173200,49300,66400,27700,4300
2967,1,174000,52400,61400,29200,3500
2968,1,365400,140100,157800,31500,4200
2969,1,454300,135500,155600,29700,4800
2970,1,455900,133400,155900,29400,4500
2971,1,440000,133400,156500,29800,4400
2972,1,444100,134600,156300,30200,4400
2973,1,226200,52600,69800,30000,3500
2974,1,207600,49900,63800,29000,3900
2975,1,185000,54100,63800,28300,4200
2976,1,204800,49400,59800,29400,4300
2977,1,186800,49700,68000,28300,4200
2978,1,207100,49500,67700,28300,4200
2979,1,187200,49400,62800,30800,4300
2980,1,183500,49600,68000,28600,4200
2981,1,186200,49500,68000,28400,4200
2982,1,192400,51000,69400,28200,4300
2983,1,184500,49800,67300,28100,4200
2984,1,189200,49500,69200,28800,4300
2985,1,188000,49300,63200,28600,4300
2986,1,206900,49700,67900,28400,4400
2987,1,177800,49600,62800,28300,4200
2988,1,173700,48900,59200,28700,4300
2989,1,184000,47900,67600,28300,4200
2990,1,185500,50400,64700,28700,4300
2991,1,243800,71900,68200,29900,4300
2992,1,250800,55100,65700,30000,57400
2993,1,244400,51400,65500,28700,63300
2994,1,240800,50400,61300,29300,20600
2995,1,212400,49900,68100,28700,4300
2996,1,185300,49700,64100,29500,4400
2997,1,193100,49400,68100,28400,4200
2998,1,227900,49100,59800,28600,4400
2999,1,189800,49700,63500,28700,4300
3000,1,186500,49300,68100,28800,4300
3001,1,179000,49100,67600,28400,4400
3002,1,181800,49700,67500,28200,4300
3003,1,174500,49300,61800,29300,4100
3004,1,180800,49600,66300,29800,4300
3005,1,180500,49100,63100,28600,4300
3006,1,211600,49200,64200,28700,4400
3007,1,178600,49200,63400,28400,4300
3008,1,179100,49200,68000,28900,4100
3009,1,184800,49400,67100,28400,4300
3010,1,200200,49000,61800,28700,4300
3011,1,183300,49600,62400,28400,4400
3012,1,188900,49200,66000,29100,4300
3013,1,181700,49400,63000,28300,4200
3014,1,189700,49700,67900,28300,4300
3015,1,192200,54000,62800,29900,3300
3016,1,195100,49700,66000,29400,4300
3017,1,189300,51000,59800,28700,4400
3018,1,217000,51100,61900,29000,4400
3019,1,194400,49700,63200,28300,4500
3020,1,190600,50000,69000,28900,4200
3021,1,220400,49500,67900,28700,4300
3022,1,209200,49600,67500,28600,4400
3023,1,180800,49400,67400,28100,4300
3024,1,173900,49400,63400,28700,4300
3025,1,214400,49600,64400,28700,4300
3026,1,201200,49300,63100,28600,4400
3027,1,181300,52000,63700,30500,4300
3028,1,182600,49600,63000,28400,4300
3029,1,190900,49600,67600,28400,4300
3030,1,192900,49800,67600,28600,4200
3031,1,182500,49200,62900,28000,4300
3032,1,191000,49400,65200,29000,4500
3033,1,188100,49300,65300,28700,4200
3034,1,206200,49800,63200,28700,4300
3035,1,222300,49900,63000,28400,4300
3036,1,248900,50000,66900,30000,4300
3037,1,181500,49600,63100,28100,4300
3038,1,201000,49300,63100,28500,4300
3039,1,189400,49500,68100,29300,4200
3040,1,177900,51300,66800,28500,4200
3041,1,197700,55800,61800,28600,5800
3042,1,178000,49500,60600,28300,4200
3043,1,182100,50000,67800,28200,4400
3044,1,181300,49700,61400,29100,4500
3045,1,188500,50500,64200,28100,4300
3046,1,201800,49400,60800,28600,4300
3047,1,183300,49400,67000,28100,4200
3048,1,180100,53800,63400,28400,3300
3049,1,180900,49400,62600,28100,4300
3050,1,182300,47900,64500,28300,4100
3051,1,217500,50900,65800,30800,4400
3052,1,200400,56500,69100,29400,4300
3053,1,243500,54500,67700,28800,56100
3054,1,243300,51100,62300,29000,63000
3055,1,192900,50400,62300,28800,21000
3056,1,225500,49800,65800,29800,4300
3057,1,202400,49600,60900,28600,4300
3058,1,227100,50700,63500,28500,4400
3059,1,187300,49600,62700,28100,4200
3060,1,174600,49300,62800,28300,4200
3061,1,176800,49600,67300,27900,4300
3062,1,177400,49600,67100,27700,4300
3063,1,172500,49700,61000,29200,4300
3064,1,173200,49500,58800,28400,4300
3065,1,185400,49100,67400,28100,4200
3066,1,212700,50400,68000,28500,4300
3067,1,186500,49600,68700,28500,4200
3068,1,176600,49700,65400,29100,4200
3069,1,181600,49600,67500,28200,4200
3070,1,206800,50200,67700,28300,4400
3071,1,177200,49800,62900,28100,4200
3072,1,177000,49300,62900,29800,4200
3073,1,178600,49700,63000,28000,4400
3074,1,186000,53900,63100,28300,4200
3075,1,236300,49400,114700,105900,4200
3076,1,186800,49800,65500,29200,4400
3077,1,193400,49700,67600,28500,4300
3078,1,219300,49700,64800,28800,4400
3079,1,200900,49700,67800,28800,4300
3080,1,195000,56800,62900,29100,3200
3081,1,218700,49500,63600,28800,4300
3082,1,214900,49800,67800,29000,4400
3083,1,177900,49100,62500,28200,4200
3084,1,177600,49500,64400,28900,4400
3085,1,176200,49900,62800,28300,4200
3086,1,178900,49900,67200,28200,4200
3087,1,218600,49700,66700,30000,4400
3088,1,201300,49600,67700,28900,4300
3089,1,187300,54200,63800,28600,4300
3090,1,183100,49600,60400,28400,4400
3091,1,191500,49800,67600,28400,4400
3092,1,182900,49900,61200,29100,3300
3093,1,181700,49500,63000,28600,4200
3094,1,201300,49400,62900,28600,4400
3095,1,179100,49400,62900,28300,4200
3096,1,214400,49900,67500,28900,4500
3097,1,183300,49500,62900,28400,4300
3098,1,203200,49500,63200,28400,4200
3099,1,185000,49300,61800,29500,4300
3100,1,171700,49300,60400,28400,4300
3101,1,190400,49500,76200,43100,4200
3102,1,177200,49800,62800,28300,4200
3103,1,174400,49500,63300,28300,4100
3104,1,184400,49700,64900,29000,4300
3105,1,192500,49300,67500,28500,4300
3106,1,201900,49400,60500,28800,4300
3107,1,191500,49300,68000,28400,4200
3108,1,189500,49400,63400,28600,4200
3109,1,189400,49200,65900,28600,4200
3110,1,184900,49200,63700,28300,4200
3111,1,223600,47600,66400,29700,4300
3112,1,201500,55100,64000,28700,4300
3113,1,196300,56500,66000,28700,4400
3114,1,250700,54100,67900,29100,56100
3115,1,243700,51500,63600,28800,63300
3116,1,203800,50600,66100,29500,19500
3117,1,187100,49600,63200,28500,4500
3118,1,273400,50200,65700,28900,4400
3119,1,221500,50900,66500,28900,4300
3120,1,280000,61300,67800,31300,4300
3121,1,238300,53300,69000,30400,4900
3122,1,184000,49800,68600,28600,4400
3123,1,176000,49500,62600,29700,4300
3124,1,181400,49300,68800,28900,4400
3125,1,185900,49600,67700,28400,4200
3126,1,211000,49400,63600,28600,4300
3127,1,175000,49300,63300,27900,4200
3128,1,177000,49400,63800,29100,4200
3129,1,179900,49400,63400,28300,4100
3130,1,197900,48900,61300,28500,4200
3131,1,176700,49100,62800,28100,4400
3132,1,175200,49000,62900,28300,4400
3133,1,172800,49600,62800,28000,4400
3134,1,177300,49500,62900,28100,4200
3135,1,188100,49400,66100,29800,4200
3136,1,187600,49700,65300,29300,4200
3137,1,191900,49000,64400,28800,4200
3138,1,218200,49400,63300,28800,4400
3139,1,198100,49300,65200,28700,4400
3140,1,189600,49300,67900,28900,4100
3141,1,212200,50000,62800,28600,3400
3142,1,204700,50000,64000,28600,4300
3143,1,182900,49600,63300,28300,4100
3144,1,169500,48900,60100,29000,4100
3145,1,185700,60600,63800,28300,4200
3146,1,181700,51200,68500,27800,4200
3147,1,176800,49400,63700,29400,4200
3148,1,173100,48800,63400,28200,4100
3149,1,227000,50000,63500,28700,4300
3150,1,215400,49600,68600,28800,4300
3151,1,185700,50200,67300,28400,4200
3152,1,187900,49200,68000,28800,4300
3153,1,183800,49700,63700,28300,4300
3154,1,205500,54000,63900,28600,4400
3155,1,183000,54200,63900,28200,3200
3156,1,217900,49600,69100,29300,4400
3157,1,181900,49600,63400,28300,4300
3158,1,201500,49300,63300,28300,4200
3159,1,183800,49500,62500,29600,4400
3160,1,178300,50100,68100,28400,3200
3161,1,179500,49700,67800,28200,4300
3162,1,180100,49900,67800,28100,4300
3163,1,175600,49900,67200,28000,4200
3164,1,184200,49600,68300,28600,4200
3165,1,190600,49600,64000,28700,4200
3166,1,213200,50400,68300,28800,4400
3167,1,193000,50200,67600,28400,4300
3168,1,192600,49800,63600,29100,4500
3169,1,193700,50200,68400,28600,4300
3170,1,190400,49900,64200,28300,4400
3171,1,231200,50100,68300,31200,4400
3172,1,187900,48900,59500,29100,4300
3173,1,188400,50900,66800,28300,4100
3174,1,194900,57700,63700,28400,4300
3175,1,236700,54500,63600,29100,56900
3176,1,246700,56500,64800,29600,61500
3177,1,208600,51700,64300,29000,20700
3178,1,238000,50400,68200,28800,4400
3179,1,196900,54600,64000,28300,4200
3180,1,222400,50100,64700,29600,4300
3181,1,200700,49900,63900,28800,4200
3182,1,178700,50300,63100,28300,4300
3183,1,178300,50000,64500,29500,4100
3184,1,180100,51000,63800,28500,4300
3185,1,182300,50100,64200,28400,4300
3186,1,219200,56000,64200,28400,4300
3187,1,184200,50200,68000,28200,4400
3188,1,177100,50000,64000,29100,4300
3189,1,180500,50000,62900,28200,4200
3190,1,205400,50100,67800,28400,4400
3191,1,191200,50200,67700,28200,4300
3192,1,177200,49400,59500,28500,4300
3193,1,176800,49700,64100,28300,4300
3194,1,188900,50100,72800,28300,4100
3195,1,187300,49900,69000,29700,4500
3196,1,189300,50900,65200,29000,4400
3197,1,216600,57900,70900,32300,4400
3198,1,269900,56300,71100,31600,5000
3199,1,232700,51700,63400,30300,5000
3200,1,211700,63000,62800,30700,4300
3201,1,247700,52800,66800,30400,5000
3202,1,225300,49900,69300,28900,4200
3203,1,186000,49600,68100,28600,4200
3204,1,185400,53700,63800,29100,4200
3205,1,228700,51000,69100,29000,4300
3206,1,218700,51300,68100,29000,4300
3207,1,176700,49800,64200,29500,4200
3208,1,182400,50400,68200,28700,4100
3209,1,188400,49500,63600,28600,4300
3210,1,194100,51100,64500,32200,4200
3211,1,232200,53200,65700,29000,4200
3212,1,245500,54100,73200,31100,4200
3213,1,215500,54200,71800,30200,4200
3214,1,220600,52400,71200,29100,4300
3215,1,187700,52500,65700,28200,4300
3216,1,216500,52500,66500,28700,3900
3217,1,191200,49800,63600,28200,4400
3218,1,209100,53900,63600,28600,3800
3219,1,189300,49900,61300,29300,4200
3220,1,172300,49300,64500,28600,4200
3221,1,181500,51000,68600,28000,4200
3222,1,181900,50700,67400,28200,4200
3223,1,174100,49000,67400,27500,4200
3224,1,178700,49500,63100,28800,4300
3225,1,182500,50000,64100,28400,4300
3226,1,224200,53300,64500,30400,5000
3227,1,179100,49500,60300,28800,4300
3228,1,190200,49900,65500,29600,4200
3229,1,188600,50900,64100,28700,4400
3230,1,193500,50400,68100,28400,4200
3231,1,228300,50000,69900,29800,4300
3232,1,193100,49600,63500,29100,4400
3233,1,189300,48500,67500,28300,4400
3234,1,188400,50700,66300,28400,4400
3235,1,190000,57800,66300,28500,4300
3236,1,246900,54500,66300,29500,61600
3237,1,254400,56200,63900,29200,66400
3238,1,249200,50300,64100,28700,19500
3239,1,203900,49700,68900,28400,4300
3240,1,185800,49700,67900,29100,4100
3241,1,180300,49700,67400,28200,4300
3242,1,214800,49700,62900,28500,4300
3243,1,198100,49600,61700,29600,4300
3244,1,174200,49200,60800,28600,4300
3245,1,178500,49700,63300,28400,4300
3246,1,211200,49500,63400,28600,4200
3247,1,171600,49400,59100,27800,4300
3248,1,177500,49600,67800,28600,4100
3249,1,186500,54000,63200,28400,4200
3250,1,212600,49500,67800,28600,4400
3251,1,187400,49400,67500,28300,4000
3252,1,184700,49500,63200,28700,4200
3253,1,183100,49700,67600,28200,4200
3254,1,178500,49600,62900,28100,4300
3255,1,185100,49500,65600,29600,4300
3256,1,188000,54100,63400,28700,4300
3257,1,192400,49500,67900,28500,4200
3258,1,217200,49700,65500,29000,4400
3259,1,197500,49600,63900,28600,4300
3260,1,188700,49900,65400,28800,4300
3261,1,223100,49800,69100,28700,4200
3262,1,214800,49800,68000,28800,4000
3263,1,179300,49700,62700,28300,4100
3264,1,189700,51700,69500,28600,4200
3265,1,181000,49700,67600,28100,4300
3266,1,181300,49400,67500,28300,4300
3267,1,185600,49400,69600,31600,4300
3268,1,182900,50000,69600,28900,3200
3269,1,206400,52200,65100,30400,5000
3270,1,199400,49900,63400,29400,4400
3271,1,188800,50000,62800,28500,4600
3272,1,191000,49900,64300,28700,4400
3273,1,257000,56800,64400,29500,4400
3274,1,248100,50600,67900,29000,4300
3275,1,180300,49400,60800,28500,4300
3276,1,222600,50700,65300,29800,4400
3277,1,194000,51300,68300,28700,4400
3278,1,241500,55600,64800,30400,5000
3279,1,211000,52200,66100,31800,4900
3280,1,193800,52700,63300,30200,5000
3281,1,196000,51700,69400,28700,4300
3282,1,190600,49800,68400,28300,4300
3283,1,176500,49200,63600,28000,4300
3284,1,188700,49500,68300,28900,4100
3285,1,188700,49700,64300,28500,4300
3286,1,201800,49700,63400,28600,4200
3287,1,177400,49800,63100,28200,4300
3288,1,182600,49800,63500,28300,4300
3289,1,193800,54100,63800,28500,4200
3290,1,233400,49500,65200,28800,4400
3291,1,262800,49800,64400,32000,4500
3292,1,193200,49700,64900,29100,4200
3293,1,181400,49000,59100,28200,4300
3294,1,182300,48100,60700,28600,4400
3295,1,182500,50900,63500,28200,4200
3296,1,188800,57100,63400,28800,4300
3297,1,243600,54400,63400,28900,58000
3298,1,297200,51200,66000,28900,64000
3299,1,207300,50600,61500,29000,20900
3300,1,179700,49500,62100,28800,4300
3301,1,177300,49700,62800,28400,4300
3302,1,181900,49300,68200,28100,4200
3303,1,179100,49200,66000,29200,4200
3304,1,220100,49300,66300,29400,4400
3305,1,204000,49700,63900,28700,4300
3306,1,257600,52700,71900,30400,5000
3307,1,179200,49700,61200,28700,4500
3308,1,175000,48900,63700,28500,4100
3309,1,188600,52100,68500,28300,4000
3310,1,204800,49600,65300,28600,4300
3311,1,184200,51300,67900,28200,4400
3312,1,191700,55400,66600,30900,4200
3313,1,188000,51000,68700,28500,4800
3314,1,178900,49500,64900,28400,4200
3315,1,181900,49000,64300,30100,4300
3316,1,182400,49800,67800,28600,4200
3317,1,189000,49700,68100,28500,4600
3318,1,211100,50000,60800,28500,4300
3319,1,188700,49400,63700,28500,4300
3320,1,183400,49900,63000,28500,4200
3321,1,215800,49400,63300,28500,4200
3322,1,218800,49600,68400,28300,4500
3323,1,182700,49500,67800,28200,4300
3324,1,183300,50600,68500,28800,4200
3325,1,182600,49700,68000,28100,4300
3326,1,181900,49600,67200,27800,4300
3327,1,177600,50800,65900,29400,4200
3328,1,182500,53700,63800,28900,4300
3329,1,185200,49500,63000,28500,4200
3330,1,186500,49700,61200,28700,4300
3331,1,185500,49700,63100,28100,4300
3332,1,190100,49700,65600,29000,4300
3333,1,185900,49400,63800,28500,4200
3334,1,211700,49600,66000,28900,4400
3335,1,230200,49700,65500,28800,4300
3336,1,244400,49900,68300,29100,4300
3337,1,194500,49500,68100,28300,4300
3338,1,207100,49700,63000,28300,4200
3339,1,186400,49300,62400,29600,4400
3340,1,179500,49900,67800,28800,4200
3341,1,172900,49000,58800,28100,4100
3342,1,178600,49600,63200,28300,4300
3343,1,175500,49400,67800,27800,4200
3344,1,177900,49600,63100,28400,4200
3345,1,186200,49600,67600,28400,4300
3346,1,204600,49900,68000,28400,4200
3347,1,181100,49500,67800,28100,4300
3348,1,179200,49200,67900,28600,4200
3349,1,184400,49500,67600,28300,4300
3350,1,180500,49500,62800,28200,4300
3351,1,211100,49100,61400,30000,4300
3352,1,202800,50100,70900,29300,4200
3353,1,206400,52400,63800,30400,4900
3354,1,190300,49800,60600,29000,4300
3355,1,181000,47900,61100,28500,4300
3356,1,188100,50700,64200,28700,4200
3357,1,209900,59500,67900,28800,4300
3358,1,381000,82100,91700,31100,65900
3359,1,471800,141900,158800,30500,69500
3360,1,243400,53500,68400,30100,21300
3361,1,194800,52100,70300,29000,4300
3362,1,298400,53200,118800,30300,5000
3363,1,248300,66600,74100,31900,4800
3364,1,201400,51500,64200,29200,4900
3365,1,182600,50600,58000,29100,4300
3366,1,386200,91900,71400,30600,5000
3367,1,237700,56700,64100,30500,5000
3368,1,191900,49900,68500,28900,4500
3369,1,190800,50000,64300,28500,4500
3370,1,210400,49700,68300,28800,4300
3371,1,186900,49200,68000,28400,4200
3372,1,182200,49400,64300,28200,4300
3373,1,174700,49100,59200,28400,4200
3374,1,181000,48900,63700,28300,3200
3375,1,229800,54500,62800,30100,4200
3376,1,220000,50000,65500,29200,4400
3377,1,189100,54000,63600,28600,3300
3378,1,220600,49600,67700,28400,3800
3379,1,189500,49600,63400,28300,4400
3380,1,190000,49400,67600,28300,3400
3381,1,211100,49400,63600,28600,4300
3382,1,203500,49300,65000,28500,4100
3383,1,179900,49600,67200,27900,4200
3384,1,177800,48800,61400,28200,4300
3385,1,180900,49900,67100,28100,4300
3386,1,177900,49200,63000,27900,4200
3387,1,181800,53700,63900,29200,4200
3388,1,180300,49300,64900,28600,4400
3389,1,189800,49200,68100,28600,4200
3390,1,189500,49200,61800,28700,4400
3391,1,210200,56300,64400,30100,5100
3392,1,198700,50100,64600,29200,4800
3393,1,186900,49400,63100,28900,4400
3394,1,211500,49600,67600,28900,4300
3395,1,183800,49500,64100,28300,4400
3396,1,217200,51500,68600,28900,4500
3397,1,222900,49600,63500,28700,4300
3398,1,226700,49800,62400,28600,4300
3399,1,191500,49900,69400,29500,4200
3400,1,176800,49800,67400,28600,4200
3401,1,174800,49000,62800,28100,4200
3402,1,175200,49300,63100,28200,4300
3403,1,169000,49300,62400,27500,4300
3404,1,174800,49000,62800,28400,4300
3405,1,184600,49700,67400,28300,4300
3406,1,201900,49400,67200,28100,4300
3407,1,172700,49200,62800,28200,4400
3408,1,172300,49200,60700,28700,4300
3409,1,184900,51100,69100,28400,4200
3410,1,184700,49400,67800,28400,4300
3411,1,218100,49800,68500,32600,4200
3412,1,189700,49700,69300,28700,4300
3413,1,179000,50200,61700,28500,4200
3414,1,185500,50500,63500,28400,4200
3415,1,185700,50700,66300,29900,4200
3416,1,189500,48100,67700,28400,4200
3417,1,189400,50700,64300,28700,4300
3418,1,235500,56500,60200,28500,4300
3419,1,256000,54400,64100,29200,57700
3420,1,250400,50900,64000,29400,63800
3421,1,196900,50100,59100,28600,20800
3422,1,191200,49500,68400,28700,4200
3423,1,182800,49600,62300,29800,4300
3424,1,207200,66500,59300,29700,4300
3425,1,195300,50200,68000,28800,4300
3426,1,222900,50200,67600,28700,4500
3427,1,183400,49600,63900,28500,4400
3428,1,253100,52200,69900,29300,4400
3429,1,207200,49500,63500,28700,4400
3430,1,207600,49700,63300,28600,4400
3431,1,179600,49600,63400,28200,4400
3432,1,186600,51100,67900,28600,4200
3433,1,177400,49900,64000,28400,4300
3434,1,183900,49400,63100,28500,4200
3435,1,185100,49600,66700,29900,4300
3436,1,184900,49700,68100,28800,4300
3437,1,187600,50000,63300,28700,4400
3438,1,219700,49900,63100,28600,4300
3439,1,190200,49500,63100,28400,4200
3440,1,182900,54200,63300,28500,3300
3441,1,211200,49800,63200,28700,4200
3442,1,198400,49500,60600,28600,4400
3443,1,182700,50200,63300,28500,14100
3444,1,180200,50000,69000,28400,4200
3445,1,177400,49500,63200,28400,4300
3446,1,182300,49200,64900,28400,4300
3447,1,178700,49300,63600,29200,4200
3448,1,183100,49600,63200,28700,4200
3449,1,193700,49400,68200,28500,4300
3450,1,192600,50000,63700,28600,3500
3451,1,190800,49700,63000,28500,4400
3452,1,198900,54500,63700,28600,3300
3453,1,191700,49600,63400,28500,4400
3454,1,214000,50100,67800,28600,4400
3455,1,184900,49300,63500,28800,4400
3456,1,218600,50100,68000,29000,4400
3457,1,188800,49400,63300,28500,4400
3458,1,219600,53600,63300,28600,4300
3459,1,236700,49800,67700,31300,4300
3460,1,241200,49800,62300,29500,4400
3461,1,213000,49700,63500,28700,4600
3462,1,185800,49400,68000,28100,4200
3463,1,171200,49700,63100,28000,4300
3464,1,180400,49500,67400,28500,4300
3465,1,180000,49600,62600,28300,4200
3466,1,196000,49600,62700,28200,4300
3467,1,176200,49400,66400,27800,4100
3468,1,177900,49300,67700,27900,4200
3469,1,177200,49400,62900,28300,4300
3470,1,178000,49200,63200,28300,4200
3471,1,210000,49100,63300,29900,4300
3472,1,182300,49800,63000,28500,4200
3473,1,184400,53800,63400,28100,4300
3474,1,178200,49300,62900,28300,4200
3475,1,181400,49200,69300,28400,4200
3476,1,184600,49400,63700,28600,4500
3477,1,182800,47900,60900,28500,4200
3478,1,239200,57700,64200,28600,4300
3479,1,202500,56800,65700,28900,4400
3480,1,247500,54500,68400,29800,57100
3481,1,250800,51300,66500,29000,63100
3482,1,199100,55000,63800,28800,19800
3483,1,182700,49300,66700,29400,4300
3484,1,185200,50300,67500,28400,4400
3485,1,186500,49300,68200,28500,4300
3486,1,216700,53100,63500,28700,4300
3487,1,179000,49700,62800,28100,4200
3488,1,183300,49700,67200,28100,4200
3489,1,183400,54600,63600,28300,3200
3490,1,236700,49600,61300,28700,4400
3491,1,205900,49500,68200,28300,4200
3492,1,176600,49200,63100,28400,4100
3493,1,169300,49200,58800,27900,4300
3494,1,179700,49100,63000,28300,4200
3495,1,178000,49900,62000,29600,4300
3496,1,182200,49200,68500,28400,4300
3497,1,186400,49400,67600,27900,4300
3498,1,208500,49400,60800,28700,4500
3499,1,191900,49500,67400,28200,4300
3500,1,177400,49600,63000,28700,4300
3501,1,205600,49500,62800,28500,4300
3502,1,202000,49800,67400,28300,4300
3503,1,169800,49300,63300,27700,4200
3504,1,178100,49200,68300,28500,4100
3505,1,220600,54700,78600,34900,5000
3506,1,194200,52200,59400,28600,4300
3507,1,185300,49800,63100,30300,4200
3508,1,195400,49500,67800,28700,4300
3509,1,190500,49600,63600,28500,4300
3510,1,196100,50100,63600,28700,4400
3511,1,189800,49900,63600,28300,4300
3512,1,203200,54200,63600,29000,4400
3513,1,187800,49800,64200,28500,4400
3514,1,215300,49800,68900,29100,4300
3515,1,180300,49400,59000,28500,4100
3516,1,213900,49500,63900,28700,4300
3517,1,188700,49900,63300,28500,4200
3518,1,211200,49500,60900,28900,3400
3519,1,192700,50200,62300,29700,4200
3520,1,175200,49300,61300,28900,4200
3521,1,214900,49400,59400,28900,4400
3522,1,207500,49300,67700,28900,4200
3523,1,173700,50000,63200,28000,4200
3524,1,183100,49800,68100,28600,4300
3525,1,182400,49700,62600,28300,4400
3526,1,203700,49800,67200,28300,4200
3527,1,175100,49200,63000,28100,4400
3528,1,181000,49400,63600,28500,4200
3529,1,179700,49000,63100,28300,4200
3530,1,185700,49200,68200,28400,4100
3531,1,216600,49400,63100,30700,4300
3532,1,188900,49200,67600,28400,4400
3533,1,179700,49600,62700,28300,4300
3534,1,179900,49500,62900,28300,4300
3535,1,180900,49100,63200,28000,4200
3536,1,181200,49300,61100,28600,4200
3537,1,193800,49100,67500,28200,4200
3538,1,232300,48000,61400,28600,4400
3539,1,201400,50500,63800,28300,4300
3540,1,195800,56800,66100,28600,4200
3541,1,245900,53900,68100,29200,57300
3542,1,245500,51400,61700,29000,63600
3543,1,203400,50600,62300,29900,20900
3544,1,193500,49800,67500,28500,4500
3545,1,228800,49700,64100,28600,4300
3546,1,250700,49500,61100,28800,4400
3547,1,179600,49400,63200,28000,4400
3548,1,182200,49200,67800,28600,4200
3549,1,187700,49500,67700,28300,4300
3550,1,204100,49300,63800,28500,4300
3551,1,177300,49300,62800,28300,4300
3552,1,221000,49500,67900,28900,4300
3553,1,201700,49600,67400,28500,4300
3554,1,180700,49600,67400,28000,4300
3555,1,183900,52100,64900,30100,4300
3556,1,177200,49300,63400,28500,4300
3557,1,187000,49700,67200,28300,4400
3558,1,208700,49100,62200,28600,3300
3559,1,191300,49300,67600,28000,4300
3560,1,185400,51400,68700,28400,4400
3561,1,209700,51000,62900,28400,4500
3562,1,198200,49300,63100,28300,4200
3563,1,173100,49200,67100,27600,4300
3564,1,173300,49000,67300,28000,4200
3565,1,171600,53700,62800,27500,3000
3566,1,168800,49200,62600,27800,4100
3567,1,173000,49400,67800,29000,3100
3568,1,172200,49300,62600,28100,4200
3569,1,187800,54100,63300,28200,4300
3570,1,195800,50700,67500,28700,4300
3571,1,190100,49500,67100,34000,4400
3572,1,193500,49500,67600,28400,4400
3573,1,192800,49500,67800,28600,4200
3574,1,208300,49200,67900,28500,4200
3575,1,181400,49600,63000,28300,4300
3576,1,208900,49400,63000,28600,4200
3577,1,188900,49600,67300,28100,4400
3578,1,202900,49300,63400,28600,3200
3579,1,187500,49400,62800,29400,4200
3580,1,180500,49300,67600,28300,4200
3581,1,179700,48900,64300,28300,4300
3582,1,176500,49100,63000,28400,4300
3583,1,210800,49700,62700,28100,4400
3584,1,201800,49100,65900,29200,4400
3585,1,220600,61500,80800,44400,4400
3586,1,240300,58400,74700,36600,3900
3587,1,204900,51400,63900,30300,5100
3588,1,182700,50600,66000,29300,4300
3589,1,189000,49800,67800,28700,4300
3590,1,189100,49600,63200,28600,4100
3591,1,223000,49800,66100,29900,4400
3592,1,197100,49400,61600,29000,4300
3593,1,183700,49400,62900,28400,4300
3594,1,185500,49900,67700,28500,4300
3595,1,184700,49800,63100,28500,4300
3596,1,182800,49600,68400,28400,4300
3597,1,189300,49900,67700,28600,4400
3598,1,233300,49500,67900,28600,4400
3599,1,190500,48500,64400,28200,4300
0,2,840900,75700,207900,193700,225600
1,2,274900,73800,73800,28700,40400
2,2,204700,61500,64400,27800,4500
3,2,266800,56900,74300,41400,70500
4,2,289300,52000,81700,47300,73700
5,2,224800,51100,64200,28600,20700
6,2,205400,50400,69100,27800,4600
7,2,235800,49900,64100,28200,4300
8,2,201600,49800,78500,41200,4300
9,2,196900,51400,68300,28200,4300
10,2,214200,49900,68300,27900,4400
11,2,194800,51200,67000,27800,4400
12,2,186800,51100,63800,27800,4200
13,2,206500,55000,64700,28400,4200
14,2,185800,50000,63500,28100,4200
15,2,184500,51700,59700,29000,4200
16,2,206200,50300,81200,47100,4700
17,2,198500,49800,63700,28200,4300
18,2,276100,51700,68500,28700,4300
19,2,210300,50500,64500,28000,4400
20,2,255000,50200,64500,28400,4400
21,2,228800,51600,65500,28600,4400
22,2,225000,50100,63900,28200,4300
23,2,178400,50000,63900,28000,4400
24,2,483000,50200,68600,28100,4300
25,2,606000,50700,62200,28800,4400
26,2,580800,56100,64500,28400,3500
27,2,191700,51600,68400,29600,4500
28,2,191100,51000,69200,28500,4400
29,2,193500,50500,69600,28500,4500
30,2,187700,50200,63500,28000,4300
31,2,190500,49700,65500,28300,4300
32,2,217100,49600,87500,56500,4500
33,2,185500,49800,64000,28400,4300
34,2,214900,49700,68400,28300,4400
35,2,199800,55100,64300,28400,3300
36,2,220200,49900,63500,28200,4300
37,2,196000,49900,63200,28300,4200
38,2,192600,50000,67600,28100,4300
39,2,211700,50000,62600,29300,4300
40,2,199000,49800,63300,28000,4400
41,2,192000,50000,68700,28300,4400
42,2,180100,49600,63500,27800,4600
43,2,196300,49600,67900,27900,4200
44,2,185100,50000,63000,28000,4200
45,2,192100,50000,67800,28200,4300
46,2,211100,49600,63300,28000,4400
47,2,183100,49500,67700,28000,4200
48,2,178700,49900,58700,27900,4300
49,2,217000,49900,63900,28300,4200
50,2,216400,50300,68700,28500,4500
51,2,252300,50200,92400,67300,4400
52,2,198400,49800,64300,28200,4400
53,2,188000,49400,67900,28200,4300
54,2,187500,49600,64100,28000,4400
55,2,185300,50200,63800,27800,4300
56,2,198900,54700,68700,28300,4300
57,2,182400,49700,64200,28000,4300
58,2,216600,49700,63900,28200,11100
59,2,218800,49700,63600,28000,4400
60,2,276000,49900,65600,28400,4200
61,2,236200,49000,65300,28200,4300
62,2,177400,50500,66700,27700,4400
63,2,207200,68200,72900,28800,4200
64,2,325400,67200,88500,61500,94300
65,2,271600,58200,64800,28900,74300
66,2,239300,50900,66700,28800,20700
67,2,187800,50200,63600,28200,4300
68,2,185500,49700,68500,27700,4400
69,2,187800,49400,63700,27800,4100
70,2,214200,50200,68500,28200,4200
71,2,184600,49400,64000,28100,4400
72,2,193100,49700,63300,28000,4300
73,2,181500,49400,68200,27900,4200
74,2,185900,49300,67500,27800,4200
75,2,186000,49700,65600,29100,4300
76,2,190700,50400,68000,28300,4400
77,2,185700,49300,63500,28000,4300
78,2,188600,50100,64300,28000,4300
79,2,211900,49800,63600,28000,4300
80,2,235900,50000,63600,28400,4500
81,2,237900,49900,67800,28100,4200
82,2,206700,54600,63700,27800,3200
83,2,173800,49200,67200,27500,4100
84,2,170500,49500,62800,27100,4200
85,2,176900,49700,67100,27000,3900
86,2,174400,53700,62900,27300,4200
87,2,176400,54900,64100,28000,4200
88,2,179800,49800,67800,27500,4300
89,2,177800,49500,63900,27800,4200
90,2,189300,55000,63700,28000,4200
91,2,185700,50000,64300,28000,4300
92,2,183700,49700,64200,27800,4500
93,2,185900,54700,65500,27700,3200
94,2,213600,50100,64000,28500,4300
95,2,183000,49800,64500,28000,4300
96,2,216400,50500,64600,28200,4200
97,2,187600,49700,62900,27900,4300
98,2,207300,50800,75200,30900,4300
99,2,223900,50000,77600,42700,4500
100,2,196700,50900,62600,28400,4300
101,2,190300,50700,70100,28000,4200
102,2,184700,51400,64500,27800,4300
103,2,180300,50200,63500,27900,4200
104,2,189300,54100,64000,27600,4400
105,2,194400,49700,63800,28000,4200
106,2,218700,49900,64900,28300,4400
107,2,184400,49700,63300,27900,4300
108,2,189800,54600,64000,28100,4400
109,2,180100,50000,63400,27800,4400
110,2,191600,50500,67300,27800,4300
111,2,275100,54900,63700,30000,4400
112,2,223500,50500,69600,28400,4600
113,2,186500,49900,64500,28200,4400
114,2,186000,50300,69100,28000,4400
115,2,181800,49800,63300,27800,4400
116,2,186400,50600,68600,27900,4500
117,2,191900,49900,68600,28300,4300
118,2,210400,49100,60300,28100,4200
119,2,219700,50800,68200,28500,4200
120,2,203400,49900,64900,28100,4500
121,2,178600,50000,63500,28000,4300
122,2,174700,48100,64300,27400,4200
123,2,186800,50900,69900,28900,4200
124,2,187800,56600,66500,28100,4300
125,2,269900,55800,68300,29200,77500
126,2,286100,52800,67100,28700,70800
127,2,214300,50800,69300,28400,20800
128,2,216400,50500,95500,69400,4400
129,2,189700,50600,67600,28000,4200
130,2,214100,50300,68300,28400,3200
131,2,199200,50700,68600,28600,4400
132,2,196600,50600,68400,28100,4300
133,2,189600,50100,68800,27900,4400
134,2,192100,55400,64000,28100,4200
135,2,189100,50200,63100,29600,4200
136,2,202100,50400,64100,28400,4700
137,2,199400,50000,68300,28400,4300
138,2,203100,49500,64300,28300,4300
139,2,235800,56000,63900,28500,4200
140,2,205700,50800,63900,28400,4400
141,2,228900,52800,70700,34000,4300
142,2,257400,50100,65600,28500,4400
143,2,220200,52600,74600,28700,4400
144,2,195700,50800,70000,28100,4400
145,2,227400,50300,69000,28500,4300
146,2,222900,54500,64600,28300,4500
147,2,178200,49700,69100,28900,4300
148,2,174900,49500,64100,27700,4300
149,2,179500,51100,64100,27800,4200
150,2,189200,49200,63600,27900,4200
151,2,193700,50300,72200,28200,4200
152,2,189400,50300,65600,28600,4300
153,2,192800,50000,69400,28600,4300
154,2,211900,50200,63700,28200,4300
155,2,183300,49200,64400,28100,4300
156,2,223200,50500,69800,28500,4500
157,2,192400,55000,64300,28000,4300
158,2,182200,50700,63700,27800,4300
159,2,211500,49600,66900,29200,4400
160,2,203900,56300,65200,28100,4300
161,2,191100,50200,63700,28000,4200
162,2,191900,54400,63700,28400,4300
163,2,186900,49800,68300,28000,4200
164,2,189600,50000,69200,28000,4300
165,2,190400,51000,68200,28100,4400
166,2,205000,50100,63900,28000,4300
167,2,181700,50900,67200,27900,4300
168,2,185900,50200,68100,28300,4200
169,2,182400,50400,63500,28200,4200
170,2,191500,54000,63900,28000,4300
171,2,220000,50300,67800,30500,4300
172,2,194400,50500,68000,28200,4300
173,2,238400,50800,68400,28500,3200
174,2,204900,50500,64400,28200,4300
175,2,177900,49500,63400,27900,3900
176,2,177900,49800,64300,27800,4200
177,2,180100,49800,63100,27900,4200
178,2,207800,49600,68900,28200,4200
179,2,210100,50200,63800,28200,4300
180,2,192500,50300,64400,28100,4300
181,2,181700,51200,64900,27700,4200
182,2,179000,50800,68800,27700,4200
183,2,182000,50200,70100,28800,4100
184,2,188200,51800,65000,27800,4100
185,2,192100,57300,66700,28100,4100
186,2,291800,60200,72200,29000,66600
187,2,253600,51600,66300,28500,72000
188,2,196000,51700,63500,28300,20500
189,2,182000,51000,63100,27900,4300
190,2,230200,51900,68500,29000,4500
191,2,199000,50600,63800,28100,4500
192,2,202100,52100,64500,28600,4400
193,2,191400,54800,65300,28300,3200
194,2,192700,55500,65400,28100,3100
195,2,212800,50900,79200,44700,4200
196,2,196100,51200,68400,28400,4400
197,2,194800,51800,69200,28300,3300
198,2,198500,50000,68700,28500,4500
199,2,226100,50800,64900,28500,4400
200,2,215500,55500,64900,28600,4600
201,2,226300,50700,66000,28400,4400
202,2,207600,50000,64500,28300,4400
203,2,180000,50700,63400,28000,4300
204,2,217000,50600,63600,28200,4400
205,2,200300,50300,63800,28200,4200
206,2,177900,51400,63900,27900,4200
207,2,180300,50000,68700,29000,4300
208,2,184300,50500,67500,28200,4400
209,2,183300,50200,64400,28200,4300
210,2,184100,50900,60200,28100,4200
211,2,190300,50700,64300,28300,4200
212,2,187500,50500,64000,28100,4200
213,2,190500,50600,69400,28400,4200
214,2,203000,50300,63200,28200,4300
215,2,187400,50300,63300,28100,3100
216,2,236400,51400,64100,28600,4300
217,2,191100,51900,68700,27900,4300
218,2,180900,50100,64000,27800,4400
219,2,218000,51200,69000,29300,4400
220,2,207300,51100,72000,28300,4300
221,2,216200,59900,74800,50500,4200
222,2,210500,51200,65500,28600,4500
223,2,203000,56600,64700,28600,4300
224,2,194300,56400,64300,28200,3200
225,2,199800,50200,68500,28600,4300
226,2,218500,51900,68000,28600,4400
227,2,187000,55200,64300,28100,4300
228,2,183400,50400,63900,28200,4300
229,2,189500,50700,69000,28200,4200
230,2,233600,52400,68200,28700,4400
231,2,262900,50400,65600,29700,4400
232,2,192600,51300,68000,28400,3400
233,2,182800,50200,63800,28100,4200
234,2,189100,50600,65400,28300,4100
235,2,254500,51600,68300,28600,4400
236,2,214500,52500,63200,28500,4300
237,2,187000,50200,68200,28200,4300
238,2,211300,51700,69000,28300,4400
239,2,220700,54800,64600,28300,4300
240,2,199300,52200,68200,28500,4300
241,2,190300,51100,68200,28000,4300
242,2,177000,50800,65500,27900,4400
243,2,181700,50400,65100,29200,4400
244,2,175200,49600,63300,27800,4400
245,2,192100,52800,67000,28500,4400
246,2,218200,57600,66500,28200,4300
247,2,272000,58300,68100,28900,81600
248,2,243200,51800,69300,28900,62200
249,2,198800,56000,63900,28600,20600
250,2,211900,50800,67700,28600,3800
251,2,184200,50000,68900,27400,4100
252,2,185600,50100,64200,27900,4200
253,2,188600,51000,63400,27800,4000
254,2,190700,51000,69700,28200,4300
255,2,199000,51000,69000,29600,4400
256,2,239600,51000,112300,95800,4300
257,2,192500,51100,63800,28700,4300
258,2,197300,50500,67600,28600,4400
259,2,226500,51200,68700,28700,4300
260,2,209400,55900,65900,28600,3200
261,2,216600,50500,64500,28800,4400
262,2,216000,52300,63000,28300,4400
263,2,175100,50100,64300,28400,4400
264,2,178100,50700,67900,27900,3000
265,2,181700,50800,68200,28000,4200
266,2,224500,51600,68000,28800,4500
267,2,200100,50800,65500,29400,4400
268,2,179700,50100,68500,28100,4400
269,2,183000,51000,67400,27900,4400
270,2,190300,51000,63600,28500,4300
271,2,190300,54600,64900,28000,3300
272,2,189500,51100,64000,28400,4300
273,2,190200,51800,68600,28500,4300
274,2,218600,50600,68100,28600,4300
275,2,199200,50700,68800,28600,4400
276,2,219100,50800,65500,28400,4300
277,2,203400,50300,64700,28600,4400
278,2,190900,50400,65500,28600,4300
279,2,212400,50300,69700,29500,4300
280,2,195400,50600,64000,28000,4300
281,2,183800,50900,67200,28100,4300
282,2,181100,50200,63900,28100,4400
283,2,188300,50900,68100,28400,3100
284,2,191800,51500,68300,28200,4300
285,2,201100,51300,68000,28700,4300
286,2,221100,50700,64300,28600,4400
287,2,186300,50600,68900,28400,3200
288,2,191300,50100,68700,28400,4500
289,2,187000,51200,68500,28200,4400
290,2,191600,50600,67300,28400,4300
291,2,220500,50300,64300,30600,4300
292,2,192000,50900,63100,28300,4500
293,2,197300,51600,64300,28600,4300
294,2,183800,50100,64000,28200,4400
295,2,197800,55500,64500,28200,3100
296,2,189500,51200,68800,28400,3100
297,2,252700,51500,68000,28800,4500
298,2,240500,50500,64500,28500,4400
299,2,222700,50400,70300,28700,3200
300,2,243000,54300,78000,43000,4900
301,2,291300,51900,163000,30500,4300
302,2,423800,142300,132900,30600,4900
303,2,192200,51400,64200,31300,4600
304,2,179600,49900,63700,28600,4300
305,2,189800,48600,68300,28400,4200
306,2,225100,52700,64100,28600,4400
307,2,204900,57200,67400,29000,4400
308,2,257000,56900,68800,29200,67100
309,2,256800,52800,66000,29100,73100
310,2,243000,51200,68500,29000,20800
311,2,180900,49800,63500,28300,4400
312,2,193000,50700,67700,28500,4300
313,2,185100,49600,68400,28500,4400
314,2,195400,49900,65500,28900,4300
315,2,235300,51100,67700,30300,4400
316,2,248100,49700,76800,29100,4400
317,2,199900,50700,69600,29100,4300
318,2,196400,51100,65000,28800,4400
319,2,226100,50000,64300,28800,4400
320,2,198100,49300,62100,28500,4300
321,2,217000,49800,68500,28400,4300
322,2,207200,50000,63400,28400,4500
323,2,177800,49600,67500,28200,4200
324,2,181500,49700,67200,28200,4400
325,2,172300,49500,62900,28300,4200
326,2,179200,54100,63200,27900,4200
327,2,182000,50800,69500,29400,4100
328,2,214000,49400,63400,28500,4400
329,2,194800,49200,57900,28600,4300
330,2,190600,49700,67700,28700,4200
331,2,184300,49500,64100,28500,4400
332,2,183600,49300,65500,28400,4300
333,2,184400,49100,67700,28500,4200
334,2,205300,49700,68000,28500,4200
335,2,178900,49300,63300,28300,4300
336,2,210400,49900,67200,28400,4200
337,2,181500,49100,63600,28400,4200
338,2,176700,49500,63300,28200,4300
339,2,204400,49900,65900,29600,4200
340,2,191200,50000,67400,28400,4300
341,2,174900,49100,63600,28100,4300
342,2,188400,49900,67500,28300,4200
343,2,177800,49300,67700,28100,4300
344,2,184000,54900,63800,28200,3200
345,2,189500,50200,68100,28700,4400
346,2,214400,49900,68900,28600,4400
347,2,182000,52100,63100,28100,4200
348,2,182600,53800,63300,28200,3200
349,2,185800,49600,68300,28700,4300
350,2,192200,54900,63500,28400,4400
351,2,212000,49700,62400,29900,4300
352,2,186400,49400,62900,28400,4300
353,2,179900,49900,61700,28500,4200
354,2,182100,49400,67900,28400,3300
355,2,187000,49900,67800,28200,4400
356,2,179000,49200,63100,28600,4300
357,2,186000,49500,67900,28500,4300
358,2,213000,51100,63900,28800,4300
359,2,247800,49700,61100,28800,4400
360,2,239100,50300,71400,29000,4300
361,2,222200,54400,78600,30300,4700
362,2,211000,54200,67800,34700,4400
363,2,184700,49700,61700,29900,4300
364,2,185200,49900,68400,28400,4200
365,2,193400,50400,65600,28900,4300
366,2,210000,48400,62100,28600,4300
367,2,190100,51400,64400,28300,4300
368,2,186900,57000,66400,28700,4400
369,2,235300,54900,63800,29000,57200
370,2,289500,52200,62600,29200,85700
371,2,199000,52300,61800,28900,20800
372,2,177500,50100,59200,28200,4400
373,2,182000,49500,68700,28400,4200
374,2,178300,49500,62800,28300,4300
375,2,203400,58200,69100,29900,4400
376,2,208700,51600,68400,29300,3900
377,2,200400,50700,65700,28700,4400
378,2,206700,54300,64700,29000,4500
379,2,230100,50700,63900,28800,4400
380,2,211900,50400,66600,29000,4400
381,2,233200,50200,69300,28900,4400
382,2,226300,52200,68300,28800,4500
383,2,175100,50000,60300,28000,4300
384,2,178300,50100,63100,28300,4400
385,2,185800,51300,68500,28100,4200
386,2,186900,50600,68700,28500,4200
387,2,201400,49900,84300,58000,4300
388,2,176500,51400,59000,28600,4300
389,2,189400,50500,68200,28500,4200
390,2,235600,50900,62500,29100,4400
391,2,223000,50500,69000,28900,4600
392,2,199300,54400,64900,28700,4400
393,2,195000,49900,64800,28800,4500
394,2,233000,50100,74300,40700,4300
395,2,186800,50900,59600,28700,4200
396,2,220900,50100,65300,28900,3200
397,2,184700,49600,63000,28700,4200
398,2,194300,50500,67200,28400,4100
399,2,217500,50700,68400,30500,4300
400,2,234700,50200,66000,28900,4400
401,2,224800,50800,68000,28900,4300
402,2,173300,49400,62600,28200,4200
403,2,173800,49600,63200,28100,4100
404,2,179500,49400,67600,28200,4300
405,2,184100,50200,67300,28500,4200
406,2,205100,49800,64900,28700,4200
407,2,184100,50000,69100,28600,4100
408,2,185800,49600,64800,28800,4400
409,2,184700,49600,68500,28200,4300
410,2,188800,50100,63100,28400,3400
411,2,224300,50600,68200,31100,4200
412,2,190300,51300,59900,28900,4400
413,2,185500,50200,64900,28600,4300
414,2,184700,54100,63700,28300,3300
415,2,189800,50400,68500,28500,4300
416,2,185900,49700,68100,28600,4200
417,2,193400,50100,65300,28900,4400
418,2,212700,50100,61900,28900,4300
419,2,208000,49600,64200,28700,4400
420,2,197100,49700,64000,28500,4200
421,2,218100,50100,63400,28600,4400
422,2,201700,50100,68600,28700,4400
423,2,176400,50400,63500,29600,4200
424,2,180800,50100,67800,28200,4200
425,2,187200,54400,65100,28400,4300
426,2,224600,54600,64500,29100,3200
427,2,183700,48300,68200,28400,4300
428,2,180800,55100,67600,28000,3100
429,2,185000,56900,66200,28300,4300
430,2,262500,54800,68300,29300,57100
431,2,255500,51900,66500,29100,75000
432,2,207800,51700,62500,29100,20600
433,2,174200,49600,64500,28300,4100
434,2,175900,49700,62600,28100,4000
435,2,183900,50300,61400,30100,4300
436,2,187200,49800,64700,29100,4300
437,2,194800,57100,61100,28800,4200
438,2,191000,49800,64100,29000,4200
439,2,218100,51000,64900,28800,4300
440,2,205800,50600,59200,28900,4400
441,2,228100,56300,64200,28900,3300
442,2,214200,49800,68600,28700,4400
443,2,190000,49800,72800,28100,4300
444,2,191400,50100,63800,28600,4300
445,2,191800,51000,69000,28900,4400
446,2,188400,51300,64200,28600,4700
447,2,190200,50300,65500,29700,4200
448,2,182700,50100,63900,28400,4300
449,2,191500,55100,64400,28500,4200
450,2,203300,55600,64700,28600,4300
451,2,204100,50300,68600,28700,4400
452,2,228600,50300,63800,28600,4300
453,2,215200,54800,64300,28900,4500
454,2,220500,54300,69600,30800,4100
455,2,201000,52500,70100,28900,4200
456,2,251300,52800,69200,30400,4900
457,2,194700,50600,65000,29000,4400
458,2,182200,51400,60700,28700,4200
459,2,209600,51600,64900,29800,4300
460,2,212900,53100,66900,30100,5000
461,2,188900,54500,64800,28800,4200
462,2,182000,49700,68500,28600,4200
463,2,171900,49200,58900,28300,4300
464,2,177600,50000,63100,28300,4300
465,2,184300,49600,63800,28500,4200
466,2,226200,51700,69300,29000,4400
467,2,183300,51100,59600,28500,4300
468,2,179300,49800,64500,28800,4200
469,2,181700,50100,63200,28700,4200
470,2,202300,50400,64900,28600,4400
471,2,253500,56000,72500,31700,4900
472,2,231900,57100,65600,29100,3800
473,2,197400,50000,62800,29200,4300
474,2,189400,49900,63800,28400,4300
475,2,188700,50200,68000,28600,4300
476,2,188000,50000,63500,28500,4200
477,2,199500,49500,65600,28700,4200
478,2,219700,49400,64700,28500,4300
479,2,219600,49600,61800,28800,4500
480,2,209900,50300,68900,28800,4300
481,2,186800,50000,67600,28700,4200
482,2,176100,49700,58800,28400,4300
483,2,238500,51800,64500,31200,4800
484,2,217300,50600,60900,29600,4500
485,2,224700,51300,60700,29100,3700
486,2,262000,51700,69000,28900,4500
487,2,185600,50000,68300,28300,4200
488,2,188000,48600,67300,27900,4100
489,2,177100,52100,64100,28500,3100
490,2,220900,57800,66100,28900,4400
491,2,259200,58700,73200,29300,64400
492,2,294100,53800,66600,29500,70600
493,2,206000,55600,70800,29100,20700
494,2,259200,58800,112200,28700,4400
495,2,188500,53500,63600,30300,3300
496,2,188500,49800,68600,28600,4400
497,2,183900,51100,63700,28300,3200
498,2,184100,49900,63800,28400,4200
499,2,224500,49700,74200,28800,4300
500,2,219000,50300,69300,29000,4300
501,2,230300,49700,69000,28700,4300
502,2,214400,50200,61100,28800,4300
503,2,181900,50500,63100,28700,4300
504,2,187500,50300,68000,28500,4200
505,2,181700,51000,64700,28200,4300
506,2,174800,49400,63200,28000,4300
507,2,174300,50800,61400,29500,4200
508,2,182500,49600,68300,28300,4300
509,2,189200,51800,64700,28700,4300
510,2,210900,50000,58600,29200,11300
511,2,197700,51200,64400,29000,4400
512,2,196000,50100,68600,28800,4200
513,2,191800,50700,69200,28900,4300
514,2,254000,50600,62400,29100,4400
515,2,211600,50000,69600,29100,4400
516,2,219200,52200,69600,28800,4300
517,2,181400,50000,63400,28200,4200
518,2,190000,50400,63500,28400,4300
519,2,218400,50900,67600,30200,4500
520,2,195900,55800,65000,28400,4200
521,2,181900,50000,68500,28400,4300
522,2,174600,49900,63600,28100,4000
523,2,178600,50600,67500,28000,4100
524,2,185600,49700,67400,28300,4200
525,2,182000,49800,64900,28200,4200
526,2,203900,50900,61400,28600,4300
527,2,172700,49500,63500,28100,4300
528,2,182000,51000,68500,28200,4100
529,2,180400,50300,63400,28300,4300
530,2,191700,50100,64400,28600,4200
531,2,248400,50500,80400,50600,4300
532,2,216300,57400,65300,28700,4400
533,2,226600,54100,77700,30800,5100
534,2,214000,52400,70900,30600,4800
535,2,200600,56400,66400,28900,4200
536,2,220400,52900,69000,30400,5000
537,2,194700,51400,64700,28800,4200
538,2,235100,50800,68700,29000,4500
539,2,235500,50900,68800,29100,4000
540,2,213900,55400,65500,29100,4400
541,2,186200,50700,65000,28600,4300
542,2,181400,49800,63900,28600,4300
543,2,190200,50500,67900,30300,4400
544,2,178700,49500,59800,28500,4300
545,2,237000,50200,62700,29300,4300
546,2,239400,51800,63800,28600,4400
547,2,190100,50700,62400,29200,4400
548,2,178600,50900,60400,28900,4300
549,2,183400,49800,68500,28300,4300
550,2,216600,53900,65800,29000,4300
551,2,192800,58700,66100,28700,4400
552,2,281900,56700,68900,29400,90600
553,2,322300,59200,71500,30500,110700
554,2,215800,52600,69600,29200,21300
555,2,186000,50300,63300,30100,4300
556,2,184500,50000,60500,28500,4200
557,2,184800,51700,58900,28400,4300
558,2,185600,50300,61200,28300,4200
559,2,217000,51600,64700,28800,4400
560,2,214800,50700,62100,29000,4200
561,2,243500,51400,69600,29000,4400
562,2,247100,53400,65500,30200,5000
563,2,194500,50700,62300,29100,4300
564,2,197100,51100,68900,29000,4400
565,2,195400,50800,68000,28800,4300
566,2,187700,50700,68600,28600,4300
567,2,194000,50900,72600,29900,4300
568,2,195100,50300,69300,28900,4500
569,2,198000,50800,69000,28900,4400
570,2,255800,50900,68900,29100,4200
571,2,239800,50300,64800,29000,4400
572,2,201500,49900,67900,28700,4400
573,2,199100,51400,68200,28800,4300
574,2,216200,50400,69800,28700,4300
575,2,189900,50200,64400,28600,4600
576,2,262400,50200,64700,29000,4500
577,2,215000,50300,65300,28800,4300
578,2,188500,49800,68300,29100,4100
579,2,215000,50600,63500,30500,4500
580,2,187900,50100,63400,28600,4300
581,2,185100,51000,67800,28400,4200
582,2,173300,49600,63000,28200,4200
583,2,173700,49300,63900,28000,4200
584,2,175100,49900,63200,28100,4100
585,2,184100,50100,67600,28300,4300
586,2,217200,50200,64100,28900,4500
587,2,173300,49900,64400,27900,4100
588,2,170700,49300,60700,28200,4100
589,2,175900,49500,64800,28100,4200
590,2,197800,52500,65500,28700,4200
591,2,227500,51400,67800,30300,4300
592,2,196500,54800,66000,28500,4300
593,2,185800,51300,63500,28400,4300
594,2,192900,49500,69300,28400,4200
595,2,194400,50000,67900,28900,4400
596,2,191800,50900,67600,28600,4300
597,2,200300,50500,69300,28700,4400
598,2,216600,50300,65200,28800,4400
599,2,214500,51400,68500,28700,4200
600,2,201700,50900,65300,28800,4300
601,2,186800,49800,65400,29100,4300
602,2,180800,49800,68300,28400,4300
603,2,179300,50200,62400,29500,4200
604,2,182000,51000,63000,28400,4300
605,2,188600,51100,64000,28300,4300
606,2,231400,50700,62500,29100,4400
607,2,239900,55400,64100,29000,4300
608,2,200100,50400,64600,28900,4200
609,2,187500,54900,68900,28800,4300
610,2,206800,48000,61000,28400,4500
611,2,180200,51600,64700,28300,4200
612,2,193800,58800,67900,28800,4300
613,2,241400,54600,69400,29100,57800
614,2,246500,52100,65900,28900,62800
615,2,217200,52000,67700,30000,20900
616,2,194700,49600,69300,28900,4300
617,2,198500,54700,64800,28400,4300
618,2,204000,50200,68500,28700,4400
619,2,223700,50900,65600,29100,4500
620,2,203100,49800,69800,28800,4400
621,2,215500,50600,67700,28400,4300
622,2,208000,49600,68200,28300,4400
623,2,181800,50700,68300,28400,4300
624,2,183300,50100,66500,29500,4200
625,2,190700,50000,68000,28900,4200
626,2,180100,50500,59900,28700,4400
627,2,182800,50300,62900,30200,4200
628,2,186800,50600,61200,29300,4300
629,2,184300,49000,60900,28800,4300
630,2,201200,49900,68500,28800,3200
631,2,199800,50600,67400,28900,4400
632,2,221700,54400,73900,31100,4800
633,2,195100,51300,59800,29300,4600
634,2,223400,50500,62800,28900,3400
635,2,181700,50400,59400,28600,4200
636,2,218200,50600,65500,29400,4400
637,2,196100,50100,65000,29000,4400
638,2,235500,50000,66500,29100,4500
639,2,262500,51100,73000,30500,4400
640,2,227900,57900,65100,30200,4000
641,2,238800,85800,73500,29900,4000
642,2,189400,50800,69200,29000,4400
643,2,184200,54800,63700,28700,4400
644,2,188900,51600,70700,29600,4200
645,2,187100,50400,65100,28500,4300
646,2,230300,50800,68700,29100,4300
647,2,181400,50100,63800,28400,4400
648,2,180500,49900,64200,29000,4200
649,2,183600,50200,67300,28300,4300
650,2,201400,50500,68800,28900,4400
651,2,236900,50900,63700,34400,4300
652,2,193000,50100,66100,29300,3300
653,2,187400,54200,64600,28400,4300
654,2,185700,50000,63900,28500,4200
655,2,247400,50300,61800,28900,4400
656,2,235400,50200,73100,29800,4300
657,2,191900,49800,65000,28800,4500
658,2,211300,49900,63800,28800,4200
659,2,223500,49800,64400,28800,4400
660,2,203500,50100,65700,29300,4200
661,2,187000,54200,64300,28400,4200
662,2,179600,51500,64500,28100,4300
663,2,188800,54600,63400,29900,4400
664,2,183400,50900,61300,29200,4300
665,2,195800,50900,68800,28900,3300
666,2,216600,50900,59700,28900,4500
667,2,188800,54700,64500,28700,3200
668,2,179100,50600,62100,29000,4300
669,2,231000,55000,64200,28600,4400
670,2,235500,50300,69000,28900,4500
671,2,182100,48500,68600,28100,4200
672,2,185800,51900,68400,29300,4300
673,2,189200,56800,63200,28300,4200
674,2,250000,56600,60400,29100,72100
675,2,247200,52700,64400,30600,63800
676,2,213700,52500,68700,30300,24800
677,2,199100,52800,69100,40800,4300
678,2,193000,51000,68700,28700,4300
679,2,217100,51800,69200,28400,4300
680,2,207600,51600,69400,29800,4400
681,2,220600,52000,65200,28900,4400
682,2,205000,51400,64500,28400,4300
683,2,173300,50000,65100,27900,4200
684,2,175800,50200,67700,28000,4100
685,2,181800,50400,68900,28100,4200
686,2,185100,52800,64400,28400,4200
687,2,180800,50200,64900,29400,4100
688,2,182900,51900,64700,28800,4200
689,2,186600,50400,63800,28200,4300
690,2,190700,50100,63700,28500,4200
691,2,205600,51000,69100,29000,4300
692,2,188800,50700,62300,29600,4500
693,2,192000,51200,69200,28700,4200
694,2,212300,51000,64200,29000,4400
695,2,191600,51400,68200,28500,4200
696,2,216800,50400,64200,29000,4300
697,2,194600,51000,69900,28700,4200
698,2,191000,50100,67800,28200,4300
699,2,214400,50600,64900,29600,4200
700,2,263100,50700,70900,29800,4500
701,2,211100,51500,65800,28800,4300
702,2,192600,50400,69000,28700,4400
703,2,187900,51700,69500,28400,4300
704,2,184400,50000,68800,28800,4300
705,2,189700,50500,69600,28500,4400
706,2,206200,50300,64400,28400,4300
707,2,180400,50400,68300,28100,4300
708,2,187900,50900,69200,28900,4200
709,2,176200,50100,64100,28100,4200
710,2,193500,51200,69400,28900,4300
711,2,219300,50100,62900,29700,4300
712,2,192000,50400,64500,29300,4300
713,2,186000,51600,65900,28600,4200
714,2,189200,51000,70100,28500,4100
715,2,187100,51200,64700,28700,4400
716,2,184700,51500,64300,29300,4300
717,2,194900,51200,61000,28900,4300
718,2,216600,51600,64400,28800,4300
719,2,226800,50600,69500,29000,4200
720,2,213100,51500,69100,29500,4300
721,2,195700,51300,68900,28700,4300
722,2,185800,50700,64400,28400,4400
723,2,185400,50600,64000,30500,4300
724,2,193600,51400,65200,29200,4300
725,2,191900,50300,64700,28600,4400
726,2,227800,51800,64900,28800,4400
727,2,192000,50600,69300,28500,3400
728,2,190600,50500,70000,28800,4300
729,2,188400,50900,64000,28500,4300
730,2,212400,50500,69200,28700,4200
731,2,237200,51500,68200,29000,4300
732,2,224200,49400,69200,29200,4500
733,2,193600,51700,68300,28400,4300
734,2,201100,57200,67000,28600,4400
735,2,255300,56800,68900,30300,58400
736,2,251800,52500,62600,29800,62800
737,2,221600,57600,64200,29100,24100
738,2,194100,50400,64400,28600,4300
739,2,228900,51400,68500,28800,4400
740,2,254000,54100,60500,29800,4500
741,2,266300,50700,69600,28900,4200
742,2,257900,90000,59700,29900,4200
743,2,184500,50500,70500,28700,6100
744,2,218300,58500,66500,33600,4400
745,2,175800,51000,63500,28100,4400
746,2,174000,49700,65000,27700,4100
747,2,182800,50700,69200,29500,4200
748,2,186200,51000,68400,29200,4300
749,2,194800,50200,65500,28300,4200
750,2,202800,50900,68800,28600,4200
751,2,197300,50600,67100,28900,4400
752,2,205200,55600,65600,30000,4400
753,2,202800,50700,71100,29000,4400
754,2,225300,51400,70500,28900,4300
755,2,190900,50400,64600,28900,4300
756,2,251200,52900,76000,46900,4300
757,2,222600,54300,68200,30500,4700
758,2,325500,108200,124400,30700,5000
759,2,380100,101100,122900,30900,4700
760,2,358000,101200,121700,29900,4400
761,2,338400,100200,121300,31100,4400
762,2,388000,100300,123000,30600,4300
763,2,344900,101100,105500,29600,4600
764,2,186500,51300,63300,30300,4500
765,2,185700,51200,64800,28600,4400
766,2,217800,50300,65700,28900,4300
767,2,171900,49300,63500,28300,4100
768,2,181000,49900,69100,28600,4200
769,2,172700,49600,63400,28300,4300
770,2,180300,49600,63200,28400,4300
771,2,246000,50000,95700,70800,4200
772,2,192400,50300,65800,29300,4400
773,2,183700,53800,63400,28500,4400
774,2,182200,50300,67600,28400,4200
775,2,173700,49200,62500,28100,3100
776,2,181900,49800,61200,28800,4100
777,2,179000,49700,62600,28300,4400
778,2,209900,49600,67700,28500,4300
779,2,215000,50500,64900,28800,4300
780,2,201100,49500,66000,29200,4400
781,2,186700,50800,65300,28700,4300
782,2,178900,49600,63100,28600,4200
783,2,187000,49200,67700,29800,4200
784,2,196000,49100,65800,29700,4200
785,2,192600,49900,61400,28900,4300
786,2,224800,49900,65000,29000,4400
787,2,189300,49800,61000,28700,4400
788,2,180900,49700,63200,29200,4400
789,2,180400,49800,62700,28500,4200
790,2,210500,50200,68000,28400,4300
791,2,187200,49900,67800,28300,4400
792,2,185800,49600,61400,29000,4200
793,2,218600,48200,66000,29000,4400
794,2,208700,50900,68200,28600,4200
795,2,210600,65800,69600,29800,4300
796,2,248400,55700,68000,29700,57800
797,2,282200,54100,69900,29200,87700
798,2,205900,50700,62300,29100,20900
799,2,212700,51400,61600,28900,4300
800,2,207100,49500,65700,29300,4400
801,2,210400,49900,61800,28900,4300
802,2,216900,59600,61700,29000,4100
803,2,176700,50000,67100,28000,4200
804,2,175400,50200,65500,28800,4400
805,2,179600,50300,68200,28400,4300
806,2,176900,49700,67300,28200,4200
807,2,181400,54300,67500,31900,3100
808,2,182200,51400,69100,29000,4300
809,2,183600,49600,64100,28700,4200
810,2,196900,50300,65300,28900,4300
811,2,209800,55400,61800,29000,4300
812,2,188000,50200,61000,29500,4400
813,2,196100,49900,63800,28600,4300
814,2,221700,51300,66800,29300,4400
815,2,199400,50800,65700,29000,4400
816,2,218400,50100,63400,29900,4400
817,2,193300,50300,64000,28400,4200
818,2,192300,50600,65900,28900,4300
819,2,210800,49400,62800,29900,4300
820,2,202900,49700,67100,29900,4300
821,2,184400,49700,65800,28600,4300
822,2,183500,49700,63800,28700,4200
823,2,182900,49600,63800,28200,4200
824,2,230800,50700,62800,29700,4300
825,2,255900,50000,66700,29000,4500
826,2,246300,50600,63800,28700,3300
827,2,193200,54300,70500,31800,4300
828,2,181500,52600,65000,29000,4400
829,2,186800,49900,68500,28200,10000
830,2,184800,51400,65300,28400,4300
831,2,213500,49800,66800,29800,4400
832,2,189000,54400,61300,28900,4400
833,2,177700,49700,62900,28200,4100
834,2,183500,51300,67900,28200,4200
835,2,181800,49800,64100,28500,4300
836,2,180900,51000,64900,28900,4200
837,2,186400,50000,64000,28600,4700
838,2,203000,50400,65300,28600,4200
839,2,206200,50700,64700,28500,4200
840,2,193100,49700,62300,29400,4300
841,2,189900,49800,65100,28600,4300
842,2,185200,54500,63800,28400,4300
843,2,181100,49400,63300,29600,4100
844,2,181000,50100,62200,29200,4400
845,2,196800,49900,68900,29000,4300
846,2,213800,50700,62100,28900,4300
847,2,183900,49900,63700,28500,4300
848,2,178600,50600,63400,29400,4400
849,2,180300,49900,64300,28400,4200
850,2,198200,50500,60200,28900,4300
851,2,187200,49900,63700,28500,4200
852,2,182800,50900,65600,28900,4300
853,2,183200,49800,65300,28700,4300
854,2,187200,48400,69900,28500,4300
855,2,230700,51100,70200,30100,4300
856,2,215700,57600,63500,29300,4400
857,2,242300,55300,63400,29100,56900
858,2,259400,53200,63400,29300,71200
859,2,224300,50700,61100,28800,20700
860,2,200200,50800,65800,29200,4400
861,2,226700,49500,71000,29000,4500
862,2,207500,49800,61200,28800,4400
863,2,183700,50700,66800,27800,4200
864,2,178300,49200,68400,28500,4100
865,2,170400,49800,63000,27700,4300
866,2,189700,54200,68200,28300,4200
867,2,183400,54100,67500,29100,3200
868,2,175400,51100,61700,29100,4300
869,2,177200,50200,59000,28600,4200
870,2,195500,50500,65200,28900,4200
871,2,196700,50200,68500,28600,4300
872,2,192200,50500,60100,29300,4400
873,2,190700,49800,61900,28800,4300
874,2,223700,50700,69800,32000,4200
875,2,191300,50300,61600,29000,4300
876,2,218600,51300,63400,29600,4400
877,2,199000,55200,63800,28800,3200
878,2,193500,50000,64800,28800,4300
879,2,223100,51100,67300,30200,4400
880,2,200100,52800,62700,30000,4400
881,2,186500,50900,67700,28400,4400
882,2,187100,51200,68600,28500,4200
883,2,185500,54600,64400,28500,4200
884,2,188500,52000,63600,28200,4300
885,2,192900,50700,61200,29000,4300
886,2,250800,51500,61900,28800,4400
887,2,202500,50900,65900,28900,4400
888,2,187500,51200,68300,29000,4200
889,2,179000,50200,61700,28900,4400
890,2,200100,51700,72500,34600,4300
891,2,221900,51100,64300,31200,4300
892,2,192100,51000,66900,29400,4400
893,2,184600,50000,64000,28600,4200
894,2,187200,50100,64800,28800,4200
895,2,180800,50200,63600,28600,4500
896,2,186000,50500,67200,29200,4400
897,2,191500,50000,67200,29000,4300
898,2,209500,50000,62200,29100,4200
899,2,204500,49500,63000,28500,4400
900,2,202400,51300,67500,30200,4400
901,2,184100,50400,63600,28500,4200
902,2,181200,49800,63300,28300,4200
903,2,193700,50400,63000,30100,4300
904,2,196400,50400,69400,29400,4500
905,2,200900,51100,60800,28700,4300
906,2,227600,50300,64200,29000,4400
907,2,204600,57300,66900,29000,4400
908,2,215400,51400,66700,29600,4400
909,2,191600,50800,68400,28900,4100
910,2,270100,50800,67000,28900,4400
911,2,225100,50600,61700,28900,4300
912,2,183400,50000,61500,29100,4200
913,2,188200,50700,67800,28600,4400
914,2,185900,49800,67900,28500,4400
915,2,184600,48600,62800,30100,3200
916,2,201200,51500,69900,29400,4300
917,2,240200,57100,68100,29100,4400
918,2,276900,54900,63400,29200,66500
919,2,275600,52300,66500,29300,62300
920,2,224800,51400,63200,30200,27500
921,2,223000,54800,65100,28500,4300
922,2,210700,50900,61500,29100,4400
923,2,174700,53900,63900,27800,3300
924,2,174600,49800,64000,28700,4200
925,2,178000,51100,68300,28200,4000
926,2,186700,50900,75000,28200,4100
927,2,252400,58500,103000,29800,3900
928,2,186100,52800,68400,29900,4300
929,2,187400,51200,68700,28200,4200
930,2,243900,54000,73100,29900,4300
931,2,187900,49900,64700,28600,4300
932,2,182400,51300,61300,28900,4300
933,2,187100,49700,68700,28600,4200
934,2,223300,59000,65900,29000,4400
935,2,196400,50200,63500,28700,4300
936,2,223800,50100,64300,29300,4400
937,2,188700,50500,62800,28400,4300
938,2,193300,50100,69500,28800,4400
939,2,218500,50000,66400,29900,4500
940,2,194400,50000,65300,28900,4200
941,2,185800,49700,64300,28200,4200
942,2,174900,50000,58800,28400,4300
943,2,177900,50500,62700,28300,4200
944,2,179600,49900,63600,28600,4300
945,2,192400,55000,66800,29200,4300
946,2,210500,50900,67900,28600,4400
947,2,183800,49400,68600,28400,4400
948,2,222800,50100,66000,29600,4400
949,2,202500,50800,67700,28500,4200
950,2,181900,50100,63800,28300,4300
951,2,214500,51400,65200,29600,4200
952,2,185500,50700,60800,29500,4400
953,2,188200,50100,64800,28800,4200
954,2,187000,50500,67600,28700,4200
955,2,197700,49800,68700,28900,4200
956,2,190400,54300,62400,29700,4300
957,2,188100,49800,64300,28500,3300
958,2,210900,50000,65400,28700,4200
959,2,213100,51500,68100,28700,4400
960,2,193500,49800,62600,29300,4300
961,2,181200,50300,64000,28400,4200
962,2,179700,50300,67600,28200,4200
963,2,183900,54300,62600,29700,4300
964,2,182100,50300,68400,28900,3300
965,2,196300,49900,66700,29000,4300
966,2,221300,50000,67800,28900,4400
967,2,196500,51400,64900,29000,4300
968,2,189700,49700,69800,29400,4300
969,2,181000,51300,58800,28400,4300
970,2,212700,50000,64100,28500,4200
971,2,188700,51900,61000,28500,4200
972,2,188500,49700,67000,29600,4300
973,2,182900,50500,64400,28500,4300
974,2,180300,49900,60500,28300,4400
975,2,193800,50700,70000,29800,4300
976,2,183400,48000,61900,29500,4400
977,2,196800,55800,67600,28400,4300
978,2,200700,59000,63700,28700,4300
979,2,315000,55000,68900,29400,57900
980,2,305900,51600,67600,29800,75900
981,2,241100,55900,64100,28800,20300
982,2,232800,55000,62900,30500,4200
983,2,195200,53500,71900,29200,4200
984,2,201400,53300,64200,30800,4000
985,2,182500,51600,69400,28700,4400
986,2,176100,49700,59500,28300,4200
987,2,183600,50500,68800,30000,3200
988,2,202800,54300,70100,31100,5000
989,2,196400,50000,70000,28900,4400
990,2,203400,51700,68800,29100,4400
991,2,194700,49800,69100,28500,4300
992,2,201800,51100,69400,28800,4200
993,2,186300,49700,64000,28700,4400
994,2,210100,51300,64100,28600,4300
995,2,222100,49900,60200,28800,4300
996,2,260300,50200,64300,29300,4200
997,2,196000,49800,70000,28600,4400
998,2,290400,116900,73000,31100,9700
999,2,250500,53100,69000,31800,5000
1000,2,239100,54800,74600,36200,4900
1001,2,191800,51100,64400,28500,4300
1002,2,181900,52000,64100,28400,4300
1003,2,182500,50700,65500,28300,4100
1004,2,189800,50800,63700,30200,4300
1005,2,193300,50500,69800,28600,4200
1006,2,215300,51500,68300,29100,4500
1007,2,183000,55700,64300,28200,3200
1008,2,180900,50400,65100,28900,4300
1009,2,198100,53200,65500,30300,4900
1010,2,268500,52200,65300,30600,4900
1011,2,279900,56800,81200,55200,4300
1012,2,196300,55700,64800,28900,4300
1013,2,186800,50200,63800,28700,4200
1014,2,177900,49500,63300,28400,4300
1015,2,177400,49900,59200,28300,4100
1016,2,181100,49700,64100,28700,4200
1017,2,190400,56400,66000,29000,4200
1018,2,211000,54500,63800,28300,4400
1019,2,215700,54200,69100,28700,4300
1020,2,189700,50600,59400,28900,4300
1021,2,177000,49400,64900,28200,4100
1022,2,175500,49900,67400,28000,4200
1023,2,181000,54200,65300,29200,4100
1024,2,182200,49100,63400,29600,4400
1025,2,180500,50500,63100,28200,4200
1026,2,212900,49900,63500,28600,4300
1027,2,195400,50400,67700,28300,4300
1028,2,196800,55500,65300,32600,4300
1029,2,193800,49800,68100,28500,4200
1030,2,212100,51700,67800,28600,4300
1031,2,183900,50300,63000,28200,4300
1032,2,190000,49500,63700,29100,4200
1033,2,177800,50000,63700,28400,4200
1034,2,185400,50100,68400,28600,4100
1035,2,193300,51200,63600,30000,4200
1036,2,184200,50300,62500,29700,4200
1037,2,190200,48600,68600,28600,4300
1038,2,192600,50900,64800,28700,4200
1039,2,227600,60900,63200,29000,4300
1040,2,283000,56100,64900,30200,72100
1041,2,339600,51800,65900,29100,63000
1042,2,262000,51700,65500,29300,20500
1043,2,177100,49500,63900,28200,4500
1044,2,172800,50700,61400,28800,3100
1045,2,172400,49500,59900,28200,4100
1046,2,173500,49700,63000,28100,4300
1047,2,176300,49300,67200,29400,4300
1048,2,186300,50700,69500,29200,4300
1049,2,178800,49500,63600,28400,4200
1050,2,204900,63100,63800,29200,4400
1051,2,225900,89800,59900,29900,4300
1052,2,224100,58400,62300,30200,4400
1053,2,189900,51000,65900,29100,4500
1054,2,212900,50700,64800,28900,4400
1055,2,187900,50400,67600,28600,4400
1056,2,227400,49600,67000,29800,4400
1057,2,198700,50700,68200,29000,4300
1058,2,199800,57100,60100,28900,4400
1059,2,225400,51500,71000,30500,4300
1060,2,214400,53100,66700,29700,4400
1061,2,186500,50400,62800,29100,4400
1062,2,190900,52100,65800,28900,4300
1063,2,183700,51400,61300,28800,4200
1064,2,213800,55000,71900,31100,4900
1065,2,192400,50000,59700,29000,4800
1066,2,224600,51600,64900,29200,4400
1067,2,187800,49900,65000,28500,4200
1068,2,183300,50700,64900,29100,4300
1069,2,184200,49400,69600,28500,4300
1070,2,193100,50600,68400,28400,4300
1071,2,238900,54300,64600,30300,4400
1072,2,248300,50900,65800,29300,4500
1073,2,215700,50000,69700,29100,4500
1074,2,191600,50000,64500,28800,4300
1075,2,185700,50400,63600,28600,4300
1076,2,179800,50100,61000,28900,4200
1077,2,193500,50100,68700,28900,4400
1078,2,217900,50300,68300,28800,4300
1079,2,216900,50000,69800,28800,4400
1080,2,293800,54000,66300,31200,4900
1081,2,246500,57100,67200,30500,4900
1082,2,206200,58800,65700,29200,5000
1083,2,190700,54300,70600,31200,4400
1084,2,189000,51200,63700,29900,4600
1085,2,192600,51000,70400,28900,4400
1086,2,223300,51100,65100,29000,4300
1087,2,179200,49600,63400,28500,4300
1088,2,174000,49600,61600,28800,4200
1089,2,179400,51200,59700,28200,4300
1090,2,228400,50800,70100,28900,4400
1091,2,182500,50400,61200,28400,4300
1092,2,183300,49800,61600,29000,4300
1093,2,182200,50300,64600,28400,4100
1094,2,188000,49300,67900,28400,4300
1095,2,183600,49500,62200,29700,4400
1096,2,187300,49600,65000,28600,4200
1097,2,187300,50400,63400,28700,4400
1098,2,189000,48100,64800,28800,4300
1099,2,215500,50600,65100,28900,4200
1100,2,210900,58900,67900,29800,4300
1101,2,293300,55800,68700,29300,64100
1102,2,285000,51900,62800,29200,74100
1103,2,249600,52000,61700,28900,20400
1104,2,198800,50300,66300,28900,4400
1105,2,180200,49500,70400,28400,4200
1106,2,178400,54900,64000,28100,4200
1107,2,172600,49500,65600,29700,4200
1108,2,177600,49700,67800,28400,4200
1109,2,185600,49500,66600,29000,4400
1110,2,182000,50300,59200,28700,4300
1111,2,196300,49900,68100,29000,4300
1112,2,190500,50200,68500,29100,4400
1113,2,179800,49600,63400,28400,4300
1114,2,201400,49300,64200,28400,4300
1115,2,184100,54300,63800,28300,4300
1116,2,207700,49900,65100,28800,3200
1117,2,185100,53900,63200,28200,4300
1118,2,175400,51000,58900,28300,4300
1119,2,202900,49300,63100,29400,4200
1120,2,199200,50100,66000,29100,4300
1121,2,203600,55900,65300,30400,4900
1122,2,189200,50300,61900,28900,4800
1123,2,187000,50300,64000,28600,4300
1124,2,194900,50200,65700,29400,4300
1125,2,200900,54200,63900,28500,4400
1126,2,218000,50000,66700,28900,4300
1127,2,185600,49800,63300,28300,4300
1128,2,185000,49900,65200,28800,4400
1129,2,201900,60700,69500,29200,4300
1130,2,190000,49800,63600,28500,4300
1131,2,222300,49100,63000,31100,3300
1132,2,190400,49800,61900,29500,4300
1133,2,193200,50100,67900,28700,4400
1134,2,239300,50900,65600,29000,4500
1135,2,206400,50100,64300,28500,4300
1136,2,184400,55200,61300,28900,4400
1137,2,182300,49400,63500,28300,4200
1138,2,210800,54200,63100,28400,4200
1139,2,205700,50000,63400,28600,4400
1140,2,196800,50100,65900,29000,4200
1141,2,180700,49500,60300,29000,4300
1142,2,171900,48800,60400,28100,4300
1143,2,179900,50000,67500,29700,4100
1144,2,180600,49400,63000,28500,4400
1145,2,184700,51200,64200,28400,4200
1146,2,218600,50300,68900,28800,4400
1147,2,176900,49100,59200,28300,4300
1148,2,175400,49400,64000,28700,4400
1149,2,180800,51200,67700,28300,4300
1150,2,201300,50200,61200,28600,4300
1151,2,185700,49700,63700,28800,4300
1152,2,197500,51200,67300,29200,4200
1153,2,189300,50400,69600,33600,4300
1154,2,190400,50500,64600,28500,4200
1155,2,188900,49500,63600,30700,4200
1156,2,199900,50800,68100,29100,4200
1157,2,205000,49700,67400,28900,4300
1158,2,197200,49600,67800,28800,4500
1159,2,260900,91600,59100,29700,4300
1160,2,205100,51400,59600,28100,4200
1161,2,230800,56700,72700,29000,4100
1162,2,285600,56400,65200,29700,58200
1163,2,264100,54800,61000,30200,64500
1164,2,200200,50200,62900,29500,20700
1165,2,263500,50200,69000,28900,4500
1166,2,232800,49600,61600,29100,4400
1167,2,177300,50000,68200,29200,4000
1168,2,172200,49300,63200,28400,4200
1169,2,178400,50000,63200,28100,4200
1170,2,237200,53800,65900,29400,3600
1171,2,201600,53200,61800,29400,4200
1172,2,185700,49700,65600,29000,4300
1173,2,189800,57800,64900,28500,4500
1174,2,213300,53900,63500,28800,3200
1175,2,179600,49600,63200,28500,4200
1176,2,229300,54200,61900,29800,4400
1177,2,186900,50200,67900,28600,4200
1178,2,182900,49700,68100,28800,4300
1179,2,200800,49400,62200,32500,4200
1180,2,190500,49600,66800,29300,4200
1181,2,182800,50000,67800,28300,4100
1182,2,179200,49700,62900,28200,4300
1183,2,180200,49200,63200,28300,4200
1184,2,186100,49400,67700,28900,4300
1185,2,195200,49500,67600,28500,4000
1186,2,209900,49300,64300,28900,4300
1187,2,183900,54400,63400,28300,4300
1188,2,176700,49300,62000,28800,4200
1189,2,181800,50900,67800,28200,4100
1190,2,181400,50000,59700,28400,4200
1191,2,223300,50800,63000,30100,4200
1192,2,189100,49800,63900,28900,4300
1193,2,188200,54200,63900,28700,3200
1194,2,184200,49900,66700,28500,4200
1195,2,189800,49500,68100,28700,4200
1196,2,221100,49800,65000,29100,4500
1197,2,210500,49800,65800,29200,4300
1198,2,203400,49400,61900,29000,4400
1199,2,204000,49700,63400,28400,4300
1200,2,191100,49500,63600,29000,4400
1201,2,180400,49500,67700,28300,4200
1202,2,171500,49300,63200,28100,4400
1203,2,178800,49700,67700,30400,4100
1204,2,173800,50600,61400,28900,4200
1205,2,188200,50400,63800,28100,4300
1206,2,233300,54100,64900,30500,5100
1207,2,185300,50600,63700,28600,4300
1208,2,192100,50200,69600,29500,4200
1209,2,183500,50900,63700,28200,4200
1210,2,236400,50700,66800,29200,4400
1211,2,203500,52300,70100,29000,4400
1212,2,211700,54000,66800,30700,4900
1213,2,212800,52700,67600,30200,4900
1214,2,195100,50000,67700,28800,4300
1215,2,197700,51600,66900,30000,4400
1216,2,200100,54800,64800,29000,4400
1217,2,200500,51700,65300,29000,4400
1218,2,201100,49900,68500,28800,4200
1219,2,240000,54700,65200,29300,4400
1220,2,198500,47800,62800,28900,4400
1221,2,223200,51900,64700,28700,4200
1222,2,220800,57100,64900,28500,4400
1223,2,238400,54700,64800,29200,57500
1224,2,245100,51500,62300,29600,72500
1225,2,205800,52500,69600,29200,20700
1226,2,186600,50000,63900,28400,4300
1227,2,220400,50700,65500,29600,4300
1228,2,205600,51200,62300,29300,4300
1229,2,186900,50500,68200,28400,4300
1230,2,192600,50300,68500,28600,4200
1231,2,208200,50000,68200,28900,4300
1232,2,186000,50300,61500,29100,4500
1233,2,191200,50600,69400,28600,4500
1234,2,226400,50600,68900,29000,4500
1235,2,187700,49800,68000,28600,4300
1236,2,223200,50500,65800,29400,4500
1237,2,187200,49700,66700,28500,4200
1238,2,185800,50000,65700,29000,4400
1239,2,206300,49800,65500,29600,4400
1240,2,202300,50100,68600,29200,4200
1241,2,188800,51200,67800,28700,4300
1242,2,181900,49600,63900,28400,4500
1243,2,183000,51100,64200,28400,4300
1244,2,198800,49700,65800,28900,4600
1245,2,207100,51500,66900,28700,4200
1246,2,218800,50400,63200,29400,4700
1247,2,190000,50700,68800,28700,4400
1248,2,193100,58400,61600,29200,4300
1249,2,190900,50600,68400,28500,4300
1250,2,237000,50100,61500,29200,4500
1251,2,274100,50800,64300,32400,4400
1252,2,195100,50800,66900,29500,4300
1253,2,186500,49600,66200,28900,4300
1254,2,189300,49900,64500,28800,4300
1255,2,194200,50400,64000,28800,4300
1256,2,180700,49800,61600,29300,4300
1257,2,189400,50700,68200,28600,4400
1258,2,270100,51100,64100,29200,4500
1259,2,240400,50800,64500,29000,4400
1260,2,196700,51900,65000,29100,4400
1261,2,174100,50400,60900,28200,4300
1262,2,177600,50900,68000,28200,4200
1263,2,180000,49700,68500,29500,4200
1264,2,181000,55500,62700,28900,4400
1265,2,190600,50100,67800,28900,4200
1266,2,223600,50800,62300,29200,4400
1267,2,186300,50000,69500,28200,4300
1268,2,173800,50000,62200,29000,4300
1269,2,173800,49500,63000,28000,4100
1270,2,205000,54100,64300,28300,4100
1271,2,181500,49600,67400,28200,4200
1272,2,185400,53600,63800,28600,4300
1273,2,179100,54300,64700,28300,3100
1274,2,181400,49700,67800,28400,3200
1275,2,188900,51300,65100,29700,4200
1276,2,192800,50300,62200,29400,3300
1277,2,200500,50900,69100,28800,4300
1278,2,198300,51400,68800,28600,4500
1279,2,221500,50400,68900,28800,4300
1280,2,211200,50500,66000,29400,4300
1281,2,216800,50000,68100,28600,4300
1282,2,214100,56200,68400,28300,3300
1283,2,187800,58500,66100,28600,4400
1284,2,247700,56000,65200,30000,68000
1285,2,262100,53600,67400,29400,79400
1286,2,205000,52300,67500,29300,25700
1287,2,208700,56500,84500,48900,4500
1288,2,183500,51600,66400,29200,4300
1289,2,232000,50200,64300,28900,4400
1290,2,215400,51600,69100,29000,4400
1291,2,192400,50400,69000,28500,4300
1292,2,185900,49900,64800,29100,4400
1293,2,196800,51300,69700,28700,4400
1294,2,209700,50100,64200,28700,4200
1295,2,189900,50800,63900,28600,4300
1296,2,227500,51700,62500,29600,4300
1297,2,196500,52000,64400,28900,4300
1298,2,183000,49800,63500,28500,4300
1299,2,210800,50400,68300,31600,4300
1300,2,198400,51300,68300,29100,4200
1301,2,180100,49600,64200,28200,4300
1302,2,172900,50300,59500,28200,4200
1303,2,179200,49700,64000,28300,4200
1304,2,176600,49900,64300,28300,3200
1305,2,185600,50300,64200,28600,4300
1306,2,213100,50400,68200,28600,4200
1307,2,193600,51300,70300,28800,4300
1308,2,197200,50700,69200,29400,4400
1309,2,179400,50500,59100,28500,4200
1310,2,196200,51600,68500,28700,4300
1311,2,231300,50300,66900,30100,4400
1312,2,193100,49700,65400,28900,4300
1313,2,183100,49700,63300,28500,4300
1314,2,187600,49800,63600,28900,4300
1315,2,187500,50300,68300,28400,4200
1316,2,189400,49900,68200,29000,4500
1317,2,190900,49600,69100,28600,4500
1318,2,208500,49200,65600,28800,4200
1319,2,211500,50700,64000,28500,4400
1320,2,252500,50400,62600,29500,4500
1321,2,211700,50800,65000,28800,4400
1322,2,183800,55600,64100,28500,4400
1323,2,186700,50400,67200,29900,4400
1324,2,174600,50500,59900,28800,4300
1325,2,187800,49600,64200,28500,4300
1326,2,216400,50200,64700,28900,4300
1327,2,192600,49800,64400,28700,4300
1328,2,183000,50600,65700,28900,4300
1329,2,182100,51600,63400,28100,4300
1330,2,211700,50100,68000,28600,4200
1331,2,180500,49500,63700,28200,4200
1332,2,189600,51000,66100,29400,4400
1333,2,183200,49800,69100,28400,4200
1334,2,177900,50000,59700,28300,4200
1335,2,223700,51000,63200,30000,4300
1336,2,226300,50600,66500,29500,4300
1337,2,192000,50600,66500,28700,4400
1338,2,197600,55700,63800,28900,4300
1339,2,229000,49900,61500,29000,4200
1340,2,203000,50400,64200,29100,4400
1341,2,234900,50300,69100,28900,4300
1342,2,218400,49200,66000,29100,4400
1343,2,180300,51400,64600,28300,4200
1344,2,182800,56700,64000,28500,4200
1345,2,256400,56700,68800,29100,72300
1346,2,248200,52100,65800,29100,72800
1347,2,211400,52100,66000,32000,28000
1348,2,180800,49700,68600,28600,4200
1349,2,184400,51100,64300,28400,4400
1350,2,189300,49900,64600,28700,4300
1351,2,237500,50900,64100,28700,4300
1352,2,212200,51000,65400,29200,4400
1353,2,183200,50600,63600,28400,4300
1354,2,217700,55000,68000,28600,4200
1355,2,192100,50700,68400,28800,4200
1356,2,210600,51400,64200,29000,4500
1357,2,187000,50100,68000,28500,4200
1358,2,177600,50100,63100,28300,4400
1359,2,207300,50300,66600,29600,4400
1360,2,191000,49700,66100,28800,4300
1361,2,182600,54700,63700,28100,4300
1362,2,182100,51200,67500,28400,4000
1363,2,173600,49700,63100,27900,4100
1364,2,180200,49800,68500,28100,4100
1365,2,183800,50500,68000,28400,4400
1366,2,198400,49300,64200,28500,4300
1367,2,186400,53300,69500,28800,4100
1368,2,196200,54300,65000,30200,4300
1369,2,204600,50200,65200,28800,4700
1370,2,200300,50500,61300,28800,4300
1371,2,231400,50200,68100,31500,3200
1372,2,199700,51700,62600,30300,4300
1373,2,187800,50500,63700,28600,4300
1374,2,189000,50500,64000,28600,4300
1375,2,188100,51000,68400,28600,4300
1376,2,189900,50500,65500,29300,4300
1377,2,195600,49700,73200,28600,4300
1378,2,219500,49800,63900,29000,4400
1379,2,212800,50500,64100,28700,4400
1380,2,205800,51400,63900,28800,4400
1381,2,194500,50000,64500,28700,4200
1382,2,230200,51300,69400,29000,4400
1383,2,208600,50900,66700,30200,4300
1384,2,179400,50200,63300,28700,4500
1385,2,192900,50100,62600,28800,6800
1386,2,212500,49700,65000,28800,4500
1387,2,190800,50100,68700,28800,4300
1388,2,176100,50000,62300,29100,4300
1389,2,182200,51300,68600,28500,4300
1390,2,203000,49600,64200,28900,4300
1391,2,184000,53800,65000,28400,4200
1392,2,188800,50600,66000,29100,4300
1393,2,185400,49500,64600,28500,4200
1394,2,185200,50800,69600,28600,4300
1395,2,180400,50000,61800,30900,4300
1396,2,190000,50400,62600,29600,4200
1397,2,186600,50800,63600,28900,4300
1398,2,188400,50000,63500,28600,4400
1399,2,228200,50600,61500,28900,4200
1400,2,222700,50800,71700,29500,4600
1401,2,217600,51200,62400,28800,4300
1402,2,216600,50400,69100,29000,4400
1403,2,178700,48000,63700,28300,4300
1404,2,194000,50800,70700,29300,4100
1405,2,187000,57100,64400,28700,4300
1406,2,260300,56200,68300,29300,73200
1407,2,254500,52100,68200,30200,73000
1408,2,204900,51300,66800,29600,20600
1409,2,194800,50700,65000,28900,4400
1410,2,197800,51100,65900,29000,4400
1411,2,208700,55800,62100,29300,4400
1412,2,196700,50000,64100,29500,4400
1413,2,238600,50200,65300,29100,4400
1414,2,240200,50800,65200,29100,4400
1415,2,200300,50100,68500,28500,4300
1416,2,227700,51500,68900,29200,4400
1417,2,189300,50600,64000,28900,4300
1418,2,195900,51100,68300,28600,4200
1419,2,210800,49500,64100,30200,4400
1420,2,243900,50100,63000,29500,4500
1421,2,218400,49600,60400,29000,4400
1422,2,174500,50800,61000,28600,4300
1423,2,178200,49600,68500,27800,4400
1424,2,173300,49100,61000,29000,4200
1425,2,187900,50200,67900,28700,4200
1426,2,215300,50100,63600,28700,4400
1427,2,176600,50000,67700,28300,4300
1428,2,172500,49400,62400,29000,4200
1429,2,181700,51000,68300,28600,4200
1430,2,190400,49800,68000,28500,4200
1431,2,230700,50600,68300,30300,4400
1432,2,199900,55000,61900,29200,4400
1433,2,193700,50700,64700,28900,4500
1434,2,189200,54500,63500,28500,4200
1435,2,189600,50000,68900,28500,4300
1436,2,186500,54000,64600,29000,4300
1437,2,187500,49900,65700,28700,4300
1438,2,227800,50500,68400,29000,4400
1439,2,204400,49900,61000,28500,4400
1440,2,203900,49800,61900,29200,4400
1441,2,182700,49800,67900,28600,4200
1442,2,182000,51200,68700,28300,4300
1443,2,183600,50400,67700,30800,4100
1444,2,223100,50200,69800,29300,4400
1445,2,238400,54400,73200,30300,4900
1446,2,280400,55100,70300,30400,3600
1447,2,189500,50400,68500,29000,4200
1448,2,186600,49500,67300,29500,4200
1449,2,183800,53600,62700,29000,4400
1450,2,208300,50600,68700,28500,4300
1451,2,178800,50600,63600,28300,4300
1452,2,185800,50100,63700,29600,4400
1453,2,179500,50400,68300,28300,4200
1454,2,172600,49300,59400,28200,4200
1455,2,192600,54800,63700,30100,4300
1456,2,191300,50200,69100,28900,4200
1457,2,185100,51100,64100,28800,4400
1458,2,181900,50100,60700,28600,4000
1459,2,209400,50700,64300,28500,4400
1460,2,196300,49800,63100,29100,4300
1461,2,220600,49800,68600,28500,4200
1462,2,215200,49800,63500,28800,4400
1463,2,185200,50000,63700,28700,4200
1464,2,190600,50600,63700,29300,4300
1465,2,199300,51200,69400,28700,4300
1466,2,195400,58700,64600,28700,4500
1467,2,255200,60800,64600,30400,63800
1468,2,250700,56600,63600,30000,65300
1469,2,208100,50900,68800,28700,20700
1470,2,194600,55500,63800,28500,4200
1471,2,192200,49700,63800,28700,4300
1472,2,186700,49700,62800,29400,4100
1473,2,198200,50800,67900,28800,4400
1474,2,209000,50300,63500,28700,4200
1475,2,239800,50600,66400,29100,4400
1476,2,249200,51000,65400,29000,4500
1477,2,185500,50600,59700,28800,4300
1478,2,181800,49600,63900,28400,4200
1479,2,215100,50100,67500,29800,4200
1480,2,193200,49600,66000,28900,4200
1481,2,182900,54100,64800,28500,3200
1482,2,181200,54300,63500,28300,4100
1483,2,176700,50100,63100,28300,4200
1484,2,190800,60000,62100,29200,4400
1485,2,182700,49500,65500,28400,4100
1486,2,206000,50100,62400,28700,4300
1487,2,179100,49800,67900,28100,4300
1488,2,177100,49800,64500,28900,4300
1489,2,183900,50000,67800,28300,4400
1490,2,187200,50000,61400,29000,4500
1491,2,235200,51000,70800,38100,4300
1492,2,195700,51000,63600,29600,4500
1493,2,192000,50000,64200,28800,4400
1494,2,189200,51000,62000,29000,4300
1495,2,193600,51300,69000,28400,4400
1496,2,193300,51200,61500,28900,4200
1497,2,205300,50400,64500,28700,4200
1498,2,215700,50200,61200,29100,4500
1499,2,222900,50400,65800,28900,4500
1500,2,205900,49900,64000,29200,4300
1501,2,181700,49500,63900,28500,4400
1502,2,184400,49500,64700,28400,4200
1503,2,180500,49700,62100,29700,4300
1504,2,182900,50100,60900,28800,4500
1505,2,228500,49800,64800,28900,4500
1506,2,307700,50000,65800,29200,4300
1507,2,210800,49800,69700,28800,4400
1508,2,177000,49600,64200,28700,4200
1509,2,173500,49500,63000,27800,4200
1510,2,220300,54600,70600,28900,4300
1511,2,182100,50000,68100,28400,4300
1512,2,176300,50700,59900,28500,4500
1513,2,174700,50100,63300,27900,4200
1514,2,180800,53600,63800,28100,4100
1515,2,182400,49500,67000,29500,4300
1516,2,185000,49400,66200,28900,4300
1517,2,184400,49500,65900,28300,4200
1518,2,193800,50400,66100,29100,4400
1519,2,220700,55700,64200,28800,3100
1520,2,206100,50600,62800,29500,4400
1521,2,215100,50100,69900,28900,4300
1522,2,210400,54800,64700,28700,4200
1523,2,190500,56100,65300,28500,4400
1524,2,207100,57000,69700,30700,5000
1525,2,191500,49300,69700,29000,4400
1526,2,186400,53300,66800,28500,4200
1527,2,188300,59000,61800,29700,4400
1528,2,262900,58100,66000,30600,62700
1529,2,304400,57400,68200,30300,96500
1530,2,228700,51200,68000,29400,28800
1531,2,201900,50800,65300,28900,4500
1532,2,194700,51700,68900,28800,4100
1533,2,186200,49900,63500,28600,4200
1534,2,230600,51500,71100,29000,4300
1535,2,196000,50200,69000,28800,4300
1536,2,245000,53100,68300,31000,5000
1537,2,251300,55000,65200,30200,5000
1538,2,218400,51800,64600,29100,4800
1539,2,245000,51100,102200,80400,4300
1540,2,193800,51600,65900,29600,4300
1541,2,190500,54800,63600,28100,4200
1542,2,179200,50700,61700,28600,4100
1543,2,175300,49900,64300,27900,4100
1544,2,179800,54700,64800,28200,3200
1545,2,189000,50000,65900,28800,4300
1546,2,207000,50200,63300,28900,4300
1547,2,175700,50200,63600,28100,4300
1548,2,181900,54200,64400,29000,4300
1549,2,187300,50000,69800,28500,4200
1550,2,190800,50600,65100,28700,4200
1551,2,241000,50200,68900,30700,4400
1552,2,199000,50700,62500,29400,4400
1553,2,190200,50500,67900,28700,4300
1554,2,209400,51000,68400,28900,4500
1555,2,194900,50500,69100,28600,4400
1556,2,190400,50700,65700,29000,4300
1557,2,202300,49700,69800,28900,4400
1558,2,216800,54700,61700,28900,3300
1559,2,213500,49900,63200,28600,4300
1560,2,206500,51000,63100,29900,4400
1561,2,182900,49600,64200,28400,4300
1562,2,184800,50100,68700,28600,4300
1563,2,183100,51500,62600,29900,4300
1564,2,184300,49500,64300,28900,4400
1565,2,188800,49700,63900,28500,4100
1566,2,221100,55900,65800,28800,4200
1567,2,189600,49700,63900,28700,4300
1568,2,227200,49800,65100,29200,4400
1569,2,209500,50100,68900,29200,4400
1570,2,209300,49800,65000,28900,4400
1571,2,175100,49800,58900,28300,4300
1572,2,186000,50400,67600,28600,4300
1573,2,192900,59000,68200,28600,4300
1574,2,180300,49500,64300,28400,4300
1575,2,183800,49700,65800,29800,4300
1576,2,192200,49600,69400,29100,4300
1577,2,208600,52600,69500,30700,4900
1578,2,203200,50300,69800,29200,4400
1579,2,215800,50400,65500,28800,4400
1580,2,208600,50100,65100,28900,4400
1581,2,227600,50600,64700,29000,4400
1582,2,211000,49800,62000,28900,4300
1583,2,179000,49800,64300,28600,4400
1584,2,187000,50900,65800,29200,4300
1585,2,186500,49800,65100,28400,4400
1586,2,183900,49300,65000,28600,4300
1587,2,190500,51400,70100,29800,4300
1588,2,192000,56900,65100,29400,4300
1589,2,269000,55300,68500,29200,71400
1590,2,300600,51400,60700,29100,62400
1591,2,249100,51300,65000,29000,20800
1592,2,197900,50000,64400,28800,4400
1593,2,200800,59600,62300,29400,4300
1594,2,217200,49900,68900,28600,4200
1595,2,196400,51000,64100,28700,4000
1596,2,216100,50400,66100,29300,4300
1597,2,183800,50800,61000,28500,4400
1598,2,182900,49700,63700,28500,4200
1599,2,270400,51300,70900,30100,4300
1600,2,227600,51800,66300,29300,4400
1601,2,184700,55700,64600,28400,3300
1602,2,181900,50800,65200,28600,4200
1603,2,199900,53500,71800,30200,5000
1604,2,191300,54900,60800,29000,4300
1605,2,187500,55400,64000,28800,3200
1606,2,215500,50300,69000,29100,4300
1607,2,174500,49600,63800,28200,4200
1608,2,180000,50300,68800,28500,4200
1609,2,180300,51300,64100,28800,4300
1610,2,182300,50600,63800,28200,4400
1611,2,228200,51000,64500,31200,4100
1612,2,193600,49400,65300,29000,4500
1613,2,178300,50600,61700,28700,4200
1614,2,181300,50600,65400,28700,4400
1615,2,184600,49800,69300,28400,4100
1616,2,187800,49800,61700,29000,4300
1617,2,189300,50500,64800,28500,4300
1618,2,223600,51100,70200,29200,4300
1619,2,245000,54200,65100,30500,4900
1620,2,213400,51900,67500,29400,4400
1621,2,186500,50500,64700,28800,4300
1622,2,172000,49000,59400,28400,4200
1623,2,186100,50200,69100,29400,4200
1624,2,184100,49700,64500,28800,4100
1625,2,197000,50600,68500,28700,4300
1626,2,211800,49300,61600,28700,4200
1627,2,187400,50900,68800,28700,4000
1628,2,184700,50300,68800,28800,4100
1629,2,199300,54800,73500,30200,4400
1630,2,253700,50200,65000,29100,4700
1631,2,209900,50800,68900,28900,4300
1632,2,190600,50700,66500,29300,4100
1633,2,183000,50200,69500,28500,4200
1634,2,187900,50400,63900,28600,4300
1635,2,192200,49500,66700,29900,4300
1636,2,196600,49500,64700,28700,4300
1637,2,202500,58400,64300,28900,4300
1638,2,191100,49800,64800,28500,4400
1639,2,226400,54900,64200,28900,4500
1640,2,213800,50600,67100,29700,4500
1641,2,214200,50100,64700,28500,4200
1642,2,207400,50400,64200,28400,4300
1643,2,173900,49300,63600,28300,4300
1644,2,171900,49300,63200,28500,4200
1645,2,189000,50800,68300,28300,4200
1646,2,179800,49500,68200,28600,4200
1647,2,183400,49800,66700,29500,4200
1648,2,193400,57300,64800,29000,4300
1649,2,196600,57600,64900,28600,4300
1650,2,262600,56200,63300,29000,68400
1651,2,292000,53200,67200,29500,88500
1652,2,224000,51600,67600,29800,21000
1653,2,192400,49700,64200,29000,4600
1654,2,216600,49900,61800,28900,4500
1655,2,189800,49700,61200,28900,4400
1656,2,224200,50800,69100,29000,4400
1657,2,200000,50800,64100,29000,4400
1658,2,201100,56000,65600,28800,4300
1659,2,217400,52100,67900,30200,4300
1660,2,194700,49600,62600,29200,4400
1661,2,243500,50200,69400,28700,4400
1662,2,208500,49900,68700,29000,4300
1663,2,182700,50800,67500,28300,4300
1664,2,184400,50400,67800,28700,4400
1665,2,180100,49700,60900,28600,4400
1666,2,218600,59300,63200,28900,4200
1667,2,185500,49500,68300,28600,4200
1668,2,186600,50500,69900,28900,4400
1669,2,184100,50300,67400,28400,4400
1670,2,196000,49900,69400,28700,4300
1671,2,224200,50700,63200,30300,4400
1672,2,198500,50800,65500,29100,4400
1673,2,190300,54700,65400,28400,4300
1674,2,194000,51500,64600,28700,4200
1675,2,257400,61400,66300,30400,3900
1676,2,227800,51000,62700,29600,4700
1677,2,187600,51500,64100,28700,4400
1678,2,219100,49500,62100,28800,4400
1679,2,222700,51600,62900,29100,4400
1680,2,204800,50200,66700,29600,4400
1681,2,189500,51000,68200,28500,4200
1682,2,180600,50300,62900,28100,4400
1683,2,188100,51200,67200,30100,4300
1684,2,180600,49700,63500,29000,4400
1685,2,185100,50000,59900,28700,4300
1686,2,220900,50100,61700,28700,4400
1687,2,194500,50200,70000,28800,4300
1688,2,186500,50100,65900,29200,4400
1689,2,183100,55100,63600,28500,4300
1690,2,212100,50600,61100,28800,4400
1691,2,192400,58200,64000,28600,4400
1692,2,230200,50900,69500,29700,4400
1693,2,200400,50600,65500,28700,4300
1694,2,184500,50300,67800,28600,4200
1695,2,183700,54900,63000,29600,3200
1696,2,185100,49400,67900,28500,4400
1697,2,189500,50900,68100,28700,4100
1698,2,188900,54800,64400,31300,3300
1699,2,215300,50300,69900,28700,4200
1700,2,218400,53300,64000,30800,4900
1701,2,226100,55000,64800,29100,4400
1702,2,204200,50300,64400,28800,4300
1703,2,178800,54000,65500,27900,4100
1704,2,186300,49700,68900,28000,4100
1705,2,177000,50000,69100,28500,4200
1706,2,182300,50900,63600,28400,4200
1707,2,170200,50200,62800,29400,4300
1708,2,173700,48800,64200,28400,4300
1709,2,192300,51100,69100,28600,4200
1710,2,199700,57500,63900,28800,4300
1711,2,273400,55100,64500,29300,79700
1712,2,278800,53000,70200,29600,80400
1713,2,223200,52400,64700,29200,27500
1714,2,222900,51600,64600,28500,4400
1715,2,187700,50900,64400,28600,4300
1716,2,224200,51000,65100,29300,4500
1717,2,193900,50800,69600,28700,4400
1718,2,191600,52600,67000,29300,4200
1719,2,221800,50900,60900,30000,4400
1720,2,205500,50000,64500,29100,4300
1721,2,189600,50600,63800,28700,4300
1722,2,185100,49700,62000,28900,4300
1723,2,233600,50300,68700,28700,4400
1724,2,205500,49800,63200,29600,4400
1725,2,185600,50400,65000,28700,4500
1726,2,214200,50500,68900,28500,4300
1727,2,181100,50100,64300,28800,4400
1728,2,181900,50500,66500,28600,4300
1729,2,176500,49600,64200,28400,4200
1730,2,189200,50100,69000,28400,4200
1731,2,223400,49800,64700,31600,4400
1732,2,188500,50600,64300,28900,4300
1733,2,191000,51000,69800,28700,4300
1734,2,186100,49700,63200,28600,4300
1735,2,202100,49800,64900,28600,4400
1736,2,185400,50000,62900,29700,4300
1737,2,182600,49600,63600,28400,4400
1738,2,201900,50200,61000,28800,4300
1739,2,216500,50700,63900,28700,4300
1740,2,201300,49600,65400,29100,4400
1741,2,189200,50300,61300,28900,4300
1742,2,179100,50700,59400,28500,4300
1743,2,185200,50200,63600,30000,4300
1744,2,187000,50000,62800,29300,4300
1745,2,194200,49700,62400,29100,4300
1746,2,225200,50600,69200,28800,4300
1747,2,193500,50300,72300,28300,4300
1748,2,192700,50900,71500,29000,4400
1749,2,190300,51700,69600,28700,4400
1750,2,205400,51200,61100,28700,4300
1751,2,187300,50700,64100,28600,4500
1752,2,197900,49900,64700,28900,4400
1753,2,191800,57000,63600,28500,4400
1754,2,225100,49800,63800,28600,4300
1755,2,222700,51300,63800,30200,4400
1756,2,183500,49900,61600,29100,4400
1757,2,191900,50700,68700,28500,4100
1758,2,196700,50700,68600,28800,4400
1759,2,227100,50300,68300,29000,4500
1760,2,248100,50900,62500,29300,3300
1761,2,262800,50400,70200,28900,4400
1762,2,203700,49600,64300,28500,4400
1763,2,179000,50400,64600,28000,4300
1764,2,175600,53800,63500,28100,4100
1765,2,177600,53800,64400,28000,4200
1766,2,172600,50200,64000,28100,4200
1767,2,178000,53900,64800,29200,4100
1768,2,172600,50300,63400,28300,4200
1769,2,181900,53700,63600,28200,4200
1770,2,188200,51000,67300,28400,4300
1771,2,202100,57900,63300,28700,4300
1772,2,254600,55500,70000,30000,56600
1773,2,248500,51700,64700,28800,64200
1774,2,240100,51700,65300,28900,25000
1775,2,192600,50100,68600,28900,4400
1776,2,221600,49900,62500,29400,4300
1777,2,197800,50800,68400,28800,4200
1778,2,184400,50300,64200,28500,4300
1779,2,214200,50500,68100,30500,4200
1780,2,196200,49800,66800,28900,4200
1781,2,184900,50200,66100,28400,4100
1782,2,188200,49900,69800,28600,3900
1783,2,181000,49300,68100,28400,4300
1784,2,179700,49600,60900,28600,4400
1785,2,225500,50100,68100,28800,4400
1786,2,232400,49500,63600,28700,4300
1787,2,171900,49400,63200,28100,4300
1788,2,172900,49500,63000,28200,4200
1789,2,172300,49400,63300,27800,4200
1790,2,183400,49400,67800,28400,4400
1791,2,218800,49900,67100,29900,4300
1792,2,181900,49700,61500,29100,4300
1793,2,176500,49600,63500,28200,4200
1794,2,182100,54000,63500,28400,4100
1795,2,176100,49600,63100,28200,4300
1796,2,180600,49800,67700,28500,4200
1797,2,176800,49700,60400,28300,4200
1798,2,198600,50200,64000,28800,4300
1799,2,202700,50100,63500,28500,4300
1800,2,189900,49500,63100,29700,4400
1801,2,176500,49600,63100,28400,4300
1802,2,176900,49300,63100,28400,4200
1803,2,182000,49500,62800,29800,4300
1804,2,184800,49600,62200,29200,4400
1805,2,193600,49600,63500,28600,4300
1806,2,238000,49300,77200,43400,4400
1807,2,193800,49900,63800,28500,4400
1808,2,180000,49500,60900,28900,4400
1809,2,177400,49700,61000,28200,4300
1810,2,204600,49600,63400,28400,4300
1811,2,182200,50000,63300,28400,4400
1812,2,187000,49800,65700,29300,4300
1813,2,189400,53900,63600,28500,4300
1814,2,180900,49500,63300,28400,4200
1815,2,185500,49700,63100,29600,4300
1816,2,238600,50500,65100,29300,4300
1817,2,207300,50200,63200,28700,4400
1818,2,188800,49800,65200,28700,4300
1819,2,211200,49400,65900,28900,4300
1820,2,195200,49500,63100,30000,4300
1821,2,208700,49700,63400,28500,4400
1822,2,207600,49900,68100,28600,4400
1823,2,171300,49400,62800,28200,4200
1824,2,171900,49400,63500,28700,4200
1825,2,174600,50300,64600,32100,4100
1826,2,177600,49400,67900,28200,4200
1827,2,173300,49400,63100,30000,4300
1828,2,178800,49700,68200,28600,4300
1829,2,177000,49400,63000,28100,4200
1830,2,190900,55800,65900,28400,4200
1831,2,251600,59300,70700,30100,5100
1832,2,201400,57900,64700,29800,4500
1833,2,249400,54900,63800,29000,57200
1834,2,276300,51200,66300,29200,62200
1835,2,208900,50300,66200,29100,20600
1836,2,228500,50100,66500,29800,4400
1837,2,196400,50700,63300,28800,4400
1838,2,196100,50300,68300,28600,4300
1839,2,212900,49800,63500,30100,4200
1840,2,200300,49700,65800,29300,4300
1841,2,191400,61600,60100,28700,3300
1842,2,184900,49600,67800,28300,4200
1843,2,186600,49700,67600,28600,4400
1844,2,191900,54200,64000,29200,3700
1845,2,225500,49800,63700,28900,4400
1846,2,249700,50200,67900,29100,4300
1847,2,218500,49900,67500,28600,4300
1848,2,205800,49900,67700,28900,4300
1849,2,173200,49300,63200,28100,4200
1850,2,184000,49400,67000,28200,4200
1851,2,215900,49600,63400,31200,4300
1852,2,185200,49900,63300,28600,4200
1853,2,176700,49600,63000,28600,4100
1854,2,176400,49500,62700,28100,4200
1855,2,175700,49400,62900,28300,4300
1856,2,180500,49000,68000,28800,4200
1857,2,191300,49700,67700,28300,4200
1858,2,207300,49600,63400,28600,4300
1859,2,201300,49300,61900,28800,4300
1860,2,192300,49400,65500,29200,4400
1861,2,177000,49600,65100,28200,4200
1862,2,173600,49200,67400,28000,3200
1863,2,173100,49700,60700,29300,4300
1864,2,184700,49800,68000,28800,4200
1865,2,186500,49700,63100,28200,4400
1866,2,215900,49700,67600,28500,4100
1867,2,182500,50300,58500,28400,4200
1868,2,199900,57900,62700,30500,4000
1869,2,188900,50400,62900,29000,4300
1870,2,379800,132000,67100,30600,5000
1871,2,185300,51200,60800,28800,4300
1872,2,184900,50100,63900,28900,4300
1873,2,181300,49600,68000,28500,4300
1874,2,186200,54200,64400,28500,3300
1875,2,186300,50700,64100,30600,4300
1876,2,190300,49600,69400,29300,4400
1877,2,187200,49600,63300,28600,4300
1878,2,234000,49700,69100,28700,4400
1879,2,414300,132600,78100,30200,4800
1880,2,209300,50200,62700,29600,4200
1881,2,217700,51300,69400,28800,4400
1882,2,201900,49600,63400,28400,4300
1883,2,176400,49800,68000,28100,4100
1884,2,170300,49400,63800,28300,4100
1885,2,175900,49800,68800,27900,4100
1886,2,174200,49500,67200,27800,4200
1887,2,177100,50600,69000,29300,4200
1888,2,175100,49500,63400,28500,4100
1889,2,186400,49400,68100,28400,4200
1890,2,193100,52500,63200,31300,4400
1891,2,194300,50700,64800,28600,4300
1892,2,193500,50900,65800,29400,4400
1893,2,199300,61700,65900,28600,4400
1894,2,263200,54700,63900,29000,57300
1895,2,246300,50900,61500,29000,62400
1896,2,233800,50700,62500,29600,20700
1897,2,194300,49800,67700,28500,4400
1898,2,188400,49600,63700,28500,4500
1899,2,211500,50100,63200,30300,4300
1900,2,202000,54200,63900,29000,4400
1901,2,186600,50000,67600,28800,4300
1902,2,182900,49400,67600,28200,4200
1903,2,183300,49500,63600,28600,4200
1904,2,185500,49500,69200,28600,4200
1905,2,185900,49900,63400,28400,4300
1906,2,205300,49400,63600,28600,4200
1907,2,177400,49400,63900,28600,4300
1908,2,188900,51200,69100,29000,4300
1909,2,237600,50000,71000,28900,4400
1910,2,251200,59400,68900,30400,4800
1911,2,266400,53400,64600,31600,8500
1912,2,191800,49600,61700,29000,4500
1913,2,187800,54400,64200,28500,4300
1914,2,183100,49600,65300,28600,4300
1915,2,182000,54600,63000,28300,3300
1916,2,183100,49700,66200,29500,4200
1917,2,182500,49000,64300,28300,4400
1918,2,206500,49800,63500,28400,4300
1919,2,210400,49600,68000,28500,4300
1920,2,191800,49200,63800,29000,3300
1921,2,183600,49300,65500,28600,4200
1922,2,190300,58600,64800,28200,4400
1923,2,216400,60400,86800,31700,4200
1924,2,346600,113500,109300,30600,4600
1925,2,199400,50100,62800,29400,4500
1926,2,226600,53900,65800,29000,4500
1927,2,189300,49600,61100,28600,4300
1928,2,181600,49600,61000,28800,4400
1929,2,190100,49600,67900,28700,4300
1930,2,248900,50100,61100,28900,4300
1931,2,223800,51100,63400,28700,4400
1932,2,184700,50200,65100,28900,4300
1933,2,187800,53800,63300,28400,3000
1934,2,177800,49200,60600,28800,4300
1935,2,192800,50200,66300,29700,4100
1936,2,183800,49000,62300,29300,4200
1937,2,189100,49500,67900,28600,4200
1938,2,187000,49600,63500,28700,4200
1939,2,224400,50000,68000,28700,4300
1940,2,235100,49900,62200,29300,4300
1941,2,233800,49900,63200,28700,4300
1942,2,201800,49700,63600,28300,4200
1943,2,174200,49000,67900,28100,4200
1944,2,173300,49900,62900,28400,4100
1945,2,174300,49300,67500,28100,4100
1946,2,173800,49200,67400,28000,4200
1947,2,168700,49100,61800,29000,4100
1948,2,176600,49600,68400,28400,4200
1949,2,182500,49200,69100,28300,4200
1950,2,188500,56800,63700,28300,4200
1951,2,188600,49900,68600,28600,4200
1952,2,180500,48300,64300,28900,4200
1953,2,186400,55600,63900,28200,4200
1954,2,205700,56900,66100,28500,4300
1955,2,242900,54500,69700,29200,57500
1956,2,271500,51000,64300,29300,62300
1957,2,210000,50700,68600,28800,20700
1958,2,199800,50900,67100,28700,4300
1959,2,213600,54500,63600,29900,4300
1960,2,193100,49800,61600,29100,4300
1961,2,182000,49500,63500,28300,4400
1962,2,186000,54100,64600,28300,4300
1963,2,182100,49900,67900,28400,4200
1964,2,179000,49800,63900,28800,4300
1965,2,182800,49200,63600,28700,4200
1966,2,201200,49300,63300,28700,4200
1967,2,179900,49100,68000,28400,4100
1968,2,180700,54400,63200,28100,4100
1969,2,179300,49700,67300,28100,4200
1970,2,188200,49700,67400,28300,4100
1971,2,273300,50000,85300,59200,4400
1972,2,213100,50200,68000,29300,4300
1973,2,184500,49900,67500,28400,4400
1974,2,181100,49300,62900,28100,4300
1975,2,189300,49300,67700,28500,4200
1976,2,181300,49600,58600,28600,4400
1977,2,185300,49500,63300,28600,3200
1978,2,213400,54200,63600,28300,3200
1979,2,206000,49700,63900,28600,4200
1980,2,195500,49500,65800,29400,4400
1981,2,181500,49300,67500,28400,4200
1982,2,172900,49100,62800,28100,4200
1983,2,180000,49500,66300,29500,4400
1984,2,180000,49500,65500,29100,4400
1985,2,185900,49400,67800,28500,4400
1986,2,211200,52100,64500,28600,4200
1987,2,214800,55800,72100,30400,4800
1988,2,188600,49900,61900,29100,4400
1989,2,185300,50100,63500,28200,4200
1990,2,213900,50100,65700,28900,4300
1991,2,191800,54200,64800,28700,4300
1992,2,192500,54300,63700,28800,4200
1993,2,187400,49900,67700,28600,4300
1994,2,188700,50200,68000,28300,4200
1995,2,188000,49600,66800,30100,3300
1996,2,195000,54400,66300,29100,4100
1997,2,186800,49600,63800,28700,3300
1998,2,190400,49800,61400,29000,4200
1999,2,222800,50100,65300,28900,4300
2000,2,201800,49900,66000,29500,4300
2001,2,216000,49400,63500,28400,4400
2002,2,245400,49800,63900,28600,4300
2003,2,201200,49700,68000,28400,4100
2004,2,171600,49700,60900,28900,4100
2005,2,177000,49300,68100,28100,4200
2006,2,181400,49500,67500,28400,4200
2007,2,177200,49600,62000,29400,4300
2008,2,186200,49700,61600,28900,4300
2009,2,188500,49700,67900,28600,4500
2010,2,194500,49200,68000,28700,4300
2011,2,192200,50100,67700,28600,4300
2012,2,186900,54400,60900,28700,3300
2013,2,183500,48100,64900,28500,4200
2014,2,211800,50800,68400,28700,4200
2015,2,230000,57300,64000,28900,4400
2016,2,318400,54300,63400,29600,71200
2017,2,244600,51100,66400,29200,62500
2018,2,198900,50400,66100,29000,20700
2019,2,208600,49600,63400,31200,4300
2020,2,195000,49600,63500,28700,4200
2021,2,186100,49300,68300,28400,4100
2022,2,180100,49700,63200,28300,4300
2023,2,184900,49400,68200,28400,4100
2024,2,183700,49500,65400,29200,4300
2025,2,189800,49700,63400,28600,4400
2026,2,204600,49900,63900,28600,4300
2027,2,180700,49900,67600,28300,4300
2028,2,181400,49300,68300,28700,4400
2029,2,181300,49700,67300,28500,4200
2030,2,193200,54300,63600,28400,4300
2031,2,211800,49500,63000,30000,4200
2032,2,188500,49400,62800,29200,4300
2033,2,223700,49800,64000,28700,4400
2034,2,207300,50000,69100,28800,4200
2035,2,182100,49500,67800,28100,4300
2036,2,180600,49200,67900,28400,4200
2037,2,179800,49300,63400,28100,4300
2038,2,204600,49600,67200,28500,4100
2039,2,207300,52500,63200,28500,4300
2040,2,192600,49700,63400,28700,4400
2041,2,179400,49300,67500,28400,4200
2042,2,180200,50800,69500,36500,4200
2043,2,176200,49500,66100,29700,4100
2044,2,173400,49600,63500,28200,3000
2045,2,178200,49100,63400,28200,4200
2046,2,204300,49500,63300,28400,4300
2047,2,187700,53700,63500,28200,4100
2048,2,170800,49800,60900,29300,4100
2049,2,174000,49600,63000,28200,4200
2050,2,200700,49500,63200,28300,4300
2051,2,185800,49500,67400,28400,4200
2052,2,180500,49600,61100,29000,4300
2053,2,178400,49700,62900,28200,4200
2054,2,186800,49700,67600,28300,4200
2055,2,184400,49800,62500,29700,4200
2056,2,186100,49600,65200,29200,4300
2057,2,188700,49500,68000,28700,4200
2058,2,196900,49400,64500,28500,4300
2059,2,213300,49900,63500,28600,4400
2060,2,207600,49400,66200,29200,4200
2061,2,218300,50000,68200,28600,4300
2062,2,208400,50000,63400,28600,3200
2063,2,182700,49600,67600,28300,4200
2064,2,215700,49500,64500,28800,4300
2065,2,196600,51400,61700,28800,4400
2066,2,208400,55700,68100,30300,10800
2067,2,283600,66400,75500,33100,4700
2068,2,199800,52300,68000,30600,5000
2069,2,217800,57600,66700,30100,5000
2070,2,195900,50300,66100,29100,4400
2071,2,213400,53600,67600,30600,5100
2072,2,200800,50100,61900,29200,4300
2073,2,183600,49800,62000,28800,4400
2074,2,204900,48800,63300,28600,4200
2075,2,205100,64100,63400,30000,4400
2076,2,249100,60500,70000,30700,4700
2077,2,271300,60000,63700,30300,68900
2078,2,271400,53500,66800,30300,71100
2079,2,232100,51600,63300,30300,21300
2080,2,199300,50200,68900,29200,4200
2081,2,182100,49900,59300,28500,4200
2082,2,195700,49700,67600,28600,4200
2083,2,184100,50100,63800,28600,4200
2084,2,191000,54700,64100,28900,4400
2085,2,189400,49800,63200,28600,4300
2086,2,219100,49900,67800,28600,4400
2087,2,177800,49700,62800,28400,4400
2088,2,184300,49700,68500,29100,4300
2089,2,183700,49900,67500,28100,4200
2090,2,186200,49600,63000,28700,4200
2091,2,221500,49600,62600,32900,4400
2092,2,201000,51600,66800,29000,4300
2093,2,192400,49800,68300,28700,4200
2094,2,190500,49400,65400,28900,4300
2095,2,229800,49600,65800,28900,4300
2096,2,205200,49900,63700,29000,4400
2097,2,188700,49800,67900,28700,4300
2098,2,211900,50000,67400,28600,4200
2099,2,211800,49700,67900,28800,3300
2100,2,231600,50000,60100,29100,4300
2101,2,220100,50200,68400,28800,4200
2102,2,176700,49500,67500,28100,4200
2103,2,174900,49600,64200,29400,4100
2104,2,176600,49100,63400,28000,4300
2105,2,179400,49300,62800,27900,4300
2106,2,210100,50000,65700,28700,4300
2107,2,182300,53800,63100,28200,4200
2108,2,171900,49200,63000,28200,4200
2109,2,171200,49100,62600,27800,4100
2110,2,203900,49300,69900,28500,4200
2111,2,187400,51400,63400,28000,4400
2112,2,187100,49400,67800,28400,4300
2113,2,183600,49300,67400,28200,4200
2114,2,182000,49200,63200,28200,4300
2115,2,182900,49500,61300,31400,4200
2116,2,188700,49400,65700,28900,4200
2117,2,217500,52500,70100,30400,4900
2118,2,197500,54200,64200,28700,3300
2119,2,376900,100300,122000,30700,5000
2120,2,359900,99500,120800,30100,4500
2121,2,385000,99400,125800,29200,4500
2122,2,310400,95700,64200,30500,4500
2123,2,177100,50100,61500,28800,4300
2124,2,177300,54000,64500,28900,3000
2125,2,184900,50700,64100,28100,4100
2126,2,213700,49900,63300,28500,4400
2127,2,202300,54500,65900,29600,4400
2128,2,179100,49700,69300,29100,4100
2129,2,177400,49400,63000,28100,4300
2130,2,185800,49100,65500,28600,4300
2131,2,190900,49900,68100,28500,4200
2132,2,179300,49400,60700,28700,4200
2133,2,180300,49900,63300,28300,4100
2134,2,199200,49100,59700,28600,4200
2135,2,180500,47800,64100,28100,4200
2136,2,213200,51100,64400,28900,4300
2137,2,188500,56700,63400,28500,4200
2138,2,240900,54800,68000,29000,57600
2139,2,273700,51500,72800,31600,62500
2140,2,254400,64700,64400,30800,22700
2141,2,218600,53200,64500,30500,4300
2142,2,197100,53200,64100,30300,5000
2143,2,209700,56200,66100,30100,4800
2144,2,211500,52000,66300,30200,4900
2145,2,200800,50200,63300,28700,4400
2146,2,221200,54500,63400,28900,4300
2147,2,187500,49800,63200,28600,4200
2148,2,196000,49900,72400,38900,4300
2149,2,188300,50200,63900,28400,3300
2150,2,187800,49900,63900,28700,4300
2151,2,219400,49400,63600,30000,4400
2152,2,186700,49400,59500,28500,4200
2153,2,188300,50100,63700,28300,4300
2154,2,192000,50200,67900,28700,7100
2155,2,190000,51600,67900,28700,4300
2156,2,187000,50900,64900,29200,4200
2157,2,250700,52600,67800,30600,5000
2158,2,259800,51600,65400,30200,5100
2159,2,217700,50300,68200,28700,4300
2160,2,193700,49600,61600,28900,4300
2161,2,181800,49300,67600,28300,4200
2162,2,174700,49400,63000,28100,4400
2163,2,174600,49300,62900,31300,3200
2164,2,176800,49600,63900,28700,4200
2165,2,183900,49600,63600,28400,4300
2166,2,210900,49700,63500,28400,4200
2167,2,187300,49500,69300,28700,4100
2168,2,187700,49600,63800,28900,4100
2169,2,176300,49900,63300,28200,4400
2170,2,235200,52400,66700,30500,5000
2171,2,191500,50300,68700,28800,4400
2172,2,180500,49200,63300,28600,4400
2173,2,183300,54000,64200,28200,4400
2174,2,186500,49300,64600,28700,4300
2175,2,189900,49600,63300,29600,4400
2176,2,214800,49700,69600,28900,14100
2177,2,198600,50000,65000,28700,4400
2178,2,195100,49900,61400,28900,4300
2179,2,221700,49800,63500,28700,4300
2180,2,216200,49800,66200,29400,4300
2181,2,214800,49800,63500,29000,4400
2182,2,205800,49100,59500,28500,4300
2183,2,176900,49400,63100,28300,4200
2184,2,179700,49800,63400,28900,4300
2185,2,219900,54000,63500,28500,4300
2186,2,210900,49700,61100,28700,4400
2187,2,178200,49600,66100,29600,4300
2188,2,212400,49700,62300,29200,4400
2189,2,206200,54200,63600,28500,4200
2190,2,188900,49600,68000,28600,4200
2191,2,185300,49700,63400,28400,4400
2192,2,180100,49300,61100,28700,4300
2193,2,184600,49800,67600,28400,4300
2194,2,198500,49200,59300,28500,4400
2195,2,180200,49500,63200,28100,4200
2196,2,209700,52900,61500,29000,4200
2197,2,190300,53200,68200,28500,4300
2198,2,185900,57200,63900,28200,4200
2199,2,257800,54500,60200,30200,57800
2200,2,250400,50800,63100,29600,62900
2201,2,196400,55300,64100,28900,20400
2202,2,173400,49000,63100,28200,4100
2203,2,172200,49300,62600,27900,4200
2204,2,190000,58500,67200,28200,4200
2205,2,187800,49500,67400,28400,4300
2206,2,206400,50000,63200,28700,4300
2207,2,184200,54300,64500,28300,4300
2208,2,186400,50100,67600,28600,4400
2209,2,183500,49700,67400,28500,4400
2210,2,185000,49200,61600,28800,4200
2211,2,236800,49700,84700,51200,4200
2212,2,193000,50500,67600,28700,4500
2213,2,195900,54000,71300,32800,4200
2214,2,184100,50400,63300,28300,4200
2215,2,181300,49200,63600,28400,4300
2216,2,179400,49400,63100,29000,4300
2217,2,185600,49300,67400,28400,4300
2218,2,226700,62200,65300,29200,4200
2219,2,244500,49800,63700,28900,4200
2220,2,214600,50200,62200,29300,4300
2221,2,180600,49900,68000,28300,4200
2222,2,170900,49200,63200,28200,4100
2223,2,177500,54300,61700,29300,4100
2224,2,173700,49300,63300,28200,4100
2225,2,178800,49600,63100,28000,4100
2226,2,204500,49400,63200,28300,4300
2227,2,180800,53900,62900,28200,3200
2228,2,170500,49700,59400,28400,4300
2229,2,179900,49200,67800,28600,3200
2230,2,208700,49300,67900,28600,4400
2231,2,180800,49500,63100,28200,4300
2232,2,185600,49700,61900,29100,4200
2233,2,180600,49300,67500,28600,4300
2234,2,179900,49100,67700,28200,3200
2235,2,186100,49700,67000,30000,4300
2236,2,186000,49600,61300,29000,4400
2237,2,194900,49800,67800,28800,4400
2238,2,191200,49500,60800,28800,4400
2239,2,213500,49500,60600,28600,4300
2240,2,226800,53700,69000,30900,4800
2241,2,228900,49900,68400,29200,4300
2242,2,209100,49800,63400,28800,4200
2243,2,176300,49700,63100,28400,4300
2244,2,174900,49000,61400,28400,4200
2245,2,176300,49700,63600,28500,4300
2246,2,181000,49200,67500,28400,4200
2247,2,173000,49100,60900,29800,4300
2248,2,180200,53800,63600,28900,3200
2249,2,187100,49800,67400,28600,4400
2250,2,224600,50300,60900,28900,4300
2251,2,214800,50100,67700,28800,4400
2252,2,185200,49700,63500,28600,4300
2253,2,181700,49300,63300,28500,4300
2254,2,203800,49800,63100,28500,4300
2255,2,177400,49200,59200,28400,4200
2256,2,210200,49400,61500,28800,4200
2257,2,180000,48000,63200,28200,4200
2258,2,181000,50600,63700,28300,4300
2259,2,218600,56900,71000,31600,4300
2260,2,248300,54800,64200,29600,57500
2261,2,243200,51200,65700,29000,62300
2262,2,200300,55600,61200,28900,19800
2263,2,179700,49600,63700,28400,4300
2264,2,180000,49800,59000,28500,4300
2265,2,187800,50000,63600,28300,4400
2266,2,209400,50100,68300,28700,4300
2267,2,181700,49500,63500,28200,4300
2268,2,183100,49800,61500,29300,4200
2269,2,192600,49400,64800,28600,4300
2270,2,230400,49700,65400,29100,4500
2271,2,255400,49800,62900,30100,4300
2272,2,191700,50000,63200,28600,4300
2273,2,184600,49800,66100,30000,4400
2274,2,180500,49700,63500,28300,4200
2275,2,181000,49500,63000,28300,4300
2276,2,177600,49500,61400,29100,4300
2277,2,189000,49600,68400,28600,4300
2278,2,202900,49400,60700,28800,4300
2279,2,210500,49800,68400,28700,4400
2280,2,198700,49500,67600,28800,4400
2281,2,228900,49800,68800,28600,4200
2282,2,209900,50700,68700,28500,4300
2283,2,177600,49800,66000,29500,4200
2284,2,173400,49300,63000,28500,4100
2285,2,178900,49100,63400,28300,4200
2286,2,215600,50400,63200,28500,10200
2287,2,188800,49600,68000,28300,4200
2288,2,176300,49200,67900,28800,4100
2289,2,173200,49500,63400,27800,4200
2290,2,196500,49200,63400,28500,4200
2291,2,174300,49400,63100,28200,4200
2292,2,187800,58500,60100,28400,4300
2293,2,176100,51100,63800,28200,4200
2294,2,177200,50700,63300,28300,4200
2295,2,176700,49200,61800,29600,4200
2296,2,184800,49600,64900,29100,4300
2297,2,189900,52800,65500,28700,4400
2298,2,189000,50300,63400,28900,4400
2299,2,212600,49600,61400,28800,4400
2300,2,203600,49600,61100,29000,4300
2301,2,222800,50600,73200,36000,4300
2302,2,205900,49600,63300,28900,4400
2303,2,176100,49300,63200,28300,4200
2304,2,171900,49300,63400,28000,3200
2305,2,172600,49300,62800,27900,4100
2306,2,178400,49200,67300,28100,4200
2307,2,173500,49200,63700,31000,4300
2308,2,174200,49400,61300,28700,4200
2309,2,181900,49700,67500,28700,4200
2310,2,189300,49500,62800,28500,4300
2311,2,186700,49600,63300,28400,4300
2312,2,227300,54500,63900,29000,4300
2313,2,205500,49700,63500,28700,4400
2314,2,205700,49700,63200,28800,4300
2315,2,191600,49600,68500,28600,4400
2316,2,209200,49800,62400,29200,3200
2317,2,192600,49700,67600,28700,4300
2318,2,179700,48100,63100,28300,4300
2319,2,215600,55200,66200,29700,4300
2320,2,196000,56100,63300,28600,4300
2321,2,234100,54600,63700,29000,56000
2322,2,239500,50600,68400,28800,61800
2323,2,196200,50700,64900,28700,20900
2324,2,177400,49100,64500,28600,4400
2325,2,182200,49400,63900,28600,4300
2326,2,205700,49400,67600,28500,4300
2327,2,177900,49500,67700,28300,4200
2328,2,186800,49700,63600,28500,4300
2329,2,183700,49500,67800,28400,4200
2330,2,193000,49600,63200,28600,4300
2331,2,216400,49600,63500,31100,4300
2332,2,193900,49500,65100,28800,4300
2333,2,189100,49700,61300,28700,4400
2334,2,183700,49300,60600,28600,4300
2335,2,187000,49500,67900,28300,4300
2336,2,185700,49600,67600,28500,4200
2337,2,189600,54400,63800,28600,3100
2338,2,217600,49900,61300,28900,4200
2339,2,210200,49900,63500,28700,4200
2340,2,197600,49700,66100,29500,4400
2341,2,186400,50100,67700,28600,4300
2342,2,182200,49500,67400,28400,4300
2343,2,217200,49800,62400,29800,4400
2344,2,200800,49700,63300,28900,4300
2345,2,188500,49300,63000,28400,4300
2346,2,216700,49500,68000,28500,4200
2347,2,185900,49600,63700,28500,4500
2348,2,177700,49100,63300,28200,4300
2349,2,178200,49400,62500,28100,4100
2350,2,203800,49400,63300,28600,4200
2351,2,186400,49300,63000,28300,4300
2352,2,180500,48900,63400,28100,4300
2353,2,182500,49100,63100,28100,4300
2354,2,180300,49600,63200,28400,4200
2355,2,221700,49800,63500,31300,4300
2356,2,221400,50200,65700,29200,4400
2357,2,180500,49400,63100,28400,4400
2358,2,180500,49500,61200,28500,4300
2359,2,212900,49700,68400,28900,4300
2360,2,202800,49700,64700,29000,4300
2361,2,219000,49600,69100,28800,4100
2362,2,201900,49800,59000,28400,4400
2363,2,180900,50000,67800,28500,4200
2364,2,186500,49500,62700,28000,4100
2365,2,181000,49800,67400,28200,4200
2366,2,178300,49600,67300,28000,4300
2367,2,172000,49400,62100,29100,4200
2368,2,178500,49700,63900,28200,4400
2369,2,181800,49300,63500,28300,4300
2370,2,182700,49700,60600,28500,4300
2371,2,185200,49700,63200,28500,4300
2372,2,184400,49700,64200,28600,4200
2373,2,187500,54100,63200,28400,4200
2374,2,256100,49700,76000,37200,4200
2375,2,224900,51900,77000,36400,4300
2376,2,262700,60800,65800,30700,5400
2377,2,194400,52400,66100,28700,4400
2378,2,186300,51000,68100,28700,4200
2379,2,198000,48700,60700,29800,3200
2380,2,189500,50900,63900,28600,4300
2381,2,185900,56700,66100,28300,4400
2382,2,231900,54400,63800,28600,57500
2383,2,241900,51700,68700,29000,62300
2384,2,193200,50700,64000,28700,20500
2385,2,186900,54700,64600,28300,4400
2386,2,197700,49400,59100,28600,4300
2387,2,178500,50300,68700,28200,4200
2388,2,174000,50100,64400,28000,3200
2389,2,183700,56100,65500,28200,4100
2390,2,194600,56900,66600,28300,4100
2391,2,226800,52500,66200,29700,4400
2392,2,206900,57100,66400,28400,4500
2393,2,198100,52800,70100,28500,4300
2394,2,191900,52400,65200,28600,4300
2395,2,196600,52300,70700,28800,4200
2396,2,184700,50500,62100,28900,4400
2397,2,192600,53700,63900,28300,4300
2398,2,207600,51200,59800,28700,4400
2399,2,246000,53600,71200,30100,4800
2400,2,216100,50300,64100,29200,4500
2401,2,195400,50200,63700,28700,4300
2402,2,189400,49800,63900,28500,4300
2403,2,186500,49700,67600,31300,4200
2404,2,186800,49900,68000,28600,4300
2405,2,232300,50100,67800,28800,4300
2406,2,242100,49800,63800,29000,4400
2407,2,187300,49800,68400,28200,4300
2408,2,181100,49400,68300,28700,4200
2409,2,182200,53800,64000,28300,4200
2410,2,202500,50000,62900,28400,4300
2411,2,177300,49600,62400,28300,4200
2412,2,177300,50500,59300,28600,4200
2413,2,175100,49400,62800,28200,4200
2414,2,182100,49600,67900,28400,4200
2415,2,189800,49300,71400,29900,4400
2416,2,188700,49800,68100,28800,4400
2417,2,184500,49700,63300,28500,4200
2418,2,186600,49800,63500,28700,4300
2419,2,210100,49600,63500,28600,4400
2420,2,201700,54700,63500,28700,4300
2421,2,216800,50100,67900,28500,4300
2422,2,202900,49800,59700,28700,3200
2423,2,182300,49600,63500,28400,4200
2424,2,182500,49900,63200,28400,4400
2425,2,178700,49400,63300,28500,4200
2426,2,185500,49600,67400,28600,4200
2427,2,179000,49800,62100,29400,4300
2428,2,177400,49800,63000,28600,4300
2429,2,187500,54400,63800,28200,4300
2430,2,204000,51400,68900,28800,4300
2431,2,188100,49500,60700,28800,3200
2432,2,197200,49900,65500,29100,5300
2433,2,188500,49800,63500,28600,4400
2434,2,215600,49700,64300,29800,4200
2435,2,192400,49600,64700,28500,4300
2436,2,250300,49900,61800,29100,4300
2437,2,214800,49900,69000,29000,4300
2438,2,185500,50700,64600,28400,4300
2439,2,229100,50600,62800,30400,4400
2440,2,233600,48800,66100,29200,4300
2441,2,222300,50700,68900,28800,4400
2442,2,180900,56700,62900,28400,4300
2443,2,238300,59700,64500,29100,57400
2444,2,241100,51700,68300,29000,62900
2445,2,198400,50900,63900,28800,20600
2446,2,206200,49600,67700,28700,4400
2447,2,171200,49400,62900,27900,4300
2448,2,177200,49800,67300,28200,4100
2449,2,176500,49100,68000,28100,4100
2450,2,183400,49400,67500,28200,4200
2451,2,229800,50800,73800,37400,4300
2452,2,215800,52700,72100,30500,5000
2453,2,195200,54700,64000,28700,4400
2454,2,194700,51800,69100,28900,4300
2455,2,184400,49800,63400,28300,4400
2456,2,194000,55200,63800,29000,4300
2457,2,191100,54200,63400,28400,4300
2458,2,212500,50000,63100,28400,4400
2459,2,213100,54200,63900,28600,4300
2460,2,193100,49800,60500,28600,4400
2461,2,180600,50400,63200,28500,4300
2462,2,174000,49400,63000,28100,4400
2463,2,178800,49700,63600,29300,4100
2464,2,181400,49500,67700,28700,4200
2465,2,191900,49500,63000,28200,4300
2466,2,216800,49800,67900,28600,4300
2467,2,222000,50800,63600,28700,4400
2468,2,202900,50300,68700,29100,4300
2469,2,173500,49500,63000,28100,4200
2470,2,209800,53800,63200,28100,4200
2471,2,176000,49700,63200,28200,4200
2472,2,182400,49600,67900,28800,4300
2473,2,171600,49300,62300,27900,4200
2474,2,179900,49800,67300,28100,4200
2475,2,183900,49800,68300,29700,4300
2476,2,185000,53800,63500,28700,4300
2477,2,184800,49700,67300,28400,4300
2478,2,179900,49500,59300,28700,4200
2479,2,212400,49900,68100,28500,4400
2480,2,198300,50100,67600,28800,4200
2481,2,209800,49600,67400,28300,4200
2482,2,198400,49600,63100,28400,4300
2483,2,173400,49300,63000,27800,4300
2484,2,181300,49300,63300,28400,4200
2485,2,184600,49200,63200,28400,4200
2486,2,178700,49900,59500,28700,4300
2487,2,187900,49900,66100,30000,4200
2488,2,190400,49900,67900,28600,4400
2489,2,187800,49900,63400,28600,4400
2490,2,193500,49700,67600,28400,4200
2491,2,194300,49800,67700,28800,4400
2492,2,193700,50100,67600,28700,4300
2493,2,191100,49300,67900,28700,4400
2494,2,214600,56500,63100,28500,4300
2495,2,194800,51300,65500,28800,4300
2496,2,214700,50100,65400,29200,4200
2497,2,189800,49900,64900,28700,4100
2498,2,226200,51200,65100,28900,4200
2499,2,226900,50300,61700,32300,4300
2500,2,195000,50000,68000,28800,4200
2501,2,175700,48200,63100,28200,4300
2502,2,180400,50400,66400,28200,4300
2503,2,184000,57000,63000,28200,4300
2504,2,239500,54600,68000,29200,57400
2505,2,260800,70900,63500,29000,61600
2506,2,225900,55400,63000,28600,20800
2507,2,178700,54100,63300,28200,4400
2508,2,181000,54100,63400,28500,4300
2509,2,178500,49400,67500,28200,4300
2510,2,187100,49800,67700,28500,4400
2511,2,212700,50300,62200,29800,4400
2512,2,195600,49600,65600,29000,4300
2513,2,179300,49500,63300,28500,4400
2514,2,191700,49400,67600,28500,4100
2515,2,191200,49600,63300,28400,4400
2516,2,195600,50100,67800,28700,4400
2517,2,194500,50000,63300,28500,4400
2518,2,212700,49900,63500,28700,4300
2519,2,221500,50000,68200,28600,4200
2520,2,215400,54500,66100,29400,4200
2521,2,183500,49700,63400,28500,4200
2522,2,184000,49200,67600,28300,4200
2523,2,185700,49800,66600,30000,4300
2524,2,182200,49100,63400,28500,4300
2525,2,231800,49700,63200,28500,4400
2526,2,252100,49800,67700,28800,4300
2527,2,186400,49300,68100,28300,4400
2528,2,181000,49700,67300,28200,4300
2529,2,219200,49800,68000,28500,3400
2530,2,252300,53100,66200,29300,4300
2531,2,178200,49400,63800,28300,3200
2532,2,181700,49600,67700,28500,4200
2533,2,172600,49500,62800,27800,4200
2534,2,171700,49500,58700,28200,4100
2535,2,180200,49200,66900,29800,3200
2536,2,185500,54300,63900,28600,3200
2537,2,181300,49400,63100,28300,4300
2538,2,183400,50000,62600,28400,4400
2539,2,206800,49800,62900,28200,4300
2540,2,198100,49700,68200,28600,4300
2541,2,204700,49400,60200,28700,4200
2542,2,197600,49400,62800,28300,4300
2543,2,173200,49500,67100,27800,4100
2544,2,167400,49500,60700,28400,4100
2545,2,175900,54500,63500,28300,3100
2546,2,180600,49600,67900,28200,4300
2547,2,185500,51200,67000,30400,4200
2548,2,183300,49400,68800,28400,4300
2549,2,186700,49600,67200,28300,4300
2550,2,191800,49300,67900,28600,4200
2551,2,195700,50300,67700,28500,4400
2552,2,187500,49400,63600,28700,4300
2553,2,187700,49600,67500,28600,4200
2554,2,202500,49500,63400,28400,4300
2555,2,185700,49100,67700,28600,4400
2556,2,229100,54300,79700,44100,3300
2557,2,188200,49800,67600,28300,4400
2558,2,179100,49500,63000,28200,4200
2559,2,208300,49400,66900,29800,4200
2560,2,232200,49600,66500,29600,4300
2561,2,200700,49600,59800,28900,4200
2562,2,171500,47900,62800,28200,4100
2563,2,174900,50600,63600,28100,4100
2564,2,181200,56500,63000,28600,4100
2565,2,234900,54100,63500,29100,56800
2566,2,261500,51200,65600,29000,62300
2567,2,193400,55200,64000,28900,19400
2568,2,180300,54200,63500,28600,4300
2569,2,177500,49400,63500,28400,4300
2570,2,191000,49500,67600,28600,4300
2571,2,214600,50100,63100,30900,4400
2572,2,197300,49700,63400,28600,4300
2573,2,181400,49600,63500,28700,4300
2574,2,183200,49400,67500,28400,4200
2575,2,177000,49300,60400,28600,4300
2576,2,179100,49100,63000,28200,4300
2577,2,193000,49800,68800,28700,4200
2578,2,211300,49500,63900,28700,4200
2579,2,217900,49700,64800,28800,4400
2580,2,197200,49500,61600,29300,4500
2581,2,188500,50000,67700,28500,4200
2582,2,185100,49600,67500,28500,4300
2583,2,182400,49800,64100,29800,4200
2584,2,193300,49700,68300,28600,4200
2585,2,186800,49700,63700,28800,4400
2586,2,210200,49700,63600,28500,4400
2587,2,190900,49900,68200,28800,4400
2588,2,181100,49700,67300,28700,4300
2589,2,178300,49600,62900,28400,4300
2590,2,209200,54400,63900,28600,4400
2591,2,214900,49500,59800,28700,4300
2592,2,210300,50400,69000,28900,4300
2593,2,182400,50200,68300,28400,4500
2594,2,184000,50500,67800,28100,4300
2595,2,183400,50100,64600,32200,4300
2596,2,186100,50100,64000,28500,4600
2597,2,188300,50100,67700,28400,4400
2598,2,185800,50100,63500,28600,4400
2599,2,213600,50300,68100,28700,4300
2600,2,193500,49600,59900,28800,4400
2601,2,218400,50500,68800,28600,4300
2602,2,212900,50200,68200,28400,4200
2603,2,188300,55300,64400,28500,3900
2604,2,188000,49900,74000,36000,4300
2605,2,184000,49900,68500,28200,4200
2606,2,174500,49700,63000,27800,4300
2607,2,192200,50300,77900,44000,4100
2608,2,186500,51000,67800,28400,3200
2609,2,232600,60700,72300,30200,4800
2610,2,283800,55400,63500,30300,4800
2611,2,258200,53000,63500,30100,4700
2612,2,216800,55800,65600,30500,5000
2613,2,213900,52300,66700,30600,4900
2614,2,209800,49700,59900,29000,4500
2615,2,191100,49700,68400,28600,4200
2616,2,220500,49800,68800,28800,3300
2617,2,191100,51000,67900,28700,4300
2618,2,185400,49700,63500,28400,4300
2619,2,203600,49300,61300,29800,4300
2620,2,194100,51300,64900,28700,4400
2621,2,187300,54200,65200,28700,4400
2622,2,240300,53600,68100,29200,4300
2623,2,221400,51800,63400,30400,5000
2624,2,185000,52700,64900,28700,3800
2625,2,189300,56700,63000,28700,4300
2626,2,265000,54700,68400,29200,57400
2627,2,238400,51200,68600,28800,62700
2628,2,187600,50400,59700,28800,20500
2629,2,177200,49600,67200,28100,4100
2630,2,180000,49300,63500,28400,4300
2631,2,210100,50100,62900,29700,4000
2632,2,180000,49100,59500,28400,4300
2633,2,177900,49400,63300,28400,4300
2634,2,178500,50000,64100,28300,4000
2635,2,181300,49500,68500,28500,4100
2636,2,180700,49600,67100,28400,4300
2637,2,179800,49600,63400,28600,4200
2638,2,206500,49900,63000,28400,4200
2639,2,209300,49500,63700,28700,4300
2640,2,223700,57700,66500,30600,4900
2641,2,188900,50500,63700,29000,4500
2642,2,178400,49400,62900,28400,4300
2643,2,185300,49600,67400,31600,4200
2644,2,183900,49800,64000,28700,4200
2645,2,185900,49500,63500,28400,4200
2646,2,217700,49700,68100,28500,4100
2647,2,188200,49800,68000,28500,4300
2648,2,177600,49300,62700,28200,4200
2649,2,188100,53900,63500,28400,3200
2650,2,208900,49900,68300,28700,4200
2651,2,180000,49400,63500,28400,4200
2652,2,179900,49800,60600,28500,4200
2653,2,217500,49900,63500,28900,4400
2654,2,208700,49800,66400,29000,4500
2655,2,189300,50200,63200,30200,4200
2656,2,191600,49400,68000,28600,4500
2657,2,194500,49600,68400,28500,4300
2658,2,197700,49500,65300,28600,4300
2659,2,212400,49700,65300,28800,4400
2660,2,196400,49800,63200,28500,4400
2661,2,214100,49500,67400,28500,4300
2662,2,204300,49700,64800,28400,3200
2663,2,191500,52400,63400,30300,5000
2664,2,178400,49500,64600,28700,4300
2665,2,172600,50100,62900,28000,3100
2666,2,177400,54100,63300,27900,4200
2667,2,175100,53700,61800,29300,4100
2668,2,174900,49400,63400,28100,4100
2669,2,192800,49900,67300,28400,4300
2670,2,190000,49600,61200,28600,4200
2671,2,199500,49500,69600,28700,4300
2672,2,190100,49600,61100,28800,4400
2673,2,189200,49500,63600,28700,4300
2674,2,212300,49300,63100,28600,4300
2675,2,199800,49200,67900,28600,4200
2676,2,212600,49600,60500,28600,4300
2677,2,192100,49600,68000,28600,4500
2678,2,184400,49800,63200,28400,4500
2679,2,216800,49900,63100,29800,3400
2680,2,200400,49900,65500,28900,4300
2681,2,186600,49700,68000,28500,4200
2682,2,187400,49500,67400,28400,4100
2683,2,189100,49700,67100,28500,4300
2684,2,234900,52000,72800,28700,3400
2685,2,240500,54500,69100,30500,4900
2686,2,252500,59500,72900,30400,5000
2687,2,266300,60700,65400,30600,58700
2688,2,288500,61700,77500,30800,77300
2689,2,207800,51900,62700,29300,21400
2690,2,190300,50200,63000,28700,4300
2691,2,222700,54700,65000,32600,3100
2692,2,192400,49800,64500,29000,4300
2693,2,183000,49900,63100,28400,4400
2694,2,182600,49700,63600,28500,4300
2695,2,225100,50000,67700,28900,4300
2696,2,220800,50400,67700,28800,4300
2697,2,185200,49300,67900,28300,4300
2698,2,203500,49600,62600,28400,4300
2699,2,210900,49700,62900,28600,4400
2700,2,194100,49800,63600,28600,4300
2701,2,181100,49500,63500,28400,4200
2702,2,182500,53900,63900,28100,3100
2703,2,180500,49200,63200,30000,4300
2704,2,205200,56400,63800,30300,5100
2705,2,205900,51100,69500,29300,4800
2706,2,238700,53400,63800,30100,4800
2707,2,209300,52100,67700,30300,5100
2708,2,181200,50200,63900,29200,4400
2709,2,177000,50900,58900,28400,4200
2710,2,200900,49700,59000,28400,4200
2711,2,185400,54500,64200,28200,3200
2712,2,199200,54600,64400,28600,4200
2713,2,180400,49600,67900,28800,4300
2714,2,181700,49700,63600,28500,4300
2715,2,227000,50100,66900,30200,4300
2716,2,210400,49800,68300,28900,4400
2717,2,188000,49600,68200,28600,4300
2718,2,190900,50600,68600,28700,4500
2719,2,212300,49900,67400,28600,4300
2720,2,194300,49400,63400,28600,4300
2721,2,214700,49800,64900,28300,4400
2722,2,200600,49500,63300,28400,4300
2723,2,173700,49600,67200,27700,4200
2724,2,174100,49400,67600,27900,4100
2725,2,174600,48400,62800,27700,4000
2726,2,172600,49300,67400,27800,3100
2727,2,168900,48800,62400,29100,4100
2728,2,176100,49700,67700,28100,4100
2729,2,181400,49600,67600,28000,4200
2730,2,185900,49400,67700,28400,4200
2731,2,189900,50000,63000,28200,3100
2732,2,192300,49800,67700,28900,4300
2733,2,191600,49900,67600,28500,4200
2734,2,213700,49900,67700,28500,4300
2735,2,190300,49800,67300,28500,4300
2736,2,210000,49400,60700,28800,4300
2737,2,189700,49700,65000,28900,4300
2738,2,186400,49200,65900,28700,4200
2739,2,210200,49300,63400,31000,4300
2740,2,200200,49900,63500,28900,4400
2741,2,188000,49700,67300,28500,4300
2742,2,185600,49500,63000,28700,4400
2743,2,180100,49200,63000,28300,4300
2744,2,182000,49300,63100,28500,4200
2745,2,183700,48400,62600,28400,4300
2746,2,250700,51400,67400,28800,4400
2747,2,239300,60100,72200,30300,5200
2748,2,241000,55200,64300,29300,57000
2749,2,237700,51400,65500,29200,61900
2750,2,203000,50800,66000,29000,20600
2751,2,220200,51000,66900,30000,4300
2752,2,196400,54400,66300,28500,4200
2753,2,187500,50200,68400,28700,4300
2754,2,182800,50400,66000,28300,4100
2755,2,174500,49300,59400,28500,4300
2756,2,182800,49500,67700,28400,4200
2757,2,187600,53900,63600,28500,4200
2758,2,211900,49500,63500,28900,4200
2759,2,205800,49700,63500,28700,4300
2760,2,197400,49700,67700,28800,4100
2761,2,182000,49700,67400,28300,4100
2762,2,180300,49800,67600,28300,4300
2763,2,192600,54300,68600,29700,4200
2764,2,203300,52200,61800,29300,10000
2765,2,193800,49600,68300,28400,4400
2766,2,221600,50000,67900,28800,3200
2767,2,187100,49500,63400,28500,4300
2768,2,181900,49700,63300,28300,4300
2769,2,179400,49600,63200,28300,4400
2770,2,204300,49600,61100,28700,4200
2771,2,187000,49500,63300,28600,4300
2772,2,185400,48900,61300,28500,4400
2773,2,190600,49300,70800,38000,4300
2774,2,185100,49400,63300,28500,4100
2775,2,194900,54200,64300,29700,4300
2776,2,195000,50500,67600,28800,4300
2777,2,235600,49400,65500,28700,4200
2778,2,215600,50000,67800,28800,4300
2779,2,218200,54800,63800,28800,4200
2780,2,237000,50100,63700,28800,4400
2781,2,242600,49400,60400,28900,4200
2782,2,207300,50300,67800,28500,4300
2783,2,170000,49200,63000,28000,4100
2784,2,168700,49000,62500,27900,4200
2785,2,174000,49400,67400,27900,4200
2786,2,169000,49200,62900,27800,4200
2787,2,172100,48900,66600,30500,4100
2788,2,178600,50000,70600,28400,4100
2789,2,186000,51400,70800,34700,4200
2790,2,180900,49500,63300,28500,4200
2791,2,182300,49400,63000,28400,4300
2792,2,179600,49200,63000,28500,4300
2793,2,180200,49400,63300,28600,4300
2794,2,199600,49300,63200,28600,4200
2795,2,189600,49800,67900,28400,4200
2796,2,213500,49400,67600,28700,4300
2797,2,192100,49700,68600,28800,4300
2798,2,187100,54200,63200,28500,4300
2799,2,207400,49500,62900,29800,4400
2800,2,190400,49800,63200,28400,4200
2801,2,182700,54700,63200,28100,4400
2802,2,177000,49500,63300,28100,4200
2803,2,191600,50700,68400,28500,10000
2804,2,184100,49400,68700,28600,4300
2805,2,184800,49300,67800,28500,4300
2806,2,200000,48500,62800,28400,4200
2807,2,178100,50900,63900,28500,4200
2808,2,225200,56600,63400,28700,4200
2809,2,252400,54400,63000,28800,56100
2810,2,242300,51200,66300,28900,62500
2811,2,230200,55700,63900,31000,19400
2812,2,178600,49300,58500,28500,4200
2813,2,176000,49500,63900,28400,3200
2814,2,181200,49300,68000,28300,4100
2815,2,180400,49300,67600,28400,4200
2816,2,179900,49100,67600,28400,4300
2817,2,177500,49200,63000,28200,4300
2818,2,199800,49400,64000,28600,4300
2819,2,206500,54400,63500,28300,4300
2820,2,193900,49500,68100,28700,4200
2821,2,174600,49300,63400,28100,4200
2822,2,175800,49500,67800,28400,4200
2823,2,173300,49400,61200,29300,4100
2824,2,180900,49300,63900,28500,4300
2825,2,195800,49700,67800,28700,4300
2826,2,216200,49500,63200,28800,4300
2827,2,191900,49700,63400,28800,4300
2828,2,181000,49500,61200,28900,4200
2829,2,187100,49500,68300,28600,4300
2830,2,203800,49500,60800,29000,4300
2831,2,191300,52000,67900,28500,4300
2832,2,189700,53400,64700,28700,4000
2833,2,185100,49700,67700,28800,4300
2834,2,185100,49600,67700,28300,4300
2835,2,188900,49900,67500,31600,4200
2836,2,187100,50100,65100,28600,4200
2837,2,189900,49600,67700,28700,4500
2838,2,195400,54400,63500,28600,4300
2839,2,253600,49900,67900,28900,4400
2840,2,225000,49700,60900,28900,4400
2841,2,230900,54400,64200,29100,4300
2842,2,270500,78100,73900,30900,5000
2843,2,197000,53800,63000,30200,4600
2844,2,182100,50100,68100,28600,4300
2845,2,173400,49500,63400,28100,4200
2846,2,176800,49500,67600,27900,4200
2847,2,171800,48900,63000,29600,3200
2848,2,174400,49800,63300,28200,4300
2849,2,184600,49400,68100,28500,4200
2850,2,185900,49200,63600,28600,4400
2851,2,188700,49800,63100,28500,4300
2852,2,182000,49500,61200,29000,4200
2853,2,186800,49900,67900,28700,4400
2854,2,203300,49300,60600,28600,4200
2855,2,188200,49800,67700,28500,4300
2856,2,238500,50200,71200,29200,4300
2857,2,203600,51400,63400,28600,4000
2858,2,190700,49400,63700,28600,4200
2859,2,223000,53000,67400,30200,4300
2860,2,202300,50400,61900,29100,4300
2861,2,191000,53900,63800,28600,4200
2862,2,177900,49200,59400,28300,4400
2863,2,179700,49700,63200,28200,4300
2864,2,187700,54200,63700,28600,4000
2865,2,230100,50300,68000,28800,4400
2866,2,255000,49800,64100,28900,4300
2867,2,176500,47800,66000,28400,4200
2868,2,185800,55400,66500,28300,4200
2869,2,185900,57600,63500,28400,4200
2870,2,284000,54500,63700,29300,60700
2871,2,299700,51300,67200,30200,63600
2872,2,210100,52500,65600,29200,20900
2873,2,189600,50000,67600,28200,4300
2874,2,181800,49800,67100,28400,4200
2875,2,176900,49100,58700,28200,4200
2876,2,178700,49400,66000,32800,4100
2877,2,178400,49900,62800,28200,4100
2878,2,199700,49400,60900,28600,4300
2879,2,202000,49400,63100,28300,4200
2880,2,194600,49400,68200,28700,4100
2881,2,174000,49600,62500,27900,4300
2882,2,173500,53600,63500,28000,3100
2883,2,174100,49000,63700,31300,4200
2884,2,178400,54100,63400,28200,4000
2885,2,173700,49000,59000,28400,4200
2886,2,206600,48800,61200,28500,4200
2887,2,188300,49900,67300,28500,4300
2888,2,189300,49600,67400,28000,4200
2889,2,183000,54300,63400,28400,3100
2890,2,204300,49700,63400,28800,4200
2891,2,187100,49500,67700,28300,4200
2892,2,187800,53900,63100,28300,4400
2893,2,177200,49600,63400,28200,4300
2894,2,179500,49200,63800,28300,4200
2895,2,183700,49500,62800,29600,4200
2896,2,183300,49300,63400,28900,4300
2897,2,188800,49600,65100,28800,4300
2898,2,191100,54100,63500,28500,4200
2899,2,209200,49700,63200,28500,4200
2900,2,197300,49400,63300,28900,4300
2901,2,265600,49600,80700,44400,4200
2902,2,222100,49600,61500,28800,4400
2903,2,175900,49500,63300,27900,3000
2904,2,181600,49100,72700,27900,4100
2905,2,171200,49800,63300,28000,4400
2906,2,179800,49100,66800,27700,4300
2907,2,170500,49300,64100,29100,4200
2908,2,173400,49100,63300,27900,4100
2909,2,184900,49300,67800,28400,4300
2910,2,193700,49900,67600,28600,4300
2911,2,188300,49400,63000,28400,4300
2912,2,193100,49700,67900,28700,4300
2913,2,184300,49400,63500,28500,4300
2914,2,201900,49600,63400,28600,4300
2915,2,187900,49700,69900,28400,4200
2916,2,214200,51300,63700,28700,3300
2917,2,219300,54700,73100,30400,5000
2918,2,207100,50800,75100,41400,4300
2919,2,217500,49900,68300,30100,4400
2920,2,203400,50100,65800,28900,4300
2921,2,185900,49900,63600,28500,4200
2922,2,180900,49700,60800,28500,4300
2923,2,180000,49500,59300,28500,4300
2924,2,181400,49500,63100,28500,4300
2925,2,184700,49700,63100,28300,4200
2926,2,219300,51200,72000,28700,4300
2927,2,182200,49500,68000,28300,4200
2928,2,181900,48500,65500,28700,4400
2929,2,181500,51500,64900,28400,4400
2930,2,198800,56800,66400,28600,4300
2931,2,303000,59100,88100,59600,56300
2932,2,289400,51300,63000,29400,63000
2933,2,227200,50800,68500,29100,20600
2934,2,186400,49800,68700,28600,4300
2935,2,183600,49800,68000,29000,4100
2936,2,188100,53900,63700,28800,4300
2937,2,181800,49300,64000,28400,4400
2938,2,206000,49500,63600,28700,4400
2939,2,209200,50100,67700,28700,4300
2940,2,193100,49500,63500,28700,4200
2941,2,185900,49300,67700,28600,4200
2942,2,176500,49200,60600,28400,4400
2943,2,190100,53700,63300,29900,3100
2944,2,186800,49500,63700,28900,4200
2945,2,187200,49500,63400,28600,4400
2946,2,214400,53900,63900,28500,4300
2947,2,189400,49200,65100,28600,4300
2948,2,182100,49700,67300,28500,4200
2949,2,189300,49400,63600,28600,4200
2950,2,249800,49600,65800,29000,4200
2951,2,222900,49700,65300,28700,4200
2952,2,181100,49500,61300,28800,3400
2953,2,183500,49700,67400,28400,4300
2954,2,187600,54100,63800,28300,4200
2955,2,186700,49800,66300,29800,4200
2956,2,189000,54100,64100,28800,4300
2957,2,192500,50700,69000,28800,4200
2958,2,192200,50300,68200,28800,4300
2959,2,223300,50000,68200,29000,4300
2960,2,196100,49500,63500,28800,4300
2961,2,214000,54600,63100,28600,4300
2962,2,209200,49600,68000,28800,4300
2963,2,209700,49900,60900,28700,4500
2964,2,197900,49700,67700,28500,4200
2965,2,175200,49600,67500,28000,4200
2966,2,173400,49600,66800,27700,4100
2967,2,171700,49300,64800,29000,4200
2968,2,173600,49400,63100,28200,4100
2969,2,175400,49300,63400,28200,4400
2970,2,184500,49300,63100,28300,4200
2971,2,187100,49700,67700,28500,4300
2972,2,185500,49700,67800,28600,4300
2973,2,184900,49400,67800,28300,4200
2974,2,199200,49400,65100,28600,4400
2975,2,173400,49400,58600,28400,4200
2976,2,204800,50000,63500,28800,4200
2977,2,185000,53900,63500,28200,4200
2978,2,175800,49100,63200,28200,4200
2979,2,205000,49500,67200,31000,4200
2980,2,195700,49600,67600,28600,4200
2981,2,185800,54200,63800,28300,4200
2982,2,189600,49300,73400,40600,4100
2983,2,190200,59600,63600,28400,4400
2984,2,185400,49600,68000,28600,4300
2985,2,184900,49500,63600,28400,4200
2986,2,207500,54300,63600,28500,4400
2987,2,180400,49400,69100,28400,4300
2988,2,188500,51200,72200,30000,4300
2989,2,174500,47900,64200,28400,4300
2990,2,185900,50800,64400,28600,4200
2991,2,218000,56700,64600,29900,4500
2992,2,251700,54000,70900,29100,56100
2993,2,316000,72700,75400,45200,83700
2994,2,252600,51000,64300,28800,21600
2995,2,214900,50700,64200,29100,4300
2996,2,189500,49800,68400,28700,4400
2997,2,194700,50100,69000,28700,4300
2998,2,215100,50000,68700,28700,4300
2999,2,213400,51100,68500,31400,4400
3000,2,196200,49800,60000,28800,4500
3001,2,176800,49400,64600,28300,3400
3002,2,180000,50200,68100,28400,4300
3003,2,179000,49600,64400,29600,4200
3004,2,181500,50000,67900,28200,4300
3005,2,183300,49800,63300,28200,4300
3006,2,213600,54700,64000,28300,3200
3007,2,181900,50100,63400,28200,4200
3008,2,181700,50200,68400,28700,4200
3009,2,181400,50100,68200,28200,4200
3010,2,209400,54300,63800,28300,4300
3011,2,184800,50300,63300,28200,4300
3012,2,186500,49400,63400,28400,3200
3013,2,187100,49700,63400,28200,4300
3014,2,190300,49300,67900,28600,4200
3015,2,188900,49800,62600,29700,4300
3016,2,200300,49900,65300,29000,4400
3017,2,193900,50000,68000,28900,4300
3018,2,195200,54400,63900,28300,4300
3019,2,214000,49700,63400,28500,4300
3020,2,203600,50000,68000,28800,4300
3021,2,211300,49200,59400,28500,4200
3022,2,209200,49700,68000,28800,4200
3023,2,179900,49700,67900,28300,4300
3024,2,176100,49300,63000,28300,4400
3025,2,214300,49500,63500,28300,4400
3026,2,205800,49900,68000,28700,4400
3027,2,183400,49800,67700,31600,4300
3028,2,176900,49400,63200,28100,4200
3029,2,187500,49900,67700,28700,4400
3030,2,189100,49400,63000,28600,4200
3031,2,192500,49700,69100,28900,4400
3032,2,187600,50000,63000,28600,4200
3033,2,183700,49500,63700,28400,4300
3034,2,207000,49900,64100,28400,4400
3035,2,221700,49800,63600,28800,4200
3036,2,262200,49600,62000,29000,4400
3037,2,180800,49700,63100,28200,4300
3038,2,179000,53800,62900,28100,3300
3039,2,200400,49300,62200,29900,4200
3040,2,187300,49600,63100,28500,4200
3041,2,175600,49500,62900,28100,4300
3042,2,184600,50900,68500,32000,4200
3043,2,192700,50300,74500,42600,4200
3044,2,180400,49300,62900,28300,4300
3045,2,189700,50000,67700,28500,4600
3046,2,211000,49400,68000,28500,4400
3047,2,178800,49500,63300,28300,4200
3048,2,181200,49500,67300,28200,4100
3049,2,180600,49300,68100,28200,4300
3050,2,181600,48100,62900,28300,4200
3051,2,224400,51300,74900,41500,4300
3052,2,198200,56900,66300,28400,4400
3053,2,242100,54200,68100,28900,57200
3054,2,241900,56600,59500,28900,62200
3055,2,199300,50700,64300,28700,20800
3056,2,224800,49600,62900,29000,4300
3057,2,210900,50000,63300,28500,4300
3058,2,206100,49600,68400,28400,4400
3059,2,201700,49300,63200,28300,4300
3060,2,194500,49300,67900,28700,4300
3061,2,181200,49200,67900,28300,4200
3062,2,170300,49200,62600,27900,4200
3063,2,171700,49400,61300,29400,4100
3064,2,176000,49300,63000,28100,4200
3065,2,183300,53800,63800,28600,4200
3066,2,209400,49800,67300,28400,4200
3067,2,177800,49400,63300,28500,4100
3068,2,175900,49500,67400,28100,4200
3069,2,177000,54100,63200,27900,4200
3070,2,224500,54200,78700,40700,4100
3071,2,184700,52000,64600,28700,4400
3072,2,230500,67700,65300,30900,4900
3073,2,190800,51000,64100,28700,4700
3074,2,187800,50500,63700,28400,4200
3075,2,241300,50100,114600,105900,4300
3076,2,196800,50300,68900,29000,4300
3077,2,195700,50400,67600,28500,4200
3078,2,199300,50000,67700,28800,4500
3079,2,222300,50400,65800,28800,4400
3080,2,212800,49900,69200,28900,4200
3081,2,223800,54600,63700,29000,3300
3082,2,218800,50000,68200,28600,4200
3083,2,180400,50100,63800,28300,4300
3084,2,183100,49900,68700,28800,4400
3085,2,174200,49300,63400,28300,3200
3086,2,181000,49700,67100,28300,4300
3087,2,216300,50400,63700,30000,4400
3088,2,205900,49800,65000,29000,4400
3089,2,184800,49800,67500,28300,4300
3090,2,184200,49500,63100,28400,4300
3091,2,197700,49700,68300,28700,4300
3092,2,186500,49500,65400,28800,4400
3093,2,183800,49400,63500,28700,4300
3094,2,204200,49600,63600,28600,4100
3095,2,181500,49500,63500,28500,4400
3096,2,214300,49600,65000,28600,4400
3097,2,183500,49500,63400,28600,4300
3098,2,183900,49600,68000,28500,4200
3099,2,201700,50100,62100,29900,3200
3100,2,193100,50000,67500,28600,4200
3101,2,177000,49500,63100,28300,4300
3102,2,173000,49400,60500,28500,4400
3103,2,177200,49800,63100,28300,4200
3104,2,184400,49700,64800,28600,4200
3105,2,193000,54300,63500,28500,4300
3106,2,211700,49600,65200,28700,4200
3107,2,191000,49800,67300,28500,4200
3108,2,194700,49700,67500,28500,4300
3109,2,181400,49400,63400,28600,4400
3110,2,191200,49700,67900,28700,4200
3111,2,220900,48600,66500,30300,4300
3112,2,199300,50700,65000,29100,4200
3113,2,194900,57300,64100,28800,4200
3114,2,252400,54800,68100,29200,57700
3115,2,251500,51000,66700,29200,62400
3116,2,202600,50500,65800,29000,20800
3117,2,188900,49900,63400,28900,4400
3118,2,245200,49700,62000,29000,4400
3119,2,237100,50200,67000,28800,4300
3120,2,239400,49900,67600,28600,4300
3121,2,218300,49800,67200,28800,4400
3122,2,176100,49500,66700,28200,4400
3123,2,175300,49800,63700,29300,4100
3124,2,189600,49300,78300,43200,4300
3125,2,179500,49500,62900,28600,4100
3126,2,208100,49400,65100,28700,4200
3127,2,178200,49700,63200,28400,4400
3128,2,171400,50600,58800,28100,4000
3129,2,172600,49700,62900,28300,4000
3130,2,204300,49900,66800,28300,4200
3131,2,180000,50100,66500,28200,4400
3132,2,178300,49600,66800,28200,3200
3133,2,181900,49500,72500,28100,4200
3134,2,185600,56600,63200,28400,4200
3135,2,186200,49500,66200,29600,4200
3136,2,191200,49900,67500,28700,4200
3137,2,192900,50000,67400,28600,4400
3138,2,191300,53800,60800,28600,4200
3139,2,218300,50400,67600,28900,4300
3140,2,199700,49600,62900,28600,4300
3141,2,209200,50800,62500,28700,4400
3142,2,206600,49800,67300,28500,4200
3143,2,185000,49600,66200,28200,4100
3144,2,173000,49900,62800,28100,4200
3145,2,176100,48900,65100,36200,4100
3146,2,187000,53800,73700,28500,3300
3147,2,186100,51400,66400,29300,4300
3148,2,190200,60400,65600,28400,3300
3149,2,246400,53900,68100,30400,5000
3150,2,235300,54400,66400,30500,5000
3151,2,195000,52200,64100,28900,4400
3152,2,181300,50100,60700,28800,4400
3153,2,176800,49100,59500,28400,4200
3154,2,207300,49800,67000,28500,3300
3155,2,176100,50500,58700,28100,4200
3156,2,214300,49300,62900,28500,4300
3157,2,186500,50100,67700,28700,4300
3158,2,181300,49700,67100,28000,4200
3159,2,204800,49700,65600,29800,4200
3160,2,193200,49500,67500,28500,3300
3161,2,171400,49300,58700,28100,4200
3162,2,172200,49200,63300,28000,4100
3163,2,171000,48900,58800,28200,4400
3164,2,180000,49900,62800,28300,4100
3165,2,192900,49600,67600,28800,4200
3166,2,216100,53800,63400,28600,3200
3167,2,185600,49500,62300,28300,4300
3168,2,193600,49700,67100,28500,4200
3169,2,189600,52100,68400,28700,4300
3170,2,195800,50700,68600,29100,4300
3171,2,264000,53900,70600,32900,5000
3172,2,213700,51600,64500,30500,4900
3173,2,193100,51900,64400,28900,4400
3174,2,194200,57800,64000,28600,4400
3175,2,247700,54700,63800,28800,57700
3176,2,244000,51000,59200,28700,62200
3177,2,204600,50400,65000,28800,20700
3178,2,209000,49800,63000,28800,4400
3179,2,215900,51200,67300,28500,4400
3180,2,241000,50300,67600,29200,4300
3181,2,206900,50000,67000,28500,4300
3182,2,174600,50800,62500,28100,3200
3183,2,175600,49800,65500,29300,3100
3184,2,180100,53700,63700,28700,3100
3185,2,183800,49600,62800,28400,4300
3186,2,210400,49800,62900,28700,4300
3187,2,179900,49500,62600,28200,4200
3188,2,177900,49200,66600,28200,4200
3189,2,175200,49300,62900,27900,4200
3190,2,201700,49600,62500,28600,4400
3191,2,185700,49500,62800,28300,4500
3192,2,181400,49300,63100,28800,4200
3193,2,174700,49500,62800,28100,4200
3194,2,177100,49600,62600,28400,4200
3195,2,178400,49200,61200,29500,4300
3196,2,193600,50000,67800,29000,4200
3197,2,198700,49600,67300,28700,4400
3198,2,206500,49400,67200,28700,4300
3199,2,224400,49600,67600,28700,4300
3200,2,212500,54300,63600,28900,4400
3201,2,217100,49600,63200,28500,4200
3202,2,211600,49700,63500,28700,4200
3203,2,182800,49700,67500,28600,4200
3204,2,183200,49500,67500,28700,4100
3205,2,221700,49700,67400,28900,4500
3206,2,218000,50200,63300,28700,4300
3207,2,177400,49700,65500,29500,4300
3208,2,179300,49600,67500,28600,4200
3209,2,183000,49300,67300,28400,4200
3210,2,185700,49300,62600,28600,4300
3211,2,231900,52700,64700,28700,4300
3212,2,206500,50200,63000,28800,4300
3213,2,186100,49200,67500,28600,4300
3214,2,205600,49900,67000,28700,4400
3215,2,182600,49600,67000,28500,4300
3216,2,207200,49400,63100,28500,4500
3217,2,185900,49900,62900,28000,3100
3218,2,179100,49600,67300,28500,3100
3219,2,209800,49400,65800,30000,4200
3220,2,189200,51800,63000,28500,4100
3221,2,178300,49200,67300,28100,4300
3222,2,173400,49000,64500,28200,4300
3223,2,190300,56200,64100,28300,4300
3224,2,179200,50500,63500,28500,4200
3225,2,209500,56600,70400,30600,5000
3226,2,239400,56100,69100,31700,5000
3227,2,187000,52100,64500,28700,4700
3228,2,188200,55200,62900,28800,3100
3229,2,186300,50300,68000,28300,4000
3230,2,192800,54900,63900,28400,3100
3231,2,223000,49900,65300,29900,4100
3232,2,198000,50400,67900,28800,4200
3233,2,185800,48500,63000,28400,4300
3234,2,184800,51100,64200,28200,4300
3235,2,189500,57700,63400,28200,4300
3236,2,245900,55000,68100,29200,57400
3237,2,244000,51100,65900,29100,61600
3238,2,226900,50900,63400,29100,20500
3239,2,216800,49700,67600,28500,4300
3240,2,201700,50500,69300,29200,4300
3241,2,178200,49800,63200,28500,3100
3242,2,211300,49700,60600,28800,4200
3243,2,197700,50000,61600,29800,4400
3244,2,180500,54200,64200,28300,4100
3245,2,180400,49700,63200,28300,4100
3246,2,207500,49600,62900,28500,4200
3247,2,178100,49900,62400,28300,4200
3248,2,178100,49300,66800,28200,4100
3249,2,182200,49800,66800,28100,4300
3250,2,212500,49800,67200,28900,4400
3251,2,189000,50000,69200,28200,4200
3252,2,187900,50700,63200,28400,4300
3253,2,185300,52200,68600,28500,4300
3254,2,178400,49900,64400,28900,3300
3255,2,208700,53900,69900,31600,4800
3256,2,195100,50700,64800,28900,4400
3257,2,187600,49900,63700,28600,4300
3258,2,189600,49800,64300,28800,4400
3259,2,221000,50100,67500,28800,4200
3260,2,204000,49700,63500,28800,4400
3261,2,222600,50600,67900,28800,4300
3262,2,215800,54200,63600,28700,3300
3263,2,175100,49000,58700,28400,4300
3264,2,180700,50100,64100,28400,4200
3265,2,181100,50100,66900,28300,4200
3266,2,175500,49700,62600,28400,4200
3267,2,179200,49600,65200,29600,4200
3268,2,176900,49700,63400,28700,4300
3269,2,188400,49800,67600,28700,4100
3270,2,187900,49900,63200,28900,4100
3271,2,192600,49700,67400,28800,4200
3272,2,189100,49400,63200,29100,4300
3273,2,220800,49300,59200,28600,4300
3274,2,230500,49800,63600,29000,4300
3275,2,191800,49900,72200,42700,4300
3276,2,216800,49800,67700,28900,4200
3277,2,187000,49600,67100,28600,4300
3278,2,177900,49500,63100,28300,3300
3279,2,202300,49700,61400,29800,4300
3280,2,193300,49500,67600,28600,4300
3281,2,185400,49800,67200,28100,4200
3282,2,180400,49500,62900,28400,4200
3283,2,183300,53600,63400,28300,4200
3284,2,184800,49500,67500,28600,4200
3285,2,192100,49400,69200,28600,4300
3286,2,205300,49600,64800,28900,4400
3287,2,179400,49400,66800,28300,4100
3288,2,179000,49800,63000,28700,4200
3289,2,191600,50700,64000,28500,10700
3290,2,229900,50200,63600,29000,4300
3291,2,255100,50300,63400,31100,4200
3292,2,191000,49600,63300,28500,4300
3293,2,188400,54000,63600,28400,4500
3294,2,182100,48200,62600,28300,4400
3295,2,182500,51100,60800,28200,4200
3296,2,193000,60700,63500,28600,4200
3297,2,242800,55200,63400,28900,57000
3298,2,269300,51800,65700,29200,62300
3299,2,224500,50600,64300,28700,20500
3300,2,212600,54100,68600,29000,4700
3301,2,202200,57100,66400,30100,4800
3302,2,448700,140400,157700,30800,4800
3303,2,442500,134900,158100,32300,4600
3304,2,491000,133200,156200,31300,4500
3305,2,469300,135500,154400,29600,4400
3306,2,322200,53900,70700,30200,4600
3307,2,180400,50200,59100,28700,4200
3308,2,170900,48900,61400,28400,4100
3309,2,179300,50100,68100,28100,4100
3310,2,206300,50000,67800,28700,4100
3311,2,176100,49800,62700,28100,4200
3312,2,177800,49600,62900,28300,4300
3313,2,177100,49200,67400,27900,4100
3314,2,180700,54000,63400,28100,4200
3315,2,183700,49800,66600,29700,4200
3316,2,183800,50000,67800,28700,3200
3317,2,186400,53900,63600,28300,4500
3318,2,183400,50000,62700,28600,4100
3319,2,212200,54300,63800,28300,4300
3320,2,200500,50000,64900,28900,4300
3321,2,214700,49900,63700,28600,4200
3322,2,214500,49700,63400,28600,4200
3323,2,180900,49800,67500,28300,4300
3324,2,177200,49500,63100,28400,4200
3325,2,176800,49400,63300,28000,4100
3326,2,178100,49700,63000,28300,4300
3327,2,179800,54300,64000,29200,4300
3328,2,175200,49600,63100,28400,4200
3329,2,186200,49800,67900,28700,4200
3330,2,184800,49500,63600,28700,4300
3331,2,188300,49500,63500,28500,4300
3332,2,187300,49800,66300,29000,4300
3333,2,214900,57800,66700,30200,5000
3334,2,225200,50500,68800,29100,4400
3335,2,229500,51200,60500,28900,4200
3336,2,248800,49900,66100,29100,4200
3337,2,190400,49800,63400,28400,4400
3338,2,183200,49500,64500,28500,4400
3339,2,208700,49800,66800,29900,4300
3340,2,195100,49900,68400,28700,4200
3341,2,174400,49200,59500,28200,4200
3342,2,179600,49400,67900,28200,4300
3343,2,176400,49600,62800,28000,4300
3344,2,176900,49200,63900,28500,4200
3345,2,185000,49400,67400,28400,4300
3346,2,203900,49500,63600,28400,4400
3347,2,178300,49700,67800,28200,4200
3348,2,181200,54200,63100,28400,4200
3349,2,178100,49300,67700,28200,4200
3350,2,179000,49200,60200,28600,4200
3351,2,216600,49800,66400,29900,4300
3352,2,205200,49900,65000,28600,4300
3353,2,187000,50000,63500,28800,4200
3354,2,183900,49400,61400,28900,4200
3355,2,189000,48400,67600,28500,4400
3356,2,191500,55200,63700,28500,4300
3357,2,199900,57100,66100,28800,4200
3358,2,266800,54700,63500,29000,57800
3359,2,273200,55800,63600,29000,62700
3360,2,220600,50300,62000,29100,20800
3361,2,183000,49900,63800,28500,4300
3362,2,188700,53800,64100,28500,4200
3363,2,182200,50100,66700,29900,4200
3364,2,184500,49400,63700,28600,4300
3365,2,187300,49500,63600,28500,4300
3366,2,253700,50100,61100,29000,4200
3367,2,215600,49900,67900,28700,4300
3368,2,183900,49200,68900,28600,4300
3369,2,179600,49600,63300,28600,4300
3370,2,212000,49800,68000,28800,4200
3371,2,187300,49800,71000,28400,4300
3372,2,207700,56200,65000,28500,10600
3373,2,181900,49300,68100,28000,4100
3374,2,182300,49700,62800,28300,3800
3375,2,221100,49600,63000,30100,4200
3376,2,218800,50400,61700,29100,4200
3377,2,185700,49500,67600,28500,4100
3378,2,182800,49400,63000,28600,4200
3379,2,206500,49200,61000,28800,4200
3380,2,197900,49500,61300,28700,4200
3381,2,209300,49400,65600,28400,4200
3382,2,207200,49400,68000,28500,4300
3383,2,180500,49200,67900,28200,4200
3384,2,180300,49300,64300,28300,4300
3385,2,181700,49400,67500,28200,4200
3386,2,176000,49200,63000,28200,4100
3387,2,175100,49100,62200,29500,4000
3388,2,179400,49200,65300,28200,4300
3389,2,184500,55000,63600,28200,3100
3390,2,183300,49200,63000,28500,4300
3391,2,188800,49400,65100,28800,4200
3392,2,188300,49400,67700,28700,4400
3393,2,184100,49600,63000,28400,4200
3394,2,200400,49800,63300,28600,4200
3395,2,186100,50000,67700,28500,4100
3396,2,208700,49400,63200,28600,4200
3397,2,220400,49500,61000,28800,4200
3398,2,200700,49900,63300,28700,4500
3399,2,205300,49500,66700,29900,4400
3400,2,191000,49600,67600,28400,4200
3401,2,174600,49100,63300,28300,4200
3402,2,177100,53400,63100,28200,4200
3403,2,172800,49500,63000,28000,4100
3404,2,172400,49300,62500,27800,4100
3405,2,176500,49000,63100,28300,4200
3406,2,198000,49500,62800,28500,4200
3407,2,170000,49100,62700,28000,4200
3408,2,182000,49000,73300,28100,4000
3409,2,170800,49200,62800,28100,4200
3410,2,182200,49500,67500,28300,4200
3411,2,211600,49800,68600,32700,4200
3412,2,187000,49800,67300,28100,4200
3413,2,181900,49300,67400,28600,4200
3414,2,185000,49600,60500,28600,4200
3415,2,180800,49700,60900,28600,4200
3416,2,185100,48800,65000,28700,4200
3417,2,188200,51100,64700,28400,4100
3418,2,231600,62300,74900,43400,4200
3419,2,272100,54800,64100,29000,56000
3420,2,264300,51500,65900,29300,61900
3421,2,205000,50900,65800,29000,20800
3422,2,184100,49300,63500,28600,4300
3423,2,180900,49600,62800,29700,4200
3424,2,185200,54300,64000,28600,3100
3425,2,189200,49800,67700,28900,4200
3426,2,209200,49100,61500,28700,4300
3427,2,184700,49200,63400,28700,4300
3428,2,221800,49900,61300,29000,4400
3429,2,199700,49900,63400,28700,4400
3430,2,211000,49700,67500,28500,4100
3431,2,195700,50100,67700,28800,4200
3432,2,183700,49800,67700,28400,4300
3433,2,176200,49500,63400,28200,4100
3434,2,187200,49400,67400,28400,4200
3435,2,184400,49800,67000,30000,4200
3436,2,182500,49500,63900,28600,4100
3437,2,188000,54000,63700,28600,4200
3438,2,191000,49600,63100,28600,4200
3439,2,215000,49900,68300,28700,4200
3440,2,193500,49500,60600,28600,4500
3441,2,206100,49400,61200,28700,4300
3442,2,199000,49400,61300,28900,4300
3443,2,175900,48900,67400,28100,4200
3444,2,173400,49400,63200,28200,4200
3445,2,173900,49100,59100,28500,4200
3446,2,185400,49400,67800,28700,4200
3447,2,176300,49700,62600,29800,3100
3448,2,182300,49900,63000,28500,4300
3449,2,188100,49800,67700,28500,4200
3450,2,194600,49800,67800,28800,4300
3451,2,189800,49600,59700,28800,4400
3452,2,200200,53300,66400,34000,4200
3453,2,200300,50200,61500,29000,4300
3454,2,207700,49800,64000,28900,4200
3455,2,194700,49600,67600,28600,4300
3456,2,215600,54000,64700,28800,3200
3457,2,193600,54100,64100,28400,4200
3458,2,189700,49500,63600,28700,4300
3459,2,249000,50600,63300,30100,4300
3460,2,252300,49200,62600,29100,4400
3461,2,227100,49700,76400,36600,4300
3462,2,173200,49700,58900,28100,3000
3463,2,172800,49200,63400,28300,4200
3464,2,178700,49400,67400,28200,4300
3465,2,179300,49800,63400,28300,4300
3466,2,197900,49300,61000,28600,4200
3467,2,174700,49400,67200,28000,4100
3468,2,177500,49500,67400,28300,4200
3469,2,176600,49700,67700,28000,4100
3470,2,183800,54300,63900,28600,4200
3471,2,207900,49500,62500,29700,4300
3472,2,181100,49500,60600,28600,4300
3473,2,180700,49300,67600,28200,4200
3474,2,174900,48700,61500,28400,4200
3475,2,178000,49400,63800,28200,4100
3476,2,184900,49300,67300,28400,4300
3477,2,188800,48400,67100,28300,4300
3478,2,211900,50800,69100,28700,4300
3479,2,218400,56600,65800,28400,4300
3480,2,260900,59500,63600,29100,56300
3481,2,250000,51800,64300,28600,62300
3482,2,193200,50700,62500,29200,20900
3483,2,177200,49700,62700,29700,4300
3484,2,182700,49500,67500,28200,4300
3485,2,180600,49600,63300,28200,3400
3486,2,211200,49700,65000,28900,4200
3487,2,185700,49800,67900,28500,4200
3488,2,179300,49300,67600,28300,4300
3489,2,179500,49300,67800,28300,3400
3490,2,242900,49800,67600,28700,4200
3491,2,199400,49500,63300,28700,4400
3492,2,180600,49800,67400,28100,4100
3493,2,172900,49500,63200,27800,4200
3494,2,185000,49400,67400,28100,4200
3495,2,178000,49600,62400,29300,4200
3496,2,183800,49300,67800,28800,4200
3497,2,184100,49200,67700,28600,4400
3498,2,187300,53800,64000,28600,4300
3499,2,211900,49700,67800,28500,4300
3500,2,197300,49800,67400,28700,4400
3501,2,207000,53500,63500,28300,3300
3502,2,201400,56500,58500,28400,4200
3503,2,177500,51200,65500,28900,4000
3504,2,178300,49600,67800,28300,4100
3505,2,182300,49300,67500,28300,4200
3506,2,181100,49400,67000,28100,4200
3507,2,188100,56200,61500,30200,4100
3508,2,187900,49400,63000,28500,4300
3509,2,187700,49600,67400,28500,4200
3510,2,188900,49600,63000,28600,4400
3511,2,193200,49600,63500,28700,4300
3512,2,193500,49400,64400,28600,4300
3513,2,185100,49600,61000,29000,4300
3514,2,209500,54400,63700,28600,4300
3515,2,185100,49200,63600,28700,4300
3516,2,212600,49800,65800,28900,4300
3517,2,191900,49700,67600,28600,4300
3518,2,181900,49500,63000,28500,4200
3519,2,206600,49500,62900,29800,4400
3520,2,194000,49500,63900,28600,4200
3521,2,223900,54400,63700,28700,4400
3522,2,198200,49600,61100,28500,4200
3523,2,185800,54100,63500,28100,4200
3524,2,175800,49100,62900,28300,4200
3525,2,184800,49400,68000,28300,4200
3526,2,204300,53900,63400,28600,3300
3527,2,178600,54000,63200,28300,4200
3528,2,185200,49300,67600,28100,4300
3529,2,179300,49800,67900,28200,4300
3530,2,184900,49600,67300,28400,4300
3531,2,210400,49600,62800,30900,4300
3532,2,190000,49800,67800,28600,4500
3533,2,208800,57600,78100,43500,4900
3534,2,243700,56100,97800,37500,4500
3535,2,219500,62600,63300,30600,5000
3536,2,192100,49900,62200,29000,4700
3537,2,191400,50100,63400,28500,4300
3538,2,217900,47900,65900,28800,4300
3539,2,220800,50600,65500,28600,4400
3540,2,216300,57200,66700,29000,4400
3541,2,240200,54400,59200,28900,57500
3542,2,247300,56000,63700,28900,61600
3543,2,207900,51600,67600,30100,20800
3544,2,187600,49900,61500,28500,4300
3545,2,227700,49900,63700,28600,4500
3546,2,251800,50000,63800,28900,4500
3547,2,184000,49600,64900,28300,4200
3548,2,185100,55100,63400,28400,4200
3549,2,176000,49600,63000,28200,4200
3550,2,208300,49900,67600,28700,4300
3551,2,185200,49900,66900,28200,4200
3552,2,224400,49600,68100,28700,4400
3553,2,197800,49500,63700,28500,4300
3554,2,180700,49500,67200,28400,4300
3555,2,182600,53700,62100,29400,4200
3556,2,185700,49900,67600,28700,4300
3557,2,186700,49500,68000,28600,4300
3558,2,182300,49300,61100,28700,4500
3559,2,209000,49900,63400,28300,4300
3560,2,193800,49600,63300,28800,4300
3561,2,210200,49200,67700,28500,4300
3562,2,205900,49500,63400,28400,4500
3563,2,174500,54100,63300,27700,4100
3564,2,173800,49300,67200,27900,4200
3565,2,169100,49300,62300,27700,4200
3566,2,167300,49200,63000,27800,3100
3567,2,167600,49200,61100,28800,4100
3568,2,171800,49400,62800,28100,4100
3569,2,186000,53900,63300,28300,4100
3570,2,190000,49300,65400,28800,4200
3571,2,194100,49600,68000,28500,4300
3572,2,190800,49700,67200,28500,4200
3573,2,190000,49600,67600,28600,4400
3574,2,203600,49300,63100,28700,4400
3575,2,187800,50000,67600,28400,4300
3576,2,210800,49600,65000,28600,4300
3577,2,182800,49500,60700,28700,4200
3578,2,183600,49600,67400,28500,4300
3579,2,208300,49800,66400,29900,4200
3580,2,189800,49300,64000,28700,4100
3581,2,177900,49900,63100,28000,4200
3582,2,176700,49300,63400,28200,4200
3583,2,211000,49600,59100,28600,4200
3584,2,206900,52100,65600,29000,4300
3585,2,178400,49700,63200,28200,4200
3586,2,203800,49600,68000,28700,4200
3587,2,171700,49200,63000,31700,4100
3588,2,176400,49400,64400,28300,4200
3589,2,177400,49400,63500,28100,4100
3590,2,186300,49300,63300,28400,4300
3591,2,217100,50000,67200,30000,4300
3592,2,205900,51300,67700,28200,4300
3593,2,185900,49600,67600,28300,4200
3594,2,183500,49700,67300,28400,4100
3595,2,185000,51400,67900,28600,4200
3596,2,177400,49200,63000,28400,4200
3597,2,177700,49600,59200,28500,4300
3598,2,199700,49500,61300,28900,4400
3599,2,204800,48400,64700,28400,4300
0,3,688100,73900,190300,176300,164400
1,3,252100,72900,67500,28400,41600
2,3,199700,63100,61900,27500,4400
3,3,245900,54900,69900,37300,55500
4,3,266400,52000,80900,40500,62100
5,3,216000,51000,63300,28200,21100
6,3,194300,50500,67800,27700,4400
7,3,232000,50200,67400,27900,4500
8,3,200000,54400,73400,43700,4400
9,3,188700,50300,63700,27800,4300
10,3,209700,50100,67300,27900,4600
11,3,182800,49700,63400,27400,4400
12,3,183600,50000,62200,27700,4400
13,3,186600,49800,61800,27400,4300
14,3,188300,54500,62900,27600,4300
15,3,184900,49800,60800,28600,4300
16,3,203300,49800,79700,50400,4500
17,3,194600,49900,67800,27700,4400
18,3,259700,50100,63100,28000,4400
19,3,232900,50300,67300,28000,4400
20,3,185500,49600,62600,27700,4400
21,3,214900,54000,59300,27600,4300
22,3,218200,49600,68100,27900,4300
23,3,169700,49300,62800,27300,3300
24,3,419700,50300,62100,27500,4400
25,3,557000,50200,68000,28300,3400
26,3,532200,50100,65000,28500,4700
27,3,179900,50400,65600,29100,4400
28,3,174700,49600,62000,27400,4300
29,3,189100,49900,67300,27900,4500
30,3,187200,49600,62200,27600,4400
31,3,188100,49900,62400,28000,4600
32,3,217000,61400,80200,54300,4400
33,3,186400,50000,63100,28200,4400
34,3,206500,50200,62400,27900,4400
35,3,186600,50100,62700,27900,4500
36,3,222700,50300,67700,28100,4300
37,3,187500,49900,62600,27900,4400
38,3,214700,50100,67400,27900,4300
39,3,200600,49900,68100,28700,4400
40,3,187300,49900,67400,27900,4200
41,3,187100,50100,67100,27500,4500
42,3,181100,49100,62700,27400,4400
43,3,190500,49800,67300,27700,4400
44,3,181400,49700,62400,28000,4400
45,3,188600,50000,67200,27600,4500
46,3,215700,50100,68300,28100,4600
47,3,185600,50700,63500,27700,4300
48,3,191300,49800,62400,27500,4300
49,3,221000,50300,63000,28100,4300
50,3,211400,49900,67800,28000,4600
51,3,246200,49800,87300,57900,4400
52,3,197300,49900,67900,28000,4500
53,3,191400,54100,63300,27700,4400
54,3,187100,49800,67600,27900,4400
55,3,181300,50000,62700,27600,4400
56,3,187600,54700,62500,27600,4500
57,3,180000,49900,62300,27700,4400
58,3,236500,49900,67600,28000,4300
59,3,192200,49800,62700,27700,3400
60,3,259300,50000,67400,28100,4500
61,3,246400,48900,62500,27900,4500
62,3,182800,55400,65500,27100,4200
63,3,184200,56200,65800,28500,4400
64,3,259200,54700,88100,62700,56500
65,3,247400,51800,68300,28700,62500
66,3,238000,51200,68600,28400,20900
67,3,188600,49900,67900,27900,3200
68,3,196000,49800,78300,39000,4300
69,3,187200,49500,67200,27800,4400
70,3,207000,49900,62700,28000,4400
71,3,187200,49600,67100,27500,4400
72,3,187700,49400,62800,27600,3400
73,3,180100,49300,62300,27600,4300
74,3,183700,49500,67400,27500,4700
75,3,187000,49500,65600,28700,4400
76,3,202900,55900,70400,27600,4700
77,3,207100,52400,70000,28300,4500
78,3,216400,49800,62900,28000,4800
79,3,198700,50000,67500,28000,4400
80,3,226800,49400,68100,28000,4900
81,3,231900,50100,62700,27800,4300
82,3,201100,49700,62200,27800,4500
83,3,174900,54000,62800,27100,4200
84,3,175400,54700,62900,26900,4400
85,3,174200,54300,62800,27200,3200
86,3,169700,49400,62600,27100,4500
87,3,174700,54000,63300,27800,4300
88,3,178900,49400,68800,27100,3500
89,3,184200,50100,66900,27600,4400
90,3,182400,49600,62500,27600,4400
91,3,187000,50900,65000,27700,4300
92,3,189800,49800,67200,27700,4400
93,3,187200,54100,62700,27600,4400
94,3,205800,49800,66500,27400,4500
95,3,177300,49700,62100,27500,4400
96,3,209000,49800,67000,27700,4600
97,3,183100,49600,62400,27500,4500
98,3,210500,49600,67100,27700,4300
99,3,206200,49900,75300,44900,4400
100,3,178100,49400,62600,27500,4200
101,3,181000,49100,62600,27400,4200
102,3,180600,49300,62600,27600,4400
103,3,176900,49200,62800,27500,4300
104,3,193000,58200,62900,27900,4400
105,3,194700,49800,67100,27900,4400
106,3,209300,49500,62700,28000,4500
107,3,183100,49400,62700,27700,4300
108,3,181100,49300,62300,27800,4200
109,3,190900,49800,67200,27800,4500
110,3,182200,49600,63000,27800,4400
111,3,262200,49700,66600,29600,4300
112,3,215400,50400,68100,28200,4500
113,3,188600,54700,63500,28100,3300
114,3,183500,49700,67600,27700,4300
115,3,181800,54100,62000,27600,3200
116,3,182300,50000,66800,27500,4300
117,3,184000,49700,67200,27700,4300
118,3,233000,49500,63400,28000,4500
119,3,194300,49800,67400,28000,4200
120,3,177300,49300,62100,27600,4500
121,3,181300,49700,67200,28000,4400
122,3,178300,53300,62200,27700,4600
123,3,178400,50400,64900,28800,4400
124,3,183900,56100,62700,27900,4300
125,3,240100,54400,67700,28400,56600
126,3,274700,51100,65500,28500,62300
127,3,198600,50700,62800,28200,20900
128,3,210100,49500,93100,67300,4500
129,3,190700,49900,68200,28000,4200
130,3,207400,49600,62700,28000,4400
131,3,191000,49600,67400,27700,4400
132,3,189200,49600,67600,28000,4300
133,3,184700,49800,62800,27700,4400
134,3,182800,54500,61800,27900,3300
135,3,189000,49900,65800,29000,4200
136,3,195300,49700,67800,28100,4400
137,3,191200,49600,63000,28000,4200
138,3,222100,50200,67300,28100,4500
139,3,207100,49800,67700,28000,4400
140,3,184100,49700,62700,27900,4500
141,3,215400,49700,67300,28000,4400
142,3,242800,49500,62700,28000,4400
143,3,199000,49400,62600,27800,4300
144,3,181300,49700,67300,27400,4200
145,3,219000,49700,67300,28100,4300
146,3,221200,55600,67400,28100,4400
147,3,171000,49500,63100,28400,4300
148,3,175400,54300,62400,27200,4300
149,3,183900,49600,67400,27900,4400
150,3,192600,49800,67000,27700,4300
151,3,187800,49500,66900,27700,4400
152,3,187900,49300,67500,28000,4200
153,3,184900,54300,62800,27800,3300
154,3,208200,49700,70100,28000,4400
155,3,196800,52600,69900,28100,4300
156,3,215200,51600,62900,27800,4500
157,3,183000,49600,67600,27700,4400
158,3,206600,49700,67200,27800,4300
159,3,195900,49600,67900,28700,4400
160,3,175300,49200,62600,27400,3200
161,3,186700,49700,62700,27700,4400
162,3,185800,49500,67800,27700,4300
163,3,179800,50000,62200,27300,4200
164,3,180200,49000,62300,27800,4400
165,3,184600,49400,67100,27700,4400
166,3,204000,49600,62300,28000,4400
167,3,180900,49200,67200,27600,4400
168,3,176000,49300,62700,27200,4300
169,3,180000,49600,62400,27800,4300
170,3,181800,49400,62100,27700,4300
171,3,219900,49600,66600,29900,4300
172,3,188200,54300,62400,27800,4300
173,3,226700,50100,68200,28300,4500
174,3,205500,49700,67900,27900,4300
175,3,182800,50500,67100,27700,4300
176,3,175600,49400,62900,27200,4300
177,3,176300,49900,62500,27400,4400
178,3,230600,49300,68000,28000,4300
179,3,185900,49400,62100,27600,4300
180,3,170100,48800,62100,27100,3200
181,3,178600,49500,67000,27500,4300
182,3,172100,49200,62500,27300,4400
183,3,170400,48500,60400,28200,4300
184,3,187500,50800,65700,27500,4300
185,3,184300,56700,62800,27800,4300
186,3,268300,54400,68000,28200,56500
187,3,238500,51200,63800,28600,62400
188,3,193200,55600,62300,28300,19300
189,3,188800,50200,67100,27700,4500
190,3,214400,54600,62800,28100,4400
191,3,191900,49300,62700,27900,3400
192,3,189700,49900,62500,27700,4300
193,3,187100,49700,62500,27700,4300
194,3,187900,49700,67400,28000,4400
195,3,212100,49700,86300,54200,4400
196,3,182600,50000,59100,28000,4400
197,3,185800,49700,63100,28300,4300
198,3,219500,50100,64800,28400,4400
199,3,203600,50100,67900,28100,4300
200,3,185700,49400,67500,27700,4600
201,3,217100,49900,67300,28000,4500
202,3,209100,50000,63000,27800,4400
203,3,177100,54000,62200,27600,4400
204,3,211500,49600,62600,27800,4300
205,3,196100,49500,62800,27800,4300
206,3,176800,49200,67200,27400,4300
207,3,172200,49500,61500,28700,4400
208,3,177900,49500,67400,27600,4400
209,3,184900,49500,67300,27800,3200
210,3,192500,49200,70800,27900,4400
211,3,186000,50000,59200,27900,4400
212,3,185800,54500,63100,28000,3300
213,3,189700,49800,67500,27800,4400
214,3,199800,49600,63000,28100,4300
215,3,190400,49500,67500,27800,4300
216,3,211500,51200,63100,28200,4400
217,3,183900,49200,67300,27400,4400
218,3,206500,49200,66900,27800,4400
219,3,188900,49500,59300,28800,4400
220,3,174800,49200,62700,27800,4200
221,3,185000,49300,62700,27700,4300
222,3,187200,49000,62700,27800,4200
223,3,188200,49300,62900,27800,4400
224,3,197700,54200,62800,28100,4500
225,3,190800,49500,67200,28000,4400
226,3,205200,49900,62600,28300,3400
227,3,183400,49600,67100,27900,4300
228,3,181300,49200,62600,27900,4400
229,3,199300,49200,67400,27900,4600
230,3,230600,49700,67600,28100,4600
231,3,251900,50000,65800,29500,4500
232,3,191000,49700,66500,27500,4300
233,3,185900,49700,62700,27800,4500
234,3,176500,49100,62700,27700,4400
235,3,218500,49600,62700,28000,4400
236,3,214200,56600,70800,31900,4200
237,3,221100,57600,66300,29500,5000
238,3,241900,51200,69400,28400,4400
239,3,208600,52200,63800,29500,4900
240,3,183300,49800,64100,27900,4300
241,3,198600,51500,64900,29800,4800
242,3,185000,50200,69300,28100,4200
243,3,177400,51000,64000,28500,4300
244,3,181400,49200,67100,27400,4300
245,3,181700,50300,63700,27500,4300
246,3,219700,56400,65400,28100,4300
247,3,242500,54400,68700,28500,57700
248,3,239000,56100,62300,28300,61200
249,3,199200,54800,62900,28200,20800
250,3,220000,49700,79800,42800,4400
251,3,179000,49300,62300,27500,4200
252,3,187400,54100,62800,27900,4300
253,3,195200,49600,67100,27700,4300
254,3,178000,48800,58900,27600,4300
255,3,188300,49400,63300,28600,4300
256,3,236100,49900,111300,91200,4400
257,3,196900,52400,67000,34200,4400
258,3,212100,50800,59400,28400,4600
259,3,219500,53200,67900,29800,4900
260,3,190600,50100,66300,33000,4400
261,3,232300,52200,63400,29800,5100
262,3,221900,49900,67800,28300,4500
263,3,170800,49200,58700,27600,4200
264,3,176300,49200,63200,27500,4300
265,3,174500,49500,67500,27300,4300
266,3,215500,49600,67500,28200,4300
267,3,214100,53200,64600,30300,5100
268,3,173000,50200,58400,27700,4400
269,3,182800,49700,62900,27600,4200
270,3,190800,50300,67500,27900,4300
271,3,188600,53700,62900,27900,3400
272,3,187000,49400,66800,27700,4400
273,3,185700,49500,64300,27800,4400
274,3,202400,49300,58800,28000,4500
275,3,191700,49200,67400,27900,4300
276,3,216900,50800,64200,28100,4400
277,3,196700,53700,62800,28000,4400
278,3,205900,49600,65300,28200,3400
279,3,196400,50400,69100,29100,4300
280,3,177700,49200,62100,27500,4300
281,3,177500,49500,63100,27700,4400
282,3,184100,54200,63100,27500,4200
283,3,189400,55600,64200,31600,4300
284,3,184200,49300,63000,27600,4300
285,3,186000,49200,63400,27800,4300
286,3,209600,48900,63000,27900,4300
287,3,183000,49400,63200,27700,4300
288,3,181700,49100,63100,27900,4300
289,3,188100,49300,67300,27900,4300
290,3,188600,49400,66300,30300,4400
291,3,223500,50300,67100,30400,4300
292,3,191200,50000,63200,28300,4400
293,3,192300,49500,67600,28100,4400
294,3,182500,49300,62700,27700,4500
295,3,190700,49300,67400,28100,4400
296,3,179900,49500,62700,28000,4500
297,3,218300,49600,63200,28000,4400
298,3,252200,50000,62900,28200,4500
299,3,194300,49600,66400,27700,4500
300,3,202800,53200,63700,29900,5000
301,3,186200,50900,64000,28400,4400
302,3,177700,49500,62800,28000,4300
303,3,178800,49700,65800,29000,4200
304,3,182800,54500,62600,27800,3200
305,3,185600,48500,67900,27800,4300
306,3,226000,55600,66900,28600,4400
307,3,196000,57100,65500,28000,4300
308,3,239600,56400,63500,28700,57600
309,3,246200,50900,65000,28900,62500
310,3,222400,50600,63800,28700,20900
311,3,180000,49500,63200,27800,4400
312,3,187500,49100,66800,27900,4300
313,3,201700,58300,65700,27900,3600
314,3,202800,51400,70500,28200,4500
315,3,264300,52900,63100,31100,5200
316,3,250600,54300,64100,30000,5000
317,3,212600,52000,66000,29500,5100
318,3,223700,49700,65300,28800,4200
319,3,206900,49600,68200,28400,4500
320,3,185100,54000,64500,28400,3300
321,3,208200,49600,58400,28000,4300
322,3,205900,49400,63300,28400,4500
323,3,178000,49100,67800,27700,4300
324,3,172500,49100,63000,27800,4200
325,3,173300,49000,62700,27600,4200
326,3,180300,48900,67600,27900,4300
327,3,169200,49100,63400,28400,3300
328,3,217300,49800,67800,28200,4400
329,3,210600,49700,67500,28300,4300
330,3,189400,49700,68100,27900,3300
331,3,190900,49500,67700,28100,4300
332,3,188500,50200,67100,27900,4300
333,3,187300,49400,67200,28000,4400
334,3,202400,49500,62800,28400,4500
335,3,180900,53400,62700,27800,3300
336,3,210600,49500,67300,28000,4200
337,3,178400,49700,62900,27900,4600
338,3,199800,49000,63100,28000,4200
339,3,189200,49200,67800,28800,4200
340,3,175500,49300,66500,27800,4200
341,3,172100,49400,60000,27400,4400
342,3,211600,53300,67500,29900,5100
343,3,198600,51900,67400,30100,5000
344,3,198300,51200,74500,44100,4300
345,3,219800,59800,69800,30000,5000
346,3,236200,52600,70200,29800,5100
347,3,186200,49600,64400,28500,4300
348,3,185900,49400,67300,28000,4300
349,3,188600,49700,63700,28400,3400
350,3,187100,49900,63200,28400,4300
351,3,223000,54100,64100,29400,4400
352,3,193600,49400,67300,28200,4300
353,3,192100,49400,68100,28100,4500
354,3,186800,49300,68400,28200,4500
355,3,182000,49300,62900,28100,4300
356,3,184500,48900,67500,27800,4500
357,3,182600,49200,62800,27900,4600
358,3,231800,53800,63200,28400,4400
359,3,234500,49500,63700,28600,4300
360,3,213800,49500,63300,28500,4200
361,3,196100,49400,69800,28400,4300
362,3,191500,49700,67700,28300,4400
363,3,183300,49200,61800,29300,4400
364,3,179200,49200,63500,28200,4300
365,3,185300,49400,68000,28000,4300
366,3,213400,48000,67000,28100,4400
367,3,188300,50500,65800,27800,3300
368,3,184300,56400,63500,28200,4300
369,3,241600,54700,67500,28800,57500
370,3,261400,51100,59900,28500,63000
371,3,197900,50800,63500,28500,20800
372,3,180100,49800,62800,28000,4400
373,3,177700,48900,62700,27800,4300
374,3,175500,48800,62600,27700,4200
375,3,182500,49600,60900,29000,4200
376,3,194400,49700,67600,28400,4300
377,3,194400,49500,67500,28400,4400
378,3,231800,49200,63100,28700,4300
379,3,201500,49200,63400,28300,4300
380,3,190100,49400,67600,28200,4300
381,3,216500,49500,63200,28300,4500
382,3,209700,49600,67800,28200,4400
383,3,184500,52400,68300,31000,4300
384,3,176700,49300,63600,27800,4200
385,3,180200,50200,66800,27700,4200
386,3,176000,49200,63000,28100,4300
387,3,197100,49300,84300,54700,4300
388,3,185200,49000,68900,28400,4300
389,3,187500,49700,67100,28000,4400
390,3,229600,54300,63500,28300,3500
391,3,218600,50900,65100,28400,4400
392,3,196200,49600,67800,28400,4200
393,3,191500,51200,64200,28300,4500
394,3,221500,51700,68800,28500,4300
395,3,185300,49500,66800,27900,4400
396,3,213800,49800,67900,28400,4400
397,3,186900,49200,67600,27700,4400
398,3,211700,49200,63100,28200,4200
399,3,196300,49200,68200,29100,4300
400,3,214800,49400,62700,28300,4400
401,3,216700,50000,67700,28500,4400
402,3,187300,49600,71200,28100,4300
403,3,175400,54400,62500,27500,3300
404,3,178300,49100,66600,28000,4300
405,3,181000,53400,63100,27700,4300
406,3,201000,49600,63400,28500,4400
407,3,181600,49500,67000,27900,4200
408,3,182100,49200,63200,28100,4300
409,3,189000,49000,67900,28300,4400
410,3,184700,49200,63000,27900,4300
411,3,216900,49700,62700,30400,4200
412,3,187200,49400,61000,28500,4300
413,3,183600,49400,62900,28300,4500
414,3,184400,49400,67300,27900,4300
415,3,186800,49400,67100,28200,4400
416,3,183800,49400,67600,28100,4400
417,3,177100,49300,62900,28100,3400
418,3,229800,49700,67500,28400,4300
419,3,197400,49200,67400,28000,4400
420,3,177300,49500,67500,28000,3300
421,3,212900,49500,61100,28200,4500
422,3,200400,49600,67300,28200,4300
423,3,175000,49100,64100,28600,4300
424,3,175200,49100,63000,28100,4400
425,3,181500,49300,67300,27900,4400
426,3,219900,51400,70300,31300,5500
427,3,199300,51000,67300,30000,5000
428,3,179300,51100,64000,28400,4300
429,3,183400,56400,63100,28100,3300
430,3,261800,54800,63400,28900,57700
431,3,244000,51400,68800,28800,62400
432,3,205300,50500,66300,29100,20800
433,3,175400,49600,63100,27700,3300
434,3,174600,49500,62400,27800,4200
435,3,183000,49500,64800,28900,4300
436,3,186400,53700,63500,28200,4400
437,3,194800,49400,67900,28400,4400
438,3,224400,50000,68500,28300,4500
439,3,205400,49800,67800,28300,4500
440,3,199400,61200,63800,29000,4400
441,3,213900,50100,63300,28200,4500
442,3,208100,49300,63400,28200,4200
443,3,172500,48700,58300,27700,4400
444,3,190300,49200,67200,28100,4300
445,3,182200,49100,63100,27800,4300
446,3,185100,49200,67400,27700,4300
447,3,187100,49400,63500,28900,4300
448,3,184300,49300,67900,28500,4300
449,3,188400,49500,63500,28000,4400
450,3,197600,49700,67300,28400,4400
451,3,189300,49200,63800,28300,4300
452,3,227800,49500,64800,28600,4400
453,3,211600,49600,63400,28500,4300
454,3,208400,49800,67700,28100,4400
455,3,185100,49200,67800,28000,4400
456,3,213900,49300,62700,28200,4300
457,3,181600,49300,63000,28000,4200
458,3,206200,49400,67400,28200,4300
459,3,188100,49200,63600,29100,4300
460,3,169500,49100,59000,28200,4200
461,3,176000,49200,63100,27600,4100
462,3,181500,49400,67600,28100,4200
463,3,174300,49200,63200,27600,4300
464,3,180700,49400,67400,28000,4300
465,3,182700,49200,67600,27900,4400
466,3,204400,49500,67300,28200,4600
467,3,183200,49200,66800,27600,4400
468,3,174800,50700,59500,28200,4400
469,3,189800,49500,67500,28200,4200
470,3,197100,49200,67600,28100,4300
471,3,219400,49700,65500,29400,4400
472,3,199900,49600,63500,28500,4300
473,3,222800,60800,67600,30000,4900
474,3,206600,52300,69500,32400,4400
475,3,190200,49800,68100,28300,4400
476,3,191900,49200,67700,28400,4400
477,3,188900,49400,63300,28300,4400
478,3,240700,49400,68000,28400,4400
479,3,203800,49900,67700,28500,4400
480,3,186300,49500,67300,28100,4300
481,3,189000,49600,68200,28200,4400
482,3,179700,49400,64600,27900,4400
483,3,228800,49700,62300,29400,4400
484,3,211700,49900,67700,28700,4500
485,3,228900,49800,67400,28400,4400
486,3,245900,49900,63600,28600,4500
487,3,182200,49200,67300,27700,4400
488,3,179800,48100,62400,27800,4200
489,3,184600,50800,67500,28200,4300
490,3,212900,56600,66300,28600,4300
491,3,234900,54100,63200,28600,57100
492,3,235700,51000,61600,28900,62100
493,3,193800,50200,63100,28600,20700
494,3,179400,49400,67400,27800,4400
495,3,181200,49700,63400,28700,4500
496,3,184800,49500,67700,28400,4300
497,3,180000,49400,63200,28100,3400
498,3,213700,49500,67500,28500,4500
499,3,195000,49700,62700,28100,4400
500,3,185900,49600,67400,27800,4400
501,3,216900,49600,67800,28100,4500
502,3,204600,49200,61500,28400,4300
503,3,179900,49100,67200,27800,4300
504,3,183400,49200,66700,27500,4300
505,3,180300,49400,67100,27800,4300
506,3,177700,49000,67300,27900,4300
507,3,174500,49100,63900,28500,4200
508,3,179800,48800,68100,27800,4200
509,3,182700,49200,63100,28000,4300
510,3,183900,49600,58700,28300,4500
511,3,189400,49600,63300,28200,4300
512,3,193500,49800,67500,28400,4400
513,3,183100,49600,63100,27900,4600
514,3,244400,49800,69400,28200,4300
515,3,207900,50000,67800,28700,4600
516,3,210200,49300,67400,28300,4400
517,3,177300,49100,62800,27600,4400
518,3,207800,49400,62900,28100,4300
519,3,188200,49200,66000,29300,4300
520,3,170800,48900,63000,27500,4100
521,3,177700,49100,67000,27700,4300
522,3,178000,53700,62600,27700,4200
523,3,175300,49100,66700,27500,4300
524,3,180000,49400,63200,27800,4300
525,3,181000,54000,62700,27900,4300
526,3,202600,49300,67600,28200,4300
527,3,176200,49400,66900,27600,4300
528,3,177000,49100,66800,27500,4300
529,3,185400,49400,66700,27900,4300
530,3,187200,49500,62900,28000,4300
531,3,232500,49700,77200,43700,4400
532,3,196500,49800,63800,28400,4400
533,3,192400,49500,63200,28400,4300
534,3,185100,49300,63200,28300,4500
535,3,188800,49600,63400,28300,4400
536,3,191300,49500,67400,28200,4300
537,3,182700,49400,63200,28300,4400
538,3,235900,49800,63100,28200,4400
539,3,193800,49100,63100,28200,4400
540,3,184700,49400,67200,27900,4300
541,3,184400,49400,67200,28200,4200
542,3,202300,49000,67300,27800,4300
543,3,181100,49700,61600,29300,4400
544,3,181800,49100,67200,28100,4300
545,3,224600,49700,67900,28600,4400
546,3,238100,49800,67500,28300,4500
547,3,185000,49400,66600,27800,4400
548,3,173900,49100,62700,27900,4400
549,3,177400,48100,62400,27600,4400
550,3,203500,50600,63800,28300,4300
551,3,209000,73300,64200,28400,4400
552,3,239900,56000,64500,29000,56700
553,3,258000,53200,69500,28900,65800
554,3,199500,50800,68100,28600,20800
555,3,184100,49200,65700,29000,4400
556,3,182300,49600,63400,28200,4400
557,3,185100,49500,67500,28200,4300
558,3,215500,49800,67600,28300,4500
559,3,199400,49300,68200,28300,4300
560,3,189500,49300,67400,28000,4400
561,3,217100,49400,67600,28300,4400
562,3,209300,49600,63100,28500,3400
563,3,185900,49500,67400,27800,4300
564,3,187900,49700,67400,28300,4300
565,3,183000,49600,67200,27800,4200
566,3,184500,49300,67000,28000,4300
567,3,185500,49700,68100,29000,4200
568,3,182900,49300,63200,28200,4400
569,3,194700,49800,67400,28000,4400
570,3,237000,50100,68000,28500,4400
571,3,225800,50000,63100,28400,4400
572,3,190900,49300,62700,28300,4400
573,3,191500,49800,67800,28500,4400
574,3,205900,49400,62900,28000,4400
575,3,181300,50100,64100,27700,4400
576,3,248100,49800,63800,28300,4400
577,3,202000,49500,63000,28300,4300
578,3,205800,49300,67900,28200,4400
579,3,185800,49300,63800,29100,4200
580,3,170700,49000,62600,27700,4200
581,3,178300,53600,62700,27500,4300
582,3,177900,49700,66900,27700,4400
583,3,175500,49100,67000,27600,4300
584,3,178200,49400,66900,27500,4300
585,3,180400,49500,66700,27700,4200
586,3,201900,49500,67100,28200,4300
587,3,175600,53800,62600,27500,4400
588,3,176100,49400,66400,27600,4300
589,3,181000,49600,67300,28100,4200
590,3,180600,49100,62300,27800,4300
591,3,205200,49400,60900,29100,4300
592,3,188600,49900,67500,28100,4500
593,3,204000,69000,64000,28700,4200
594,3,182100,49400,63200,28300,4400
595,3,185800,49700,63900,28300,4200
596,3,185300,49500,66900,27700,3400
597,3,187200,49400,67600,28100,4400
598,3,231600,49500,67800,28400,4300
599,3,190000,50000,58900,28100,3600
600,3,178800,49000,62800,28000,4200
601,3,182300,49500,67500,28000,4300
602,3,179800,49500,66800,27900,4300
603,3,174800,49600,60600,29000,4300
604,3,179000,49600,63100,28100,4200
605,3,187300,49300,67900,28200,4300
606,3,212500,49700,62700,28500,4400
607,3,222200,49600,67700,28400,4500
608,3,195600,49200,63000,28100,4300
609,3,176000,49600,62400,27800,4300
610,3,196800,48100,62700,28200,4300
611,3,179700,50300,65800,27500,4400
612,3,185500,56100,65900,27900,4400
613,3,233100,54000,63300,28600,55900
614,3,244400,51300,68500,28700,62000
615,3,204600,50600,62500,29600,20700
616,3,183900,49500,60800,28500,4500
617,3,187500,49600,63400,28100,4400
618,3,219100,49400,64000,28600,4400
619,3,196100,49600,63300,28200,4400
620,3,178200,49300,63100,28300,4300
621,3,208400,49400,63500,28200,4400
622,3,205500,49200,67900,28100,4300
623,3,179500,49300,63500,27800,3600
624,3,181500,49200,67600,27900,4300
625,3,177000,49300,62300,27600,4300
626,3,183000,49500,67400,27900,4400
627,3,179400,49100,63600,28800,4300
628,3,193700,49400,77000,41000,4200
629,3,192900,49000,68800,28100,4400
630,3,220900,55400,70300,28700,4400
631,3,202300,49600,67400,28200,4400
632,3,191300,49400,63200,28300,4400
633,3,192700,49400,68000,28400,4300
634,3,202900,49300,63200,28300,4400
635,3,188900,49600,67600,28400,4500
636,3,213600,49700,63100,28300,4500
637,3,183900,49500,66600,28000,4200
638,3,243300,49700,64400,28500,4400
639,3,214400,49600,65900,29300,4300
640,3,177800,53900,62900,27900,3200
641,3,183100,49500,63400,28200,4600
642,3,180900,53900,63000,27900,4300
643,3,179400,49600,67200,27900,4300
644,3,176500,49200,62900,27900,4500
645,3,183000,53700,62600,27600,4300
646,3,204600,49500,63300,28400,4300
647,3,184400,49400,67400,28200,4400
648,3,177700,49000,62500,27900,4400
649,3,188000,49300,67600,28100,4400
650,3,184200,49300,62700,28100,4400
651,3,216100,49700,67400,30400,4300
652,3,190000,49100,67400,27900,4300
653,3,189500,49500,67300,28300,4300
654,3,182200,49300,62000,27900,4500
655,3,231500,49900,67800,28700,4400
656,3,218400,49800,63200,28500,4500
657,3,187400,49500,67300,28100,4300
658,3,230500,49400,63600,28500,4500
659,3,198500,49700,67400,28100,4400
660,3,180100,49200,63100,27900,4300
661,3,178400,49300,63000,27900,4200
662,3,174900,48800,62200,27600,4300
663,3,178200,49800,63100,28700,4400
664,3,180000,49200,62800,28100,4300
665,3,179200,49100,62900,27800,4400
666,3,215300,49500,67500,28000,4200
667,3,187300,49300,67500,28100,4400
668,3,177400,49300,67000,27900,4300
669,3,224100,53100,67800,28400,4400
670,3,231700,49600,72400,28800,4600
671,3,179200,47900,66800,27600,4300
672,3,179600,50100,66000,27700,4400
673,3,188100,56100,62500,27800,4300
674,3,245500,69100,63300,28900,56400
675,3,239100,50800,63400,29900,62000
676,3,194700,50800,61200,28600,20600
677,3,195600,49300,79700,43300,4300
678,3,211900,49700,67000,28300,4400
679,3,196000,54100,62900,27600,4300
680,3,172700,50100,58800,27700,4300
681,3,205500,50200,63200,27900,4100
682,3,194800,48700,61100,28300,3300
683,3,176400,51700,65800,27100,4200
684,3,166400,49200,62800,27300,3200
685,3,178000,53200,64100,27500,4200
686,3,174400,49200,63200,28100,4300
687,3,180000,49200,67900,28700,4300
688,3,186200,55600,67100,34700,3100
689,3,184200,49400,62900,28100,4300
690,3,198300,49500,67000,28000,4300
691,3,187700,51800,58700,28200,4300
692,3,189100,49600,67300,28400,4300
693,3,186600,49900,63100,28100,4500
694,3,199000,49200,63400,28200,4300
695,3,185900,49000,67500,28300,4400
696,3,212100,49800,67200,28300,4300
697,3,186300,49400,67200,28000,4500
698,3,205800,49300,63000,28200,4300
699,3,194100,49500,65900,29300,4300
700,3,220300,49900,63400,28500,4300
701,3,208900,49500,68100,28700,4300
702,3,185800,49300,67400,28100,4300
703,3,181400,49400,67400,28000,4400
704,3,177200,49100,62900,28200,4400
705,3,178200,49200,62900,28200,4300
706,3,200600,49500,63400,28300,4300
707,3,178200,49100,67100,27700,4300
708,3,180100,49300,67000,27900,4200
709,3,178600,49300,62900,27900,4400
710,3,183100,49100,67500,28200,4100
711,3,236700,49600,75200,30400,4500
712,3,223900,52000,70500,29100,4400
713,3,192600,49700,67700,28500,4600
714,3,179200,49800,62500,27900,4400
715,3,180900,49400,63200,28000,4300
716,3,179100,49300,62400,27900,4300
717,3,185100,49400,63000,28200,4500
718,3,235300,49700,62800,28500,4300
719,3,202000,49500,67900,28100,4400
720,3,189200,49300,67700,35100,4400
721,3,198900,49300,75800,40000,4600
722,3,185600,53600,63000,28300,4300
723,3,179100,49400,62000,29000,4400
724,3,189400,49800,63900,28000,4300
725,3,189100,49600,67500,28200,4500
726,3,217800,49300,63600,28500,4300
727,3,182100,49300,62500,27800,4400
728,3,185600,50000,66800,27900,4300
729,3,189500,49500,67400,28100,4200
730,3,204600,49300,63100,28200,4400
731,3,223800,49500,62900,28000,4300
732,3,212100,48200,67300,28100,4200
733,3,191800,50400,66000,27900,4300
734,3,196200,56600,65600,28400,4300
735,3,242700,54800,64300,29700,57600
736,3,242100,51100,61700,28700,62300
737,3,207200,50800,68200,28500,20700
738,3,218100,49300,67700,28300,4400
739,3,202700,54400,63400,28100,3300
740,3,221500,49900,63100,28500,4500
741,3,243600,49600,63600,28500,4300
742,3,211900,60900,62700,28300,4300
743,3,173100,53500,62400,27300,4200
744,3,173300,53600,62900,27400,4200
745,3,174300,49100,67200,27400,4200
746,3,167800,48700,61700,27200,4100
747,3,171700,49200,63300,28500,4200
748,3,175500,48900,62600,27700,4200
749,3,194400,53500,62800,28000,4400
750,3,192200,49200,59100,28100,4400
751,3,196600,49200,68100,28500,4400
752,3,193800,49400,67300,28400,4300
753,3,194500,54500,63800,28100,4400
754,3,202300,49600,63700,28500,4500
755,3,187100,49500,67500,28000,4300
756,3,213300,49100,67500,28000,4500
757,3,191800,49600,67500,28000,4400
758,3,207400,49600,67400,28000,4300
759,3,186200,49900,59600,29000,4300
760,3,178100,49400,62200,27900,4300
761,3,173800,49700,61900,27800,4300
762,3,218200,49300,67400,28100,4400
763,3,193400,49700,59100,28000,4400
764,3,174700,49300,62700,27800,4200
765,3,180900,49600,67500,27900,4200
766,3,200200,49500,64100,28300,4400
767,3,178500,53600,62500,27600,4200
768,3,172100,49100,62700,27600,4200
769,3,175900,49400,62200,27900,4200
770,3,181400,53900,62900,27800,4300
771,3,228600,49300,82500,56300,4200
772,3,182900,49800,62800,28100,4300
773,3,183700,49500,67300,28100,4200
774,3,174200,49000,62700,27700,4300
775,3,176400,49000,62800,27800,4200
776,3,184000,48900,67200,27500,4100
777,3,180100,49700,67200,27900,4300
778,3,221400,49400,63100,28300,4300
779,3,191300,49200,62900,28100,4300
780,3,183400,49400,67100,27700,4300
781,3,181000,49200,62600,27600,4300
782,3,182400,49100,67000,27800,4300
783,3,177600,49300,61000,28900,3400
784,3,195700,49400,67200,28000,4400
785,3,192400,49500,66900,28000,4500
786,3,216800,49600,63100,28400,4500
787,3,193500,49700,67300,28000,4300
788,3,185700,54400,63200,28200,4200
789,3,181800,49100,62900,28200,4300
790,3,205400,49800,63200,28500,4500
791,3,191600,53800,64500,28000,4400
792,3,226500,62100,77500,29800,4400
793,3,267300,53000,72300,30200,5100
794,3,231200,53600,68800,30000,5100
795,3,201900,58900,65200,29600,4400
796,3,276700,61300,63400,30200,68400
797,3,258600,52300,64800,28800,63700
798,3,229700,50300,61500,28800,20800
799,3,197800,49900,64000,28300,4500
800,3,195600,55800,62900,27700,4400
801,3,214400,50100,67200,28200,4300
802,3,209000,49800,67700,28100,4300
803,3,175900,49500,66800,27700,4400
804,3,175400,49200,67100,27700,4300
805,3,171000,49000,62800,27700,4300
806,3,176500,49100,66800,27700,4500
807,3,176100,49000,68600,28800,4300
808,3,199000,53800,67900,30000,5100
809,3,195400,49400,65400,28700,4100
810,3,202400,50900,68700,28200,4400
811,3,203800,51500,68800,28300,4500
812,3,215800,52600,63200,29900,5100
813,3,197200,49600,63700,28400,4400
814,3,219800,50700,68500,28500,4400
815,3,183300,49200,58500,28000,4400
816,3,217900,49500,63400,28500,4300
817,3,194600,49600,69000,28000,4400
818,3,216100,49800,67700,28400,4400
819,3,212900,49900,79600,41900,4400
820,3,186600,50800,70300,28700,4300
821,3,188200,49600,67300,28100,4300
822,3,184200,49400,63200,28200,4400
823,3,179100,49300,63300,27700,4200
824,3,231200,49800,68300,29000,4300
825,3,245800,49600,63400,28500,4400
826,3,239700,49600,63400,28400,4500
827,3,183600,49300,67900,27700,4400
828,3,177600,49600,67100,27700,4200
829,3,181800,49000,66800,27500,4300
830,3,184600,50600,66500,27700,4300
831,3,215000,49600,68400,29400,3300
832,3,187600,49600,67100,28000,4400
833,3,184900,49100,67100,28100,4300
834,3,180100,53500,63500,27900,4400
835,3,181700,49400,67000,27600,4200
836,3,179400,49200,67100,27600,4400
837,3,180000,49000,67400,27700,4300
838,3,222500,49400,63400,28500,4300
839,3,192700,49500,68100,28100,4300
840,3,177700,49400,66400,27400,3500
841,3,186000,49200,63300,28200,4400
842,3,183000,49400,67200,27900,4400
843,3,181300,49100,63400,29000,4300
844,3,186800,49200,67800,28000,4500
845,3,189100,49400,67200,28100,4400
846,3,219500,49400,67300,28400,4500
847,3,184700,49200,67000,28000,4300
848,3,176000,49200,62700,27800,4200
849,3,185100,49100,67400,28100,4200
850,3,209000,56500,65100,28600,3300
851,3,198700,51500,65100,30200,5100
852,3,192300,50400,67700,28300,4300
853,3,184900,49800,64500,28200,4400
854,3,173900,47900,62800,27800,4200
855,3,227400,51600,65600,29600,4300
856,3,214800,56900,63000,28500,4300
857,3,244800,54600,67600,28900,57400
858,3,270600,51400,64600,28800,62400
859,3,210500,50400,62000,28800,20800
860,3,176400,49600,62700,27800,4300
861,3,207200,49500,63300,28400,4400
862,3,199800,49300,62900,28100,4500
863,3,180200,48900,67300,27700,4100
864,3,174000,49400,66900,27600,4200
865,3,173800,49400,66800,27500,4200
866,3,189800,49300,66600,27500,9200
867,3,179000,49400,67200,28400,4300
868,3,171600,49400,62200,27600,4300
869,3,187600,49200,67000,27900,4200
870,3,191300,49300,62700,28400,4300
871,3,213700,58300,69100,28600,4600
872,3,219400,53100,64000,36400,4400
873,3,201700,50500,65200,28500,4500
874,3,236400,56000,70300,30100,4500
875,3,212500,51600,62600,30100,5100
876,3,226600,49700,63200,28900,4300
877,3,187900,49500,63400,28200,4300
878,3,213500,50100,67900,28600,4300
879,3,194900,49300,65200,29000,4400
880,3,183400,49500,67700,28000,4200
881,3,186400,49600,68200,28300,4500
882,3,185600,49600,67400,28100,4300
883,3,178400,49100,63100,28000,4200
884,3,187900,49000,67600,27900,4400
885,3,180600,49300,63200,27900,4200
886,3,248200,50000,67600,28500,4300
887,3,200500,49500,63700,28300,4400
888,3,182900,49200,67200,27700,4400
889,3,177200,49200,62700,28000,3200
890,3,183600,49700,67100,28200,4300
891,3,216000,49800,63000,30600,4400
892,3,187700,51100,63300,28000,4300
893,3,189500,49900,68400,28400,4400
894,3,195400,51800,63600,29600,4400
895,3,209100,56900,64300,29900,5100
896,3,194700,50300,68500,28600,4700
897,3,186900,50300,68100,28000,4300
898,3,230100,49600,63400,28200,4300
899,3,212400,51400,62600,29800,5000
900,3,200400,52900,62600,29800,5000
901,3,188200,50200,63700,28400,4400
902,3,185400,49800,63300,28100,4300
903,3,189200,49600,65800,29100,4400
904,3,194800,49400,67700,28400,4400
905,3,188700,49300,63700,28400,4500
906,3,224100,49800,67900,28700,4300
907,3,189400,49500,63100,28100,4400
908,3,189200,49600,67600,27900,4200
909,3,187600,49600,63500,28000,4400
910,3,258000,49700,63300,28800,4300
911,3,231600,49700,60500,28700,4400
912,3,184700,49200,67700,27900,4300
913,3,179400,49500,63000,28000,4400
914,3,185700,50500,69000,28200,4200
915,3,184300,48200,61400,29200,4400
916,3,186900,50300,63900,27900,3400
917,3,228400,57500,63100,28600,4400
918,3,291500,54600,63400,28800,57700
919,3,252400,50700,62200,28900,62200
920,3,202000,50800,68300,28500,20800
921,3,211800,49400,63200,28300,3400
922,3,205400,49700,67200,27900,4300
923,3,165800,49400,58700,27400,4300
924,3,172800,49400,66900,27400,4200
925,3,173600,49200,67200,27400,4200
926,3,169300,49200,62700,27600,4200
927,3,173800,49200,67800,28500,4200
928,3,175400,49300,66600,27400,4300
929,3,184700,49200,66800,27500,4300
930,3,187800,49700,66900,27900,4400
931,3,185200,49500,62700,28100,4300
932,3,182200,49300,63000,28100,4300
933,3,184800,49500,63100,28300,4300
934,3,222400,55100,64300,29900,5000
935,3,199200,50800,63300,28300,4400
936,3,215700,49700,63500,28300,4200
937,3,186000,49700,63700,28100,4300
938,3,207600,49500,63000,28300,4300
939,3,198100,50600,66400,29400,4300
940,3,180400,49400,67500,27900,4200
941,3,182800,49200,63100,27900,3300
942,3,184100,51000,66500,30800,4300
943,3,180800,49600,67300,27800,4300
944,3,182900,49100,67400,27900,4400
945,3,186000,48900,67400,27800,4400
946,3,205300,49400,63000,28400,4300
947,3,186100,51100,74200,27900,4300
948,3,223100,50100,63100,28600,4400
949,3,203900,49900,63400,28300,4300
950,3,179300,49400,62800,28100,4200
951,3,210900,49200,62800,29500,4300
952,3,186500,49400,63100,27900,4300
953,3,185800,49400,67600,28300,4300
954,3,181000,49400,62800,27900,4300
955,3,185200,49200,62800,27900,4300
956,3,186500,49400,67700,27900,4200
957,3,183700,49300,62500,28000,4500
958,3,226500,49100,60800,28500,4300
959,3,194100,54500,63000,28200,3300
960,3,177600,49700,63500,28000,4200
961,3,176900,49300,62900,28000,4400
962,3,174400,48800,63000,28100,4200
963,3,174900,49100,61500,29100,4200
964,3,179400,49200,62700,27900,4200
965,3,188100,49000,67700,28300,4300
966,3,219900,49200,67900,28200,4300
967,3,187300,49200,63000,28100,4400
968,3,185000,49000,67500,27800,4400
969,3,185500,49300,62900,28000,4500
970,3,211400,49700,67600,28300,4400
971,3,187000,49300,67700,28100,4300
972,3,188500,49800,67800,28400,4400
973,3,196100,54200,73400,40400,3300
974,3,185600,49500,67800,28500,4400
975,3,188100,49700,66100,29500,4300
976,3,186800,48200,64700,28200,4400
977,3,194600,53100,66200,28400,4400
978,3,260500,68700,70500,30000,5000
979,3,300200,55200,63100,28900,57600
980,3,262600,51500,61300,28800,62800
981,3,229900,50700,64000,28700,20900
982,3,208900,49800,68400,28500,4300
983,3,177500,54000,63000,27800,4300
984,3,179700,49500,67400,27800,4200
985,3,175600,49200,66700,27600,4400
986,3,180000,49200,66600,27700,4500
987,3,182800,49500,68100,28900,4300
988,3,172400,48800,58400,27700,4200
989,3,194100,49800,67800,28200,4400
990,3,191400,49400,67300,28100,4400
991,3,192600,49200,67900,28400,4200
992,3,198100,49300,67600,28100,4200
993,3,189000,49400,63800,28400,4400
994,3,201700,48800,60700,28300,4400
995,3,225400,49800,63300,28600,4600
996,3,247100,49700,61500,28800,4500
997,3,185500,49400,63400,28100,4400
998,3,211300,49400,67400,28100,4300
999,3,195800,53700,63600,29100,3200
1000,3,179300,49400,62800,27700,4300
1001,3,186400,54000,63500,28300,4200
1002,3,182200,49500,66900,28000,4300
1003,3,175800,49100,62500,27800,4400
1004,3,183200,49300,67300,27900,4200
1005,3,181600,49600,62900,28100,4300
1006,3,203200,49300,63400,28400,4300
1007,3,183000,49600,70600,36000,3300
1008,3,183000,49200,67200,27800,4300
1009,3,182700,53200,63400,28300,4300
1010,3,224900,49300,64800,28400,4400
1011,3,250600,49800,77900,48200,4400
1012,3,188100,49400,67000,28200,4500
1013,3,180700,49500,62600,28100,4300
1014,3,175900,49600,62800,28000,4400
1015,3,181800,49400,67100,28000,4300
1016,3,177600,49500,62500,27900,4300
1017,3,175100,49300,62800,27900,4300
1018,3,229300,49500,68700,28300,4400
1019,3,197100,50500,67300,28000,4300
1020,3,172800,49200,62100,27600,4400
1021,3,178700,49200,67300,27700,4300
1022,3,176000,49400,66800,27500,4300
1023,3,175000,49500,65100,29000,4200
1024,3,184100,49100,67400,27700,4200
1025,3,175900,49300,62900,27900,4500
1026,3,213100,55900,63700,28100,4300
1027,3,207300,52000,69400,28200,4200
1028,3,188800,51700,64400,28200,4400
1029,3,192700,54100,63100,28000,3300
1030,3,209300,49700,68200,28400,4400
1031,3,188300,49300,67000,27900,4300
1032,3,187600,49600,67100,28100,4300
1033,3,180300,49700,62700,28200,4300
1034,3,182100,49400,67200,27800,4300
1035,3,185800,49100,64400,28900,4200
1036,3,184800,49300,65100,28700,4400
1037,3,183400,48200,65300,28300,4300
1038,3,214200,50500,64500,28400,4300
1039,3,209800,56800,62600,28100,4500
1040,3,246800,54700,67700,28800,56200
1041,3,314000,51400,63500,28700,62300
1042,3,248000,50900,61500,28700,21100
1043,3,178300,49900,67400,27900,3300
1044,3,172600,49500,62700,27900,4200
1045,3,176600,49300,67300,27700,4200
1046,3,185000,49600,66800,27700,4300
1047,3,169900,49100,60800,28800,4100
1048,3,181400,49600,67000,28000,4300
1049,3,182600,49500,62600,28100,4400
1050,3,190000,49300,67200,28100,4400
1051,3,197500,49600,73500,40600,4400
1052,3,191000,49500,68100,28300,4400
1053,3,185000,49500,63100,28300,4300
1054,3,203900,49700,67800,28200,4400
1055,3,184900,49500,67100,28300,4400
1056,3,218500,49300,67400,28100,4300
1057,3,188300,49500,67700,28400,4400
1058,3,205900,49400,60300,28400,4300
1059,3,197300,49500,66400,29600,4400
1060,3,180100,49500,62600,28500,4200
1061,3,191900,51400,67500,28200,4400
1062,3,188100,49600,66400,27800,4200
1063,3,181200,49500,62900,28200,4400
1064,3,182300,49200,64600,28400,4200
1065,3,189000,49500,67100,28100,4300
1066,3,210600,49200,67900,28300,4400
1067,3,182800,49500,62600,28000,4400
1068,3,182200,49500,67100,28000,4300
1069,3,184100,49400,63000,28200,4400
1070,3,190600,49700,67700,28200,4500
1071,3,219300,49700,66400,29400,4400
1072,3,236300,49800,68200,28500,4400
1073,3,214200,54100,63700,28400,3500
1074,3,188600,49700,67700,28300,4300
1075,3,180400,49600,62400,28000,4400
1076,3,178200,49200,63000,27900,4200
1077,3,184500,49300,67100,28000,4400
1078,3,233600,49400,67600,28400,4300
1079,3,200600,49400,62800,28100,4300
1080,3,224100,49500,63100,28400,4200
1081,3,212700,49400,63300,28700,4400
1082,3,182700,49600,66900,27800,4300
1083,3,176400,49500,65100,29000,4300
1084,3,179100,49200,66800,27700,4200
1085,3,181300,49400,66500,27600,4300
1086,3,212500,49500,67500,28400,4300
1087,3,174700,49300,62700,27900,3200
1088,3,178100,49200,66900,27700,4300
1089,3,180400,49200,62600,28100,4400
1090,3,200000,49300,58900,28300,4300
1091,3,182700,49800,62300,27800,4200
1092,3,186200,49100,67100,28000,4200
1093,3,187200,49500,66700,27900,4200
1094,3,182400,49000,65600,27900,4300
1095,3,186300,49600,65300,29200,4400
1096,3,182900,49400,63100,28200,4300
1097,3,188700,54500,63000,28300,4400
1098,3,211400,48300,64900,28400,4300
1099,3,196600,50700,64100,28300,4500
1100,3,186600,56300,62300,28100,4400
1101,3,268100,54400,63500,28800,56100
1102,3,258400,51600,61400,28800,61900
1103,3,236900,50400,69900,32600,23200
1104,3,202900,56200,64500,28000,4500
1105,3,176800,51600,64000,27800,4200
1106,3,181900,49500,67000,27500,8800
1107,3,173900,49300,67300,28500,4400
1108,3,173600,53700,62500,27500,3200
1109,3,181700,54000,63200,28300,3300
1110,3,186600,49200,67400,28400,4300
1111,3,188100,49500,67600,27900,4400
1112,3,187700,49100,67400,28000,4500
1113,3,186500,49500,66700,28000,4300
1114,3,197800,49400,63100,28200,4400
1115,3,177500,49300,62800,28200,4400
1116,3,207400,49400,67700,28000,4300
1117,3,181100,49200,66700,27700,4300
1118,3,198900,49200,63000,27900,4300
1119,3,189100,49000,66300,29100,4200
1120,3,175900,49500,62700,28100,4200
1121,3,183100,49200,67700,28100,4300
1122,3,185500,49500,67000,28100,4500
1123,3,183700,49500,67100,27900,4300
1124,3,189100,52100,62700,28200,4400
1125,3,195700,49800,67200,28100,4400
1126,3,214100,49900,61000,28500,3500
1127,3,186800,49500,66600,27800,4400
1128,3,182400,49700,62700,28100,4400
1129,3,188100,53700,62800,28400,4400
1130,3,188700,49600,67500,28200,4600
1131,3,221100,49900,62700,30900,4200
1132,3,191900,49800,63100,28300,4300
1133,3,189300,54400,63200,28400,4200
1134,3,222600,50000,67700,28500,4500
1135,3,204800,49800,63100,28300,4400
1136,3,181800,49500,67400,28000,4300
1137,3,175600,49800,58600,28100,4300
1138,3,225000,50000,62800,28300,4300
1139,3,193700,49600,67700,28100,4400
1140,3,171800,49100,58300,27600,4300
1141,3,181400,49200,67800,28100,4300
1142,3,179600,49000,67300,27900,4200
1143,3,178300,49100,65900,29100,4200
1144,3,178800,49100,63100,27900,4300
1145,3,182200,49500,67400,28200,4300
1146,3,209800,49700,63200,28400,4400
1147,3,171000,48300,56100,27800,4300
1148,3,178900,50100,67100,27900,4400
1149,3,179400,49200,63900,28000,4300
1150,3,198000,49200,60300,28500,4300
1151,3,189700,50400,68300,27800,4300
1152,3,192700,49200,67400,28100,4400
1153,3,189700,49400,67500,28200,4600
1154,3,184500,50500,63200,31600,4300
1155,3,186600,49600,61200,29300,4300
1156,3,194900,49700,67500,28500,4400
1157,3,208000,51500,70500,34100,4400
1158,3,222000,49900,67900,28700,4300
1159,3,204400,47900,65500,28300,4500
1160,3,180000,50900,60200,27900,4400
1161,3,221800,56700,67400,28700,4300
1162,3,268300,55200,67000,28800,56100
1163,3,247500,51300,63700,28900,62200
1164,3,195400,50500,63500,28400,20600
1165,3,258700,54400,63400,28700,4400
1166,3,230600,50000,63100,28500,4400
1167,3,176300,49700,68200,28700,4200
1168,3,170100,49100,62200,27500,4200
1169,3,183800,49500,67300,28100,4400
1170,3,194900,49400,67700,27900,4400
1171,3,187000,49600,67900,28300,3300
1172,3,181200,49300,62800,27900,4200
1173,3,177500,49400,58600,28100,4300
1174,3,199800,49400,62400,28000,4300
1175,3,177700,49300,63000,28100,4300
1176,3,218800,54100,62800,27900,4300
1177,3,182900,54000,63300,27900,4400
1178,3,199400,49400,62600,27900,4300
1179,3,186800,49400,65500,28900,4300
1180,3,174900,49400,67000,27800,4300
1181,3,180100,49300,66800,27700,4400
1182,3,178200,49200,62500,27900,4300
1183,3,182000,49500,67100,27900,4300
1184,3,185400,49100,67100,27900,4300
1185,3,192400,49500,67700,27800,4300
1186,3,207700,54500,63000,28400,3300
1187,3,184600,49600,68900,28200,4400
1188,3,215000,61300,74100,29000,4400
1189,3,189500,50900,67900,32000,4400
1190,3,188200,49300,67700,28200,4300
1191,3,217500,49800,65800,29600,4400
1192,3,186100,49300,63400,28000,4300
1193,3,184500,49400,63100,28300,4200
1194,3,186300,49400,67600,28200,4300
1195,3,182900,49200,67400,27900,4300
1196,3,216000,49200,63700,28300,4500
1197,3,205100,49700,68100,28300,4300
1198,3,228400,49800,67400,28300,4400
1199,3,191300,49400,67000,28000,4300
1200,3,173400,49400,62700,27700,4200
1201,3,179400,49500,67000,27800,4300
1202,3,179100,53500,62800,27500,4000
1203,3,182200,49600,65900,29300,4300
1204,3,179300,49300,67000,28100,4200
1205,3,189000,49500,67600,27900,4300
1206,3,212100,49400,67400,28300,4500
1207,3,177200,49300,63000,27700,4200
1208,3,175300,49400,62500,27800,4200
1209,3,184700,49000,67300,27900,4300
1210,3,210900,49800,64800,28500,3300
1211,3,187600,54300,63100,28300,4300
1212,3,184900,49600,62700,27900,4400
1213,3,190000,49600,67500,28200,4400
1214,3,177800,49400,58200,28000,4300
1215,3,186800,49900,60800,29400,4300
1216,3,187200,49900,62700,28500,4500
1217,3,194800,49900,67800,28500,4300
1218,3,223600,49700,68000,28700,4500
1219,3,197200,49700,63500,28200,3400
1220,3,184500,48000,66700,27900,4400
1221,3,214300,50900,63500,28100,4400
1222,3,213300,56500,63300,28300,4300
1223,3,232200,54200,63000,28400,56400
1224,3,234800,51000,61400,28700,62200
1225,3,196400,50300,63700,28400,20700
1226,3,181700,54200,62500,27600,3400
1227,3,218000,49500,67100,29900,4400
1228,3,198800,49900,63500,28500,4400
1229,3,182100,49200,63100,28400,4200
1230,3,188700,49300,67400,28000,4400
1231,3,197000,49300,67800,28300,4400
1232,3,189600,54200,63900,28200,4500
1233,3,188600,49600,63300,28400,4400
1234,3,205900,49800,63500,28400,4300
1235,3,184200,53800,62800,28200,4400
1236,3,203900,49700,58300,28100,4300
1237,3,179100,49300,63200,27900,4300
1238,3,204000,49500,64700,28300,4400
1239,3,187100,49300,62900,29500,4300
1240,3,179100,53400,62700,27800,4200
1241,3,184500,49500,67300,28000,4300
1242,3,185900,49700,66900,27800,4400
1243,3,183400,49500,66900,28000,4500
1244,3,194000,54100,62900,28100,3400
1245,3,185500,49400,63600,28300,4300
1246,3,211100,50000,63300,28500,4400
1247,3,187200,49100,68300,28200,4300
1248,3,190100,49600,67000,27900,4300
1249,3,190100,49500,63000,28200,4500
1250,3,230500,49700,68100,28600,4400
1251,3,254600,50200,67300,30800,4500
1252,3,191900,50000,67200,28100,4300
1253,3,183000,49700,63300,28300,3400
1254,3,178900,49400,62600,28100,4300
1255,3,185500,50500,59700,28000,4400
1256,3,180700,49900,62100,28000,4300
1257,3,175800,49500,62800,28000,4500
1258,3,267100,50000,64000,28600,4500
1259,3,211800,49800,63300,28400,4400
1260,3,178700,49600,67100,27700,4300
1261,3,174400,49500,62700,27900,4300
1262,3,171800,49000,62700,27800,4300
1263,3,178700,49500,67900,28900,4200
1264,3,174400,49400,62200,27700,4300
1265,3,187700,53200,67300,28200,3800
1266,3,243800,51700,69400,28500,4300
1267,3,190000,52000,67000,27600,3400
1268,3,176400,49500,67100,27700,4300
1269,3,180000,49600,66900,27900,4500
1270,3,202600,49700,66800,28100,4300
1271,3,174700,49300,62500,27800,4400
1272,3,181900,53500,62300,27800,4300
1273,3,175300,49400,62900,27900,4300
1274,3,179800,50300,67100,27900,4300
1275,3,188700,54000,64200,29300,3400
1276,3,188700,49400,67100,27900,4400
1277,3,190700,49200,67300,28300,4600
1278,3,213900,50200,61600,31900,4500
1279,3,198500,49600,63200,28300,4400
1280,3,189600,49400,71500,27900,4300
1281,3,205400,48100,60800,28400,4400
1282,3,205700,50700,65700,28200,4500
1283,3,183100,56000,65300,27800,4400
1284,3,229100,54000,62700,28600,56200
1285,3,246500,51000,65800,28500,73500
1286,3,195400,55400,63400,28500,19600
1287,3,178500,49400,65200,28800,4500
1288,3,175400,50700,67200,27700,3500
1289,3,219400,49700,62800,28500,4400
1290,3,208200,49600,62600,28500,4300
1291,3,188400,49500,67400,28200,4300
1292,3,185000,49300,67200,28100,4600
1293,3,187600,49600,62400,28000,4400
1294,3,203500,49200,63100,28300,4300
1295,3,189300,49400,66900,28000,4300
1296,3,213700,49700,62900,28100,4500
1297,3,185500,49600,62900,28200,4500
1298,3,208600,54100,62800,28200,4400
1299,3,187600,49500,61700,29100,4500
1300,3,173400,49500,63000,27700,4300
1301,3,181100,49100,68000,28000,4300
1302,3,180200,49200,67000,28000,4200
1303,3,174700,49100,62700,28000,4300
1304,3,182400,53900,62400,27900,4400
1305,3,192600,53700,66300,28400,4300
1306,3,203100,49900,62800,28400,4400
1307,3,185400,49200,67500,28300,4400
1308,3,185000,53900,62800,27800,4400
1309,3,185800,49500,62800,28300,4400
1310,3,191300,49700,67200,28200,4400
1311,3,217700,49400,67000,29900,4500
1312,3,190300,49600,64200,28600,4400
1313,3,186000,49400,63200,28600,4500
1314,3,182800,49600,63300,28300,4300
1315,3,182600,49500,62900,28300,4300
1316,3,186400,49300,67600,28300,4300
1317,3,181800,49400,63400,28100,4600
1318,3,232400,49800,63400,28700,4400
1319,3,190700,49500,64100,28200,4500
1320,3,220200,49800,67700,28400,4300
1321,3,202500,49900,62900,28500,4500
1322,3,176900,50400,62700,27900,4400
1323,3,180500,49600,68300,29000,4300
1324,3,181300,49100,67400,28000,4400
1325,3,186700,54700,64500,28100,3500
1326,3,220600,49800,67500,28300,4500
1327,3,184300,49300,62600,27900,4400
1328,3,176900,49300,62500,27800,4300
1329,3,186200,49500,66900,28000,4300
1330,3,204900,54200,63200,28100,4500
1331,3,181700,54000,62900,27800,3300
1332,3,179500,49700,62600,27700,4300
1333,3,180300,49100,62600,27900,4200
1334,3,184300,49800,67400,27900,4200
1335,3,223700,49400,62800,29700,4300
1336,3,218800,49700,60700,28700,4400
1337,3,189100,49900,67400,28500,4400
1338,3,211300,49500,60400,28500,4400
1339,3,198300,49600,63000,28400,4400
1340,3,186300,49400,67400,28000,4400
1341,3,222600,54300,63300,28200,4300
1342,3,202100,48300,60200,28400,4500
1343,3,192300,52900,75600,27600,4300
1344,3,191500,59100,63900,27800,4400
1345,3,271300,57200,66500,30000,75600
1346,3,274100,55200,64400,30100,80900
1347,3,219700,54600,66600,31100,23700
1348,3,185500,50200,63700,28600,4800
1349,3,192200,50100,63600,28200,4300
1350,3,191600,49800,67400,28400,4300
1351,3,230400,49900,63800,28500,4300
1352,3,208200,49500,63500,28400,4200
1353,3,190700,54500,63300,28100,4300
1354,3,211500,49900,72900,40100,3500
1355,3,179800,49200,63200,28100,4400
1356,3,211900,54200,63400,28100,4400
1357,3,174200,49200,58800,27800,4300
1358,3,199300,49300,62800,27700,4200
1359,3,191500,50600,66300,29500,4300
1360,3,179300,50900,67700,27700,4300
1361,3,182000,50300,64500,27800,4400
1362,3,205600,56400,69900,30000,4900
1363,3,201200,52600,70400,30200,5000
1364,3,185300,50200,67900,28400,4400
1365,3,178600,49800,63000,27600,4400
1366,3,208700,50600,68500,28500,4400
1367,3,173500,49200,62400,27800,3200
1368,3,176800,49000,58800,27800,4200
1369,3,190800,49400,68500,27900,4300
1370,3,191900,50500,67700,28000,4400
1371,3,222100,49700,66800,30800,4200
1372,3,192100,50400,61400,28300,4400
1373,3,213400,53500,67400,29900,4900
1374,3,180700,50200,58800,28200,4300
1375,3,184500,49700,63700,28000,4400
1376,3,185100,49500,67200,28000,4300
1377,3,185100,54500,62800,28000,4500
1378,3,228900,49900,63300,28400,4400
1379,3,203400,54100,63300,28000,4400
1380,3,184500,49200,58600,28000,4400
1381,3,181500,49100,62800,28200,4200
1382,3,216800,49500,58800,28400,4400
1383,3,206400,49300,67100,29900,4300
1384,3,180100,49600,62400,27700,4400
1385,3,180600,49200,62600,28200,4400
1386,3,216800,49700,67400,28500,4400
1387,3,184100,49400,66500,27700,4400
1388,3,171400,49600,58000,27800,4200
1389,3,176900,48900,62400,27900,4200
1390,3,202500,49700,63000,28200,4300
1391,3,181100,53600,62600,28100,3300
1392,3,184800,49600,67600,28200,4200
1393,3,197800,63600,62700,27900,4400
1394,3,176600,49400,63100,27900,4400
1395,3,181900,49300,63600,29000,4200
1396,3,186200,49500,67500,28200,4400
1397,3,183000,49300,63100,28200,4300
1398,3,215200,49600,65400,28500,4300
1399,3,201000,49600,63600,28300,4300
1400,3,187400,49800,63200,28000,4300
1401,3,215900,49400,63100,28400,4400
1402,3,210500,50100,65300,28400,4300
1403,3,197300,52400,62700,29700,5000
1404,3,188700,50900,67000,28300,4400
1405,3,186600,56900,65500,28100,4300
1406,3,235500,54400,63300,28600,57500
1407,3,238400,52200,63300,30000,62200
1408,3,200200,55500,62800,28700,20700
1409,3,190000,53900,63000,28700,4300
1410,3,200800,51100,70800,31000,4600
1411,3,203300,54500,64000,28500,4400
1412,3,190300,49600,63100,28100,3400
1413,3,228500,50200,60700,28800,4300
1414,3,239300,50100,68000,28400,4500
1415,3,193000,54000,62900,27900,4300
1416,3,214200,49700,67300,28400,4400
1417,3,186500,49500,67100,27900,4400
1418,3,215400,53800,63200,28100,4400
1419,3,194900,51500,63600,29400,4300
1420,3,247600,51500,63100,29300,4400
1421,3,236900,52300,68000,30200,5200
1422,3,204100,52500,70800,29900,5100
1423,3,201000,56600,65400,30100,5100
1424,3,191800,53100,64600,29500,4900
1425,3,193600,50600,67700,28500,4900
1426,3,209400,49600,63000,28200,4400
1427,3,178300,50000,67400,27900,4400
1428,3,177400,49100,67900,27700,4100
1429,3,183200,49200,65100,28100,4300
1430,3,186000,49300,63100,28000,4300
1431,3,232700,50100,63000,29700,3300
1432,3,194400,49600,62700,28000,4300
1433,3,189800,49600,63100,28200,4400
1434,3,188200,49200,67700,28100,4400
1435,3,190400,53700,63500,27900,4300
1436,3,179600,49200,63200,28100,4400
1437,3,180300,49200,63100,27800,4400
1438,3,235100,53900,63800,28500,4300
1439,3,196900,49700,67800,28300,4400
1440,3,182400,49400,62600,27700,4400
1441,3,175400,49100,58600,28000,4300
1442,3,179000,49200,63000,27900,4400
1443,3,174100,49300,63900,28900,4300
1444,3,244500,52000,63200,30300,5000
1445,3,208400,50300,60100,28600,4400
1446,3,250900,52100,65000,30200,4900
1447,3,202600,53500,67800,29900,5000
1448,3,190700,50900,68700,28000,4300
1449,3,178700,49400,63400,28100,4300
1450,3,207100,49600,68200,28300,4300
1451,3,183300,50900,67600,27900,4300
1452,3,181100,49200,67100,27700,4300
1453,3,175600,49100,62700,27600,4300
1454,3,173500,48900,63200,27500,4100
1455,3,184900,50700,65900,29100,4300
1456,3,179100,49600,62500,27800,4200
1457,3,182900,49300,67000,28100,3400
1458,3,213900,49700,68200,28100,4400
1459,3,196500,49600,67100,28200,4400
1460,3,177900,49300,62900,27700,4300
1461,3,211800,49600,63200,28000,4300
1462,3,211600,49600,67300,28300,4100
1463,3,181900,54000,62600,27500,4300
1464,3,187100,48000,67000,27700,4200
1465,3,189300,50800,65900,28200,4300
1466,3,192900,56600,65500,28200,4200
1467,3,237900,54400,61200,29900,57400
1468,3,243600,51500,66400,29100,62300
1469,3,202700,50200,61600,28800,20900
1470,3,195100,49700,67700,28300,4500
1471,3,191200,49400,63600,28400,4400
1472,3,194200,49600,67800,28200,4300
1473,3,198000,54100,63700,28500,4400
1474,3,206200,54000,62800,28100,4400
1475,3,216700,49300,59000,28200,4500
1476,3,233600,49600,62900,28400,4500
1477,3,178200,49300,58400,27900,4300
1478,3,201600,49500,62900,28100,4300
1479,3,189200,49600,65900,29200,4300
1480,3,178500,53800,63000,27600,4300
1481,3,175700,49200,62700,27800,4300
1482,3,181000,49300,67200,28100,4300
1483,3,178300,49400,66700,27800,4400
1484,3,176100,49300,62600,27900,4400
1485,3,177300,49500,62500,28000,4200
1486,3,235300,56900,72700,30100,5000
1487,3,187600,51200,68100,28600,4800
1488,3,178600,49800,63100,28100,4400
1489,3,181300,49400,63200,28100,4400
1490,3,181000,49300,62800,27800,4300
1491,3,220000,50200,64200,31500,4200
1492,3,192600,49900,63300,28200,4400
1493,3,193700,49700,67800,28300,4400
1494,3,189300,51400,64000,32000,4400
1495,3,187700,49500,63300,28100,4400
1496,3,205400,51700,72600,31700,4300
1497,3,197100,49400,63900,28100,4400
1498,3,240200,49900,67800,28500,4400
1499,3,199100,49700,63400,28300,4500
1500,3,181100,49300,62700,27900,4200
1501,3,186500,50100,67500,28300,4400
1502,3,178700,49000,62500,27900,4300
1503,3,194200,49500,72000,29300,4300
1504,3,188200,49500,63300,28300,4400
1505,3,227900,49700,67700,28400,4500
1506,3,297500,49700,63500,28600,4400
1507,3,207500,49500,67300,28000,4200
1508,3,177500,49300,67300,27800,4300
1509,3,177100,49400,62600,28000,4400
1510,3,206400,49200,67900,28200,4300
1511,3,176800,49800,63000,27800,3100
1512,3,181400,53600,62800,27500,4200
1513,3,180400,49600,66900,27700,4200
1514,3,177700,53600,62200,27600,4200
1515,3,180900,49300,63700,28800,4200
1516,3,178300,49600,62800,28100,3300
1517,3,180500,49600,63100,28200,4300
1518,3,207900,49500,62900,28400,4300
1519,3,192000,49800,62400,28000,4500
1520,3,185200,49300,67200,27800,4200
1521,3,206500,49400,63300,28200,4400
1522,3,200700,49200,63000,28000,4300
1523,3,174200,49200,62600,27500,4300
1524,3,179300,49000,67400,27600,4200
1525,3,178700,47800,66600,27700,4400
1526,3,179600,50000,65600,27400,4300
1527,3,188800,56500,67700,28900,4200
1528,3,242000,54200,67200,28900,57300
1529,3,270900,53300,68600,30100,65000
1530,3,216800,50800,68500,28700,20400
1531,3,192000,49600,63400,28300,4400
1532,3,190400,49300,67500,27900,4300
1533,3,186500,49600,63000,28200,4400
1534,3,213600,54100,64000,28000,4500
1535,3,185000,49500,63200,28300,4300
1536,3,207300,49600,62600,28000,4300
1537,3,224200,49700,68100,28300,4300
1538,3,229800,49600,67800,28000,4300
1539,3,223500,54100,95600,70600,4400
1540,3,173300,50000,63300,28000,4600
1541,3,182600,49200,62800,28000,4300
1542,3,175400,49500,63200,27900,4200
1543,3,171100,49400,62800,27500,3200
1544,3,174500,49200,62600,27700,4100
1545,3,175700,49200,62600,27800,3200
1546,3,200800,49500,62700,28000,4300
1547,3,171200,49200,62300,27500,4300
1548,3,177600,49500,66700,27700,4100
1549,3,197100,49400,76100,42800,4200
1550,3,189900,49200,66900,27800,4400
1551,3,228800,49500,61800,29600,4300
1552,3,190800,49700,62900,28200,4500
1553,3,192800,49600,68000,28200,4500
1554,3,187600,49700,58100,28000,4500
1555,3,187900,49500,63300,28300,4300
1556,3,184900,49500,62800,28100,4300
1557,3,185600,49500,63100,28100,4300
1558,3,237800,49700,65800,28600,4300
1559,3,201100,49800,67400,28100,4400
1560,3,181500,49800,60400,28300,4300
1561,3,186800,49600,67200,27900,4400
1562,3,185100,49400,67300,28200,4500
1563,3,178600,49200,62300,29500,4400
1564,3,185800,49600,67600,27900,4500
1565,3,183800,49200,63200,28100,4400
1566,3,216800,49800,64600,28300,4300
1567,3,186400,54200,63100,28100,4400
1568,3,218600,49000,61300,28300,4300
1569,3,209800,49900,63300,28600,3500
1570,3,211300,50700,65600,28300,4100
1571,3,190700,50300,72600,36400,4300
1572,3,181100,53400,62400,27800,4200
1573,3,178200,49200,63700,28100,3300
1574,3,174300,52200,58300,27800,4300
1575,3,189200,50400,67000,29400,4100
1576,3,213000,51700,70300,28200,13000
1577,3,202100,57200,71700,29700,4400
1578,3,219900,50200,63600,28600,4800
1579,3,196800,49900,63900,28400,4300
1580,3,189900,49500,67500,28000,4300
1581,3,220200,50000,67700,28500,4400
1582,3,209600,49400,63000,28100,4300
1583,3,179500,49100,67200,27500,4200
1584,3,180400,49900,63800,27800,4300
1585,3,193900,56700,70400,28500,4300
1586,3,183700,48300,67400,27600,4400
1587,3,183900,50000,65500,29100,4300
1588,3,192400,57000,63300,28200,4400
1589,3,253600,54600,63300,29000,57700
1590,3,305100,51600,61200,28700,62500
1591,3,241300,50100,59700,28600,21000
1592,3,201900,50000,67700,28200,4400
1593,3,187500,49400,63700,28600,3400
1594,3,210900,49700,68000,28500,4300
1595,3,187300,49400,67700,27900,4500
1596,3,211100,49300,63100,28200,4300
1597,3,184300,49400,63400,28200,4300
1598,3,200800,49300,62900,27700,4300
1599,3,231900,54400,64300,29600,4400
1600,3,201200,49800,67300,28300,4200
1601,3,179500,53600,62800,27700,4400
1602,3,178100,49200,67200,27900,4500
1603,3,176500,49500,67000,27500,4300
1604,3,175600,49500,58400,27600,4300
1605,3,182500,49300,67800,27800,4300
1606,3,204500,49700,67600,28100,4300
1607,3,175900,49400,66900,27700,4400
1608,3,176600,49300,66600,27600,4300
1609,3,179700,53400,62800,27700,3300
1610,3,182200,49200,67200,27800,4300
1611,3,212200,53700,63100,30500,3300
1612,3,193700,50700,67300,28100,4400
1613,3,183000,49800,63300,28100,4500
1614,3,174500,49100,62400,27900,4300
1615,3,180100,49500,63500,28200,4400
1616,3,187200,50700,67200,28100,4300
1617,3,182600,49000,63200,28000,4300
1618,3,233800,49000,64600,28300,4400
1619,3,193800,49200,63400,28300,4200
1620,3,185100,53900,62700,27800,4400
1621,3,185800,53700,63400,28000,4400
1622,3,178900,49400,67700,27700,3300
1623,3,174200,48800,59600,28900,4400
1624,3,183000,49500,63800,27900,4400
1625,3,181000,49600,63100,28000,4500
1626,3,215300,49500,67600,28100,4400
1627,3,186600,53800,63000,28000,4300
1628,3,178900,49400,63000,27800,4400
1629,3,176900,49200,62200,27800,4400
1630,3,245700,49400,68200,28400,4300
1631,3,205800,49600,67400,28200,4300
1632,3,181200,49400,66900,27800,4200
1633,3,181400,49200,67200,28000,4500
1634,3,185100,49100,67500,28000,4200
1635,3,188100,49200,61900,29100,4300
1636,3,196900,49300,67500,28200,4400
1637,3,188400,49200,63000,28200,4200
1638,3,217700,49200,67600,28500,4500
1639,3,195300,49300,62800,28200,4400
1640,3,176200,52200,57400,27800,4300
1641,3,219600,49400,73400,42900,4200
1642,3,207600,49400,67600,28200,4300
1643,3,172600,49100,63000,27600,4500
1644,3,174600,49100,66600,27600,4300
1645,3,182000,49500,66900,27600,4100
1646,3,173500,49300,62300,27800,4300
1647,3,173200,48100,61000,28900,3200
1648,3,180300,50400,63000,27800,4300
1649,3,195800,56300,62900,28400,4400
1650,3,253900,54400,67500,28800,56100
1651,3,259400,50900,67800,28500,62400
1652,3,221200,54300,69900,28600,20900
1653,3,189900,49600,63300,28300,4500
1654,3,224700,54100,62600,28800,4400
1655,3,190600,51900,63700,28100,4500
1656,3,215100,49400,63000,28300,4400
1657,3,187600,49800,67600,28200,4400
1658,3,217300,49600,67500,28200,4400
1659,3,207600,54700,64500,29600,4300
1660,3,174900,49000,62700,27900,4300
1661,3,233200,58100,63300,28500,4400
1662,3,205500,49500,67800,28400,4300
1663,3,179900,49600,67000,27700,4400
1664,3,176700,49800,62500,28000,4300
1665,3,178900,49000,63100,27700,4200
1666,3,209900,49700,66900,28000,4400
1667,3,184400,49400,67000,28000,4300
1668,3,177500,49400,62200,27700,4400
1669,3,188500,49000,67500,28300,4300
1670,3,180300,49500,62600,28000,4200
1671,3,211700,49300,62300,29300,4300
1672,3,190700,49600,66700,27900,4400
1673,3,185300,49200,62800,28000,4300
1674,3,180700,49100,62500,27800,4300
1675,3,236100,49500,76500,42800,4500
1676,3,217400,49600,67600,28500,4600
1677,3,178600,49200,62800,27900,4400
1678,3,233200,49800,67400,28300,4300
1679,3,193600,49200,63000,28200,4400
1680,3,184700,49300,66800,27800,4300
1681,3,180800,49100,62700,27900,4400
1682,3,184000,49300,67200,28100,4200
1683,3,180700,49000,63900,28900,4300
1684,3,183400,49300,67200,28000,4300
1685,3,184400,48900,67200,27900,4400
1686,3,210900,49200,62500,28200,4400
1687,3,180400,49200,62600,27600,4500
1688,3,185600,49300,66400,27600,3600
1689,3,178800,49300,62400,27900,4400
1690,3,208400,49200,68000,28500,4500
1691,3,177900,49400,63300,27700,4300
1692,3,214700,49300,62700,27900,4300
1693,3,199400,49300,62800,28200,4300
1694,3,177900,49000,67400,27700,4200
1695,3,177000,49300,60900,29200,4200
1696,3,178300,49400,62700,27900,4400
1697,3,184400,53600,63100,27900,4300
1698,3,223200,49400,78400,39300,4300
1699,3,196600,49600,67400,28200,4400
1700,3,191200,50700,77500,43100,4400
1701,3,204000,49100,63200,28200,4300
1702,3,209500,52500,69900,28000,4400
1703,3,173200,49200,67100,27500,4200
1704,3,178500,49000,66800,27500,4200
1705,3,177500,56000,63300,27500,4300
1706,3,174600,49000,62400,27400,4200
1707,3,174700,54100,63400,28700,4200
1708,3,181100,49400,69800,33300,4400
1709,3,184500,50100,63700,28000,4200
1710,3,192400,56400,60400,27900,4400
1711,3,249000,54600,63300,28500,57000
1712,3,250600,51200,65700,28700,62300
1713,3,212700,50500,68500,28600,20900
1714,3,201300,50000,63200,28100,3400
1715,3,182200,49300,62800,27900,4400
1716,3,211200,49700,67700,28300,4300
1717,3,183200,49200,63700,27800,4300
1718,3,209400,49400,67400,28100,4400
1719,3,192500,49400,61700,29100,4300
1720,3,185800,49100,62800,28100,4300
1721,3,190400,49600,66900,28000,4500
1722,3,182000,49700,62600,27800,4400
1723,3,217400,49500,63000,28500,4400
1724,3,205800,49200,68100,28500,4400
1725,3,184500,49400,67800,28100,4300
1726,3,201200,49100,63500,28400,4300
1727,3,178700,49100,67200,27800,4200
1728,3,180700,49300,67100,28000,4400
1729,3,183100,49400,66900,27600,4300
1730,3,179100,49300,62700,28100,4300
1731,3,214800,49700,67100,30600,4400
1732,3,189300,49300,67400,28300,4400
1733,3,185700,54000,63300,28100,4400
1734,3,182200,49300,67300,28200,4400
1735,3,185200,49200,62700,27700,4400
1736,3,214900,52300,93300,43600,4100
1737,3,198300,51800,65300,29800,5000
1738,3,239100,49800,68500,28800,4600
1739,3,193900,49600,63000,28200,4300
1740,3,182100,49600,59200,28000,4300
1741,3,187100,49600,63000,28000,4400
1742,3,185000,49400,67200,28100,4400
1743,3,186500,49500,66400,29300,4400
1744,3,191600,54200,63700,28100,4400
1745,3,194800,49200,71200,28500,4400
1746,3,217500,49500,65200,28500,4500
1747,3,183200,49100,63500,28100,4200
1748,3,183100,49100,67500,28100,4300
1749,3,183000,49200,63100,28200,4400
1750,3,204100,49300,60800,28400,4400
1751,3,192400,49500,67300,28000,4300
1752,3,197700,49600,67400,27900,4400
1753,3,182300,49000,62800,27900,4600
1754,3,221400,49300,63300,28300,4400
1755,3,206400,49300,62500,29600,4300
1756,3,188000,49500,67000,28100,4300
1757,3,184500,49100,63000,28000,4500
1758,3,213100,49400,63600,28500,4200
1759,3,202900,49200,67200,28000,4400
1760,3,217800,49800,62500,28300,3400
1761,3,242300,49800,62800,28400,4400
1762,3,200700,49500,62800,28100,4300
1763,3,174500,49000,62700,27500,4200
1764,3,168800,48900,62400,27700,4200
1765,3,168800,48800,62500,27400,4200
1766,3,168800,49300,62100,27300,4100
1767,3,173200,49100,67200,28500,4200
1768,3,170200,49100,62000,27300,4100
1769,3,179300,48000,63600,27500,4300
1770,3,186700,50200,63500,28100,4300
1771,3,200900,56700,66000,28200,4500
1772,3,248400,53900,63500,28800,57500
1773,3,250400,51500,64000,28800,62100
1774,3,217800,50300,59700,28500,20700
1775,3,186400,49600,63100,28100,4300
1776,3,217100,49800,63100,28200,4300
1777,3,181600,49600,62800,28100,4300
1778,3,208500,49500,67500,28300,4200
1779,3,194500,49400,68100,29100,4200
1780,3,174100,49200,62400,27600,4300
1781,3,176400,49000,62500,27800,4300
1782,3,183600,53800,63700,27800,4400
1783,3,184900,50000,67300,27900,4400
1784,3,189500,49600,67300,27800,4300
1785,3,213400,49200,59100,28200,4200
1786,3,228700,49500,61300,28500,4200
1787,3,176400,49400,67300,27800,4300
1788,3,172200,49100,62400,27400,4300
1789,3,181700,49300,67400,28000,4300
1790,3,182500,49400,67100,28000,4400
1791,3,214100,49300,62000,29300,4300
1792,3,186400,49300,66800,27800,4300
1793,3,184300,49300,67000,28000,4300
1794,3,175700,49400,62500,27500,4300
1795,3,180400,53500,62500,27600,4200
1796,3,174500,49100,62500,27500,4300
1797,3,179500,49100,66900,27800,4200
1798,3,221400,49500,63000,28200,4500
1799,3,191300,49100,67600,28000,4200
1800,3,172700,48800,62700,27700,4200
1801,3,175800,49100,63200,27700,4400
1802,3,181500,49500,66900,27900,4300
1803,3,178600,49300,60900,29000,4400
1804,3,187500,49300,63500,28000,4400
1805,3,189500,49200,62700,28300,4400
1806,3,232300,49600,62900,28500,5500
1807,3,195800,49400,68200,28100,4400
1808,3,180900,49400,63000,27900,4500
1809,3,182500,49100,62800,27900,4500
1810,3,209800,49400,67100,28300,4500
1811,3,186700,49200,67500,28100,4400
1812,3,185500,49500,66600,28000,4400
1813,3,188500,49500,63200,28100,4300
1814,3,181400,49500,62700,28000,4300
1815,3,197600,54200,69400,34000,4300
1816,3,278000,54700,65100,29900,4600
1817,3,240000,53000,67100,29700,4800
1818,3,221200,50400,68500,28400,4300
1819,3,197600,49700,63700,28200,4300
1820,3,175700,49000,58900,28000,4300
1821,3,210500,49700,62900,27900,4200
1822,3,204000,49500,63500,28100,4400
1823,3,172500,49700,63000,27600,4400
1824,3,171900,49100,63700,27600,4400
1825,3,171500,49300,63400,27500,4100
1826,3,179100,50300,68100,27900,4300
1827,3,170900,49300,63200,28600,4300
1828,3,178800,49300,67900,27800,4400
1829,3,187000,51200,64000,31800,4400
1830,3,185800,48600,63100,27900,4300
1831,3,193100,50600,66300,28200,4400
1832,3,195400,56600,63500,28200,4400
1833,3,249400,54400,62900,28600,57400
1834,3,272200,51500,68700,28700,62700
1835,3,211200,50900,67700,28500,21000
1836,3,222800,54100,63500,28100,4500
1837,3,193700,49700,63000,27900,4300
1838,3,213500,49900,63400,28300,4200
1839,3,195000,49300,62000,29500,4300
1840,3,178600,49300,63000,27800,4400
1841,3,187200,49000,67700,27900,4300
1842,3,182700,49200,63500,28000,4400
1843,3,179700,49500,63000,27800,3300
1844,3,199300,49400,74300,27900,4300
1845,3,227800,49500,63400,28300,4400
1846,3,244200,50200,68400,28600,4400
1847,3,213600,49500,63300,27800,4200
1848,3,206100,50400,68700,28200,4300
1849,3,184300,49500,67800,27900,4300
1850,3,179500,49300,63200,27700,4300
1851,3,211300,49300,62700,30200,4200
1852,3,183400,49800,62400,27900,4300
1853,3,176000,49000,58800,27700,4300
1854,3,175500,49600,63000,27900,4300
1855,3,177300,49300,62500,27600,4200
1856,3,179000,49300,66800,27600,4300
1857,3,185400,49200,67100,27900,4100
1858,3,233700,55200,63300,28300,3300
1859,3,187600,49500,63000,27800,4300
1860,3,173100,49100,62600,27800,4400
1861,3,173300,49200,62400,27500,4300
1862,3,175600,49000,66500,27500,4200
1863,3,175500,49300,63200,29000,4300
1864,3,185400,49600,68000,28200,4400
1865,3,182200,49300,62800,27700,4500
1866,3,212300,49600,63200,28100,4300
1867,3,188500,49300,67800,28000,4300
1868,3,180500,49300,62800,27800,4300
1869,3,183100,49400,63300,27900,4400
1870,3,207800,50800,67700,28200,4500
1871,3,184400,49300,67400,27800,4300
1872,3,180600,49100,63500,27900,4300
1873,3,183800,49400,66800,27800,4300
1874,3,176100,49600,62100,27700,4300
1875,3,182100,49300,61600,29000,4400
1876,3,183300,50200,60300,31000,4400
1877,3,180400,50000,62600,27800,4200
1878,3,248300,50300,63200,28500,4400
1879,3,217000,49800,63800,28200,4400
1880,3,184900,49600,62900,27500,4300
1881,3,212000,50000,68100,28300,4400
1882,3,204700,49700,67500,27900,4300
1883,3,175400,49800,67300,27300,4300
1884,3,169300,49400,62500,27200,4200
1885,3,169700,49300,62600,27100,4200
1886,3,175800,56400,62900,27200,3200
1887,3,176100,49900,68300,28400,4300
1888,3,172300,49500,62800,27300,4200
1889,3,188300,50200,67100,27900,4500
1890,3,195400,49600,67200,28100,4500
1891,3,194900,60600,57000,28100,4400
1892,3,192200,51100,63800,27900,4300
1893,3,198700,57000,66400,28300,4500
1894,3,264000,54500,68100,28700,56100
1895,3,247900,51400,64500,28500,62500
1896,3,261100,53800,69400,28900,25800
1897,3,196100,52400,62100,28400,4400
1898,3,233200,52300,68800,30200,5100
1899,3,211600,50200,71200,29600,4500
1900,3,184700,53700,60400,28000,4300
1901,3,202700,52000,66800,29800,5000
1902,3,193700,51300,67900,28400,4400
1903,3,176200,48900,59600,28100,4300
1904,3,182800,49500,63300,28200,4300
1905,3,185900,50500,63400,28000,4400
1906,3,214900,49700,67500,28400,4300
1907,3,181600,49100,62800,28100,4300
1908,3,174000,49100,62700,28000,3500
1909,3,222500,49500,63000,28200,4300
1910,3,213000,51200,68400,28400,4400
1911,3,228300,50600,65500,29700,4400
1912,3,197900,50400,68700,28300,4400
1913,3,209600,54200,67600,30100,5000
1914,3,190200,51200,68800,28500,4400
1915,3,180600,49300,62700,27800,4300
1916,3,183200,49400,67700,28100,4200
1917,3,179400,49300,64200,27800,4400
1918,3,232300,49800,67500,28400,4300
1919,3,186800,49300,58900,27900,4400
1920,3,177800,48800,63300,27600,4300
1921,3,181500,49300,63100,28000,4500
1922,3,184500,48900,67400,27900,4300
1923,3,179400,49300,63500,29000,4500
1924,3,188400,50400,67900,27900,4400
1925,3,187100,53800,63300,28200,4400
1926,3,221500,49400,68300,28200,4400
1927,3,213100,52200,67400,29800,5000
1928,3,191300,49800,64000,28300,4500
1929,3,196800,49300,67800,28400,4300
1930,3,262200,49600,73200,40400,4400
1931,3,218800,49700,61600,28500,4400
1932,3,178000,49700,59000,27900,4300
1933,3,187200,49400,63500,28000,4200
1934,3,177900,49100,62900,28200,4400
1935,3,190500,53700,64300,29100,4300
1936,3,188400,49600,67900,28100,4500
1937,3,189900,50100,67500,28000,4300
1938,3,214900,49800,65200,28700,3400
1939,3,200500,49300,63300,28000,4400
1940,3,217500,49400,63600,28600,4500
1941,3,232600,49700,63700,28400,4400
1942,3,202100,49400,62900,28000,4300
1943,3,174300,53400,63100,27300,4300
1944,3,175800,48900,67300,27400,4200
1945,3,174100,49000,67100,27600,4400
1946,3,169600,49300,62600,27400,4200
1947,3,174600,54200,63500,28500,4300
1948,3,169500,49100,61900,27600,4200
1949,3,183700,49000,67100,27800,4400
1950,3,187600,49200,67300,28100,4500
1951,3,183900,49200,63000,28000,4400
1952,3,182400,47900,66900,27600,3400
1953,3,191900,56600,65500,28100,4400
1954,3,240700,61300,71500,29800,5100
1955,3,247300,59700,62800,28700,57700
1956,3,284300,51100,68800,28700,62900
1957,3,204700,50900,65100,28600,20600
1958,3,212500,49800,63100,28300,4300
1959,3,195800,49800,66200,29400,4300
1960,3,176100,49000,60500,27700,4200
1961,3,182700,49500,63300,27900,4400
1962,3,180700,49600,62400,27900,4400
1963,3,176000,49200,62700,27800,4200
1964,3,183100,53500,62800,28000,4300
1965,3,184400,55100,59700,28200,4400
1966,3,203800,49500,62700,28200,4300
1967,3,179200,49400,67200,27700,4300
1968,3,172200,49000,58300,27500,4500
1969,3,189400,49400,67900,28300,4400
1970,3,180100,49400,63500,27700,4400
1971,3,322600,53500,90600,56300,4700
1972,3,233900,54000,68700,30100,5000
1973,3,207900,52400,66900,30100,5000
1974,3,201700,51900,64100,29900,5100
1975,3,192200,49800,63700,28600,4400
1976,3,191200,49900,67500,28100,4300
1977,3,179900,49000,58900,28000,4400
1978,3,236600,50400,59500,28400,4200
1979,3,191400,49400,63800,28300,4200
1980,3,182500,49200,67900,27800,4200
1981,3,182900,54000,63500,28000,4400
1982,3,175100,49300,62800,27700,4300
1983,3,175700,49100,61400,29100,4300
1984,3,182300,49400,67500,28100,4400
1985,3,185300,54000,63400,28300,4500
1986,3,211100,49300,63300,28400,4500
1987,3,188500,49900,67800,28000,4300
1988,3,183400,49200,67100,28000,4300
1989,3,189400,49200,67400,28100,4300
1990,3,210500,49300,63200,28300,4500
1991,3,190800,49200,68200,28000,4400
1992,3,192000,49400,67500,28300,4300
1993,3,185100,49000,63400,28500,4400
1994,3,175600,49000,58700,28000,4300
1995,3,188500,51800,61500,29400,4100
1996,3,193400,50000,68900,28400,4300
1997,3,212500,54400,66000,30000,5200
1998,3,252000,55300,63300,30000,5000
1999,3,237200,54000,69600,30300,4900
2000,3,195100,49700,68400,28400,4500
2001,3,217100,54500,63800,28600,3500
2002,3,246600,49900,63600,28600,4500
2003,3,201800,54500,63600,28100,4400
2004,3,176700,49300,67100,27700,4300
2005,3,174200,50300,63600,27900,4200
2006,3,171900,48900,58400,27700,4400
2007,3,175900,48900,61500,29000,4100
2008,3,192100,49900,68400,28100,4200
2009,3,193500,49800,67600,28200,4200
2010,3,190900,49600,66500,27800,4300
2011,3,187700,49300,63300,28200,4300
2012,3,191100,49600,67600,27900,4200
2013,3,188400,47900,64600,28300,4400
2014,3,214400,50800,68800,28400,4500
2015,3,236200,61700,66000,28500,3400
2016,3,308100,55000,68100,29000,57800
2017,3,241700,51100,65900,28900,62100
2018,3,221900,50400,64100,28800,20600
2019,3,195000,49400,66300,29300,4300
2020,3,178600,49300,62900,27900,4200
2021,3,181400,49300,63300,28200,4300
2022,3,185700,49400,67800,28100,4300
2023,3,180300,49600,63000,27900,4300
2024,3,186000,49200,67300,27900,4400
2025,3,186400,49400,62500,27900,4300
2026,3,208500,49600,67500,28200,4200
2027,3,180500,49500,66800,27800,4200
2028,3,175900,49500,62100,28000,4400
2029,3,180400,49700,62600,28200,4400
2030,3,186400,49100,62900,28100,4300
2031,3,215400,49600,62400,29600,4300
2032,3,183500,49300,62700,27700,4300
2033,3,221400,49600,63400,28600,4300
2034,3,203700,49400,67500,28200,4300
2035,3,177300,49100,62500,27800,4200
2036,3,181200,50100,68200,28000,4300
2037,3,185200,57300,62700,27700,4500
2038,3,222100,51000,58900,28200,4400
2039,3,191800,49200,67300,27900,4200
2040,3,180000,49500,67000,27800,4200
2041,3,178200,49300,66800,27800,4100
2042,3,175800,49200,66500,27500,4300
2043,3,177600,49100,68100,28800,4300
2044,3,173600,49000,62400,27600,4300
2045,3,171100,49500,56400,27700,4200
2046,3,204800,49500,62700,27900,4400
2047,3,185900,49200,67300,27900,4300
2048,3,189200,52000,74600,37500,4200
2049,3,184600,51000,64900,27700,4400
2050,3,205600,49500,63100,28400,4300
2051,3,186900,48800,67000,27900,4300
2052,3,187400,49300,67000,27900,4200
2053,3,182400,49200,63000,27700,4400
2054,3,186000,49300,67000,27700,4300
2055,3,189700,49400,65600,29300,4300
2056,3,187500,49400,67300,28100,4300
2057,3,188900,50400,67300,28300,4400
2058,3,223800,49700,67700,28500,4400
2059,3,202100,49700,63200,28600,4300
2060,3,187200,49500,62700,28000,4400
2061,3,217500,49700,63500,28500,4400
2062,3,214200,49800,63600,28500,4400
2063,3,175700,49500,62900,28000,4200
2064,3,218200,49600,68300,28400,4400
2065,3,199900,51900,63100,28400,4400
2066,3,178700,52000,66200,30300,4300
2067,3,182000,49800,64100,28900,4200
2068,3,182800,50400,68700,27900,4400
2069,3,190600,50500,64600,29500,4400
2070,3,190200,49800,67200,28100,4500
2071,3,190300,49400,63100,28200,5300
2072,3,198200,49800,67900,28300,4400
2073,3,186100,49600,63500,28200,4500
2074,3,200600,48000,64300,28200,4300
2075,3,186400,50500,67800,28000,4400
2076,3,217200,56600,65800,28300,4500
2077,3,243400,54500,67400,28800,56500
2078,3,262500,51400,63700,28500,62000
2079,3,229400,57000,66200,31300,28900
2080,3,182200,49900,58900,28100,4900
2081,3,186300,49500,63500,28300,4200
2082,3,187700,48700,64700,28100,3500
2083,3,184100,50100,63600,28300,4300
2084,3,185200,49500,63300,28100,4300
2085,3,188800,49600,63500,28200,4300
2086,3,216000,49400,67700,28400,4300
2087,3,182800,49200,67500,28200,4500
2088,3,179700,49400,63200,27900,4400
2089,3,190000,49600,67900,28400,4300
2090,3,185400,49500,63100,28000,4400
2091,3,224000,49200,63300,31000,6500
2092,3,192400,49300,58500,27900,4400
2093,3,197500,49800,66500,28600,4400
2094,3,183000,49700,62700,28100,4400
2095,3,226700,49700,68000,28600,4500
2096,3,209400,54100,63900,28300,3500
2097,3,186700,49400,68300,28000,4300
2098,3,235300,49200,67500,28400,4300
2099,3,198800,49700,67600,28200,4300
2100,3,223400,49700,67600,28300,4400
2101,3,216000,54400,63400,28600,3400
2102,3,173700,49700,63000,27900,4300
2103,3,179000,54000,63600,29000,4200
2104,3,183300,49700,67700,28000,4300
2105,3,182600,53200,63500,28200,4400
2106,3,209200,49500,63500,28200,4300
2107,3,181300,49200,67500,27900,4300
2108,3,176700,53800,62900,27700,4300
2109,3,181500,54100,63400,27800,4300
2110,3,204000,49800,67000,28100,4400
2111,3,186400,49400,67100,27900,3400
2112,3,181800,49300,62600,27900,4300
2113,3,186800,49200,67800,28000,4500
2114,3,185000,49200,67100,27800,4300
2115,3,192000,53800,64000,29000,4400
2116,3,195700,48700,73300,40500,3400
2117,3,187000,49600,63000,28300,4300
2118,3,216300,49500,67700,28400,4200
2119,3,197100,49800,63200,28200,4400
2120,3,184200,49500,67000,27900,4500
2121,3,227200,52900,76700,34500,3400
2122,3,218300,50100,68200,28600,4800
2123,3,181200,53700,64700,28000,4300
2124,3,180800,49500,67600,28000,4300
2125,3,182900,50200,67200,27600,4200
2126,3,218100,49400,71000,28400,4300
2127,3,218200,54200,70400,31100,6800
2128,3,177200,52300,62700,27800,4300
2129,3,187200,53800,63500,28200,4400
2130,3,181200,48800,58800,28100,4400
2131,3,186700,49400,63400,28100,4300
2132,3,183300,49300,63200,27900,4300
2133,3,183600,49700,63300,28300,4400
2134,3,206800,49500,67800,28300,4400
2135,3,177800,48100,63200,28000,4500
2136,3,211500,50800,63600,28000,4300
2137,3,186500,57000,63200,28100,4400
2138,3,263300,54700,68000,29100,57600
2139,3,249600,51200,67000,30100,62600
2140,3,199400,50600,68000,28600,20700
2141,3,183300,49500,63300,28200,4400
2142,3,177100,49500,62700,28100,4300
2143,3,184700,50900,66900,27800,4200
2144,3,188000,49400,62900,28000,4300
2145,3,192700,49100,63000,28200,4400
2146,3,213300,49400,63200,28400,4400
2147,3,187600,49600,63100,28100,4300
2148,3,184900,49300,63300,28100,4300
2149,3,189700,49500,62600,28100,4200
2150,3,184500,49100,63000,28400,4300
2151,3,217400,49600,62800,29500,4200
2152,3,189400,49000,62900,28200,4300
2153,3,187900,49500,63400,28500,4300
2154,3,186900,49400,67500,28200,4400
2155,3,186900,49500,63200,28400,4500
2156,3,182300,49300,67000,27600,4300
2157,3,219900,49700,63400,28500,3300
2158,3,255900,49900,68100,28300,4300
2159,3,185700,49000,58400,28000,4300
2160,3,175400,49100,63000,27900,4300
2161,3,181400,53600,63100,27800,4200
2162,3,179700,49300,67100,28000,4300
2163,3,181600,49600,68700,28900,4300
2164,3,178200,49800,62800,27900,4400
2165,3,181800,49100,67000,28200,4400
2166,3,210000,49400,62900,28200,4500
2167,3,177900,49300,62600,27800,4300
2168,3,183300,49500,63100,28000,4400
2169,3,176500,52200,58400,28000,4400
2170,3,197800,49400,62600,28300,4200
2171,3,177800,49600,63000,27800,4300
2172,3,181100,49400,66800,27900,4300
2173,3,178700,49200,62400,27800,4500
2174,3,188400,49700,70200,28100,4400
2175,3,185500,49100,62000,29300,4300
2176,3,191100,49300,62700,28300,4300
2177,3,192800,49200,62900,28300,4400
2178,3,219800,49600,63500,28400,4400
2179,3,205400,50000,63200,28600,4500
2180,3,191500,49400,67500,28200,4400
2181,3,217700,49600,68200,28500,4300
2182,3,212200,49600,67500,28200,4400
2183,3,179100,49300,63400,28100,4400
2184,3,183700,49500,67100,27600,4400
2185,3,223100,49500,67600,28400,4300
2186,3,217700,49500,67300,28300,4500
2187,3,171800,49100,63300,28500,4300
2188,3,218100,49400,68000,28400,4300
2189,3,209600,49500,67300,28400,4400
2190,3,184000,49300,62400,28000,4400
2191,3,199900,49400,77700,40300,4300
2192,3,187500,49600,67400,28200,4500
2193,3,178400,49100,58400,27800,4300
2194,3,199600,49600,62800,28000,4300
2195,3,176800,49300,62900,27800,4300
2196,3,203700,47900,62600,27900,4200
2197,3,178900,50400,62800,27700,4300
2198,3,205500,55900,62100,27900,4300
2199,3,247500,54000,69400,29800,56000
2200,3,239300,56200,63400,28700,62400
2201,3,191500,50100,62100,28800,20700
2202,3,179300,49300,67100,27400,4500
2203,3,176600,54000,63000,27500,4300
2204,3,175500,49200,62900,27800,4200
2205,3,185800,49300,67400,27900,4400
2206,3,206600,50400,64300,31800,4400
2207,3,191200,49900,73300,35400,4500
2208,3,186500,49100,70100,27900,4300
2209,3,207600,65000,63600,27900,4500
2210,3,189500,49300,67700,28100,4500
2211,3,227500,49800,74900,41600,4300
2212,3,190000,53800,63200,28300,3500
2213,3,184000,49100,63100,28200,4500
2214,3,175600,49600,58700,28100,4300
2215,3,181300,49300,63200,28000,4300
2216,3,183700,49500,67200,28000,4300
2217,3,181700,49200,62500,28200,4400
2218,3,231800,49700,65200,28700,4300
2219,3,232200,49900,67700,28500,4300
2220,3,198000,49500,62900,28000,4300
2221,3,174700,49200,62600,27800,4400
2222,3,171200,49100,62000,27400,4300
2223,3,175300,49200,65200,28800,4300
2224,3,179300,48900,67400,27800,4200
2225,3,182300,49500,67800,27900,4400
2226,3,210300,49400,67300,28000,4300
2227,3,176000,48900,62100,27600,4200
2228,3,171400,49300,61900,27300,4300
2229,3,185400,53700,63300,28100,4300
2230,3,204600,49100,63100,28100,4200
2231,3,186900,49500,67300,28200,4400
2232,3,190000,49600,67400,27900,4300
2233,3,179500,49200,62700,28100,4300
2234,3,175300,49100,62000,27500,4300
2235,3,182300,49200,61300,29200,4400
2236,3,189700,49300,67200,28200,4300
2237,3,187600,49100,63200,28500,4400
2238,3,221500,49300,67900,28400,4500
2239,3,200300,49600,62900,28300,4300
2240,3,180900,49500,58600,28200,4400
2241,3,213700,49400,63200,28300,4200
2242,3,205400,49400,62700,28200,4200
2243,3,178400,49200,66600,27700,4200
2244,3,180200,49400,67400,27800,4400
2245,3,174800,49100,62700,27900,4300
2246,3,178000,49000,66900,27800,4400
2247,3,181700,49400,67900,29100,4300
2248,3,183300,49500,66800,28000,4300
2249,3,181500,49200,62800,28200,4400
2250,3,231900,49600,69100,28300,4300
2251,3,231900,49800,67700,28400,4400
2252,3,187800,49400,67600,28000,4300
2253,3,189800,54300,63200,28200,4500
2254,3,205700,49300,67300,28200,4300
2255,3,184800,49800,67300,28100,4400
2256,3,206600,49500,62800,28000,4400
2257,3,177700,47800,62800,27800,4400
2258,3,203600,50500,64000,28200,4500
2259,3,199700,56300,69100,30000,4400
2260,3,234100,59100,62400,28600,56000
2261,3,243100,51600,65300,28700,62100
2262,3,199800,50500,63500,28600,20600
2263,3,178000,49500,62900,27700,4400
2264,3,183000,49300,62600,28000,4400
2265,3,179500,49600,63200,28100,4300
2266,3,210100,49600,68000,28500,4400
2267,3,181000,49200,63100,27900,4600
2268,3,184000,49000,63100,28300,4300
2269,3,197300,49600,63000,28400,4300
2270,3,237700,61200,60100,28600,4600
2271,3,253300,50000,63100,29900,4200
2272,3,194900,49600,68500,28100,4300
2273,3,183600,52400,58800,28200,4400
2274,3,178300,49200,63200,28200,3300
2275,3,188100,49700,67800,28100,4300
2276,3,174400,49100,58700,28100,4300
2277,3,182900,49500,67100,28000,4300
2278,3,233800,49300,67700,28200,4300
2279,3,198000,49400,67500,28300,4300
2280,3,175000,49300,63100,27600,4300
2281,3,215200,49800,63200,28400,4500
2282,3,195500,49200,63200,28100,4400
2283,3,179500,54200,63700,28800,4200
2284,3,178400,53300,62800,27700,4300
2285,3,181300,49300,67300,28000,4300
2286,3,207300,49600,62600,28200,4200
2287,3,181100,49200,62200,27600,4300
2288,3,187200,49200,78500,42600,4400
2289,3,174900,49100,62700,27800,4200
2290,3,202800,49100,67700,28000,4200
2291,3,186200,52800,66000,31900,4200
2292,3,213400,54700,78300,48100,4900
2293,3,198200,52600,70100,28500,4800
2294,3,182100,51400,65300,27900,4400
2295,3,185000,51200,62200,29300,4200
2296,3,189700,54800,62900,28100,4500
2297,3,184400,49400,63600,28300,4300
2298,3,221600,49500,69300,28700,4400
2299,3,199400,49000,62900,28000,4400
2300,3,193600,49200,67100,28000,4300
2301,3,218200,49100,67400,28100,4300
2302,3,209400,50200,62500,28200,4300
2303,3,180500,49200,67200,27900,4300
2304,3,172700,49300,62700,27900,4200
2305,3,176900,48900,67000,27800,4200
2306,3,178100,49100,66700,27400,4300
2307,3,173200,49100,63000,28700,4400
2308,3,173400,49100,62900,28000,4200
2309,3,188800,48800,67200,28200,4400
2310,3,200300,49700,67500,28200,4500
2311,3,188700,49600,67700,28400,3500
2312,3,223600,49600,63200,28400,4300
2313,3,209000,49800,63800,28300,4400
2314,3,208300,49400,63200,28300,4300
2315,3,185500,49100,63200,28100,4300
2316,3,218200,49600,67800,28200,4300
2317,3,186000,49500,63200,27900,4400
2318,3,204800,48000,64600,28300,4400
2319,3,197600,54900,64500,28900,4300
2320,3,181600,56600,62700,28000,4400
2321,3,235400,53900,62700,28600,57800
2322,3,239100,51400,65500,28600,62300
2323,3,198600,55400,63100,28700,20800
2324,3,180800,49600,66800,28000,4300
2325,3,178600,49200,62800,27700,4300
2326,3,206300,49400,68100,28200,4300
2327,3,175600,49400,63000,28000,4300
2328,3,188900,49300,67400,27800,4200
2329,3,184400,49400,62900,28000,4400
2330,3,196800,49200,67400,28000,4500
2331,3,229800,52400,70400,30700,4400
2332,3,189600,49600,58800,28400,4300
2333,3,195000,49600,62900,28100,4300
2334,3,182700,50800,59500,28300,4500
2335,3,190100,50600,67500,28200,4200
2336,3,184100,49500,64100,28400,4300
2337,3,189100,49200,69600,28000,4300
2338,3,283600,54300,61600,29100,4500
2339,3,204500,51800,68800,28600,4400
2340,3,241400,53900,71800,29300,4300
2341,3,188900,50000,63400,28400,4400
2342,3,174700,49700,61900,27800,4300
2343,3,219900,49700,66600,29700,4500
2344,3,214700,61200,63400,28500,4300
2345,3,193500,49900,67600,28000,4400
2346,3,215900,49800,63500,28200,4400
2347,3,185100,49200,63100,28200,4300
2348,3,182400,49300,67200,27900,4200
2349,3,233200,55500,103900,27600,4000
2350,3,215200,51300,69000,28800,4200
2351,3,260500,56100,116800,27800,4300
2352,3,195900,49900,72700,28900,4500
2353,3,248100,87600,67900,29100,4300
2354,3,188500,50200,67600,28100,4200
2355,3,229700,50200,66100,29700,4500
2356,3,222400,49700,67600,28300,4400
2357,3,185500,54100,62600,28200,3200
2358,3,210000,49600,63300,28200,4500
2359,3,199800,49400,68100,28200,4200
2360,3,189200,49100,67400,27800,4300
2361,3,217500,49300,67400,28300,4400
2362,3,213400,49700,67600,28200,4400
2363,3,176500,49100,62800,27600,4300
2364,3,180800,53900,62700,27600,4200
2365,3,175500,49100,62800,27800,4200
2366,3,177300,50400,65800,27700,4200
2367,3,192900,62500,62100,29400,4400
2368,3,186900,54700,64500,28000,4400
2369,3,185200,49300,63200,27900,4400
2370,3,193500,49400,67700,28100,4100
2371,3,193300,49600,66900,28200,4400
2372,3,186000,49200,62700,28100,3400
2373,3,178600,49500,58600,28100,4400
2374,3,238600,50000,63300,28200,4300
2375,3,209900,54900,63300,28400,4400
2376,3,211600,49700,67600,28200,4200
2377,3,179100,50800,62600,27700,4400
2378,3,203900,49400,67200,27900,4300
2379,3,187200,49000,65100,28900,4600
2380,3,175200,50300,65800,27500,4300
2381,3,182700,56400,63000,27900,4300
2382,3,236400,56400,67100,28500,56000
2383,3,239000,51800,68100,28600,63000
2384,3,193100,51100,62100,28600,20800
2385,3,177400,49300,62800,28100,4400
2386,3,203700,49700,67900,28300,4300
2387,3,171900,49300,62900,27700,4200
2388,3,177200,53800,62700,27400,4200
2389,3,171800,49000,58200,27600,4300
2390,3,179100,49000,62900,27900,4200
2391,3,209500,49200,60200,29300,4300
2392,3,197100,49600,67400,27900,4300
2393,3,194500,54400,63300,28200,4400
2394,3,182700,49400,62600,28000,4300
2395,3,190400,49500,67300,28000,4300
2396,3,187200,49500,67200,27700,4400
2397,3,183600,49300,66800,27900,4400
2398,3,232100,49600,67500,28400,4400
2399,3,202400,49300,67600,28000,4400
2400,3,190800,49500,67300,28200,4500
2401,3,192900,54400,63000,28000,3400
2402,3,190000,49700,62600,28200,4500
2403,3,183800,49600,62100,29600,4300
2404,3,179000,49200,62600,27900,4300
2405,3,220800,49700,63500,28400,4600
2406,3,242700,49600,64900,28600,4300
2407,3,185800,54200,63300,28000,4400
2408,3,175600,49400,62400,27800,4300
2409,3,183000,49400,67100,28000,4300
2410,3,204900,54200,62400,28000,3200
2411,3,178300,49600,62200,27900,4400
2412,3,184000,49300,67100,27800,4300
2413,3,177400,49100,62700,27800,4200
2414,3,174600,49100,63000,27600,3200
2415,3,186500,49300,68000,29000,4200
2416,3,181100,49200,62900,28000,4400
2417,3,187300,54000,63400,28100,4400
2418,3,211700,49500,63600,28200,4400
2419,3,198000,53600,63000,28100,4300
2420,3,182000,49600,67100,28000,4300
2421,3,225800,54500,63900,28500,4500
2422,3,204700,49700,63100,28500,4200
2423,3,184600,49200,66900,27800,4400
2424,3,180800,49700,62200,27800,4200
2425,3,182000,49300,66900,27900,4300
2426,3,179700,49000,62700,27800,4300
2427,3,176100,49000,61200,28900,4200
2428,3,180800,49000,67200,27700,4300
2429,3,190000,49500,67200,28300,4400
2430,3,199700,54000,62700,28200,4500
2431,3,199100,49700,67300,28300,4400
2432,3,192500,49600,62900,28300,4300
2433,3,192200,49600,63300,28300,4500
2434,3,210400,49300,63100,28500,4400
2435,3,185400,49600,66700,28000,4500
2436,3,253300,49700,67400,28300,4300
2437,3,210800,49600,67400,28100,4500
2438,3,210700,49700,67600,28300,4400
2439,3,201500,53600,64100,29200,4200
2440,3,217700,48000,66700,28100,4200
2441,3,219000,50600,63900,28300,4500
2442,3,193500,56400,65000,28100,4400
2443,3,233900,54500,67400,28500,56200
2444,3,234800,50800,63300,28700,61800
2445,3,199300,51000,66700,28800,20600
2446,3,242800,55900,80500,29800,6700
2447,3,193400,56300,66300,30200,4600
2448,3,198900,52400,68100,29900,5100
2449,3,185400,50800,63500,28300,4400
2450,3,188200,51600,67100,28000,4200
2451,3,248600,52800,69200,32700,5000
2452,3,192300,50000,63200,28300,4300
2453,3,188800,50000,62700,27300,4300
2454,3,188600,50300,67200,28000,4300
2455,3,201700,51100,75800,39400,4400
2456,3,198500,51000,73800,28000,4400
2457,3,249000,56100,69400,29400,6000
2458,3,241200,49800,68300,28400,4400
2459,3,197000,49600,65600,31800,4400
2460,3,197500,65300,61400,29600,4300
2461,3,209500,53500,69500,30200,5000
2462,3,189700,54700,63700,28600,3800
2463,3,186300,50000,67900,29300,4200
2464,3,185400,49500,67300,28100,4200
2465,3,193000,49400,63100,28200,4500
2466,3,211900,49600,62900,28200,4400
2467,3,224300,49800,67600,28500,4400
2468,3,202300,49600,67600,28400,4300
2469,3,184300,49600,67700,27800,4200
2470,3,211400,49500,66600,28100,4200
2471,3,180900,53400,62700,28100,4300
2472,3,177800,49100,63600,27700,4300
2473,3,179400,48900,66900,27700,4300
2474,3,171800,49500,59900,27700,4200
2475,3,204900,53200,68000,31000,4900
2476,3,181800,50200,59100,28500,4400
2477,3,188600,50000,67800,28300,4300
2478,3,209900,49900,62400,28000,4300
2479,3,193300,49500,63200,28200,4500
2480,3,180600,49900,66900,27900,4200
2481,3,211800,49500,67500,28100,4200
2482,3,200500,49300,62400,27900,4300
2483,3,176600,49400,66400,27600,4300
2484,3,180200,49400,62800,27700,4400
2485,3,179900,49000,58600,28000,4400
2486,3,182600,49400,62300,27900,4400
2487,3,184100,49000,63700,29200,4300
2488,3,189500,49500,67500,28300,4200
2489,3,188300,49600,63000,28500,3300
2490,3,195000,49400,67600,28500,4300
2491,3,204600,49400,62900,28300,4400
2492,3,194600,53800,63200,28300,4300
2493,3,188200,49500,60600,28800,4500
2494,3,205800,49300,62300,28400,4400
2495,3,202000,49600,62900,28500,4500
2496,3,219000,49300,67200,28300,4300
2497,3,184100,53300,62600,28100,3300
2498,3,243400,49700,63100,28600,4400
2499,3,213400,49900,63800,29600,4400
2500,3,178300,53300,63100,27900,4100
2501,3,179100,48200,66300,27700,4200
2502,3,216300,57100,75700,34400,4600
2503,3,193700,57600,63800,28500,4800
2504,3,237700,54600,63500,29000,57400
2505,3,247600,55800,63800,28800,62500
2506,3,229300,51800,67800,28700,20600
2507,3,178700,49700,67200,27800,4300
2508,3,177500,53700,62700,27600,3200
2509,3,182000,49600,64100,28100,4400
2510,3,186400,49600,67000,28200,3300
2511,3,219300,49400,67800,29200,4300
2512,3,194200,49500,63100,27800,4400
2513,3,187800,50000,66500,28200,4400
2514,3,181800,49100,58500,28000,4300
2515,3,189800,49700,63100,28400,4300
2516,3,193700,53700,63000,28200,4300
2517,3,191900,49600,63100,28200,4500
2518,3,242200,49500,67200,28300,4300
2519,3,202700,49800,63200,28500,4400
2520,3,189600,49400,66900,28100,4300
2521,3,178000,49900,58300,28000,4500
2522,3,194100,53300,69800,27900,4200
2523,3,202900,52400,65600,30200,4600
2524,3,202500,52600,69600,28500,4300
2525,3,263600,57000,65000,30200,5100
2526,3,292600,52800,64300,30200,4900
2527,3,197400,50500,69000,28600,4600
2528,3,178600,50100,66700,27900,4100
2529,3,223300,54500,63800,28700,3300
2530,3,222800,50500,58400,28100,4300
2531,3,184900,49200,67600,27900,4300
2532,3,178700,53600,62500,27900,3200
2533,3,176100,49300,62900,28100,4200
2534,3,170800,48900,58400,27800,4200
2535,3,180300,48600,63600,29100,4200
2536,3,178200,49700,62600,28100,4300
2537,3,175800,48900,58500,27800,4300
2538,3,208300,49600,62600,28100,4300
2539,3,196800,49300,67200,28100,4500
2540,3,170600,49000,58300,27700,4300
2541,3,205000,49100,62000,28200,4300
2542,3,195400,49200,58800,28000,4300
2543,3,181600,53200,68600,29600,4200
2544,3,177800,49900,63700,28300,4700
2545,3,185200,55900,64400,29100,4300
2546,3,192800,50200,68700,28100,4800
2547,3,199700,52800,67800,30900,5100
2548,3,200800,51800,65600,29500,5000
2549,3,194300,49700,63900,28700,4400
2550,3,195200,50700,64300,28400,4300
2551,3,195200,51300,63700,28400,4200
2552,3,189600,50000,63000,28000,4300
2553,3,193800,49800,68700,28300,4300
2554,3,211700,49800,67200,28500,4300
2555,3,188100,53800,63200,28200,4300
2556,3,211600,50800,63400,28300,4300
2557,3,187900,49500,66800,28000,4200
2558,3,210900,49300,67400,28200,4500
2559,3,190300,49200,67400,29000,4200
2560,3,212500,49300,63200,28200,4400
2561,3,211300,49500,67300,28200,4400
2562,3,173200,48000,62300,27800,4400
2563,3,175800,50300,65400,27900,4200
2564,3,184300,56400,65000,27900,4400
2565,3,240200,54300,66700,28800,57300
2566,3,265300,51500,67300,28700,62200
2567,3,194500,50200,67700,28500,20600
2568,3,172600,49100,61900,27700,4200
2569,3,182400,49300,62800,28000,4300
2570,3,189700,49100,66900,28100,4200
2571,3,234400,49700,79400,30600,4400
2572,3,203200,53900,63900,28200,4400
2573,3,190900,49900,67200,28400,4200
2574,3,182300,49400,66700,27800,4400
2575,3,184900,49500,66700,28100,4300
2576,3,183300,49000,66700,28000,4400
2577,3,188900,49400,67000,28300,4400
2578,3,233200,49800,62700,28400,4500
2579,3,205500,49300,66900,28000,4400
2580,3,181300,49200,61800,27700,4300
2581,3,188300,49600,66700,28200,4300
2582,3,185200,53300,62700,28200,3200
2583,3,177600,49400,61300,29200,4500
2584,3,188600,49300,62800,27900,4300
2585,3,185700,49300,65100,28300,4400
2586,3,243900,52600,64100,30200,5000
2587,3,190600,50900,63400,28600,4400
2588,3,179100,49100,62900,28000,4200
2589,3,190100,49600,67600,28200,4400
2590,3,204600,49900,60400,28100,4500
2591,3,227800,49800,67900,28500,4400
2592,3,202500,49700,62400,28100,4500
2593,3,184900,50200,68300,28100,4300
2594,3,180200,49400,66700,27900,4400
2595,3,182400,49400,64100,29500,3200
2596,3,188400,49800,67100,28400,4400
2597,3,186400,54000,63500,28500,3300
2598,3,214000,49500,66500,28200,4500
2599,3,211900,52000,67900,28400,4200
2600,3,177900,49300,62700,27800,4300
2601,3,216700,49600,66600,28300,4400
2602,3,211400,49600,66500,28300,4200
2603,3,174000,49500,61600,27400,4300
2604,3,174700,49100,61900,28000,4300
2605,3,174900,49100,66300,27600,4400
2606,3,175900,49000,66100,27400,4200
2607,3,176000,49400,63200,28700,4300
2608,3,186100,49100,66800,27900,4300
2609,3,192900,48900,63300,28100,4300
2610,3,234900,49800,62300,28200,4400
2611,3,233800,49500,67100,28400,4500
2612,3,192600,49300,66600,27900,3300
2613,3,189900,49400,63200,28300,4500
2614,3,204000,49000,63300,28300,4300
2615,3,186200,49200,67000,28300,4300
2616,3,218500,54200,63000,28200,4300
2617,3,189400,49500,70800,28000,4500
2618,3,207900,49500,67100,28000,3900
2619,3,188400,48700,61800,29000,4400
2620,3,177000,49100,62800,27900,4400
2621,3,179000,49200,66500,28100,4300
2622,3,215100,49200,62900,28300,4500
2623,3,189000,48100,58100,27900,3300
2624,3,179400,50500,65900,28100,4100
2625,3,186600,56700,65100,28100,4200
2626,3,261400,54100,66900,28500,57300
2627,3,243900,56100,65700,28600,61400
2628,3,245500,68500,73500,42000,29200
2629,3,189200,50100,64900,28700,4700
2630,3,194200,49800,74100,28200,4300
2631,3,256400,77400,58200,30500,4300
2632,3,190000,51100,63200,28200,4300
2633,3,190900,49700,68800,28200,4200
2634,3,174000,49700,58400,27600,4300
2635,3,178300,49600,62200,27800,4400
2636,3,179900,49400,66900,27800,4100
2637,3,177500,49400,62700,30300,4300
2638,3,233300,49300,67800,28100,4400
2639,3,224100,54700,77500,30100,4600
2640,3,208500,55000,70400,29800,4500
2641,3,185500,49600,59300,28000,4300
2642,3,190500,54700,67400,28000,4300
2643,3,186200,49300,67000,29200,4400
2644,3,188900,49800,67700,28200,4400
2645,3,188500,54400,63800,28200,4400
2646,3,212400,49700,62300,28400,4300
2647,3,185600,49300,66400,28000,4300
2648,3,183200,49500,67000,27700,4300
2649,3,191700,49600,63100,28000,4300
2650,3,205700,49300,63100,28400,4300
2651,3,187700,49400,67400,28000,4300
2652,3,183200,49800,66900,28000,4300
2653,3,218000,49500,63800,28400,3300
2654,3,206000,49500,63000,28500,4300
2655,3,186400,49400,60400,29200,4300
2656,3,190600,49600,67400,28200,4300
2657,3,187500,49500,62400,28200,4500
2658,3,224100,49400,67100,28200,4500
2659,3,195000,49600,62500,28200,4300
2660,3,173800,49400,58500,27800,4400
2661,3,209200,49300,63100,28100,4100
2662,3,202900,49200,63000,28100,4400
2663,3,172000,49400,61900,27700,4300
2664,3,174800,53600,62100,27800,4200
2665,3,170100,48900,62300,27400,4200
2666,3,174700,49400,66200,27800,4300
2667,3,174000,49100,64200,29000,4200
2668,3,171100,49200,61800,27700,4200
2669,3,187300,49600,62600,28100,4300
2670,3,188100,49800,59600,28400,4200
2671,3,197100,49600,66800,28100,4300
2672,3,192200,49500,61900,27900,4400
2673,3,196000,49300,67800,28500,4300
2674,3,205800,49500,62500,28400,4500
2675,3,197100,49400,67100,28300,4300
2676,3,216400,49800,67000,28400,4500
2677,3,202200,57400,67400,34000,4400
2678,3,206600,49700,63000,28200,4300
2679,3,194700,54200,63500,29200,3200
2680,3,179300,50000,62600,28100,4300
2681,3,185700,49600,67100,28100,4400
2682,3,188700,53900,62800,27900,3200
2683,3,184500,54100,62400,27900,4400
2684,3,215600,48600,62600,28200,4300
2685,3,207300,50700,66100,28200,4300
2686,3,220600,63100,65600,28300,3300
2687,3,243200,54800,67100,28800,57600
2688,3,245000,50900,69000,28800,62500
2689,3,209800,55700,63700,28700,20700
2690,3,182200,50000,62800,28300,4400
2691,3,218200,49500,67200,30800,4300
2692,3,190300,53500,63000,28000,4300
2693,3,183500,50100,59000,28000,4300
2694,3,181700,49400,62600,28200,4200
2695,3,222000,49600,62800,28600,4400
2696,3,212700,49700,62900,28100,4500
2697,3,176300,49200,62600,28000,4300
2698,3,224000,49400,62300,28300,4300
2699,3,196100,49200,67200,27900,4300
2700,3,172700,49400,58500,28000,4200
2701,3,183800,49600,67100,28300,4200
2702,3,178000,49300,62100,28000,4400
2703,3,185200,49500,67700,29000,4400
2704,3,185800,49300,67200,28200,4300
2705,3,184200,49600,62800,28100,4500
2706,3,213400,49500,62900,28400,4200
2707,3,185800,49100,67100,28000,4300
2708,3,184400,60800,59000,27800,4300
2709,3,186000,49500,68000,28400,4200
2710,3,201600,49700,62400,28400,4400
2711,3,180800,49400,64200,28000,4400
2712,3,193100,49400,68400,28100,4300
2713,3,182800,49600,63000,31300,4400
2714,3,173800,49100,62500,27700,4300
2715,3,224700,54500,63800,29500,3400
2716,3,202900,49500,63100,28300,4400
2717,3,184200,53800,63000,27900,4400
2718,3,211200,49700,67000,28200,4400
2719,3,192100,49200,63100,28000,4400
2720,3,174900,48900,62700,27800,4300
2721,3,210200,49600,68000,28600,4300
2722,3,204000,49500,67500,28100,4400
2723,3,177900,49300,70900,27300,4200
2724,3,180600,59900,63200,27800,4400
2725,3,177400,53600,62900,27400,3300
2726,3,168700,48900,61900,27300,4300
2727,3,169700,49400,63600,28500,4300
2728,3,174000,49000,66600,27600,4200
2729,3,182800,53900,63200,27700,4400
2730,3,183100,53900,62000,28000,3200
2731,3,194700,49600,67000,28200,4300
2732,3,189300,49200,67100,28000,4400
2733,3,191900,49400,66700,28200,4300
2734,3,212200,49600,67100,28300,4300
2735,3,184500,49400,62800,28100,4300
2736,3,208700,49400,61900,28200,4500
2737,3,183200,49600,62500,28000,4300
2738,3,203700,49400,63000,28300,4300
2739,3,193200,49500,61600,29400,4300
2740,3,183700,49600,62900,28000,4300
2741,3,183600,49700,62800,28200,4300
2742,3,189200,49800,67000,28100,4400
2743,3,185300,49200,67000,28100,4400
2744,3,190100,49300,66900,28300,4400
2745,3,182000,48000,66300,27900,4500
2746,3,244500,50400,66200,28500,4500
2747,3,206900,56500,63300,28300,4500
2748,3,238500,54300,67500,29100,56300
2749,3,245000,51000,68300,28800,62300
2750,3,202800,50200,67800,28600,21100
2751,3,215900,49700,65800,29600,4600
2752,3,189500,49000,63600,28300,4400
2753,3,185900,49200,67300,28100,4400
2754,3,182100,49700,68000,28200,3100
2755,3,195100,51700,69600,32100,3400
2756,3,196700,51900,65000,27800,3800
2757,3,188800,56000,64900,28100,4400
2758,3,229300,49000,62100,28200,4400
2759,3,189000,49600,62900,28200,4400
2760,3,175300,49200,62500,28000,4300
2761,3,181700,49600,66500,27800,4300
2762,3,175100,49500,62300,27600,4300
2763,3,183200,49400,65200,29200,4300
2764,3,188100,54200,62700,27900,4300
2765,3,189800,49500,67200,28300,4400
2766,3,222100,54200,62600,28400,4400
2767,3,186400,49600,62900,28200,4400
2768,3,180200,49500,62300,28100,4300
2769,3,181800,49100,62700,28100,4300
2770,3,207700,49500,67600,28600,4400
2771,3,191500,49300,66900,28200,4400
2772,3,187000,49000,62800,28200,4400
2773,3,188500,49600,66800,28200,4300
2774,3,184700,49200,62800,28100,4300
2775,3,193700,49500,68100,29200,4300
2776,3,185000,49400,62400,28100,4400
2777,3,226400,49600,59600,28600,4400
2778,3,237500,49600,63100,28600,4400
2779,3,194500,49900,58600,28100,4300
2780,3,219300,49600,62800,28300,4300
2781,3,243200,49600,63000,28700,4300
2782,3,204500,49300,66700,27900,4300
2783,3,166900,50100,58500,27300,4200
2784,3,169500,49200,63600,27300,4100
2785,3,170800,50500,62900,27400,4300
2786,3,168000,49100,61900,27600,4100
2787,3,170700,53500,62400,28700,3000
2788,3,174800,49300,66800,27500,4200
2789,3,182300,49500,66400,27600,4300
2790,3,186600,54100,62500,27800,4400
2791,3,183400,49900,62500,27900,4400
2792,3,180100,49400,62000,27900,4200
2793,3,180600,49800,58800,28200,4400
2794,3,206000,49600,63000,28200,4200
2795,3,187200,49400,66600,28000,4200
2796,3,213100,54400,62400,28100,3200
2797,3,188100,49200,67100,27800,4300
2798,3,211700,50400,67400,28200,4500
2799,3,193200,49100,61700,29500,4300
2800,3,177800,49500,62600,28200,4300
2801,3,185700,49600,69900,32000,4200
2802,3,178500,49300,63000,27900,4300
2803,3,179200,49100,67200,28100,4300
2804,3,177700,49200,62400,27600,4400
2805,3,179600,49500,62500,28000,4300
2806,3,207900,48000,66900,28300,4300
2807,3,174300,50600,62500,27400,4400
2808,3,229900,61200,65700,28300,4300
2809,3,258300,54200,63000,29000,56100
2810,3,250100,51400,74500,28800,62100
2811,3,253400,52100,68100,31400,21400
2812,3,218400,50200,95700,26800,4300
2813,3,195800,50700,72500,28700,4500
2814,3,210000,56900,63800,28900,3600
2815,3,184000,49700,67400,28300,4200
2816,3,175500,49200,62600,27900,4300
2817,3,175800,49400,62500,27900,4200
2818,3,225000,49600,62700,28300,4400
2819,3,187300,49400,63000,28000,4400
2820,3,178000,54100,61800,27700,4300
2821,3,174300,49600,62300,27800,4400
2822,3,175500,49000,66700,27700,4300
2823,3,179000,49400,67700,29100,4300
2824,3,186600,49100,66900,28000,4400
2825,3,193700,49100,67000,28400,4500
2826,3,223700,54100,63100,28900,4300
2827,3,190600,49500,62400,28100,4400
2828,3,182300,49000,62500,28300,4300
2829,3,191800,49600,68200,28200,4400
2830,3,213300,49800,67400,28300,4500
2831,3,193700,53800,68800,28200,4400
2832,3,183500,49900,62600,28200,4300
2833,3,184600,49800,62500,28400,4400
2834,3,185300,49800,67600,28100,4400
2835,3,203700,56600,72200,31200,4400
2836,3,220900,62900,63400,30000,4700
2837,3,206400,50100,68100,28500,4800
2838,3,219900,50100,67700,28400,4400
2839,3,242300,50700,67200,28500,4400
2840,3,207700,49400,58900,28200,3600
2841,3,215000,50000,67100,28600,4300
2842,3,208300,53600,63400,28500,4400
2843,3,171300,48900,62200,27500,4400
2844,3,170300,49300,61500,27700,4100
2845,3,171000,49600,62100,27700,4200
2846,3,171800,49200,62100,27900,4300
2847,3,171600,49300,63900,28800,4200
2848,3,171800,49500,62200,28000,3300
2849,3,188300,49500,67300,28200,4400
2850,3,192200,49700,67800,28400,4400
2851,3,189200,49700,63200,28400,4500
2852,3,184700,49200,63300,28000,4200
2853,3,189400,49400,67200,28200,4400
2854,3,198300,49500,62700,28300,4300
2855,3,186500,53600,62900,28000,4300
2856,3,228000,49500,67500,28100,4400
2857,3,197600,49700,67200,28100,4400
2858,3,212700,49700,62200,28100,4200
2859,3,201800,49700,65900,29400,4300
2860,3,181100,49600,62400,27900,4300
2861,3,189200,49500,66900,28200,4300
2862,3,181600,49200,61900,28000,4500
2863,3,181600,49600,62000,28000,4300
2864,3,185800,49500,62400,28000,4300
2865,3,229000,49600,67000,28400,4400
2866,3,251700,54600,63000,28500,4500
2867,3,180100,47900,66900,28000,4200
2868,3,182500,50100,65800,27900,4300
2869,3,186800,56900,62400,28100,4200
2870,3,283100,54600,67600,28800,58000
2871,3,298900,51100,67000,30100,62300
2872,3,205500,50400,64900,28500,20600
2873,3,186500,49300,63500,28000,4300
2874,3,175200,49000,62700,28000,4300
2875,3,182000,49300,62400,27700,4400
2876,3,179600,49500,66900,27600,4300
2877,3,175200,49200,62400,27600,4300
2878,3,240700,49500,67800,28400,4300
2879,3,191900,49700,67200,28000,4400
2880,3,177600,49100,66500,27800,4400
2881,3,179400,49500,67600,27700,4300
2882,3,177000,49500,66600,27900,4400
2883,3,173500,49500,63300,29100,4200
2884,3,180500,49000,67400,27900,4200
2885,3,174500,49600,62800,28100,3300
2886,3,210900,49900,67100,28400,4300
2887,3,182100,49300,63000,28100,4400
2888,3,188000,54200,63500,27800,3300
2889,3,186700,49600,62900,28100,4400
2890,3,207400,54000,62300,28200,4400
2891,3,182000,50600,59900,28000,4200
2892,3,181700,49200,62600,28200,4200
2893,3,179300,49300,63000,28200,4200
2894,3,177000,48900,62700,28300,4400
2895,3,188400,49300,67500,29200,4100
2896,3,187500,49600,67200,28600,4300
2897,3,186300,49200,66700,28200,4400
2898,3,215100,49500,67100,28400,4600
2899,3,196500,49100,62500,28300,4300
2900,3,175400,49600,61900,27800,4400
2901,3,245600,49100,63300,28400,4300
2902,3,227300,49700,66900,28400,4300
2903,3,176200,49500,62600,27500,4300
2904,3,170500,49200,62300,27600,4200
2905,3,167700,48800,61900,27500,4200
2906,3,178200,48800,66300,27200,4100
2907,3,169100,48800,63400,28600,4200
2908,3,174900,49100,66700,28000,4300
2909,3,185700,54100,62700,28000,3200
2910,3,193200,49700,67400,28300,3400
2911,3,194400,49500,67100,28000,4400
2912,3,198600,50100,72100,28000,4300
2913,3,205200,55700,64800,28600,4400
2914,3,232200,51400,65200,28900,4500
2915,3,187600,51700,64600,28100,4400
2916,3,208400,49300,62900,28100,4300
2917,3,187700,49500,67900,28000,4400
2918,3,210300,49900,63600,28300,4500
2919,3,199500,49900,68400,29300,4400
2920,3,185500,49800,66600,27800,4400
2921,3,179900,50000,58400,27800,4400
2922,3,190100,49800,67100,28300,4400
2923,3,185300,49500,66900,27900,4300
2924,3,184900,49300,66800,27800,4300
2925,3,188500,50700,67300,28100,4500
2926,3,210600,49300,67600,28400,4400
2927,3,182500,49500,66900,28300,4400
2928,3,184700,49200,69700,28000,4300
2929,3,187900,50500,66000,28100,4300
2930,3,196100,56700,65300,28500,4500
2931,3,285000,54800,76100,46600,56400
2932,3,283700,51000,61600,28800,62400
2933,3,230200,50600,68200,28900,20900
2934,3,178500,49300,62900,27900,4400
2935,3,185200,49500,67700,28200,4300
2936,3,185300,49600,66900,27800,4300
2937,3,182300,49300,66800,28100,4300
2938,3,230400,49500,66900,28200,4500
2939,3,192600,49300,66600,28100,4400
2940,3,175500,49200,62700,28100,4300
2941,3,184900,49100,66700,27800,4300
2942,3,183800,49300,66700,28000,4200
2943,3,190000,49500,67500,29100,4400
2944,3,191100,49400,66800,28200,4400
2945,3,182900,48900,66900,28100,4400
2946,3,216000,49200,67300,28500,4400
2947,3,185000,49200,62700,27900,4300
2948,3,183200,49200,66400,27800,4200
2949,3,188500,50000,58800,28100,4300
2950,3,247900,49700,62600,28500,4200
2951,3,222400,49900,67100,28400,4500
2952,3,200200,54300,74200,28000,4300
2953,3,187800,49400,67100,28300,4400
2954,3,262000,88100,99100,29000,4100
2955,3,193900,50100,66900,30100,4500
2956,3,190100,49700,67800,28300,4300
2957,3,191400,49400,67700,28300,4300
2958,3,215800,49600,66700,28200,4400
2959,3,205600,49600,66700,28000,4500
2960,3,179900,49500,62500,28200,4400
2961,3,229200,49600,77300,44100,4500
2962,3,206100,49300,68000,28500,4400
2963,3,210200,49400,62800,28400,4400
2964,3,192300,49200,62300,28100,4400
2965,3,174000,49400,66600,27700,4300
2966,3,169600,49900,62400,27300,4200
2967,3,174300,55200,62600,28600,3100
2968,3,176400,49200,66800,27800,3200
2969,3,182600,49700,62300,27800,4400
2970,3,189200,49500,62400,27800,4300
2971,3,191800,50800,67400,28100,4400
2972,3,188300,49200,67100,28000,4300
2973,3,181900,49200,62700,28100,4500
2974,3,200200,49400,62200,28100,4300
2975,3,186600,55500,63300,27800,4100
2976,3,249700,57200,63300,29300,3800
2977,3,186200,49800,67700,28200,4500
2978,3,220300,52700,61000,29000,3800
2979,3,192600,54100,63200,29400,4300
2980,3,182100,50000,66500,27900,4500
2981,3,185500,49400,67100,27900,4500
2982,3,180800,49200,62400,28100,4300
2983,3,178700,49400,62400,27800,4300
2984,3,187500,49600,67200,28200,4400
2985,3,189500,49200,67600,28100,4300
2986,3,205600,49700,63100,28000,4300
2987,3,180600,49300,67100,27900,4400
2988,3,181900,49200,67300,27900,4400
2989,3,186100,47800,68800,27900,4400
2990,3,222100,63000,75100,29900,4500
2991,3,273000,67400,67500,31300,5200
2992,3,264700,57800,68000,28900,57800
2993,3,280300,55900,71600,30300,75400
2994,3,272000,54600,62900,29700,26400
2995,3,227500,50400,68100,28600,4800
2996,3,190200,50300,67000,28200,4400
2997,3,189800,49900,67400,27800,4300
2998,3,236500,50400,66600,28100,4500
2999,3,195600,49500,67200,28200,4400
3000,3,185800,49800,67400,27900,4300
3001,3,180800,49200,66700,27900,4400
3002,3,175200,49400,62400,27800,4300
3003,3,182600,49400,68100,29100,4400
3004,3,181200,49600,66600,27900,4200
3005,3,178000,49500,62500,27900,3300
3006,3,214200,49600,66800,28100,4500
3007,3,185500,49100,67800,28200,4400
3008,3,180000,49700,66900,28000,4300
3009,3,212000,56900,70700,30000,5100
3010,3,219400,50900,64900,28800,4800
3011,3,188800,50000,63800,27900,4300
3012,3,192900,50600,67800,28300,4300
3013,3,194600,49700,67400,28200,4400
3014,3,184900,50500,63100,28000,4300
3015,3,189400,49600,61900,29300,4300
3016,3,197100,49600,63200,28200,4400
3017,3,192200,49700,69300,28600,4300
3018,3,238000,52200,62300,29400,4500
3019,3,205700,49800,67800,28300,4400
3020,3,187700,50200,67500,27800,4500
3021,3,217700,49900,67400,28500,4300
3022,3,210900,49400,67400,28000,4400
3023,3,181700,49400,66600,27800,4400
3024,3,171300,49000,62000,27600,4200
3025,3,211500,49500,62400,28300,4400
3026,3,205600,49400,67200,28400,4300
3027,3,183400,56300,60800,29700,4300
3028,3,182900,49700,67100,27800,4300
3029,3,192800,49400,67400,28300,4400
3030,3,188000,49900,63300,28300,4400
3031,3,189100,49500,63600,28300,4400
3032,3,189900,49600,62700,28000,4500
3033,3,187900,49800,62800,28100,4300
3034,3,205600,49900,62600,28300,4400
3035,3,215900,49600,56900,28500,4500
3036,3,299200,53100,61300,28900,3700
3037,3,185400,49900,67500,27900,4500
3038,3,205100,49700,67300,28400,4400
3039,3,188000,49600,65500,29200,4300
3040,3,171500,49400,62500,27600,4200
3041,3,181000,49300,67300,27700,4200
3042,3,178000,49200,62300,27600,4400
3043,3,192800,59200,67000,27500,4300
3044,3,182600,49500,62700,27800,4400
3045,3,184700,49300,63000,27800,4200
3046,3,207000,49500,60700,28700,4200
3047,3,183600,49500,67400,27900,4200
3048,3,176100,49100,62500,27700,4400
3049,3,186500,49100,67400,27900,4300
3050,3,182400,48000,64200,28200,4300
3051,3,249400,53600,73500,32200,5200
3052,3,204100,57300,66600,28600,4400
3053,3,251600,55000,68000,28700,57600
3054,3,246500,51900,66600,28900,62400
3055,3,203700,51600,68300,28400,20700
3056,3,225300,49700,63700,28300,4400
3057,3,202200,49900,63600,28100,4400
3058,3,235500,51200,68900,28100,4300
3059,3,189500,50100,63600,27900,4400
3060,3,181000,49400,67800,27600,4200
3061,3,181900,54600,63200,27800,4500
3062,3,176300,54100,62800,27500,3200
3063,3,179700,49300,68900,28700,4400
3064,3,179300,50000,63300,27800,4400
3065,3,180900,50100,68000,27500,3300
3066,3,236500,52400,65700,30100,5000
3067,3,197600,53300,61800,29900,5100
3068,3,202900,54800,65800,29600,14600
3069,3,203400,54200,66700,29700,5000
3070,3,237600,54900,63500,30000,5100
3071,3,186000,50000,63600,28400,4900
3072,3,181000,49500,63000,27800,4400
3073,3,182800,49200,63500,28000,4300
3074,3,189400,49200,70000,28100,4200
3075,3,246100,49400,121100,108100,4300
3076,3,188400,49900,60800,28400,4400
3077,3,194500,50000,67800,28300,4300
3078,3,220600,54000,63100,28100,3300
3079,3,203200,49100,63400,28200,4300
3080,3,187900,49500,62700,27900,4500
3081,3,223300,50000,67600,28200,4500
3082,3,216500,54100,63100,28000,3400
3083,3,182100,49300,67600,28000,4400
3084,3,175600,49400,61800,27700,4300
3085,3,183300,49400,67800,28100,4400
3086,3,173000,49400,62600,27500,4300
3087,3,216600,49400,66000,29500,4400
3088,3,204300,49700,67500,28300,4400
3089,3,183500,49500,62700,28000,4300
3090,3,185400,49300,62500,28100,4400
3091,3,196800,49800,64700,28200,4300
3092,3,213800,54000,68100,30000,5100
3093,3,215800,52600,66600,29700,5000
3094,3,204500,50000,57400,28400,4500
3095,3,185600,50800,63500,28000,4400
3096,3,240800,53100,62200,29800,5100
3097,3,189100,50100,64200,28500,4300
3098,3,204000,49600,62600,28100,4300
3099,3,195100,49500,68200,29100,4300
3100,3,174200,49200,63200,27700,4300
3101,3,183300,49200,67100,28200,4400
3102,3,181000,55500,63000,27600,4200
3103,3,183200,49300,67200,27700,4300
3104,3,187100,56800,60100,28200,4200
3105,3,184800,48900,63900,28200,3500
3106,3,211900,49700,62900,28400,4200
3107,3,193300,49700,67500,27900,4200
3108,3,194100,49400,67200,28200,4300
3109,3,191900,49300,67400,28300,4500
3110,3,189200,49100,67500,28200,4300
3111,3,219200,47400,61800,29600,4300
3112,3,200300,50600,66300,28100,4300
3113,3,201600,57000,65600,28400,4200
3114,3,245900,54400,64200,28600,57400
3115,3,249000,51200,65200,28600,62700
3116,3,202000,50300,63600,28500,20900
3117,3,181000,49400,63400,28000,4300
3118,3,276400,50100,68300,28600,4300
3119,3,224600,49500,67900,28300,4400
3120,3,222600,49600,67500,28200,4200
3121,3,212100,49500,62900,28200,4400
3122,3,177600,49300,67300,27700,4200
3123,3,179400,53800,63800,28800,4200
3124,3,175500,48900,62700,27700,4200
3125,3,177800,49300,62500,27800,4400
3126,3,212400,49500,67300,28100,4400
3127,3,177100,49300,62700,27700,4200
3128,3,177900,49000,66900,27500,4200
3129,3,171800,49700,58700,27900,4300
3130,3,199600,49500,62800,28100,4200
3131,3,180500,49300,66900,27900,4200
3132,3,179500,53800,62300,27600,4300
3133,3,191200,54400,65000,29300,4300
3134,3,190600,50100,69100,28400,3900
3135,3,193200,50300,65800,29200,4400
3136,3,187900,49500,63500,28300,4500
3137,3,194400,49900,68400,28200,4400
3138,3,226200,50600,68700,28500,4500
3139,3,201200,49700,63100,28300,4400
3140,3,186700,53700,63000,28000,4400
3141,3,212300,50600,63600,28300,4300
3142,3,204900,50000,63100,28000,4400
3143,3,185700,49100,66400,27700,4300
3144,3,173000,49500,62800,27900,4100
3145,3,176900,49600,66800,27600,4300
3146,3,190400,50300,76600,29200,4200
3147,3,187800,50800,63200,29500,4500
3148,3,178400,49700,67500,27900,4400
3149,3,234600,49600,67600,28100,4300
3150,3,210000,49600,63000,28500,4400
3151,3,186500,49600,63500,28000,4200
3152,3,187600,49500,67700,28000,4300
3153,3,183300,49500,62700,28100,4400
3154,3,200700,49900,63400,28300,4300
3155,3,178000,49100,63100,27900,4300
3156,3,211400,49600,63000,28100,4300
3157,3,177600,49300,62700,27700,4200
3158,3,207400,58500,60100,27800,4300
3159,3,183900,49300,61300,29100,4400
3160,3,178500,49300,67900,27900,4300
3161,3,178800,49300,67100,27400,4200
3162,3,173500,49200,62600,27700,4400
3163,3,172700,49400,62600,27300,4300
3164,3,184300,53900,63200,27900,4300
3165,3,187600,49600,63200,28000,4300
3166,3,208600,50100,61200,28500,4400
3167,3,191400,49800,68000,28000,4400
3168,3,240100,55300,105400,27900,3500
3169,3,200500,50000,70600,28700,4400
3170,3,219200,52800,61500,29300,3900
3171,3,227000,50400,61900,30900,4300
3172,3,189500,47900,63300,28300,4300
3173,3,193600,50800,64700,28400,4300
3174,3,191200,57000,63200,28200,4500
3175,3,243000,54600,63900,28700,57500
3176,3,282400,55000,63200,29900,78200
3177,3,230100,51800,69200,29000,21600
3178,3,243500,50000,68600,28600,4300
3179,3,196400,54100,63000,28100,4500
3180,3,224300,49500,68500,28400,4300
3181,3,200500,49700,63700,28300,3300
3182,3,175600,49100,63100,28000,4200
3183,3,176200,49300,63600,29000,4400
3184,3,182900,49000,67600,27900,4300
3185,3,181300,49500,63200,28200,4400
3186,3,214700,49700,65300,28700,4400
3187,3,183000,49600,67000,27800,4200
3188,3,178500,49100,67300,27800,4300
3189,3,182900,49200,67400,28000,4400
3190,3,202200,49400,63300,28300,3500
3191,3,186100,49500,62700,27900,4400
3192,3,180900,49200,62700,28100,4100
3193,3,182400,49300,67300,28000,4500
3194,3,176700,49300,63200,28000,4300
3195,3,181300,49000,62100,29100,4300
3196,3,193300,49500,67900,28300,4300
3197,3,192300,49400,63000,28500,4500
3198,3,220600,49000,58800,28100,4600
3199,3,211400,49900,67300,28200,4300
3200,3,190300,49400,67900,28200,4400
3201,3,217000,49700,63200,28300,4400
3202,3,215500,49700,67500,28300,4200
3203,3,179000,49500,62700,27700,4400
3204,3,183800,49100,67000,27500,4300
3205,3,218400,49400,63100,28000,4300
3206,3,215100,50000,67500,28300,4500
3207,3,174900,49600,63700,28900,4400
3208,3,183100,50400,67500,27900,4300
3209,3,190500,49800,63700,28300,4500
3210,3,193700,51000,67900,28300,4300
3211,3,274100,55600,103700,27800,4200
3212,3,236200,50600,65300,29500,4600
3213,3,194300,50000,67700,28200,4300
3214,3,202200,49900,63000,28000,4300
3215,3,183300,53500,62700,27600,4400
3216,3,212700,49500,68500,28100,4400
3217,3,193000,58900,62700,27700,4300
3218,3,219100,55800,68200,28000,4500
3219,3,192200,49400,65000,29300,4200
3220,3,172200,49100,61900,27000,4400
3221,3,179700,53800,63000,27700,3300
3222,3,177900,49500,67100,27400,4100
3223,3,173200,49200,63600,27200,4300
3224,3,266600,62400,125900,36700,5600
3225,3,206500,57100,72000,28800,4700
3226,3,374300,101500,120500,30100,5100
3227,3,332500,101500,121700,29300,4400
3228,3,333200,98400,121600,30600,4100
3229,3,339700,99800,119300,29100,4400
3230,3,342900,99800,120200,29500,4500
3231,3,314200,86400,58900,31300,4500
3232,3,206400,51000,68900,28700,4400
3233,3,193100,50000,60900,28200,4400
3234,3,185600,50900,66200,28000,4400
3235,3,193100,56700,65700,28100,4500
3236,3,247500,54500,69500,28700,58700
3237,3,289300,58500,103500,28000,62400
3238,3,290900,52600,68900,29100,21100
3239,3,211500,54400,64000,28400,4000
3240,3,227300,83700,66700,28900,4000
3241,3,217600,55200,92600,27800,4000
3242,3,223600,50300,69100,29000,4300
3243,3,201500,50100,64200,29300,4400
3244,3,183400,50400,67600,28200,4200
3245,3,184100,49600,67900,27900,4300
3246,3,209500,49300,63100,28300,4500
3247,3,177100,49200,62400,27800,4300
3248,3,179600,48900,69300,30300,4300
3249,3,187800,49300,67900,28300,4400
3250,3,209700,49400,62600,28300,4200
3251,3,187100,49300,66800,27900,4300
3252,3,184400,49100,63300,28100,4200
3253,3,182400,49300,63100,28000,4300
3254,3,177200,49400,62900,28100,4300
3255,3,187800,49500,68000,28900,4300
3256,3,192000,49700,68800,28300,4400
3257,3,183300,49400,62900,28200,4300
3258,3,220100,49300,67600,28200,4400
3259,3,200700,49600,62800,28100,4400
3260,3,189100,49600,67200,28000,4400
3261,3,220800,53700,63200,28200,4400
3262,3,210200,49200,63000,28200,4300
3263,3,184400,49700,67400,27700,4300
3264,3,179000,49600,63000,28100,4400
3265,3,175000,49100,62900,27800,4300
3266,3,179500,49200,67000,27800,4400
3267,3,177100,49400,61400,29200,4400
3268,3,187400,49200,68000,27900,4400
3269,3,193700,49100,63100,28300,4400
3270,3,196000,49200,67300,28400,4300
3271,3,196700,49600,62900,28000,4400
3272,3,185800,49600,62900,28200,4300
3273,3,227200,49600,63500,28500,4400
3274,3,228400,49500,63100,28500,4300
3275,3,180800,49400,62900,27900,4400
3276,3,210200,49400,63500,28400,4500
3277,3,182700,49500,67400,28000,3300
3278,3,206900,53700,63200,28100,4300
3279,3,186400,49000,61700,29300,4300
3280,3,177700,53700,63200,28000,4400
3281,3,181300,49200,62800,27800,4300
3282,3,186500,49400,67100,28000,4200
3283,3,178100,49100,62900,27800,4200
3284,3,182300,49100,63200,28000,4400
3285,3,181000,49300,62600,27900,4300
3286,3,200900,49100,60300,28500,4300
3287,3,180500,49000,67400,27800,4400
3288,3,181000,49400,63000,27900,4400
3289,3,190400,49400,67000,28100,4300
3290,3,229400,49600,63300,28500,4600
3291,3,258500,49600,67700,31000,4500
3292,3,191700,49400,63600,28600,4300
3293,3,188500,49400,63200,28200,4500
3294,3,185900,52400,63100,28100,3300
3295,3,188100,50300,64500,27900,4300
3296,3,190000,56400,66000,28500,4200
3297,3,238800,54200,63300,28800,57200
3298,3,289800,51200,61900,28800,62200
3299,3,218000,51800,70100,28600,20500
3300,3,184600,52000,64300,28300,4400
3301,3,179600,49200,63100,27800,4400
3302,3,184400,49800,67900,28100,4300
3303,3,175500,49100,63700,28900,4400
3304,3,221100,49700,68000,28300,4300
3305,3,208000,50200,67700,28400,4500
3306,3,215900,49400,63000,28200,4500
3307,3,181900,49200,67700,27600,4200
3308,3,176900,49400,67100,27500,4400
3309,3,175800,49300,62300,27800,4400
3310,3,202900,49000,67400,28000,4300
3311,3,172800,49700,58500,27600,4200
3312,3,175400,49100,62500,27800,4200
3313,3,179800,49700,66600,27900,4400
3314,3,172600,48500,62900,27600,4300
3315,3,178800,49200,63200,28700,4400
3316,3,180200,49500,64600,28500,4200
3317,3,175500,49300,59000,28000,4300
3318,3,208300,49700,62700,28300,4200
3319,3,195600,49500,67500,28200,4400
3320,3,180400,49400,63500,28100,4200
3321,3,220300,50500,67200,28300,4300
3322,3,219800,49500,62800,28200,4500
3323,3,175800,49300,62700,27700,4300
3324,3,175100,49800,62300,27600,4300
3325,3,181100,49600,67100,27900,4200
3326,3,180700,53700,62900,27800,4200
3327,3,176700,49500,65800,29100,4300
3328,3,178900,49500,66800,27600,4200
3329,3,188000,49200,67800,28300,4400
3330,3,186800,49500,63100,28300,4500
3331,3,182600,49600,59100,28000,4300
3332,3,185400,49600,62900,28200,4300
3333,3,193400,49300,67700,28300,4300
3334,3,202600,49500,62700,28100,4300
3335,3,230900,53600,63600,28500,4400
3336,3,237800,49500,65500,28800,4200
3337,3,190200,49200,67300,27800,4500
3338,3,210800,50700,67400,28200,4300
3339,3,191500,49300,65700,28900,4300
3340,3,178300,49000,67200,28000,4300
3341,3,181300,49600,66800,27900,4200
3342,3,179900,49400,66500,27900,4500
3343,3,178000,53900,62300,27800,3300
3344,3,179900,49200,67000,27800,4200
3345,3,177400,49100,62200,27800,4300
3346,3,200300,49200,63300,28300,4300
3347,3,179200,49300,67300,27900,4400
3348,3,178200,49300,66800,27700,4300
3349,3,182500,49000,67300,28100,4200
3350,3,178800,49000,62700,28000,4400
3351,3,210300,49800,61800,29500,4300
3352,3,193200,49300,63000,28600,4400
3353,3,192000,49600,67700,28500,4400
3354,3,184600,49400,62900,28500,4300
3355,3,189300,52600,63000,28000,4300
3356,3,188500,50700,63400,28200,4300
3357,3,193200,56500,65700,28500,4500
3358,3,288500,59200,63400,28900,55300
3359,3,255800,51900,65700,28600,62300
3360,3,208800,50100,67800,28400,20800
3361,3,182200,49800,63400,28300,4400
3362,3,182400,49600,67300,28100,4400
3363,3,186400,55000,64100,29200,4300
3364,3,188500,49600,62800,28200,4400
3365,3,205300,49500,78200,43100,4400
3366,3,258200,49600,67600,28400,4400
3367,3,214000,49900,67600,28300,4300
3368,3,178300,49300,63100,27800,4400
3369,3,188000,49600,67600,28400,4100
3370,3,207400,49600,68100,28500,4400
3371,3,184100,49100,67300,27700,4300
3372,3,180200,49300,62800,27900,4300
3373,3,184800,49000,67200,28000,4400
3374,3,179100,49000,62700,27700,4300
3375,3,225600,49600,65800,29600,4500
3376,3,216400,49500,63400,28400,4300
3377,3,180400,49400,62900,28200,4300
3378,3,212500,53700,63200,28300,4300
3379,3,196100,49300,67400,28200,4300
3380,3,182000,49300,64000,27800,4400
3381,3,209900,49900,63900,28100,4300
3382,3,216400,49100,64200,28100,4300
3383,3,200300,52000,77200,39500,4400
3384,3,186300,50400,67700,27600,3900
3385,3,180700,49300,67100,27700,4300
3386,3,176000,49300,62600,27700,4400
3387,3,177600,49500,63800,28800,4300
3388,3,177100,48900,63200,28100,4400
3389,3,180000,49700,59100,28000,4300
3390,3,187900,49400,62900,28000,4400
3391,3,196200,49700,67700,28100,4500
3392,3,189900,49200,67800,27900,4300
3393,3,187100,49600,63800,28000,4500
3394,3,201400,49500,62800,28200,4500
3395,3,188900,49600,67500,28200,4400
3396,3,206000,49200,63600,28200,4300
3397,3,223100,49600,67800,28300,4300
3398,3,235100,59600,63600,28700,4300
3399,3,186600,49400,63700,29100,4400
3400,3,172500,51600,62100,27700,4400
3401,3,173300,49200,62800,27600,4300
3402,3,178000,48900,67000,27600,4300
3403,3,176200,49500,67000,27800,4300
3404,3,173600,49000,62700,27900,4200
3405,3,179300,49200,66800,27500,4400
3406,3,202900,49600,67100,28300,4400
3407,3,171500,49300,62600,27400,4200
3408,3,172200,48900,63100,27600,4300
3409,3,176200,48800,63000,27800,4300
3410,3,176300,49000,62300,27800,4300
3411,3,211300,49700,67300,31100,4200
3412,3,179800,49200,60300,28200,4400
3413,3,185400,49400,67500,27900,4400
3414,3,179800,49400,62700,28000,4300
3415,3,183000,49600,62700,28000,4500
3416,3,186400,47900,67100,27700,4200
3417,3,186500,50500,65600,28000,4400
3418,3,241800,61300,65700,28700,3300
3419,3,259100,58700,62900,28500,56500
3420,3,250400,55700,63500,29200,62400
3421,3,209100,51000,68400,28500,20800
3422,3,185800,49600,63000,28000,4400
3423,3,185800,49800,66700,29500,4300
3424,3,187600,54000,64500,28400,4500
3425,3,186000,49200,62600,28200,4500
3426,3,221700,49700,67500,28200,4400
3427,3,185200,49600,67200,27900,4400
3428,3,226000,49800,64900,28600,4400
3429,3,203700,49400,64900,28400,4300
3430,3,206600,49300,63700,28400,4300
3431,3,178100,49600,62800,27900,4200
3432,3,179100,49300,62900,28200,4300
3433,3,177800,49300,62700,27900,4300
3434,3,184700,49400,67400,27700,4300
3435,3,181300,49500,65600,29200,3200
3436,3,182500,49200,63300,28300,4300
3437,3,182700,49300,63300,28400,4500
3438,3,214000,48900,63300,28400,4300
3439,3,194100,49200,63000,28200,4200
3440,3,182200,49400,67700,28000,4400
3441,3,213800,49600,67300,27900,4500
3442,3,203300,49400,66900,28000,4300
3443,3,175200,49000,66600,27600,4300
3444,3,186900,49500,76400,43000,4300
3445,3,181300,49400,68100,28000,3400
3446,3,179000,49400,62900,27600,4300
3447,3,181500,49200,66100,29000,4300
3448,3,182800,49100,64000,27800,4400
3449,3,194500,54100,63200,28200,4400
3450,3,191900,49500,63400,28500,4300
3451,3,198900,49500,67600,28300,4300
3452,3,195000,49600,63100,28400,4300
3453,3,192200,48900,63600,28300,4400
3454,3,212800,49500,68100,28500,4400
3455,3,189500,49300,63300,28200,4500
3456,3,212400,49400,63400,28600,4400
3457,3,193100,49400,67700,28100,4500
3458,3,217500,54000,63000,28200,4300
3459,3,232000,49500,62500,30000,4400
3460,3,244100,49600,67700,28400,4400
3461,3,217300,49900,67800,28700,4400
3462,3,184200,49400,67100,27800,4200
3463,3,172100,49100,62300,27400,4300
3464,3,174200,49000,62700,28000,4200
3465,3,179200,49400,65300,27800,4400
3466,3,215100,51700,68900,30300,5600
3467,3,180600,52900,65400,27600,4400
3468,3,177900,51300,63400,27800,4300
3469,3,176600,49400,62600,27800,4400
3470,3,177400,49200,62700,28000,4300
3471,3,212500,49600,65900,29400,4300
3472,3,182600,49500,63100,28200,4400
3473,3,179500,49300,63100,28000,4300
3474,3,181000,49800,67300,28200,4400
3475,3,179800,49200,63000,27800,4300
3476,3,190300,49300,72400,39400,4200
3477,3,180500,47900,62800,27700,4500
3478,3,231600,50900,63900,28200,4300
3479,3,207700,60900,65400,28000,4400
3480,3,244500,54300,66900,28500,55900
3481,3,252900,51200,68100,28600,62300
3482,3,194300,50300,62200,28800,20700
3483,3,183100,49600,68100,29000,4500
3484,3,180900,49400,63400,28000,4400
3485,3,196000,49100,72100,27900,4200
3486,3,215300,49600,68000,28500,4300
3487,3,180900,49000,62600,27900,4300
3488,3,178700,49300,63200,28300,4300
3489,3,181300,49600,67100,27900,4300
3490,3,238400,49600,63400,28600,4300
3491,3,204500,49300,68000,28300,4300
3492,3,180100,48900,66900,27800,4300
3493,3,175400,49200,62800,27500,4400
3494,3,181200,53900,62500,27900,3200
3495,3,181500,49600,65200,29200,4100
3496,3,179500,49100,62800,28100,4200
3497,3,182300,53600,63000,27900,3400
3498,3,211800,54000,63200,28200,4400
3499,3,194700,54100,62900,28000,3300
3500,3,174700,49200,62500,28000,4300
3501,3,219900,63900,62600,27900,4500
3502,3,202700,49600,67100,28000,4300
3503,3,170400,49200,63200,27500,4200
3504,3,173200,49200,62900,28100,3300
3505,3,181700,49200,67300,27600,4300
3506,3,178100,49500,62400,27700,4400
3507,3,181300,49100,62300,29600,4300
3508,3,186400,49100,62500,28300,4300
3509,3,189400,49300,64200,28300,4400
3510,3,191500,50700,58400,28200,4500
3511,3,199000,49300,67600,28300,4300
3512,3,191300,49400,60200,28300,4300
3513,3,191200,49300,60500,28300,4000
3514,3,201800,49500,60700,28500,4100
3515,3,189600,49400,67600,28000,4500
3516,3,207900,49300,63200,28300,3400
3517,3,183100,49500,62400,28000,4500
3518,3,206500,49300,63000,28300,4400
3519,3,192000,49100,61500,29100,4500
3520,3,174400,49100,62900,28100,4500
3521,3,216900,49600,63000,28200,4500
3522,3,201400,49500,63000,28400,4300
3523,3,174900,49300,62600,27600,4300
3524,3,180200,49800,67500,28000,3200
3525,3,184200,53900,63100,27900,4400
3526,3,203300,49400,63300,28300,4500
3527,3,172300,48900,62500,27400,4300
3528,3,184200,49100,67300,28000,4300
3529,3,183300,49500,66900,28000,4300
3530,3,179900,49300,62800,28000,4300
3531,3,211800,49200,63200,31000,4400
3532,3,188000,49800,64700,28400,4500
3533,3,186600,49700,67300,28100,4400
3534,3,182300,49500,67000,27900,4400
3535,3,188500,49300,67500,27700,4300
3536,3,186100,49200,67400,28000,4500
3537,3,185000,49400,62400,27900,4400
3538,3,230300,48000,63000,28200,4400
3539,3,210000,54800,66900,28300,4400
3540,3,192900,55900,65800,28500,4300
3541,3,245500,54600,67800,28600,55600
3542,3,251500,51400,68500,28700,61800
3543,3,206800,50400,66900,29600,20600
3544,3,207800,49800,78700,28200,4400
3545,3,294400,54700,75400,38700,4700
3546,3,278300,51400,62900,30000,4600
3547,3,216400,52700,76300,30100,5100
3548,3,209300,57400,68500,31600,5200
3549,3,203300,51900,64100,29900,5100
3550,3,218400,50100,67100,30300,4500
3551,3,186000,49600,67900,28000,4300
3552,3,249800,52400,62900,29800,5000
3553,3,227900,53900,67400,29800,5100
3554,3,184400,50100,65300,28700,4500
3555,3,207600,54100,65900,31700,5000
3556,3,188700,51400,63800,28600,4400
3557,3,190800,49900,68400,28500,4300
3558,3,211500,49800,62900,28200,4300
3559,3,193400,49300,63200,27800,4300
3560,3,176600,49200,62500,28000,4300
3561,3,212000,49500,67400,28100,4400
3562,3,202100,49300,63300,28000,4400
3563,3,174200,50100,62100,27300,5800
3564,3,173500,49400,67500,27700,4200
3565,3,172600,49000,66800,27400,4100
3566,3,173200,49300,66600,27200,4200
3567,3,164800,48700,58900,28400,4100
3568,3,174600,49100,63200,28100,4200
3569,3,188800,49400,63400,28200,4200
3570,3,191200,48900,63100,28100,4400
3571,3,195200,49400,64600,28200,4500
3572,3,194300,49200,67600,28300,4100
3573,3,196800,49400,68100,28200,4300
3574,3,215000,54500,64000,28400,4300
3575,3,182900,49500,63200,28000,4400
3576,3,219200,49700,67600,28300,4400
3577,3,186300,54000,63500,28000,3400
3578,3,209000,49500,67500,28200,4300
3579,3,190300,49600,63900,29400,4300
3580,3,179300,49000,66900,27700,4300
3581,3,181200,49400,62700,27900,4200
3582,3,174800,49400,62500,27900,4300
3583,3,215000,53700,62900,28300,3400
3584,3,204700,49300,68100,28900,4400
3585,3,182500,49600,66900,28000,4200
3586,3,196000,49400,61100,28500,3500
3587,3,175100,49600,66200,27600,4100
3588,3,177200,49200,66400,27500,4200
3589,3,192200,49400,72200,43100,4400
3590,3,185400,49300,62400,27800,4200
3591,3,219000,49800,65800,29400,4300
3592,3,198200,48900,63300,28400,4400
3593,3,189100,49500,66300,29600,4300
3594,3,187500,54700,64200,28300,3400
3595,3,185300,49700,67700,28200,4300
3596,3,193000,49700,67200,28100,11600
3597,3,177300,49200,63500,27700,3300
3598,3,232100,49600,68000,28600,4300
3599,3,194500,52300,63100,28000,4300
0,4,669500,71500,190400,176900,158300
1,4,248900,75200,67500,28200,39900
2,4,202500,62100,68500,26900,4600
3,4,249600,57100,72200,36700,55200
4,4,254700,52100,70900,40400,63000
5,4,216000,54100,68300,28000,20900
6,4,225400,57000,80200,43100,3400
7,4,242000,51100,68700,28100,4800
8,4,202700,50500,78000,40400,4200
9,4,192500,50200,67400,27300,4300
10,4,218200,49900,60200,27900,4700
11,4,185400,49600,63700,27000,4200
12,4,185700,55100,63400,27200,4300
13,4,187700,50100,67200,26900,4000
14,4,194200,50000,67600,27300,4500
15,4,185900,49600,63000,27900,4400
16,4,201100,49800,79000,44600,4300
17,4,198600,49800,67100,27300,4200
18,4,268000,49900,63000,27700,4500
19,4,240800,49900,79700,42400,4300
20,4,192500,55000,62400,27200,3300
21,4,219200,50400,67400,27500,4300
22,4,212400,49900,67400,27400,4300
23,4,171000,49100,61600,26700,4200
24,4,431100,49900,62500,29800,4100
25,4,553400,50300,63100,27400,4400
26,4,528300,49900,63300,28100,4500
27,4,182600,50100,68600,28800,4300
28,4,188300,49400,77500,41100,4100
29,4,188700,49500,67800,27300,4200
30,4,190400,49600,67200,27200,4300
31,4,187700,49600,62400,27200,4400
32,4,203900,49600,84100,51100,4200
33,4,184700,54400,63000,27300,3100
34,4,211300,49700,67500,27500,4200
35,4,190900,53700,62900,27300,3300
36,4,220200,50100,63100,27900,4300
37,4,196400,49800,67000,27400,4200
38,4,216600,54600,62900,27200,3500
39,4,197600,49700,63700,28200,4200
40,4,182100,49700,62800,27300,4200
41,4,186500,49900,66700,27300,4300
42,4,184300,49500,67000,27100,4300
43,4,191400,49400,67000,26800,4300
44,4,181400,49500,62100,27100,4200
45,4,186800,49600,63300,27300,4200
46,4,209000,50100,66900,27500,4300
47,4,183000,49500,66700,26800,4200
48,4,178700,49700,62500,27000,3200
49,4,216300,49600,62600,27500,4200
50,4,213900,49800,62700,27800,4700
51,4,242300,50000,84600,57800,4300
52,4,190400,49700,67400,27300,4200
53,4,183500,49900,62600,27100,4100
54,4,181000,49700,62500,27400,4300
55,4,179500,49400,62000,26800,4100
56,4,187200,49400,62700,27200,4600
57,4,183700,49400,63100,27200,4200
58,4,235600,49900,63200,27400,4400
59,4,240400,49900,67700,27700,4200
60,4,257300,54300,63300,27600,3200
61,4,201300,48600,62800,27000,4200
62,4,178400,50500,65900,26700,4100
63,4,182300,57100,63500,28500,4100
64,4,255300,54500,87100,58600,57100
65,4,249700,56500,63500,28400,63100
66,4,233600,55900,63500,27900,19800
67,4,187200,50000,63200,27400,4100
68,4,186000,50000,67400,27100,4100
69,4,187500,49600,66600,27300,4200
70,4,207600,50000,62600,27600,4400
71,4,182800,49700,62500,27200,4300
72,4,188400,49500,66900,27100,4500
73,4,180200,49700,66800,27200,4100
74,4,184600,49400,66900,27200,4200
75,4,183400,49600,63700,28300,4400
76,4,188000,49500,66600,27000,4400
77,4,211600,58600,73400,37500,4400
78,4,229000,53600,62100,27900,4400
79,4,207100,52000,67700,27600,4100
80,4,221300,50100,62500,27400,4300
81,4,238900,50300,69400,27500,4200
82,4,202400,50400,63500,27100,4400
83,4,170700,49600,62200,26200,4200
84,4,170800,50000,62900,26600,4000
85,4,167300,49900,59400,26500,4000
86,4,169500,50700,61300,26500,4000
87,4,176800,50000,68200,27600,4000
88,4,172600,50200,59700,26800,4400
89,4,181400,50000,62300,26800,4000
90,4,180700,50300,60000,27100,4200
91,4,182400,50400,63500,27000,3100
92,4,186100,50100,67600,26800,4200
93,4,185000,50300,68200,27100,4100
94,4,201900,50200,68300,27600,4300
95,4,184200,50000,67600,26900,4100
96,4,214000,50300,67900,27400,4300
97,4,189400,50000,63300,27100,4300
98,4,216200,55300,62700,27100,4400
99,4,211700,50400,80100,41600,4200
100,4,180300,49900,63300,26800,4200
101,4,188600,50000,67700,26900,4100
102,4,185500,49800,67500,27100,4200
103,4,187600,51700,66200,30600,4200
104,4,186600,49900,63400,27100,4200
105,4,196200,50100,68000,27100,4200
106,4,212100,50800,67600,27400,3500
107,4,190800,50200,67400,27000,4300
108,4,188000,50200,67500,27400,4300
109,4,186700,50200,67400,27000,4200
110,4,193700,50100,67400,27500,4500
111,4,266500,50300,69100,28900,4300
112,4,213700,50100,67900,27700,4200
113,4,180400,50000,63600,27000,4300
114,4,184100,55000,63100,27200,3600
115,4,183000,55300,61200,26800,3100
116,4,186300,55200,62000,27000,3100
117,4,188600,50400,67600,26900,4100
118,4,241900,50500,68400,27600,4200
119,4,191300,50100,63100,27100,4200
120,4,183000,54800,63000,27000,3300
121,4,180800,50500,67400,27200,4100
122,4,175900,48600,62800,26800,4500
123,4,185200,55700,67200,28000,3100
124,4,184100,57300,62700,27000,4200
125,4,240000,55000,63200,28000,56300
126,4,271900,52000,64200,28200,62900
127,4,205700,51500,68200,28100,20800
128,4,216600,50300,97100,67600,4300
129,4,191900,50300,68000,27700,4300
130,4,210000,50500,64000,28000,4200
131,4,187300,50200,63500,27300,4300
132,4,195000,50000,75700,42400,4100
133,4,182700,50000,63500,27300,4300
134,4,184800,50100,63200,27600,4100
135,4,191500,50100,68700,28200,4100
136,4,193300,50000,62900,27500,4300
137,4,202100,50000,68200,27900,4200
138,4,219800,50300,63600,27500,4300
139,4,202200,50200,63100,27500,4200
140,4,191100,50100,68100,27500,4100
141,4,222600,50800,70000,27600,4100
142,4,247700,50600,63100,27900,4300
143,4,205000,50400,68100,27600,4200
144,4,177300,49700,63200,26700,4300
145,4,215100,49900,63500,27200,4300
146,4,208700,50100,62800,27500,4200
147,4,172100,49700,63600,27500,4100
148,4,171100,49400,63000,26700,4100
149,4,181000,50100,63200,27000,4100
150,4,189800,50000,63800,27400,4000
151,4,188600,50200,68000,27700,4100
152,4,189000,54700,63400,27100,4200
153,4,183700,54700,62800,27100,4400
154,4,206400,50400,67800,27200,4100
155,4,180500,50000,63600,27200,4100
156,4,231800,57400,75500,28800,4100
157,4,218300,55600,67200,28300,4800
158,4,250100,52900,70600,29300,5000
159,4,206000,51100,69900,28600,4100
160,4,183300,51000,64200,27100,4200
161,4,215400,53600,66900,29400,4900
162,4,186800,49700,64000,27700,4300
163,4,181300,48900,62300,27100,4300
164,4,184900,49200,62600,27200,4300
165,4,181500,49700,63000,27200,3100
166,4,204300,50300,63300,27300,4200
167,4,175200,49700,59600,27000,4000
168,4,175400,49300,63200,27200,4200
169,4,175900,49300,58900,27100,4200
170,4,189000,49400,67000,27500,4200
171,4,218900,50100,66200,29800,4400
172,4,184500,49500,63300,27300,4100
173,4,219900,49700,63400,27900,4300
174,4,204600,49900,66900,27700,4300
175,4,178000,49700,62500,27100,4200
176,4,186900,50900,69700,29300,3000
177,4,178700,49200,62500,27000,4000
178,4,233400,54700,62800,27600,4200
179,4,192500,54400,62200,27100,4200
180,4,173400,49100,62100,27000,4100
181,4,176000,49500,66300,26900,4100
182,4,175500,49100,66600,27000,3000
183,4,170800,47500,62700,28000,4100
184,4,193000,51400,71600,30200,4000
185,4,189800,57700,65700,27600,4200
186,4,330300,68100,63100,29600,86900
187,4,304200,57700,71200,29700,95300
188,4,205500,56500,63800,27900,21100
189,4,191000,55000,63300,27300,4200
190,4,217500,49400,63200,27000,4000
191,4,202900,49800,67600,27400,4200
192,4,188300,49300,63400,27500,4200
193,4,183200,49900,62400,27200,4300
194,4,193400,50500,67300,27400,4200
195,4,198300,49500,73000,43600,3400
196,4,191200,49800,67200,27600,4300
197,4,190900,50300,58800,27600,4300
198,4,216000,49800,63000,27700,4300
199,4,193900,49500,59200,27700,4300
200,4,187100,50600,63000,27700,4100
201,4,213900,49800,63300,27500,4300
202,4,210900,49300,67500,27500,4200
203,4,177300,49800,62700,27200,4200
204,4,211900,49400,62800,27800,4200
205,4,196100,49800,63100,27300,4300
206,4,188400,54600,62100,26800,4200
207,4,171600,49000,62900,27800,4100
208,4,174200,49600,62800,27000,4200
209,4,184900,49400,63400,27400,4200
210,4,189200,49700,66600,27200,4200
211,4,191600,49700,67200,27400,4200
212,4,185700,49500,66400,27200,4200
213,4,179500,49800,62100,27400,4200
214,4,196600,49800,58700,27500,4200
215,4,185900,49300,62100,27200,4200
216,4,216700,54400,62500,27500,4100
217,4,186500,49800,66400,27100,4300
218,4,204200,49700,63000,27200,4300
219,4,196800,49100,67600,28100,4200
220,4,175600,49500,62900,27300,4000
221,4,185100,49300,62700,27200,4100
222,4,186800,49300,62900,27200,4200
223,4,189700,49400,67200,27500,4100
224,4,192700,53600,62700,27300,4400
225,4,183100,49000,58600,27600,4300
226,4,216900,51300,69900,27700,4100
227,4,181600,50000,62200,27200,4400
228,4,188900,49800,66900,27300,3100
229,4,190200,54800,62800,27100,3200
230,4,233400,54900,62600,27600,4300
231,4,252100,49800,64000,28900,4200
232,4,188500,54600,62000,27200,4200
233,4,184000,49900,66700,27100,4200
234,4,182700,49900,61900,27200,4300
235,4,224800,54900,62900,27800,4300
236,4,268500,61700,80000,43000,4800
237,4,191300,55400,63500,27600,3200
238,4,249300,52100,65800,29200,4900
239,4,196200,51300,61400,27700,4300
240,4,181900,49400,64900,27000,4300
241,4,189800,54500,65100,26700,4100
242,4,179800,50000,67700,26900,4200
243,4,173800,49500,63100,27900,4100
244,4,172800,47800,63500,26500,4100
245,4,179000,50100,60500,26800,4100
246,4,216000,56900,65500,27600,4200
247,4,236100,54500,62200,28100,57200
248,4,244100,52100,68000,28200,62600
249,4,202200,55700,63900,27700,20800
250,4,203200,49900,63700,27100,4100
251,4,183800,50000,66900,26900,4300
252,4,179200,49600,63000,27100,4000
253,4,196000,49700,74100,41500,4200
254,4,188400,49700,67300,27400,4200
255,4,192400,54600,63800,28200,4300
256,4,232200,50000,106000,92300,4200
257,4,199200,50100,68000,27900,4200
258,4,214500,50300,63300,27700,4300
259,4,201000,50000,67500,27400,4300
260,4,185800,50200,63500,27500,4200
261,4,215100,50100,67200,27500,4200
262,4,218300,49700,68800,27800,4200
263,4,196800,52300,66000,29100,4900
264,4,181900,49800,66600,27300,4200
265,4,175300,49600,62500,26900,4200
266,4,212300,49500,62700,27700,4200
267,4,194300,50100,62400,32100,4200
268,4,176200,53800,63600,27100,3200
269,4,187000,51900,64200,27200,4200
270,4,209900,55500,68000,29100,4600
271,4,208900,53600,63800,29300,4900
272,4,187700,51000,58900,27900,4700
273,4,179200,49200,62800,27500,4100
274,4,207500,49700,62600,27500,4300
275,4,189500,49600,62700,27200,4200
276,4,216500,49900,62900,27800,4300
277,4,193700,49400,62700,27200,4100
278,4,220200,49300,75000,35300,4200
279,4,193700,49500,67700,28300,4300
280,4,179900,49500,66800,26900,4100
281,4,176900,49400,62500,27000,4100
282,4,176900,49100,62000,27100,4200
283,4,184300,49400,67200,27400,4200
284,4,184200,49400,62000,27500,4100
285,4,185300,49200,62700,27500,4200
286,4,211100,49600,66500,27600,4400
287,4,182500,49100,62500,27200,4200
288,4,186100,49200,67000,27300,4100
289,4,184900,49100,66300,27300,4200
290,4,190000,49400,66300,27400,4200
291,4,220600,49400,66200,29600,4200
292,4,189500,54100,62800,27400,4300
293,4,187000,49300,67000,27700,4200
294,4,182300,49100,62500,27800,4300
295,4,186000,49400,66700,27200,4400
296,4,185800,49500,62200,27700,3400
297,4,221600,49500,62600,27800,4200
298,4,250400,50000,58700,27900,4500
299,4,190100,49500,62600,27100,4000
300,4,181700,49100,62100,27400,4200
301,4,175100,49100,62500,27400,4200
302,4,172800,49300,62300,27300,3300
303,4,175200,48900,63600,28400,4100
304,4,174100,49300,62300,27300,4000
305,4,183300,47700,66800,27200,4200
306,4,217900,50300,66400,27900,4200
307,4,195200,57000,64800,27500,4400
308,4,242100,54400,67300,28700,57500
309,4,242200,51500,63400,28400,62000
310,4,251300,59500,63600,29900,28600
311,4,190500,49600,64800,28000,4700
312,4,180700,50300,62500,27600,4100
313,4,183800,49300,67700,27600,4200
314,4,190900,49500,63000,27700,4200
315,4,243400,56600,67100,29100,4300
316,4,242200,56700,65900,28200,3200
317,4,220800,52200,70400,29300,4800
318,4,227100,50200,63400,28400,4500
319,4,198800,49400,62300,27600,4200
320,4,183800,49800,62400,27500,4100
321,4,217500,54200,63100,27800,4200
322,4,209900,49800,67800,28100,4200
323,4,173900,49300,63300,27300,4200
324,4,171500,48600,62000,26900,4000
325,4,172500,49000,62700,26900,4200
326,4,176200,53400,62800,26700,4100
327,4,171400,48900,62900,28200,3300
328,4,211800,49400,62700,27900,4200
329,4,204300,49700,62400,27700,4200
330,4,182600,49400,62900,27400,4200
331,4,186800,49400,66700,27600,4100
332,4,184800,49400,67200,27600,4300
333,4,178200,49300,62800,27500,4200
334,4,200700,48900,62800,27600,4200
335,4,177800,48900,62800,27100,4200
336,4,213000,49200,67100,27600,4200
337,4,180100,49300,62300,27400,4200
338,4,197400,49500,58800,27500,4100
339,4,188500,49400,67800,28600,4300
340,4,170300,48500,62600,27000,4100
341,4,178900,53900,62900,27000,4200
342,4,182500,49200,66800,27400,4000
343,4,179100,49700,67700,27200,4100
344,4,176600,49400,58800,27300,4200
345,4,181300,49600,62600,27700,4300
346,4,207300,49900,67400,27800,4100
347,4,179100,49200,62400,27500,4200
348,4,182600,49400,66900,27600,4100
349,4,182000,49300,62600,27300,4200
350,4,185600,49200,62500,27700,4100
351,4,217000,49400,68100,28700,4100
352,4,182700,49200,63100,27500,4000
353,4,221900,56700,77400,38500,5100
354,4,195000,50400,68700,28300,4700
355,4,187500,49600,67000,27600,4100
356,4,186300,49200,62600,35200,4200
357,4,188300,49600,67300,27700,4100
358,4,236900,54200,63300,28100,3300
359,4,235000,49800,63200,28200,4400
360,4,218900,49300,67800,27700,4400
361,4,190900,49300,67300,27700,4300
362,4,190300,49400,66900,27500,4200
363,4,187600,49600,67500,28500,4300
364,4,174800,49500,62100,27200,4300
365,4,181800,49500,62500,27300,4200
366,4,206300,48100,62700,27400,4200
367,4,188400,50800,63400,27500,4100
368,4,185000,56600,65400,27500,4200
369,4,241000,54300,67500,28400,56800
370,4,264500,51300,63500,28200,62700
371,4,196100,50500,63400,28100,20700
372,4,179000,49400,66400,27300,4300
373,4,172800,49100,62400,26900,4100
374,4,177900,49100,62500,27300,4300
375,4,186500,54000,63000,28500,4300
376,4,195300,50000,66800,27700,4300
377,4,197800,49400,67200,27900,4200
378,4,218500,49300,63300,28000,4300
379,4,212000,49900,74400,36900,4200
380,4,193400,49400,67800,27600,4300
381,4,217000,49500,63000,28100,4200
382,4,207800,49500,66800,27800,4100
383,4,171400,48900,58600,27100,4200
384,4,174900,48900,62700,27200,4200
385,4,183300,53800,66300,27400,4200
386,4,183100,49300,67100,27700,4300
387,4,192300,49500,79300,54100,4300
388,4,175700,49100,62700,27500,4200
389,4,193200,49200,67300,27900,4200
390,4,227400,49600,63200,28100,4300
391,4,241600,55500,67400,29700,10000
392,4,198600,49600,63300,28000,4100
393,4,189300,49600,67600,27600,4200
394,4,213100,51400,63200,27900,4400
395,4,189700,49500,67300,27700,4100
396,4,231700,52300,65300,29500,5000
397,4,190900,49500,63100,27900,4100
398,4,215300,50100,62700,27800,4200
399,4,199200,54200,64300,28800,4100
400,4,221900,54200,63100,27800,4300
401,4,212200,49500,63100,27900,4200
402,4,176000,53600,62800,26900,3100
403,4,172400,49400,62100,27000,4000
404,4,179900,49000,67000,27100,4100
405,4,178000,49500,62400,27600,4200
406,4,200200,49600,62900,27600,4200
407,4,182600,53700,63100,27300,4000
408,4,186400,49500,67000,27500,4100
409,4,182400,49400,62800,27300,4300
410,4,195500,54200,63100,27600,4300
411,4,222500,49500,67300,30000,4200
412,4,185900,49100,62500,27400,4200
413,4,180200,49300,62500,27200,4100
414,4,184400,49100,67400,27600,4200
415,4,185100,48900,66700,27400,4200
416,4,187300,49500,66400,27600,4400
417,4,187000,49500,66800,27500,4200
418,4,226400,49200,59000,27900,4300
419,4,195500,49200,67500,27500,4200
420,4,184000,49400,66800,27500,4200
421,4,218100,49500,66900,27800,4300
422,4,201000,49200,66800,27500,4400
423,4,178100,48900,67500,28300,4200
424,4,176400,49200,66700,27100,4100
425,4,178800,49100,62600,27300,4200
426,4,209700,49100,67200,27700,4200
427,4,172700,47800,61800,26900,3300
428,4,175400,50400,63600,27200,4100
429,4,185600,56700,65100,27700,4100
430,4,261100,54500,66900,28300,57200
431,4,242000,51100,68000,28400,62700
432,4,196800,50400,63400,28100,20600
433,4,171600,48700,63100,27400,4200
434,4,176300,49100,62600,27600,4100
435,4,191400,49200,76100,43200,4200
436,4,180900,49300,63600,27400,4100
437,4,194000,49300,63100,27500,4100
438,4,217800,49600,67400,27900,4200
439,4,202100,49400,66700,27800,4300
440,4,193500,49500,67800,27400,4300
441,4,214900,49500,62900,27800,4200
442,4,210100,49600,67200,27900,4200
443,4,179000,50700,63300,30800,4100
444,4,186300,49200,62300,27000,4200
445,4,185600,53900,62500,27500,4200
446,4,180700,50700,62600,31300,4100
447,4,185100,49400,63800,28300,4200
448,4,179000,49000,62400,27400,4300
449,4,191100,49300,67000,27600,4200
450,4,191800,49800,66600,27800,4300
451,4,191300,49800,62800,27800,4300
452,4,223300,48800,60900,28200,4300
453,4,207500,49500,67400,28000,4400
454,4,201200,49200,62800,27900,4400
455,4,184700,49000,66900,27500,4200
456,4,236100,49700,67200,27700,4300
457,4,188600,49400,66900,27900,4200
458,4,203400,49200,62800,27400,4300
459,4,192900,54200,63600,28600,4200
460,4,172300,49000,62900,27100,4200
461,4,183200,49200,62700,27600,4300
462,4,177500,49100,67200,27300,3100
463,4,175000,49000,62700,27200,4200
464,4,177700,49400,62700,27300,4300
465,4,178400,49300,62400,27600,4200
466,4,206900,49700,67300,28000,4200
467,4,185100,49300,67000,27300,4100
468,4,180400,53900,62800,27400,4300
469,4,185500,49200,67100,27500,4000
470,4,199500,49400,67400,27900,4200
471,4,227800,49400,72300,29200,4300
472,4,232900,52500,70400,29700,4800
473,4,193100,50000,67600,28200,3300
474,4,187500,50000,63200,28000,4200
475,4,184000,49500,62900,27800,4300
476,4,195600,54500,63300,27800,4200
477,4,190600,49200,62700,27500,4200
478,4,242800,49900,68100,28100,4200
479,4,206000,49900,68400,28000,4300
480,4,186300,49700,66600,27500,4300
481,4,178200,48600,62800,27400,4100
482,4,185000,53700,62700,27300,3200
483,4,219600,49600,62400,29400,4100
484,4,203100,49300,62600,27800,4100
485,4,230800,49800,67200,27800,4200
486,4,250400,49500,62600,27900,4500
487,4,182500,49300,67100,27300,4000
488,4,178900,48100,61700,26700,4000
489,4,181100,50700,65800,27600,4100
490,4,211900,57100,65900,27800,4200
491,4,238400,54400,67100,28200,57100
492,4,233500,51300,63200,27800,62600
493,4,189900,50600,63600,28100,20900
494,4,180300,49400,66500,27700,4300
495,4,185200,49600,67600,28400,4100
496,4,180500,49700,62400,27400,4300
497,4,189000,54100,63000,27300,4100
498,4,212500,49800,67300,27800,4100
499,4,194500,49600,66500,27500,3300
500,4,188500,49500,66900,27700,4100
501,4,215900,49500,66800,27400,4100
502,4,211800,54000,63000,27600,4100
503,4,175800,49200,62500,27000,4200
504,4,181900,49300,67000,27400,4000
505,4,180800,49200,66900,27300,4200
506,4,173400,49700,62400,27000,4100
507,4,172900,49300,62900,28000,4000
508,4,178200,49200,66500,27200,4100
509,4,183800,49600,62500,27400,4200
510,4,188400,53800,62400,27700,3400
511,4,191400,49700,66500,27700,4300
512,4,180200,50000,58700,27800,4300
513,4,188500,50100,68300,28000,4100
514,4,243400,49900,67400,28400,4200
515,4,202400,50000,62700,27800,4100
516,4,211900,49400,67100,27700,4100
517,4,183900,49300,66400,27100,4100
518,4,208400,49200,62600,27400,4100
519,4,191500,49500,68000,28700,4200
520,4,174300,49500,66200,26900,4100
521,4,179800,50200,67400,27000,4100
522,4,177200,49900,67300,27300,4100
523,4,172500,49600,62100,27000,4200
524,4,185400,53600,63000,27100,4100
525,4,181300,49300,67100,27600,4100
526,4,200200,49500,67100,27800,4100
527,4,176500,49200,66200,26900,4000
528,4,175100,48900,66200,27000,4100
529,4,181200,49000,66200,27000,4300
530,4,187500,49200,62400,27700,4200
531,4,232500,49900,76900,42900,4300
532,4,192200,49300,63000,28100,4200
533,4,186200,49600,62000,27700,4300
534,4,184600,49200,62600,27600,4200
535,4,185600,49300,62300,27600,4200
536,4,189500,49300,62300,27600,4200
537,4,189900,49600,62600,28000,4000
538,4,241200,49600,67100,28100,4300
539,4,194200,49700,62600,27800,4300
540,4,183900,49500,66800,27600,4200
541,4,178700,49500,62100,27500,4400
542,4,183900,53600,62500,27600,4200
543,4,182200,53700,63100,28400,4200
544,4,178500,49400,62100,27400,4200
545,4,226600,49500,67500,28300,4300
546,4,241600,49900,72600,43100,4300
547,4,191500,52400,68800,27500,4300
548,4,202600,55400,66700,29300,4900
549,4,187900,50700,64200,27900,4400
550,4,210000,50900,65700,27500,4200
551,4,189700,56800,64300,27900,4200
552,4,237000,59100,62700,28100,56700
553,4,247000,51400,68400,28300,63100
554,4,197700,50500,63400,28300,20700
555,4,183400,49700,63900,28800,4200
556,4,184900,49500,64500,27600,4100
557,4,190500,49400,67100,27600,4200
558,4,215500,49400,67300,28000,4200
559,4,192900,49900,62200,27500,4200
560,4,192300,49300,67100,27600,4100
561,4,214100,49700,63000,27600,4300
562,4,217400,49200,67400,27900,4100
563,4,187500,49600,68000,27100,4200
564,4,183200,49300,64100,27300,4300
565,4,181900,49200,67000,27500,4200
566,4,179000,49400,62200,27400,4100
567,4,185500,50500,66500,28500,4200
568,4,185300,53600,62400,27500,4100
569,4,191700,49500,62500,27400,4400
570,4,235000,49700,67400,28100,4200
571,4,224600,49700,63200,28200,4200
572,4,194100,49800,66800,27800,4200
573,4,186200,49400,66900,27700,4200
574,4,207700,49900,67300,27800,4300
575,4,187800,49300,66900,27600,4000
576,4,265500,49700,78500,42500,4400
577,4,209600,54000,63300,27700,4300
578,4,206700,53700,62700,27700,4300
579,4,190000,49300,67500,28600,4100
580,4,174600,53500,62300,27100,4100
581,4,174700,49100,62200,26800,4100
582,4,175600,49200,66900,27200,4100
583,4,169600,48800,59400,27300,4100
584,4,176000,49500,62800,27100,4200
585,4,181700,49700,66900,27600,4100
586,4,200400,49200,66700,27600,4300
587,4,176800,49200,66800,27500,4200
588,4,175700,48900,66800,27000,4200
589,4,173900,48600,62200,27100,4100
590,4,182400,49000,58700,27300,4100
591,4,209400,49600,63100,28500,4300
592,4,179100,49100,62200,27200,4200
593,4,179600,49100,62400,27800,4100
594,4,183100,49300,62300,27600,4100
595,4,188500,49600,66800,27500,4400
596,4,191400,49300,67500,27700,4300
597,4,189800,49300,67000,27600,4200
598,4,242100,50900,69500,27900,4300
599,4,193500,49700,66900,27700,3200
600,4,184600,53900,62500,27300,4200
601,4,175000,49300,62500,27200,3300
602,4,176600,49400,62400,27500,4300
603,4,182000,49300,67600,28400,4300
604,4,176700,49200,62300,27300,4200
605,4,186300,49300,66600,27800,4300
606,4,214100,49500,62400,28000,3300
607,4,223700,49800,66800,28000,4300
608,4,206000,54500,63200,27500,4200
609,4,186000,50600,71600,42400,4000
610,4,199300,48400,66400,27500,4200
611,4,178900,50300,64400,27300,4200
612,4,184400,55900,65300,27100,3600
613,4,233000,54600,67400,28700,55400
614,4,238000,51200,60200,28400,62400
615,4,212100,50500,66900,29500,20800
616,4,191800,61600,56800,28100,4200
617,4,191500,49900,63100,27900,4300
618,4,223800,50000,67600,28200,4400
619,4,189100,49500,58200,27800,4300
620,4,181300,49200,62900,27500,4100
621,4,212000,54000,63200,27800,4100
622,4,200200,49300,62900,27500,3300
623,4,167600,48800,58500,27200,4000
624,4,178400,49300,67000,27300,3300
625,4,177700,49400,62400,27300,4100
626,4,177100,49600,62500,27300,4100
627,4,196300,56200,67200,28800,4000
628,4,183900,50600,63400,27300,4400
629,4,188700,49600,62900,27800,4300
630,4,193000,49500,63000,27800,4200
631,4,188500,49300,62800,27600,4300
632,4,189500,49400,62500,27900,4400
633,4,187800,49800,66800,27600,4300
634,4,212300,54100,62800,27800,4200
635,4,189600,49800,67200,27900,4300
636,4,217400,49300,67000,27800,4500
637,4,191400,54300,62800,27500,4200
638,4,244700,49600,63100,28000,4400
639,4,216500,49500,68400,29000,4300
640,4,176900,49400,66200,27200,4200
641,4,180900,49200,62400,27400,4100
642,4,177200,49000,66600,27500,4100
643,4,179200,49500,66300,27300,4200
644,4,181800,49500,66500,27200,4000
645,4,177300,49000,62100,27300,4200
646,4,204000,49100,62500,27600,4200
647,4,179300,49100,62000,27600,4300
648,4,181400,49100,66700,27400,4000
649,4,187300,52500,58900,27500,7200
650,4,195200,49600,68500,27600,4100
651,4,214300,49700,67000,30400,4100
652,4,182000,49300,62300,27300,4200
653,4,179600,49400,62800,27500,4200
654,4,196600,49000,75100,38500,4100
655,4,230200,49800,67300,27900,4400
656,4,226300,49500,67400,28100,4300
657,4,188900,49100,66800,27500,4200
658,4,232400,49400,63700,28000,4200
659,4,198500,49400,67200,27700,4200
660,4,178500,49100,62200,27400,3100
661,4,180100,49200,67000,27600,4100
662,4,176000,49200,62300,27100,4100
663,4,177200,48900,63500,28400,4100
664,4,177200,49100,62300,27400,4100
665,4,185900,49300,66600,27500,4200
666,4,207900,49200,62300,27800,4200
667,4,183500,49200,66400,27300,4300
668,4,179700,49700,67000,27200,3200
669,4,221000,54300,62600,27700,4200
670,4,221600,49700,62400,27900,4100
671,4,177500,47700,66200,27100,4100
672,4,173100,50400,63000,27100,4100
673,4,183800,55900,62900,27500,4000
674,4,236400,58700,63200,28400,55300
675,4,241300,51100,66300,29500,62500
676,4,202000,50800,67800,28200,20600
677,4,183800,49700,62800,27600,4200
678,4,206500,49600,62800,27900,4100
679,4,196300,59700,58600,27400,4400
680,4,182600,49500,67100,27600,4200
681,4,208400,49500,67100,27800,4200
682,4,201200,53800,62900,27400,4100
683,4,167500,49400,62500,26900,3100
684,4,175100,53400,63400,30500,2800
685,4,174300,49400,66300,27100,4100
686,4,173500,48900,62800,27400,4000
687,4,179600,49100,67100,28200,4200
688,4,180400,49400,66400,27400,4200
689,4,190100,54200,63100,27500,4200
690,4,192000,49600,67000,27800,4200
691,4,202400,54500,62700,28000,13900
692,4,189400,50600,66800,27600,4200
693,4,192200,49800,72000,31600,4500
694,4,204600,49600,67400,28100,4300
695,4,185000,49600,66300,27500,4300
696,4,210700,49900,63000,27900,3200
697,4,183800,49100,62500,27800,4200
698,4,208200,54000,63200,27500,4100
699,4,198200,49400,67600,28800,4200
700,4,219700,49300,62500,27800,4400
701,4,207300,49700,67000,27900,4400
702,4,184200,49400,66700,27500,4300
703,4,176300,49100,61800,27400,4200
704,4,172800,49300,57700,27300,4200
705,4,182800,49400,66600,27500,4100
706,4,205000,49400,69500,27900,4200
707,4,197400,52500,67100,27400,9800
708,4,192700,61600,67600,27300,4200
709,4,196000,51700,63000,29800,4900
710,4,216700,54000,70800,29800,4900
711,4,252100,52300,70700,30900,4900
712,4,193600,50900,67500,28000,4200
713,4,185700,49500,67500,27600,4200
714,4,183900,49300,67400,27500,4300
715,4,181700,50800,63800,27500,4200
716,4,181600,49700,59200,27500,4100
717,4,189100,50000,63200,28000,4200
718,4,238000,49600,62800,27700,4300
719,4,202000,49400,67000,27900,4200
720,4,188100,49100,67100,27700,4300
721,4,183700,49500,63100,27900,4300
722,4,182300,49600,62900,27500,4200
723,4,181100,49300,65500,29100,4200
724,4,188600,49300,66900,27300,4100
725,4,191200,49400,67300,27800,4200
726,4,218100,49600,67800,28000,4200
727,4,187100,49800,66900,27700,3300
728,4,186700,54000,63000,27500,4300
729,4,181900,50300,62300,27600,4300
730,4,208200,49700,63000,27700,4300
731,4,227300,49400,67300,27800,4200
732,4,202200,48100,62400,27300,4200
733,4,187100,50300,65800,27100,4100
734,4,204500,61600,66700,27800,4300
735,4,267500,58300,63300,30900,59100
736,4,253500,53400,62500,28600,62900
737,4,232200,52900,69200,28200,20900
738,4,250200,53000,67600,29700,4900
739,4,208000,50000,68000,28200,4100
740,4,230800,49800,67900,28100,4300
741,4,249000,49600,67500,28100,4400
742,4,205800,55000,63400,27600,3100
743,4,171700,49600,66900,26800,3100
744,4,173000,49600,66400,26800,4300
745,4,170200,49300,63600,27100,4200
746,4,170300,49100,65900,27100,3100
747,4,167600,48900,59000,28300,4200
748,4,175900,49000,62700,27100,4000
749,4,200500,49900,68100,27800,4200
750,4,199300,54200,62800,27700,4100
751,4,190100,49500,63100,27900,4200
752,4,192400,49400,68200,27600,4100
753,4,190000,49500,67000,27700,4300
754,4,203300,49600,66700,27500,3300
755,4,187000,49500,67100,27500,4200
756,4,218000,49700,67000,27900,4200
757,4,193300,49200,66700,27300,4200
758,4,206000,49600,63000,27300,4200
759,4,189800,49100,63500,28400,4100
760,4,176000,49100,62200,27200,4000
761,4,183500,49500,67100,27500,4100
762,4,217700,49300,67100,28000,4300
763,4,196900,49700,62200,27600,4400
764,4,171700,49100,58500,27100,4200
765,4,191100,53900,63200,27800,3300
766,4,196000,49300,61900,27500,4000
767,4,176600,49300,66400,27000,4000
768,4,171500,48800,62100,27300,4100
769,4,178300,49100,66500,27300,4000
770,4,178300,49300,62100,27300,4200
771,4,238300,54200,87700,57900,4200
772,4,183000,54300,62400,27400,4100
773,4,177900,49000,66500,27300,4200
774,4,181000,49000,67000,27400,4200
775,4,176100,49600,61900,27200,4200
776,4,187900,48900,66700,27600,4100
777,4,182000,49900,64700,27200,4100
778,4,249300,53300,67500,29600,5100
779,4,199100,49800,63100,28000,4200
780,4,186800,49500,67100,27600,4200
781,4,183200,53800,62600,27800,3200
782,4,180400,49800,62300,27300,4100
783,4,180700,49200,63300,28500,4200
784,4,194800,49500,67400,27600,4200
785,4,199800,55800,64700,31600,3300
786,4,217000,49500,63400,28100,4200
787,4,191800,49500,64800,28000,4400
788,4,209900,52700,76600,35400,4200
789,4,201200,51700,69800,28400,4400
790,4,242800,53000,68600,29800,4900
791,4,208300,52800,66700,29700,4900
792,4,186900,51200,58600,27800,4300
793,4,215900,48600,62900,27800,4200
794,4,209400,50500,66600,28300,4300
795,4,192400,57600,63500,29000,4200
796,4,247700,61000,62800,28300,57300
797,4,246300,51400,59100,28400,63300
798,4,234700,51100,68000,28300,20800
799,4,194900,49500,63500,27800,4400
800,4,189600,49700,62500,27600,4100
801,4,213500,54400,63400,27800,4300
802,4,202400,49600,62600,27900,4300
803,4,171100,49200,62100,27300,4200
804,4,169100,51900,58600,27200,4100
805,4,170800,49600,62600,27000,4100
806,4,177100,53800,63000,27300,4200
807,4,171800,49300,63100,28100,4100
808,4,171400,48700,62500,27200,4100
809,4,188500,49600,67300,27500,4200
810,4,190300,49000,63200,27800,4300
811,4,192400,49400,62700,28000,4200
812,4,194200,49600,67800,27900,4200
813,4,191800,49700,67100,28000,4200
814,4,210600,49600,66900,28000,4200
815,4,188200,49400,62500,27700,4300
816,4,220100,49700,67200,27800,3200
817,4,192500,49600,63700,27600,3200
818,4,216900,53900,63300,27700,4200
819,4,235600,64200,61700,30700,7800
820,4,185300,51100,60000,28100,4600
821,4,191000,52100,64500,29100,4200
822,4,186100,51100,62900,27900,3700
823,4,206600,52100,67500,29500,4900
824,4,259700,51900,69400,29700,5100
825,4,257500,50000,68100,28100,4500
826,4,239200,50200,63200,28200,4300
827,4,182200,49300,66600,27000,4200
828,4,168300,48700,58700,27400,4200
829,4,179000,49700,64400,27100,4000
830,4,177800,49000,58500,27500,4000
831,4,211000,49500,63800,28800,4100
832,4,179200,49400,63500,27500,4200
833,4,182700,55300,62800,27100,4200
834,4,181400,49100,67600,27400,4100
835,4,182300,53700,63500,27100,4000
836,4,183900,49600,66900,27500,4200
837,4,183000,49500,66800,27200,4200
838,4,226400,50900,62100,27600,3200
839,4,194800,49600,69500,27300,4100
840,4,178200,49200,62400,27700,4300
841,4,188600,49500,67000,27200,4200
842,4,184300,49400,66300,27400,4200
843,4,185800,49300,67800,28600,4200
844,4,183700,49300,67000,27600,4300
845,4,186800,49100,63000,27600,4100
846,4,211600,49500,62700,27800,4200
847,4,186500,54400,62800,27400,4200
848,4,181200,49300,66600,27200,4100
849,4,179800,49300,62000,27300,4200
850,4,206400,49500,67000,27900,4100
851,4,177000,48900,61900,27300,3200
852,4,179500,49600,66600,27600,4100
853,4,171000,48900,59200,27100,4200
854,4,184100,48000,66900,27500,4200
855,4,222700,49900,65300,29100,4300
856,4,215200,56500,65200,28000,4200
857,4,247900,54700,67500,28500,57000
858,4,271000,51300,63300,28300,63000
859,4,214600,50400,68200,28300,20700
860,4,188200,50300,69400,27600,4300
861,4,232300,54900,67300,29500,4900
862,4,202700,49500,59100,28100,4300
863,4,183900,49300,68700,27400,3900
864,4,173200,49400,66800,27200,4000
865,4,173700,49100,66700,26900,4100
866,4,177800,53200,62500,26700,2900
867,4,179600,49300,67700,28100,4100
868,4,172000,49400,62500,26900,4200
869,4,185000,49200,63100,27600,4100
870,4,206700,57200,65700,27600,4200
871,4,196800,49700,68000,28200,4300
872,4,200200,54800,62900,28000,4300
873,4,194600,49700,67200,27900,4200
874,4,217100,49600,62400,27700,4300
875,4,184800,49100,59100,27800,4200
876,4,217200,49700,62200,27800,4200
877,4,195700,49300,67400,27800,4400
878,4,207200,49300,62700,27500,4400
879,4,191900,49300,63600,28600,4200
880,4,180500,48900,66400,27300,4200
881,4,184200,49200,66500,27400,4200
882,4,183800,49600,67000,27600,4200
883,4,182800,49000,66400,27400,4200
884,4,184900,49300,66900,27500,4200
885,4,184600,49100,62900,27600,4100
886,4,241100,49800,63200,28300,4300
887,4,206300,53800,64600,27900,4300
888,4,183400,54300,63300,27500,4100
889,4,182200,49800,66900,27600,4100
890,4,186200,49400,67000,27300,4200
891,4,214000,49900,62200,30000,4500
892,4,179900,49300,63000,27400,4000
893,4,182100,49200,67000,27300,4100
894,4,178000,49400,62800,27400,4100
895,4,184100,54200,63100,27500,4200
896,4,181500,49200,62500,27300,4100
897,4,179300,49400,62400,27500,4200
898,4,230400,49500,67600,27900,4200
899,4,184900,49200,58300,27700,4200
900,4,176200,49300,63200,27300,4100
901,4,174400,48900,58600,27500,4000
902,4,180500,48600,63000,27500,3200
903,4,183800,49400,62400,29100,4100
904,4,209600,53300,65600,29500,5000
905,4,196600,49900,63000,28000,4200
906,4,217200,49500,63400,28100,4200
907,4,193400,49300,67000,27600,4200
908,4,189800,49500,67300,27800,4200
909,4,186500,48800,63000,27800,4300
910,4,262400,49500,67500,28200,4300
911,4,217500,49600,63100,27900,4300
912,4,179900,49100,66500,27500,4100
913,4,171200,48900,58900,27100,4200
914,4,180900,49400,62900,27600,4200
915,4,185100,47700,67600,28300,4200
916,4,195000,50000,66400,27800,4300
917,4,233100,57200,63500,28300,4400
918,4,290100,54500,62700,28500,57500
919,4,250200,51200,60900,28500,62600
920,4,208400,53800,68000,28600,20800
921,4,217500,49800,67200,27800,4300
922,4,217000,50900,68400,27600,9700
923,4,170100,49000,62100,26900,4200
924,4,167600,48900,62600,26800,4100
925,4,167700,48700,62400,27000,4100
926,4,170400,49100,66500,26900,3000
927,4,170800,53000,63400,27800,3000
928,4,168100,49100,62100,26800,3000
929,4,183200,49000,67200,27300,4100
930,4,186100,49600,66800,27600,4100
931,4,177800,49500,58500,27600,4200
932,4,182600,49300,66700,27400,4000
933,4,178800,49700,62600,27400,4200
934,4,199900,49500,63600,28000,4200
935,4,195300,54000,62600,27500,4100
936,4,211300,49200,62700,27400,4100
937,4,185900,49500,62300,27500,4100
938,4,211200,49200,66600,27500,4200
939,4,192300,49500,63300,28700,4300
940,4,178100,49200,66600,27100,4200
941,4,180300,48800,62400,26900,4100
942,4,172600,49300,58700,27300,4200
943,4,176300,49600,62400,27400,4100
944,4,183300,49300,66500,27500,4100
945,4,179400,49200,62200,27500,4100
946,4,220100,51600,70000,29700,4800
947,4,189600,49800,67600,28000,4500
948,4,228800,52900,70300,33800,4000
949,4,207500,49600,66900,27600,4300
950,4,186200,49400,66900,27300,4100
951,4,215900,49900,68000,29200,4200
952,4,178100,49300,58800,27400,4200
953,4,182600,49100,67400,27400,4200
954,4,180300,49100,62500,27500,4200
955,4,184400,50300,62300,27100,3100
956,4,183800,48500,63100,27600,3300
957,4,187000,49700,63500,27700,4200
958,4,236400,49800,67700,28100,4100
959,4,186600,49200,59400,27500,4300
960,4,178900,53600,62600,26900,3100
961,4,179100,49600,67000,27100,4100
962,4,181100,53600,62800,27400,4100
963,4,174600,48900,63700,28500,4000
964,4,175100,49200,62200,27200,4100
965,4,189900,49400,67200,27800,4100
966,4,219400,49500,67400,27800,4200
967,4,192300,54000,63100,27600,4300
968,4,180600,49000,62000,27500,4100
969,4,185200,49700,62400,27600,4200
970,4,211900,49500,67300,27900,4300
971,4,184400,49300,67100,27800,3200
972,4,179000,49400,62900,27600,4200
973,4,177600,49400,62000,27600,4200
974,4,188000,58100,60000,27600,4200
975,4,184200,49200,63100,28700,4200
976,4,187800,52500,62500,27700,3000
977,4,194900,50500,68200,27900,4300
978,4,229800,63300,65900,27800,3300
979,4,291800,55000,62500,28500,57100
980,4,282600,51600,65300,28400,62800
981,4,227700,50500,63800,28400,20700
982,4,206400,49800,67600,28000,4200
983,4,175800,49100,66800,27100,4100
984,4,177600,53600,62600,26900,4100
985,4,170400,49100,62200,27000,4100
986,4,179400,49100,67000,27500,4100
987,4,177800,49500,63000,28200,4300
988,4,178100,50200,64300,27300,4200
989,4,193700,50600,70500,27600,4200
990,4,184100,49200,62400,27600,4300
991,4,188800,49600,67100,27800,4100
992,4,195700,48900,67300,27500,4100
993,4,183000,49300,63300,27700,4300
994,4,201300,54700,57100,27800,4200
995,4,222900,49800,62600,27900,4200
996,4,251000,49900,63100,28400,4500
997,4,191700,49500,67500,27600,4100
998,4,213800,54500,63400,27800,4100
999,4,196900,53600,63900,28600,4200
1000,4,177400,49200,62100,27400,4100
1001,4,185300,49600,67000,27300,4200
1002,4,180100,49300,67100,27300,4200
1003,4,175800,49100,62200,26900,4200
1004,4,183800,49100,67500,27300,4000
1005,4,176400,49000,58700,27600,4300
1006,4,205400,49900,67400,28100,4200
1007,4,176300,49400,62400,27500,4100
1008,4,178800,53800,62300,27300,4300
1009,4,179900,49500,63000,27300,4200
1010,4,223100,49400,62400,27800,4100
1011,4,247700,49700,77500,43800,4200
1012,4,181600,49400,67300,27500,3100
1013,4,175100,49300,62400,27300,4200
1014,4,175900,49200,63000,27400,4100
1015,4,180500,49200,66500,27400,4100
1016,4,185600,53900,63000,27200,4300
1017,4,175600,49400,62200,27300,3100
1018,4,227800,49800,66800,27900,4200
1019,4,196400,49300,72600,42800,4300
1020,4,173200,48900,62800,27100,4100
1021,4,176500,53700,62900,27100,4000
1022,4,171800,48800,62600,26900,4000
1023,4,181000,54400,65700,28200,4100
1024,4,176100,49100,62100,26900,4100
1025,4,177600,49200,63000,27800,4100
1026,4,208000,49700,67300,27700,4100
1027,4,187600,49100,62900,27600,4200
1028,4,200400,52500,75500,31000,4100
1029,4,199700,51600,69200,27900,4100
1030,4,208400,49800,66900,27800,4300
1031,4,183000,49500,63500,27400,4100
1032,4,184200,49700,67200,27400,4300
1033,4,175100,49700,62500,27400,4300
1034,4,178300,48800,62600,27200,4300
1035,4,185200,49700,64500,28700,4100
1036,4,186600,49500,67000,27500,4300
1037,4,185400,48400,62800,27500,4200
1038,4,214200,50700,65900,27900,4100
1039,4,205300,56700,66100,28000,3200
1040,4,248200,54300,62900,28400,56000
1041,4,317400,51600,68200,28400,62600
1042,4,248900,50600,63700,28400,20700
1043,4,178700,49200,67200,27400,4100
1044,4,175000,49100,66700,26900,4300
1045,4,170600,49300,62200,27200,4200
1046,4,175100,49600,66300,27000,4200
1047,4,177700,49100,67300,28300,4200
1048,4,173900,49600,62300,27100,4200
1049,4,181900,49400,62900,27600,4100
1050,4,188900,53800,63100,27700,4200
1051,4,188400,49400,67200,27400,4100
1052,4,183100,49500,62500,28000,4200
1053,4,180400,49700,62900,27500,4200
1054,4,198200,49500,62400,27800,4300
1055,4,180300,49400,62500,27500,4000
1056,4,216200,49200,63000,27700,4200
1057,4,184000,49300,62500,27800,4200
1058,4,205300,49600,58500,27900,4300
1059,4,193900,49700,63200,28900,4000
1060,4,182700,49600,66400,27600,4200
1061,4,187600,49400,67200,27700,4300
1062,4,180000,49200,62700,27500,4300
1063,4,186000,49500,66700,27500,4100
1064,4,181400,49200,62700,27600,4300
1065,4,182600,49400,63000,27500,4200
1066,4,202300,49400,62800,27800,4000
1067,4,184400,49200,62900,27400,4100
1068,4,177400,49200,62100,27200,4200
1069,4,184600,49100,66800,27400,4100
1070,4,192100,49300,69900,27300,4300
1071,4,220500,49700,64000,29400,4400
1072,4,233600,49900,68000,28200,4300
1073,4,208600,54100,63400,28000,3200
1074,4,184200,51000,62300,27700,4300
1075,4,184600,51300,67200,27500,3100
1076,4,181800,49500,62200,27600,4300
1077,4,183500,49200,63800,27700,4200
1078,4,235100,49600,62700,28200,4200
1079,4,198100,49700,67200,27800,4200
1080,4,230000,49700,67100,28000,4300
1081,4,214700,50000,66800,28100,4300
1082,4,179200,49200,62500,27100,4000
1083,4,173500,49400,63500,28100,4000
1084,4,176300,49300,66900,26900,4200
1085,4,183200,49200,66800,27300,4100
1086,4,208600,49200,67000,27600,4200
1087,4,182200,49200,67300,27400,4200
1088,4,178400,49400,66400,27100,4200
1089,4,180200,49500,63000,27400,4300
1090,4,219700,49500,67300,27900,4000
1091,4,185300,53900,62500,27500,4000
1092,4,177800,49100,62000,27300,4100
1093,4,177600,49200,62700,27200,4100
1094,4,185500,49200,66500,27900,4200
1095,4,180300,49500,63400,28600,3300
1096,4,186900,49700,66700,27600,4200
1097,4,191100,49500,67300,27800,4300
1098,4,206900,48400,62900,27500,3400
1099,4,197200,50300,65700,27600,4400
1100,4,199600,66500,62400,27900,4300
1101,4,264000,54300,63400,28500,55800
1102,4,268000,51600,67800,28300,62500
1103,4,228200,50400,63000,28300,20900
1104,4,192400,49500,62200,27400,4300
1105,4,182900,49200,74900,26800,4100
1106,4,201100,62600,67500,29200,4600
1107,4,175000,49500,63300,28200,4100
1108,4,172100,49600,62300,27500,4100
1109,4,181400,49500,62700,27700,4200
1110,4,204800,49800,71100,27500,4200
1111,4,182000,49300,62300,27600,4200
1112,4,183000,49500,63100,27500,4200
1113,4,182000,49700,67500,27800,4200
1114,4,202200,49300,62200,27800,4400
1115,4,178300,49200,62900,27500,4300
1116,4,208800,49100,62400,27600,4200
1117,4,180700,49500,61800,27400,4200
1118,4,200100,49200,61800,27300,4200
1119,4,187700,49400,64300,28400,4100
1120,4,179800,48800,66800,27500,4200
1121,4,182100,50200,62300,27300,4100
1122,4,177900,49300,62600,27500,4100
1123,4,177400,48700,62100,27200,4100
1124,4,192100,50000,67500,31200,4100
1125,4,196800,49400,68300,27800,4200
1126,4,213100,49900,67400,27900,4300
1127,4,191500,49300,67200,27700,6700
1128,4,186500,54100,63300,27500,4300
1129,4,184400,49400,66700,27500,4300
1130,4,186000,49500,62200,27500,4300
1131,4,229700,49100,67100,30300,4300
1132,4,185200,49000,63100,27700,4200
1133,4,186700,49700,66700,27200,4300
1134,4,222800,49900,67100,28000,3300
1135,4,203300,49400,63100,27800,4300
1136,4,187400,49800,67100,27400,4200
1137,4,184500,53700,63100,27400,3300
1138,4,232300,49500,67400,28100,4200
1139,4,189900,49600,62500,27500,4300
1140,4,180000,49300,66900,27400,4300
1141,4,169100,48800,57800,27400,4200
1142,4,174200,49200,61900,27300,4100
1143,4,174500,49500,63100,28600,4100
1144,4,179200,54000,62400,27300,3100
1145,4,183200,49000,66800,27500,4100
1146,4,212100,49800,66800,28000,4400
1147,4,190400,53200,67200,27900,4200
1148,4,172300,49600,59000,27500,4300
1149,4,180900,49800,66200,27400,4100
1150,4,199800,49500,62800,27900,4200
1151,4,178600,49200,58400,27900,4300
1152,4,190700,49500,66600,27600,4200
1153,4,181900,49400,66900,27700,3300
1154,4,179400,49200,58000,27600,4200
1155,4,193400,49600,68200,28800,4000
1156,4,194500,53800,62400,27800,3300
1157,4,204700,50000,66900,27700,4400
1158,4,219800,49800,67400,27900,3400
1159,4,200600,47800,67100,27600,3300
1160,4,196000,51000,70300,28100,4300
1161,4,219800,57100,63300,28200,4400
1162,4,269500,54600,67500,28500,57300
1163,4,248500,51300,68200,28500,62500
1164,4,198700,50400,63300,28200,20900
1165,4,261000,49400,66700,28300,4400
1166,4,233400,49900,67000,27900,4300
1167,4,174000,48900,67200,27800,4000
1168,4,174100,49100,66600,27000,4100
1169,4,179900,49400,62900,27600,4100
1170,4,192200,53800,62800,27500,4400
1171,4,185800,49100,67200,27800,4100
1172,4,178700,48700,62300,27200,4200
1173,4,181300,49400,66900,27400,4100
1174,4,203600,49600,66700,27600,4300
1175,4,180500,53500,63000,27200,3200
1176,4,218200,49800,66900,27700,4000
1177,4,184500,49100,66900,27500,4200
1178,4,204600,49300,66400,27100,4200
1179,4,187300,49000,68100,28300,3200
1180,4,174300,49500,66300,27100,4200
1181,4,178400,53400,62900,27200,3000
1182,4,181500,49700,66900,27300,4200
1183,4,176500,49400,59200,27100,4200
1184,4,181900,49100,62400,27400,4100
1185,4,226900,53500,88800,47100,4200
1186,4,228200,49800,79700,42900,4100
1187,4,185000,54300,63400,27600,3200
1188,4,172500,49200,58500,27100,4200
1189,4,176200,49400,61900,27200,3100
1190,4,188600,49600,67000,27600,4100
1191,4,213600,49500,63500,28900,4200
1192,4,182500,49500,62300,27200,4200
1193,4,184100,53800,62600,27700,4200
1194,4,184400,49400,68100,27800,4300
1195,4,186100,49400,66700,27400,4200
1196,4,221300,49000,63100,28000,4400
1197,4,201200,49500,62500,27800,4200
1198,4,224000,49400,63100,27800,3300
1199,4,187000,49200,62500,27500,4200
1200,4,172800,48900,62100,26900,4100
1201,4,171600,48900,62200,27300,4200
1202,4,169100,49600,58400,27200,4000
1203,4,177700,50400,67600,28100,4200
1204,4,171000,48900,62000,27100,4100
1205,4,188800,49200,66500,27200,4200
1206,4,208900,49700,66400,27700,4300
1207,4,180900,49300,66400,27400,4300
1208,4,178100,53400,62200,26900,4200
1209,4,183200,53800,62600,27300,4100
1210,4,214300,49400,66500,27600,4200
1211,4,182900,49400,63700,27800,4200
1212,4,194600,49600,66500,27600,4200
1213,4,182800,50700,63500,27600,3100
1214,4,178700,49700,56600,27900,4000
1215,4,283300,57500,115900,28800,3700
1216,4,203400,50100,72600,28700,3500
1217,4,213100,50800,63900,28700,4300
1218,4,222700,50100,64400,28400,4200
1219,4,205800,49500,69000,28200,4300
1220,4,189000,48200,67400,27300,4200
1221,4,220800,55100,66400,27800,3200
1222,4,219900,62000,65400,28100,3200
1223,4,238200,55000,67100,28500,56600
1224,4,237100,51300,63800,28100,62700
1225,4,192400,50400,63500,28200,20800
1226,4,187700,49300,66800,27100,4200
1227,4,215600,49400,64000,29000,4300
1228,4,202200,49900,67500,27900,4200
1229,4,196500,54600,62800,27800,4000
1230,4,184800,49500,62600,27800,4200
1231,4,194700,49100,67100,27700,4300
1232,4,186400,49600,67000,28000,4200
1233,4,179200,50600,62200,27700,3200
1234,4,204400,49400,62000,27700,4200
1235,4,180000,49400,62900,27400,4200
1236,4,211000,49500,62600,28100,4300
1237,4,186200,49400,67200,27600,4200
1238,4,206900,49500,66400,27700,4200
1239,4,191700,49400,67500,28300,4300
1240,4,175500,49200,62400,27300,4100
1241,4,179900,49100,62800,27500,4200
1242,4,180800,49400,66300,27300,3300
1243,4,180400,49100,62700,27200,4300
1244,4,191000,49800,62300,27700,4300
1245,4,191700,50500,67100,27900,4300
1246,4,206600,49500,63100,27900,4200
1247,4,187300,49400,66700,27600,4200
1248,4,188000,49500,66300,27900,4100
1249,4,190300,49300,67000,27500,3100
1250,4,227700,49800,62900,28100,4400
1251,4,254500,49800,67000,30500,4200
1252,4,183300,49200,62600,27700,4200
1253,4,178700,49200,62400,27500,4200
1254,4,176200,49100,58200,27700,4300
1255,4,186300,49500,62800,27600,4200
1256,4,186700,49800,67400,27900,4100
1257,4,187100,49400,66800,27500,4300
1258,4,272100,50000,67200,28300,4400
1259,4,214300,54000,63100,27900,3300
1260,4,170300,49300,58400,27300,4300
1261,4,171600,49300,62600,27000,4100
1262,4,176300,48900,67000,27100,4100
1263,4,178200,49700,67400,28100,4200
1264,4,175500,49100,66100,27300,4200
1265,4,202500,50700,78500,29000,4200
1266,4,265600,57600,73800,30100,5100
1267,4,202400,54000,61500,29300,5000
1268,4,181600,50600,64200,27700,4100
1269,4,183200,55300,64500,27600,2900
1270,4,224300,51700,70600,29400,4900
1271,4,187400,54600,62700,27600,4200
1272,4,171400,49000,58500,27400,4000
1273,4,175900,49100,67000,27400,4100
1274,4,181700,49700,67300,27400,3300
1275,4,192400,49800,68800,28700,3700
1276,4,192700,49500,67200,27800,4300
1277,4,195800,49400,66600,27600,4300
1278,4,218500,49400,64800,28100,4200
1279,4,198400,49500,63100,27800,4200
1280,4,191200,49800,67000,27400,4200
1281,4,208700,48000,61800,27400,4400
1282,4,208500,50400,66000,27600,4100
1283,4,180500,56400,62100,27300,4100
1284,4,235600,54600,66900,28300,57300
1285,4,236600,50800,65400,28300,62700
1286,4,214700,56600,69100,38500,27600
1287,4,191300,50900,70600,29100,4600
1288,4,178100,50700,60300,27600,4100
1289,4,252100,53700,67000,32800,5000
1290,4,221300,50500,68400,28300,4300
1291,4,183600,50000,62700,27400,3100
1292,4,187600,49600,69500,27600,4200
1293,4,194500,51100,68800,27800,4200
1294,4,206800,49600,63200,27900,4400
1295,4,188700,49600,62700,27600,4200
1296,4,220400,49800,62900,27900,4300
1297,4,189000,49600,63000,27700,4100
1298,4,207700,50500,62900,27900,4200
1299,4,190100,49400,63600,28500,4100
1300,4,171900,48900,62100,27200,4200
1301,4,181400,49300,67300,27500,4100
1302,4,171500,48900,58200,27500,4200
1303,4,178400,49200,66800,27200,4200
1304,4,194500,61700,63400,27900,4200
1305,4,185500,49600,67000,27800,4100
1306,4,211000,49800,67200,28000,4300
1307,4,187300,49300,67200,28000,4200
1308,4,184800,49500,66200,27500,4300
1309,4,183300,49500,62300,27600,4200
1310,4,189100,49300,62800,27400,4200
1311,4,223900,49800,68300,29000,4300
1312,4,185500,49500,63000,27700,4300
1313,4,182500,49000,62800,27600,4100
1314,4,187700,49700,67400,27900,4300
1315,4,185800,54100,62600,27500,3200
1316,4,191200,49200,67200,27900,4200
1317,4,186200,53800,62800,27700,3200
1318,4,235800,49600,67700,27800,4200
1319,4,194100,49100,62900,27800,4200
1320,4,222300,49100,67400,28000,4400
1321,4,199500,49700,63300,28200,4300
1322,4,170300,49100,58200,27100,4100
1323,4,178500,49400,67500,28700,4000
1324,4,173700,49200,62000,27100,4200
1325,4,184500,49300,66800,27700,4300
1326,4,215600,49400,67200,28100,4200
1327,4,185000,49300,62800,27500,4200
1328,4,182600,49300,66600,27400,4000
1329,4,189000,50400,68000,27700,4300
1330,4,234300,52400,63400,29900,5100
1331,4,190400,49900,68300,27900,4200
1332,4,177800,49400,63300,27500,4200
1333,4,180800,49300,67200,27700,4200
1334,4,185500,49700,63600,27700,4200
1335,4,225200,49400,63800,28900,4200
1336,4,238600,50100,67800,28200,4400
1337,4,197200,50100,67000,27800,4200
1338,4,215600,49300,63200,28100,4300
1339,4,198200,49700,63100,27900,4300
1340,4,191200,49300,67400,27900,4200
1341,4,229100,53200,67000,27800,3200
1342,4,255600,52500,68000,29700,4900
1343,4,181200,56200,59100,27500,4300
1344,4,197900,58000,75200,29100,4100
1345,4,305300,68600,61800,29900,97300
1346,4,241400,51700,61600,28700,64200
1347,4,196600,51000,66300,29500,20700
1348,4,173600,49200,59700,27600,4200
1349,4,191000,50500,67300,27500,4300
1350,4,193000,53800,63100,27800,4200
1351,4,225400,49400,63100,27900,4200
1352,4,211000,49800,68100,27900,4200
1353,4,179800,49500,63100,27400,4100
1354,4,206800,49600,67300,28100,4200
1355,4,180000,49300,63000,27200,4100
1356,4,214400,49500,67800,27900,4100
1357,4,184800,49700,66200,27100,4100
1358,4,205000,49000,66200,27200,4200
1359,4,189300,49200,67100,28200,4200
1360,4,174800,49100,66800,27000,4200
1361,4,178900,53100,62800,27100,4000
1362,4,170700,49100,62200,27500,4100
1363,4,174800,53100,62600,27100,3100
1364,4,180600,49500,66800,27000,4300
1365,4,173300,49000,58500,27200,4100
1366,4,200600,49600,68200,27500,4200
1367,4,180200,55000,64200,27100,3100
1368,4,185800,53900,63300,27700,4100
1369,4,178400,49400,58200,27700,4200
1370,4,192100,49600,67800,27600,3200
1371,4,257400,54200,65700,32200,5000
1372,4,226200,59600,68100,29900,5000
1373,4,219500,53900,70900,31100,4900
1374,4,199600,51000,63500,29400,5300
1375,4,191600,55300,64500,28900,4100
1376,4,192600,49600,68400,29000,4300
1377,4,191600,50600,67600,27800,4400
1378,4,249500,49900,77200,40300,4400
1379,4,201700,50000,67200,27800,4300
1380,4,191500,49500,67100,27500,4300
1381,4,190500,51600,66600,27600,4300
1382,4,221900,49800,63100,28000,3300
1383,4,208300,49800,68400,29200,4200
1384,4,183200,49800,67700,27200,4200
1385,4,178800,49200,58700,27300,4300
1386,4,209200,49900,62700,28000,4200
1387,4,185900,49500,67000,27600,4300
1388,4,174800,49300,62700,27200,4200
1389,4,181400,49000,66800,27400,4000
1390,4,206800,49500,66800,27800,4200
1391,4,177100,49000,62500,27200,4200
1392,4,174000,49100,62200,27100,4200
1393,4,178300,49200,62600,27300,4200
1394,4,177400,49100,62600,27700,4200
1395,4,180500,49500,63300,28600,4000
1396,4,185400,49300,66600,27400,4200
1397,4,186900,49500,63100,27700,4300
1398,4,216700,50000,66800,27900,4200
1399,4,198600,49800,62700,27800,4200
1400,4,195400,50000,67300,27800,4300
1401,4,218600,54600,63300,27700,3300
1402,4,210100,49900,66500,30000,4200
1403,4,176100,48100,62300,26900,4000
1404,4,182000,50500,65900,27500,4100
1405,4,185000,56500,65300,27500,4200
1406,4,238200,54500,67000,28400,57200
1407,4,235300,51100,62000,29500,62600
1408,4,194300,50200,63300,28100,20700
1409,4,188000,49800,62800,27500,4300
1410,4,192600,49300,67100,27700,4100
1411,4,192700,49600,62300,27600,4300
1412,4,198700,49500,68100,27800,4200
1413,4,263500,52200,63400,29600,5000
1414,4,244600,51300,68400,28600,4500
1415,4,192700,49700,63900,27900,3300
1416,4,208300,49600,58700,27700,4300
1417,4,194500,50700,67300,27500,4200
1418,4,212900,49800,63400,27800,4300
1419,4,192800,49800,63800,28500,4200
1420,4,221300,49900,67400,27900,4200
1421,4,212300,49900,63100,27700,4300
1422,4,175600,50900,63500,27100,4100
1423,4,182800,51600,63900,27400,4200
1424,4,179700,49500,66800,27400,4200
1425,4,181000,49300,66600,27500,4300
1426,4,203400,48800,63400,27700,4200
1427,4,178700,51500,66500,27400,4000
1428,4,176700,53800,63200,27000,4200
1429,4,181000,49000,67300,27200,4100
1430,4,188900,53900,62500,27500,4300
1431,4,222000,49800,67700,29000,4000
1432,4,187900,49200,63000,27700,4100
1433,4,183900,49500,62900,27500,4200
1434,4,187700,49700,66900,27700,4100
1435,4,184300,49600,62800,27500,4300
1436,4,188100,53700,62800,27400,4300
1437,4,186400,48900,67200,27400,4200
1438,4,233400,49800,66800,27600,4400
1439,4,196400,54000,63200,27200,4400
1440,4,186900,49400,66700,27400,4300
1441,4,176300,49300,63000,27300,4300
1442,4,175000,48700,62900,27300,4100
1443,4,183100,53700,63700,28400,4200
1444,4,217100,53800,62100,27500,4300
1445,4,205800,53800,63200,27600,3200
1446,4,206500,49300,58200,27700,4100
1447,4,177400,49100,62300,27100,4100
1448,4,181600,54100,63000,26900,3900
1449,4,176400,49100,63400,27500,4200
1450,4,196800,49100,62600,27600,4000
1451,4,174800,49300,62500,27300,4100
1452,4,176000,53600,62600,26800,4200
1453,4,174600,49000,66700,27100,4100
1454,4,190100,49500,62500,27700,3400
1455,4,192100,50900,73800,28400,4300
1456,4,214900,52300,70300,29500,5100
1457,4,190200,49200,63300,27800,4400
1458,4,213700,49600,66800,27600,4200
1459,4,191100,49500,62600,27400,4200
1460,4,180100,49000,62100,27300,4200
1461,4,215900,49500,67200,27700,4200
1462,4,211900,50000,67000,27700,4200
1463,4,174800,49700,62300,27300,3200
1464,4,185300,48100,66600,27300,4200
1465,4,188000,50500,65300,27300,4100
1466,4,191800,56700,64900,27700,4400
1467,4,244300,54100,68500,29800,57200
1468,4,240300,51100,63200,28400,62400
1469,4,205000,50400,63300,28100,20700
1470,4,187600,49400,62900,27900,4300
1471,4,193200,49500,66600,28000,4300
1472,4,188600,49400,62700,27900,4200
1473,4,181700,49200,62900,28000,4200
1474,4,208000,49700,62900,28000,4200
1475,4,221700,49700,62700,28000,4300
1476,4,235700,49700,63100,28200,4100
1477,4,188100,49200,66600,27700,4200
1478,4,203600,49500,62700,27300,4300
1479,4,186100,49100,61400,28800,4200
1480,4,177100,49300,66900,27300,4000
1481,4,176700,49200,62500,27100,4200
1482,4,177000,49000,64500,27500,4200
1483,4,174700,49100,62600,27400,4100
1484,4,182300,49300,67100,27400,4200
1485,4,183500,49400,66900,27400,4200
1486,4,203900,54400,63000,27900,3100
1487,4,177500,49000,67000,27300,4100
1488,4,177700,49300,66100,27100,4100
1489,4,180500,49200,66900,27100,4100
1490,4,181900,49300,62700,27500,4200
1491,4,219400,49700,68300,31400,4200
1492,4,185700,49100,63000,27700,4100
1493,4,188300,53600,63100,27500,4200
1494,4,189700,49800,66700,27800,4300
1495,4,182400,51900,56600,27500,4200
1496,4,199900,49900,66900,27600,4200
1497,4,204500,49400,67600,27800,4400
1498,4,244100,50800,67200,27900,4400
1499,4,202500,54400,63400,27800,4200
1500,4,195500,53500,62800,27300,9100
1501,4,178800,49200,63000,27500,4100
1502,4,180900,49400,62600,27700,4200
1503,4,186500,53400,63800,28800,4300
1504,4,180400,49200,62000,27400,4300
1505,4,249800,54100,73400,32500,4200
1506,4,311700,51700,66700,29600,4700
1507,4,208000,49800,63600,28200,4300
1508,4,178300,48900,66900,27100,3900
1509,4,181400,49400,67200,27300,4300
1510,4,206600,50000,67500,27800,4200
1511,4,176600,49600,62700,27300,4200
1512,4,176200,53600,62300,26900,4200
1513,4,169700,49300,62400,26800,3100
1514,4,172300,49100,58700,27400,4200
1515,4,179600,49400,63500,28400,4100
1516,4,179100,49600,62600,27700,3100
1517,4,188800,49800,67300,27600,4100
1518,4,213400,54400,63200,27700,4300
1519,4,194900,49500,66800,27500,4300
1520,4,185800,49600,62600,27200,4100
1521,4,210300,49300,67000,27700,4200
1522,4,204500,54500,62900,27600,4100
1523,4,174900,49500,62400,27100,4100
1524,4,174200,49400,62700,27100,3100
1525,4,172900,47300,62000,26800,4000
1526,4,177800,50300,63200,27100,4300
1527,4,185500,55900,65700,28500,4100
1528,4,243400,54400,67600,28200,57200
1529,4,249200,51100,68200,28300,62700
1530,4,215300,50800,63400,28300,20600
1531,4,193500,49300,68500,27800,4200
1532,4,183100,49400,62300,27700,4300
1533,4,186100,49400,67000,27700,4300
1534,4,206600,49900,66800,27700,4300
1535,4,183800,49800,67200,27400,3400
1536,4,216500,49600,66900,27800,4400
1537,4,225900,49400,67100,27800,4300
1538,4,225700,49300,62800,27500,4400
1539,4,224000,51000,98700,72800,4200
1540,4,171500,49500,62400,27600,4200
1541,4,183800,49100,66500,27300,4100
1542,4,173300,49100,63700,27200,4100
1543,4,175800,50300,62400,27100,4000
1544,4,175300,49200,62600,27200,4000
1545,4,175400,48500,62400,27200,4100
1546,4,197700,49300,62800,27400,4100
1547,4,176400,49200,66900,27100,4100
1548,4,176000,49400,66500,27000,4200
1549,4,177500,49000,62500,27200,4100
1550,4,186500,49400,62300,27300,4200
1551,4,220100,49600,68500,29100,4200
1552,4,190400,49300,66900,27400,4300
1553,4,182500,49100,62700,27600,4400
1554,4,196000,49300,66800,27800,4100
1555,4,185600,49100,63100,27800,4300
1556,4,187300,49200,62100,27500,4100
1557,4,193200,49400,67500,28000,4300
1558,4,234700,49800,62500,27900,4400
1559,4,199000,49500,67000,27500,4200
1560,4,188000,49700,67500,27600,4200
1561,4,182900,49300,66900,27200,4200
1562,4,184300,49500,66300,27500,4200
1563,4,183800,49600,68300,29000,4200
1564,4,182900,49700,67200,27400,4300
1565,4,188900,49800,66900,27500,4300
1566,4,207900,49700,62900,27700,3200
1567,4,188300,49300,66700,27800,4200
1568,4,222200,49500,62000,27500,4300
1569,4,201800,49800,63200,28100,4300
1570,4,205200,49600,66600,27600,4200
1571,4,181500,53900,62600,27600,3100
1572,4,177500,53600,62400,27000,4100
1573,4,177300,49500,66600,27100,4000
1574,4,181700,49600,66800,27600,4100
1575,4,182800,49600,68000,28700,3100
1576,4,181500,50000,62200,27500,4100
1577,4,193000,53600,63000,27800,4100
1578,4,209200,49800,62900,27800,4200
1579,4,196100,49600,66700,27300,4100
1580,4,188900,49600,66500,27500,4100
1581,4,210900,49500,63100,28000,4300
1582,4,210600,49600,68700,27700,4000
1583,4,175500,49200,63500,26700,4100
1584,4,195800,58600,70700,34800,4100
1585,4,180300,52100,60600,27500,4100
1586,4,184100,48000,66400,27000,4200
1587,4,183400,50500,64700,28900,4200
1588,4,189500,56000,64900,27600,4200
1589,4,252700,54100,67100,28300,55400
1590,4,297100,51100,68100,28400,62700
1591,4,246100,50500,67700,28500,20800
1592,4,191500,49500,62300,27100,4200
1593,4,182100,49600,62300,27900,4300
1594,4,203200,49700,62900,27800,4300
1595,4,186600,49500,66600,27400,4200
1596,4,208000,49700,57900,27700,4300
1597,4,179800,49400,62100,27200,3100
1598,4,208500,49400,66500,27300,4400
1599,4,223300,49300,60600,28900,4400
1600,4,194300,49200,62800,27600,4300
1601,4,177500,49100,66200,27300,4100
1602,4,177100,53100,62900,27100,4100
1603,4,175800,49200,66000,26900,4100
1604,4,188700,49500,62500,27600,3200
1605,4,180400,49600,66700,27500,4100
1606,4,202200,49700,66900,27600,4200
1607,4,172400,49500,62500,27200,4200
1608,4,174000,48700,65900,27200,4100
1609,4,178000,49600,66300,27300,4300
1610,4,177400,49100,62000,27400,4100
1611,4,210600,49900,66200,30000,4200
1612,4,183100,49400,62100,27400,4100
1613,4,174600,49500,62200,27200,4100
1614,4,178800,49400,66100,27300,4100
1615,4,177500,49400,62400,27300,4000
1616,4,187300,53900,62700,27500,4200
1617,4,183200,49200,62300,27300,4100
1618,4,227200,49800,58000,28000,4200
1619,4,197200,54200,62800,27700,3200
1620,4,183900,49200,66400,27200,4200
1621,4,175500,49600,59200,27200,4200
1622,4,180500,49400,66400,27200,4100
1623,4,181400,49500,67000,28500,4300
1624,4,180600,49500,65800,27200,3200
1625,4,180700,49700,63400,27500,3000
1626,4,213900,49400,67500,27600,4200
1627,4,186400,49500,66700,27400,4300
1628,4,181400,53900,62200,27200,4200
1629,4,183800,49700,66800,27500,4100
1630,4,242100,53700,62800,28100,3300
1631,4,202100,49800,66400,27700,4200
1632,4,173100,49300,62900,27300,4300
1633,4,176000,53200,62300,27000,2900
1634,4,182800,49300,66300,27200,4100
1635,4,188800,49800,64000,28800,4300
1636,4,195800,49700,62400,27600,4300
1637,4,194200,49800,66500,27700,4100
1638,4,210900,50000,62900,28000,3200
1639,4,196500,49800,66200,27600,4200
1640,4,180900,49300,62700,27400,4100
1641,4,210500,49700,66400,27600,4100
1642,4,204000,53900,62400,27700,3200
1643,4,174100,49500,66100,26800,4300
1644,4,172700,53200,62600,26900,3000
1645,4,180300,48800,66100,26700,4000
1646,4,173000,49200,62500,27300,4200
1647,4,174700,47700,62500,28300,4100
1648,4,181100,50200,64500,27200,4100
1649,4,193600,56300,62200,27800,4100
1650,4,244000,54000,62400,28300,55200
1651,4,250300,51200,62500,28200,62500
1652,4,207800,50500,63100,28700,20700
1653,4,189000,49700,67100,27800,4300
1654,4,203800,49800,62400,28000,4300
1655,4,189600,49400,66900,28000,4200
1656,4,218200,49900,67100,28000,3400
1657,4,185600,49700,62400,27500,4400
1658,4,227500,49600,67400,27700,4300
1659,4,194600,49800,67400,28800,4100
1660,4,178200,49400,62600,27300,4100
1661,4,226400,49800,66600,27800,4200
1662,4,201200,49500,66400,27800,4300
1663,4,178900,53500,62400,27300,4200
1664,4,175500,49400,62300,27200,3100
1665,4,180400,49500,64100,27400,4000
1666,4,248900,56000,67200,29700,5100
1667,4,191500,50200,63000,28100,4800
1668,4,179400,49600,63100,27700,4200
1669,4,186300,49400,66500,27600,4200
1670,4,195400,49100,72700,37500,4400
1671,4,212800,49500,63800,29100,3100
1672,4,188700,49700,67100,27700,4100
1673,4,185600,53700,62800,27600,4200
1674,4,183400,49400,62700,27500,4200
1675,4,235200,49800,75700,39400,4200
1676,4,216100,48900,63300,28200,4300
1677,4,176800,49100,59100,27300,4300
1678,4,232800,49900,63200,27800,4300
1679,4,193700,49700,62200,27800,4200
1680,4,184800,49300,66400,29600,4100
1681,4,183400,49600,66400,27400,4300
1682,4,180600,49600,62600,27500,4100
1683,4,179500,49000,62600,28500,4200
1684,4,180300,49800,66600,27300,4100
1685,4,186800,49600,66200,27400,4300
1686,4,209800,49600,62400,27600,4300
1687,4,184300,49400,66000,27600,4200
1688,4,178100,49200,61900,27200,4100
1689,4,183200,53600,62200,27600,4300
1690,4,202000,49300,62800,27700,4100
1691,4,179400,49600,62200,27300,4300
1692,4,213000,50500,62300,27600,4300
1693,4,195700,49400,62400,27500,4300
1694,4,180500,49700,66500,27300,4100
1695,4,177600,49300,62800,28500,4100
1696,4,182900,49400,66400,27500,4100
1697,4,187100,49500,66900,27600,4200
1698,4,206600,49200,62200,27700,4200
1699,4,189900,49400,62600,27200,4200
1700,4,177100,49100,62100,27300,4200
1701,4,204100,49300,62400,27500,4200
1702,4,201300,49200,66400,27700,4200
1703,4,168200,49500,62000,26800,3900
1704,4,178300,48900,66000,26700,4100
1705,4,168100,49000,62000,27100,4200
1706,4,172900,48700,62100,26700,4100
1707,4,174000,53300,63900,28100,4000
1708,4,168700,47400,61700,26600,4100
1709,4,187100,50300,65300,27500,4100
1710,4,194500,56200,62200,27700,4400
1711,4,267500,55800,68500,32600,57600
1712,4,249400,51400,63000,28600,62800
1713,4,201900,50300,63600,28300,20600
1714,4,213100,49900,67100,27900,4200
1715,4,199600,55900,62400,27400,4500
1716,4,214900,53900,62900,27600,4200
1717,4,183900,49500,62400,27300,4100
1718,4,203400,49400,62200,27600,4200
1719,4,197400,49600,67500,28500,4100
1720,4,188500,49500,66300,27400,4300
1721,4,185600,49100,66100,27400,4200
1722,4,188100,49400,66600,27800,4300
1723,4,222400,49500,66700,27800,4400
1724,4,206000,49700,66800,27900,4300
1725,4,182900,49200,66300,27600,4300
1726,4,202400,54100,63000,27800,3200
1727,4,180800,54000,62200,27300,4000
1728,4,177100,49300,66100,27200,4100
1729,4,176000,49100,62100,27300,4200
1730,4,183800,49200,66000,27300,4200
1731,4,215900,49700,66700,30200,4200
1732,4,181400,49200,62700,27600,4200
1733,4,181700,49300,66600,27500,4200
1734,4,177500,48900,62500,27700,4400
1735,4,183600,49300,62100,27500,4200
1736,4,184300,49100,66800,27700,4100
1737,4,179100,49500,61700,27400,4300
1738,4,229000,49700,68100,27700,4200
1739,4,194700,49500,66600,28000,4200
1740,4,179200,49100,62200,27400,4200
1741,4,186800,54000,62900,27600,4200
1742,4,180200,49100,62800,27300,4100
1743,4,186700,49600,67700,28800,4400
1744,4,184900,49300,66400,27700,4300
1745,4,186400,49200,62600,27700,4300
1746,4,214800,50500,64800,27500,4300
1747,4,206900,52300,61200,28200,4300
1748,4,204500,51400,74500,29100,3900
1749,4,194500,50600,63500,28500,4800
1750,4,210700,50000,62400,27800,4200
1751,4,186300,49600,62200,27800,4300
1752,4,181400,49600,59000,27200,4300
1753,4,185100,49800,66600,27600,4300
1754,4,230700,51300,67200,27900,4300
1755,4,204300,48800,61700,29300,4400
1756,4,183700,49400,62500,27600,4200
1757,4,196500,49500,66600,27800,7600
1758,4,216100,56100,58100,28000,4200
1759,4,197500,49900,62700,27800,4300
1760,4,222700,49700,63000,28100,4200
1761,4,247800,50000,67300,28200,4200
1762,4,200000,50500,61600,27400,4100
1763,4,179200,49600,66700,27100,4100
1764,4,167800,49100,62200,26800,4000
1765,4,165600,49800,58700,26900,4100
1766,4,169200,49100,62800,26800,4000
1767,4,172800,53600,62700,27800,4100
1768,4,171100,53300,62100,26700,2900
1769,4,180100,51900,62000,27200,4100
1770,4,183500,50700,62400,27500,4300
1771,4,196100,57100,65300,27700,4100
1772,4,248100,54200,66600,28400,57100
1773,4,246000,51100,63400,28400,62800
1774,4,226500,50600,63400,28400,20600
1775,4,189500,49500,66200,27800,4200
1776,4,223300,49500,67000,27700,3200
1777,4,188300,49600,66500,27400,4300
1778,4,204900,49400,62700,27300,4300
1779,4,189300,49300,62900,28600,4100
1780,4,172800,48600,62100,27300,4100
1781,4,193100,53600,72500,36900,4100
1782,4,179800,53000,62600,27400,4200
1783,4,178900,53700,62700,27400,3000
1784,4,180100,49300,58600,27400,4100
1785,4,222900,49300,67200,27900,4200
1786,4,234700,50000,67300,28000,4500
1787,4,173100,49200,62600,27500,4100
1788,4,172300,49200,62200,26800,4100
1789,4,169900,48800,58700,27200,4200
1790,4,178500,49500,62700,27500,4000
1791,4,219000,49600,67400,28900,4100
1792,4,191400,49300,62300,27400,4200
1793,4,174500,49400,61900,27000,4100
1794,4,175700,49500,62300,27300,4200
1795,4,180200,49300,66800,27200,4100
1796,4,177900,49300,63500,27500,3200
1797,4,183600,50400,67000,27700,4200
1798,4,229200,50400,67000,27900,4200
1799,4,188700,49500,63800,31100,4100
1800,4,171800,49000,61900,26800,4000
1801,4,176400,49400,66100,27400,4100
1802,4,176900,49400,62500,27400,4200
1803,4,183000,49300,66900,28500,4100
1804,4,185100,49200,66200,27400,4100
1805,4,191500,50100,62900,27700,3200
1806,4,230100,54400,62800,27900,4300
1807,4,195400,49300,66300,27800,4200
1808,4,184900,49300,66200,27400,4300
1809,4,181400,49300,61900,27600,4300
1810,4,204800,49700,62200,27800,4400
1811,4,184300,49200,66400,27500,4100
1812,4,182100,49900,66200,27400,3100
1813,4,186100,49600,66600,27400,4300
1814,4,180500,49300,62200,27500,4200
1815,4,182500,49700,59200,29000,4200
1816,4,227400,49600,58200,28100,4100
1817,4,214400,50300,67000,27900,4300
1818,4,210000,49000,63000,28000,4200
1819,4,195500,54100,62600,27500,3100
1820,4,180100,49600,62200,27600,4200
1821,4,207200,48800,63100,27700,4100
1822,4,200300,49200,62300,27600,4200
1823,4,187500,53200,74100,33900,4100
1824,4,183500,51400,64900,27300,4700
1825,4,176900,52700,63100,27100,4100
1826,4,176700,49200,66700,27500,4100
1827,4,173000,50200,63700,28400,4100
1828,4,198200,53200,68600,29100,5000
1829,4,213800,52900,69900,29300,4900
1830,4,196000,52900,63100,28000,4300
1831,4,190200,49900,65400,27700,4100
1832,4,194500,57100,65700,27900,4000
1833,4,244300,54200,62900,28300,57400
1834,4,277000,51500,67700,28600,62600
1835,4,211300,51300,67500,28400,20600
1836,4,223100,49000,63400,28100,4400
1837,4,194300,49400,62500,27600,4100
1838,4,220800,54000,64400,27700,4200
1839,4,221600,52700,66900,30800,5100
1840,4,198100,52200,59800,29200,4900
1841,4,196700,51200,68200,28100,4400
1842,4,183400,49000,63600,27600,4300
1843,4,187400,53700,63300,27500,4100
1844,4,191500,49100,67300,27700,4100
1845,4,224700,50000,63500,28000,3400
1846,4,245400,49900,67100,28300,4200
1847,4,219300,50000,66900,28100,4200
1848,4,204500,55300,62600,27700,4200
1849,4,177000,49700,62300,27400,4100
1850,4,180200,49300,62300,27300,4200
1851,4,246400,52500,68500,32000,5000
1852,4,189800,49500,67100,27800,4100
1853,4,177400,49300,62800,27400,4200
1854,4,180600,49500,66500,27400,4200
1855,4,180500,49700,66300,27400,4100
1856,4,178700,49400,62200,27400,4200
1857,4,188700,49300,66700,27700,4200
1858,4,234000,49800,62300,27500,4400
1859,4,186200,48600,62500,27500,4100
1860,4,173200,48700,62300,27100,4000
1861,4,177300,53800,62700,27000,4100
1862,4,171800,49400,61800,27200,4000
1863,4,177000,49400,67200,28500,3000
1864,4,175000,49000,59200,27300,4200
1865,4,185200,49600,62800,27600,4100
1866,4,215200,49500,66400,27700,4300
1867,4,183200,49600,61800,27400,4200
1868,4,179800,48900,62400,27200,4100
1869,4,187600,53800,63000,27600,4100
1870,4,204200,49800,62700,27900,4100
1871,4,178700,49200,62100,27400,4200
1872,4,180200,49300,66800,27500,4100
1873,4,180500,49300,68400,27500,4100
1874,4,182800,53900,62600,27500,3200
1875,4,182100,49100,63400,29100,4200
1876,4,181700,49200,62600,27400,4300
1877,4,187800,49500,62500,27600,4200
1878,4,248300,49600,63100,28200,4400
1879,4,219800,49800,67200,28200,4200
1880,4,184900,49100,62300,27600,3300
1881,4,209900,49400,67200,27800,4100
1882,4,219600,51900,62600,29500,4900
1883,4,174400,49600,63200,27500,4100
1884,4,169800,49100,63100,27000,4100
1885,4,172200,49000,66200,26900,4100
1886,4,168400,49100,61900,26600,4100
1887,4,169900,49100,63300,28100,4000
1888,4,173400,48700,66300,26800,4000
1889,4,190900,51000,67100,27500,4300
1890,4,191100,49400,62900,27800,4300
1891,4,193900,52900,63600,27400,4200
1892,4,189800,50400,63400,27700,4200
1893,4,189900,56900,62200,27900,4300
1894,4,264100,54400,62600,28600,57100
1895,4,251700,51200,67700,28500,62400
1896,4,232600,50300,58500,28000,20900
1897,4,187200,49600,58200,27800,4100
1898,4,213300,49800,66700,27800,4200
1899,4,199600,49700,67900,28800,4300
1900,4,206500,58300,77100,40100,4200
1901,4,209100,57000,64400,29600,5000
1902,4,185600,49900,63700,28100,4200
1903,4,187300,50700,67300,27400,4200
1904,4,209000,56700,64700,29400,4900
1905,4,201200,51600,68200,28100,4700
1906,4,209400,50000,67100,28100,4200
1907,4,183000,49600,66800,27600,4400
1908,4,184900,49000,64500,27700,4400
1909,4,220700,49900,63000,28000,4300
1910,4,222600,50500,67100,28200,14600
1911,4,218900,49300,59000,29000,4400
1912,4,183400,50000,62200,27700,4100
1913,4,183300,49700,66700,27500,4200
1914,4,175400,49100,58800,27600,4300
1915,4,182300,49300,66600,27600,4200
1916,4,181600,49400,62300,27500,4200
1917,4,183700,49500,66500,27500,4200
1918,4,233700,49900,66500,27900,4300
1919,4,193700,49500,66800,27400,4400
1920,4,180100,49100,66500,27600,4100
1921,4,174300,48900,58500,27300,4300
1922,4,180000,49400,62400,27300,4200
1923,4,182500,49300,67400,28700,4100
1924,4,183700,53000,63200,27500,4300
1925,4,190900,50700,66700,27700,4100
1926,4,262100,54000,70400,29900,4900
1927,4,220100,53500,70600,29600,5100
1928,4,202100,52700,69200,28600,4300
1929,4,203400,49600,67200,27600,4300
1930,4,260400,54500,64000,28100,3400
1931,4,228300,50200,67800,27900,4200
1932,4,181500,53500,62900,27400,4300
1933,4,185100,49600,66200,27000,3100
1934,4,182400,50400,63200,27700,4200
1935,4,184200,49700,63600,28800,4200
1936,4,183700,48900,62200,27400,4100
1937,4,187800,48800,62500,27600,4100
1938,4,214900,49800,66600,28000,4200
1939,4,199200,49800,59000,27800,4300
1940,4,225900,49800,67000,27700,4300
1941,4,231800,50000,62500,28100,4400
1942,4,200100,49300,63000,27700,4200
1943,4,172300,49100,66400,26600,4000
1944,4,174600,49200,66200,27000,4100
1945,4,173100,49300,66300,26700,4100
1946,4,172800,53600,62400,26900,4200
1947,4,172000,49000,66400,27800,4000
1948,4,168900,48900,61600,27000,4100
1949,4,177900,49300,61900,27300,4000
1950,4,180400,49300,62400,27500,4100
1951,4,186000,49200,66800,27500,4100
1952,4,181700,48100,66200,27400,4300
1953,4,179100,50400,63200,27300,4100
1954,4,203500,56400,65000,27700,4000
1955,4,248500,58300,70600,28300,57500
1956,4,287700,55300,68800,29700,62100
1957,4,246200,56600,77500,30000,28300
1958,4,249900,58300,71300,31200,4500
1959,4,201100,50200,68000,28800,4200
1960,4,182700,49300,66300,27400,4300
1961,4,182600,49400,63400,27300,4200
1962,4,185700,54100,62800,27500,4300
1963,4,176400,49400,62500,27500,4200
1964,4,183800,51200,63400,27600,4200
1965,4,197200,56400,67900,29100,4200
1966,4,209800,50300,60100,28300,4900
1967,4,181500,49800,63400,27300,4300
1968,4,183000,50300,67400,27800,4300
1969,4,178400,49500,62200,27100,4200
1970,4,191900,50200,68000,27700,4000
1971,4,271000,49900,79900,53900,4300
1972,4,203900,49700,63000,27800,4400
1973,4,180100,50800,62600,27200,4100
1974,4,184500,49200,67100,27600,4200
1975,4,184500,49400,61600,27500,4200
1976,4,200900,49500,71900,27900,4200
1977,4,229200,56800,65700,29400,4800
1978,4,247300,50100,67700,28200,4200
1979,4,198200,50100,67500,27700,4300
1980,4,177900,49500,62700,27300,4200
1981,4,178300,49300,66600,27100,4100
1982,4,183200,54500,63100,27600,4200
1983,4,178200,53900,63200,28600,3100
1984,4,179400,54000,62600,27100,4100
1985,4,186200,49400,66600,27500,4200
1986,4,209800,49200,63900,27800,4100
1987,4,189700,49800,67100,27700,4200
1988,4,176500,49000,58000,27400,4300
1989,4,185700,49700,62600,27600,4200
1990,4,211300,50100,63200,28100,4100
1991,4,185200,49000,63400,27800,4300
1992,4,185900,49200,67000,27800,4100
1993,4,182200,49800,62700,27400,4300
1994,4,188100,49500,67600,27600,4300
1995,4,191300,49500,67600,28600,4400
1996,4,187600,50100,62900,27900,3300
1997,4,189400,49500,62300,27600,4200
1998,4,219300,49500,66500,27600,4400
1999,4,205300,54000,62500,27600,3100
2000,4,189400,49700,67100,27700,4200
2001,4,213400,49400,62900,27700,4200
2002,4,246200,49800,66600,27800,4200
2003,4,195700,49500,62700,27600,4300
2004,4,174700,49100,66100,27300,4100
2005,4,170600,49200,62400,27300,4000
2006,4,179000,54300,62500,27200,3100
2007,4,182300,54000,63200,27800,4100
2008,4,198000,52300,67600,28700,4000
2009,4,216000,51100,67800,28400,4800
2010,4,188000,50100,62800,27900,4300
2011,4,195500,56900,63800,33500,4100
2012,4,189200,50100,67100,27800,4000
2013,4,185500,48500,66400,27600,4300
2014,4,212800,50900,65100,27700,4200
2015,4,237800,61400,65400,27800,4200
2016,4,308300,53900,67500,28400,57100
2017,4,246500,51600,67600,28300,62500
2018,4,217900,50400,58800,28200,20700
2019,4,195800,49400,67300,28800,4200
2020,4,183600,54200,62400,27200,4100
2021,4,180300,49300,62000,27800,4200
2022,4,182000,49200,66300,27400,4200
2023,4,179700,49400,62100,27400,4300
2024,4,186900,49200,66500,27600,4300
2025,4,187500,49200,62600,27400,4100
2026,4,206300,49900,66800,27600,4000
2027,4,181300,53800,62800,27100,4100
2028,4,178300,49500,66600,27600,3100
2029,4,179300,49600,62500,27300,4100
2030,4,194200,49200,66900,27800,4100
2031,4,214000,49700,63300,29100,4400
2032,4,181900,49500,61500,27600,4100
2033,4,221000,49700,66800,27900,4300
2034,4,200200,49400,62400,27900,4300
2035,4,180900,49100,66300,27300,4100
2036,4,178600,48800,62500,27300,4100
2037,4,177400,49100,62200,27300,4200
2038,4,225300,49500,62200,27800,4200
2039,4,201700,49200,77600,41700,4100
2040,4,179600,48900,66600,27300,4100
2041,4,171400,49300,62100,27100,4100
2042,4,171500,48800,62300,27000,4000
2043,4,177100,49100,67700,28300,4000
2044,4,175800,49100,66200,27100,4100
2045,4,187400,53400,62600,27400,6000
2046,4,208500,49800,66900,27600,4200
2047,4,181400,49200,62800,27100,4100
2048,4,176900,53700,62500,26900,4100
2049,4,180000,49000,66200,27200,4100
2050,4,219300,52600,63000,29500,5400
2051,4,194200,50100,67800,28200,4200
2052,4,190100,50300,70900,39000,4100
2053,4,182400,49300,67200,27600,4200
2054,4,190000,49900,68200,27500,4200
2055,4,190200,49200,66000,31300,4300
2056,4,196400,54300,64900,27600,4300
2057,4,195700,51200,67500,31500,4200
2058,4,221000,49500,62700,27800,4300
2059,4,199100,49600,62500,27900,4200
2060,4,194300,49500,62100,27900,5300
2061,4,220100,49400,67100,28100,4200
2062,4,216900,54600,63100,27800,4200
2063,4,185600,49500,67000,27500,4100
2064,4,212000,49500,61900,27900,4300
2065,4,196100,49400,63500,27500,4300
2066,4,177000,49600,66400,27400,4300
2067,4,184400,49800,67000,28300,4300
2068,4,171700,49300,62300,27500,4100
2069,4,191400,49400,66400,27500,4100
2070,4,189200,54600,62600,27700,4100
2071,4,184200,49600,62500,27300,4100
2072,4,191900,49300,62000,27800,4200
2073,4,176400,49700,59200,27700,4300
2074,4,199900,48000,61800,27700,4300
2075,4,182000,50600,63300,27500,4300
2076,4,220500,56800,65300,28100,4200
2077,4,241100,54300,62700,28300,57100
2078,4,266800,51300,64700,28400,62800
2079,4,211700,50800,68600,29200,20600
2080,4,172600,49700,59300,27200,4300
2081,4,188600,50200,66900,27700,4200
2082,4,186300,49500,62600,27500,4100
2083,4,181500,49500,62400,27600,4200
2084,4,181500,49300,58600,27500,4200
2085,4,197700,49500,73000,27800,4000
2086,4,211300,49800,66800,27900,4300
2087,4,182000,49200,66700,27500,4200
2088,4,181700,48800,66400,27200,4200
2089,4,180900,49500,62200,27500,4100
2090,4,185400,49100,62200,27700,4100
2091,4,221600,49500,64200,32000,4300
2092,4,191800,49400,63300,27700,4200
2093,4,190500,49700,67400,28000,4200
2094,4,191400,49400,66700,27900,4200
2095,4,220700,49200,62500,27900,4400
2096,4,206600,49800,62500,28000,4200
2097,4,182200,49300,62000,27500,4300
2098,4,230200,49600,62600,28000,4300
2099,4,197100,49300,66700,27600,4100
2100,4,222500,54600,62700,27800,3100
2101,4,213700,49500,66700,27800,4300
2102,4,177500,49200,66700,27400,4100
2103,4,173000,49500,62700,28300,4200
2104,4,174700,49600,62500,26900,4200
2105,4,184100,49700,67100,27200,4000
2106,4,220500,49400,66500,27400,4200
2107,4,172700,49400,58200,27500,4100
2108,4,172200,49200,62500,27200,4100
2109,4,178800,49400,66400,27300,3900
2110,4,202400,49400,67100,27600,4100
2111,4,181000,49300,62600,27100,4100
2112,4,180500,49400,66400,27300,4200
2113,4,181800,49400,66400,27200,4200
2114,4,183900,53700,62200,27500,3000
2115,4,188900,49500,67400,28600,4200
2116,4,190500,49300,66600,27500,4300
2117,4,189200,50000,62200,27800,4200
2118,4,215300,49600,67100,27600,4400
2119,4,193100,49500,62400,27600,4200
2120,4,182400,49600,62300,27400,4100
2121,4,206500,49100,62800,27800,4200
2122,4,206000,49600,67400,27800,4100
2123,4,173200,49300,62300,27100,4400
2124,4,170800,49000,62400,27000,4100
2125,4,178800,49400,62300,27200,4100
2126,4,214100,49500,67200,27800,4200
2127,4,197300,49300,67700,28600,4200
2128,4,175600,49400,66500,27000,4200
2129,4,181600,53800,62800,27500,3200
2130,4,179900,49600,62900,27300,3200
2131,4,185900,49600,66800,27500,4200
2132,4,182600,54100,62800,27400,3100
2133,4,181100,49300,66500,27500,4000
2134,4,205600,52400,66800,27900,4200
2135,4,188000,50900,70400,27700,4200
2136,4,227800,52000,67000,27700,7300
2137,4,189900,56200,65200,27300,4200
2138,4,255400,54000,61800,28100,55600
2139,4,253700,55700,67300,29600,62500
2140,4,207800,56000,63000,28100,22000
2141,4,181800,53500,62700,26900,3100
2142,4,171300,48800,62400,27400,3000
2143,4,177500,49500,62300,27400,4200
2144,4,186600,49400,63200,27600,4300
2145,4,191100,49300,62400,27600,4300
2146,4,215500,50000,66500,28100,4100
2147,4,191800,49500,66800,27500,4300
2148,4,188900,49500,66600,27400,4400
2149,4,203000,53800,62500,27500,10800
2150,4,186200,49400,62800,27400,4100
2151,4,221000,49800,68200,29000,4200
2152,4,186200,49500,62500,27800,4200
2153,4,181400,49400,62000,27600,4200
2154,4,186100,49300,66700,27800,4300
2155,4,184400,49500,67200,27700,3000
2156,4,187300,49900,62700,27500,4400
2157,4,228600,49900,66800,28100,4300
2158,4,252900,50100,62200,28200,4400
2159,4,194100,49800,66800,27500,4100
2160,4,176300,49400,62800,27300,4100
2161,4,178400,49600,66500,27000,4200
2162,4,175900,49300,62500,27500,4200
2163,4,180400,49400,67400,28600,4100
2164,4,178000,49300,66100,27300,4200
2165,4,176900,49600,59000,27500,4200
2166,4,212300,49800,67400,27800,4400
2167,4,183200,49500,67100,27500,4100
2168,4,180100,49600,58600,27300,4200
2169,4,176800,49700,62600,27600,4200
2170,4,202600,50200,66200,27800,4200
2171,4,178400,49200,62900,27600,4200
2172,4,177100,49300,66400,27200,4000
2173,4,178700,49300,66500,27400,4300
2174,4,178100,49700,58300,27700,4200
2175,4,186100,49800,63000,28700,4200
2176,4,195100,49500,66400,27600,4400
2177,4,201100,49700,66800,27800,4200
2178,4,237600,50900,79900,43200,4500
2179,4,219300,69500,58600,28000,4400
2180,4,193800,50100,62900,27700,4000
2181,4,214100,49500,66800,27900,4200
2182,4,211400,49800,66600,28100,4100
2183,4,181500,49800,66300,27200,4300
2184,4,184200,53900,63400,27100,4100
2185,4,220500,49400,67100,28000,4300
2186,4,211200,54100,62400,27700,3400
2187,4,175200,49600,62800,28500,4200
2188,4,215000,49500,66700,27800,4200
2189,4,200300,50100,59200,27600,4300
2190,4,187100,49700,66600,27500,4100
2191,4,186700,49700,66700,27600,4100
2192,4,179700,49500,62200,27400,4200
2193,4,177700,49400,62900,27500,4300
2194,4,203300,49500,66700,27400,4100
2195,4,181000,49200,66200,27400,4100
2196,4,205300,48200,61700,27500,4100
2197,4,180800,50200,62800,27000,4100
2198,4,209900,56200,65200,27800,4100
2199,4,241800,54100,63000,29400,55800
2200,4,238100,51100,67700,28500,62200
2201,4,196300,50600,67200,28000,20700
2202,4,171500,49100,61700,27400,4300
2203,4,172000,49500,62400,26900,4000
2204,4,181100,54100,62500,27400,4100
2205,4,186100,54100,63100,27400,4200
2206,4,205500,49600,67300,27800,4200
2207,4,183100,49200,66600,27200,4100
2208,4,178800,49500,62500,27500,4200
2209,4,184400,49000,66700,27400,4100
2210,4,189000,49300,66300,27600,4100
2211,4,224200,49800,74500,41200,4100
2212,4,197400,61300,61600,27600,3100
2213,4,188800,53000,63500,27400,4300
2214,4,184900,51000,64600,27800,4100
2215,4,186200,49500,67100,27700,4200
2216,4,188400,49400,67300,27800,4300
2217,4,186100,49900,66400,27400,4300
2218,4,241700,50300,66500,27900,4300
2219,4,229500,49700,63300,27900,4200
2220,4,199300,49900,63200,27700,4200
2221,4,177100,49400,66700,27500,4000
2222,4,178600,49200,67000,27000,4200
2223,4,176600,49900,63400,28300,4100
2224,4,172000,49200,62300,27000,4100
2225,4,181600,49300,66600,27400,4100
2226,4,208700,49500,66900,27800,4200
2227,4,177300,49300,62900,27400,4200
2228,4,175900,48800,66800,26800,4000
2229,4,178300,49300,62100,27300,4200
2230,4,204900,49300,62700,27600,4100
2231,4,181100,49600,62400,27300,4200
2232,4,185900,49300,66600,27500,4100
2233,4,175200,49500,61700,27300,4200
2234,4,173200,49000,58000,27500,4100
2235,4,182700,50000,63300,28800,4200
2236,4,190500,54000,62200,27700,4100
2237,4,194200,50000,62800,27600,4100
2238,4,227700,49600,67900,28100,4100
2239,4,203200,49300,67500,28000,4300
2240,4,186800,49500,62200,27500,4200
2241,4,213700,49700,63000,27800,4300
2242,4,204600,49500,62500,27600,4300
2243,4,178600,49300,66800,27300,4100
2244,4,179100,49400,66700,27400,4300
2245,4,173200,49500,62400,27300,2900
2246,4,179500,53500,62500,27200,4100
2247,4,173500,49500,59200,28400,4200
2248,4,180400,49300,67000,27200,4100
2249,4,190400,49800,66600,27800,4400
2250,4,224700,49300,62800,27900,4200
2251,4,214600,54500,63800,28100,4400
2252,4,181300,49400,62500,27500,4100
2253,4,183800,54100,62600,27800,4200
2254,4,203900,49700,66600,27700,4300
2255,4,177100,49700,58700,27600,4300
2256,4,209300,49000,62600,27700,4200
2257,4,179900,48300,61800,27100,4100
2258,4,206900,50500,65800,27500,4300
2259,4,192500,56700,60800,28700,4200
2260,4,236000,55000,68100,28400,56000
2261,4,238500,51400,60000,28300,62200
2262,4,199300,50800,63400,27900,20700
2263,4,179400,52100,60000,27400,4200
2264,4,191100,50300,68800,27400,4100
2265,4,185400,49700,67600,27600,4200
2266,4,208300,51400,64000,31300,4200
2267,4,196300,49800,67200,27600,4200
2268,4,189900,50000,67400,27600,4300
2269,4,199600,49700,67100,27300,4200
2270,4,235900,50000,67300,28100,4400
2271,4,256100,50400,64200,29200,4300
2272,4,185700,49900,63200,27500,3200
2273,4,190800,54800,62900,27200,7500
2274,4,186300,49800,67500,27600,4200
2275,4,183600,49700,63600,27900,4100
2276,4,184100,50100,63400,27300,4200
2277,4,183200,49600,63400,27500,4100
2278,4,242800,60300,63500,27800,4400
2279,4,196300,54800,63400,27400,4300
2280,4,184300,49900,67200,27400,4200
2281,4,212500,49400,63800,27600,3200
2282,4,201100,54400,63400,27400,3100
2283,4,179900,50000,68100,28500,4100
2284,4,172600,49800,62200,26600,4100
2285,4,179200,49600,63200,27400,4200
2286,4,210000,49800,67200,27500,4200
2287,4,185300,50100,64400,27100,4100
2288,4,178900,49500,67400,27200,4300
2289,4,181200,50200,67000,27300,4000
2290,4,199400,49900,63300,27600,4200
2291,4,180700,54600,62500,27100,4000
2292,4,173400,50100,62700,27000,4200
2293,4,175600,49700,66600,26900,4000
2294,4,194400,53000,75000,29000,4100
2295,4,221300,53300,68600,34600,4500
2296,4,192700,49900,66500,27800,4300
2297,4,188500,49600,63300,28000,4200
2298,4,217000,49700,63100,28200,4100
2299,4,198700,49600,62800,28000,4200
2300,4,196400,49600,66500,27700,4100
2301,4,213100,49800,62700,27900,4400
2302,4,206000,49700,62500,27800,4300
2303,4,176200,49500,62300,27100,4200
2304,4,179200,49200,66700,27200,4200
2305,4,176800,49600,66000,27100,4100
2306,4,174000,48600,63100,27100,3000
2307,4,174100,49500,63500,28300,4100
2308,4,173900,49200,62000,26900,4100
2309,4,183600,49500,63100,27400,3100
2310,4,196200,54900,63300,27400,4200
2311,4,191900,49600,66600,27900,4200
2312,4,219600,49100,62800,28200,3300
2313,4,205000,51900,62400,27800,4300
2314,4,202700,49400,62600,27800,4300
2315,4,190700,49100,67100,27400,4100
2316,4,221600,49500,66800,28200,4400
2317,4,192700,49200,66900,27700,4200
2318,4,208300,47600,65900,27300,4300
2319,4,194900,50600,66300,28500,4300
2320,4,179600,56000,62000,27600,4000
2321,4,235200,54400,63200,28400,57300
2322,4,242100,51000,68100,28600,62900
2323,4,197400,50500,67600,28500,20600
2324,4,178000,49500,62600,27700,4200
2325,4,183100,49400,67100,27700,4200
2326,4,204800,49300,66800,27600,4300
2327,4,178900,49400,66100,27500,4100
2328,4,184000,49100,62600,27100,4100
2329,4,185800,49400,66900,28100,4000
2330,4,198000,49100,66600,27600,4200
2331,4,217100,48900,62800,30400,4200
2332,4,192900,54400,62700,27700,4200
2333,4,195100,53800,62800,27600,4200
2334,4,191200,49700,67400,28200,4200
2335,4,183300,49100,63000,27900,4300
2336,4,192400,54200,62700,27600,4200
2337,4,183600,49300,62600,27400,4100
2338,4,235300,49400,67500,28200,4200
2339,4,193900,49400,62700,27500,4400
2340,4,190100,53800,62200,27300,4200
2341,4,181100,49500,66400,27500,4200
2342,4,184100,54000,62900,27500,4200
2343,4,221200,54300,64300,29000,3200
2344,4,209300,49600,73200,27800,4300
2345,4,188700,49400,63100,27600,4000
2346,4,216300,49700,67400,27800,4300
2347,4,189800,49400,66800,27800,4100
2348,4,178900,50100,62000,27300,4100
2349,4,195200,49700,75100,42400,4100
2350,4,205300,49300,63000,28000,4200
2351,4,183000,53900,62800,27300,4100
2352,4,179400,49100,66700,27300,4000
2353,4,179000,48900,62600,27300,3000
2354,4,182400,49200,62400,27800,4200
2355,4,226500,49800,67700,29100,4300
2356,4,216800,49500,62500,28100,4200
2357,4,186800,49600,67200,27700,4100
2358,4,207300,49300,63000,27400,4200
2359,4,195600,49400,66600,27400,4000
2360,4,190500,49300,67400,27700,4200
2361,4,212400,49600,62000,27500,4100
2362,4,210200,49600,67000,27700,4200
2363,4,179600,53800,62500,27200,4200
2364,4,179100,48900,66700,27400,4100
2365,4,174900,49300,62000,27100,4000
2366,4,171800,49000,61900,27100,4100
2367,4,171900,48800,62300,28100,4100
2368,4,177000,48800,66200,27000,4000
2369,4,193700,54500,63300,28200,4300
2370,4,185300,49100,63000,27600,4100
2371,4,190200,49800,66900,28200,4300
2372,4,186700,49300,66600,27700,4300
2373,4,181500,49400,62000,27600,4200
2374,4,246200,54900,66800,28200,4300
2375,4,242000,56000,66400,29600,4900
2376,4,242100,52600,66600,29800,5000
2377,4,188200,50500,64400,27900,4300
2378,4,210600,51300,67800,27600,4300
2379,4,195100,51800,64800,29900,4200
2380,4,192400,53400,65700,29400,4900
2381,4,190300,57000,65300,27800,4300
2382,4,236200,54300,67400,28600,57000
2383,4,236900,52400,63600,28100,62700
2384,4,201700,50600,68200,28300,20500
2385,4,175700,49400,62000,27500,3100
2386,4,199200,49700,62900,27600,4200
2387,4,171500,49000,62100,27200,4000
2388,4,177300,49300,67900,27100,4000
2389,4,177400,53500,62400,27200,3000
2390,4,183800,49600,63600,27500,4200
2391,4,249200,52900,69000,31000,5000
2392,4,226300,53400,71200,29500,5100
2393,4,218400,58400,69900,29900,5000
2394,4,194400,50300,64100,28100,4800
2395,4,185500,49700,62300,27700,4300
2396,4,188000,49500,62400,27700,4200
2397,4,183500,49900,63400,27500,4200
2398,4,226500,49700,59400,27800,4200
2399,4,194300,49700,58400,27600,4100
2400,4,188200,50500,62600,27300,4100
2401,4,189200,49400,62200,27600,4200
2402,4,195500,49300,67000,28100,4200
2403,4,204800,52500,65900,31300,5000
2404,4,192200,50600,67800,27900,4300
2405,4,228200,50000,63900,28100,4300
2406,4,246900,49800,68100,28400,4200
2407,4,189900,50000,68000,27900,4300
2408,4,180200,49700,67000,27200,4100
2409,4,183900,49700,67500,27500,4300
2410,4,209100,50000,67100,27700,4200
2411,4,179100,49900,63100,27300,4200
2412,4,182900,54300,63400,27200,4100
2413,4,176700,53800,62700,27100,3100
2414,4,183000,49600,66800,27500,4100
2415,4,187200,54000,64000,28600,4200
2416,4,185700,49600,65900,27400,4200
2417,4,190500,49400,67100,27800,4200
2418,4,214500,49500,66400,27700,4200
2419,4,194800,50000,61000,27800,4300
2420,4,185500,49500,66900,27500,4200
2421,4,216500,52400,63000,27900,4300
2422,4,253900,55900,102900,27300,3900
2423,4,221300,50700,96200,27500,4300
2424,4,187900,50000,66100,28200,4300
2425,4,185000,55500,64500,32100,3200
2426,4,183600,50900,62800,27500,4400
2427,4,182800,49200,68700,28600,3300
2428,4,173500,49200,58800,27600,4300
2429,4,190900,49500,67300,27700,4200
2430,4,200900,49500,66600,27800,4200
2431,4,194300,50100,63100,27800,4300
2432,4,192000,49500,63000,27700,4200
2433,4,211000,53800,69100,29600,4800
2434,4,221200,49800,67200,28500,4300
2435,4,193200,49900,66400,27500,4200
2436,4,257200,49400,67400,28300,4400
2437,4,214700,49600,66900,28000,4400
2438,4,208800,49600,63100,27700,4300
2439,4,202600,49300,67600,28800,4200
2440,4,219200,53300,63000,27500,3100
2441,4,214400,51200,63000,27700,4200
2442,4,186300,61300,64900,27300,4300
2443,4,232100,54900,62600,28500,57200
2444,4,245000,51600,63300,28400,63100
2445,4,202000,50500,68100,28500,20800
2446,4,199100,49500,62900,27900,4200
2447,4,175700,53900,62300,26900,3100
2448,4,171700,49600,62600,26900,4000
2449,4,191500,59200,67400,35600,4300
2450,4,193300,52400,65000,28000,4100
2451,4,228000,54100,67700,30500,4300
2452,4,206300,53100,71600,29300,4900
2453,4,210600,56900,66300,29700,4900
2454,4,207700,52300,66500,29500,5000
2455,4,193500,49900,67200,28300,4200
2456,4,189900,49500,62600,27500,4300
2457,4,185900,49100,62300,27600,4100
2458,4,241500,49700,67600,28000,4400
2459,4,191800,49600,62900,28000,4200
2460,4,182200,49100,66600,27100,4200
2461,4,180900,49300,66800,27400,4200
2462,4,180400,49200,66400,27400,4200
2463,4,181100,49500,67700,28700,3300
2464,4,181100,49500,66500,27200,4200
2465,4,195900,49500,67200,27500,4300
2466,4,218500,49800,67500,28000,4300
2467,4,220100,49700,62900,27700,4400
2468,4,196700,49600,62200,27600,4200
2469,4,175700,49100,61900,27200,4100
2470,4,203700,48600,62600,27700,4100
2471,4,180800,54200,62800,27000,4200
2472,4,174900,49400,67000,26900,3300
2473,4,172500,49800,62900,27000,4000
2474,4,184000,55100,63000,27400,4200
2475,4,187600,55200,63900,30200,4300
2476,4,198100,52200,69600,28000,4600
2477,4,212800,56100,63500,29800,4900
2478,4,229000,52700,63200,29700,5000
2479,4,200400,50000,67200,28000,4400
2480,4,186300,50700,67400,27500,4100
2481,4,211100,49600,66300,27700,4200
2482,4,200000,49300,62300,27600,4100
2483,4,173600,50800,62400,26700,4000
2484,4,185400,54000,63100,27300,4300
2485,4,194600,49100,72400,27500,4200
2486,4,246200,78500,75200,29600,4100
2487,4,220400,78800,58600,30200,3900
2488,4,188500,49800,63300,28100,4100
2489,4,198800,50900,67800,27800,4300
2490,4,200600,51000,67200,27800,4500
2491,4,194900,49800,67400,27800,4300
2492,4,193700,49700,66900,27800,4200
2493,4,183300,49200,62900,27900,4200
2494,4,207300,49500,62200,28100,4300
2495,4,190800,49300,62900,27800,4300
2496,4,215500,49400,63300,27900,4100
2497,4,188800,49400,62600,27700,4200
2498,4,249600,49600,67700,28000,4400
2499,4,217100,49400,68600,29300,4400
2500,4,177600,49200,66500,27400,4200
2501,4,179100,48200,66100,27100,4100
2502,4,177100,50800,63300,27600,4200
2503,4,182600,56600,62100,27300,4200
2504,4,236400,54800,62300,28400,57100
2505,4,246100,56700,63300,28400,62500
2506,4,223800,50300,68100,28700,20600
2507,4,170500,49200,59100,27100,4300
2508,4,172900,49300,61800,26900,4200
2509,4,177400,49800,62900,27600,4200
2510,4,181600,49200,61800,27300,4200
2511,4,217800,49800,67600,29000,4300
2512,4,186800,49000,62300,27300,4200
2513,4,182600,49300,67200,27500,4200
2514,4,188400,49300,66000,27500,4200
2515,4,193200,49400,67300,27700,4200
2516,4,221400,55400,63700,29700,5100
2517,4,206500,50000,64500,28300,4600
2518,4,243100,49800,63100,28000,4200
2519,4,206500,49900,66900,27800,4200
2520,4,189300,49400,64100,27600,4400
2521,4,179700,49800,62800,27400,4100
2522,4,198600,54400,75100,39600,4100
2523,4,188800,54200,64400,28900,4200
2524,4,190100,49800,67300,27600,4100
2525,4,233100,49800,66600,28000,4400
2526,4,248600,49600,63300,28200,4500
2527,4,188000,52400,66000,27400,4200
2528,4,186500,54500,62400,27300,4200
2529,4,221600,49700,66700,27900,4300
2530,4,226000,50100,63200,27800,4300
2531,4,179500,53600,62900,27100,3300
2532,4,171500,49200,62400,27100,4000
2533,4,169000,49400,62200,27100,3200
2534,4,176300,49300,62600,27400,4100
2535,4,183800,53800,63800,28400,4100
2536,4,182100,49200,66800,27500,3100
2537,4,179400,49100,58400,27400,4100
2538,4,207100,49500,62200,27700,4300
2539,4,193500,49700,66600,27500,4200
2540,4,177700,49200,62200,27200,4000
2541,4,201100,49200,58800,27500,4200
2542,4,196600,48600,62900,27400,4100
2543,4,164500,48900,58700,26600,4100
2544,4,167900,48900,62200,27000,4100
2545,4,174600,49200,66200,26800,4100
2546,4,179300,49500,66000,27200,4100
2547,4,180000,49000,67400,28300,4100
2548,4,180800,49100,66400,27300,4100
2549,4,189100,54300,62500,27700,3100
2550,4,188000,52300,58400,27400,4300
2551,4,194400,49900,67100,27600,4100
2552,4,185600,49500,61900,27600,4300
2553,4,181500,49500,62900,27800,4200
2554,4,200600,49500,62600,27800,4200
2555,4,186200,49700,66500,27600,4100
2556,4,214600,49600,66700,27700,4100
2557,4,188300,49600,66200,27200,4300
2558,4,207800,49200,67400,27700,4300
2559,4,219500,54000,69200,30700,4900
2560,4,217400,49500,63000,28200,4300
2561,4,212400,49700,67100,27600,4400
2562,4,179000,53500,63300,27200,4200
2563,4,181400,54900,65600,27000,4100
2564,4,184600,56400,62700,27400,4300
2565,4,242000,56200,67300,28300,57200
2566,4,263700,56400,63400,28500,62000
2567,4,197400,50200,68700,28200,20700
2568,4,176300,49300,65900,27000,4300
2569,4,178500,49300,62300,27400,4200
2570,4,193100,49200,67000,27600,4100
2571,4,218300,54000,62300,30400,3200
2572,4,197600,54500,62800,27500,4200
2573,4,186900,49500,67300,27700,4300
2574,4,183300,49600,67000,27600,4300
2575,4,178700,49200,62300,27600,4200
2576,4,183200,49400,62000,27500,4100
2577,4,184700,49700,59000,28000,4100
2578,4,235300,49700,62100,27900,4200
2579,4,199500,49500,62200,28000,4200
2580,4,187300,49500,67000,27600,4400
2581,4,185400,49000,66900,27700,4100
2582,4,185000,49100,66600,27700,3200
2583,4,183600,49600,67600,28800,4200
2584,4,189900,49500,66200,27200,4100
2585,4,185600,49400,63100,27800,4100
2586,4,214900,49600,67000,27800,4300
2587,4,188200,49600,66500,27600,4200
2588,4,183300,49400,66400,27400,4300
2589,4,185000,49600,66300,27500,4200
2590,4,211500,49300,66900,27800,4400
2591,4,225000,49600,66700,28000,4300
2592,4,195500,49200,61700,27400,4400
2593,4,177000,49300,66200,27300,4100
2594,4,182100,49500,66700,27600,4400
2595,4,185100,49200,67800,28900,4400
2596,4,188300,49800,62300,27900,4200
2597,4,188800,50100,66400,27700,4000
2598,4,209200,49700,62700,27700,4400
2599,4,196000,49500,66400,27800,4300
2600,4,180000,49500,64200,27400,3200
2601,4,215800,49700,62900,28200,4200
2602,4,206600,49800,62300,27800,4300
2603,4,177700,49300,66300,27200,4200
2604,4,174200,49000,62300,26900,4100
2605,4,174300,48700,66400,27000,4100
2606,4,179500,49000,70100,26900,4300
2607,4,196100,51300,76900,28400,4100
2608,4,180500,49300,62600,27500,4100
2609,4,191500,49600,62500,27800,4300
2610,4,231500,49800,62200,28000,4500
2611,4,225500,49800,62500,28000,4200
2612,4,191500,49600,66500,27600,4100
2613,4,188800,54100,62700,27800,4300
2614,4,202900,49500,62500,27800,4200
2615,4,182100,49100,62800,27600,4100
2616,4,218500,49700,66800,27700,4200
2617,4,185300,56400,58600,27500,3100
2618,4,208900,49500,66500,27600,4200
2619,4,187200,49300,63400,28600,3000
2620,4,172600,49400,61900,27000,4200
2621,4,182500,53700,63200,27100,4100
2622,4,211700,49400,62200,27700,4200
2623,4,190400,48200,58200,27500,4200
2624,4,179300,50200,65600,27100,4100
2625,4,185100,56200,64700,27300,4200
2626,4,251600,54000,63300,28200,55200
2627,4,233900,51100,63300,28300,62700
2628,4,193400,55400,62600,28300,19300
2629,4,174900,49500,62600,27100,4100
2630,4,177900,49000,62300,27400,4200
2631,4,213800,49200,68100,29200,4200
2632,4,181700,54300,63000,27500,3000
2633,4,179800,49100,66800,27300,4100
2634,4,179500,49100,66400,27500,4300
2635,4,176300,49200,62800,27200,4200
2636,4,181400,49100,62000,27300,4000
2637,4,177200,49500,62400,27500,4200
2638,4,227700,49400,67300,27900,4100
2639,4,196100,54500,62800,27700,4200
2640,4,178600,49000,61800,27100,4200
2641,4,178400,49500,62500,27200,4200
2642,4,183600,53900,62800,27300,4100
2643,4,181100,49800,63900,28300,4100
2644,4,185000,50400,66600,27500,4400
2645,4,186700,49700,66400,27600,4300
2646,4,214000,49600,67000,27900,4200
2647,4,185900,49200,66700,27300,4200
2648,4,182800,54200,62400,27000,4100
2649,4,184900,49400,62200,27700,4200
2650,4,205700,49500,66900,28000,4100
2651,4,182200,49400,66400,27500,4100
2652,4,180600,49300,66100,27000,4200
2653,4,216300,53900,62300,27700,4300
2654,4,200300,49500,58700,27900,4500
2655,4,186800,49100,63100,28600,4000
2656,4,185300,49500,62400,27600,4300
2657,4,204500,49700,62500,27500,4100
2658,4,219100,49600,62800,27900,4200
2659,4,192300,49200,62600,27500,4100
2660,4,183600,48700,66700,27600,4100
2661,4,211500,49800,66900,27900,4300
2662,4,207000,54300,62900,27800,4200
2663,4,169900,49200,62200,27200,4100
2664,4,173600,49000,66400,27000,4000
2665,4,173900,48900,66200,27100,4200
2666,4,174600,49100,66500,26700,4100
2667,4,176200,49100,67300,28300,4200
2668,4,171500,49400,61900,27400,4200
2669,4,189700,49400,66000,27400,4100
2670,4,192300,49700,66600,28000,4200
2671,4,194200,49400,66800,27700,4400
2672,4,191700,53900,62700,27800,3100
2673,4,189200,49100,66600,27800,4200
2674,4,214000,51500,63000,27600,4300
2675,4,198900,49500,66900,28000,4400
2676,4,217100,49400,66600,28000,4300
2677,4,185500,49300,62500,27400,4200
2678,4,206300,49500,62600,27700,4300
2679,4,196000,49600,68300,28900,4200
2680,4,183000,49300,66100,27400,4100
2681,4,181800,49600,62300,27600,4200
2682,4,185000,53800,63000,27300,3100
2683,4,184400,49400,62300,27500,4300
2684,4,223900,52700,63600,27700,4200
2685,4,219300,52200,68600,27600,4200
2686,4,240500,65700,70400,29600,4400
2687,4,250400,54800,62900,28500,57300
2688,4,245600,51600,68000,28500,62700
2689,4,206400,50800,67900,28400,20800
2690,4,184700,49300,62100,27500,4400
2691,4,217900,49800,67100,30300,4200
2692,4,184500,49600,62700,27600,4300
2693,4,181100,49300,62600,27500,4100
2694,4,187100,49200,66700,27500,4400
2695,4,226300,49600,66400,27800,4300
2696,4,221000,49600,67100,28100,4400
2697,4,182300,49000,66600,27300,4200
2698,4,232800,54500,62900,27900,4300
2699,4,200600,53800,63300,27600,4100
2700,4,180700,49200,66300,27200,4200
2701,4,183300,53900,63500,27400,4100
2702,4,179400,49300,62200,27100,4100
2703,4,180300,49300,63500,28600,4100
2704,4,174400,48700,58600,27600,4100
2705,4,186400,49500,62900,27600,4200
2706,4,217700,54400,62300,27800,4300
2707,4,185600,49500,66700,27500,4200
2708,4,176400,49400,62100,27300,4200
2709,4,184300,49300,67300,27600,4200
2710,4,198300,49600,58500,27900,4100
2711,4,182300,53800,62500,27200,3200
2712,4,183900,49100,62200,27400,4200
2713,4,177900,49400,66400,27300,4000
2714,4,183800,49200,66000,27400,4200
2715,4,220700,49800,63800,29000,4300
2716,4,207400,49500,66900,28000,4100
2717,4,182900,49200,61900,27200,4200
2718,4,207100,49300,62800,27900,4200
2719,4,189800,49200,62300,27400,4100
2720,4,182500,49100,66600,27400,4000
2721,4,210200,49500,66300,27800,4200
2722,4,196900,48900,61800,27600,4100
2723,4,171500,48900,65900,26700,4000
2724,4,172000,49200,66100,26700,4000
2725,4,177300,48600,66300,26800,4000
2726,4,171200,49100,65800,26800,4000
2727,4,172100,49200,66100,27900,4100
2728,4,173000,48900,66300,26800,4100
2729,4,188200,50500,71000,32200,4200
2730,4,182400,48800,66200,27600,4200
2731,4,192000,54100,62400,27600,4100
2732,4,188800,49800,64400,27800,4100
2733,4,184200,49400,62200,27500,4200
2734,4,204500,49300,62900,28000,4200
2735,4,188300,54200,62800,27400,4200
2736,4,209600,49300,62200,27800,4200
2737,4,189700,49200,66400,27300,4200
2738,4,206500,49700,66900,27300,3300
2739,4,197900,54200,63400,28600,4100
2740,4,179600,49300,62000,27300,3100
2741,4,186300,49400,66800,27400,4300
2742,4,186500,49200,66000,27500,4400
2743,4,186300,53400,63000,27800,4200
2744,4,186600,49600,66100,27400,4200
2745,4,181500,47400,62200,27100,4300
2746,4,241300,51100,63100,28000,4300
2747,4,207800,56200,62900,28000,4300
2748,4,234600,54600,67200,28300,55300
2749,4,241800,51400,67400,28300,62200
2750,4,199800,50800,62600,28200,20700
2751,4,215600,49500,67500,28900,4300
2752,4,185100,49300,66200,27400,4100
2753,4,180900,49700,66100,27400,4300
2754,4,182800,49700,62100,27900,3700
2755,4,180900,49400,66300,27500,4200
2756,4,181900,49400,63200,27700,4100
2757,4,184200,49200,66700,27500,4200
2758,4,237600,49800,66400,27600,4300
2759,4,192700,49300,66500,27700,4200
2760,4,175400,48900,62700,27200,4200
2761,4,174800,49000,62400,27400,4200
2762,4,178400,49000,66100,27200,4200
2763,4,184400,49200,67500,28500,4300
2764,4,183700,49300,65200,27600,4200
2765,4,204400,55400,62000,28200,4400
2766,4,245500,54100,67000,29700,5000
2767,4,199300,50300,67300,27900,4300
2768,4,190800,49900,67600,27400,4300
2769,4,189500,50100,67700,27700,4300
2770,4,210400,50300,63600,28000,4200
2771,4,190000,50900,63400,27500,4200
2772,4,183300,50800,59500,27400,4300
2773,4,183300,50000,63600,27300,4200
2774,4,193900,54100,65000,27800,4400
2775,4,191600,49800,68100,28700,4200
2776,4,197000,50100,67800,27800,4300
2777,4,235100,49700,59500,28100,4400
2778,4,237600,50400,62300,28100,4100
2779,4,202300,50200,67100,27500,4300
2780,4,228000,50000,67100,27800,4200
2781,4,246800,54600,62600,28200,3400
2782,4,203300,49800,66800,27300,3100
2783,4,169700,49600,62000,26500,4100
2784,4,180400,53700,61600,26400,9000
2785,4,172400,48800,66000,26600,4000
2786,4,170500,49400,66600,26900,3100
2787,4,173000,48900,67100,28200,4100
2788,4,173700,49200,66500,26700,4100
2789,4,184200,49400,67100,27700,4200
2790,4,181500,49200,62900,27600,4300
2791,4,187300,54200,62900,27700,4100
2792,4,183400,49000,66600,27400,4100
2793,4,178600,49300,62700,27600,4100
2794,4,199000,49100,62600,27600,4300
2795,4,187800,49100,66400,27500,4200
2796,4,212200,49500,62600,28000,4300
2797,4,186000,49400,62200,27500,4300
2798,4,203700,49100,57900,27400,4200
2799,4,192100,48600,63500,28300,4200
2800,4,177400,49500,66400,27000,3200
2801,4,181800,49600,66600,27400,4000
2802,4,179900,49100,66400,27500,4000
2803,4,176000,49400,62400,27200,4100
2804,4,176700,49100,62400,27400,3400
2805,4,183900,49400,66300,27600,4200
2806,4,196400,47900,62300,27500,4200
2807,4,180200,50200,65100,26900,4200
2808,4,227500,61600,65200,27600,3100
2809,4,260100,54300,67000,28500,56900
2810,4,245800,51400,67200,28200,62700
2811,4,224700,50400,63300,30600,19500
2812,4,181400,49500,66300,27200,4200
2813,4,180300,49700,66800,27300,4100
2814,4,183700,53600,63300,27600,4300
2815,4,181100,49500,66200,27500,4100
2816,4,180700,49300,64000,27700,4200
2817,4,178200,49100,62500,27300,4200
2818,4,225900,50100,63500,27800,4300
2819,4,189700,49300,66400,27100,4100
2820,4,177400,49500,66500,26900,4100
2821,4,173900,49900,64000,26700,4100
2822,4,174900,49100,66600,26900,3100
2823,4,177200,53700,62900,27800,4000
2824,4,182000,49500,67600,27300,4100
2825,4,197600,49300,67100,27600,4300
2826,4,223000,49500,70300,28000,4300
2827,4,191700,49800,62200,27600,4200
2828,4,187500,49000,66200,27300,4300
2829,4,189000,49400,66800,27600,4300
2830,4,210100,49500,66500,27500,4300
2831,4,182900,49700,66500,27500,3400
2832,4,179900,49600,62500,27400,4100
2833,4,176700,49100,63000,27500,4200
2834,4,185200,49500,66700,27600,4200
2835,4,189400,49600,68100,29300,4200
2836,4,196600,54000,69500,27400,4200
2837,4,192900,49500,66700,27800,4300
2838,4,210000,49400,58500,27800,4300
2839,4,233200,50000,62900,27800,4200
2840,4,211600,49500,62100,27900,4100
2841,4,203400,49300,58700,28200,4300
2842,4,205700,49700,67300,27600,4200
2843,4,172000,49200,62800,27100,4200
2844,4,170500,49000,62200,27100,4100
2845,4,174400,49000,66600,27100,4200
2846,4,172300,49200,62400,27400,4200
2847,4,178300,50100,70000,28000,4000
2848,4,190300,51900,68400,27700,4200
2849,4,184400,49600,63000,27700,4300
2850,4,188000,54200,62800,27600,4200
2851,4,187700,49900,66400,27600,4300
2852,4,187600,49500,69100,27600,4300
2853,4,183200,49400,66400,27500,4400
2854,4,207700,49500,66700,27900,4300
2855,4,179900,50800,61700,27200,3000
2856,4,227200,49400,67200,28000,4300
2857,4,197500,54600,63300,27600,3100
2858,4,218700,49500,67100,27900,4100
2859,4,198300,49900,63500,28700,4300
2860,4,179700,49100,62700,27400,4200
2861,4,187800,54100,62800,27600,4300
2862,4,179900,49000,62800,27600,4100
2863,4,180400,49000,62000,27500,4100
2864,4,186600,49300,63400,27600,4200
2865,4,230400,50200,67900,28100,4300
2866,4,252200,49900,67400,28400,4300
2867,4,180300,48400,66400,27400,4300
2868,4,179900,50700,65700,27200,4200
2869,4,188000,56600,63100,27300,4200
2870,4,282400,55100,67300,28400,56200
2871,4,291800,51100,62300,29300,61600
2872,4,205000,51100,67600,28000,20900
2873,4,187500,50000,67700,27400,4300
2874,4,177200,49900,62600,27400,4300
2875,4,179400,49400,62800,27400,3200
2876,4,194000,49700,77400,41900,4100
2877,4,183100,50000,66800,27200,4100
2878,4,239700,50400,67200,27400,4300
2879,4,192800,50400,67300,27300,4200
2880,4,171000,49100,59700,26900,4200
2881,4,177600,49600,67600,27100,4100
2882,4,177200,49500,66600,26700,4200
2883,4,178600,49500,68000,28600,4100
2884,4,176300,49500,66500,26800,4200
2885,4,182600,50100,66900,27500,4100
2886,4,213200,50000,67700,27600,4200
2887,4,186900,49900,67000,27200,4200
2888,4,184300,49500,62600,27000,4200
2889,4,186800,49600,67300,27600,4100
2890,4,208600,50000,67500,27600,4300
2891,4,187200,49700,67200,27700,4300
2892,4,185200,54500,63700,27400,4200
2893,4,180700,50100,67000,27000,4200
2894,4,181100,49700,63100,27200,4200
2895,4,187500,49400,68100,28200,4100
2896,4,184600,49900,63500,27600,4300
2897,4,187700,49800,63000,27400,4100
2898,4,215600,50200,67400,28100,4200
2899,4,196700,49800,65400,27600,4400
2900,4,185900,49700,64700,27700,4200
2901,4,276500,54600,75300,39000,4300
2902,4,222600,49900,63700,28000,3100
2903,4,181500,49600,66500,26800,4100
2904,4,171700,49500,62300,26800,4200
2905,4,173700,49700,66600,26800,4100
2906,4,179700,49400,67300,27000,4200
2907,4,175100,49900,67200,28200,4100
2908,4,175200,54100,62000,26700,4100
2909,4,180400,50100,59800,27600,4300
2910,4,193300,54600,63400,27700,3200
2911,4,193900,50200,67700,27700,4300
2912,4,188700,49900,63300,27800,4100
2913,4,188000,50000,67500,27600,4200
2914,4,200600,50100,63100,27600,4200
2915,4,184900,49800,67000,27500,4200
2916,4,210500,49800,62900,27600,4200
2917,4,192000,50300,67700,27800,4100
2918,4,213700,50400,67200,27600,4200
2919,4,200300,50100,68600,28700,4300
2920,4,184800,50000,67000,27100,4100
2921,4,188900,49800,67200,27500,4100
2922,4,187400,49700,66900,27300,4300
2923,4,183600,50000,62800,27500,4200
2924,4,187500,49800,67400,27600,4200
2925,4,189700,50100,67400,27700,4300
2926,4,203400,49900,62700,27800,4300
2927,4,185300,49900,67500,27500,4200
2928,4,219300,60800,72800,29200,4500
2929,4,202200,53500,68600,28200,4200
2930,4,217400,60300,65400,29600,5000
2931,4,323800,58400,78600,47800,59600
2932,4,367700,56700,66900,29700,101000
2933,4,232600,51200,64200,28400,21600
2934,4,181300,49600,62800,27900,4100
2935,4,176200,49200,59600,27700,4200
2936,4,191300,50300,67400,27500,4000
2937,4,180800,49100,62500,27500,4400
2938,4,231500,49300,62900,27800,4300
2939,4,194300,49400,66900,27400,4200
2940,4,179900,49500,63900,27400,4200
2941,4,203800,51600,70100,29300,7800
2942,4,204900,52400,63800,29600,5100
2943,4,200000,50500,68700,29100,4300
2944,4,213900,55500,67100,29600,5000
2945,4,189500,49600,63400,28100,4400
2946,4,213800,49800,67300,28200,4100
2947,4,195300,55400,62900,27500,4200
2948,4,179400,49400,62300,27400,4000
2949,4,199500,49400,67100,27700,4100
2950,4,254400,50800,63100,28300,4200
2951,4,225400,49500,67900,28400,4200
2952,4,180700,49200,63300,27500,4200
2953,4,178800,49900,62000,27200,4100
2954,4,183500,49200,62800,27600,4300
2955,4,182700,49000,63200,28700,4000
2956,4,187700,49800,66300,27400,4000
2957,4,194800,50600,67200,27900,4100
2958,4,236200,51700,66800,29500,4900
2959,4,211200,49700,67200,28200,4100
2960,4,185000,49700,62900,27700,4200
2961,4,214300,49400,67000,27900,4200
2962,4,209500,49700,67500,27800,4100
2963,4,215900,53600,63100,27700,4200
2964,4,191500,49100,62800,27500,3100
2965,4,169500,49300,62400,26800,4100
2966,4,172600,53700,62100,26800,4100
2967,4,168800,49000,63200,28100,4100
2968,4,172300,48600,62500,26800,4000
2969,4,183800,49400,66400,27300,4200
2970,4,184000,49000,59100,27300,4200
2971,4,187400,49700,67100,27700,4200
2972,4,179600,49300,62400,27300,4100
2973,4,181400,53500,62900,27400,4200
2974,4,199700,49300,62000,27500,4200
2975,4,182100,49100,66900,27500,4000
2976,4,213400,49500,67000,27600,4300
2977,4,183600,49100,66400,27400,4300
2978,4,217600,49400,67300,27800,4200
2979,4,192000,49300,68000,28400,4200
2980,4,175900,49300,62400,27300,4200
2981,4,184400,49200,66900,27200,4100
2982,4,182100,49400,66200,27400,4300
2983,4,186600,49400,69000,27400,4400
2984,4,210300,52100,66600,29500,4900
2985,4,195500,50000,67200,28000,4300
2986,4,205400,50100,62700,27800,4300
2987,4,176500,48700,62300,27100,4000
2988,4,182300,54900,62800,27300,3100
2989,4,181200,48000,66500,27300,4200
2990,4,186800,50800,63000,27600,4300
2991,4,222400,56600,63800,29300,4200
2992,4,246200,55500,68000,28600,57200
2993,4,244100,51300,63600,28500,62700
2994,4,243900,51500,63600,28500,20800
2995,4,222700,51400,73500,28700,4300
2996,4,239600,52300,68200,28900,4500
2997,4,192600,49600,66600,27900,4300
2998,4,238700,49300,68200,28000,4300
2999,4,197400,51300,67100,27600,4300
3000,4,179700,49300,62500,27400,4100
3001,4,208900,57300,71500,29500,4800
3002,4,200800,52600,72500,32700,4400
3003,4,179800,50500,65200,28900,4100
3004,4,183600,51200,68300,27500,4300
3005,4,209100,51900,70100,29500,4800
3006,4,219000,50200,66600,27900,4300
3007,4,186000,49700,66500,27500,4100
3008,4,179800,54000,63000,27200,3000
3009,4,183500,54600,63000,27200,4000
3010,4,211400,49600,67000,27800,4100
3011,4,187800,49500,66800,27800,4200
3012,4,182300,49300,63100,27700,4300
3013,4,186000,53800,62700,27200,4300
3014,4,184400,49200,63200,27900,3300
3015,4,189900,49700,63700,28900,4400
3016,4,202900,50000,67000,27800,4300
3017,4,195100,49900,67100,27600,4200
3018,4,219500,49700,67300,27800,4400
3019,4,198600,49700,63400,27300,4200
3020,4,186100,49200,63000,27600,4100
3021,4,217700,49500,67100,27900,4200
3022,4,211000,50100,66900,27800,4400
3023,4,172400,49400,59700,27500,4200
3024,4,176000,49700,62300,27100,4200
3025,4,239100,52200,67200,29700,5100
3026,4,237100,64800,61900,29800,4300
3027,4,200900,52500,65300,31000,4800
3028,4,207100,53800,70700,29500,5000
3029,4,214700,53100,62900,29600,5000
3030,4,193500,50100,63200,28100,4400
3031,4,188400,49600,63100,27500,4200
3032,4,189300,50400,63400,27700,4100
3033,4,187000,49600,67100,27900,4100
3034,4,214400,49600,67300,27900,4300
3035,4,230200,49900,67800,27700,4200
3036,4,246800,49400,63100,28300,4400
3037,4,180700,49300,61800,27400,4000
3038,4,200800,49300,62000,27500,4100
3039,4,190100,49500,67600,28600,4200
3040,4,175500,49400,66400,27400,4100
3041,4,180300,49300,66200,27300,4100
3042,4,181400,49300,66700,27400,4100
3043,4,183900,49200,66300,27400,4200
3044,4,183500,49100,62700,27400,4100
3045,4,188500,53700,62600,27700,3000
3046,4,211700,51000,66400,27600,4400
3047,4,177400,49000,59600,27200,4200
3048,4,179900,49400,66500,27200,4100
3049,4,178800,49200,62200,27100,4100
3050,4,187100,52400,62100,27300,4100
3051,4,218300,50400,65900,30300,4200
3052,4,190700,56500,63100,27800,4300
3053,4,250000,54700,73000,40600,57600
3054,4,246000,51300,67600,28400,62800
3055,4,201000,50700,63200,28100,20900
3056,4,229600,49300,63100,28100,4300
3057,4,207200,49600,67200,28000,4200
3058,4,228600,50800,62700,27700,4300
3059,4,190900,49700,66100,27200,4300
3060,4,177400,54100,62500,26900,3000
3061,4,172300,49400,62500,27000,4000
3062,4,167600,49200,59000,27000,3100
3063,4,168900,49300,58800,28300,4000
3064,4,170400,49500,58400,27000,4000
3065,4,177800,49100,62800,27400,4100
3066,4,206600,49400,64400,27700,4200
3067,4,197300,53100,61800,29600,4900
3068,4,181300,49800,64100,27700,4000
3069,4,177000,49100,62300,27400,4100
3070,4,212600,49400,67200,27700,4100
3071,4,180800,49100,66500,27500,4100
3072,4,171200,49700,57800,27100,4200
3073,4,176900,49600,62400,27000,4100
3074,4,188100,49800,66600,27600,4100
3075,4,242300,51100,117600,105600,4100
3076,4,188100,49500,62700,27900,4300
3077,4,196000,49500,66700,27600,4100
3078,4,254000,55700,73300,28100,4200
3079,4,204800,53900,63300,27600,4300
3080,4,195600,49300,66300,27700,4300
3081,4,217500,49700,63200,27900,4200
3082,4,216200,49700,66900,27800,4300
3083,4,177300,49600,62800,27400,3300
3084,4,174900,49100,62400,27200,4200
3085,4,177700,49200,66400,27300,4200
3086,4,176000,49200,62100,27400,4200
3087,4,219000,53500,63700,30700,4200
3088,4,200000,49100,66500,27700,4200
3089,4,186200,49500,66900,27700,3000
3090,4,188400,49500,66500,27800,4300
3091,4,188300,49700,62500,27700,3300
3092,4,180800,49900,58600,27400,4200
3093,4,178500,49500,61800,27400,4200
3094,4,200800,49600,62900,27800,4300
3095,4,179700,49300,61800,27500,4100
3096,4,211900,49400,62500,27600,4300
3097,4,182800,49300,62400,27500,4200
3098,4,207800,49300,67100,27700,4400
3099,4,187600,49300,63200,28900,4100
3100,4,172300,48900,62000,27000,4200
3101,4,177700,49400,62600,27500,4200
3102,4,176600,49000,66500,27300,4200
3103,4,176200,49100,62200,27300,4200
3104,4,187600,53900,62700,27500,4200
3105,4,190200,49500,66700,27700,4100
3106,4,209500,49600,66800,27800,4200
3107,4,190800,49300,65800,27300,4200
3108,4,187200,49300,61900,27800,4200
3109,4,188000,49100,66700,27700,4200
3110,4,208900,53700,62000,29600,4800
3111,4,236900,48700,65900,29700,4200
3112,4,195600,50800,63600,27600,4100
3113,4,195600,56600,63200,27700,4300
3114,4,245100,54900,62700,28600,57200
3115,4,244100,51100,63400,28200,62500
3116,4,199800,50400,58900,28100,20700
3117,4,193700,49700,67500,27600,4300
3118,4,279500,49800,67400,28200,4300
3119,4,218100,49300,63000,27900,4300
3120,4,223800,49400,67300,27800,4100
3121,4,207700,49600,62600,27900,3200
3122,4,173000,49000,62600,27100,4000
3123,4,173000,48900,63300,28400,4100
3124,4,175900,48800,66800,26900,4100
3125,4,184100,49500,66600,27000,4200
3126,4,206200,49000,63300,27900,4200
3127,4,181800,53600,62700,27000,4100
3128,4,195700,50300,66400,27700,3400
3129,4,175900,49500,62100,27400,4300
3130,4,205000,53600,63100,27400,4000
3131,4,178800,49000,66400,27200,4000
3132,4,170600,48800,62000,27000,4200
3133,4,174300,53600,62400,26800,4100
3134,4,179900,54000,62200,27400,2900
3135,4,187200,49500,67300,28900,4200
3136,4,190800,49700,66800,27700,4200
3137,4,193900,49300,67000,27800,4300
3138,4,230000,49200,66900,27900,4300
3139,4,196300,49300,62000,27600,4300
3140,4,189700,49500,66300,27400,4300
3141,4,212500,54200,62900,27600,4300
3142,4,206800,49200,63500,27500,4200
3143,4,182900,49400,61700,27200,4100
3144,4,174000,49300,66700,27400,3200
3145,4,176700,53400,62800,27100,4100
3146,4,177500,49100,66800,27200,4200
3147,4,176900,49400,67500,28300,4200
3148,4,178200,48900,66100,27400,4200
3149,4,230900,49800,66900,27900,4300
3150,4,207300,49300,58600,27600,4200
3151,4,181800,48800,63600,27500,4200
3152,4,188400,50000,67100,27200,4100
3153,4,183600,49200,58800,27500,4200
3154,4,194400,49400,58300,27800,4100
3155,4,180500,49500,67300,27400,3200
3156,4,235100,55700,71500,36100,4200
3157,4,203100,53100,69700,28000,4700
3158,4,222700,63500,63500,27500,3900
3159,4,192600,50000,68000,28400,4100
3160,4,179300,49900,66800,27100,4100
3161,4,178900,49900,66400,27100,4100
3162,4,169800,49400,59400,26800,4200
3163,4,178100,49800,66700,26900,4100
3164,4,184700,49800,67000,27300,4200
3165,4,196800,52900,68300,27800,4300
3166,4,207700,50800,60100,27800,4300
3167,4,187900,49500,63200,27700,4300
3168,4,193300,53800,62600,27600,4300
3169,4,188300,49900,66800,27800,4200
3170,4,189600,49000,62900,27500,4300
3171,4,229700,49600,68800,33000,4300
3172,4,189400,48100,66700,27500,4200
3173,4,184000,50600,63200,27400,4200
3174,4,193000,56800,65600,27800,4100
3175,4,245800,54800,67100,28400,56800
3176,4,246200,51200,63100,28500,62700
3177,4,204100,50400,63100,28200,21100
3178,4,235300,49800,67200,27900,4300
3179,4,199000,49200,67000,27800,4300
3180,4,217600,49700,62800,28000,4300
3181,4,197700,49200,62400,27700,4200
3182,4,175900,49200,62100,27600,4100
3183,4,175300,49000,63500,28500,4000
3184,4,174000,48900,62500,27300,4100
3185,4,180200,49200,62400,27200,4200
3186,4,208200,49500,62800,28000,4200
3187,4,180600,49600,66600,27200,3200
3188,4,179100,49100,66600,27400,4200
3189,4,180500,53800,62500,27200,3100
3190,4,199900,49600,62600,27800,4300
3191,4,182800,49400,62300,27300,4200
3192,4,176600,49700,62700,27500,4200
3193,4,173000,49300,62500,27200,4200
3194,4,184000,51000,67000,27600,4200
3195,4,184200,49400,67300,28300,4200
3196,4,191600,53900,62100,27500,4300
3197,4,194200,50400,59500,28100,4200
3198,4,239600,49900,67200,27800,4300
3199,4,207800,49800,66900,28200,4300
3200,4,194100,49600,66900,27800,4200
3201,4,218400,49700,66800,27800,4100
3202,4,209800,49300,62700,27700,4300
3203,4,182200,49800,66800,27400,4200
3204,4,188400,49400,71800,29800,4200
3205,4,218200,49600,62700,28200,4200
3206,4,209400,49400,62800,28000,4200
3207,4,173900,49400,62900,28300,4100
3208,4,174100,49400,62600,27300,4200
3209,4,187300,49400,67300,27700,4300
3210,4,191700,49300,66900,27800,4200
3211,4,223700,49300,63400,27900,4300
3212,4,208600,49700,67500,28200,4200
3213,4,180700,53800,62600,27400,3100
3214,4,204300,49900,67000,27900,4200
3215,4,178600,49500,62600,27400,4100
3216,4,212300,54300,63100,28000,3100
3217,4,186300,49600,62800,27200,4100
3218,4,203800,50000,67100,27400,3300
3219,4,191000,49400,63100,28400,4100
3220,4,170100,49400,62200,27200,4100
3221,4,172900,49100,62300,27000,4100
3222,4,176000,49200,67200,27100,4200
3223,4,171500,49100,62200,26900,4200
3224,4,177500,49200,62400,27100,4100
3225,4,174600,49400,62600,27100,3300
3226,4,204000,49800,67600,27700,4000
3227,4,174200,49900,61800,27100,4100
3228,4,182000,49900,67000,27500,4100
3229,4,186100,49700,67000,27300,4200
3230,4,188400,52200,63200,27700,4200
3231,4,222900,50000,68300,28900,4100
3232,4,187400,49800,63300,27600,4300
3233,4,184500,48500,62600,27100,4100
3234,4,189000,55700,66500,27700,3100
3235,4,206200,71100,65700,27400,4100
3236,4,268600,69300,66600,28400,60400
3237,4,262500,52200,69100,28300,72300
3238,4,251000,51400,64900,28600,20700
3239,4,207700,50300,67400,27500,4400
3240,4,188000,55400,66100,27400,4200
3241,4,179700,50300,63000,27100,4200
3242,4,220900,50000,67500,27900,4200
3243,4,207500,56600,64700,28900,4300
3244,4,177300,49500,66200,26900,4100
3245,4,185200,50300,66900,27300,4100
3246,4,211000,51700,63700,27800,4200
3247,4,177200,50100,63300,27200,3100
3248,4,178300,49500,67100,26900,3900
3249,4,181000,49400,63200,27100,4100
3250,4,212900,50100,67600,28100,3200
3251,4,182200,49600,62700,27200,4300
3252,4,184800,54400,63600,27500,3000
3253,4,174300,49600,62600,27200,3000
3254,4,179100,50000,63000,27200,4200
3255,4,188100,54700,63800,28400,4200
3256,4,184800,49500,63100,27600,4200
3257,4,193100,50000,67300,27400,4100
3258,4,212900,50000,63200,28000,4200
3259,4,203800,50200,67500,27900,4100
3260,4,189600,49900,63500,27400,4300
3261,4,216100,50700,63400,27600,4200
3262,4,209600,49800,63300,27900,4200
3263,4,183600,49700,67400,27200,4100
3264,4,179200,50000,62800,27300,4200
3265,4,180400,54000,63000,27300,4100
3266,4,175500,49600,62600,27100,4100
3267,4,176700,49700,63300,28300,4200
3268,4,178200,49600,63400,27300,4300
3269,4,186800,49600,62800,27500,4200
3270,4,193100,49800,67400,27800,4300
3271,4,194600,54400,63700,28000,4400
3272,4,192400,50200,67300,27800,4300
3273,4,222900,50000,64000,28000,4400
3274,4,229700,50300,67500,28000,4300
3275,4,187800,50700,67300,27400,4200
3276,4,210700,50100,63200,27900,4400
3277,4,187400,50000,66700,27100,4200
3278,4,209500,49900,67300,27500,4300
3279,4,195500,49700,69900,28700,4200
3280,4,179100,49700,68000,27300,4200
3281,4,181300,49900,63000,27100,4300
3282,4,186200,54800,63400,27200,4100
3283,4,180100,50000,63500,27400,4100
3284,4,186000,49600,67200,27500,4200
3285,4,191700,49800,63200,27800,4300
3286,4,204800,49700,63400,27400,4300
3287,4,182300,49700,67200,27100,4100
3288,4,180000,49700,63300,27300,4200
3289,4,183900,50100,62800,27100,4200
3290,4,234100,50100,67800,28300,4200
3291,4,253100,49900,63000,30300,4500
3292,4,185300,49700,63700,27600,3000
3293,4,183800,49700,63100,27300,4200
3294,4,182600,48400,62300,27400,4200
3295,4,187600,51200,63600,27700,4300
3296,4,190900,56600,62900,27600,4200
3297,4,245700,54800,68200,28600,56000
3298,4,296800,51800,68200,28300,62700
3299,4,215900,51000,68500,28200,20700
3300,4,184100,49800,67100,27300,4300
3301,4,182000,49900,67200,27400,4400
3302,4,177600,49800,63400,27200,4100
3303,4,178700,50100,64000,28500,3300
3304,4,219100,49800,67300,27900,4200
3305,4,208400,50200,67200,27600,4400
3306,4,216100,49800,67200,27600,4100
3307,4,183600,50000,67400,27600,4300
3308,4,174200,49500,63100,27000,4100
3309,4,177200,49500,62800,27100,4100
3310,4,203600,50100,67300,27400,4200
3311,4,175800,49400,62300,27000,4300
3312,4,172800,49400,62800,26800,4100
3313,4,175500,49600,66300,26700,4000
3314,4,178800,49700,64900,27000,4200
3315,4,179600,50000,63400,28200,4100
3316,4,185100,49900,66700,27400,4200
3317,4,217900,53200,72200,36100,4400
3318,4,230400,50100,68300,27700,4400
3319,4,197900,50400,67800,27300,4400
3320,4,188300,50100,67000,27400,4300
3321,4,218000,51100,68400,28100,4300
3322,4,212600,49600,63300,27500,4400
3323,4,178000,50100,63100,27000,4200
3324,4,180900,49600,67300,27100,4000
3325,4,181400,54500,62200,26800,4300
3326,4,182500,51500,65900,27200,4100
3327,4,179700,49600,67900,28100,4000
3328,4,179600,49500,67000,27000,4100
3329,4,185000,49800,63100,27800,4100
3330,4,191600,49800,67700,27600,4200
3331,4,192200,50000,67200,27700,4200
3332,4,189400,50100,67000,27700,4200
3333,4,182300,49700,63300,27400,4300
3334,4,207600,50000,63400,28100,4300
3335,4,228700,49900,63100,28100,4300
3336,4,238500,49900,63000,28100,4200
3337,4,189900,49800,63400,27300,4100
3338,4,211700,49900,67200,27800,4200
3339,4,189800,50100,63000,28300,4300
3340,4,175900,49500,66800,27000,3200
3341,4,186700,54600,68100,26900,4200
3342,4,181300,49700,67400,27600,4200
3343,4,174900,49700,62700,26900,4200
3344,4,182700,49600,67200,27300,4200
3345,4,185000,54700,63300,27400,4200
3346,4,203500,54300,63200,27600,4200
3347,4,182100,50000,67500,27400,4100
3348,4,178800,49400,66800,27100,4200
3349,4,181800,50000,67200,27500,4200
3350,4,186500,54200,63600,27400,4200
3351,4,209400,50400,60700,29100,4100
3352,4,189000,50000,63700,27700,4200
3353,4,186900,50400,63300,27600,4200
3354,4,182100,49400,59300,27800,4200
3355,4,190000,49000,67100,27500,4300
3356,4,194700,50700,66400,27600,4300
3357,4,197500,56800,65600,27600,4300
3358,4,301200,54900,67700,28200,56200
3359,4,260600,51900,68400,28300,62300
3360,4,206600,51400,63600,28100,20800
3361,4,181600,50200,63400,27400,4200
3362,4,184800,49900,67600,27500,4200
3363,4,186400,54600,64300,28700,4100
3364,4,190900,50400,68100,27500,4300
3365,4,202000,50200,63300,27800,4100
3366,4,258100,50300,68100,28400,4300
3367,4,215000,50200,67500,27900,4400
3368,4,180100,49800,62900,27100,4100
3369,4,183300,49700,63500,27300,4100
3370,4,203600,49800,63900,27800,4200
3371,4,185000,54500,63200,27400,4100
3372,4,177300,49600,62900,27200,4100
3373,4,174800,49600,63000,27300,3000
3374,4,188500,50000,68300,27500,4100
3375,4,224600,50000,63800,28800,4300
3376,4,223000,49900,67900,28300,4400
3377,4,185400,50000,62800,27400,4300
3378,4,211900,54300,62500,27500,4300
3379,4,192200,50400,62800,27600,4200
3380,4,189900,49800,67300,27300,4300
3381,4,211500,54600,63700,27500,4300
3382,4,201900,50100,63000,27800,4200
3383,4,175300,49600,63100,27300,4100
3384,4,183100,50200,66900,27200,4100
3385,4,181200,50200,66700,27200,4100
3386,4,175200,49700,61700,27100,4200
3387,4,181800,49700,67900,28200,4100
3388,4,176900,49400,62600,27000,4100
3389,4,191800,57000,63800,27400,4100
3390,4,188100,54500,62300,27300,3200
3391,4,187800,50200,63100,27500,4200
3392,4,184600,49800,63100,27500,4100
3393,4,187300,50000,67600,27600,4300
3394,4,232200,55400,79100,40500,3700
3395,4,209400,53200,74800,28300,4300
3396,4,245100,52600,70000,30100,4700
3397,4,233900,50200,67500,28300,4400
3398,4,228900,50900,62900,27800,4300
3399,4,182900,49200,59400,28600,4100
3400,4,171400,49200,62100,26900,4000
3401,4,179000,49700,67100,27000,4000
3402,4,176900,53800,63100,27000,4100
3403,4,179000,53400,64200,26800,4200
3404,4,175800,49300,62200,27100,4300
3405,4,181700,49600,67100,27400,4200
3406,4,205300,54400,64200,27600,4100
3407,4,172800,49600,62600,27000,4100
3408,4,171500,48900,62800,26900,4100
3409,4,180500,49300,68300,27400,3900
3410,4,187200,49400,66700,27700,4300
3411,4,214400,54200,62900,30600,3000
3412,4,178400,49400,62100,27400,4200
3413,4,179800,49200,66500,27200,3100
3414,4,185500,49500,66800,27900,4300
3415,4,187700,49100,66600,27500,4200
3416,4,187500,48200,62200,27400,4400
3417,4,190400,50400,66200,27600,4200
3418,4,243100,56600,65800,28400,4300
3419,4,256400,53700,62800,28400,57300
3420,4,252600,51600,67900,28400,62800
3421,4,205700,50500,67500,28300,20800
3422,4,188100,54000,62500,27200,3200
3423,4,187000,49800,67800,28700,4200
3424,4,182800,49700,66100,27200,4200
3425,4,190300,53700,62500,27600,4200
3426,4,211000,49700,62900,27800,4200
3427,4,190900,49700,66700,27900,4300
3428,4,226800,54600,62800,28000,3200
3429,4,206200,49500,67000,28100,4200
3430,4,213000,49800,66800,27700,4300
3431,4,176700,49000,62200,27700,4200
3432,4,179000,49700,66400,27500,4100
3433,4,177100,49200,66500,27200,4200
3434,4,180300,48500,62800,27400,3200
3435,4,181400,49700,63200,28800,4200
3436,4,194400,57300,67600,27900,4100
3437,4,187000,49600,62700,27500,4300
3438,4,219400,49800,66500,27800,4100
3439,4,192700,49800,62600,27800,4400
3440,4,183300,54000,62200,27400,3200
3441,4,212900,49600,66700,28100,4200
3442,4,203300,49500,67200,27800,4100
3443,4,171000,49000,62400,26700,4100
3444,4,188300,48900,78900,42400,4000
3445,4,176900,49400,62300,27300,4100
3446,4,182100,49100,66600,27600,4200
3447,4,177800,49200,62900,28400,4300
3448,4,186000,49500,67000,27500,4300
3449,4,196600,54200,65000,28000,4200
3450,4,198500,49600,66600,27600,4300
3451,4,193800,49600,62700,27900,4200
3452,4,191800,49400,62500,27600,4300
3453,4,187100,49600,62000,27900,4300
3454,4,210800,49500,66800,28100,4400
3455,4,186400,49600,62000,27600,4100
3456,4,216800,49300,66900,28000,4200
3457,4,188200,49200,62800,27500,4200
3458,4,217000,49600,62400,28000,4100
3459,4,241600,49600,71400,29200,4400
3460,4,241800,49800,67000,28100,4300
3461,4,215900,49900,66200,27500,4400
3462,4,181700,49300,66300,27100,4000
3463,4,171900,49000,62000,27200,4200
3464,4,175500,49000,62600,27300,4000
3465,4,176400,49300,62300,27300,4100
3466,4,200000,49100,66600,27700,4100
3467,4,176900,53900,62700,26900,4000
3468,4,174400,48800,66400,27200,4100
3469,4,171400,49300,62000,27200,3000
3470,4,178200,49300,62500,27100,4200
3471,4,213200,49400,67800,28900,4100
3472,4,178000,49300,62200,27400,4100
3473,4,174600,49300,62200,27200,4100
3474,4,210500,63700,65200,29300,4700
3475,4,210300,51800,67400,31900,11600
3476,4,227000,53900,71300,29700,5000
3477,4,205900,52100,61400,29400,5100
3478,4,261900,53600,68600,30000,5000
3479,4,229900,64900,63700,29800,4900
3480,4,261900,55400,70300,28800,58400
3481,4,254900,55900,63600,28500,61400
3482,4,197600,51500,63500,28600,20600
3483,4,177100,49300,59400,28500,4300
3484,4,180100,49300,67000,27400,3300
3485,4,190000,49700,67400,27700,4300
3486,4,216800,54300,63000,27700,4200
3487,4,186700,49300,67100,27400,4200
3488,4,181000,49500,66700,27200,4100
3489,4,184800,53700,62400,27700,4100
3490,4,272100,52500,64400,29900,5100
3491,4,230400,52300,71600,29800,5100
3492,4,211600,58700,69900,29900,5100
3493,4,187300,50900,68500,28100,4800
3494,4,198200,54600,63500,27600,4300
3495,4,186300,53900,63500,29100,4200
3496,4,181100,49100,62500,27400,4200
3497,4,187800,50300,63000,27400,4200
3498,4,213700,54500,62800,28000,4300
3499,4,191000,49800,62600,27300,4200
3500,4,184900,49400,68200,27500,4100
3501,4,205700,49400,62300,27600,4100
3502,4,203300,48900,66900,27500,4100
3503,4,175300,51200,62700,26900,4000
3504,4,173700,49200,62500,27000,4100
3505,4,177400,49400,62600,27300,4100
3506,4,183900,50600,67900,27400,4200
3507,4,188500,49900,68100,28800,4100
3508,4,198500,54300,62400,27800,4400
3509,4,193500,49700,67000,27700,4100
3510,4,194100,51200,63100,27700,4300
3511,4,192100,49700,62200,27500,4200
3512,4,201600,50500,67700,27900,4300
3513,4,224900,88700,58800,29100,4000
3514,4,216400,50500,68100,28100,4100
3515,4,210100,53300,63500,28400,3800
3516,4,230300,54200,71300,27800,3200
3517,4,251300,57700,64500,29400,4300
3518,4,218900,50100,67900,28100,4300
3519,4,197300,49600,67800,28900,4200
3520,4,184600,50700,67200,27300,4200
3521,4,220700,49600,64400,28000,4400
3522,4,206900,53800,66700,27900,4300
3523,4,181600,49300,67500,27300,4300
3524,4,183600,49700,66700,27300,4100
3525,4,183500,53800,63000,27400,3200
3526,4,204200,50000,64500,27800,4300
3527,4,178800,49500,67800,27300,4000
3528,4,186000,49400,67200,27400,4200
3529,4,181600,49200,66200,27300,4200
3530,4,182200,49400,62600,27600,4100
3531,4,224100,50100,73300,33300,4300
3532,4,210000,56300,68100,30700,4900
3533,4,201900,50900,66800,28100,4300
3534,4,185400,49800,66600,27600,4200
3535,4,185600,49700,62600,27400,4200
3536,4,191300,49300,67100,27500,4200
3537,4,194100,50600,66500,27600,4400
3538,4,239200,48200,62400,27700,4500
3539,4,207200,50500,66200,27900,4200
3540,4,194500,57700,62700,27600,4200
3541,4,248400,54500,67900,28500,60000
3542,4,253000,51400,67700,28500,64000
3543,4,207000,50600,66300,29700,20900
3544,4,186300,49400,62200,27400,4100
3545,4,228300,49500,62600,27900,4200
3546,4,248400,49600,62500,28200,4300
3547,4,182600,49400,62700,27600,4300
3548,4,181200,49200,66500,27200,4200
3549,4,183900,49700,66500,27400,4100
3550,4,207200,49500,66100,27500,4300
3551,4,215700,57800,82800,40500,4200
3552,4,257500,53500,66500,29700,4600
3553,4,221300,53500,69700,29700,4900
3554,4,186500,50400,64100,27800,4200
3555,4,208700,52800,71300,30600,4800
3556,4,191400,49800,67600,27900,4300
3557,4,190100,49700,66300,27600,3100
3558,4,208600,49400,62300,27600,4200
3559,4,195100,49400,66600,27500,4200
3560,4,184300,49700,66600,27500,4200
3561,4,210000,49300,66900,27700,4100
3562,4,200100,49500,63100,27500,4300
3563,4,172000,49000,64100,26900,4100
3564,4,176600,56200,62600,26900,3100
3565,4,170700,49700,62800,26900,4100
3566,4,178300,50600,67900,27400,4200
3567,4,192200,57700,73000,30300,4000
3568,4,180600,49900,62100,27700,4500
3569,4,186800,49700,62700,27600,4100
3570,4,196700,54400,62800,27800,4200
3571,4,194300,54000,62600,27300,4200
3572,4,187400,48900,63500,27800,4100
3573,4,192600,51900,68000,27700,4200
3574,4,247100,55900,85600,44700,6900
3575,4,195300,52000,64400,28200,4700
3576,4,251100,52800,67700,29800,4900
3577,4,220500,52400,73600,35900,4100
3578,4,241500,54200,69600,29600,5000
3579,4,202400,50200,68900,29200,4300
3580,4,178900,49800,62800,27400,4200
3581,4,184500,49800,67100,27600,4100
3582,4,179800,49700,63300,27400,4200
3583,4,223300,50900,67400,28200,4200
3584,4,202400,50000,63400,27700,4200
3585,4,183900,49400,67200,27400,4200
3586,4,201600,49400,63200,27700,4200
3587,4,175100,49200,64300,26700,4000
3588,4,177200,49200,66400,26800,4100
3589,4,185700,54400,62200,27000,4200
3590,4,190300,49700,63100,27400,4100
3591,4,214800,49500,60500,29200,4200
3592,4,198800,49700,67700,27800,3000
3593,4,183300,50300,62700,27600,4200
3594,4,179600,49500,62800,27400,4100
3595,4,181800,49700,66900,27100,3100
3596,4,186700,49600,66800,27500,4200
3597,4,188400,54000,63200,27400,4100
3598,4,233200,54300,63100,27800,4200
3599,4,195600,48600,67200,27400,4200
