save_name,run_index,core_index,cpu_frequency,timestamp
loop_2056_circuit_no_condition_2_1_6,0,0,5426,1
loop_2056_circuit_no_condition_2_1_6,0,1,5418,1
loop_2056_circuit_no_condition_2_1_6,0,2,5402,1
loop_2056_circuit_no_condition_2_1_6,0,3,5416,1
loop_2056_circuit_no_condition_2_1_6,0,4,5417,1
loop_2056_circuit_no_condition_2_1_6,0,5,5418,1
loop_2056_circuit_no_condition_2_1_6,0,6,5423,1
loop_2056_circuit_no_condition_2_1_6,0,7,5420,1
loop_2056_circuit_no_condition_2_1_6,0,8,5424,1
loop_2056_circuit_no_condition_2_1_6,0,9,624,1
loop_2056_circuit_no_condition_2_1_6,0,10,5406,1
loop_2056_circuit_no_condition_2_1_6,0,11,624,1
loop_2056_circuit_no_condition_2_1_6,0,12,5426,1
loop_2056_circuit_no_condition_2_1_6,0,13,5406,1
loop_2056_circuit_no_condition_2_1_6,0,14,5385,1
loop_2056_circuit_no_condition_2_1_6,0,15,5421,1
loop_2056_circuit_no_condition_2_1_6,0,0,5416,101
loop_2056_circuit_no_condition_2_1_6,0,1,5426,101
loop_2056_circuit_no_condition_2_1_6,0,2,5421,101
loop_2056_circuit_no_condition_2_1_6,0,3,5427,101
loop_2056_circuit_no_condition_2_1_6,0,4,5421,101
loop_2056_circuit_no_condition_2_1_6,0,5,5429,101
loop_2056_circuit_no_condition_2_1_6,0,6,5413,101
loop_2056_circuit_no_condition_2_1_6,0,7,5424,101
loop_2056_circuit_no_condition_2_1_6,0,8,5426,101
loop_2056_circuit_no_condition_2_1_6,0,9,5417,101
loop_2056_circuit_no_condition_2_1_6,0,10,624,101
loop_2056_circuit_no_condition_2_1_6,0,11,624,101
loop_2056_circuit_no_condition_2_1_6,0,12,5417,101
loop_2056_circuit_no_condition_2_1_6,0,13,5426,101
loop_2056_circuit_no_condition_2_1_6,0,14,5394,101
loop_2056_circuit_no_condition_2_1_6,0,15,5425,101
loop_2056_circuit_no_condition_2_1_6,0,0,5392,201
loop_2056_circuit_no_condition_2_1_6,0,1,5392,201
loop_2056_circuit_no_condition_2_1_6,0,2,5392,201
loop_2056_circuit_no_condition_2_1_6,0,3,5392,201
loop_2056_circuit_no_condition_2_1_6,0,4,5392,201
loop_2056_circuit_no_condition_2_1_6,0,5,5393,201
loop_2056_circuit_no_condition_2_1_6,0,6,5392,201
loop_2056_circuit_no_condition_2_1_6,0,7,5392,201
loop_2056_circuit_no_condition_2_1_6,0,8,5392,201
loop_2056_circuit_no_condition_2_1_6,0,9,5392,201
loop_2056_circuit_no_condition_2_1_6,0,10,5392,201
loop_2056_circuit_no_condition_2_1_6,0,11,5393,201
loop_2056_circuit_no_condition_2_1_6,0,12,5392,201
loop_2056_circuit_no_condition_2_1_6,0,13,5392,201
loop_2056_circuit_no_condition_2_1_6,0,14,5392,201
loop_2056_circuit_no_condition_2_1_6,0,15,5392,201
loop_2056_circuit_no_condition_2_1_6,0,0,5427,300
loop_2056_circuit_no_condition_2_1_6,0,1,5423,300
loop_2056_circuit_no_condition_2_1_6,0,2,5420,300
loop_2056_circuit_no_condition_2_1_6,0,3,5384,300
loop_2056_circuit_no_condition_2_1_6,0,4,4258,300
loop_2056_circuit_no_condition_2_1_6,0,5,624,300
loop_2056_circuit_no_condition_2_1_6,0,6,5422,300
loop_2056_circuit_no_condition_2_1_6,0,7,624,300
loop_2056_circuit_no_condition_2_1_6,0,8,624,300
loop_2056_circuit_no_condition_2_1_6,0,9,624,300
loop_2056_circuit_no_condition_2_1_6,0,10,5420,300
loop_2056_circuit_no_condition_2_1_6,0,11,624,300
loop_2056_circuit_no_condition_2_1_6,0,12,624,300
loop_2056_circuit_no_condition_2_1_6,0,13,5427,300
loop_2056_circuit_no_condition_2_1_6,0,14,624,300
loop_2056_circuit_no_condition_2_1_6,0,15,624,300
loop_2056_circuit_no_condition_2_1_6,0,0,5427,400
loop_2056_circuit_no_condition_2_1_6,0,1,624,400
loop_2056_circuit_no_condition_2_1_6,0,2,624,400
loop_2056_circuit_no_condition_2_1_6,0,3,3765,400
loop_2056_circuit_no_condition_2_1_6,0,4,4528,400
loop_2056_circuit_no_condition_2_1_6,0,5,624,400
loop_2056_circuit_no_condition_2_1_6,0,6,624,400
loop_2056_circuit_no_condition_2_1_6,0,7,624,400
loop_2056_circuit_no_condition_2_1_6,0,8,624,400
loop_2056_circuit_no_condition_2_1_6,0,9,624,400
loop_2056_circuit_no_condition_2_1_6,0,10,624,400
loop_2056_circuit_no_condition_2_1_6,0,11,624,400
loop_2056_circuit_no_condition_2_1_6,0,12,624,400
loop_2056_circuit_no_condition_2_1_6,0,13,5433,400
loop_2056_circuit_no_condition_2_1_6,0,14,624,400
loop_2056_circuit_no_condition_2_1_6,0,15,4689,400
loop_2056_circuit_no_condition_2_1_6,0,0,624,501
loop_2056_circuit_no_condition_2_1_6,0,1,624,501
loop_2056_circuit_no_condition_2_1_6,0,2,624,501
loop_2056_circuit_no_condition_2_1_6,0,3,624,501
loop_2056_circuit_no_condition_2_1_6,0,4,5427,501
loop_2056_circuit_no_condition_2_1_6,0,5,624,501
loop_2056_circuit_no_condition_2_1_6,0,6,3347,501
loop_2056_circuit_no_condition_2_1_6,0,7,4500,501
loop_2056_circuit_no_condition_2_1_6,0,8,624,501
loop_2056_circuit_no_condition_2_1_6,0,9,624,501
loop_2056_circuit_no_condition_2_1_6,0,10,624,501
loop_2056_circuit_no_condition_2_1_6,0,11,624,501
loop_2056_circuit_no_condition_2_1_6,0,12,624,501
loop_2056_circuit_no_condition_2_1_6,0,13,5437,501
loop_2056_circuit_no_condition_2_1_6,0,14,624,501
loop_2056_circuit_no_condition_2_1_6,0,15,624,501
loop_2056_circuit_no_condition_2_1_6,0,0,624,601
loop_2056_circuit_no_condition_2_1_6,0,1,5425,601
loop_2056_circuit_no_condition_2_1_6,0,2,624,601
loop_2056_circuit_no_condition_2_1_6,0,3,624,601
loop_2056_circuit_no_condition_2_1_6,0,4,624,601
loop_2056_circuit_no_condition_2_1_6,0,5,624,601
loop_2056_circuit_no_condition_2_1_6,0,6,4560,601
loop_2056_circuit_no_condition_2_1_6,0,7,4792,601
loop_2056_circuit_no_condition_2_1_6,0,8,624,601
loop_2056_circuit_no_condition_2_1_6,0,9,624,601
loop_2056_circuit_no_condition_2_1_6,0,10,624,601
loop_2056_circuit_no_condition_2_1_6,0,11,624,601
loop_2056_circuit_no_condition_2_1_6,0,12,624,601
loop_2056_circuit_no_condition_2_1_6,0,13,5426,601
loop_2056_circuit_no_condition_2_1_6,0,14,624,601
loop_2056_circuit_no_condition_2_1_6,0,15,624,601
loop_2056_circuit_no_condition_2_1_6,0,0,624,701
loop_2056_circuit_no_condition_2_1_6,0,1,4805,701
loop_2056_circuit_no_condition_2_1_6,0,2,624,701
loop_2056_circuit_no_condition_2_1_6,0,3,3858,701
loop_2056_circuit_no_condition_2_1_6,0,4,624,701
loop_2056_circuit_no_condition_2_1_6,0,5,624,701
loop_2056_circuit_no_condition_2_1_6,0,6,624,701
loop_2056_circuit_no_condition_2_1_6,0,7,624,701
loop_2056_circuit_no_condition_2_1_6,0,8,624,701
loop_2056_circuit_no_condition_2_1_6,0,9,624,701
loop_2056_circuit_no_condition_2_1_6,0,10,624,701
loop_2056_circuit_no_condition_2_1_6,0,11,624,701
loop_2056_circuit_no_condition_2_1_6,0,12,624,701
loop_2056_circuit_no_condition_2_1_6,0,13,5426,701
loop_2056_circuit_no_condition_2_1_6,0,14,624,701
loop_2056_circuit_no_condition_2_1_6,0,15,624,701
loop_2056_circuit_no_condition_2_1_6,0,0,624,801
loop_2056_circuit_no_condition_2_1_6,0,1,624,801
loop_2056_circuit_no_condition_2_1_6,0,2,624,801
loop_2056_circuit_no_condition_2_1_6,0,3,4532,801
loop_2056_circuit_no_condition_2_1_6,0,4,4035,801
loop_2056_circuit_no_condition_2_1_6,0,5,624,801
loop_2056_circuit_no_condition_2_1_6,0,6,624,801
loop_2056_circuit_no_condition_2_1_6,0,7,4649,801
loop_2056_circuit_no_condition_2_1_6,0,8,624,801
loop_2056_circuit_no_condition_2_1_6,0,9,624,801
loop_2056_circuit_no_condition_2_1_6,0,10,624,801
loop_2056_circuit_no_condition_2_1_6,0,11,624,801
loop_2056_circuit_no_condition_2_1_6,0,12,624,801
loop_2056_circuit_no_condition_2_1_6,0,13,5424,801
loop_2056_circuit_no_condition_2_1_6,0,14,624,801
loop_2056_circuit_no_condition_2_1_6,0,15,5083,801
loop_2056_circuit_no_condition_2_1_6,0,0,5005,900
loop_2056_circuit_no_condition_2_1_6,0,1,624,900
loop_2056_circuit_no_condition_2_1_6,0,2,624,900
loop_2056_circuit_no_condition_2_1_6,0,3,624,900
loop_2056_circuit_no_condition_2_1_6,0,4,3955,900
loop_2056_circuit_no_condition_2_1_6,0,5,624,900
loop_2056_circuit_no_condition_2_1_6,0,6,624,900
loop_2056_circuit_no_condition_2_1_6,0,7,624,900
loop_2056_circuit_no_condition_2_1_6,0,8,624,900
loop_2056_circuit_no_condition_2_1_6,0,9,624,900
loop_2056_circuit_no_condition_2_1_6,0,10,624,900
loop_2056_circuit_no_condition_2_1_6,0,11,624,900
loop_2056_circuit_no_condition_2_1_6,0,12,624,900
loop_2056_circuit_no_condition_2_1_6,0,13,5426,900
loop_2056_circuit_no_condition_2_1_6,0,14,624,900
loop_2056_circuit_no_condition_2_1_6,0,15,4694,900
loop_2056_circuit_no_condition_2_1_6,0,0,624,1000
loop_2056_circuit_no_condition_2_1_6,0,1,4325,1000
loop_2056_circuit_no_condition_2_1_6,0,2,624,1000
loop_2056_circuit_no_condition_2_1_6,0,3,624,1000
loop_2056_circuit_no_condition_2_1_6,0,4,624,1000
loop_2056_circuit_no_condition_2_1_6,0,5,624,1000
loop_2056_circuit_no_condition_2_1_6,0,6,4927,1000
loop_2056_circuit_no_condition_2_1_6,0,7,624,1000
loop_2056_circuit_no_condition_2_1_6,0,8,5414,1000
loop_2056_circuit_no_condition_2_1_6,0,9,624,1000
loop_2056_circuit_no_condition_2_1_6,0,10,624,1000
loop_2056_circuit_no_condition_2_1_6,0,11,624,1000
loop_2056_circuit_no_condition_2_1_6,0,12,624,1000
loop_2056_circuit_no_condition_2_1_6,0,13,5428,1000
loop_2056_circuit_no_condition_2_1_6,0,14,624,1000
loop_2056_circuit_no_condition_2_1_6,0,15,624,1000
loop_2056_circuit_no_condition_2_1_6,0,0,624,1101
loop_2056_circuit_no_condition_2_1_6,0,1,5071,1101
loop_2056_circuit_no_condition_2_1_6,0,2,624,1101
loop_2056_circuit_no_condition_2_1_6,0,3,3869,1101
loop_2056_circuit_no_condition_2_1_6,0,4,624,1101
loop_2056_circuit_no_condition_2_1_6,0,5,624,1101
loop_2056_circuit_no_condition_2_1_6,0,6,624,1101
loop_2056_circuit_no_condition_2_1_6,0,7,624,1101
loop_2056_circuit_no_condition_2_1_6,0,8,624,1101
loop_2056_circuit_no_condition_2_1_6,0,9,624,1101
loop_2056_circuit_no_condition_2_1_6,0,10,624,1101
loop_2056_circuit_no_condition_2_1_6,0,11,624,1101
loop_2056_circuit_no_condition_2_1_6,0,12,624,1101
loop_2056_circuit_no_condition_2_1_6,0,13,5426,1101
loop_2056_circuit_no_condition_2_1_6,0,14,624,1101
loop_2056_circuit_no_condition_2_1_6,0,15,624,1101
loop_2056_circuit_no_condition_2_1_6,0,0,4495,1201
loop_2056_circuit_no_condition_2_1_6,0,1,624,1201
loop_2056_circuit_no_condition_2_1_6,0,2,624,1201
loop_2056_circuit_no_condition_2_1_6,0,3,5100,1201
loop_2056_circuit_no_condition_2_1_6,0,4,4305,1201
loop_2056_circuit_no_condition_2_1_6,0,5,624,1201
loop_2056_circuit_no_condition_2_1_6,0,6,624,1201
loop_2056_circuit_no_condition_2_1_6,0,7,624,1201
loop_2056_circuit_no_condition_2_1_6,0,8,624,1201
loop_2056_circuit_no_condition_2_1_6,0,9,624,1201
loop_2056_circuit_no_condition_2_1_6,0,10,624,1201
loop_2056_circuit_no_condition_2_1_6,0,11,624,1201
loop_2056_circuit_no_condition_2_1_6,0,12,624,1201
loop_2056_circuit_no_condition_2_1_6,0,13,5426,1201
loop_2056_circuit_no_condition_2_1_6,0,14,624,1201
loop_2056_circuit_no_condition_2_1_6,0,15,4593,1201
loop_2056_circuit_no_condition_2_1_6,0,0,624,1301
loop_2056_circuit_no_condition_2_1_6,0,1,4404,1301
loop_2056_circuit_no_condition_2_1_6,0,2,624,1301
loop_2056_circuit_no_condition_2_1_6,0,3,624,1301
loop_2056_circuit_no_condition_2_1_6,0,4,4507,1301
loop_2056_circuit_no_condition_2_1_6,0,5,624,1301
loop_2056_circuit_no_condition_2_1_6,0,6,4696,1301
loop_2056_circuit_no_condition_2_1_6,0,7,4564,1301
loop_2056_circuit_no_condition_2_1_6,0,8,624,1301
loop_2056_circuit_no_condition_2_1_6,0,9,624,1301
loop_2056_circuit_no_condition_2_1_6,0,10,624,1301
loop_2056_circuit_no_condition_2_1_6,0,11,624,1301
loop_2056_circuit_no_condition_2_1_6,0,12,624,1301
loop_2056_circuit_no_condition_2_1_6,0,13,5427,1301
loop_2056_circuit_no_condition_2_1_6,0,14,624,1301
loop_2056_circuit_no_condition_2_1_6,0,15,624,1301
loop_2056_circuit_no_condition_2_1_6,0,0,624,1400
loop_2056_circuit_no_condition_2_1_6,0,1,4653,1400
loop_2056_circuit_no_condition_2_1_6,0,2,624,1400
loop_2056_circuit_no_condition_2_1_6,0,3,4402,1400
loop_2056_circuit_no_condition_2_1_6,0,4,624,1400
loop_2056_circuit_no_condition_2_1_6,0,5,624,1400
loop_2056_circuit_no_condition_2_1_6,0,6,624,1400
loop_2056_circuit_no_condition_2_1_6,0,7,624,1400
loop_2056_circuit_no_condition_2_1_6,0,8,624,1400
loop_2056_circuit_no_condition_2_1_6,0,9,624,1400
loop_2056_circuit_no_condition_2_1_6,0,10,624,1400
loop_2056_circuit_no_condition_2_1_6,0,11,624,1400
loop_2056_circuit_no_condition_2_1_6,0,12,624,1400
loop_2056_circuit_no_condition_2_1_6,0,13,5424,1400
loop_2056_circuit_no_condition_2_1_6,0,14,624,1400
loop_2056_circuit_no_condition_2_1_6,0,15,624,1400
loop_2056_circuit_no_condition_2_1_6,0,0,624,1500
loop_2056_circuit_no_condition_2_1_6,0,1,624,1500
loop_2056_circuit_no_condition_2_1_6,0,2,624,1500
loop_2056_circuit_no_condition_2_1_6,0,3,4652,1500
loop_2056_circuit_no_condition_2_1_6,0,4,5417,1500
loop_2056_circuit_no_condition_2_1_6,0,5,624,1500
loop_2056_circuit_no_condition_2_1_6,0,6,624,1500
loop_2056_circuit_no_condition_2_1_6,0,7,624,1500
loop_2056_circuit_no_condition_2_1_6,0,8,624,1500
loop_2056_circuit_no_condition_2_1_6,0,9,624,1500
loop_2056_circuit_no_condition_2_1_6,0,10,624,1500
loop_2056_circuit_no_condition_2_1_6,0,11,624,1500
loop_2056_circuit_no_condition_2_1_6,0,12,624,1500
loop_2056_circuit_no_condition_2_1_6,0,13,5424,1500
loop_2056_circuit_no_condition_2_1_6,0,14,624,1500
loop_2056_circuit_no_condition_2_1_6,0,15,624,1500
loop_2056_circuit_no_condition_2_1_6,0,0,624,1601
loop_2056_circuit_no_condition_2_1_6,0,1,3384,1601
loop_2056_circuit_no_condition_2_1_6,0,2,624,1601
loop_2056_circuit_no_condition_2_1_6,0,3,624,1601
loop_2056_circuit_no_condition_2_1_6,0,4,624,1601
loop_2056_circuit_no_condition_2_1_6,0,5,624,1601
loop_2056_circuit_no_condition_2_1_6,0,6,4642,1601
loop_2056_circuit_no_condition_2_1_6,0,7,624,1601
loop_2056_circuit_no_condition_2_1_6,0,8,624,1601
loop_2056_circuit_no_condition_2_1_6,0,9,624,1601
loop_2056_circuit_no_condition_2_1_6,0,10,624,1601
loop_2056_circuit_no_condition_2_1_6,0,11,624,1601
loop_2056_circuit_no_condition_2_1_6,0,12,624,1601
loop_2056_circuit_no_condition_2_1_6,0,13,5426,1601
loop_2056_circuit_no_condition_2_1_6,0,14,624,1601
loop_2056_circuit_no_condition_2_1_6,0,15,624,1601
loop_2056_circuit_no_condition_2_1_6,0,0,624,1701
loop_2056_circuit_no_condition_2_1_6,0,1,4639,1701
loop_2056_circuit_no_condition_2_1_6,0,2,624,1701
loop_2056_circuit_no_condition_2_1_6,0,3,3965,1701
loop_2056_circuit_no_condition_2_1_6,0,4,4599,1701
loop_2056_circuit_no_condition_2_1_6,0,5,624,1701
loop_2056_circuit_no_condition_2_1_6,0,6,4251,1701
loop_2056_circuit_no_condition_2_1_6,0,7,624,1701
loop_2056_circuit_no_condition_2_1_6,0,8,624,1701
loop_2056_circuit_no_condition_2_1_6,0,9,624,1701
loop_2056_circuit_no_condition_2_1_6,0,10,624,1701
loop_2056_circuit_no_condition_2_1_6,0,11,624,1701
loop_2056_circuit_no_condition_2_1_6,0,12,624,1701
loop_2056_circuit_no_condition_2_1_6,0,13,5425,1701
loop_2056_circuit_no_condition_2_1_6,0,14,624,1701
loop_2056_circuit_no_condition_2_1_6,0,15,624,1701
loop_2056_circuit_no_condition_2_1_6,0,0,624,1801
loop_2056_circuit_no_condition_2_1_6,0,1,624,1801
loop_2056_circuit_no_condition_2_1_6,0,2,624,1801
loop_2056_circuit_no_condition_2_1_6,0,3,4639,1801
loop_2056_circuit_no_condition_2_1_6,0,4,5398,1801
loop_2056_circuit_no_condition_2_1_6,0,5,624,1801
loop_2056_circuit_no_condition_2_1_6,0,6,624,1801
loop_2056_circuit_no_condition_2_1_6,0,7,4625,1801
loop_2056_circuit_no_condition_2_1_6,0,8,624,1801
loop_2056_circuit_no_condition_2_1_6,0,9,624,1801
loop_2056_circuit_no_condition_2_1_6,0,10,624,1801
loop_2056_circuit_no_condition_2_1_6,0,11,624,1801
loop_2056_circuit_no_condition_2_1_6,0,12,624,1801
loop_2056_circuit_no_condition_2_1_6,0,13,5428,1801
loop_2056_circuit_no_condition_2_1_6,0,14,624,1801
loop_2056_circuit_no_condition_2_1_6,0,15,624,1801
loop_2056_circuit_no_condition_2_1_6,0,0,5429,1900
loop_2056_circuit_no_condition_2_1_6,0,1,5352,1900
loop_2056_circuit_no_condition_2_1_6,0,2,5390,1900
loop_2056_circuit_no_condition_2_1_6,0,3,5405,1900
loop_2056_circuit_no_condition_2_1_6,0,4,5423,1900
loop_2056_circuit_no_condition_2_1_6,0,5,5388,1900
loop_2056_circuit_no_condition_2_1_6,0,6,5427,1900
loop_2056_circuit_no_condition_2_1_6,0,7,5420,1900
loop_2056_circuit_no_condition_2_1_6,0,8,5426,1900
loop_2056_circuit_no_condition_2_1_6,0,9,624,1900
loop_2056_circuit_no_condition_2_1_6,0,10,5346,1900
loop_2056_circuit_no_condition_2_1_6,0,11,624,1900
loop_2056_circuit_no_condition_2_1_6,0,12,5346,1900
loop_2056_circuit_no_condition_2_1_6,0,13,5424,1900
loop_2056_circuit_no_condition_2_1_6,0,14,5367,1900
loop_2056_circuit_no_condition_2_1_6,0,15,5425,1900
loop_2056_circuit_no_condition_2_1_6,1,0,5422,1
loop_2056_circuit_no_condition_2_1_6,1,1,5375,1
loop_2056_circuit_no_condition_2_1_6,1,2,5425,1
loop_2056_circuit_no_condition_2_1_6,1,3,5413,1
loop_2056_circuit_no_condition_2_1_6,1,4,5424,1
loop_2056_circuit_no_condition_2_1_6,1,5,5425,1
loop_2056_circuit_no_condition_2_1_6,1,6,5426,1
loop_2056_circuit_no_condition_2_1_6,1,7,5422,1
loop_2056_circuit_no_condition_2_1_6,1,8,5414,1
loop_2056_circuit_no_condition_2_1_6,1,9,624,1
loop_2056_circuit_no_condition_2_1_6,1,10,5363,1
loop_2056_circuit_no_condition_2_1_6,1,11,5323,1
loop_2056_circuit_no_condition_2_1_6,1,12,624,1
loop_2056_circuit_no_condition_2_1_6,1,13,5397,1
loop_2056_circuit_no_condition_2_1_6,1,14,5417,1
loop_2056_circuit_no_condition_2_1_6,1,15,5423,1
loop_2056_circuit_no_condition_2_1_6,1,0,5426,101
loop_2056_circuit_no_condition_2_1_6,1,1,5429,101
loop_2056_circuit_no_condition_2_1_6,1,2,5400,101
loop_2056_circuit_no_condition_2_1_6,1,3,5412,101
loop_2056_circuit_no_condition_2_1_6,1,4,5428,101
loop_2056_circuit_no_condition_2_1_6,1,5,5436,101
loop_2056_circuit_no_condition_2_1_6,1,6,5429,101
loop_2056_circuit_no_condition_2_1_6,1,7,5323,101
loop_2056_circuit_no_condition_2_1_6,1,8,5429,101
loop_2056_circuit_no_condition_2_1_6,1,9,5344,101
loop_2056_circuit_no_condition_2_1_6,1,10,5429,101
loop_2056_circuit_no_condition_2_1_6,1,11,5426,101
loop_2056_circuit_no_condition_2_1_6,1,12,5427,101
loop_2056_circuit_no_condition_2_1_6,1,13,5430,101
loop_2056_circuit_no_condition_2_1_6,1,14,5418,101
loop_2056_circuit_no_condition_2_1_6,1,15,5425,101
loop_2056_circuit_no_condition_2_1_6,1,0,5419,201
loop_2056_circuit_no_condition_2_1_6,1,1,5379,201
loop_2056_circuit_no_condition_2_1_6,1,2,5401,201
loop_2056_circuit_no_condition_2_1_6,1,3,4119,201
loop_2056_circuit_no_condition_2_1_6,1,4,5367,201
loop_2056_circuit_no_condition_2_1_6,1,5,5426,201
loop_2056_circuit_no_condition_2_1_6,1,6,5417,201
loop_2056_circuit_no_condition_2_1_6,1,7,5367,201
loop_2056_circuit_no_condition_2_1_6,1,8,5337,201
loop_2056_circuit_no_condition_2_1_6,1,9,5419,201
loop_2056_circuit_no_condition_2_1_6,1,10,5417,201
loop_2056_circuit_no_condition_2_1_6,1,11,624,201
loop_2056_circuit_no_condition_2_1_6,1,12,5407,201
loop_2056_circuit_no_condition_2_1_6,1,13,624,201
loop_2056_circuit_no_condition_2_1_6,1,14,5392,201
loop_2056_circuit_no_condition_2_1_6,1,15,5410,201
loop_2056_circuit_no_condition_2_1_6,1,0,5421,301
loop_2056_circuit_no_condition_2_1_6,1,1,4264,301
loop_2056_circuit_no_condition_2_1_6,1,2,624,301
loop_2056_circuit_no_condition_2_1_6,1,3,5360,301
loop_2056_circuit_no_condition_2_1_6,1,4,3947,301
loop_2056_circuit_no_condition_2_1_6,1,5,624,301
loop_2056_circuit_no_condition_2_1_6,1,6,5407,301
loop_2056_circuit_no_condition_2_1_6,1,7,5424,301
loop_2056_circuit_no_condition_2_1_6,1,8,624,301
loop_2056_circuit_no_condition_2_1_6,1,9,624,301
loop_2056_circuit_no_condition_2_1_6,1,10,3634,301
loop_2056_circuit_no_condition_2_1_6,1,11,5432,301
loop_2056_circuit_no_condition_2_1_6,1,12,624,301
loop_2056_circuit_no_condition_2_1_6,1,13,5436,301
loop_2056_circuit_no_condition_2_1_6,1,14,5343,301
loop_2056_circuit_no_condition_2_1_6,1,15,4825,301
loop_2056_circuit_no_condition_2_1_6,1,0,624,401
loop_2056_circuit_no_condition_2_1_6,1,1,624,401
loop_2056_circuit_no_condition_2_1_6,1,2,624,401
loop_2056_circuit_no_condition_2_1_6,1,3,624,401
loop_2056_circuit_no_condition_2_1_6,1,4,3964,401
loop_2056_circuit_no_condition_2_1_6,1,5,624,401
loop_2056_circuit_no_condition_2_1_6,1,6,624,401
loop_2056_circuit_no_condition_2_1_6,1,7,624,401
loop_2056_circuit_no_condition_2_1_6,1,8,624,401
loop_2056_circuit_no_condition_2_1_6,1,9,624,401
loop_2056_circuit_no_condition_2_1_6,1,10,624,401
loop_2056_circuit_no_condition_2_1_6,1,11,624,401
loop_2056_circuit_no_condition_2_1_6,1,12,624,401
loop_2056_circuit_no_condition_2_1_6,1,13,5427,401
loop_2056_circuit_no_condition_2_1_6,1,14,624,401
loop_2056_circuit_no_condition_2_1_6,1,15,624,401
loop_2056_circuit_no_condition_2_1_6,1,0,5045,501
loop_2056_circuit_no_condition_2_1_6,1,1,4478,501
loop_2056_circuit_no_condition_2_1_6,1,2,624,501
loop_2056_circuit_no_condition_2_1_6,1,3,624,501
loop_2056_circuit_no_condition_2_1_6,1,4,5420,501
loop_2056_circuit_no_condition_2_1_6,1,5,5431,501
loop_2056_circuit_no_condition_2_1_6,1,6,5429,501
loop_2056_circuit_no_condition_2_1_6,1,7,624,501
loop_2056_circuit_no_condition_2_1_6,1,8,624,501
loop_2056_circuit_no_condition_2_1_6,1,9,624,501
loop_2056_circuit_no_condition_2_1_6,1,10,624,501
loop_2056_circuit_no_condition_2_1_6,1,11,624,501
loop_2056_circuit_no_condition_2_1_6,1,12,624,501
loop_2056_circuit_no_condition_2_1_6,1,13,624,501
loop_2056_circuit_no_condition_2_1_6,1,14,624,501
loop_2056_circuit_no_condition_2_1_6,1,15,624,501
loop_2056_circuit_no_condition_2_1_6,1,0,624,601
loop_2056_circuit_no_condition_2_1_6,1,1,624,601
loop_2056_circuit_no_condition_2_1_6,1,2,624,601
loop_2056_circuit_no_condition_2_1_6,1,3,624,601
loop_2056_circuit_no_condition_2_1_6,1,4,624,601
loop_2056_circuit_no_condition_2_1_6,1,5,624,601
loop_2056_circuit_no_condition_2_1_6,1,6,624,601
loop_2056_circuit_no_condition_2_1_6,1,7,624,601
loop_2056_circuit_no_condition_2_1_6,1,8,624,601
loop_2056_circuit_no_condition_2_1_6,1,9,624,601
loop_2056_circuit_no_condition_2_1_6,1,10,624,601
loop_2056_circuit_no_condition_2_1_6,1,11,624,601
loop_2056_circuit_no_condition_2_1_6,1,12,624,601
loop_2056_circuit_no_condition_2_1_6,1,13,5431,601
loop_2056_circuit_no_condition_2_1_6,1,14,624,601
loop_2056_circuit_no_condition_2_1_6,1,15,624,601
loop_2056_circuit_no_condition_2_1_6,1,0,624,701
loop_2056_circuit_no_condition_2_1_6,1,1,624,701
loop_2056_circuit_no_condition_2_1_6,1,2,624,701
loop_2056_circuit_no_condition_2_1_6,1,3,624,701
loop_2056_circuit_no_condition_2_1_6,1,4,5443,701
loop_2056_circuit_no_condition_2_1_6,1,5,624,701
loop_2056_circuit_no_condition_2_1_6,1,6,624,701
loop_2056_circuit_no_condition_2_1_6,1,7,624,701
loop_2056_circuit_no_condition_2_1_6,1,8,624,701
loop_2056_circuit_no_condition_2_1_6,1,9,624,701
loop_2056_circuit_no_condition_2_1_6,1,10,624,701
loop_2056_circuit_no_condition_2_1_6,1,11,624,701
loop_2056_circuit_no_condition_2_1_6,1,12,624,701
loop_2056_circuit_no_condition_2_1_6,1,13,5426,701
loop_2056_circuit_no_condition_2_1_6,1,14,624,701
loop_2056_circuit_no_condition_2_1_6,1,15,624,701
loop_2056_circuit_no_condition_2_1_6,1,0,624,801
loop_2056_circuit_no_condition_2_1_6,1,1,624,801
loop_2056_circuit_no_condition_2_1_6,1,2,624,801
loop_2056_circuit_no_condition_2_1_6,1,3,624,801
loop_2056_circuit_no_condition_2_1_6,1,4,5414,801
loop_2056_circuit_no_condition_2_1_6,1,5,624,801
loop_2056_circuit_no_condition_2_1_6,1,6,624,801
loop_2056_circuit_no_condition_2_1_6,1,7,624,801
loop_2056_circuit_no_condition_2_1_6,1,8,624,801
loop_2056_circuit_no_condition_2_1_6,1,9,624,801
loop_2056_circuit_no_condition_2_1_6,1,10,624,801
loop_2056_circuit_no_condition_2_1_6,1,11,624,801
loop_2056_circuit_no_condition_2_1_6,1,12,624,801
loop_2056_circuit_no_condition_2_1_6,1,13,5426,801
loop_2056_circuit_no_condition_2_1_6,1,14,624,801
loop_2056_circuit_no_condition_2_1_6,1,15,624,801
loop_2056_circuit_no_condition_2_1_6,1,0,624,901
loop_2056_circuit_no_condition_2_1_6,1,1,4408,901
loop_2056_circuit_no_condition_2_1_6,1,2,624,901
loop_2056_circuit_no_condition_2_1_6,1,3,624,901
loop_2056_circuit_no_condition_2_1_6,1,4,5427,901
loop_2056_circuit_no_condition_2_1_6,1,5,624,901
loop_2056_circuit_no_condition_2_1_6,1,6,624,901
loop_2056_circuit_no_condition_2_1_6,1,7,624,901
loop_2056_circuit_no_condition_2_1_6,1,8,624,901
loop_2056_circuit_no_condition_2_1_6,1,9,624,901
loop_2056_circuit_no_condition_2_1_6,1,10,624,901
loop_2056_circuit_no_condition_2_1_6,1,11,624,901
loop_2056_circuit_no_condition_2_1_6,1,12,624,901
loop_2056_circuit_no_condition_2_1_6,1,13,5426,901
loop_2056_circuit_no_condition_2_1_6,1,14,624,901
loop_2056_circuit_no_condition_2_1_6,1,15,624,901
loop_2056_circuit_no_condition_2_1_6,1,0,624,1001
loop_2056_circuit_no_condition_2_1_6,1,1,624,1001
loop_2056_circuit_no_condition_2_1_6,1,2,624,1001
loop_2056_circuit_no_condition_2_1_6,1,3,624,1001
loop_2056_circuit_no_condition_2_1_6,1,4,5420,1001
loop_2056_circuit_no_condition_2_1_6,1,5,624,1001
loop_2056_circuit_no_condition_2_1_6,1,6,624,1001
loop_2056_circuit_no_condition_2_1_6,1,7,624,1001
loop_2056_circuit_no_condition_2_1_6,1,8,624,1001
loop_2056_circuit_no_condition_2_1_6,1,9,624,1001
loop_2056_circuit_no_condition_2_1_6,1,10,624,1001
loop_2056_circuit_no_condition_2_1_6,1,11,624,1001
loop_2056_circuit_no_condition_2_1_6,1,12,624,1001
loop_2056_circuit_no_condition_2_1_6,1,13,5426,1001
loop_2056_circuit_no_condition_2_1_6,1,14,624,1001
loop_2056_circuit_no_condition_2_1_6,1,15,624,1001
loop_2056_circuit_no_condition_2_1_6,1,0,624,1101
loop_2056_circuit_no_condition_2_1_6,1,1,624,1101
loop_2056_circuit_no_condition_2_1_6,1,2,624,1101
loop_2056_circuit_no_condition_2_1_6,1,3,624,1101
loop_2056_circuit_no_condition_2_1_6,1,4,5449,1101
loop_2056_circuit_no_condition_2_1_6,1,5,624,1101
loop_2056_circuit_no_condition_2_1_6,1,6,5422,1101
loop_2056_circuit_no_condition_2_1_6,1,7,624,1101
loop_2056_circuit_no_condition_2_1_6,1,8,624,1101
loop_2056_circuit_no_condition_2_1_6,1,9,624,1101
loop_2056_circuit_no_condition_2_1_6,1,10,624,1101
loop_2056_circuit_no_condition_2_1_6,1,11,624,1101
loop_2056_circuit_no_condition_2_1_6,1,12,624,1101
loop_2056_circuit_no_condition_2_1_6,1,13,5427,1101
loop_2056_circuit_no_condition_2_1_6,1,14,624,1101
loop_2056_circuit_no_condition_2_1_6,1,15,624,1101
loop_2056_circuit_no_condition_2_1_6,1,0,624,1202
loop_2056_circuit_no_condition_2_1_6,1,1,624,1202
loop_2056_circuit_no_condition_2_1_6,1,2,624,1202
loop_2056_circuit_no_condition_2_1_6,1,3,624,1202
loop_2056_circuit_no_condition_2_1_6,1,4,5420,1202
loop_2056_circuit_no_condition_2_1_6,1,5,624,1202
loop_2056_circuit_no_condition_2_1_6,1,6,624,1202
loop_2056_circuit_no_condition_2_1_6,1,7,624,1202
loop_2056_circuit_no_condition_2_1_6,1,8,624,1202
loop_2056_circuit_no_condition_2_1_6,1,9,624,1202
loop_2056_circuit_no_condition_2_1_6,1,10,624,1202
loop_2056_circuit_no_condition_2_1_6,1,11,624,1202
loop_2056_circuit_no_condition_2_1_6,1,12,624,1202
loop_2056_circuit_no_condition_2_1_6,1,13,5426,1202
loop_2056_circuit_no_condition_2_1_6,1,14,624,1202
loop_2056_circuit_no_condition_2_1_6,1,15,624,1202
loop_2056_circuit_no_condition_2_1_6,1,0,624,1301
loop_2056_circuit_no_condition_2_1_6,1,1,624,1301
loop_2056_circuit_no_condition_2_1_6,1,2,624,1301
loop_2056_circuit_no_condition_2_1_6,1,3,624,1301
loop_2056_circuit_no_condition_2_1_6,1,4,624,1301
loop_2056_circuit_no_condition_2_1_6,1,5,624,1301
loop_2056_circuit_no_condition_2_1_6,1,6,624,1301
loop_2056_circuit_no_condition_2_1_6,1,7,624,1301
loop_2056_circuit_no_condition_2_1_6,1,8,624,1301
loop_2056_circuit_no_condition_2_1_6,1,9,624,1301
loop_2056_circuit_no_condition_2_1_6,1,10,624,1301
loop_2056_circuit_no_condition_2_1_6,1,11,624,1301
loop_2056_circuit_no_condition_2_1_6,1,12,624,1301
loop_2056_circuit_no_condition_2_1_6,1,13,5428,1301
loop_2056_circuit_no_condition_2_1_6,1,14,624,1301
loop_2056_circuit_no_condition_2_1_6,1,15,624,1301
loop_2056_circuit_no_condition_2_1_6,1,0,624,1401
loop_2056_circuit_no_condition_2_1_6,1,1,624,1401
loop_2056_circuit_no_condition_2_1_6,1,2,624,1401
loop_2056_circuit_no_condition_2_1_6,1,3,624,1401
loop_2056_circuit_no_condition_2_1_6,1,4,624,1401
loop_2056_circuit_no_condition_2_1_6,1,5,624,1401
loop_2056_circuit_no_condition_2_1_6,1,6,624,1401
loop_2056_circuit_no_condition_2_1_6,1,7,624,1401
loop_2056_circuit_no_condition_2_1_6,1,8,624,1401
loop_2056_circuit_no_condition_2_1_6,1,9,624,1401
loop_2056_circuit_no_condition_2_1_6,1,10,624,1401
loop_2056_circuit_no_condition_2_1_6,1,11,624,1401
loop_2056_circuit_no_condition_2_1_6,1,12,624,1401
loop_2056_circuit_no_condition_2_1_6,1,13,5425,1401
loop_2056_circuit_no_condition_2_1_6,1,14,624,1401
loop_2056_circuit_no_condition_2_1_6,1,15,624,1401
loop_2056_circuit_no_condition_2_1_6,1,0,624,1501
loop_2056_circuit_no_condition_2_1_6,1,1,624,1501
loop_2056_circuit_no_condition_2_1_6,1,2,624,1501
loop_2056_circuit_no_condition_2_1_6,1,3,624,1501
loop_2056_circuit_no_condition_2_1_6,1,4,624,1501
loop_2056_circuit_no_condition_2_1_6,1,5,624,1501
loop_2056_circuit_no_condition_2_1_6,1,6,624,1501
loop_2056_circuit_no_condition_2_1_6,1,7,624,1501
loop_2056_circuit_no_condition_2_1_6,1,8,624,1501
loop_2056_circuit_no_condition_2_1_6,1,9,624,1501
loop_2056_circuit_no_condition_2_1_6,1,10,624,1501
loop_2056_circuit_no_condition_2_1_6,1,11,624,1501
loop_2056_circuit_no_condition_2_1_6,1,12,624,1501
loop_2056_circuit_no_condition_2_1_6,1,13,5428,1501
loop_2056_circuit_no_condition_2_1_6,1,14,624,1501
loop_2056_circuit_no_condition_2_1_6,1,15,624,1501
loop_2056_circuit_no_condition_2_1_6,1,0,3480,1601
loop_2056_circuit_no_condition_2_1_6,1,1,624,1601
loop_2056_circuit_no_condition_2_1_6,1,2,5437,1601
loop_2056_circuit_no_condition_2_1_6,1,3,4819,1601
loop_2056_circuit_no_condition_2_1_6,1,4,5411,1601
loop_2056_circuit_no_condition_2_1_6,1,5,5421,1601
loop_2056_circuit_no_condition_2_1_6,1,6,5425,1601
loop_2056_circuit_no_condition_2_1_6,1,7,624,1601
loop_2056_circuit_no_condition_2_1_6,1,8,5426,1601
loop_2056_circuit_no_condition_2_1_6,1,9,624,1601
loop_2056_circuit_no_condition_2_1_6,1,10,5402,1601
loop_2056_circuit_no_condition_2_1_6,1,11,624,1601
loop_2056_circuit_no_condition_2_1_6,1,12,624,1601
loop_2056_circuit_no_condition_2_1_6,1,13,5426,1601
loop_2056_circuit_no_condition_2_1_6,1,14,624,1601
loop_2056_circuit_no_condition_2_1_6,1,15,624,1601
loop_2056_circuit_no_condition_2_1_6,1,0,624,1702
loop_2056_circuit_no_condition_2_1_6,1,1,624,1702
loop_2056_circuit_no_condition_2_1_6,1,2,624,1702
loop_2056_circuit_no_condition_2_1_6,1,3,624,1702
loop_2056_circuit_no_condition_2_1_6,1,4,624,1702
loop_2056_circuit_no_condition_2_1_6,1,5,624,1702
loop_2056_circuit_no_condition_2_1_6,1,6,624,1702
loop_2056_circuit_no_condition_2_1_6,1,7,624,1702
loop_2056_circuit_no_condition_2_1_6,1,8,624,1702
loop_2056_circuit_no_condition_2_1_6,1,9,624,1702
loop_2056_circuit_no_condition_2_1_6,1,10,624,1702
loop_2056_circuit_no_condition_2_1_6,1,11,624,1702
loop_2056_circuit_no_condition_2_1_6,1,12,624,1702
loop_2056_circuit_no_condition_2_1_6,1,13,5427,1702
loop_2056_circuit_no_condition_2_1_6,1,14,624,1702
loop_2056_circuit_no_condition_2_1_6,1,15,624,1702
loop_2056_circuit_no_condition_2_1_6,1,0,624,1801
loop_2056_circuit_no_condition_2_1_6,1,1,624,1801
loop_2056_circuit_no_condition_2_1_6,1,2,624,1801
loop_2056_circuit_no_condition_2_1_6,1,3,624,1801
loop_2056_circuit_no_condition_2_1_6,1,4,624,1801
loop_2056_circuit_no_condition_2_1_6,1,5,624,1801
loop_2056_circuit_no_condition_2_1_6,1,6,624,1801
loop_2056_circuit_no_condition_2_1_6,1,7,624,1801
loop_2056_circuit_no_condition_2_1_6,1,8,624,1801
loop_2056_circuit_no_condition_2_1_6,1,9,624,1801
loop_2056_circuit_no_condition_2_1_6,1,10,624,1801
loop_2056_circuit_no_condition_2_1_6,1,11,624,1801
loop_2056_circuit_no_condition_2_1_6,1,12,624,1801
loop_2056_circuit_no_condition_2_1_6,1,13,5427,1801
loop_2056_circuit_no_condition_2_1_6,1,14,624,1801
loop_2056_circuit_no_condition_2_1_6,1,15,624,1801
loop_2056_circuit_no_condition_2_1_6,1,0,5423,1901
loop_2056_circuit_no_condition_2_1_6,1,1,5421,1901
loop_2056_circuit_no_condition_2_1_6,1,2,5422,1901
loop_2056_circuit_no_condition_2_1_6,1,3,5426,1901
loop_2056_circuit_no_condition_2_1_6,1,4,5427,1901
loop_2056_circuit_no_condition_2_1_6,1,5,5403,1901
loop_2056_circuit_no_condition_2_1_6,1,6,624,1901
loop_2056_circuit_no_condition_2_1_6,1,7,624,1901
loop_2056_circuit_no_condition_2_1_6,1,8,5428,1901
loop_2056_circuit_no_condition_2_1_6,1,9,5416,1901
loop_2056_circuit_no_condition_2_1_6,1,10,5420,1901
loop_2056_circuit_no_condition_2_1_6,1,11,624,1901
loop_2056_circuit_no_condition_2_1_6,1,12,4359,1901
loop_2056_circuit_no_condition_2_1_6,1,13,5430,1901
loop_2056_circuit_no_condition_2_1_6,1,14,5425,1901
loop_2056_circuit_no_condition_2_1_6,1,15,5424,1901
loop_2056_circuit_no_condition_2_1_6,2,0,5429,1
loop_2056_circuit_no_condition_2_1_6,2,1,5433,1
loop_2056_circuit_no_condition_2_1_6,2,2,5430,1
loop_2056_circuit_no_condition_2_1_6,2,3,5411,1
loop_2056_circuit_no_condition_2_1_6,2,4,5434,1
loop_2056_circuit_no_condition_2_1_6,2,5,5434,1
loop_2056_circuit_no_condition_2_1_6,2,6,5434,1
loop_2056_circuit_no_condition_2_1_6,2,7,5434,1
loop_2056_circuit_no_condition_2_1_6,2,8,5426,1
loop_2056_circuit_no_condition_2_1_6,2,9,5422,1
loop_2056_circuit_no_condition_2_1_6,2,10,624,1
loop_2056_circuit_no_condition_2_1_6,2,11,5402,1
loop_2056_circuit_no_condition_2_1_6,2,12,624,1
loop_2056_circuit_no_condition_2_1_6,2,13,5434,1
loop_2056_circuit_no_condition_2_1_6,2,14,5462,1
loop_2056_circuit_no_condition_2_1_6,2,15,5403,1
loop_2056_circuit_no_condition_2_1_6,2,0,5408,101
loop_2056_circuit_no_condition_2_1_6,2,1,5399,101
loop_2056_circuit_no_condition_2_1_6,2,2,5411,101
loop_2056_circuit_no_condition_2_1_6,2,3,5413,101
loop_2056_circuit_no_condition_2_1_6,2,4,5406,101
loop_2056_circuit_no_condition_2_1_6,2,5,5429,101
loop_2056_circuit_no_condition_2_1_6,2,6,5411,101
loop_2056_circuit_no_condition_2_1_6,2,7,5399,101
loop_2056_circuit_no_condition_2_1_6,2,8,5409,101
loop_2056_circuit_no_condition_2_1_6,2,9,5384,101
loop_2056_circuit_no_condition_2_1_6,2,10,5402,101
loop_2056_circuit_no_condition_2_1_6,2,11,5397,101
loop_2056_circuit_no_condition_2_1_6,2,12,5406,101
loop_2056_circuit_no_condition_2_1_6,2,13,5375,101
loop_2056_circuit_no_condition_2_1_6,2,14,5392,101
loop_2056_circuit_no_condition_2_1_6,2,15,5410,101
loop_2056_circuit_no_condition_2_1_6,2,0,5401,201
loop_2056_circuit_no_condition_2_1_6,2,1,4972,201
loop_2056_circuit_no_condition_2_1_6,2,2,4992,201
loop_2056_circuit_no_condition_2_1_6,2,3,4989,201
loop_2056_circuit_no_condition_2_1_6,2,4,4978,201
loop_2056_circuit_no_condition_2_1_6,2,5,5420,201
loop_2056_circuit_no_condition_2_1_6,2,6,5011,201
loop_2056_circuit_no_condition_2_1_6,2,7,5401,201
loop_2056_circuit_no_condition_2_1_6,2,8,5400,201
loop_2056_circuit_no_condition_2_1_6,2,9,5005,201
loop_2056_circuit_no_condition_2_1_6,2,10,4978,201
loop_2056_circuit_no_condition_2_1_6,2,11,5025,201
loop_2056_circuit_no_condition_2_1_6,2,12,5008,201
loop_2056_circuit_no_condition_2_1_6,2,13,5400,201
loop_2056_circuit_no_condition_2_1_6,2,14,4961,201
loop_2056_circuit_no_condition_2_1_6,2,15,5400,201
loop_2056_circuit_no_condition_2_1_6,2,0,4833,301
loop_2056_circuit_no_condition_2_1_6,2,1,624,301
loop_2056_circuit_no_condition_2_1_6,2,2,624,301
loop_2056_circuit_no_condition_2_1_6,2,3,624,301
loop_2056_circuit_no_condition_2_1_6,2,4,624,301
loop_2056_circuit_no_condition_2_1_6,2,5,624,301
loop_2056_circuit_no_condition_2_1_6,2,6,624,301
loop_2056_circuit_no_condition_2_1_6,2,7,624,301
loop_2056_circuit_no_condition_2_1_6,2,8,624,301
loop_2056_circuit_no_condition_2_1_6,2,9,624,301
loop_2056_circuit_no_condition_2_1_6,2,10,624,301
loop_2056_circuit_no_condition_2_1_6,2,11,624,301
loop_2056_circuit_no_condition_2_1_6,2,12,624,301
loop_2056_circuit_no_condition_2_1_6,2,13,5424,301
loop_2056_circuit_no_condition_2_1_6,2,14,624,301
loop_2056_circuit_no_condition_2_1_6,2,15,624,301
loop_2056_circuit_no_condition_2_1_6,2,0,624,400
loop_2056_circuit_no_condition_2_1_6,2,1,624,400
loop_2056_circuit_no_condition_2_1_6,2,2,624,400
loop_2056_circuit_no_condition_2_1_6,2,3,624,400
loop_2056_circuit_no_condition_2_1_6,2,4,624,400
loop_2056_circuit_no_condition_2_1_6,2,5,624,400
loop_2056_circuit_no_condition_2_1_6,2,6,624,400
loop_2056_circuit_no_condition_2_1_6,2,7,624,400
loop_2056_circuit_no_condition_2_1_6,2,8,624,400
loop_2056_circuit_no_condition_2_1_6,2,9,624,400
loop_2056_circuit_no_condition_2_1_6,2,10,624,400
loop_2056_circuit_no_condition_2_1_6,2,11,624,400
loop_2056_circuit_no_condition_2_1_6,2,12,624,400
loop_2056_circuit_no_condition_2_1_6,2,13,5425,400
loop_2056_circuit_no_condition_2_1_6,2,14,624,400
loop_2056_circuit_no_condition_2_1_6,2,15,624,400
loop_2056_circuit_no_condition_2_1_6,2,0,624,501
loop_2056_circuit_no_condition_2_1_6,2,1,624,501
loop_2056_circuit_no_condition_2_1_6,2,2,4414,501
loop_2056_circuit_no_condition_2_1_6,2,3,4721,501
loop_2056_circuit_no_condition_2_1_6,2,4,4268,501
loop_2056_circuit_no_condition_2_1_6,2,5,624,501
loop_2056_circuit_no_condition_2_1_6,2,6,624,501
loop_2056_circuit_no_condition_2_1_6,2,7,624,501
loop_2056_circuit_no_condition_2_1_6,2,8,624,501
loop_2056_circuit_no_condition_2_1_6,2,9,624,501
loop_2056_circuit_no_condition_2_1_6,2,10,624,501
loop_2056_circuit_no_condition_2_1_6,2,11,624,501
loop_2056_circuit_no_condition_2_1_6,2,12,624,501
loop_2056_circuit_no_condition_2_1_6,2,13,5429,501
loop_2056_circuit_no_condition_2_1_6,2,14,624,501
loop_2056_circuit_no_condition_2_1_6,2,15,624,501
loop_2056_circuit_no_condition_2_1_6,2,0,624,601
loop_2056_circuit_no_condition_2_1_6,2,1,624,601
loop_2056_circuit_no_condition_2_1_6,2,2,624,601
loop_2056_circuit_no_condition_2_1_6,2,3,624,601
loop_2056_circuit_no_condition_2_1_6,2,4,624,601
loop_2056_circuit_no_condition_2_1_6,2,5,624,601
loop_2056_circuit_no_condition_2_1_6,2,6,5434,601
loop_2056_circuit_no_condition_2_1_6,2,7,624,601
loop_2056_circuit_no_condition_2_1_6,2,8,624,601
loop_2056_circuit_no_condition_2_1_6,2,9,624,601
loop_2056_circuit_no_condition_2_1_6,2,10,624,601
loop_2056_circuit_no_condition_2_1_6,2,11,624,601
loop_2056_circuit_no_condition_2_1_6,2,12,624,601
loop_2056_circuit_no_condition_2_1_6,2,13,5432,601
loop_2056_circuit_no_condition_2_1_6,2,14,624,601
loop_2056_circuit_no_condition_2_1_6,2,15,624,601
loop_2056_circuit_no_condition_2_1_6,2,0,624,701
loop_2056_circuit_no_condition_2_1_6,2,1,624,701
loop_2056_circuit_no_condition_2_1_6,2,2,624,701
loop_2056_circuit_no_condition_2_1_6,2,3,624,701
loop_2056_circuit_no_condition_2_1_6,2,4,624,701
loop_2056_circuit_no_condition_2_1_6,2,5,624,701
loop_2056_circuit_no_condition_2_1_6,2,6,624,701
loop_2056_circuit_no_condition_2_1_6,2,7,624,701
loop_2056_circuit_no_condition_2_1_6,2,8,624,701
loop_2056_circuit_no_condition_2_1_6,2,9,624,701
loop_2056_circuit_no_condition_2_1_6,2,10,624,701
loop_2056_circuit_no_condition_2_1_6,2,11,624,701
loop_2056_circuit_no_condition_2_1_6,2,12,624,701
loop_2056_circuit_no_condition_2_1_6,2,13,5428,701
loop_2056_circuit_no_condition_2_1_6,2,14,624,701
loop_2056_circuit_no_condition_2_1_6,2,15,624,701
loop_2056_circuit_no_condition_2_1_6,2,0,624,801
loop_2056_circuit_no_condition_2_1_6,2,1,624,801
loop_2056_circuit_no_condition_2_1_6,2,2,4525,801
loop_2056_circuit_no_condition_2_1_6,2,3,624,801
loop_2056_circuit_no_condition_2_1_6,2,4,624,801
loop_2056_circuit_no_condition_2_1_6,2,5,624,801
loop_2056_circuit_no_condition_2_1_6,2,6,624,801
loop_2056_circuit_no_condition_2_1_6,2,7,624,801
loop_2056_circuit_no_condition_2_1_6,2,8,624,801
loop_2056_circuit_no_condition_2_1_6,2,9,624,801
loop_2056_circuit_no_condition_2_1_6,2,10,624,801
loop_2056_circuit_no_condition_2_1_6,2,11,624,801
loop_2056_circuit_no_condition_2_1_6,2,12,624,801
loop_2056_circuit_no_condition_2_1_6,2,13,5428,801
loop_2056_circuit_no_condition_2_1_6,2,14,624,801
loop_2056_circuit_no_condition_2_1_6,2,15,624,801
loop_2056_circuit_no_condition_2_1_6,2,0,624,900
loop_2056_circuit_no_condition_2_1_6,2,1,624,900
loop_2056_circuit_no_condition_2_1_6,2,2,624,900
loop_2056_circuit_no_condition_2_1_6,2,3,624,900
loop_2056_circuit_no_condition_2_1_6,2,4,624,900
loop_2056_circuit_no_condition_2_1_6,2,5,624,900
loop_2056_circuit_no_condition_2_1_6,2,6,624,900
loop_2056_circuit_no_condition_2_1_6,2,7,4573,900
loop_2056_circuit_no_condition_2_1_6,2,8,624,900
loop_2056_circuit_no_condition_2_1_6,2,9,624,900
loop_2056_circuit_no_condition_2_1_6,2,10,624,900
loop_2056_circuit_no_condition_2_1_6,2,11,624,900
loop_2056_circuit_no_condition_2_1_6,2,12,624,900
loop_2056_circuit_no_condition_2_1_6,2,13,5431,900
loop_2056_circuit_no_condition_2_1_6,2,14,624,900
loop_2056_circuit_no_condition_2_1_6,2,15,624,900
loop_2056_circuit_no_condition_2_1_6,2,0,624,1001
loop_2056_circuit_no_condition_2_1_6,2,1,624,1001
loop_2056_circuit_no_condition_2_1_6,2,2,624,1001
loop_2056_circuit_no_condition_2_1_6,2,3,624,1001
loop_2056_circuit_no_condition_2_1_6,2,4,624,1001
loop_2056_circuit_no_condition_2_1_6,2,5,624,1001
loop_2056_circuit_no_condition_2_1_6,2,6,624,1001
loop_2056_circuit_no_condition_2_1_6,2,7,624,1001
loop_2056_circuit_no_condition_2_1_6,2,8,624,1001
loop_2056_circuit_no_condition_2_1_6,2,9,624,1001
loop_2056_circuit_no_condition_2_1_6,2,10,624,1001
loop_2056_circuit_no_condition_2_1_6,2,11,624,1001
loop_2056_circuit_no_condition_2_1_6,2,12,624,1001
loop_2056_circuit_no_condition_2_1_6,2,13,5429,1001
loop_2056_circuit_no_condition_2_1_6,2,14,624,1001
loop_2056_circuit_no_condition_2_1_6,2,15,624,1001
loop_2056_circuit_no_condition_2_1_6,2,0,624,1101
loop_2056_circuit_no_condition_2_1_6,2,1,624,1101
loop_2056_circuit_no_condition_2_1_6,2,2,624,1101
loop_2056_circuit_no_condition_2_1_6,2,3,624,1101
loop_2056_circuit_no_condition_2_1_6,2,4,624,1101
loop_2056_circuit_no_condition_2_1_6,2,5,624,1101
loop_2056_circuit_no_condition_2_1_6,2,6,624,1101
loop_2056_circuit_no_condition_2_1_6,2,7,624,1101
loop_2056_circuit_no_condition_2_1_6,2,8,624,1101
loop_2056_circuit_no_condition_2_1_6,2,9,624,1101
loop_2056_circuit_no_condition_2_1_6,2,10,624,1101
loop_2056_circuit_no_condition_2_1_6,2,11,624,1101
loop_2056_circuit_no_condition_2_1_6,2,12,624,1101
loop_2056_circuit_no_condition_2_1_6,2,13,5428,1101
loop_2056_circuit_no_condition_2_1_6,2,14,624,1101
loop_2056_circuit_no_condition_2_1_6,2,15,624,1101
loop_2056_circuit_no_condition_2_1_6,2,0,624,1201
loop_2056_circuit_no_condition_2_1_6,2,1,624,1201
loop_2056_circuit_no_condition_2_1_6,2,2,624,1201
loop_2056_circuit_no_condition_2_1_6,2,3,624,1201
loop_2056_circuit_no_condition_2_1_6,2,4,624,1201
loop_2056_circuit_no_condition_2_1_6,2,5,624,1201
loop_2056_circuit_no_condition_2_1_6,2,6,624,1201
loop_2056_circuit_no_condition_2_1_6,2,7,624,1201
loop_2056_circuit_no_condition_2_1_6,2,8,624,1201
loop_2056_circuit_no_condition_2_1_6,2,9,624,1201
loop_2056_circuit_no_condition_2_1_6,2,10,624,1201
loop_2056_circuit_no_condition_2_1_6,2,11,624,1201
loop_2056_circuit_no_condition_2_1_6,2,12,624,1201
loop_2056_circuit_no_condition_2_1_6,2,13,5430,1201
loop_2056_circuit_no_condition_2_1_6,2,14,624,1201
loop_2056_circuit_no_condition_2_1_6,2,15,624,1201
loop_2056_circuit_no_condition_2_1_6,2,0,624,1301
loop_2056_circuit_no_condition_2_1_6,2,1,624,1301
loop_2056_circuit_no_condition_2_1_6,2,2,624,1301
loop_2056_circuit_no_condition_2_1_6,2,3,624,1301
loop_2056_circuit_no_condition_2_1_6,2,4,624,1301
loop_2056_circuit_no_condition_2_1_6,2,5,624,1301
loop_2056_circuit_no_condition_2_1_6,2,6,624,1301
loop_2056_circuit_no_condition_2_1_6,2,7,624,1301
loop_2056_circuit_no_condition_2_1_6,2,8,624,1301
loop_2056_circuit_no_condition_2_1_6,2,9,624,1301
loop_2056_circuit_no_condition_2_1_6,2,10,624,1301
loop_2056_circuit_no_condition_2_1_6,2,11,624,1301
loop_2056_circuit_no_condition_2_1_6,2,12,624,1301
loop_2056_circuit_no_condition_2_1_6,2,13,5431,1301
loop_2056_circuit_no_condition_2_1_6,2,14,624,1301
loop_2056_circuit_no_condition_2_1_6,2,15,624,1301
loop_2056_circuit_no_condition_2_1_6,2,0,624,1400
loop_2056_circuit_no_condition_2_1_6,2,1,624,1400
loop_2056_circuit_no_condition_2_1_6,2,2,624,1400
loop_2056_circuit_no_condition_2_1_6,2,3,624,1400
loop_2056_circuit_no_condition_2_1_6,2,4,624,1400
loop_2056_circuit_no_condition_2_1_6,2,5,624,1400
loop_2056_circuit_no_condition_2_1_6,2,6,624,1400
loop_2056_circuit_no_condition_2_1_6,2,7,624,1400
loop_2056_circuit_no_condition_2_1_6,2,8,624,1400
loop_2056_circuit_no_condition_2_1_6,2,9,624,1400
loop_2056_circuit_no_condition_2_1_6,2,10,624,1400
loop_2056_circuit_no_condition_2_1_6,2,11,624,1400
loop_2056_circuit_no_condition_2_1_6,2,12,624,1400
loop_2056_circuit_no_condition_2_1_6,2,13,5429,1400
loop_2056_circuit_no_condition_2_1_6,2,14,624,1400
loop_2056_circuit_no_condition_2_1_6,2,15,624,1400
loop_2056_circuit_no_condition_2_1_6,2,0,624,1501
loop_2056_circuit_no_condition_2_1_6,2,1,624,1501
loop_2056_circuit_no_condition_2_1_6,2,2,624,1501
loop_2056_circuit_no_condition_2_1_6,2,3,624,1501
loop_2056_circuit_no_condition_2_1_6,2,4,624,1501
loop_2056_circuit_no_condition_2_1_6,2,5,624,1501
loop_2056_circuit_no_condition_2_1_6,2,6,624,1501
loop_2056_circuit_no_condition_2_1_6,2,7,624,1501
loop_2056_circuit_no_condition_2_1_6,2,8,624,1501
loop_2056_circuit_no_condition_2_1_6,2,9,624,1501
loop_2056_circuit_no_condition_2_1_6,2,10,624,1501
loop_2056_circuit_no_condition_2_1_6,2,11,624,1501
loop_2056_circuit_no_condition_2_1_6,2,12,624,1501
loop_2056_circuit_no_condition_2_1_6,2,13,5431,1501
loop_2056_circuit_no_condition_2_1_6,2,14,624,1501
loop_2056_circuit_no_condition_2_1_6,2,15,624,1501
loop_2056_circuit_no_condition_2_1_6,2,0,624,1601
loop_2056_circuit_no_condition_2_1_6,2,1,624,1601
loop_2056_circuit_no_condition_2_1_6,2,2,624,1601
loop_2056_circuit_no_condition_2_1_6,2,3,624,1601
loop_2056_circuit_no_condition_2_1_6,2,4,624,1601
loop_2056_circuit_no_condition_2_1_6,2,5,624,1601
loop_2056_circuit_no_condition_2_1_6,2,6,3734,1601
loop_2056_circuit_no_condition_2_1_6,2,7,624,1601
loop_2056_circuit_no_condition_2_1_6,2,8,624,1601
loop_2056_circuit_no_condition_2_1_6,2,9,624,1601
loop_2056_circuit_no_condition_2_1_6,2,10,624,1601
loop_2056_circuit_no_condition_2_1_6,2,11,624,1601
loop_2056_circuit_no_condition_2_1_6,2,12,624,1601
loop_2056_circuit_no_condition_2_1_6,2,13,5429,1601
loop_2056_circuit_no_condition_2_1_6,2,14,624,1601
loop_2056_circuit_no_condition_2_1_6,2,15,624,1601
loop_2056_circuit_no_condition_2_1_6,2,0,624,1701
loop_2056_circuit_no_condition_2_1_6,2,1,624,1701
loop_2056_circuit_no_condition_2_1_6,2,2,624,1701
loop_2056_circuit_no_condition_2_1_6,2,3,624,1701
loop_2056_circuit_no_condition_2_1_6,2,4,624,1701
loop_2056_circuit_no_condition_2_1_6,2,5,624,1701
loop_2056_circuit_no_condition_2_1_6,2,6,624,1701
loop_2056_circuit_no_condition_2_1_6,2,7,624,1701
loop_2056_circuit_no_condition_2_1_6,2,8,624,1701
loop_2056_circuit_no_condition_2_1_6,2,9,624,1701
loop_2056_circuit_no_condition_2_1_6,2,10,624,1701
loop_2056_circuit_no_condition_2_1_6,2,11,624,1701
loop_2056_circuit_no_condition_2_1_6,2,12,624,1701
loop_2056_circuit_no_condition_2_1_6,2,13,5433,1701
loop_2056_circuit_no_condition_2_1_6,2,14,624,1701
loop_2056_circuit_no_condition_2_1_6,2,15,624,1701
loop_2056_circuit_no_condition_2_1_6,2,0,624,1801
loop_2056_circuit_no_condition_2_1_6,2,1,624,1801
loop_2056_circuit_no_condition_2_1_6,2,2,624,1801
loop_2056_circuit_no_condition_2_1_6,2,3,624,1801
loop_2056_circuit_no_condition_2_1_6,2,4,624,1801
loop_2056_circuit_no_condition_2_1_6,2,5,5424,1801
loop_2056_circuit_no_condition_2_1_6,2,6,624,1801
loop_2056_circuit_no_condition_2_1_6,2,7,624,1801
loop_2056_circuit_no_condition_2_1_6,2,8,624,1801
loop_2056_circuit_no_condition_2_1_6,2,9,5068,1801
loop_2056_circuit_no_condition_2_1_6,2,10,624,1801
loop_2056_circuit_no_condition_2_1_6,2,11,624,1801
loop_2056_circuit_no_condition_2_1_6,2,12,624,1801
loop_2056_circuit_no_condition_2_1_6,2,13,5430,1801
loop_2056_circuit_no_condition_2_1_6,2,14,624,1801
loop_2056_circuit_no_condition_2_1_6,2,15,624,1801
loop_2056_circuit_no_condition_2_1_6,2,0,5332,1901
loop_2056_circuit_no_condition_2_1_6,2,1,5423,1901
loop_2056_circuit_no_condition_2_1_6,2,2,5423,1901
loop_2056_circuit_no_condition_2_1_6,2,3,5373,1901
loop_2056_circuit_no_condition_2_1_6,2,4,5425,1901
loop_2056_circuit_no_condition_2_1_6,2,5,5354,1901
loop_2056_circuit_no_condition_2_1_6,2,6,5361,1901
loop_2056_circuit_no_condition_2_1_6,2,7,5419,1901
loop_2056_circuit_no_condition_2_1_6,2,8,5419,1901
loop_2056_circuit_no_condition_2_1_6,2,9,5408,1901
loop_2056_circuit_no_condition_2_1_6,2,10,5321,1901
loop_2056_circuit_no_condition_2_1_6,2,11,5342,1901
loop_2056_circuit_no_condition_2_1_6,2,12,5376,1901
loop_2056_circuit_no_condition_2_1_6,2,13,5355,1901
loop_2056_circuit_no_condition_2_1_6,2,14,624,1901
loop_2056_circuit_no_condition_2_1_6,2,15,5423,1901
loop_2056_circuit_no_condition_2_1_6,3,0,5423,1
loop_2056_circuit_no_condition_2_1_6,3,1,5424,1
loop_2056_circuit_no_condition_2_1_6,3,2,624,1
loop_2056_circuit_no_condition_2_1_6,3,3,624,1
loop_2056_circuit_no_condition_2_1_6,3,4,5430,1
loop_2056_circuit_no_condition_2_1_6,3,5,5429,1
loop_2056_circuit_no_condition_2_1_6,3,6,5430,1
loop_2056_circuit_no_condition_2_1_6,3,7,624,1
loop_2056_circuit_no_condition_2_1_6,3,8,5428,1
loop_2056_circuit_no_condition_2_1_6,3,9,5423,1
loop_2056_circuit_no_condition_2_1_6,3,10,624,1
loop_2056_circuit_no_condition_2_1_6,3,11,624,1
loop_2056_circuit_no_condition_2_1_6,3,12,624,1
loop_2056_circuit_no_condition_2_1_6,3,13,5422,1
loop_2056_circuit_no_condition_2_1_6,3,14,624,1
loop_2056_circuit_no_condition_2_1_6,3,15,5425,1
loop_2056_circuit_no_condition_2_1_6,3,0,5414,100
loop_2056_circuit_no_condition_2_1_6,3,1,5388,100
loop_2056_circuit_no_condition_2_1_6,3,2,5411,100
loop_2056_circuit_no_condition_2_1_6,3,3,5350,100
loop_2056_circuit_no_condition_2_1_6,3,4,5427,100
loop_2056_circuit_no_condition_2_1_6,3,5,5405,100
loop_2056_circuit_no_condition_2_1_6,3,6,5400,100
loop_2056_circuit_no_condition_2_1_6,3,7,5400,100
loop_2056_circuit_no_condition_2_1_6,3,8,5358,100
loop_2056_circuit_no_condition_2_1_6,3,9,5422,100
loop_2056_circuit_no_condition_2_1_6,3,10,5395,100
loop_2056_circuit_no_condition_2_1_6,3,11,5411,100
loop_2056_circuit_no_condition_2_1_6,3,12,5391,100
loop_2056_circuit_no_condition_2_1_6,3,13,5378,100
loop_2056_circuit_no_condition_2_1_6,3,14,5360,100
loop_2056_circuit_no_condition_2_1_6,3,15,5416,100
loop_2056_circuit_no_condition_2_1_6,3,0,5383,200
loop_2056_circuit_no_condition_2_1_6,3,1,5405,200
loop_2056_circuit_no_condition_2_1_6,3,2,5381,200
loop_2056_circuit_no_condition_2_1_6,3,3,3681,200
loop_2056_circuit_no_condition_2_1_6,3,4,4147,200
loop_2056_circuit_no_condition_2_1_6,3,5,5380,200
loop_2056_circuit_no_condition_2_1_6,3,6,5383,200
loop_2056_circuit_no_condition_2_1_6,3,7,5419,200
loop_2056_circuit_no_condition_2_1_6,3,8,5415,200
loop_2056_circuit_no_condition_2_1_6,3,9,5371,200
loop_2056_circuit_no_condition_2_1_6,3,10,5409,200
loop_2056_circuit_no_condition_2_1_6,3,11,4089,200
loop_2056_circuit_no_condition_2_1_6,3,12,3963,200
loop_2056_circuit_no_condition_2_1_6,3,13,5430,200
loop_2056_circuit_no_condition_2_1_6,3,14,5380,200
loop_2056_circuit_no_condition_2_1_6,3,15,5415,200
loop_2056_circuit_no_condition_2_1_6,3,0,624,300
loop_2056_circuit_no_condition_2_1_6,3,1,624,300
loop_2056_circuit_no_condition_2_1_6,3,2,624,300
loop_2056_circuit_no_condition_2_1_6,3,3,624,300
loop_2056_circuit_no_condition_2_1_6,3,4,624,300
loop_2056_circuit_no_condition_2_1_6,3,5,624,300
loop_2056_circuit_no_condition_2_1_6,3,6,624,300
loop_2056_circuit_no_condition_2_1_6,3,7,624,300
loop_2056_circuit_no_condition_2_1_6,3,8,624,300
loop_2056_circuit_no_condition_2_1_6,3,9,624,300
loop_2056_circuit_no_condition_2_1_6,3,10,624,300
loop_2056_circuit_no_condition_2_1_6,3,11,624,300
loop_2056_circuit_no_condition_2_1_6,3,12,5431,300
loop_2056_circuit_no_condition_2_1_6,3,13,4696,300
loop_2056_circuit_no_condition_2_1_6,3,14,624,300
loop_2056_circuit_no_condition_2_1_6,3,15,624,300
loop_2056_circuit_no_condition_2_1_6,3,0,624,401
loop_2056_circuit_no_condition_2_1_6,3,1,624,401
loop_2056_circuit_no_condition_2_1_6,3,2,624,401
loop_2056_circuit_no_condition_2_1_6,3,3,624,401
loop_2056_circuit_no_condition_2_1_6,3,4,624,401
loop_2056_circuit_no_condition_2_1_6,3,5,624,401
loop_2056_circuit_no_condition_2_1_6,3,6,624,401
loop_2056_circuit_no_condition_2_1_6,3,7,624,401
loop_2056_circuit_no_condition_2_1_6,3,8,624,401
loop_2056_circuit_no_condition_2_1_6,3,9,624,401
loop_2056_circuit_no_condition_2_1_6,3,10,624,401
loop_2056_circuit_no_condition_2_1_6,3,11,624,401
loop_2056_circuit_no_condition_2_1_6,3,12,5431,401
loop_2056_circuit_no_condition_2_1_6,3,13,624,401
loop_2056_circuit_no_condition_2_1_6,3,14,624,401
loop_2056_circuit_no_condition_2_1_6,3,15,624,401
loop_2056_circuit_no_condition_2_1_6,3,0,4191,500
loop_2056_circuit_no_condition_2_1_6,3,1,624,500
loop_2056_circuit_no_condition_2_1_6,3,2,624,500
loop_2056_circuit_no_condition_2_1_6,3,3,624,500
loop_2056_circuit_no_condition_2_1_6,3,4,624,500
loop_2056_circuit_no_condition_2_1_6,3,5,5409,500
loop_2056_circuit_no_condition_2_1_6,3,6,624,500
loop_2056_circuit_no_condition_2_1_6,3,7,624,500
loop_2056_circuit_no_condition_2_1_6,3,8,624,500
loop_2056_circuit_no_condition_2_1_6,3,9,624,500
loop_2056_circuit_no_condition_2_1_6,3,10,624,500
loop_2056_circuit_no_condition_2_1_6,3,11,624,500
loop_2056_circuit_no_condition_2_1_6,3,12,5426,500
loop_2056_circuit_no_condition_2_1_6,3,13,4622,500
loop_2056_circuit_no_condition_2_1_6,3,14,624,500
loop_2056_circuit_no_condition_2_1_6,3,15,624,500
loop_2056_circuit_no_condition_2_1_6,3,0,624,600
loop_2056_circuit_no_condition_2_1_6,3,1,624,600
loop_2056_circuit_no_condition_2_1_6,3,2,624,600
loop_2056_circuit_no_condition_2_1_6,3,3,624,600
loop_2056_circuit_no_condition_2_1_6,3,4,624,600
loop_2056_circuit_no_condition_2_1_6,3,5,624,600
loop_2056_circuit_no_condition_2_1_6,3,6,624,600
loop_2056_circuit_no_condition_2_1_6,3,7,624,600
loop_2056_circuit_no_condition_2_1_6,3,8,624,600
loop_2056_circuit_no_condition_2_1_6,3,9,624,600
loop_2056_circuit_no_condition_2_1_6,3,10,624,600
loop_2056_circuit_no_condition_2_1_6,3,11,624,600
loop_2056_circuit_no_condition_2_1_6,3,12,5431,600
loop_2056_circuit_no_condition_2_1_6,3,13,624,600
loop_2056_circuit_no_condition_2_1_6,3,14,624,600
loop_2056_circuit_no_condition_2_1_6,3,15,624,600
loop_2056_circuit_no_condition_2_1_6,3,0,624,700
loop_2056_circuit_no_condition_2_1_6,3,1,624,700
loop_2056_circuit_no_condition_2_1_6,3,2,624,700
loop_2056_circuit_no_condition_2_1_6,3,3,624,700
loop_2056_circuit_no_condition_2_1_6,3,4,624,700
loop_2056_circuit_no_condition_2_1_6,3,5,624,700
loop_2056_circuit_no_condition_2_1_6,3,6,624,700
loop_2056_circuit_no_condition_2_1_6,3,7,624,700
loop_2056_circuit_no_condition_2_1_6,3,8,624,700
loop_2056_circuit_no_condition_2_1_6,3,9,624,700
loop_2056_circuit_no_condition_2_1_6,3,10,624,700
loop_2056_circuit_no_condition_2_1_6,3,11,624,700
loop_2056_circuit_no_condition_2_1_6,3,12,5428,700
loop_2056_circuit_no_condition_2_1_6,3,13,624,700
loop_2056_circuit_no_condition_2_1_6,3,14,624,700
loop_2056_circuit_no_condition_2_1_6,3,15,624,700
loop_2056_circuit_no_condition_2_1_6,3,0,624,800
loop_2056_circuit_no_condition_2_1_6,3,1,624,800
loop_2056_circuit_no_condition_2_1_6,3,2,624,800
loop_2056_circuit_no_condition_2_1_6,3,3,624,800
loop_2056_circuit_no_condition_2_1_6,3,4,624,800
loop_2056_circuit_no_condition_2_1_6,3,5,624,800
loop_2056_circuit_no_condition_2_1_6,3,6,4236,800
loop_2056_circuit_no_condition_2_1_6,3,7,624,800
loop_2056_circuit_no_condition_2_1_6,3,8,624,800
loop_2056_circuit_no_condition_2_1_6,3,9,624,800
loop_2056_circuit_no_condition_2_1_6,3,10,4143,800
loop_2056_circuit_no_condition_2_1_6,3,11,624,800
loop_2056_circuit_no_condition_2_1_6,3,12,5428,800
loop_2056_circuit_no_condition_2_1_6,3,13,624,800
loop_2056_circuit_no_condition_2_1_6,3,14,624,800
loop_2056_circuit_no_condition_2_1_6,3,15,624,800
loop_2056_circuit_no_condition_2_1_6,3,0,624,900
loop_2056_circuit_no_condition_2_1_6,3,1,624,900
loop_2056_circuit_no_condition_2_1_6,3,2,624,900
loop_2056_circuit_no_condition_2_1_6,3,3,624,900
loop_2056_circuit_no_condition_2_1_6,3,4,624,900
loop_2056_circuit_no_condition_2_1_6,3,5,624,900
loop_2056_circuit_no_condition_2_1_6,3,6,624,900
loop_2056_circuit_no_condition_2_1_6,3,7,624,900
loop_2056_circuit_no_condition_2_1_6,3,8,624,900
loop_2056_circuit_no_condition_2_1_6,3,9,624,900
loop_2056_circuit_no_condition_2_1_6,3,10,624,900
loop_2056_circuit_no_condition_2_1_6,3,11,624,900
loop_2056_circuit_no_condition_2_1_6,3,12,5431,900
loop_2056_circuit_no_condition_2_1_6,3,13,624,900
loop_2056_circuit_no_condition_2_1_6,3,14,624,900
loop_2056_circuit_no_condition_2_1_6,3,15,624,900
loop_2056_circuit_no_condition_2_1_6,3,0,624,1001
loop_2056_circuit_no_condition_2_1_6,3,1,624,1001
loop_2056_circuit_no_condition_2_1_6,3,2,624,1001
loop_2056_circuit_no_condition_2_1_6,3,3,624,1001
loop_2056_circuit_no_condition_2_1_6,3,4,624,1001
loop_2056_circuit_no_condition_2_1_6,3,5,624,1001
loop_2056_circuit_no_condition_2_1_6,3,6,624,1001
loop_2056_circuit_no_condition_2_1_6,3,7,624,1001
loop_2056_circuit_no_condition_2_1_6,3,8,624,1001
loop_2056_circuit_no_condition_2_1_6,3,9,624,1001
loop_2056_circuit_no_condition_2_1_6,3,10,624,1001
loop_2056_circuit_no_condition_2_1_6,3,11,624,1001
loop_2056_circuit_no_condition_2_1_6,3,12,5429,1001
loop_2056_circuit_no_condition_2_1_6,3,13,624,1001
loop_2056_circuit_no_condition_2_1_6,3,14,624,1001
loop_2056_circuit_no_condition_2_1_6,3,15,624,1001
loop_2056_circuit_no_condition_2_1_6,3,0,624,1100
loop_2056_circuit_no_condition_2_1_6,3,1,624,1100
loop_2056_circuit_no_condition_2_1_6,3,2,624,1100
loop_2056_circuit_no_condition_2_1_6,3,3,624,1100
loop_2056_circuit_no_condition_2_1_6,3,4,624,1100
loop_2056_circuit_no_condition_2_1_6,3,5,624,1100
loop_2056_circuit_no_condition_2_1_6,3,6,624,1100
loop_2056_circuit_no_condition_2_1_6,3,7,624,1100
loop_2056_circuit_no_condition_2_1_6,3,8,624,1100
loop_2056_circuit_no_condition_2_1_6,3,9,624,1100
loop_2056_circuit_no_condition_2_1_6,3,10,624,1100
loop_2056_circuit_no_condition_2_1_6,3,11,624,1100
loop_2056_circuit_no_condition_2_1_6,3,12,5432,1100
loop_2056_circuit_no_condition_2_1_6,3,13,624,1100
loop_2056_circuit_no_condition_2_1_6,3,14,624,1100
loop_2056_circuit_no_condition_2_1_6,3,15,624,1100
loop_2056_circuit_no_condition_2_1_6,3,0,624,1200
loop_2056_circuit_no_condition_2_1_6,3,1,624,1200
loop_2056_circuit_no_condition_2_1_6,3,2,624,1200
loop_2056_circuit_no_condition_2_1_6,3,3,624,1200
loop_2056_circuit_no_condition_2_1_6,3,4,624,1200
loop_2056_circuit_no_condition_2_1_6,3,5,624,1200
loop_2056_circuit_no_condition_2_1_6,3,6,624,1200
loop_2056_circuit_no_condition_2_1_6,3,7,624,1200
loop_2056_circuit_no_condition_2_1_6,3,8,624,1200
loop_2056_circuit_no_condition_2_1_6,3,9,624,1200
loop_2056_circuit_no_condition_2_1_6,3,10,624,1200
loop_2056_circuit_no_condition_2_1_6,3,11,624,1200
loop_2056_circuit_no_condition_2_1_6,3,12,5429,1200
loop_2056_circuit_no_condition_2_1_6,3,13,624,1200
loop_2056_circuit_no_condition_2_1_6,3,14,624,1200
loop_2056_circuit_no_condition_2_1_6,3,15,624,1200
loop_2056_circuit_no_condition_2_1_6,3,0,624,1300
loop_2056_circuit_no_condition_2_1_6,3,1,5380,1300
loop_2056_circuit_no_condition_2_1_6,3,2,5270,1300
loop_2056_circuit_no_condition_2_1_6,3,3,5360,1300
loop_2056_circuit_no_condition_2_1_6,3,4,624,1300
loop_2056_circuit_no_condition_2_1_6,3,5,5399,1300
loop_2056_circuit_no_condition_2_1_6,3,6,5425,1300
loop_2056_circuit_no_condition_2_1_6,3,7,624,1300
loop_2056_circuit_no_condition_2_1_6,3,8,624,1300
loop_2056_circuit_no_condition_2_1_6,3,9,5413,1300
loop_2056_circuit_no_condition_2_1_6,3,10,5416,1300
loop_2056_circuit_no_condition_2_1_6,3,11,5167,1300
loop_2056_circuit_no_condition_2_1_6,3,12,5431,1300
loop_2056_circuit_no_condition_2_1_6,3,13,4428,1300
loop_2056_circuit_no_condition_2_1_6,3,14,5422,1300
loop_2056_circuit_no_condition_2_1_6,3,15,624,1300
loop_2056_circuit_no_condition_2_1_6,3,0,624,1401
loop_2056_circuit_no_condition_2_1_6,3,1,624,1401
loop_2056_circuit_no_condition_2_1_6,3,2,624,1401
loop_2056_circuit_no_condition_2_1_6,3,3,624,1401
loop_2056_circuit_no_condition_2_1_6,3,4,624,1401
loop_2056_circuit_no_condition_2_1_6,3,5,624,1401
loop_2056_circuit_no_condition_2_1_6,3,6,624,1401
loop_2056_circuit_no_condition_2_1_6,3,7,624,1401
loop_2056_circuit_no_condition_2_1_6,3,8,624,1401
loop_2056_circuit_no_condition_2_1_6,3,9,624,1401
loop_2056_circuit_no_condition_2_1_6,3,10,624,1401
loop_2056_circuit_no_condition_2_1_6,3,11,624,1401
loop_2056_circuit_no_condition_2_1_6,3,12,5425,1401
loop_2056_circuit_no_condition_2_1_6,3,13,624,1401
loop_2056_circuit_no_condition_2_1_6,3,14,624,1401
loop_2056_circuit_no_condition_2_1_6,3,15,624,1401
loop_2056_circuit_no_condition_2_1_6,3,0,624,1500
loop_2056_circuit_no_condition_2_1_6,3,1,624,1500
loop_2056_circuit_no_condition_2_1_6,3,2,624,1500
loop_2056_circuit_no_condition_2_1_6,3,3,624,1500
loop_2056_circuit_no_condition_2_1_6,3,4,624,1500
loop_2056_circuit_no_condition_2_1_6,3,5,624,1500
loop_2056_circuit_no_condition_2_1_6,3,6,624,1500
loop_2056_circuit_no_condition_2_1_6,3,7,624,1500
loop_2056_circuit_no_condition_2_1_6,3,8,624,1500
loop_2056_circuit_no_condition_2_1_6,3,9,624,1500
loop_2056_circuit_no_condition_2_1_6,3,10,624,1500
loop_2056_circuit_no_condition_2_1_6,3,11,624,1500
loop_2056_circuit_no_condition_2_1_6,3,12,5425,1500
loop_2056_circuit_no_condition_2_1_6,3,13,624,1500
loop_2056_circuit_no_condition_2_1_6,3,14,624,1500
loop_2056_circuit_no_condition_2_1_6,3,15,624,1500
loop_2056_circuit_no_condition_2_1_6,3,0,624,1600
loop_2056_circuit_no_condition_2_1_6,3,1,624,1600
loop_2056_circuit_no_condition_2_1_6,3,2,624,1600
loop_2056_circuit_no_condition_2_1_6,3,3,624,1600
loop_2056_circuit_no_condition_2_1_6,3,4,624,1600
loop_2056_circuit_no_condition_2_1_6,3,5,624,1600
loop_2056_circuit_no_condition_2_1_6,3,6,624,1600
loop_2056_circuit_no_condition_2_1_6,3,7,624,1600
loop_2056_circuit_no_condition_2_1_6,3,8,624,1600
loop_2056_circuit_no_condition_2_1_6,3,9,624,1600
loop_2056_circuit_no_condition_2_1_6,3,10,624,1600
loop_2056_circuit_no_condition_2_1_6,3,11,624,1600
loop_2056_circuit_no_condition_2_1_6,3,12,5430,1600
loop_2056_circuit_no_condition_2_1_6,3,13,624,1600
loop_2056_circuit_no_condition_2_1_6,3,14,624,1600
loop_2056_circuit_no_condition_2_1_6,3,15,624,1600
loop_2056_circuit_no_condition_2_1_6,3,0,624,1700
loop_2056_circuit_no_condition_2_1_6,3,1,624,1700
loop_2056_circuit_no_condition_2_1_6,3,2,624,1700
loop_2056_circuit_no_condition_2_1_6,3,3,624,1700
loop_2056_circuit_no_condition_2_1_6,3,4,624,1700
loop_2056_circuit_no_condition_2_1_6,3,5,624,1700
loop_2056_circuit_no_condition_2_1_6,3,6,624,1700
loop_2056_circuit_no_condition_2_1_6,3,7,624,1700
loop_2056_circuit_no_condition_2_1_6,3,8,624,1700
loop_2056_circuit_no_condition_2_1_6,3,9,624,1700
loop_2056_circuit_no_condition_2_1_6,3,10,624,1700
loop_2056_circuit_no_condition_2_1_6,3,11,624,1700
loop_2056_circuit_no_condition_2_1_6,3,12,5427,1700
loop_2056_circuit_no_condition_2_1_6,3,13,624,1700
loop_2056_circuit_no_condition_2_1_6,3,14,624,1700
loop_2056_circuit_no_condition_2_1_6,3,15,624,1700
loop_2056_circuit_no_condition_2_1_6,3,0,624,1800
loop_2056_circuit_no_condition_2_1_6,3,1,624,1800
loop_2056_circuit_no_condition_2_1_6,3,2,624,1800
loop_2056_circuit_no_condition_2_1_6,3,3,624,1800
loop_2056_circuit_no_condition_2_1_6,3,4,624,1800
loop_2056_circuit_no_condition_2_1_6,3,5,624,1800
loop_2056_circuit_no_condition_2_1_6,3,6,624,1800
loop_2056_circuit_no_condition_2_1_6,3,7,624,1800
loop_2056_circuit_no_condition_2_1_6,3,8,624,1800
loop_2056_circuit_no_condition_2_1_6,3,9,624,1800
loop_2056_circuit_no_condition_2_1_6,3,10,624,1800
loop_2056_circuit_no_condition_2_1_6,3,11,624,1800
loop_2056_circuit_no_condition_2_1_6,3,12,5430,1800
loop_2056_circuit_no_condition_2_1_6,3,13,4572,1800
loop_2056_circuit_no_condition_2_1_6,3,14,624,1800
loop_2056_circuit_no_condition_2_1_6,3,15,624,1800
loop_2056_circuit_no_condition_2_1_6,3,0,5421,1900
loop_2056_circuit_no_condition_2_1_6,3,1,5424,1900
loop_2056_circuit_no_condition_2_1_6,3,2,5418,1900
loop_2056_circuit_no_condition_2_1_6,3,3,5415,1900
loop_2056_circuit_no_condition_2_1_6,3,4,5422,1900
loop_2056_circuit_no_condition_2_1_6,3,5,5415,1900
loop_2056_circuit_no_condition_2_1_6,3,6,5419,1900
loop_2056_circuit_no_condition_2_1_6,3,7,5418,1900
loop_2056_circuit_no_condition_2_1_6,3,8,624,1900
loop_2056_circuit_no_condition_2_1_6,3,9,5424,1900
loop_2056_circuit_no_condition_2_1_6,3,10,5417,1900
loop_2056_circuit_no_condition_2_1_6,3,11,5417,1900
loop_2056_circuit_no_condition_2_1_6,3,12,5417,1900
loop_2056_circuit_no_condition_2_1_6,3,13,5416,1900
loop_2056_circuit_no_condition_2_1_6,3,14,624,1900
loop_2056_circuit_no_condition_2_1_6,3,15,5412,1900
loop_2056_circuit_no_condition_2_1_6,4,0,5413,1
loop_2056_circuit_no_condition_2_1_6,4,1,5430,1
loop_2056_circuit_no_condition_2_1_6,4,2,5430,1
loop_2056_circuit_no_condition_2_1_6,4,3,5425,1
loop_2056_circuit_no_condition_2_1_6,4,4,5432,1
loop_2056_circuit_no_condition_2_1_6,4,5,5428,1
loop_2056_circuit_no_condition_2_1_6,4,6,5426,1
loop_2056_circuit_no_condition_2_1_6,4,7,5420,1
loop_2056_circuit_no_condition_2_1_6,4,8,624,1
loop_2056_circuit_no_condition_2_1_6,4,9,624,1
loop_2056_circuit_no_condition_2_1_6,4,10,5422,1
loop_2056_circuit_no_condition_2_1_6,4,11,624,1
loop_2056_circuit_no_condition_2_1_6,4,12,5416,1
loop_2056_circuit_no_condition_2_1_6,4,13,5431,1
loop_2056_circuit_no_condition_2_1_6,4,14,624,1
loop_2056_circuit_no_condition_2_1_6,4,15,624,1
loop_2056_circuit_no_condition_2_1_6,4,0,5417,101
loop_2056_circuit_no_condition_2_1_6,4,1,5374,101
loop_2056_circuit_no_condition_2_1_6,4,2,5354,101
loop_2056_circuit_no_condition_2_1_6,4,3,5367,101
loop_2056_circuit_no_condition_2_1_6,4,4,5319,101
loop_2056_circuit_no_condition_2_1_6,4,5,5431,101
loop_2056_circuit_no_condition_2_1_6,4,6,5294,101
loop_2056_circuit_no_condition_2_1_6,4,7,5428,101
loop_2056_circuit_no_condition_2_1_6,4,8,5332,101
loop_2056_circuit_no_condition_2_1_6,4,9,5360,101
loop_2056_circuit_no_condition_2_1_6,4,10,5409,101
loop_2056_circuit_no_condition_2_1_6,4,11,5364,101
loop_2056_circuit_no_condition_2_1_6,4,12,5385,101
loop_2056_circuit_no_condition_2_1_6,4,13,5406,101
loop_2056_circuit_no_condition_2_1_6,4,14,5368,101
loop_2056_circuit_no_condition_2_1_6,4,15,5395,101
loop_2056_circuit_no_condition_2_1_6,4,0,5427,201
loop_2056_circuit_no_condition_2_1_6,4,1,5420,201
loop_2056_circuit_no_condition_2_1_6,4,2,5429,201
loop_2056_circuit_no_condition_2_1_6,4,3,5388,201
loop_2056_circuit_no_condition_2_1_6,4,4,5429,201
loop_2056_circuit_no_condition_2_1_6,4,5,5427,201
loop_2056_circuit_no_condition_2_1_6,4,6,4787,201
loop_2056_circuit_no_condition_2_1_6,4,7,5429,201
loop_2056_circuit_no_condition_2_1_6,4,8,5427,201
loop_2056_circuit_no_condition_2_1_6,4,9,5418,201
loop_2056_circuit_no_condition_2_1_6,4,10,5419,201
loop_2056_circuit_no_condition_2_1_6,4,11,5374,201
loop_2056_circuit_no_condition_2_1_6,4,12,5424,201
loop_2056_circuit_no_condition_2_1_6,4,13,5429,201
loop_2056_circuit_no_condition_2_1_6,4,14,5404,201
loop_2056_circuit_no_condition_2_1_6,4,15,5429,201
loop_2056_circuit_no_condition_2_1_6,4,0,624,301
loop_2056_circuit_no_condition_2_1_6,4,1,624,301
loop_2056_circuit_no_condition_2_1_6,4,2,624,301
loop_2056_circuit_no_condition_2_1_6,4,3,624,301
loop_2056_circuit_no_condition_2_1_6,4,4,624,301
loop_2056_circuit_no_condition_2_1_6,4,5,5431,301
loop_2056_circuit_no_condition_2_1_6,4,6,624,301
loop_2056_circuit_no_condition_2_1_6,4,7,624,301
loop_2056_circuit_no_condition_2_1_6,4,8,624,301
loop_2056_circuit_no_condition_2_1_6,4,9,624,301
loop_2056_circuit_no_condition_2_1_6,4,10,624,301
loop_2056_circuit_no_condition_2_1_6,4,11,624,301
loop_2056_circuit_no_condition_2_1_6,4,12,624,301
loop_2056_circuit_no_condition_2_1_6,4,13,624,301
loop_2056_circuit_no_condition_2_1_6,4,14,624,301
loop_2056_circuit_no_condition_2_1_6,4,15,624,301
loop_2056_circuit_no_condition_2_1_6,4,0,624,401
loop_2056_circuit_no_condition_2_1_6,4,1,624,401
loop_2056_circuit_no_condition_2_1_6,4,2,624,401
loop_2056_circuit_no_condition_2_1_6,4,3,624,401
loop_2056_circuit_no_condition_2_1_6,4,4,624,401
loop_2056_circuit_no_condition_2_1_6,4,5,5426,401
loop_2056_circuit_no_condition_2_1_6,4,6,624,401
loop_2056_circuit_no_condition_2_1_6,4,7,624,401
loop_2056_circuit_no_condition_2_1_6,4,8,624,401
loop_2056_circuit_no_condition_2_1_6,4,9,624,401
loop_2056_circuit_no_condition_2_1_6,4,10,624,401
loop_2056_circuit_no_condition_2_1_6,4,11,624,401
loop_2056_circuit_no_condition_2_1_6,4,12,624,401
loop_2056_circuit_no_condition_2_1_6,4,13,624,401
loop_2056_circuit_no_condition_2_1_6,4,14,624,401
loop_2056_circuit_no_condition_2_1_6,4,15,624,401
loop_2056_circuit_no_condition_2_1_6,4,0,624,501
loop_2056_circuit_no_condition_2_1_6,4,1,624,501
loop_2056_circuit_no_condition_2_1_6,4,2,624,501
loop_2056_circuit_no_condition_2_1_6,4,3,624,501
loop_2056_circuit_no_condition_2_1_6,4,4,4637,501
loop_2056_circuit_no_condition_2_1_6,4,5,5432,501
loop_2056_circuit_no_condition_2_1_6,4,6,624,501
loop_2056_circuit_no_condition_2_1_6,4,7,624,501
loop_2056_circuit_no_condition_2_1_6,4,8,624,501
loop_2056_circuit_no_condition_2_1_6,4,9,624,501
loop_2056_circuit_no_condition_2_1_6,4,10,624,501
loop_2056_circuit_no_condition_2_1_6,4,11,624,501
loop_2056_circuit_no_condition_2_1_6,4,12,624,501
loop_2056_circuit_no_condition_2_1_6,4,13,624,501
loop_2056_circuit_no_condition_2_1_6,4,14,624,501
loop_2056_circuit_no_condition_2_1_6,4,15,624,501
loop_2056_circuit_no_condition_2_1_6,4,0,624,601
loop_2056_circuit_no_condition_2_1_6,4,1,624,601
loop_2056_circuit_no_condition_2_1_6,4,2,624,601
loop_2056_circuit_no_condition_2_1_6,4,3,624,601
loop_2056_circuit_no_condition_2_1_6,4,4,624,601
loop_2056_circuit_no_condition_2_1_6,4,5,5429,601
loop_2056_circuit_no_condition_2_1_6,4,6,624,601
loop_2056_circuit_no_condition_2_1_6,4,7,624,601
loop_2056_circuit_no_condition_2_1_6,4,8,624,601
loop_2056_circuit_no_condition_2_1_6,4,9,624,601
loop_2056_circuit_no_condition_2_1_6,4,10,624,601
loop_2056_circuit_no_condition_2_1_6,4,11,624,601
loop_2056_circuit_no_condition_2_1_6,4,12,624,601
loop_2056_circuit_no_condition_2_1_6,4,13,624,601
loop_2056_circuit_no_condition_2_1_6,4,14,624,601
loop_2056_circuit_no_condition_2_1_6,4,15,624,601
loop_2056_circuit_no_condition_2_1_6,4,0,624,702
loop_2056_circuit_no_condition_2_1_6,4,1,624,702
loop_2056_circuit_no_condition_2_1_6,4,2,624,702
loop_2056_circuit_no_condition_2_1_6,4,3,624,702
loop_2056_circuit_no_condition_2_1_6,4,4,624,702
loop_2056_circuit_no_condition_2_1_6,4,5,5427,702
loop_2056_circuit_no_condition_2_1_6,4,6,624,702
loop_2056_circuit_no_condition_2_1_6,4,7,624,702
loop_2056_circuit_no_condition_2_1_6,4,8,624,702
loop_2056_circuit_no_condition_2_1_6,4,9,624,702
loop_2056_circuit_no_condition_2_1_6,4,10,624,702
loop_2056_circuit_no_condition_2_1_6,4,11,624,702
loop_2056_circuit_no_condition_2_1_6,4,12,624,702
loop_2056_circuit_no_condition_2_1_6,4,13,624,702
loop_2056_circuit_no_condition_2_1_6,4,14,624,702
loop_2056_circuit_no_condition_2_1_6,4,15,624,702
loop_2056_circuit_no_condition_2_1_6,4,0,624,801
loop_2056_circuit_no_condition_2_1_6,4,1,624,801
loop_2056_circuit_no_condition_2_1_6,4,2,624,801
loop_2056_circuit_no_condition_2_1_6,4,3,624,801
loop_2056_circuit_no_condition_2_1_6,4,4,624,801
loop_2056_circuit_no_condition_2_1_6,4,5,5429,801
loop_2056_circuit_no_condition_2_1_6,4,6,5433,801
loop_2056_circuit_no_condition_2_1_6,4,7,624,801
loop_2056_circuit_no_condition_2_1_6,4,8,624,801
loop_2056_circuit_no_condition_2_1_6,4,9,624,801
loop_2056_circuit_no_condition_2_1_6,4,10,624,801
loop_2056_circuit_no_condition_2_1_6,4,11,624,801
loop_2056_circuit_no_condition_2_1_6,4,12,624,801
loop_2056_circuit_no_condition_2_1_6,4,13,624,801
loop_2056_circuit_no_condition_2_1_6,4,14,624,801
loop_2056_circuit_no_condition_2_1_6,4,15,624,801
loop_2056_circuit_no_condition_2_1_6,4,0,624,901
loop_2056_circuit_no_condition_2_1_6,4,1,624,901
loop_2056_circuit_no_condition_2_1_6,4,2,624,901
loop_2056_circuit_no_condition_2_1_6,4,3,624,901
loop_2056_circuit_no_condition_2_1_6,4,4,624,901
loop_2056_circuit_no_condition_2_1_6,4,5,5432,901
loop_2056_circuit_no_condition_2_1_6,4,6,624,901
loop_2056_circuit_no_condition_2_1_6,4,7,624,901
loop_2056_circuit_no_condition_2_1_6,4,8,624,901
loop_2056_circuit_no_condition_2_1_6,4,9,624,901
loop_2056_circuit_no_condition_2_1_6,4,10,624,901
loop_2056_circuit_no_condition_2_1_6,4,11,624,901
loop_2056_circuit_no_condition_2_1_6,4,12,624,901
loop_2056_circuit_no_condition_2_1_6,4,13,624,901
loop_2056_circuit_no_condition_2_1_6,4,14,624,901
loop_2056_circuit_no_condition_2_1_6,4,15,624,901
loop_2056_circuit_no_condition_2_1_6,4,0,624,1001
loop_2056_circuit_no_condition_2_1_6,4,1,624,1001
loop_2056_circuit_no_condition_2_1_6,4,2,624,1001
loop_2056_circuit_no_condition_2_1_6,4,3,624,1001
loop_2056_circuit_no_condition_2_1_6,4,4,624,1001
loop_2056_circuit_no_condition_2_1_6,4,5,5428,1001
loop_2056_circuit_no_condition_2_1_6,4,6,624,1001
loop_2056_circuit_no_condition_2_1_6,4,7,624,1001
loop_2056_circuit_no_condition_2_1_6,4,8,624,1001
loop_2056_circuit_no_condition_2_1_6,4,9,624,1001
loop_2056_circuit_no_condition_2_1_6,4,10,624,1001
loop_2056_circuit_no_condition_2_1_6,4,11,624,1001
loop_2056_circuit_no_condition_2_1_6,4,12,624,1001
loop_2056_circuit_no_condition_2_1_6,4,13,624,1001
loop_2056_circuit_no_condition_2_1_6,4,14,624,1001
loop_2056_circuit_no_condition_2_1_6,4,15,624,1001
loop_2056_circuit_no_condition_2_1_6,4,0,624,1101
loop_2056_circuit_no_condition_2_1_6,4,1,624,1101
loop_2056_circuit_no_condition_2_1_6,4,2,624,1101
loop_2056_circuit_no_condition_2_1_6,4,3,624,1101
loop_2056_circuit_no_condition_2_1_6,4,4,624,1101
loop_2056_circuit_no_condition_2_1_6,4,5,5431,1101
loop_2056_circuit_no_condition_2_1_6,4,6,624,1101
loop_2056_circuit_no_condition_2_1_6,4,7,624,1101
loop_2056_circuit_no_condition_2_1_6,4,8,624,1101
loop_2056_circuit_no_condition_2_1_6,4,9,624,1101
loop_2056_circuit_no_condition_2_1_6,4,10,624,1101
loop_2056_circuit_no_condition_2_1_6,4,11,624,1101
loop_2056_circuit_no_condition_2_1_6,4,12,624,1101
loop_2056_circuit_no_condition_2_1_6,4,13,624,1101
loop_2056_circuit_no_condition_2_1_6,4,14,624,1101
loop_2056_circuit_no_condition_2_1_6,4,15,624,1101
loop_2056_circuit_no_condition_2_1_6,4,0,624,1201
loop_2056_circuit_no_condition_2_1_6,4,1,624,1201
loop_2056_circuit_no_condition_2_1_6,4,2,624,1201
loop_2056_circuit_no_condition_2_1_6,4,3,624,1201
loop_2056_circuit_no_condition_2_1_6,4,4,624,1201
loop_2056_circuit_no_condition_2_1_6,4,5,5431,1201
loop_2056_circuit_no_condition_2_1_6,4,6,624,1201
loop_2056_circuit_no_condition_2_1_6,4,7,624,1201
loop_2056_circuit_no_condition_2_1_6,4,8,624,1201
loop_2056_circuit_no_condition_2_1_6,4,9,624,1201
loop_2056_circuit_no_condition_2_1_6,4,10,624,1201
loop_2056_circuit_no_condition_2_1_6,4,11,624,1201
loop_2056_circuit_no_condition_2_1_6,4,12,624,1201
loop_2056_circuit_no_condition_2_1_6,4,13,624,1201
loop_2056_circuit_no_condition_2_1_6,4,14,624,1201
loop_2056_circuit_no_condition_2_1_6,4,15,624,1201
loop_2056_circuit_no_condition_2_1_6,4,0,624,1301
loop_2056_circuit_no_condition_2_1_6,4,1,624,1301
loop_2056_circuit_no_condition_2_1_6,4,2,624,1301
loop_2056_circuit_no_condition_2_1_6,4,3,624,1301
loop_2056_circuit_no_condition_2_1_6,4,4,624,1301
loop_2056_circuit_no_condition_2_1_6,4,5,5432,1301
loop_2056_circuit_no_condition_2_1_6,4,6,624,1301
loop_2056_circuit_no_condition_2_1_6,4,7,624,1301
loop_2056_circuit_no_condition_2_1_6,4,8,624,1301
loop_2056_circuit_no_condition_2_1_6,4,9,624,1301
loop_2056_circuit_no_condition_2_1_6,4,10,624,1301
loop_2056_circuit_no_condition_2_1_6,4,11,624,1301
loop_2056_circuit_no_condition_2_1_6,4,12,624,1301
loop_2056_circuit_no_condition_2_1_6,4,13,624,1301
loop_2056_circuit_no_condition_2_1_6,4,14,624,1301
loop_2056_circuit_no_condition_2_1_6,4,15,624,1301
loop_2056_circuit_no_condition_2_1_6,4,0,624,1401
loop_2056_circuit_no_condition_2_1_6,4,1,624,1401
loop_2056_circuit_no_condition_2_1_6,4,2,624,1401
loop_2056_circuit_no_condition_2_1_6,4,3,624,1401
loop_2056_circuit_no_condition_2_1_6,4,4,624,1401
loop_2056_circuit_no_condition_2_1_6,4,5,5429,1401
loop_2056_circuit_no_condition_2_1_6,4,6,4355,1401
loop_2056_circuit_no_condition_2_1_6,4,7,624,1401
loop_2056_circuit_no_condition_2_1_6,4,8,624,1401
loop_2056_circuit_no_condition_2_1_6,4,9,624,1401
loop_2056_circuit_no_condition_2_1_6,4,10,624,1401
loop_2056_circuit_no_condition_2_1_6,4,11,624,1401
loop_2056_circuit_no_condition_2_1_6,4,12,624,1401
loop_2056_circuit_no_condition_2_1_6,4,13,624,1401
loop_2056_circuit_no_condition_2_1_6,4,14,624,1401
loop_2056_circuit_no_condition_2_1_6,4,15,624,1401
loop_2056_circuit_no_condition_2_1_6,4,0,624,1501
loop_2056_circuit_no_condition_2_1_6,4,1,624,1501
loop_2056_circuit_no_condition_2_1_6,4,2,624,1501
loop_2056_circuit_no_condition_2_1_6,4,3,624,1501
loop_2056_circuit_no_condition_2_1_6,4,4,624,1501
loop_2056_circuit_no_condition_2_1_6,4,5,5428,1501
loop_2056_circuit_no_condition_2_1_6,4,6,624,1501
loop_2056_circuit_no_condition_2_1_6,4,7,624,1501
loop_2056_circuit_no_condition_2_1_6,4,8,624,1501
loop_2056_circuit_no_condition_2_1_6,4,9,624,1501
loop_2056_circuit_no_condition_2_1_6,4,10,624,1501
loop_2056_circuit_no_condition_2_1_6,4,11,624,1501
loop_2056_circuit_no_condition_2_1_6,4,12,624,1501
loop_2056_circuit_no_condition_2_1_6,4,13,624,1501
loop_2056_circuit_no_condition_2_1_6,4,14,624,1501
loop_2056_circuit_no_condition_2_1_6,4,15,624,1501
loop_2056_circuit_no_condition_2_1_6,4,0,624,1601
loop_2056_circuit_no_condition_2_1_6,4,1,624,1601
loop_2056_circuit_no_condition_2_1_6,4,2,624,1601
loop_2056_circuit_no_condition_2_1_6,4,3,624,1601
loop_2056_circuit_no_condition_2_1_6,4,4,624,1601
loop_2056_circuit_no_condition_2_1_6,4,5,5428,1601
loop_2056_circuit_no_condition_2_1_6,4,6,624,1601
loop_2056_circuit_no_condition_2_1_6,4,7,624,1601
loop_2056_circuit_no_condition_2_1_6,4,8,624,1601
loop_2056_circuit_no_condition_2_1_6,4,9,624,1601
loop_2056_circuit_no_condition_2_1_6,4,10,624,1601
loop_2056_circuit_no_condition_2_1_6,4,11,624,1601
loop_2056_circuit_no_condition_2_1_6,4,12,624,1601
loop_2056_circuit_no_condition_2_1_6,4,13,624,1601
loop_2056_circuit_no_condition_2_1_6,4,14,624,1601
loop_2056_circuit_no_condition_2_1_6,4,15,624,1601
loop_2056_circuit_no_condition_2_1_6,4,0,624,1701
loop_2056_circuit_no_condition_2_1_6,4,1,624,1701
loop_2056_circuit_no_condition_2_1_6,4,2,624,1701
loop_2056_circuit_no_condition_2_1_6,4,3,624,1701
loop_2056_circuit_no_condition_2_1_6,4,4,624,1701
loop_2056_circuit_no_condition_2_1_6,4,5,5427,1701
loop_2056_circuit_no_condition_2_1_6,4,6,624,1701
loop_2056_circuit_no_condition_2_1_6,4,7,624,1701
loop_2056_circuit_no_condition_2_1_6,4,8,624,1701
loop_2056_circuit_no_condition_2_1_6,4,9,624,1701
loop_2056_circuit_no_condition_2_1_6,4,10,624,1701
loop_2056_circuit_no_condition_2_1_6,4,11,624,1701
loop_2056_circuit_no_condition_2_1_6,4,12,624,1701
loop_2056_circuit_no_condition_2_1_6,4,13,624,1701
loop_2056_circuit_no_condition_2_1_6,4,14,624,1701
loop_2056_circuit_no_condition_2_1_6,4,15,624,1701
loop_2056_circuit_no_condition_2_1_6,4,0,624,1801
loop_2056_circuit_no_condition_2_1_6,4,1,624,1801
loop_2056_circuit_no_condition_2_1_6,4,2,624,1801
loop_2056_circuit_no_condition_2_1_6,4,3,624,1801
loop_2056_circuit_no_condition_2_1_6,4,4,624,1801
loop_2056_circuit_no_condition_2_1_6,4,5,5431,1801
loop_2056_circuit_no_condition_2_1_6,4,6,3878,1801
loop_2056_circuit_no_condition_2_1_6,4,7,624,1801
loop_2056_circuit_no_condition_2_1_6,4,8,624,1801
loop_2056_circuit_no_condition_2_1_6,4,9,624,1801
loop_2056_circuit_no_condition_2_1_6,4,10,624,1801
loop_2056_circuit_no_condition_2_1_6,4,11,624,1801
loop_2056_circuit_no_condition_2_1_6,4,12,624,1801
loop_2056_circuit_no_condition_2_1_6,4,13,624,1801
loop_2056_circuit_no_condition_2_1_6,4,14,624,1801
loop_2056_circuit_no_condition_2_1_6,4,15,624,1801
loop_2056_circuit_no_condition_2_1_6,4,0,624,1901
loop_2056_circuit_no_condition_2_1_6,4,1,5427,1901
loop_2056_circuit_no_condition_2_1_6,4,2,624,1901
loop_2056_circuit_no_condition_2_1_6,4,3,5418,1901
loop_2056_circuit_no_condition_2_1_6,4,4,624,1901
loop_2056_circuit_no_condition_2_1_6,4,5,5420,1901
loop_2056_circuit_no_condition_2_1_6,4,6,5407,1901
loop_2056_circuit_no_condition_2_1_6,4,7,4588,1901
loop_2056_circuit_no_condition_2_1_6,4,8,5436,1901
loop_2056_circuit_no_condition_2_1_6,4,9,624,1901
loop_2056_circuit_no_condition_2_1_6,4,10,5418,1901
loop_2056_circuit_no_condition_2_1_6,4,11,5423,1901
loop_2056_circuit_no_condition_2_1_6,4,12,5417,1901
loop_2056_circuit_no_condition_2_1_6,4,13,5420,1901
loop_2056_circuit_no_condition_2_1_6,4,14,5426,1901
loop_2056_circuit_no_condition_2_1_6,4,15,5387,1901
loop_2056_circuit_no_condition_2_1_6,5,0,5436,1
loop_2056_circuit_no_condition_2_1_6,5,1,5404,1
loop_2056_circuit_no_condition_2_1_6,5,2,3499,1
loop_2056_circuit_no_condition_2_1_6,5,3,5427,1
loop_2056_circuit_no_condition_2_1_6,5,4,5431,1
loop_2056_circuit_no_condition_2_1_6,5,5,5431,1
loop_2056_circuit_no_condition_2_1_6,5,6,5433,1
loop_2056_circuit_no_condition_2_1_6,5,7,5434,1
loop_2056_circuit_no_condition_2_1_6,5,8,5427,1
loop_2056_circuit_no_condition_2_1_6,5,9,624,1
loop_2056_circuit_no_condition_2_1_6,5,10,624,1
loop_2056_circuit_no_condition_2_1_6,5,11,5402,1
loop_2056_circuit_no_condition_2_1_6,5,12,624,1
loop_2056_circuit_no_condition_2_1_6,5,13,624,1
loop_2056_circuit_no_condition_2_1_6,5,14,624,1
loop_2056_circuit_no_condition_2_1_6,5,15,5428,1
loop_2056_circuit_no_condition_2_1_6,5,0,5411,101
loop_2056_circuit_no_condition_2_1_6,5,1,5428,101
loop_2056_circuit_no_condition_2_1_6,5,2,5384,101
loop_2056_circuit_no_condition_2_1_6,5,3,5426,101
loop_2056_circuit_no_condition_2_1_6,5,4,5430,101
loop_2056_circuit_no_condition_2_1_6,5,5,5433,101
loop_2056_circuit_no_condition_2_1_6,5,6,5425,101
loop_2056_circuit_no_condition_2_1_6,5,7,5429,101
loop_2056_circuit_no_condition_2_1_6,5,8,5426,101
loop_2056_circuit_no_condition_2_1_6,5,9,5427,101
loop_2056_circuit_no_condition_2_1_6,5,10,5427,101
loop_2056_circuit_no_condition_2_1_6,5,11,5428,101
loop_2056_circuit_no_condition_2_1_6,5,12,5427,101
loop_2056_circuit_no_condition_2_1_6,5,13,5427,101
loop_2056_circuit_no_condition_2_1_6,5,14,5428,101
loop_2056_circuit_no_condition_2_1_6,5,15,5432,101
loop_2056_circuit_no_condition_2_1_6,5,0,5409,201
loop_2056_circuit_no_condition_2_1_6,5,1,5417,201
loop_2056_circuit_no_condition_2_1_6,5,2,5430,201
loop_2056_circuit_no_condition_2_1_6,5,3,5416,201
loop_2056_circuit_no_condition_2_1_6,5,4,5360,201
loop_2056_circuit_no_condition_2_1_6,5,5,5427,201
loop_2056_circuit_no_condition_2_1_6,5,6,5387,201
loop_2056_circuit_no_condition_2_1_6,5,7,5424,201
loop_2056_circuit_no_condition_2_1_6,5,8,5369,201
loop_2056_circuit_no_condition_2_1_6,5,9,5386,201
loop_2056_circuit_no_condition_2_1_6,5,10,5416,201
loop_2056_circuit_no_condition_2_1_6,5,11,5358,201
loop_2056_circuit_no_condition_2_1_6,5,12,5395,201
loop_2056_circuit_no_condition_2_1_6,5,13,5432,201
loop_2056_circuit_no_condition_2_1_6,5,14,5345,201
loop_2056_circuit_no_condition_2_1_6,5,15,5414,201
loop_2056_circuit_no_condition_2_1_6,5,0,5422,301
loop_2056_circuit_no_condition_2_1_6,5,1,624,301
loop_2056_circuit_no_condition_2_1_6,5,2,624,301
loop_2056_circuit_no_condition_2_1_6,5,3,624,301
loop_2056_circuit_no_condition_2_1_6,5,4,5087,301
loop_2056_circuit_no_condition_2_1_6,5,5,5432,301
loop_2056_circuit_no_condition_2_1_6,5,6,4047,301
loop_2056_circuit_no_condition_2_1_6,5,7,4730,301
loop_2056_circuit_no_condition_2_1_6,5,8,624,301
loop_2056_circuit_no_condition_2_1_6,5,9,624,301
loop_2056_circuit_no_condition_2_1_6,5,10,624,301
loop_2056_circuit_no_condition_2_1_6,5,11,624,301
loop_2056_circuit_no_condition_2_1_6,5,12,624,301
loop_2056_circuit_no_condition_2_1_6,5,13,5428,301
loop_2056_circuit_no_condition_2_1_6,5,14,624,301
loop_2056_circuit_no_condition_2_1_6,5,15,624,301
loop_2056_circuit_no_condition_2_1_6,5,0,624,401
loop_2056_circuit_no_condition_2_1_6,5,1,624,401
loop_2056_circuit_no_condition_2_1_6,5,2,624,401
loop_2056_circuit_no_condition_2_1_6,5,3,624,401
loop_2056_circuit_no_condition_2_1_6,5,4,5450,401
loop_2056_circuit_no_condition_2_1_6,5,5,5436,401
loop_2056_circuit_no_condition_2_1_6,5,6,624,401
loop_2056_circuit_no_condition_2_1_6,5,7,5432,401
loop_2056_circuit_no_condition_2_1_6,5,8,624,401
loop_2056_circuit_no_condition_2_1_6,5,9,624,401
loop_2056_circuit_no_condition_2_1_6,5,10,624,401
loop_2056_circuit_no_condition_2_1_6,5,11,624,401
loop_2056_circuit_no_condition_2_1_6,5,12,624,401
loop_2056_circuit_no_condition_2_1_6,5,13,624,401
loop_2056_circuit_no_condition_2_1_6,5,14,624,401
loop_2056_circuit_no_condition_2_1_6,5,15,624,401
loop_2056_circuit_no_condition_2_1_6,5,0,624,502
loop_2056_circuit_no_condition_2_1_6,5,1,3427,502
loop_2056_circuit_no_condition_2_1_6,5,2,624,502
loop_2056_circuit_no_condition_2_1_6,5,3,624,502
loop_2056_circuit_no_condition_2_1_6,5,4,4885,502
loop_2056_circuit_no_condition_2_1_6,5,5,5431,502
loop_2056_circuit_no_condition_2_1_6,5,6,5434,502
loop_2056_circuit_no_condition_2_1_6,5,7,624,502
loop_2056_circuit_no_condition_2_1_6,5,8,624,502
loop_2056_circuit_no_condition_2_1_6,5,9,624,502
loop_2056_circuit_no_condition_2_1_6,5,10,624,502
loop_2056_circuit_no_condition_2_1_6,5,11,624,502
loop_2056_circuit_no_condition_2_1_6,5,12,624,502
loop_2056_circuit_no_condition_2_1_6,5,13,624,502
loop_2056_circuit_no_condition_2_1_6,5,14,624,502
loop_2056_circuit_no_condition_2_1_6,5,15,624,502
loop_2056_circuit_no_condition_2_1_6,5,0,624,601
loop_2056_circuit_no_condition_2_1_6,5,1,624,601
loop_2056_circuit_no_condition_2_1_6,5,2,624,601
loop_2056_circuit_no_condition_2_1_6,5,3,5450,601
loop_2056_circuit_no_condition_2_1_6,5,4,624,601
loop_2056_circuit_no_condition_2_1_6,5,5,5433,601
loop_2056_circuit_no_condition_2_1_6,5,6,4920,601
loop_2056_circuit_no_condition_2_1_6,5,7,624,601
loop_2056_circuit_no_condition_2_1_6,5,8,624,601
loop_2056_circuit_no_condition_2_1_6,5,9,624,601
loop_2056_circuit_no_condition_2_1_6,5,10,624,601
loop_2056_circuit_no_condition_2_1_6,5,11,624,601
loop_2056_circuit_no_condition_2_1_6,5,12,624,601
loop_2056_circuit_no_condition_2_1_6,5,13,624,601
loop_2056_circuit_no_condition_2_1_6,5,14,624,601
loop_2056_circuit_no_condition_2_1_6,5,15,624,601
loop_2056_circuit_no_condition_2_1_6,5,0,624,701
loop_2056_circuit_no_condition_2_1_6,5,1,624,701
loop_2056_circuit_no_condition_2_1_6,5,2,624,701
loop_2056_circuit_no_condition_2_1_6,5,3,624,701
loop_2056_circuit_no_condition_2_1_6,5,4,5415,701
loop_2056_circuit_no_condition_2_1_6,5,5,5428,701
loop_2056_circuit_no_condition_2_1_6,5,6,5418,701
loop_2056_circuit_no_condition_2_1_6,5,7,624,701
loop_2056_circuit_no_condition_2_1_6,5,8,624,701
loop_2056_circuit_no_condition_2_1_6,5,9,624,701
loop_2056_circuit_no_condition_2_1_6,5,10,624,701
loop_2056_circuit_no_condition_2_1_6,5,11,624,701
loop_2056_circuit_no_condition_2_1_6,5,12,624,701
loop_2056_circuit_no_condition_2_1_6,5,13,624,701
loop_2056_circuit_no_condition_2_1_6,5,14,624,701
loop_2056_circuit_no_condition_2_1_6,5,15,624,701
loop_2056_circuit_no_condition_2_1_6,5,0,624,802
loop_2056_circuit_no_condition_2_1_6,5,1,3986,802
loop_2056_circuit_no_condition_2_1_6,5,2,624,802
loop_2056_circuit_no_condition_2_1_6,5,3,624,802
loop_2056_circuit_no_condition_2_1_6,5,4,624,802
loop_2056_circuit_no_condition_2_1_6,5,5,5427,802
loop_2056_circuit_no_condition_2_1_6,5,6,624,802
loop_2056_circuit_no_condition_2_1_6,5,7,624,802
loop_2056_circuit_no_condition_2_1_6,5,8,624,802
loop_2056_circuit_no_condition_2_1_6,5,9,624,802
loop_2056_circuit_no_condition_2_1_6,5,10,624,802
loop_2056_circuit_no_condition_2_1_6,5,11,624,802
loop_2056_circuit_no_condition_2_1_6,5,12,624,802
loop_2056_circuit_no_condition_2_1_6,5,13,624,802
loop_2056_circuit_no_condition_2_1_6,5,14,624,802
loop_2056_circuit_no_condition_2_1_6,5,15,624,802
loop_2056_circuit_no_condition_2_1_6,5,0,624,901
loop_2056_circuit_no_condition_2_1_6,5,1,3223,901
loop_2056_circuit_no_condition_2_1_6,5,2,624,901
loop_2056_circuit_no_condition_2_1_6,5,3,4250,901
loop_2056_circuit_no_condition_2_1_6,5,4,624,901
loop_2056_circuit_no_condition_2_1_6,5,5,5426,901
loop_2056_circuit_no_condition_2_1_6,5,6,624,901
loop_2056_circuit_no_condition_2_1_6,5,7,624,901
loop_2056_circuit_no_condition_2_1_6,5,8,624,901
loop_2056_circuit_no_condition_2_1_6,5,9,624,901
loop_2056_circuit_no_condition_2_1_6,5,10,624,901
loop_2056_circuit_no_condition_2_1_6,5,11,624,901
loop_2056_circuit_no_condition_2_1_6,5,12,624,901
loop_2056_circuit_no_condition_2_1_6,5,13,624,901
loop_2056_circuit_no_condition_2_1_6,5,14,624,901
loop_2056_circuit_no_condition_2_1_6,5,15,624,901
loop_2056_circuit_no_condition_2_1_6,5,0,624,1001
loop_2056_circuit_no_condition_2_1_6,5,1,624,1001
loop_2056_circuit_no_condition_2_1_6,5,2,624,1001
loop_2056_circuit_no_condition_2_1_6,5,3,5420,1001
loop_2056_circuit_no_condition_2_1_6,5,4,624,1001
loop_2056_circuit_no_condition_2_1_6,5,5,5428,1001
loop_2056_circuit_no_condition_2_1_6,5,6,5429,1001
loop_2056_circuit_no_condition_2_1_6,5,7,624,1001
loop_2056_circuit_no_condition_2_1_6,5,8,624,1001
loop_2056_circuit_no_condition_2_1_6,5,9,624,1001
loop_2056_circuit_no_condition_2_1_6,5,10,624,1001
loop_2056_circuit_no_condition_2_1_6,5,11,624,1001
loop_2056_circuit_no_condition_2_1_6,5,12,624,1001
loop_2056_circuit_no_condition_2_1_6,5,13,624,1001
loop_2056_circuit_no_condition_2_1_6,5,14,624,1001
loop_2056_circuit_no_condition_2_1_6,5,15,624,1001
loop_2056_circuit_no_condition_2_1_6,5,0,624,1101
loop_2056_circuit_no_condition_2_1_6,5,1,624,1101
loop_2056_circuit_no_condition_2_1_6,5,2,3096,1101
loop_2056_circuit_no_condition_2_1_6,5,3,624,1101
loop_2056_circuit_no_condition_2_1_6,5,4,5421,1101
loop_2056_circuit_no_condition_2_1_6,5,5,5426,1101
loop_2056_circuit_no_condition_2_1_6,5,6,5415,1101
loop_2056_circuit_no_condition_2_1_6,5,7,624,1101
loop_2056_circuit_no_condition_2_1_6,5,8,624,1101
loop_2056_circuit_no_condition_2_1_6,5,9,624,1101
loop_2056_circuit_no_condition_2_1_6,5,10,624,1101
loop_2056_circuit_no_condition_2_1_6,5,11,624,1101
loop_2056_circuit_no_condition_2_1_6,5,12,624,1101
loop_2056_circuit_no_condition_2_1_6,5,13,624,1101
loop_2056_circuit_no_condition_2_1_6,5,14,624,1101
loop_2056_circuit_no_condition_2_1_6,5,15,624,1101
loop_2056_circuit_no_condition_2_1_6,5,0,624,1201
loop_2056_circuit_no_condition_2_1_6,5,1,624,1201
loop_2056_circuit_no_condition_2_1_6,5,2,624,1201
loop_2056_circuit_no_condition_2_1_6,5,3,4448,1201
loop_2056_circuit_no_condition_2_1_6,5,4,624,1201
loop_2056_circuit_no_condition_2_1_6,5,5,5429,1201
loop_2056_circuit_no_condition_2_1_6,5,6,4266,1201
loop_2056_circuit_no_condition_2_1_6,5,7,624,1201
loop_2056_circuit_no_condition_2_1_6,5,8,624,1201
loop_2056_circuit_no_condition_2_1_6,5,9,624,1201
loop_2056_circuit_no_condition_2_1_6,5,10,624,1201
loop_2056_circuit_no_condition_2_1_6,5,11,624,1201
loop_2056_circuit_no_condition_2_1_6,5,12,624,1201
loop_2056_circuit_no_condition_2_1_6,5,13,5428,1201
loop_2056_circuit_no_condition_2_1_6,5,14,624,1201
loop_2056_circuit_no_condition_2_1_6,5,15,624,1201
loop_2056_circuit_no_condition_2_1_6,5,0,624,1302
loop_2056_circuit_no_condition_2_1_6,5,1,624,1302
loop_2056_circuit_no_condition_2_1_6,5,2,4172,1302
loop_2056_circuit_no_condition_2_1_6,5,3,624,1302
loop_2056_circuit_no_condition_2_1_6,5,4,624,1302
loop_2056_circuit_no_condition_2_1_6,5,5,5427,1302
loop_2056_circuit_no_condition_2_1_6,5,6,4173,1302
loop_2056_circuit_no_condition_2_1_6,5,7,624,1302
loop_2056_circuit_no_condition_2_1_6,5,8,624,1302
loop_2056_circuit_no_condition_2_1_6,5,9,624,1302
loop_2056_circuit_no_condition_2_1_6,5,10,624,1302
loop_2056_circuit_no_condition_2_1_6,5,11,624,1302
loop_2056_circuit_no_condition_2_1_6,5,12,624,1302
loop_2056_circuit_no_condition_2_1_6,5,13,5429,1302
loop_2056_circuit_no_condition_2_1_6,5,14,624,1302
loop_2056_circuit_no_condition_2_1_6,5,15,624,1302
loop_2056_circuit_no_condition_2_1_6,5,0,624,1401
loop_2056_circuit_no_condition_2_1_6,5,1,3098,1401
loop_2056_circuit_no_condition_2_1_6,5,2,624,1401
loop_2056_circuit_no_condition_2_1_6,5,3,624,1401
loop_2056_circuit_no_condition_2_1_6,5,4,624,1401
loop_2056_circuit_no_condition_2_1_6,5,5,5431,1401
loop_2056_circuit_no_condition_2_1_6,5,6,4180,1401
loop_2056_circuit_no_condition_2_1_6,5,7,624,1401
loop_2056_circuit_no_condition_2_1_6,5,8,624,1401
loop_2056_circuit_no_condition_2_1_6,5,9,624,1401
loop_2056_circuit_no_condition_2_1_6,5,10,624,1401
loop_2056_circuit_no_condition_2_1_6,5,11,624,1401
loop_2056_circuit_no_condition_2_1_6,5,12,4566,1401
loop_2056_circuit_no_condition_2_1_6,5,13,624,1401
loop_2056_circuit_no_condition_2_1_6,5,14,624,1401
loop_2056_circuit_no_condition_2_1_6,5,15,624,1401
loop_2056_circuit_no_condition_2_1_6,5,0,624,1501
loop_2056_circuit_no_condition_2_1_6,5,1,624,1501
loop_2056_circuit_no_condition_2_1_6,5,2,624,1501
loop_2056_circuit_no_condition_2_1_6,5,3,5406,1501
loop_2056_circuit_no_condition_2_1_6,5,4,4337,1501
loop_2056_circuit_no_condition_2_1_6,5,5,5430,1501
loop_2056_circuit_no_condition_2_1_6,5,6,5428,1501
loop_2056_circuit_no_condition_2_1_6,5,7,4576,1501
loop_2056_circuit_no_condition_2_1_6,5,8,624,1501
loop_2056_circuit_no_condition_2_1_6,5,9,624,1501
loop_2056_circuit_no_condition_2_1_6,5,10,624,1501
loop_2056_circuit_no_condition_2_1_6,5,11,624,1501
loop_2056_circuit_no_condition_2_1_6,5,12,624,1501
loop_2056_circuit_no_condition_2_1_6,5,13,624,1501
loop_2056_circuit_no_condition_2_1_6,5,14,624,1501
loop_2056_circuit_no_condition_2_1_6,5,15,624,1501
loop_2056_circuit_no_condition_2_1_6,5,0,5413,1601
loop_2056_circuit_no_condition_2_1_6,5,1,624,1601
loop_2056_circuit_no_condition_2_1_6,5,2,624,1601
loop_2056_circuit_no_condition_2_1_6,5,3,5317,1601
loop_2056_circuit_no_condition_2_1_6,5,4,5417,1601
loop_2056_circuit_no_condition_2_1_6,5,5,5416,1601
loop_2056_circuit_no_condition_2_1_6,5,6,4713,1601
loop_2056_circuit_no_condition_2_1_6,5,7,624,1601
loop_2056_circuit_no_condition_2_1_6,5,8,5399,1601
loop_2056_circuit_no_condition_2_1_6,5,9,4576,1601
loop_2056_circuit_no_condition_2_1_6,5,10,624,1601
loop_2056_circuit_no_condition_2_1_6,5,11,5416,1601
loop_2056_circuit_no_condition_2_1_6,5,12,624,1601
loop_2056_circuit_no_condition_2_1_6,5,13,624,1601
loop_2056_circuit_no_condition_2_1_6,5,14,624,1601
loop_2056_circuit_no_condition_2_1_6,5,15,624,1601
loop_2056_circuit_no_condition_2_1_6,5,0,624,1701
loop_2056_circuit_no_condition_2_1_6,5,1,624,1701
loop_2056_circuit_no_condition_2_1_6,5,2,624,1701
loop_2056_circuit_no_condition_2_1_6,5,3,624,1701
loop_2056_circuit_no_condition_2_1_6,5,4,5417,1701
loop_2056_circuit_no_condition_2_1_6,5,5,5427,1701
loop_2056_circuit_no_condition_2_1_6,5,6,5421,1701
loop_2056_circuit_no_condition_2_1_6,5,7,624,1701
loop_2056_circuit_no_condition_2_1_6,5,8,624,1701
loop_2056_circuit_no_condition_2_1_6,5,9,624,1701
loop_2056_circuit_no_condition_2_1_6,5,10,624,1701
loop_2056_circuit_no_condition_2_1_6,5,11,624,1701
loop_2056_circuit_no_condition_2_1_6,5,12,624,1701
loop_2056_circuit_no_condition_2_1_6,5,13,624,1701
loop_2056_circuit_no_condition_2_1_6,5,14,624,1701
loop_2056_circuit_no_condition_2_1_6,5,15,624,1701
loop_2056_circuit_no_condition_2_1_6,5,0,624,1801
loop_2056_circuit_no_condition_2_1_6,5,1,4374,1801
loop_2056_circuit_no_condition_2_1_6,5,2,624,1801
loop_2056_circuit_no_condition_2_1_6,5,3,624,1801
loop_2056_circuit_no_condition_2_1_6,5,4,624,1801
loop_2056_circuit_no_condition_2_1_6,5,5,5430,1801
loop_2056_circuit_no_condition_2_1_6,5,6,624,1801
loop_2056_circuit_no_condition_2_1_6,5,7,624,1801
loop_2056_circuit_no_condition_2_1_6,5,8,624,1801
loop_2056_circuit_no_condition_2_1_6,5,9,624,1801
loop_2056_circuit_no_condition_2_1_6,5,10,624,1801
loop_2056_circuit_no_condition_2_1_6,5,11,624,1801
loop_2056_circuit_no_condition_2_1_6,5,12,624,1801
loop_2056_circuit_no_condition_2_1_6,5,13,624,1801
loop_2056_circuit_no_condition_2_1_6,5,14,624,1801
loop_2056_circuit_no_condition_2_1_6,5,15,624,1801
loop_2056_circuit_no_condition_2_1_6,5,0,5427,1901
loop_2056_circuit_no_condition_2_1_6,5,1,5420,1901
loop_2056_circuit_no_condition_2_1_6,5,2,5428,1901
loop_2056_circuit_no_condition_2_1_6,5,3,5387,1901
loop_2056_circuit_no_condition_2_1_6,5,4,5432,1901
loop_2056_circuit_no_condition_2_1_6,5,5,5427,1901
loop_2056_circuit_no_condition_2_1_6,5,6,5399,1901
loop_2056_circuit_no_condition_2_1_6,5,7,5429,1901
loop_2056_circuit_no_condition_2_1_6,5,8,5416,1901
loop_2056_circuit_no_condition_2_1_6,5,9,5385,1901
loop_2056_circuit_no_condition_2_1_6,5,10,624,1901
loop_2056_circuit_no_condition_2_1_6,5,11,624,1901
loop_2056_circuit_no_condition_2_1_6,5,12,624,1901
loop_2056_circuit_no_condition_2_1_6,5,13,624,1901
loop_2056_circuit_no_condition_2_1_6,5,14,624,1901
loop_2056_circuit_no_condition_2_1_6,5,15,5412,1901
loop_2056_circuit_no_condition_2_1_6,6,0,5429,1
loop_2056_circuit_no_condition_2_1_6,6,1,5421,1
loop_2056_circuit_no_condition_2_1_6,6,2,5410,1
loop_2056_circuit_no_condition_2_1_6,6,3,5413,1
loop_2056_circuit_no_condition_2_1_6,6,4,2982,1
loop_2056_circuit_no_condition_2_1_6,6,5,5428,1
loop_2056_circuit_no_condition_2_1_6,6,6,5420,1
loop_2056_circuit_no_condition_2_1_6,6,7,5376,1
loop_2056_circuit_no_condition_2_1_6,6,8,5419,1
loop_2056_circuit_no_condition_2_1_6,6,9,624,1
loop_2056_circuit_no_condition_2_1_6,6,10,624,1
loop_2056_circuit_no_condition_2_1_6,6,11,5396,1
loop_2056_circuit_no_condition_2_1_6,6,12,624,1
loop_2056_circuit_no_condition_2_1_6,6,13,5437,1
loop_2056_circuit_no_condition_2_1_6,6,14,624,1
loop_2056_circuit_no_condition_2_1_6,6,15,624,1
loop_2056_circuit_no_condition_2_1_6,6,0,5382,101
loop_2056_circuit_no_condition_2_1_6,6,1,5424,101
loop_2056_circuit_no_condition_2_1_6,6,2,5341,101
loop_2056_circuit_no_condition_2_1_6,6,3,5388,101
loop_2056_circuit_no_condition_2_1_6,6,4,5311,101
loop_2056_circuit_no_condition_2_1_6,6,5,5433,101
loop_2056_circuit_no_condition_2_1_6,6,6,5410,101
loop_2056_circuit_no_condition_2_1_6,6,7,5419,101
loop_2056_circuit_no_condition_2_1_6,6,8,5381,101
loop_2056_circuit_no_condition_2_1_6,6,9,5381,101
loop_2056_circuit_no_condition_2_1_6,6,10,5392,101
loop_2056_circuit_no_condition_2_1_6,6,11,5403,101
loop_2056_circuit_no_condition_2_1_6,6,12,5379,101
loop_2056_circuit_no_condition_2_1_6,6,13,5392,101
loop_2056_circuit_no_condition_2_1_6,6,14,5367,101
loop_2056_circuit_no_condition_2_1_6,6,15,5365,101
loop_2056_circuit_no_condition_2_1_6,6,0,5405,201
loop_2056_circuit_no_condition_2_1_6,6,1,5413,201
loop_2056_circuit_no_condition_2_1_6,6,2,5415,201
loop_2056_circuit_no_condition_2_1_6,6,3,5406,201
loop_2056_circuit_no_condition_2_1_6,6,4,5412,201
loop_2056_circuit_no_condition_2_1_6,6,5,5422,201
loop_2056_circuit_no_condition_2_1_6,6,6,5426,201
loop_2056_circuit_no_condition_2_1_6,6,7,5416,201
loop_2056_circuit_no_condition_2_1_6,6,8,5420,201
loop_2056_circuit_no_condition_2_1_6,6,9,5395,201
loop_2056_circuit_no_condition_2_1_6,6,10,5382,201
loop_2056_circuit_no_condition_2_1_6,6,11,5417,201
loop_2056_circuit_no_condition_2_1_6,6,12,5372,201
loop_2056_circuit_no_condition_2_1_6,6,13,5428,201
loop_2056_circuit_no_condition_2_1_6,6,14,5422,201
loop_2056_circuit_no_condition_2_1_6,6,15,5394,201
loop_2056_circuit_no_condition_2_1_6,6,0,3284,301
loop_2056_circuit_no_condition_2_1_6,6,1,624,301
loop_2056_circuit_no_condition_2_1_6,6,2,624,301
loop_2056_circuit_no_condition_2_1_6,6,3,624,301
loop_2056_circuit_no_condition_2_1_6,6,4,624,301
loop_2056_circuit_no_condition_2_1_6,6,5,5432,301
loop_2056_circuit_no_condition_2_1_6,6,6,624,301
loop_2056_circuit_no_condition_2_1_6,6,7,624,301
loop_2056_circuit_no_condition_2_1_6,6,8,624,301
loop_2056_circuit_no_condition_2_1_6,6,9,624,301
loop_2056_circuit_no_condition_2_1_6,6,10,624,301
loop_2056_circuit_no_condition_2_1_6,6,11,624,301
loop_2056_circuit_no_condition_2_1_6,6,12,624,301
loop_2056_circuit_no_condition_2_1_6,6,13,624,301
loop_2056_circuit_no_condition_2_1_6,6,14,624,301
loop_2056_circuit_no_condition_2_1_6,6,15,624,301
loop_2056_circuit_no_condition_2_1_6,6,0,624,401
loop_2056_circuit_no_condition_2_1_6,6,1,3022,401
loop_2056_circuit_no_condition_2_1_6,6,2,624,401
loop_2056_circuit_no_condition_2_1_6,6,3,624,401
loop_2056_circuit_no_condition_2_1_6,6,4,4160,401
loop_2056_circuit_no_condition_2_1_6,6,5,5427,401
loop_2056_circuit_no_condition_2_1_6,6,6,5423,401
loop_2056_circuit_no_condition_2_1_6,6,7,624,401
loop_2056_circuit_no_condition_2_1_6,6,8,624,401
loop_2056_circuit_no_condition_2_1_6,6,9,624,401
loop_2056_circuit_no_condition_2_1_6,6,10,4307,401
loop_2056_circuit_no_condition_2_1_6,6,11,624,401
loop_2056_circuit_no_condition_2_1_6,6,12,624,401
loop_2056_circuit_no_condition_2_1_6,6,13,624,401
loop_2056_circuit_no_condition_2_1_6,6,14,624,401
loop_2056_circuit_no_condition_2_1_6,6,15,624,401
loop_2056_circuit_no_condition_2_1_6,6,0,4771,501
loop_2056_circuit_no_condition_2_1_6,6,1,624,501
loop_2056_circuit_no_condition_2_1_6,6,2,624,501
loop_2056_circuit_no_condition_2_1_6,6,3,624,501
loop_2056_circuit_no_condition_2_1_6,6,4,4533,501
loop_2056_circuit_no_condition_2_1_6,6,5,5432,501
loop_2056_circuit_no_condition_2_1_6,6,6,624,501
loop_2056_circuit_no_condition_2_1_6,6,7,624,501
loop_2056_circuit_no_condition_2_1_6,6,8,624,501
loop_2056_circuit_no_condition_2_1_6,6,9,624,501
loop_2056_circuit_no_condition_2_1_6,6,10,624,501
loop_2056_circuit_no_condition_2_1_6,6,11,624,501
loop_2056_circuit_no_condition_2_1_6,6,12,624,501
loop_2056_circuit_no_condition_2_1_6,6,13,624,501
loop_2056_circuit_no_condition_2_1_6,6,14,624,501
loop_2056_circuit_no_condition_2_1_6,6,15,624,501
loop_2056_circuit_no_condition_2_1_6,6,0,624,601
loop_2056_circuit_no_condition_2_1_6,6,1,624,601
loop_2056_circuit_no_condition_2_1_6,6,2,624,601
loop_2056_circuit_no_condition_2_1_6,6,3,624,601
loop_2056_circuit_no_condition_2_1_6,6,4,624,601
loop_2056_circuit_no_condition_2_1_6,6,5,5430,601
loop_2056_circuit_no_condition_2_1_6,6,6,624,601
loop_2056_circuit_no_condition_2_1_6,6,7,624,601
loop_2056_circuit_no_condition_2_1_6,6,8,624,601
loop_2056_circuit_no_condition_2_1_6,6,9,624,601
loop_2056_circuit_no_condition_2_1_6,6,10,624,601
loop_2056_circuit_no_condition_2_1_6,6,11,624,601
loop_2056_circuit_no_condition_2_1_6,6,12,624,601
loop_2056_circuit_no_condition_2_1_6,6,13,624,601
loop_2056_circuit_no_condition_2_1_6,6,14,624,601
loop_2056_circuit_no_condition_2_1_6,6,15,624,601
loop_2056_circuit_no_condition_2_1_6,6,0,624,701
loop_2056_circuit_no_condition_2_1_6,6,1,624,701
loop_2056_circuit_no_condition_2_1_6,6,2,624,701
loop_2056_circuit_no_condition_2_1_6,6,3,624,701
loop_2056_circuit_no_condition_2_1_6,6,4,624,701
loop_2056_circuit_no_condition_2_1_6,6,5,5430,701
loop_2056_circuit_no_condition_2_1_6,6,6,624,701
loop_2056_circuit_no_condition_2_1_6,6,7,624,701
loop_2056_circuit_no_condition_2_1_6,6,8,624,701
loop_2056_circuit_no_condition_2_1_6,6,9,624,701
loop_2056_circuit_no_condition_2_1_6,6,10,624,701
loop_2056_circuit_no_condition_2_1_6,6,11,624,701
loop_2056_circuit_no_condition_2_1_6,6,12,624,701
loop_2056_circuit_no_condition_2_1_6,6,13,624,701
loop_2056_circuit_no_condition_2_1_6,6,14,624,701
loop_2056_circuit_no_condition_2_1_6,6,15,624,701
loop_2056_circuit_no_condition_2_1_6,6,0,624,800
loop_2056_circuit_no_condition_2_1_6,6,1,624,800
loop_2056_circuit_no_condition_2_1_6,6,2,624,800
loop_2056_circuit_no_condition_2_1_6,6,3,624,800
loop_2056_circuit_no_condition_2_1_6,6,4,624,800
loop_2056_circuit_no_condition_2_1_6,6,5,5431,800
loop_2056_circuit_no_condition_2_1_6,6,6,624,800
loop_2056_circuit_no_condition_2_1_6,6,7,624,800
loop_2056_circuit_no_condition_2_1_6,6,8,624,800
loop_2056_circuit_no_condition_2_1_6,6,9,624,800
loop_2056_circuit_no_condition_2_1_6,6,10,624,800
loop_2056_circuit_no_condition_2_1_6,6,11,624,800
loop_2056_circuit_no_condition_2_1_6,6,12,624,800
loop_2056_circuit_no_condition_2_1_6,6,13,624,800
loop_2056_circuit_no_condition_2_1_6,6,14,624,800
loop_2056_circuit_no_condition_2_1_6,6,15,624,800
loop_2056_circuit_no_condition_2_1_6,6,0,624,900
loop_2056_circuit_no_condition_2_1_6,6,1,624,900
loop_2056_circuit_no_condition_2_1_6,6,2,624,900
loop_2056_circuit_no_condition_2_1_6,6,3,624,900
loop_2056_circuit_no_condition_2_1_6,6,4,624,900
loop_2056_circuit_no_condition_2_1_6,6,5,5430,900
loop_2056_circuit_no_condition_2_1_6,6,6,624,900
loop_2056_circuit_no_condition_2_1_6,6,7,624,900
loop_2056_circuit_no_condition_2_1_6,6,8,624,900
loop_2056_circuit_no_condition_2_1_6,6,9,624,900
loop_2056_circuit_no_condition_2_1_6,6,10,624,900
loop_2056_circuit_no_condition_2_1_6,6,11,624,900
loop_2056_circuit_no_condition_2_1_6,6,12,624,900
loop_2056_circuit_no_condition_2_1_6,6,13,624,900
loop_2056_circuit_no_condition_2_1_6,6,14,624,900
loop_2056_circuit_no_condition_2_1_6,6,15,624,900
loop_2056_circuit_no_condition_2_1_6,6,0,624,1001
loop_2056_circuit_no_condition_2_1_6,6,1,624,1001
loop_2056_circuit_no_condition_2_1_6,6,2,624,1001
loop_2056_circuit_no_condition_2_1_6,6,3,624,1001
loop_2056_circuit_no_condition_2_1_6,6,4,624,1001
loop_2056_circuit_no_condition_2_1_6,6,5,5431,1001
loop_2056_circuit_no_condition_2_1_6,6,6,624,1001
loop_2056_circuit_no_condition_2_1_6,6,7,624,1001
loop_2056_circuit_no_condition_2_1_6,6,8,624,1001
loop_2056_circuit_no_condition_2_1_6,6,9,624,1001
loop_2056_circuit_no_condition_2_1_6,6,10,624,1001
loop_2056_circuit_no_condition_2_1_6,6,11,624,1001
loop_2056_circuit_no_condition_2_1_6,6,12,624,1001
loop_2056_circuit_no_condition_2_1_6,6,13,624,1001
loop_2056_circuit_no_condition_2_1_6,6,14,624,1001
loop_2056_circuit_no_condition_2_1_6,6,15,624,1001
loop_2056_circuit_no_condition_2_1_6,6,0,624,1101
loop_2056_circuit_no_condition_2_1_6,6,1,624,1101
loop_2056_circuit_no_condition_2_1_6,6,2,624,1101
loop_2056_circuit_no_condition_2_1_6,6,3,624,1101
loop_2056_circuit_no_condition_2_1_6,6,4,3198,1101
loop_2056_circuit_no_condition_2_1_6,6,5,5427,1101
loop_2056_circuit_no_condition_2_1_6,6,6,624,1101
loop_2056_circuit_no_condition_2_1_6,6,7,624,1101
loop_2056_circuit_no_condition_2_1_6,6,8,624,1101
loop_2056_circuit_no_condition_2_1_6,6,9,624,1101
loop_2056_circuit_no_condition_2_1_6,6,10,624,1101
loop_2056_circuit_no_condition_2_1_6,6,11,624,1101
loop_2056_circuit_no_condition_2_1_6,6,12,624,1101
loop_2056_circuit_no_condition_2_1_6,6,13,624,1101
loop_2056_circuit_no_condition_2_1_6,6,14,624,1101
loop_2056_circuit_no_condition_2_1_6,6,15,624,1101
loop_2056_circuit_no_condition_2_1_6,6,0,624,1201
loop_2056_circuit_no_condition_2_1_6,6,1,624,1201
loop_2056_circuit_no_condition_2_1_6,6,2,624,1201
loop_2056_circuit_no_condition_2_1_6,6,3,624,1201
loop_2056_circuit_no_condition_2_1_6,6,4,624,1201
loop_2056_circuit_no_condition_2_1_6,6,5,5431,1201
loop_2056_circuit_no_condition_2_1_6,6,6,624,1201
loop_2056_circuit_no_condition_2_1_6,6,7,624,1201
loop_2056_circuit_no_condition_2_1_6,6,8,624,1201
loop_2056_circuit_no_condition_2_1_6,6,9,624,1201
loop_2056_circuit_no_condition_2_1_6,6,10,624,1201
loop_2056_circuit_no_condition_2_1_6,6,11,624,1201
loop_2056_circuit_no_condition_2_1_6,6,12,624,1201
loop_2056_circuit_no_condition_2_1_6,6,13,624,1201
loop_2056_circuit_no_condition_2_1_6,6,14,624,1201
loop_2056_circuit_no_condition_2_1_6,6,15,624,1201
loop_2056_circuit_no_condition_2_1_6,6,0,624,1300
loop_2056_circuit_no_condition_2_1_6,6,1,624,1300
loop_2056_circuit_no_condition_2_1_6,6,2,624,1300
loop_2056_circuit_no_condition_2_1_6,6,3,624,1300
loop_2056_circuit_no_condition_2_1_6,6,4,624,1300
loop_2056_circuit_no_condition_2_1_6,6,5,5429,1300
loop_2056_circuit_no_condition_2_1_6,6,6,624,1300
loop_2056_circuit_no_condition_2_1_6,6,7,624,1300
loop_2056_circuit_no_condition_2_1_6,6,8,624,1300
loop_2056_circuit_no_condition_2_1_6,6,9,624,1300
loop_2056_circuit_no_condition_2_1_6,6,10,624,1300
loop_2056_circuit_no_condition_2_1_6,6,11,624,1300
loop_2056_circuit_no_condition_2_1_6,6,12,624,1300
loop_2056_circuit_no_condition_2_1_6,6,13,624,1300
loop_2056_circuit_no_condition_2_1_6,6,14,624,1300
loop_2056_circuit_no_condition_2_1_6,6,15,624,1300
loop_2056_circuit_no_condition_2_1_6,6,0,624,1401
loop_2056_circuit_no_condition_2_1_6,6,1,624,1401
loop_2056_circuit_no_condition_2_1_6,6,2,624,1401
loop_2056_circuit_no_condition_2_1_6,6,3,624,1401
loop_2056_circuit_no_condition_2_1_6,6,4,624,1401
loop_2056_circuit_no_condition_2_1_6,6,5,5427,1401
loop_2056_circuit_no_condition_2_1_6,6,6,624,1401
loop_2056_circuit_no_condition_2_1_6,6,7,624,1401
loop_2056_circuit_no_condition_2_1_6,6,8,624,1401
loop_2056_circuit_no_condition_2_1_6,6,9,624,1401
loop_2056_circuit_no_condition_2_1_6,6,10,624,1401
loop_2056_circuit_no_condition_2_1_6,6,11,624,1401
loop_2056_circuit_no_condition_2_1_6,6,12,624,1401
loop_2056_circuit_no_condition_2_1_6,6,13,624,1401
loop_2056_circuit_no_condition_2_1_6,6,14,624,1401
loop_2056_circuit_no_condition_2_1_6,6,15,624,1401
loop_2056_circuit_no_condition_2_1_6,6,0,624,1501
loop_2056_circuit_no_condition_2_1_6,6,1,624,1501
loop_2056_circuit_no_condition_2_1_6,6,2,624,1501
loop_2056_circuit_no_condition_2_1_6,6,3,624,1501
loop_2056_circuit_no_condition_2_1_6,6,4,624,1501
loop_2056_circuit_no_condition_2_1_6,6,5,5428,1501
loop_2056_circuit_no_condition_2_1_6,6,6,624,1501
loop_2056_circuit_no_condition_2_1_6,6,7,624,1501
loop_2056_circuit_no_condition_2_1_6,6,8,624,1501
loop_2056_circuit_no_condition_2_1_6,6,9,624,1501
loop_2056_circuit_no_condition_2_1_6,6,10,624,1501
loop_2056_circuit_no_condition_2_1_6,6,11,624,1501
loop_2056_circuit_no_condition_2_1_6,6,12,624,1501
loop_2056_circuit_no_condition_2_1_6,6,13,624,1501
loop_2056_circuit_no_condition_2_1_6,6,14,624,1501
loop_2056_circuit_no_condition_2_1_6,6,15,624,1501
loop_2056_circuit_no_condition_2_1_6,6,0,624,1601
loop_2056_circuit_no_condition_2_1_6,6,1,624,1601
loop_2056_circuit_no_condition_2_1_6,6,2,624,1601
loop_2056_circuit_no_condition_2_1_6,6,3,624,1601
loop_2056_circuit_no_condition_2_1_6,6,4,624,1601
loop_2056_circuit_no_condition_2_1_6,6,5,5431,1601
loop_2056_circuit_no_condition_2_1_6,6,6,624,1601
loop_2056_circuit_no_condition_2_1_6,6,7,624,1601
loop_2056_circuit_no_condition_2_1_6,6,8,624,1601
loop_2056_circuit_no_condition_2_1_6,6,9,624,1601
loop_2056_circuit_no_condition_2_1_6,6,10,624,1601
loop_2056_circuit_no_condition_2_1_6,6,11,624,1601
loop_2056_circuit_no_condition_2_1_6,6,12,624,1601
loop_2056_circuit_no_condition_2_1_6,6,13,624,1601
loop_2056_circuit_no_condition_2_1_6,6,14,624,1601
loop_2056_circuit_no_condition_2_1_6,6,15,624,1601
loop_2056_circuit_no_condition_2_1_6,6,0,624,1701
loop_2056_circuit_no_condition_2_1_6,6,1,624,1701
loop_2056_circuit_no_condition_2_1_6,6,2,624,1701
loop_2056_circuit_no_condition_2_1_6,6,3,624,1701
loop_2056_circuit_no_condition_2_1_6,6,4,624,1701
loop_2056_circuit_no_condition_2_1_6,6,5,5432,1701
loop_2056_circuit_no_condition_2_1_6,6,6,624,1701
loop_2056_circuit_no_condition_2_1_6,6,7,624,1701
loop_2056_circuit_no_condition_2_1_6,6,8,624,1701
loop_2056_circuit_no_condition_2_1_6,6,9,624,1701
loop_2056_circuit_no_condition_2_1_6,6,10,624,1701
loop_2056_circuit_no_condition_2_1_6,6,11,624,1701
loop_2056_circuit_no_condition_2_1_6,6,12,624,1701
loop_2056_circuit_no_condition_2_1_6,6,13,624,1701
loop_2056_circuit_no_condition_2_1_6,6,14,624,1701
loop_2056_circuit_no_condition_2_1_6,6,15,624,1701
loop_2056_circuit_no_condition_2_1_6,6,0,624,1800
loop_2056_circuit_no_condition_2_1_6,6,1,624,1800
loop_2056_circuit_no_condition_2_1_6,6,2,624,1800
loop_2056_circuit_no_condition_2_1_6,6,3,624,1800
loop_2056_circuit_no_condition_2_1_6,6,4,624,1800
loop_2056_circuit_no_condition_2_1_6,6,5,5430,1800
loop_2056_circuit_no_condition_2_1_6,6,6,624,1800
loop_2056_circuit_no_condition_2_1_6,6,7,624,1800
loop_2056_circuit_no_condition_2_1_6,6,8,624,1800
loop_2056_circuit_no_condition_2_1_6,6,9,624,1800
loop_2056_circuit_no_condition_2_1_6,6,10,624,1800
loop_2056_circuit_no_condition_2_1_6,6,11,624,1800
loop_2056_circuit_no_condition_2_1_6,6,12,624,1800
loop_2056_circuit_no_condition_2_1_6,6,13,624,1800
loop_2056_circuit_no_condition_2_1_6,6,14,624,1800
loop_2056_circuit_no_condition_2_1_6,6,15,624,1800
loop_2056_circuit_no_condition_2_1_6,6,0,5429,1901
loop_2056_circuit_no_condition_2_1_6,6,1,5403,1901
loop_2056_circuit_no_condition_2_1_6,6,2,624,1901
loop_2056_circuit_no_condition_2_1_6,6,3,5408,1901
loop_2056_circuit_no_condition_2_1_6,6,4,5429,1901
loop_2056_circuit_no_condition_2_1_6,6,5,5432,1901
loop_2056_circuit_no_condition_2_1_6,6,6,624,1901
loop_2056_circuit_no_condition_2_1_6,6,7,5407,1901
loop_2056_circuit_no_condition_2_1_6,6,8,5432,1901
loop_2056_circuit_no_condition_2_1_6,6,9,5431,1901
loop_2056_circuit_no_condition_2_1_6,6,10,5389,1901
loop_2056_circuit_no_condition_2_1_6,6,11,624,1901
loop_2056_circuit_no_condition_2_1_6,6,12,624,1901
loop_2056_circuit_no_condition_2_1_6,6,13,5433,1901
loop_2056_circuit_no_condition_2_1_6,6,14,5402,1901
loop_2056_circuit_no_condition_2_1_6,6,15,5376,1901
loop_2056_circuit_no_condition_2_1_6,7,0,5426,1
loop_2056_circuit_no_condition_2_1_6,7,1,5415,1
loop_2056_circuit_no_condition_2_1_6,7,2,5359,1
loop_2056_circuit_no_condition_2_1_6,7,3,5415,1
loop_2056_circuit_no_condition_2_1_6,7,4,5422,1
loop_2056_circuit_no_condition_2_1_6,7,5,5427,1
loop_2056_circuit_no_condition_2_1_6,7,6,5408,1
loop_2056_circuit_no_condition_2_1_6,7,7,5431,1
loop_2056_circuit_no_condition_2_1_6,7,8,5431,1
loop_2056_circuit_no_condition_2_1_6,7,9,624,1
loop_2056_circuit_no_condition_2_1_6,7,10,5419,1
loop_2056_circuit_no_condition_2_1_6,7,11,624,1
loop_2056_circuit_no_condition_2_1_6,7,12,624,1
loop_2056_circuit_no_condition_2_1_6,7,13,5407,1
loop_2056_circuit_no_condition_2_1_6,7,14,5417,1
loop_2056_circuit_no_condition_2_1_6,7,15,5428,1
loop_2056_circuit_no_condition_2_1_6,7,0,5374,100
loop_2056_circuit_no_condition_2_1_6,7,1,5413,100
loop_2056_circuit_no_condition_2_1_6,7,2,5415,100
loop_2056_circuit_no_condition_2_1_6,7,3,5427,100
loop_2056_circuit_no_condition_2_1_6,7,4,5426,100
loop_2056_circuit_no_condition_2_1_6,7,5,5405,100
loop_2056_circuit_no_condition_2_1_6,7,6,5405,100
loop_2056_circuit_no_condition_2_1_6,7,7,5423,100
loop_2056_circuit_no_condition_2_1_6,7,8,5414,100
loop_2056_circuit_no_condition_2_1_6,7,9,5366,100
loop_2056_circuit_no_condition_2_1_6,7,10,5367,100
loop_2056_circuit_no_condition_2_1_6,7,11,5405,100
loop_2056_circuit_no_condition_2_1_6,7,12,5411,100
loop_2056_circuit_no_condition_2_1_6,7,13,5392,100
loop_2056_circuit_no_condition_2_1_6,7,14,5365,100
loop_2056_circuit_no_condition_2_1_6,7,15,5411,100
loop_2056_circuit_no_condition_2_1_6,7,0,5406,200
loop_2056_circuit_no_condition_2_1_6,7,1,5407,200
loop_2056_circuit_no_condition_2_1_6,7,2,5406,200
loop_2056_circuit_no_condition_2_1_6,7,3,5406,200
loop_2056_circuit_no_condition_2_1_6,7,4,5406,200
loop_2056_circuit_no_condition_2_1_6,7,5,5407,200
loop_2056_circuit_no_condition_2_1_6,7,6,5407,200
loop_2056_circuit_no_condition_2_1_6,7,7,5406,200
loop_2056_circuit_no_condition_2_1_6,7,8,5406,200
loop_2056_circuit_no_condition_2_1_6,7,9,5406,200
loop_2056_circuit_no_condition_2_1_6,7,10,5406,200
loop_2056_circuit_no_condition_2_1_6,7,11,5406,200
loop_2056_circuit_no_condition_2_1_6,7,12,5406,200
loop_2056_circuit_no_condition_2_1_6,7,13,5414,200
loop_2056_circuit_no_condition_2_1_6,7,14,5406,200
loop_2056_circuit_no_condition_2_1_6,7,15,5409,200
loop_2056_circuit_no_condition_2_1_6,7,0,4760,300
loop_2056_circuit_no_condition_2_1_6,7,1,624,300
loop_2056_circuit_no_condition_2_1_6,7,2,624,300
loop_2056_circuit_no_condition_2_1_6,7,3,624,300
loop_2056_circuit_no_condition_2_1_6,7,4,5429,300
loop_2056_circuit_no_condition_2_1_6,7,5,4128,300
loop_2056_circuit_no_condition_2_1_6,7,6,624,300
loop_2056_circuit_no_condition_2_1_6,7,7,4510,300
loop_2056_circuit_no_condition_2_1_6,7,8,4171,300
loop_2056_circuit_no_condition_2_1_6,7,9,624,300
loop_2056_circuit_no_condition_2_1_6,7,10,624,300
loop_2056_circuit_no_condition_2_1_6,7,11,624,300
loop_2056_circuit_no_condition_2_1_6,7,12,5425,300
loop_2056_circuit_no_condition_2_1_6,7,13,624,300
loop_2056_circuit_no_condition_2_1_6,7,14,624,300
loop_2056_circuit_no_condition_2_1_6,7,15,624,300
loop_2056_circuit_no_condition_2_1_6,7,0,624,400
loop_2056_circuit_no_condition_2_1_6,7,1,624,400
loop_2056_circuit_no_condition_2_1_6,7,2,624,400
loop_2056_circuit_no_condition_2_1_6,7,3,624,400
loop_2056_circuit_no_condition_2_1_6,7,4,5428,400
loop_2056_circuit_no_condition_2_1_6,7,5,3681,400
loop_2056_circuit_no_condition_2_1_6,7,6,624,400
loop_2056_circuit_no_condition_2_1_6,7,7,4645,400
loop_2056_circuit_no_condition_2_1_6,7,8,4309,400
loop_2056_circuit_no_condition_2_1_6,7,9,624,400
loop_2056_circuit_no_condition_2_1_6,7,10,624,400
loop_2056_circuit_no_condition_2_1_6,7,11,624,400
loop_2056_circuit_no_condition_2_1_6,7,12,624,400
loop_2056_circuit_no_condition_2_1_6,7,13,624,400
loop_2056_circuit_no_condition_2_1_6,7,14,624,400
loop_2056_circuit_no_condition_2_1_6,7,15,4665,400
loop_2056_circuit_no_condition_2_1_6,7,0,624,501
loop_2056_circuit_no_condition_2_1_6,7,1,624,501
loop_2056_circuit_no_condition_2_1_6,7,2,624,501
loop_2056_circuit_no_condition_2_1_6,7,3,624,501
loop_2056_circuit_no_condition_2_1_6,7,4,5418,501
loop_2056_circuit_no_condition_2_1_6,7,5,5407,501
loop_2056_circuit_no_condition_2_1_6,7,6,624,501
loop_2056_circuit_no_condition_2_1_6,7,7,5403,501
loop_2056_circuit_no_condition_2_1_6,7,8,624,501
loop_2056_circuit_no_condition_2_1_6,7,9,624,501
loop_2056_circuit_no_condition_2_1_6,7,10,624,501
loop_2056_circuit_no_condition_2_1_6,7,11,624,501
loop_2056_circuit_no_condition_2_1_6,7,12,624,501
loop_2056_circuit_no_condition_2_1_6,7,13,5429,501
loop_2056_circuit_no_condition_2_1_6,7,14,624,501
loop_2056_circuit_no_condition_2_1_6,7,15,624,501
loop_2056_circuit_no_condition_2_1_6,7,0,4312,600
loop_2056_circuit_no_condition_2_1_6,7,1,624,600
loop_2056_circuit_no_condition_2_1_6,7,2,624,600
loop_2056_circuit_no_condition_2_1_6,7,3,624,600
loop_2056_circuit_no_condition_2_1_6,7,4,5415,600
loop_2056_circuit_no_condition_2_1_6,7,5,624,600
loop_2056_circuit_no_condition_2_1_6,7,6,624,600
loop_2056_circuit_no_condition_2_1_6,7,7,4680,600
loop_2056_circuit_no_condition_2_1_6,7,8,624,600
loop_2056_circuit_no_condition_2_1_6,7,9,624,600
loop_2056_circuit_no_condition_2_1_6,7,10,624,600
loop_2056_circuit_no_condition_2_1_6,7,11,624,600
loop_2056_circuit_no_condition_2_1_6,7,12,624,600
loop_2056_circuit_no_condition_2_1_6,7,13,5424,600
loop_2056_circuit_no_condition_2_1_6,7,14,624,600
loop_2056_circuit_no_condition_2_1_6,7,15,624,600
loop_2056_circuit_no_condition_2_1_6,7,0,624,700
loop_2056_circuit_no_condition_2_1_6,7,1,624,700
loop_2056_circuit_no_condition_2_1_6,7,2,624,700
loop_2056_circuit_no_condition_2_1_6,7,3,624,700
loop_2056_circuit_no_condition_2_1_6,7,4,4864,700
loop_2056_circuit_no_condition_2_1_6,7,5,624,700
loop_2056_circuit_no_condition_2_1_6,7,6,4029,700
loop_2056_circuit_no_condition_2_1_6,7,7,4691,700
loop_2056_circuit_no_condition_2_1_6,7,8,624,700
loop_2056_circuit_no_condition_2_1_6,7,9,624,700
loop_2056_circuit_no_condition_2_1_6,7,10,624,700
loop_2056_circuit_no_condition_2_1_6,7,11,624,700
loop_2056_circuit_no_condition_2_1_6,7,12,624,700
loop_2056_circuit_no_condition_2_1_6,7,13,5423,700
loop_2056_circuit_no_condition_2_1_6,7,14,624,700
loop_2056_circuit_no_condition_2_1_6,7,15,624,700
loop_2056_circuit_no_condition_2_1_6,7,0,624,800
loop_2056_circuit_no_condition_2_1_6,7,1,624,800
loop_2056_circuit_no_condition_2_1_6,7,2,624,800
loop_2056_circuit_no_condition_2_1_6,7,3,624,800
loop_2056_circuit_no_condition_2_1_6,7,4,4695,800
loop_2056_circuit_no_condition_2_1_6,7,5,624,800
loop_2056_circuit_no_condition_2_1_6,7,6,5417,800
loop_2056_circuit_no_condition_2_1_6,7,7,5394,800
loop_2056_circuit_no_condition_2_1_6,7,8,624,800
loop_2056_circuit_no_condition_2_1_6,7,9,624,800
loop_2056_circuit_no_condition_2_1_6,7,10,624,800
loop_2056_circuit_no_condition_2_1_6,7,11,624,800
loop_2056_circuit_no_condition_2_1_6,7,12,624,800
loop_2056_circuit_no_condition_2_1_6,7,13,5421,800
loop_2056_circuit_no_condition_2_1_6,7,14,624,800
loop_2056_circuit_no_condition_2_1_6,7,15,4436,800
loop_2056_circuit_no_condition_2_1_6,7,0,624,901
loop_2056_circuit_no_condition_2_1_6,7,1,4013,901
loop_2056_circuit_no_condition_2_1_6,7,2,624,901
loop_2056_circuit_no_condition_2_1_6,7,3,624,901
loop_2056_circuit_no_condition_2_1_6,7,4,624,901
loop_2056_circuit_no_condition_2_1_6,7,5,624,901
loop_2056_circuit_no_condition_2_1_6,7,6,5429,901
loop_2056_circuit_no_condition_2_1_6,7,7,4676,901
loop_2056_circuit_no_condition_2_1_6,7,8,624,901
loop_2056_circuit_no_condition_2_1_6,7,9,624,901
loop_2056_circuit_no_condition_2_1_6,7,10,624,901
loop_2056_circuit_no_condition_2_1_6,7,11,624,901
loop_2056_circuit_no_condition_2_1_6,7,12,624,901
loop_2056_circuit_no_condition_2_1_6,7,13,5423,901
loop_2056_circuit_no_condition_2_1_6,7,14,624,901
loop_2056_circuit_no_condition_2_1_6,7,15,624,901
loop_2056_circuit_no_condition_2_1_6,7,0,624,1000
loop_2056_circuit_no_condition_2_1_6,7,1,4650,1000
loop_2056_circuit_no_condition_2_1_6,7,2,624,1000
loop_2056_circuit_no_condition_2_1_6,7,3,5402,1000
loop_2056_circuit_no_condition_2_1_6,7,4,624,1000
loop_2056_circuit_no_condition_2_1_6,7,5,624,1000
loop_2056_circuit_no_condition_2_1_6,7,6,624,1000
loop_2056_circuit_no_condition_2_1_6,7,7,4519,1000
loop_2056_circuit_no_condition_2_1_6,7,8,624,1000
loop_2056_circuit_no_condition_2_1_6,7,9,624,1000
loop_2056_circuit_no_condition_2_1_6,7,10,624,1000
loop_2056_circuit_no_condition_2_1_6,7,11,624,1000
loop_2056_circuit_no_condition_2_1_6,7,12,624,1000
loop_2056_circuit_no_condition_2_1_6,7,13,5421,1000
loop_2056_circuit_no_condition_2_1_6,7,14,624,1000
loop_2056_circuit_no_condition_2_1_6,7,15,624,1000
loop_2056_circuit_no_condition_2_1_6,7,0,624,1100
loop_2056_circuit_no_condition_2_1_6,7,1,624,1100
loop_2056_circuit_no_condition_2_1_6,7,2,624,1100
loop_2056_circuit_no_condition_2_1_6,7,3,4696,1100
loop_2056_circuit_no_condition_2_1_6,7,4,5402,1100
loop_2056_circuit_no_condition_2_1_6,7,5,624,1100
loop_2056_circuit_no_condition_2_1_6,7,6,624,1100
loop_2056_circuit_no_condition_2_1_6,7,7,5418,1100
loop_2056_circuit_no_condition_2_1_6,7,8,624,1100
loop_2056_circuit_no_condition_2_1_6,7,9,624,1100
loop_2056_circuit_no_condition_2_1_6,7,10,624,1100
loop_2056_circuit_no_condition_2_1_6,7,11,624,1100
loop_2056_circuit_no_condition_2_1_6,7,12,624,1100
loop_2056_circuit_no_condition_2_1_6,7,13,5422,1100
loop_2056_circuit_no_condition_2_1_6,7,14,624,1100
loop_2056_circuit_no_condition_2_1_6,7,15,624,1100
loop_2056_circuit_no_condition_2_1_6,7,0,624,1200
loop_2056_circuit_no_condition_2_1_6,7,1,3488,1200
loop_2056_circuit_no_condition_2_1_6,7,2,624,1200
loop_2056_circuit_no_condition_2_1_6,7,3,624,1200
loop_2056_circuit_no_condition_2_1_6,7,4,624,1200
loop_2056_circuit_no_condition_2_1_6,7,5,624,1200
loop_2056_circuit_no_condition_2_1_6,7,6,4686,1200
loop_2056_circuit_no_condition_2_1_6,7,7,4625,1200
loop_2056_circuit_no_condition_2_1_6,7,8,624,1200
loop_2056_circuit_no_condition_2_1_6,7,9,624,1200
loop_2056_circuit_no_condition_2_1_6,7,10,624,1200
loop_2056_circuit_no_condition_2_1_6,7,11,624,1200
loop_2056_circuit_no_condition_2_1_6,7,12,624,1200
loop_2056_circuit_no_condition_2_1_6,7,13,5421,1200
loop_2056_circuit_no_condition_2_1_6,7,14,624,1200
loop_2056_circuit_no_condition_2_1_6,7,15,624,1200
loop_2056_circuit_no_condition_2_1_6,7,0,624,1300
loop_2056_circuit_no_condition_2_1_6,7,1,4652,1300
loop_2056_circuit_no_condition_2_1_6,7,2,624,1300
loop_2056_circuit_no_condition_2_1_6,7,3,4218,1300
loop_2056_circuit_no_condition_2_1_6,7,4,624,1300
loop_2056_circuit_no_condition_2_1_6,7,5,624,1300
loop_2056_circuit_no_condition_2_1_6,7,6,624,1300
loop_2056_circuit_no_condition_2_1_6,7,7,5215,1300
loop_2056_circuit_no_condition_2_1_6,7,8,624,1300
loop_2056_circuit_no_condition_2_1_6,7,9,624,1300
loop_2056_circuit_no_condition_2_1_6,7,10,624,1300
loop_2056_circuit_no_condition_2_1_6,7,11,624,1300
loop_2056_circuit_no_condition_2_1_6,7,12,624,1300
loop_2056_circuit_no_condition_2_1_6,7,13,5422,1300
loop_2056_circuit_no_condition_2_1_6,7,14,624,1300
loop_2056_circuit_no_condition_2_1_6,7,15,624,1300
loop_2056_circuit_no_condition_2_1_6,7,0,624,1401
loop_2056_circuit_no_condition_2_1_6,7,1,624,1401
loop_2056_circuit_no_condition_2_1_6,7,2,624,1401
loop_2056_circuit_no_condition_2_1_6,7,3,4632,1401
loop_2056_circuit_no_condition_2_1_6,7,4,5423,1401
loop_2056_circuit_no_condition_2_1_6,7,5,5413,1401
loop_2056_circuit_no_condition_2_1_6,7,6,624,1401
loop_2056_circuit_no_condition_2_1_6,7,7,5425,1401
loop_2056_circuit_no_condition_2_1_6,7,8,624,1401
loop_2056_circuit_no_condition_2_1_6,7,9,624,1401
loop_2056_circuit_no_condition_2_1_6,7,10,5383,1401
loop_2056_circuit_no_condition_2_1_6,7,11,624,1401
loop_2056_circuit_no_condition_2_1_6,7,12,624,1401
loop_2056_circuit_no_condition_2_1_6,7,13,5421,1401
loop_2056_circuit_no_condition_2_1_6,7,14,624,1401
loop_2056_circuit_no_condition_2_1_6,7,15,624,1401
loop_2056_circuit_no_condition_2_1_6,7,0,624,1500
loop_2056_circuit_no_condition_2_1_6,7,1,3453,1500
loop_2056_circuit_no_condition_2_1_6,7,2,624,1500
loop_2056_circuit_no_condition_2_1_6,7,3,624,1500
loop_2056_circuit_no_condition_2_1_6,7,4,624,1500
loop_2056_circuit_no_condition_2_1_6,7,5,624,1500
loop_2056_circuit_no_condition_2_1_6,7,6,4654,1500
loop_2056_circuit_no_condition_2_1_6,7,7,624,1500
loop_2056_circuit_no_condition_2_1_6,7,8,624,1500
loop_2056_circuit_no_condition_2_1_6,7,9,624,1500
loop_2056_circuit_no_condition_2_1_6,7,10,624,1500
loop_2056_circuit_no_condition_2_1_6,7,11,624,1500
loop_2056_circuit_no_condition_2_1_6,7,12,624,1500
loop_2056_circuit_no_condition_2_1_6,7,13,5429,1500
loop_2056_circuit_no_condition_2_1_6,7,14,624,1500
loop_2056_circuit_no_condition_2_1_6,7,15,624,1500
loop_2056_circuit_no_condition_2_1_6,7,0,624,1600
loop_2056_circuit_no_condition_2_1_6,7,1,4605,1600
loop_2056_circuit_no_condition_2_1_6,7,2,624,1600
loop_2056_circuit_no_condition_2_1_6,7,3,3283,1600
loop_2056_circuit_no_condition_2_1_6,7,4,624,1600
loop_2056_circuit_no_condition_2_1_6,7,5,624,1600
loop_2056_circuit_no_condition_2_1_6,7,6,624,1600
loop_2056_circuit_no_condition_2_1_6,7,7,624,1600
loop_2056_circuit_no_condition_2_1_6,7,8,624,1600
loop_2056_circuit_no_condition_2_1_6,7,9,624,1600
loop_2056_circuit_no_condition_2_1_6,7,10,624,1600
loop_2056_circuit_no_condition_2_1_6,7,11,624,1600
loop_2056_circuit_no_condition_2_1_6,7,12,624,1600
loop_2056_circuit_no_condition_2_1_6,7,13,5421,1600
loop_2056_circuit_no_condition_2_1_6,7,14,624,1600
loop_2056_circuit_no_condition_2_1_6,7,15,624,1600
loop_2056_circuit_no_condition_2_1_6,7,0,624,1700
loop_2056_circuit_no_condition_2_1_6,7,1,624,1700
loop_2056_circuit_no_condition_2_1_6,7,2,624,1700
loop_2056_circuit_no_condition_2_1_6,7,3,4645,1700
loop_2056_circuit_no_condition_2_1_6,7,4,2992,1700
loop_2056_circuit_no_condition_2_1_6,7,5,624,1700
loop_2056_circuit_no_condition_2_1_6,7,6,624,1700
loop_2056_circuit_no_condition_2_1_6,7,7,624,1700
loop_2056_circuit_no_condition_2_1_6,7,8,624,1700
loop_2056_circuit_no_condition_2_1_6,7,9,624,1700
loop_2056_circuit_no_condition_2_1_6,7,10,624,1700
loop_2056_circuit_no_condition_2_1_6,7,11,624,1700
loop_2056_circuit_no_condition_2_1_6,7,12,624,1700
loop_2056_circuit_no_condition_2_1_6,7,13,5423,1700
loop_2056_circuit_no_condition_2_1_6,7,14,624,1700
loop_2056_circuit_no_condition_2_1_6,7,15,624,1700
loop_2056_circuit_no_condition_2_1_6,7,0,624,1800
loop_2056_circuit_no_condition_2_1_6,7,1,3821,1800
loop_2056_circuit_no_condition_2_1_6,7,2,624,1800
loop_2056_circuit_no_condition_2_1_6,7,3,624,1800
loop_2056_circuit_no_condition_2_1_6,7,4,624,1800
loop_2056_circuit_no_condition_2_1_6,7,5,624,1800
loop_2056_circuit_no_condition_2_1_6,7,6,4654,1800
loop_2056_circuit_no_condition_2_1_6,7,7,624,1800
loop_2056_circuit_no_condition_2_1_6,7,8,624,1800
loop_2056_circuit_no_condition_2_1_6,7,9,624,1800
loop_2056_circuit_no_condition_2_1_6,7,10,624,1800
loop_2056_circuit_no_condition_2_1_6,7,11,624,1800
loop_2056_circuit_no_condition_2_1_6,7,12,624,1800
loop_2056_circuit_no_condition_2_1_6,7,13,5425,1800
loop_2056_circuit_no_condition_2_1_6,7,14,624,1800
loop_2056_circuit_no_condition_2_1_6,7,15,624,1800
loop_2056_circuit_no_condition_2_1_6,7,0,5353,1901
loop_2056_circuit_no_condition_2_1_6,7,1,5354,1901
loop_2056_circuit_no_condition_2_1_6,7,2,5363,1901
loop_2056_circuit_no_condition_2_1_6,7,3,5351,1901
loop_2056_circuit_no_condition_2_1_6,7,4,5390,1901
loop_2056_circuit_no_condition_2_1_6,7,5,5400,1901
loop_2056_circuit_no_condition_2_1_6,7,6,5352,1901
loop_2056_circuit_no_condition_2_1_6,7,7,5420,1901
loop_2056_circuit_no_condition_2_1_6,7,8,5423,1901
loop_2056_circuit_no_condition_2_1_6,7,9,624,1901
loop_2056_circuit_no_condition_2_1_6,7,10,5349,1901
loop_2056_circuit_no_condition_2_1_6,7,11,4213,1901
loop_2056_circuit_no_condition_2_1_6,7,12,5272,1901
loop_2056_circuit_no_condition_2_1_6,7,13,5354,1901
loop_2056_circuit_no_condition_2_1_6,7,14,624,1901
loop_2056_circuit_no_condition_2_1_6,7,15,5356,1901
loop_2056_circuit_no_condition_2_1_6,8,0,5434,1
loop_2056_circuit_no_condition_2_1_6,8,1,5424,1
loop_2056_circuit_no_condition_2_1_6,8,2,5423,1
loop_2056_circuit_no_condition_2_1_6,8,3,5426,1
loop_2056_circuit_no_condition_2_1_6,8,4,5429,1
loop_2056_circuit_no_condition_2_1_6,8,5,5424,1
loop_2056_circuit_no_condition_2_1_6,8,6,5410,1
loop_2056_circuit_no_condition_2_1_6,8,7,5431,1
loop_2056_circuit_no_condition_2_1_6,8,8,5432,1
loop_2056_circuit_no_condition_2_1_6,8,9,5426,1
loop_2056_circuit_no_condition_2_1_6,8,10,624,1
loop_2056_circuit_no_condition_2_1_6,8,11,624,1
loop_2056_circuit_no_condition_2_1_6,8,12,624,1
loop_2056_circuit_no_condition_2_1_6,8,13,5407,1
loop_2056_circuit_no_condition_2_1_6,8,14,5401,1
loop_2056_circuit_no_condition_2_1_6,8,15,624,1
loop_2056_circuit_no_condition_2_1_6,8,0,5427,100
loop_2056_circuit_no_condition_2_1_6,8,1,5366,100
loop_2056_circuit_no_condition_2_1_6,8,2,5308,100
loop_2056_circuit_no_condition_2_1_6,8,3,5344,100
loop_2056_circuit_no_condition_2_1_6,8,4,5427,100
loop_2056_circuit_no_condition_2_1_6,8,5,5357,100
loop_2056_circuit_no_condition_2_1_6,8,6,5413,100
loop_2056_circuit_no_condition_2_1_6,8,7,5406,100
loop_2056_circuit_no_condition_2_1_6,8,8,5409,100
loop_2056_circuit_no_condition_2_1_6,8,9,5382,100
loop_2056_circuit_no_condition_2_1_6,8,10,5415,100
loop_2056_circuit_no_condition_2_1_6,8,11,5416,100
loop_2056_circuit_no_condition_2_1_6,8,12,5409,100
loop_2056_circuit_no_condition_2_1_6,8,13,5337,100
loop_2056_circuit_no_condition_2_1_6,8,14,5384,100
loop_2056_circuit_no_condition_2_1_6,8,15,5362,100
loop_2056_circuit_no_condition_2_1_6,8,0,5403,201
loop_2056_circuit_no_condition_2_1_6,8,1,5403,201
loop_2056_circuit_no_condition_2_1_6,8,2,5403,201
loop_2056_circuit_no_condition_2_1_6,8,3,5399,201
loop_2056_circuit_no_condition_2_1_6,8,4,5403,201
loop_2056_circuit_no_condition_2_1_6,8,5,5403,201
loop_2056_circuit_no_condition_2_1_6,8,6,5403,201
loop_2056_circuit_no_condition_2_1_6,8,7,5403,201
loop_2056_circuit_no_condition_2_1_6,8,8,5403,201
loop_2056_circuit_no_condition_2_1_6,8,9,5403,201
loop_2056_circuit_no_condition_2_1_6,8,10,5403,201
loop_2056_circuit_no_condition_2_1_6,8,11,5403,201
loop_2056_circuit_no_condition_2_1_6,8,12,5403,201
loop_2056_circuit_no_condition_2_1_6,8,13,5403,201
loop_2056_circuit_no_condition_2_1_6,8,14,5403,201
loop_2056_circuit_no_condition_2_1_6,8,15,5403,201
loop_2056_circuit_no_condition_2_1_6,8,0,624,301
loop_2056_circuit_no_condition_2_1_6,8,1,624,301
loop_2056_circuit_no_condition_2_1_6,8,2,624,301
loop_2056_circuit_no_condition_2_1_6,8,3,624,301
loop_2056_circuit_no_condition_2_1_6,8,4,624,301
loop_2056_circuit_no_condition_2_1_6,8,5,624,301
loop_2056_circuit_no_condition_2_1_6,8,6,624,301
loop_2056_circuit_no_condition_2_1_6,8,7,624,301
loop_2056_circuit_no_condition_2_1_6,8,8,624,301
loop_2056_circuit_no_condition_2_1_6,8,9,624,301
loop_2056_circuit_no_condition_2_1_6,8,10,624,301
loop_2056_circuit_no_condition_2_1_6,8,11,624,301
loop_2056_circuit_no_condition_2_1_6,8,12,5427,301
loop_2056_circuit_no_condition_2_1_6,8,13,624,301
loop_2056_circuit_no_condition_2_1_6,8,14,624,301
loop_2056_circuit_no_condition_2_1_6,8,15,624,301
loop_2056_circuit_no_condition_2_1_6,8,0,624,401
loop_2056_circuit_no_condition_2_1_6,8,1,624,401
loop_2056_circuit_no_condition_2_1_6,8,2,624,401
loop_2056_circuit_no_condition_2_1_6,8,3,624,401
loop_2056_circuit_no_condition_2_1_6,8,4,624,401
loop_2056_circuit_no_condition_2_1_6,8,5,624,401
loop_2056_circuit_no_condition_2_1_6,8,6,624,401
loop_2056_circuit_no_condition_2_1_6,8,7,624,401
loop_2056_circuit_no_condition_2_1_6,8,8,624,401
loop_2056_circuit_no_condition_2_1_6,8,9,624,401
loop_2056_circuit_no_condition_2_1_6,8,10,624,401
loop_2056_circuit_no_condition_2_1_6,8,11,624,401
loop_2056_circuit_no_condition_2_1_6,8,12,5431,401
loop_2056_circuit_no_condition_2_1_6,8,13,624,401
loop_2056_circuit_no_condition_2_1_6,8,14,624,401
loop_2056_circuit_no_condition_2_1_6,8,15,624,401
loop_2056_circuit_no_condition_2_1_6,8,0,624,501
loop_2056_circuit_no_condition_2_1_6,8,1,624,501
loop_2056_circuit_no_condition_2_1_6,8,2,624,501
loop_2056_circuit_no_condition_2_1_6,8,3,624,501
loop_2056_circuit_no_condition_2_1_6,8,4,624,501
loop_2056_circuit_no_condition_2_1_6,8,5,5410,501
loop_2056_circuit_no_condition_2_1_6,8,6,624,501
loop_2056_circuit_no_condition_2_1_6,8,7,624,501
loop_2056_circuit_no_condition_2_1_6,8,8,624,501
loop_2056_circuit_no_condition_2_1_6,8,9,624,501
loop_2056_circuit_no_condition_2_1_6,8,10,624,501
loop_2056_circuit_no_condition_2_1_6,8,11,624,501
loop_2056_circuit_no_condition_2_1_6,8,12,5425,501
loop_2056_circuit_no_condition_2_1_6,8,13,624,501
loop_2056_circuit_no_condition_2_1_6,8,14,624,501
loop_2056_circuit_no_condition_2_1_6,8,15,624,501
loop_2056_circuit_no_condition_2_1_6,8,0,624,601
loop_2056_circuit_no_condition_2_1_6,8,1,624,601
loop_2056_circuit_no_condition_2_1_6,8,2,624,601
loop_2056_circuit_no_condition_2_1_6,8,3,624,601
loop_2056_circuit_no_condition_2_1_6,8,4,624,601
loop_2056_circuit_no_condition_2_1_6,8,5,624,601
loop_2056_circuit_no_condition_2_1_6,8,6,624,601
loop_2056_circuit_no_condition_2_1_6,8,7,624,601
loop_2056_circuit_no_condition_2_1_6,8,8,624,601
loop_2056_circuit_no_condition_2_1_6,8,9,624,601
loop_2056_circuit_no_condition_2_1_6,8,10,624,601
loop_2056_circuit_no_condition_2_1_6,8,11,5434,601
loop_2056_circuit_no_condition_2_1_6,8,12,5433,601
loop_2056_circuit_no_condition_2_1_6,8,13,624,601
loop_2056_circuit_no_condition_2_1_6,8,14,624,601
loop_2056_circuit_no_condition_2_1_6,8,15,624,601
loop_2056_circuit_no_condition_2_1_6,8,0,4616,701
loop_2056_circuit_no_condition_2_1_6,8,1,624,701
loop_2056_circuit_no_condition_2_1_6,8,2,624,701
loop_2056_circuit_no_condition_2_1_6,8,3,624,701
loop_2056_circuit_no_condition_2_1_6,8,4,5409,701
loop_2056_circuit_no_condition_2_1_6,8,5,624,701
loop_2056_circuit_no_condition_2_1_6,8,6,624,701
loop_2056_circuit_no_condition_2_1_6,8,7,624,701
loop_2056_circuit_no_condition_2_1_6,8,8,624,701
loop_2056_circuit_no_condition_2_1_6,8,9,624,701
loop_2056_circuit_no_condition_2_1_6,8,10,624,701
loop_2056_circuit_no_condition_2_1_6,8,11,624,701
loop_2056_circuit_no_condition_2_1_6,8,12,5429,701
loop_2056_circuit_no_condition_2_1_6,8,13,624,701
loop_2056_circuit_no_condition_2_1_6,8,14,624,701
loop_2056_circuit_no_condition_2_1_6,8,15,624,701
loop_2056_circuit_no_condition_2_1_6,8,0,624,801
loop_2056_circuit_no_condition_2_1_6,8,1,624,801
loop_2056_circuit_no_condition_2_1_6,8,2,624,801
loop_2056_circuit_no_condition_2_1_6,8,3,624,801
loop_2056_circuit_no_condition_2_1_6,8,4,624,801
loop_2056_circuit_no_condition_2_1_6,8,5,624,801
loop_2056_circuit_no_condition_2_1_6,8,6,624,801
loop_2056_circuit_no_condition_2_1_6,8,7,624,801
loop_2056_circuit_no_condition_2_1_6,8,8,624,801
loop_2056_circuit_no_condition_2_1_6,8,9,624,801
loop_2056_circuit_no_condition_2_1_6,8,10,624,801
loop_2056_circuit_no_condition_2_1_6,8,11,624,801
loop_2056_circuit_no_condition_2_1_6,8,12,5430,801
loop_2056_circuit_no_condition_2_1_6,8,13,624,801
loop_2056_circuit_no_condition_2_1_6,8,14,624,801
loop_2056_circuit_no_condition_2_1_6,8,15,624,801
loop_2056_circuit_no_condition_2_1_6,8,0,624,900
loop_2056_circuit_no_condition_2_1_6,8,1,624,900
loop_2056_circuit_no_condition_2_1_6,8,2,624,900
loop_2056_circuit_no_condition_2_1_6,8,3,624,900
loop_2056_circuit_no_condition_2_1_6,8,4,624,900
loop_2056_circuit_no_condition_2_1_6,8,5,624,900
loop_2056_circuit_no_condition_2_1_6,8,6,624,900
loop_2056_circuit_no_condition_2_1_6,8,7,624,900
loop_2056_circuit_no_condition_2_1_6,8,8,624,900
loop_2056_circuit_no_condition_2_1_6,8,9,624,900
loop_2056_circuit_no_condition_2_1_6,8,10,624,900
loop_2056_circuit_no_condition_2_1_6,8,11,624,900
loop_2056_circuit_no_condition_2_1_6,8,12,5425,900
loop_2056_circuit_no_condition_2_1_6,8,13,624,900
loop_2056_circuit_no_condition_2_1_6,8,14,624,900
loop_2056_circuit_no_condition_2_1_6,8,15,624,900
loop_2056_circuit_no_condition_2_1_6,8,0,624,1001
loop_2056_circuit_no_condition_2_1_6,8,1,624,1001
loop_2056_circuit_no_condition_2_1_6,8,2,624,1001
loop_2056_circuit_no_condition_2_1_6,8,3,624,1001
loop_2056_circuit_no_condition_2_1_6,8,4,624,1001
loop_2056_circuit_no_condition_2_1_6,8,5,624,1001
loop_2056_circuit_no_condition_2_1_6,8,6,624,1001
loop_2056_circuit_no_condition_2_1_6,8,7,624,1001
loop_2056_circuit_no_condition_2_1_6,8,8,624,1001
loop_2056_circuit_no_condition_2_1_6,8,9,624,1001
loop_2056_circuit_no_condition_2_1_6,8,10,624,1001
loop_2056_circuit_no_condition_2_1_6,8,11,624,1001
loop_2056_circuit_no_condition_2_1_6,8,12,5429,1001
loop_2056_circuit_no_condition_2_1_6,8,13,624,1001
loop_2056_circuit_no_condition_2_1_6,8,14,624,1001
loop_2056_circuit_no_condition_2_1_6,8,15,624,1001
loop_2056_circuit_no_condition_2_1_6,8,0,624,1101
loop_2056_circuit_no_condition_2_1_6,8,1,624,1101
loop_2056_circuit_no_condition_2_1_6,8,2,624,1101
loop_2056_circuit_no_condition_2_1_6,8,3,624,1101
loop_2056_circuit_no_condition_2_1_6,8,4,624,1101
loop_2056_circuit_no_condition_2_1_6,8,5,4656,1101
loop_2056_circuit_no_condition_2_1_6,8,6,624,1101
loop_2056_circuit_no_condition_2_1_6,8,7,624,1101
loop_2056_circuit_no_condition_2_1_6,8,8,624,1101
loop_2056_circuit_no_condition_2_1_6,8,9,624,1101
loop_2056_circuit_no_condition_2_1_6,8,10,624,1101
loop_2056_circuit_no_condition_2_1_6,8,11,624,1101
loop_2056_circuit_no_condition_2_1_6,8,12,5427,1101
loop_2056_circuit_no_condition_2_1_6,8,13,624,1101
loop_2056_circuit_no_condition_2_1_6,8,14,624,1101
loop_2056_circuit_no_condition_2_1_6,8,15,624,1101
loop_2056_circuit_no_condition_2_1_6,8,0,624,1201
loop_2056_circuit_no_condition_2_1_6,8,1,624,1201
loop_2056_circuit_no_condition_2_1_6,8,2,624,1201
loop_2056_circuit_no_condition_2_1_6,8,3,624,1201
loop_2056_circuit_no_condition_2_1_6,8,4,624,1201
loop_2056_circuit_no_condition_2_1_6,8,5,624,1201
loop_2056_circuit_no_condition_2_1_6,8,6,624,1201
loop_2056_circuit_no_condition_2_1_6,8,7,624,1201
loop_2056_circuit_no_condition_2_1_6,8,8,624,1201
loop_2056_circuit_no_condition_2_1_6,8,9,624,1201
loop_2056_circuit_no_condition_2_1_6,8,10,624,1201
loop_2056_circuit_no_condition_2_1_6,8,11,624,1201
loop_2056_circuit_no_condition_2_1_6,8,12,5428,1201
loop_2056_circuit_no_condition_2_1_6,8,13,624,1201
loop_2056_circuit_no_condition_2_1_6,8,14,624,1201
loop_2056_circuit_no_condition_2_1_6,8,15,624,1201
loop_2056_circuit_no_condition_2_1_6,8,0,624,1300
loop_2056_circuit_no_condition_2_1_6,8,1,624,1300
loop_2056_circuit_no_condition_2_1_6,8,2,624,1300
loop_2056_circuit_no_condition_2_1_6,8,3,624,1300
loop_2056_circuit_no_condition_2_1_6,8,4,624,1300
loop_2056_circuit_no_condition_2_1_6,8,5,624,1300
loop_2056_circuit_no_condition_2_1_6,8,6,624,1300
loop_2056_circuit_no_condition_2_1_6,8,7,624,1300
loop_2056_circuit_no_condition_2_1_6,8,8,624,1300
loop_2056_circuit_no_condition_2_1_6,8,9,624,1300
loop_2056_circuit_no_condition_2_1_6,8,10,624,1300
loop_2056_circuit_no_condition_2_1_6,8,11,624,1300
loop_2056_circuit_no_condition_2_1_6,8,12,5428,1300
loop_2056_circuit_no_condition_2_1_6,8,13,624,1300
loop_2056_circuit_no_condition_2_1_6,8,14,624,1300
loop_2056_circuit_no_condition_2_1_6,8,15,624,1300
loop_2056_circuit_no_condition_2_1_6,8,0,624,1401
loop_2056_circuit_no_condition_2_1_6,8,1,624,1401
loop_2056_circuit_no_condition_2_1_6,8,2,624,1401
loop_2056_circuit_no_condition_2_1_6,8,3,624,1401
loop_2056_circuit_no_condition_2_1_6,8,4,624,1401
loop_2056_circuit_no_condition_2_1_6,8,5,624,1401
loop_2056_circuit_no_condition_2_1_6,8,6,624,1401
loop_2056_circuit_no_condition_2_1_6,8,7,624,1401
loop_2056_circuit_no_condition_2_1_6,8,8,624,1401
loop_2056_circuit_no_condition_2_1_6,8,9,624,1401
loop_2056_circuit_no_condition_2_1_6,8,10,624,1401
loop_2056_circuit_no_condition_2_1_6,8,11,624,1401
loop_2056_circuit_no_condition_2_1_6,8,12,5428,1401
loop_2056_circuit_no_condition_2_1_6,8,13,624,1401
loop_2056_circuit_no_condition_2_1_6,8,14,624,1401
loop_2056_circuit_no_condition_2_1_6,8,15,624,1401
loop_2056_circuit_no_condition_2_1_6,8,0,624,1501
loop_2056_circuit_no_condition_2_1_6,8,1,624,1501
loop_2056_circuit_no_condition_2_1_6,8,2,624,1501
loop_2056_circuit_no_condition_2_1_6,8,3,624,1501
loop_2056_circuit_no_condition_2_1_6,8,4,624,1501
loop_2056_circuit_no_condition_2_1_6,8,5,624,1501
loop_2056_circuit_no_condition_2_1_6,8,6,624,1501
loop_2056_circuit_no_condition_2_1_6,8,7,624,1501
loop_2056_circuit_no_condition_2_1_6,8,8,624,1501
loop_2056_circuit_no_condition_2_1_6,8,9,624,1501
loop_2056_circuit_no_condition_2_1_6,8,10,624,1501
loop_2056_circuit_no_condition_2_1_6,8,11,624,1501
loop_2056_circuit_no_condition_2_1_6,8,12,5429,1501
loop_2056_circuit_no_condition_2_1_6,8,13,624,1501
loop_2056_circuit_no_condition_2_1_6,8,14,624,1501
loop_2056_circuit_no_condition_2_1_6,8,15,624,1501
loop_2056_circuit_no_condition_2_1_6,8,0,624,1601
loop_2056_circuit_no_condition_2_1_6,8,1,624,1601
loop_2056_circuit_no_condition_2_1_6,8,2,624,1601
loop_2056_circuit_no_condition_2_1_6,8,3,624,1601
loop_2056_circuit_no_condition_2_1_6,8,4,624,1601
loop_2056_circuit_no_condition_2_1_6,8,5,624,1601
loop_2056_circuit_no_condition_2_1_6,8,6,624,1601
loop_2056_circuit_no_condition_2_1_6,8,7,624,1601
loop_2056_circuit_no_condition_2_1_6,8,8,624,1601
loop_2056_circuit_no_condition_2_1_6,8,9,624,1601
loop_2056_circuit_no_condition_2_1_6,8,10,624,1601
loop_2056_circuit_no_condition_2_1_6,8,11,624,1601
loop_2056_circuit_no_condition_2_1_6,8,12,5425,1601
loop_2056_circuit_no_condition_2_1_6,8,13,624,1601
loop_2056_circuit_no_condition_2_1_6,8,14,624,1601
loop_2056_circuit_no_condition_2_1_6,8,15,624,1601
loop_2056_circuit_no_condition_2_1_6,8,0,624,1701
loop_2056_circuit_no_condition_2_1_6,8,1,624,1701
loop_2056_circuit_no_condition_2_1_6,8,2,624,1701
loop_2056_circuit_no_condition_2_1_6,8,3,624,1701
loop_2056_circuit_no_condition_2_1_6,8,4,624,1701
loop_2056_circuit_no_condition_2_1_6,8,5,624,1701
loop_2056_circuit_no_condition_2_1_6,8,6,624,1701
loop_2056_circuit_no_condition_2_1_6,8,7,624,1701
loop_2056_circuit_no_condition_2_1_6,8,8,624,1701
loop_2056_circuit_no_condition_2_1_6,8,9,624,1701
loop_2056_circuit_no_condition_2_1_6,8,10,624,1701
loop_2056_circuit_no_condition_2_1_6,8,11,624,1701
loop_2056_circuit_no_condition_2_1_6,8,12,5427,1701
loop_2056_circuit_no_condition_2_1_6,8,13,624,1701
loop_2056_circuit_no_condition_2_1_6,8,14,624,1701
loop_2056_circuit_no_condition_2_1_6,8,15,624,1701
loop_2056_circuit_no_condition_2_1_6,8,0,624,1800
loop_2056_circuit_no_condition_2_1_6,8,1,624,1800
loop_2056_circuit_no_condition_2_1_6,8,2,624,1800
loop_2056_circuit_no_condition_2_1_6,8,3,4542,1800
loop_2056_circuit_no_condition_2_1_6,8,4,624,1800
loop_2056_circuit_no_condition_2_1_6,8,5,624,1800
loop_2056_circuit_no_condition_2_1_6,8,6,624,1800
loop_2056_circuit_no_condition_2_1_6,8,7,624,1800
loop_2056_circuit_no_condition_2_1_6,8,8,624,1800
loop_2056_circuit_no_condition_2_1_6,8,9,624,1800
loop_2056_circuit_no_condition_2_1_6,8,10,624,1800
loop_2056_circuit_no_condition_2_1_6,8,11,624,1800
loop_2056_circuit_no_condition_2_1_6,8,12,5431,1800
loop_2056_circuit_no_condition_2_1_6,8,13,624,1800
loop_2056_circuit_no_condition_2_1_6,8,14,624,1800
loop_2056_circuit_no_condition_2_1_6,8,15,624,1800
loop_2056_circuit_no_condition_2_1_6,8,0,5401,1901
loop_2056_circuit_no_condition_2_1_6,8,1,5428,1901
loop_2056_circuit_no_condition_2_1_6,8,2,5425,1901
loop_2056_circuit_no_condition_2_1_6,8,3,5426,1901
loop_2056_circuit_no_condition_2_1_6,8,4,5396,1901
loop_2056_circuit_no_condition_2_1_6,8,5,5426,1901
loop_2056_circuit_no_condition_2_1_6,8,6,5402,1901
loop_2056_circuit_no_condition_2_1_6,8,7,5364,1901
loop_2056_circuit_no_condition_2_1_6,8,8,5428,1901
loop_2056_circuit_no_condition_2_1_6,8,9,624,1901
loop_2056_circuit_no_condition_2_1_6,8,10,5426,1901
loop_2056_circuit_no_condition_2_1_6,8,11,624,1901
loop_2056_circuit_no_condition_2_1_6,8,12,5378,1901
loop_2056_circuit_no_condition_2_1_6,8,13,5412,1901
loop_2056_circuit_no_condition_2_1_6,8,14,624,1901
loop_2056_circuit_no_condition_2_1_6,8,15,5426,1901
loop_2056_circuit_no_condition_2_1_6,9,0,624,1
loop_2056_circuit_no_condition_2_1_6,9,1,624,1
loop_2056_circuit_no_condition_2_1_6,9,2,5425,1
loop_2056_circuit_no_condition_2_1_6,9,3,5412,1
loop_2056_circuit_no_condition_2_1_6,9,4,5435,1
loop_2056_circuit_no_condition_2_1_6,9,5,5435,1
loop_2056_circuit_no_condition_2_1_6,9,6,624,1
loop_2056_circuit_no_condition_2_1_6,9,7,5414,1
loop_2056_circuit_no_condition_2_1_6,9,8,5421,1
loop_2056_circuit_no_condition_2_1_6,9,9,5422,1
loop_2056_circuit_no_condition_2_1_6,9,10,5383,1
loop_2056_circuit_no_condition_2_1_6,9,11,5392,1
loop_2056_circuit_no_condition_2_1_6,9,12,624,1
loop_2056_circuit_no_condition_2_1_6,9,13,5440,1
loop_2056_circuit_no_condition_2_1_6,9,14,5441,1
loop_2056_circuit_no_condition_2_1_6,9,15,624,1
loop_2056_circuit_no_condition_2_1_6,9,0,5392,101
loop_2056_circuit_no_condition_2_1_6,9,1,5377,101
loop_2056_circuit_no_condition_2_1_6,9,2,5363,101
loop_2056_circuit_no_condition_2_1_6,9,3,5348,101
loop_2056_circuit_no_condition_2_1_6,9,4,5391,101
loop_2056_circuit_no_condition_2_1_6,9,5,5430,101
loop_2056_circuit_no_condition_2_1_6,9,6,5366,101
loop_2056_circuit_no_condition_2_1_6,9,7,5380,101
loop_2056_circuit_no_condition_2_1_6,9,8,5373,101
loop_2056_circuit_no_condition_2_1_6,9,9,5349,101
loop_2056_circuit_no_condition_2_1_6,9,10,5412,101
loop_2056_circuit_no_condition_2_1_6,9,11,5430,101
loop_2056_circuit_no_condition_2_1_6,9,12,5408,101
loop_2056_circuit_no_condition_2_1_6,9,13,5421,101
loop_2056_circuit_no_condition_2_1_6,9,14,5395,101
loop_2056_circuit_no_condition_2_1_6,9,15,5407,101
loop_2056_circuit_no_condition_2_1_6,9,0,5378,201
loop_2056_circuit_no_condition_2_1_6,9,1,5421,201
loop_2056_circuit_no_condition_2_1_6,9,2,5356,201
loop_2056_circuit_no_condition_2_1_6,9,3,5430,201
loop_2056_circuit_no_condition_2_1_6,9,4,5430,201
loop_2056_circuit_no_condition_2_1_6,9,5,5432,201
loop_2056_circuit_no_condition_2_1_6,9,6,5396,201
loop_2056_circuit_no_condition_2_1_6,9,7,5422,201
loop_2056_circuit_no_condition_2_1_6,9,8,5417,201
loop_2056_circuit_no_condition_2_1_6,9,9,5400,201
loop_2056_circuit_no_condition_2_1_6,9,10,5393,201
loop_2056_circuit_no_condition_2_1_6,9,11,624,201
loop_2056_circuit_no_condition_2_1_6,9,12,5399,201
loop_2056_circuit_no_condition_2_1_6,9,13,5373,201
loop_2056_circuit_no_condition_2_1_6,9,14,5399,201
loop_2056_circuit_no_condition_2_1_6,9,15,5418,201
loop_2056_circuit_no_condition_2_1_6,9,0,624,301
loop_2056_circuit_no_condition_2_1_6,9,1,5420,301
loop_2056_circuit_no_condition_2_1_6,9,2,624,301
loop_2056_circuit_no_condition_2_1_6,9,3,5414,301
loop_2056_circuit_no_condition_2_1_6,9,4,5424,301
loop_2056_circuit_no_condition_2_1_6,9,5,4328,301
loop_2056_circuit_no_condition_2_1_6,9,6,624,301
loop_2056_circuit_no_condition_2_1_6,9,7,624,301
loop_2056_circuit_no_condition_2_1_6,9,8,624,301
loop_2056_circuit_no_condition_2_1_6,9,9,624,301
loop_2056_circuit_no_condition_2_1_6,9,10,3233,301
loop_2056_circuit_no_condition_2_1_6,9,11,5449,301
loop_2056_circuit_no_condition_2_1_6,9,12,624,301
loop_2056_circuit_no_condition_2_1_6,9,13,3075,301
loop_2056_circuit_no_condition_2_1_6,9,14,5411,301
loop_2056_circuit_no_condition_2_1_6,9,15,624,301
loop_2056_circuit_no_condition_2_1_6,9,0,624,401
loop_2056_circuit_no_condition_2_1_6,9,1,4555,401
loop_2056_circuit_no_condition_2_1_6,9,2,624,401
loop_2056_circuit_no_condition_2_1_6,9,3,4594,401
loop_2056_circuit_no_condition_2_1_6,9,4,5432,401
loop_2056_circuit_no_condition_2_1_6,9,5,624,401
loop_2056_circuit_no_condition_2_1_6,9,6,624,401
loop_2056_circuit_no_condition_2_1_6,9,7,624,401
loop_2056_circuit_no_condition_2_1_6,9,8,624,401
loop_2056_circuit_no_condition_2_1_6,9,9,624,401
loop_2056_circuit_no_condition_2_1_6,9,10,624,401
loop_2056_circuit_no_condition_2_1_6,9,11,624,401
loop_2056_circuit_no_condition_2_1_6,9,12,624,401
loop_2056_circuit_no_condition_2_1_6,9,13,624,401
loop_2056_circuit_no_condition_2_1_6,9,14,624,401
loop_2056_circuit_no_condition_2_1_6,9,15,624,401
loop_2056_circuit_no_condition_2_1_6,9,0,624,501
loop_2056_circuit_no_condition_2_1_6,9,1,624,501
loop_2056_circuit_no_condition_2_1_6,9,2,624,501
loop_2056_circuit_no_condition_2_1_6,9,3,624,501
loop_2056_circuit_no_condition_2_1_6,9,4,4841,501
loop_2056_circuit_no_condition_2_1_6,9,5,5426,501
loop_2056_circuit_no_condition_2_1_6,9,6,624,501
loop_2056_circuit_no_condition_2_1_6,9,7,624,501
loop_2056_circuit_no_condition_2_1_6,9,8,624,501
loop_2056_circuit_no_condition_2_1_6,9,9,624,501
loop_2056_circuit_no_condition_2_1_6,9,10,624,501
loop_2056_circuit_no_condition_2_1_6,9,11,624,501
loop_2056_circuit_no_condition_2_1_6,9,12,624,501
loop_2056_circuit_no_condition_2_1_6,9,13,624,501
loop_2056_circuit_no_condition_2_1_6,9,14,624,501
loop_2056_circuit_no_condition_2_1_6,9,15,624,501
loop_2056_circuit_no_condition_2_1_6,9,0,624,601
loop_2056_circuit_no_condition_2_1_6,9,1,624,601
loop_2056_circuit_no_condition_2_1_6,9,2,624,601
loop_2056_circuit_no_condition_2_1_6,9,3,624,601
loop_2056_circuit_no_condition_2_1_6,9,4,624,601
loop_2056_circuit_no_condition_2_1_6,9,5,5430,601
loop_2056_circuit_no_condition_2_1_6,9,6,624,601
loop_2056_circuit_no_condition_2_1_6,9,7,624,601
loop_2056_circuit_no_condition_2_1_6,9,8,624,601
loop_2056_circuit_no_condition_2_1_6,9,9,624,601
loop_2056_circuit_no_condition_2_1_6,9,10,624,601
loop_2056_circuit_no_condition_2_1_6,9,11,624,601
loop_2056_circuit_no_condition_2_1_6,9,12,624,601
loop_2056_circuit_no_condition_2_1_6,9,13,624,601
loop_2056_circuit_no_condition_2_1_6,9,14,624,601
loop_2056_circuit_no_condition_2_1_6,9,15,624,601
loop_2056_circuit_no_condition_2_1_6,9,0,624,701
loop_2056_circuit_no_condition_2_1_6,9,1,624,701
loop_2056_circuit_no_condition_2_1_6,9,2,624,701
loop_2056_circuit_no_condition_2_1_6,9,3,624,701
loop_2056_circuit_no_condition_2_1_6,9,4,624,701
loop_2056_circuit_no_condition_2_1_6,9,5,5428,701
loop_2056_circuit_no_condition_2_1_6,9,6,624,701
loop_2056_circuit_no_condition_2_1_6,9,7,624,701
loop_2056_circuit_no_condition_2_1_6,9,8,624,701
loop_2056_circuit_no_condition_2_1_6,9,9,624,701
loop_2056_circuit_no_condition_2_1_6,9,10,624,701
loop_2056_circuit_no_condition_2_1_6,9,11,624,701
loop_2056_circuit_no_condition_2_1_6,9,12,624,701
loop_2056_circuit_no_condition_2_1_6,9,13,624,701
loop_2056_circuit_no_condition_2_1_6,9,14,624,701
loop_2056_circuit_no_condition_2_1_6,9,15,624,701
loop_2056_circuit_no_condition_2_1_6,9,0,624,801
loop_2056_circuit_no_condition_2_1_6,9,1,624,801
loop_2056_circuit_no_condition_2_1_6,9,2,624,801
loop_2056_circuit_no_condition_2_1_6,9,3,624,801
loop_2056_circuit_no_condition_2_1_6,9,4,624,801
loop_2056_circuit_no_condition_2_1_6,9,5,5430,801
loop_2056_circuit_no_condition_2_1_6,9,6,624,801
loop_2056_circuit_no_condition_2_1_6,9,7,624,801
loop_2056_circuit_no_condition_2_1_6,9,8,624,801
loop_2056_circuit_no_condition_2_1_6,9,9,624,801
loop_2056_circuit_no_condition_2_1_6,9,10,624,801
loop_2056_circuit_no_condition_2_1_6,9,11,624,801
loop_2056_circuit_no_condition_2_1_6,9,12,624,801
loop_2056_circuit_no_condition_2_1_6,9,13,624,801
loop_2056_circuit_no_condition_2_1_6,9,14,624,801
loop_2056_circuit_no_condition_2_1_6,9,15,624,801
loop_2056_circuit_no_condition_2_1_6,9,0,624,901
loop_2056_circuit_no_condition_2_1_6,9,1,624,901
loop_2056_circuit_no_condition_2_1_6,9,2,624,901
loop_2056_circuit_no_condition_2_1_6,9,3,624,901
loop_2056_circuit_no_condition_2_1_6,9,4,624,901
loop_2056_circuit_no_condition_2_1_6,9,5,5431,901
loop_2056_circuit_no_condition_2_1_6,9,6,624,901
loop_2056_circuit_no_condition_2_1_6,9,7,624,901
loop_2056_circuit_no_condition_2_1_6,9,8,624,901
loop_2056_circuit_no_condition_2_1_6,9,9,624,901
loop_2056_circuit_no_condition_2_1_6,9,10,624,901
loop_2056_circuit_no_condition_2_1_6,9,11,624,901
loop_2056_circuit_no_condition_2_1_6,9,12,624,901
loop_2056_circuit_no_condition_2_1_6,9,13,624,901
loop_2056_circuit_no_condition_2_1_6,9,14,624,901
loop_2056_circuit_no_condition_2_1_6,9,15,624,901
loop_2056_circuit_no_condition_2_1_6,9,0,624,1000
loop_2056_circuit_no_condition_2_1_6,9,1,624,1000
loop_2056_circuit_no_condition_2_1_6,9,2,624,1000
loop_2056_circuit_no_condition_2_1_6,9,3,624,1000
loop_2056_circuit_no_condition_2_1_6,9,4,624,1000
loop_2056_circuit_no_condition_2_1_6,9,5,5428,1000
loop_2056_circuit_no_condition_2_1_6,9,6,624,1000
loop_2056_circuit_no_condition_2_1_6,9,7,624,1000
loop_2056_circuit_no_condition_2_1_6,9,8,624,1000
loop_2056_circuit_no_condition_2_1_6,9,9,624,1000
loop_2056_circuit_no_condition_2_1_6,9,10,624,1000
loop_2056_circuit_no_condition_2_1_6,9,11,624,1000
loop_2056_circuit_no_condition_2_1_6,9,12,624,1000
loop_2056_circuit_no_condition_2_1_6,9,13,624,1000
loop_2056_circuit_no_condition_2_1_6,9,14,624,1000
loop_2056_circuit_no_condition_2_1_6,9,15,624,1000
loop_2056_circuit_no_condition_2_1_6,9,0,624,1100
loop_2056_circuit_no_condition_2_1_6,9,1,624,1100
loop_2056_circuit_no_condition_2_1_6,9,2,624,1100
loop_2056_circuit_no_condition_2_1_6,9,3,624,1100
loop_2056_circuit_no_condition_2_1_6,9,4,624,1100
loop_2056_circuit_no_condition_2_1_6,9,5,5429,1100
loop_2056_circuit_no_condition_2_1_6,9,6,624,1100
loop_2056_circuit_no_condition_2_1_6,9,7,624,1100
loop_2056_circuit_no_condition_2_1_6,9,8,624,1100
loop_2056_circuit_no_condition_2_1_6,9,9,624,1100
loop_2056_circuit_no_condition_2_1_6,9,10,624,1100
loop_2056_circuit_no_condition_2_1_6,9,11,624,1100
loop_2056_circuit_no_condition_2_1_6,9,12,624,1100
loop_2056_circuit_no_condition_2_1_6,9,13,624,1100
loop_2056_circuit_no_condition_2_1_6,9,14,624,1100
loop_2056_circuit_no_condition_2_1_6,9,15,624,1100
loop_2056_circuit_no_condition_2_1_6,9,0,624,1201
loop_2056_circuit_no_condition_2_1_6,9,1,624,1201
loop_2056_circuit_no_condition_2_1_6,9,2,624,1201
loop_2056_circuit_no_condition_2_1_6,9,3,624,1201
loop_2056_circuit_no_condition_2_1_6,9,4,624,1201
loop_2056_circuit_no_condition_2_1_6,9,5,5431,1201
loop_2056_circuit_no_condition_2_1_6,9,6,624,1201
loop_2056_circuit_no_condition_2_1_6,9,7,624,1201
loop_2056_circuit_no_condition_2_1_6,9,8,624,1201
loop_2056_circuit_no_condition_2_1_6,9,9,624,1201
loop_2056_circuit_no_condition_2_1_6,9,10,624,1201
loop_2056_circuit_no_condition_2_1_6,9,11,624,1201
loop_2056_circuit_no_condition_2_1_6,9,12,624,1201
loop_2056_circuit_no_condition_2_1_6,9,13,5434,1201
loop_2056_circuit_no_condition_2_1_6,9,14,624,1201
loop_2056_circuit_no_condition_2_1_6,9,15,624,1201
loop_2056_circuit_no_condition_2_1_6,9,0,624,1301
loop_2056_circuit_no_condition_2_1_6,9,1,624,1301
loop_2056_circuit_no_condition_2_1_6,9,2,624,1301
loop_2056_circuit_no_condition_2_1_6,9,3,4265,1301
loop_2056_circuit_no_condition_2_1_6,9,4,624,1301
loop_2056_circuit_no_condition_2_1_6,9,5,5427,1301
loop_2056_circuit_no_condition_2_1_6,9,6,624,1301
loop_2056_circuit_no_condition_2_1_6,9,7,624,1301
loop_2056_circuit_no_condition_2_1_6,9,8,624,1301
loop_2056_circuit_no_condition_2_1_6,9,9,624,1301
loop_2056_circuit_no_condition_2_1_6,9,10,624,1301
loop_2056_circuit_no_condition_2_1_6,9,11,624,1301
loop_2056_circuit_no_condition_2_1_6,9,12,624,1301
loop_2056_circuit_no_condition_2_1_6,9,13,624,1301
loop_2056_circuit_no_condition_2_1_6,9,14,624,1301
loop_2056_circuit_no_condition_2_1_6,9,15,624,1301
loop_2056_circuit_no_condition_2_1_6,9,0,624,1401
loop_2056_circuit_no_condition_2_1_6,9,1,624,1401
loop_2056_circuit_no_condition_2_1_6,9,2,624,1401
loop_2056_circuit_no_condition_2_1_6,9,3,4440,1401
loop_2056_circuit_no_condition_2_1_6,9,4,624,1401
loop_2056_circuit_no_condition_2_1_6,9,5,5427,1401
loop_2056_circuit_no_condition_2_1_6,9,6,624,1401
loop_2056_circuit_no_condition_2_1_6,9,7,624,1401
loop_2056_circuit_no_condition_2_1_6,9,8,624,1401
loop_2056_circuit_no_condition_2_1_6,9,9,624,1401
loop_2056_circuit_no_condition_2_1_6,9,10,624,1401
loop_2056_circuit_no_condition_2_1_6,9,11,624,1401
loop_2056_circuit_no_condition_2_1_6,9,12,624,1401
loop_2056_circuit_no_condition_2_1_6,9,13,624,1401
loop_2056_circuit_no_condition_2_1_6,9,14,624,1401
loop_2056_circuit_no_condition_2_1_6,9,15,624,1401
loop_2056_circuit_no_condition_2_1_6,9,0,624,1500
loop_2056_circuit_no_condition_2_1_6,9,1,624,1500
loop_2056_circuit_no_condition_2_1_6,9,2,624,1500
loop_2056_circuit_no_condition_2_1_6,9,3,4402,1500
loop_2056_circuit_no_condition_2_1_6,9,4,624,1500
loop_2056_circuit_no_condition_2_1_6,9,5,5431,1500
loop_2056_circuit_no_condition_2_1_6,9,6,624,1500
loop_2056_circuit_no_condition_2_1_6,9,7,624,1500
loop_2056_circuit_no_condition_2_1_6,9,8,624,1500
loop_2056_circuit_no_condition_2_1_6,9,9,624,1500
loop_2056_circuit_no_condition_2_1_6,9,10,624,1500
loop_2056_circuit_no_condition_2_1_6,9,11,624,1500
loop_2056_circuit_no_condition_2_1_6,9,12,624,1500
loop_2056_circuit_no_condition_2_1_6,9,13,624,1500
loop_2056_circuit_no_condition_2_1_6,9,14,624,1500
loop_2056_circuit_no_condition_2_1_6,9,15,624,1500
loop_2056_circuit_no_condition_2_1_6,9,0,624,1600
loop_2056_circuit_no_condition_2_1_6,9,1,624,1600
loop_2056_circuit_no_condition_2_1_6,9,2,624,1600
loop_2056_circuit_no_condition_2_1_6,9,3,624,1600
loop_2056_circuit_no_condition_2_1_6,9,4,624,1600
loop_2056_circuit_no_condition_2_1_6,9,5,5430,1600
loop_2056_circuit_no_condition_2_1_6,9,6,624,1600
loop_2056_circuit_no_condition_2_1_6,9,7,624,1600
loop_2056_circuit_no_condition_2_1_6,9,8,624,1600
loop_2056_circuit_no_condition_2_1_6,9,9,624,1600
loop_2056_circuit_no_condition_2_1_6,9,10,624,1600
loop_2056_circuit_no_condition_2_1_6,9,11,624,1600
loop_2056_circuit_no_condition_2_1_6,9,12,624,1600
loop_2056_circuit_no_condition_2_1_6,9,13,624,1600
loop_2056_circuit_no_condition_2_1_6,9,14,624,1600
loop_2056_circuit_no_condition_2_1_6,9,15,624,1600
loop_2056_circuit_no_condition_2_1_6,9,0,624,1701
loop_2056_circuit_no_condition_2_1_6,9,1,624,1701
loop_2056_circuit_no_condition_2_1_6,9,2,624,1701
loop_2056_circuit_no_condition_2_1_6,9,3,624,1701
loop_2056_circuit_no_condition_2_1_6,9,4,624,1701
loop_2056_circuit_no_condition_2_1_6,9,5,5431,1701
loop_2056_circuit_no_condition_2_1_6,9,6,624,1701
loop_2056_circuit_no_condition_2_1_6,9,7,624,1701
loop_2056_circuit_no_condition_2_1_6,9,8,624,1701
loop_2056_circuit_no_condition_2_1_6,9,9,624,1701
loop_2056_circuit_no_condition_2_1_6,9,10,624,1701
loop_2056_circuit_no_condition_2_1_6,9,11,624,1701
loop_2056_circuit_no_condition_2_1_6,9,12,624,1701
loop_2056_circuit_no_condition_2_1_6,9,13,624,1701
loop_2056_circuit_no_condition_2_1_6,9,14,624,1701
loop_2056_circuit_no_condition_2_1_6,9,15,624,1701
loop_2056_circuit_no_condition_2_1_6,9,0,624,1801
loop_2056_circuit_no_condition_2_1_6,9,1,624,1801
loop_2056_circuit_no_condition_2_1_6,9,2,624,1801
loop_2056_circuit_no_condition_2_1_6,9,3,624,1801
loop_2056_circuit_no_condition_2_1_6,9,4,624,1801
loop_2056_circuit_no_condition_2_1_6,9,5,5431,1801
loop_2056_circuit_no_condition_2_1_6,9,6,624,1801
loop_2056_circuit_no_condition_2_1_6,9,7,624,1801
loop_2056_circuit_no_condition_2_1_6,9,8,624,1801
loop_2056_circuit_no_condition_2_1_6,9,9,624,1801
loop_2056_circuit_no_condition_2_1_6,9,10,624,1801
loop_2056_circuit_no_condition_2_1_6,9,11,624,1801
loop_2056_circuit_no_condition_2_1_6,9,12,624,1801
loop_2056_circuit_no_condition_2_1_6,9,13,624,1801
loop_2056_circuit_no_condition_2_1_6,9,14,624,1801
loop_2056_circuit_no_condition_2_1_6,9,15,624,1801
loop_2056_circuit_no_condition_2_1_6,9,0,5428,1901
loop_2056_circuit_no_condition_2_1_6,9,1,624,1901
loop_2056_circuit_no_condition_2_1_6,9,2,5408,1901
loop_2056_circuit_no_condition_2_1_6,9,3,5418,1901
loop_2056_circuit_no_condition_2_1_6,9,4,5425,1901
loop_2056_circuit_no_condition_2_1_6,9,5,5409,1901
loop_2056_circuit_no_condition_2_1_6,9,6,5405,1901
loop_2056_circuit_no_condition_2_1_6,9,7,5416,1901
loop_2056_circuit_no_condition_2_1_6,9,8,624,1901
loop_2056_circuit_no_condition_2_1_6,9,9,5430,1901
loop_2056_circuit_no_condition_2_1_6,9,10,5402,1901
loop_2056_circuit_no_condition_2_1_6,9,11,5421,1901
loop_2056_circuit_no_condition_2_1_6,9,12,624,1901
loop_2056_circuit_no_condition_2_1_6,9,13,5398,1901
loop_2056_circuit_no_condition_2_1_6,9,14,5433,1901
loop_2056_circuit_no_condition_2_1_6,9,15,5396,1901
loop_2056_circuit_no_condition_2_1_6,10,0,5431,1
loop_2056_circuit_no_condition_2_1_6,10,1,5429,1
loop_2056_circuit_no_condition_2_1_6,10,2,5429,1
loop_2056_circuit_no_condition_2_1_6,10,3,5427,1
loop_2056_circuit_no_condition_2_1_6,10,4,624,1
loop_2056_circuit_no_condition_2_1_6,10,5,5429,1
loop_2056_circuit_no_condition_2_1_6,10,6,5428,1
loop_2056_circuit_no_condition_2_1_6,10,7,5415,1
loop_2056_circuit_no_condition_2_1_6,10,8,624,1
loop_2056_circuit_no_condition_2_1_6,10,9,624,1
loop_2056_circuit_no_condition_2_1_6,10,10,624,1
loop_2056_circuit_no_condition_2_1_6,10,11,5429,1
loop_2056_circuit_no_condition_2_1_6,10,12,5432,1
loop_2056_circuit_no_condition_2_1_6,10,13,5426,1
loop_2056_circuit_no_condition_2_1_6,10,14,5421,1
loop_2056_circuit_no_condition_2_1_6,10,15,624,1
loop_2056_circuit_no_condition_2_1_6,10,0,5392,101
loop_2056_circuit_no_condition_2_1_6,10,1,5410,101
loop_2056_circuit_no_condition_2_1_6,10,2,5414,101
loop_2056_circuit_no_condition_2_1_6,10,3,5393,101
loop_2056_circuit_no_condition_2_1_6,10,4,5427,101
loop_2056_circuit_no_condition_2_1_6,10,5,5371,101
loop_2056_circuit_no_condition_2_1_6,10,6,5418,101
loop_2056_circuit_no_condition_2_1_6,10,7,5379,101
loop_2056_circuit_no_condition_2_1_6,10,8,5423,101
loop_2056_circuit_no_condition_2_1_6,10,9,5394,101
loop_2056_circuit_no_condition_2_1_6,10,10,5366,101
loop_2056_circuit_no_condition_2_1_6,10,11,5328,101
loop_2056_circuit_no_condition_2_1_6,10,12,5371,101
loop_2056_circuit_no_condition_2_1_6,10,13,5335,101
loop_2056_circuit_no_condition_2_1_6,10,14,5329,101
loop_2056_circuit_no_condition_2_1_6,10,15,5394,101
loop_2056_circuit_no_condition_2_1_6,10,0,5407,201
loop_2056_circuit_no_condition_2_1_6,10,1,5406,201
loop_2056_circuit_no_condition_2_1_6,10,2,5407,201
loop_2056_circuit_no_condition_2_1_6,10,3,5406,201
loop_2056_circuit_no_condition_2_1_6,10,4,5408,201
loop_2056_circuit_no_condition_2_1_6,10,5,5425,201
loop_2056_circuit_no_condition_2_1_6,10,6,5407,201
loop_2056_circuit_no_condition_2_1_6,10,7,5412,201
loop_2056_circuit_no_condition_2_1_6,10,8,5407,201
loop_2056_circuit_no_condition_2_1_6,10,9,5408,201
loop_2056_circuit_no_condition_2_1_6,10,10,5407,201
loop_2056_circuit_no_condition_2_1_6,10,11,5408,201
loop_2056_circuit_no_condition_2_1_6,10,12,5406,201
loop_2056_circuit_no_condition_2_1_6,10,13,5406,201
loop_2056_circuit_no_condition_2_1_6,10,14,5407,201
loop_2056_circuit_no_condition_2_1_6,10,15,5407,201
loop_2056_circuit_no_condition_2_1_6,10,0,624,301
loop_2056_circuit_no_condition_2_1_6,10,1,624,301
loop_2056_circuit_no_condition_2_1_6,10,2,624,301
loop_2056_circuit_no_condition_2_1_6,10,3,624,301
loop_2056_circuit_no_condition_2_1_6,10,4,5426,301
loop_2056_circuit_no_condition_2_1_6,10,5,624,301
loop_2056_circuit_no_condition_2_1_6,10,6,624,301
loop_2056_circuit_no_condition_2_1_6,10,7,4689,301
loop_2056_circuit_no_condition_2_1_6,10,8,624,301
loop_2056_circuit_no_condition_2_1_6,10,9,4453,301
loop_2056_circuit_no_condition_2_1_6,10,10,624,301
loop_2056_circuit_no_condition_2_1_6,10,11,624,301
loop_2056_circuit_no_condition_2_1_6,10,12,624,301
loop_2056_circuit_no_condition_2_1_6,10,13,624,301
loop_2056_circuit_no_condition_2_1_6,10,14,624,301
loop_2056_circuit_no_condition_2_1_6,10,15,624,301
loop_2056_circuit_no_condition_2_1_6,10,0,624,401
loop_2056_circuit_no_condition_2_1_6,10,1,624,401
loop_2056_circuit_no_condition_2_1_6,10,2,624,401
loop_2056_circuit_no_condition_2_1_6,10,3,624,401
loop_2056_circuit_no_condition_2_1_6,10,4,5429,401
loop_2056_circuit_no_condition_2_1_6,10,5,624,401
loop_2056_circuit_no_condition_2_1_6,10,6,3802,401
loop_2056_circuit_no_condition_2_1_6,10,7,624,401
loop_2056_circuit_no_condition_2_1_6,10,8,624,401
loop_2056_circuit_no_condition_2_1_6,10,9,624,401
loop_2056_circuit_no_condition_2_1_6,10,10,624,401
loop_2056_circuit_no_condition_2_1_6,10,11,624,401
loop_2056_circuit_no_condition_2_1_6,10,12,624,401
loop_2056_circuit_no_condition_2_1_6,10,13,624,401
loop_2056_circuit_no_condition_2_1_6,10,14,624,401
loop_2056_circuit_no_condition_2_1_6,10,15,624,401
loop_2056_circuit_no_condition_2_1_6,10,0,624,501
loop_2056_circuit_no_condition_2_1_6,10,1,624,501
loop_2056_circuit_no_condition_2_1_6,10,2,624,501
loop_2056_circuit_no_condition_2_1_6,10,3,624,501
loop_2056_circuit_no_condition_2_1_6,10,4,3502,501
loop_2056_circuit_no_condition_2_1_6,10,5,5426,501
loop_2056_circuit_no_condition_2_1_6,10,6,624,501
loop_2056_circuit_no_condition_2_1_6,10,7,624,501
loop_2056_circuit_no_condition_2_1_6,10,8,624,501
loop_2056_circuit_no_condition_2_1_6,10,9,624,501
loop_2056_circuit_no_condition_2_1_6,10,10,624,501
loop_2056_circuit_no_condition_2_1_6,10,11,624,501
loop_2056_circuit_no_condition_2_1_6,10,12,624,501
loop_2056_circuit_no_condition_2_1_6,10,13,624,501
loop_2056_circuit_no_condition_2_1_6,10,14,624,501
loop_2056_circuit_no_condition_2_1_6,10,15,624,501
loop_2056_circuit_no_condition_2_1_6,10,0,624,601
loop_2056_circuit_no_condition_2_1_6,10,1,624,601
loop_2056_circuit_no_condition_2_1_6,10,2,624,601
loop_2056_circuit_no_condition_2_1_6,10,3,624,601
loop_2056_circuit_no_condition_2_1_6,10,4,624,601
loop_2056_circuit_no_condition_2_1_6,10,5,5430,601
loop_2056_circuit_no_condition_2_1_6,10,6,624,601
loop_2056_circuit_no_condition_2_1_6,10,7,624,601
loop_2056_circuit_no_condition_2_1_6,10,8,624,601
loop_2056_circuit_no_condition_2_1_6,10,9,624,601
loop_2056_circuit_no_condition_2_1_6,10,10,624,601
loop_2056_circuit_no_condition_2_1_6,10,11,624,601
loop_2056_circuit_no_condition_2_1_6,10,12,624,601
loop_2056_circuit_no_condition_2_1_6,10,13,624,601
loop_2056_circuit_no_condition_2_1_6,10,14,624,601
loop_2056_circuit_no_condition_2_1_6,10,15,624,601
loop_2056_circuit_no_condition_2_1_6,10,0,624,701
loop_2056_circuit_no_condition_2_1_6,10,1,624,701
loop_2056_circuit_no_condition_2_1_6,10,2,624,701
loop_2056_circuit_no_condition_2_1_6,10,3,624,701
loop_2056_circuit_no_condition_2_1_6,10,4,624,701
loop_2056_circuit_no_condition_2_1_6,10,5,5431,701
loop_2056_circuit_no_condition_2_1_6,10,6,624,701
loop_2056_circuit_no_condition_2_1_6,10,7,624,701
loop_2056_circuit_no_condition_2_1_6,10,8,624,701
loop_2056_circuit_no_condition_2_1_6,10,9,624,701
loop_2056_circuit_no_condition_2_1_6,10,10,624,701
loop_2056_circuit_no_condition_2_1_6,10,11,624,701
loop_2056_circuit_no_condition_2_1_6,10,12,624,701
loop_2056_circuit_no_condition_2_1_6,10,13,624,701
loop_2056_circuit_no_condition_2_1_6,10,14,624,701
loop_2056_circuit_no_condition_2_1_6,10,15,624,701
loop_2056_circuit_no_condition_2_1_6,10,0,624,801
loop_2056_circuit_no_condition_2_1_6,10,1,624,801
loop_2056_circuit_no_condition_2_1_6,10,2,624,801
loop_2056_circuit_no_condition_2_1_6,10,3,624,801
loop_2056_circuit_no_condition_2_1_6,10,4,624,801
loop_2056_circuit_no_condition_2_1_6,10,5,5430,801
loop_2056_circuit_no_condition_2_1_6,10,6,624,801
loop_2056_circuit_no_condition_2_1_6,10,7,624,801
loop_2056_circuit_no_condition_2_1_6,10,8,624,801
loop_2056_circuit_no_condition_2_1_6,10,9,624,801
loop_2056_circuit_no_condition_2_1_6,10,10,624,801
loop_2056_circuit_no_condition_2_1_6,10,11,624,801
loop_2056_circuit_no_condition_2_1_6,10,12,624,801
loop_2056_circuit_no_condition_2_1_6,10,13,624,801
loop_2056_circuit_no_condition_2_1_6,10,14,624,801
loop_2056_circuit_no_condition_2_1_6,10,15,624,801
loop_2056_circuit_no_condition_2_1_6,10,0,624,900
loop_2056_circuit_no_condition_2_1_6,10,1,624,900
loop_2056_circuit_no_condition_2_1_6,10,2,624,900
loop_2056_circuit_no_condition_2_1_6,10,3,624,900
loop_2056_circuit_no_condition_2_1_6,10,4,624,900
loop_2056_circuit_no_condition_2_1_6,10,5,5430,900
loop_2056_circuit_no_condition_2_1_6,10,6,624,900
loop_2056_circuit_no_condition_2_1_6,10,7,624,900
loop_2056_circuit_no_condition_2_1_6,10,8,624,900
loop_2056_circuit_no_condition_2_1_6,10,9,624,900
loop_2056_circuit_no_condition_2_1_6,10,10,624,900
loop_2056_circuit_no_condition_2_1_6,10,11,624,900
loop_2056_circuit_no_condition_2_1_6,10,12,624,900
loop_2056_circuit_no_condition_2_1_6,10,13,624,900
loop_2056_circuit_no_condition_2_1_6,10,14,624,900
loop_2056_circuit_no_condition_2_1_6,10,15,624,900
loop_2056_circuit_no_condition_2_1_6,10,0,624,1000
loop_2056_circuit_no_condition_2_1_6,10,1,624,1000
loop_2056_circuit_no_condition_2_1_6,10,2,624,1000
loop_2056_circuit_no_condition_2_1_6,10,3,624,1000
loop_2056_circuit_no_condition_2_1_6,10,4,624,1000
loop_2056_circuit_no_condition_2_1_6,10,5,5430,1000
loop_2056_circuit_no_condition_2_1_6,10,6,624,1000
loop_2056_circuit_no_condition_2_1_6,10,7,624,1000
loop_2056_circuit_no_condition_2_1_6,10,8,624,1000
loop_2056_circuit_no_condition_2_1_6,10,9,624,1000
loop_2056_circuit_no_condition_2_1_6,10,10,624,1000
loop_2056_circuit_no_condition_2_1_6,10,11,624,1000
loop_2056_circuit_no_condition_2_1_6,10,12,624,1000
loop_2056_circuit_no_condition_2_1_6,10,13,624,1000
loop_2056_circuit_no_condition_2_1_6,10,14,624,1000
loop_2056_circuit_no_condition_2_1_6,10,15,624,1000
loop_2056_circuit_no_condition_2_1_6,10,0,624,1101
loop_2056_circuit_no_condition_2_1_6,10,1,624,1101
loop_2056_circuit_no_condition_2_1_6,10,2,624,1101
loop_2056_circuit_no_condition_2_1_6,10,3,624,1101
loop_2056_circuit_no_condition_2_1_6,10,4,624,1101
loop_2056_circuit_no_condition_2_1_6,10,5,5432,1101
loop_2056_circuit_no_condition_2_1_6,10,6,624,1101
loop_2056_circuit_no_condition_2_1_6,10,7,624,1101
loop_2056_circuit_no_condition_2_1_6,10,8,624,1101
loop_2056_circuit_no_condition_2_1_6,10,9,624,1101
loop_2056_circuit_no_condition_2_1_6,10,10,624,1101
loop_2056_circuit_no_condition_2_1_6,10,11,624,1101
loop_2056_circuit_no_condition_2_1_6,10,12,624,1101
loop_2056_circuit_no_condition_2_1_6,10,13,624,1101
loop_2056_circuit_no_condition_2_1_6,10,14,624,1101
loop_2056_circuit_no_condition_2_1_6,10,15,624,1101
loop_2056_circuit_no_condition_2_1_6,10,0,624,1201
loop_2056_circuit_no_condition_2_1_6,10,1,624,1201
loop_2056_circuit_no_condition_2_1_6,10,2,624,1201
loop_2056_circuit_no_condition_2_1_6,10,3,624,1201
loop_2056_circuit_no_condition_2_1_6,10,4,624,1201
loop_2056_circuit_no_condition_2_1_6,10,5,5430,1201
loop_2056_circuit_no_condition_2_1_6,10,6,624,1201
loop_2056_circuit_no_condition_2_1_6,10,7,624,1201
loop_2056_circuit_no_condition_2_1_6,10,8,624,1201
loop_2056_circuit_no_condition_2_1_6,10,9,624,1201
loop_2056_circuit_no_condition_2_1_6,10,10,624,1201
loop_2056_circuit_no_condition_2_1_6,10,11,624,1201
loop_2056_circuit_no_condition_2_1_6,10,12,624,1201
loop_2056_circuit_no_condition_2_1_6,10,13,624,1201
loop_2056_circuit_no_condition_2_1_6,10,14,624,1201
loop_2056_circuit_no_condition_2_1_6,10,15,624,1201
loop_2056_circuit_no_condition_2_1_6,10,0,624,1301
loop_2056_circuit_no_condition_2_1_6,10,1,624,1301
loop_2056_circuit_no_condition_2_1_6,10,2,624,1301
loop_2056_circuit_no_condition_2_1_6,10,3,624,1301
loop_2056_circuit_no_condition_2_1_6,10,4,624,1301
loop_2056_circuit_no_condition_2_1_6,10,5,5429,1301
loop_2056_circuit_no_condition_2_1_6,10,6,624,1301
loop_2056_circuit_no_condition_2_1_6,10,7,624,1301
loop_2056_circuit_no_condition_2_1_6,10,8,624,1301
loop_2056_circuit_no_condition_2_1_6,10,9,624,1301
loop_2056_circuit_no_condition_2_1_6,10,10,624,1301
loop_2056_circuit_no_condition_2_1_6,10,11,624,1301
loop_2056_circuit_no_condition_2_1_6,10,12,624,1301
loop_2056_circuit_no_condition_2_1_6,10,13,624,1301
loop_2056_circuit_no_condition_2_1_6,10,14,624,1301
loop_2056_circuit_no_condition_2_1_6,10,15,624,1301
loop_2056_circuit_no_condition_2_1_6,10,0,624,1400
loop_2056_circuit_no_condition_2_1_6,10,1,624,1400
loop_2056_circuit_no_condition_2_1_6,10,2,624,1400
loop_2056_circuit_no_condition_2_1_6,10,3,624,1400
loop_2056_circuit_no_condition_2_1_6,10,4,624,1400
loop_2056_circuit_no_condition_2_1_6,10,5,5429,1400
loop_2056_circuit_no_condition_2_1_6,10,6,3720,1400
loop_2056_circuit_no_condition_2_1_6,10,7,624,1400
loop_2056_circuit_no_condition_2_1_6,10,8,624,1400
loop_2056_circuit_no_condition_2_1_6,10,9,624,1400
loop_2056_circuit_no_condition_2_1_6,10,10,624,1400
loop_2056_circuit_no_condition_2_1_6,10,11,624,1400
loop_2056_circuit_no_condition_2_1_6,10,12,624,1400
loop_2056_circuit_no_condition_2_1_6,10,13,624,1400
loop_2056_circuit_no_condition_2_1_6,10,14,624,1400
loop_2056_circuit_no_condition_2_1_6,10,15,624,1400
loop_2056_circuit_no_condition_2_1_6,10,0,624,1500
loop_2056_circuit_no_condition_2_1_6,10,1,624,1500
loop_2056_circuit_no_condition_2_1_6,10,2,624,1500
loop_2056_circuit_no_condition_2_1_6,10,3,624,1500
loop_2056_circuit_no_condition_2_1_6,10,4,624,1500
loop_2056_circuit_no_condition_2_1_6,10,5,5428,1500
loop_2056_circuit_no_condition_2_1_6,10,6,624,1500
loop_2056_circuit_no_condition_2_1_6,10,7,624,1500
loop_2056_circuit_no_condition_2_1_6,10,8,624,1500
loop_2056_circuit_no_condition_2_1_6,10,9,624,1500
loop_2056_circuit_no_condition_2_1_6,10,10,624,1500
loop_2056_circuit_no_condition_2_1_6,10,11,624,1500
loop_2056_circuit_no_condition_2_1_6,10,12,624,1500
loop_2056_circuit_no_condition_2_1_6,10,13,624,1500
loop_2056_circuit_no_condition_2_1_6,10,14,624,1500
loop_2056_circuit_no_condition_2_1_6,10,15,624,1500
loop_2056_circuit_no_condition_2_1_6,10,0,624,1601
loop_2056_circuit_no_condition_2_1_6,10,1,624,1601
loop_2056_circuit_no_condition_2_1_6,10,2,624,1601
loop_2056_circuit_no_condition_2_1_6,10,3,624,1601
loop_2056_circuit_no_condition_2_1_6,10,4,624,1601
loop_2056_circuit_no_condition_2_1_6,10,5,5429,1601
loop_2056_circuit_no_condition_2_1_6,10,6,624,1601
loop_2056_circuit_no_condition_2_1_6,10,7,624,1601
loop_2056_circuit_no_condition_2_1_6,10,8,624,1601
loop_2056_circuit_no_condition_2_1_6,10,9,624,1601
loop_2056_circuit_no_condition_2_1_6,10,10,624,1601
loop_2056_circuit_no_condition_2_1_6,10,11,624,1601
loop_2056_circuit_no_condition_2_1_6,10,12,624,1601
loop_2056_circuit_no_condition_2_1_6,10,13,624,1601
loop_2056_circuit_no_condition_2_1_6,10,14,624,1601
loop_2056_circuit_no_condition_2_1_6,10,15,624,1601
loop_2056_circuit_no_condition_2_1_6,10,0,624,1701
loop_2056_circuit_no_condition_2_1_6,10,1,624,1701
loop_2056_circuit_no_condition_2_1_6,10,2,624,1701
loop_2056_circuit_no_condition_2_1_6,10,3,624,1701
loop_2056_circuit_no_condition_2_1_6,10,4,624,1701
loop_2056_circuit_no_condition_2_1_6,10,5,5429,1701
loop_2056_circuit_no_condition_2_1_6,10,6,624,1701
loop_2056_circuit_no_condition_2_1_6,10,7,624,1701
loop_2056_circuit_no_condition_2_1_6,10,8,624,1701
loop_2056_circuit_no_condition_2_1_6,10,9,624,1701
loop_2056_circuit_no_condition_2_1_6,10,10,624,1701
loop_2056_circuit_no_condition_2_1_6,10,11,624,1701
loop_2056_circuit_no_condition_2_1_6,10,12,624,1701
loop_2056_circuit_no_condition_2_1_6,10,13,624,1701
loop_2056_circuit_no_condition_2_1_6,10,14,624,1701
loop_2056_circuit_no_condition_2_1_6,10,15,624,1701
loop_2056_circuit_no_condition_2_1_6,10,0,624,1800
loop_2056_circuit_no_condition_2_1_6,10,1,624,1800
loop_2056_circuit_no_condition_2_1_6,10,2,624,1800
loop_2056_circuit_no_condition_2_1_6,10,3,624,1800
loop_2056_circuit_no_condition_2_1_6,10,4,624,1800
loop_2056_circuit_no_condition_2_1_6,10,5,5430,1800
loop_2056_circuit_no_condition_2_1_6,10,6,624,1800
loop_2056_circuit_no_condition_2_1_6,10,7,624,1800
loop_2056_circuit_no_condition_2_1_6,10,8,624,1800
loop_2056_circuit_no_condition_2_1_6,10,9,624,1800
loop_2056_circuit_no_condition_2_1_6,10,10,624,1800
loop_2056_circuit_no_condition_2_1_6,10,11,624,1800
loop_2056_circuit_no_condition_2_1_6,10,12,624,1800
loop_2056_circuit_no_condition_2_1_6,10,13,624,1800
loop_2056_circuit_no_condition_2_1_6,10,14,624,1800
loop_2056_circuit_no_condition_2_1_6,10,15,624,1800
loop_2056_circuit_no_condition_2_1_6,10,0,5422,1900
loop_2056_circuit_no_condition_2_1_6,10,1,5419,1900
loop_2056_circuit_no_condition_2_1_6,10,2,5372,1900
loop_2056_circuit_no_condition_2_1_6,10,3,5374,1900
loop_2056_circuit_no_condition_2_1_6,10,4,5348,1900
loop_2056_circuit_no_condition_2_1_6,10,5,5371,1900
loop_2056_circuit_no_condition_2_1_6,10,6,5419,1900
loop_2056_circuit_no_condition_2_1_6,10,7,5428,1900
loop_2056_circuit_no_condition_2_1_6,10,8,5366,1900
loop_2056_circuit_no_condition_2_1_6,10,9,5290,1900
loop_2056_circuit_no_condition_2_1_6,10,10,5423,1900
loop_2056_circuit_no_condition_2_1_6,10,11,624,1900
loop_2056_circuit_no_condition_2_1_6,10,12,5423,1900
loop_2056_circuit_no_condition_2_1_6,10,13,5425,1900
loop_2056_circuit_no_condition_2_1_6,10,14,5418,1900
loop_2056_circuit_no_condition_2_1_6,10,15,624,1900
loop_2056_circuit_no_condition_2_1_6,11,0,624,1
loop_2056_circuit_no_condition_2_1_6,11,1,624,1
loop_2056_circuit_no_condition_2_1_6,11,2,5432,1
loop_2056_circuit_no_condition_2_1_6,11,3,5428,1
loop_2056_circuit_no_condition_2_1_6,11,4,5433,1
loop_2056_circuit_no_condition_2_1_6,11,5,5432,1
loop_2056_circuit_no_condition_2_1_6,11,6,5428,1
loop_2056_circuit_no_condition_2_1_6,11,7,5418,1
loop_2056_circuit_no_condition_2_1_6,11,8,5409,1
loop_2056_circuit_no_condition_2_1_6,11,9,624,1
loop_2056_circuit_no_condition_2_1_6,11,10,624,1
loop_2056_circuit_no_condition_2_1_6,11,11,5408,1
loop_2056_circuit_no_condition_2_1_6,11,12,5425,1
loop_2056_circuit_no_condition_2_1_6,11,13,624,1
loop_2056_circuit_no_condition_2_1_6,11,14,5427,1
loop_2056_circuit_no_condition_2_1_6,11,15,5428,1
loop_2056_circuit_no_condition_2_1_6,11,0,5374,101
loop_2056_circuit_no_condition_2_1_6,11,1,5394,101
loop_2056_circuit_no_condition_2_1_6,11,2,5399,101
loop_2056_circuit_no_condition_2_1_6,11,3,5393,101
loop_2056_circuit_no_condition_2_1_6,11,4,5427,101
loop_2056_circuit_no_condition_2_1_6,11,5,5381,101
loop_2056_circuit_no_condition_2_1_6,11,6,5381,101
loop_2056_circuit_no_condition_2_1_6,11,7,5400,101
loop_2056_circuit_no_condition_2_1_6,11,8,5416,101
loop_2056_circuit_no_condition_2_1_6,11,9,5386,101
loop_2056_circuit_no_condition_2_1_6,11,10,5410,101
loop_2056_circuit_no_condition_2_1_6,11,11,5388,101
loop_2056_circuit_no_condition_2_1_6,11,12,5418,101
loop_2056_circuit_no_condition_2_1_6,11,13,5379,101
loop_2056_circuit_no_condition_2_1_6,11,14,5338,101
loop_2056_circuit_no_condition_2_1_6,11,15,5373,101
loop_2056_circuit_no_condition_2_1_6,11,0,5392,200
loop_2056_circuit_no_condition_2_1_6,11,1,5412,200
loop_2056_circuit_no_condition_2_1_6,11,2,5356,200
loop_2056_circuit_no_condition_2_1_6,11,3,5414,200
loop_2056_circuit_no_condition_2_1_6,11,4,5430,200
loop_2056_circuit_no_condition_2_1_6,11,5,5415,200
loop_2056_circuit_no_condition_2_1_6,11,6,5420,200
loop_2056_circuit_no_condition_2_1_6,11,7,5422,200
loop_2056_circuit_no_condition_2_1_6,11,8,5384,200
loop_2056_circuit_no_condition_2_1_6,11,9,5429,200
loop_2056_circuit_no_condition_2_1_6,11,10,5384,200
loop_2056_circuit_no_condition_2_1_6,11,11,5374,200
loop_2056_circuit_no_condition_2_1_6,11,12,5416,200
loop_2056_circuit_no_condition_2_1_6,11,13,5392,200
loop_2056_circuit_no_condition_2_1_6,11,14,5369,200
loop_2056_circuit_no_condition_2_1_6,11,15,5422,200
loop_2056_circuit_no_condition_2_1_6,11,0,624,301
loop_2056_circuit_no_condition_2_1_6,11,1,624,301
loop_2056_circuit_no_condition_2_1_6,11,2,624,301
loop_2056_circuit_no_condition_2_1_6,11,3,624,301
loop_2056_circuit_no_condition_2_1_6,11,4,5427,301
loop_2056_circuit_no_condition_2_1_6,11,5,624,301
loop_2056_circuit_no_condition_2_1_6,11,6,624,301
loop_2056_circuit_no_condition_2_1_6,11,7,624,301
loop_2056_circuit_no_condition_2_1_6,11,8,624,301
loop_2056_circuit_no_condition_2_1_6,11,9,5422,301
loop_2056_circuit_no_condition_2_1_6,11,10,4512,301
loop_2056_circuit_no_condition_2_1_6,11,11,624,301
loop_2056_circuit_no_condition_2_1_6,11,12,624,301
loop_2056_circuit_no_condition_2_1_6,11,13,624,301
loop_2056_circuit_no_condition_2_1_6,11,14,624,301
loop_2056_circuit_no_condition_2_1_6,11,15,624,301
loop_2056_circuit_no_condition_2_1_6,11,0,624,401
loop_2056_circuit_no_condition_2_1_6,11,1,624,401
loop_2056_circuit_no_condition_2_1_6,11,2,624,401
loop_2056_circuit_no_condition_2_1_6,11,3,624,401
loop_2056_circuit_no_condition_2_1_6,11,4,5432,401
loop_2056_circuit_no_condition_2_1_6,11,5,624,401
loop_2056_circuit_no_condition_2_1_6,11,6,624,401
loop_2056_circuit_no_condition_2_1_6,11,7,624,401
loop_2056_circuit_no_condition_2_1_6,11,8,624,401
loop_2056_circuit_no_condition_2_1_6,11,9,624,401
loop_2056_circuit_no_condition_2_1_6,11,10,624,401
loop_2056_circuit_no_condition_2_1_6,11,11,624,401
loop_2056_circuit_no_condition_2_1_6,11,12,624,401
loop_2056_circuit_no_condition_2_1_6,11,13,624,401
loop_2056_circuit_no_condition_2_1_6,11,14,624,401
loop_2056_circuit_no_condition_2_1_6,11,15,624,401
loop_2056_circuit_no_condition_2_1_6,11,0,624,501
loop_2056_circuit_no_condition_2_1_6,11,1,624,501
loop_2056_circuit_no_condition_2_1_6,11,2,624,501
loop_2056_circuit_no_condition_2_1_6,11,3,624,501
loop_2056_circuit_no_condition_2_1_6,11,4,4664,501
loop_2056_circuit_no_condition_2_1_6,11,5,5425,501
loop_2056_circuit_no_condition_2_1_6,11,6,624,501
loop_2056_circuit_no_condition_2_1_6,11,7,624,501
loop_2056_circuit_no_condition_2_1_6,11,8,624,501
loop_2056_circuit_no_condition_2_1_6,11,9,624,501
loop_2056_circuit_no_condition_2_1_6,11,10,624,501
loop_2056_circuit_no_condition_2_1_6,11,11,624,501
loop_2056_circuit_no_condition_2_1_6,11,12,624,501
loop_2056_circuit_no_condition_2_1_6,11,13,624,501
loop_2056_circuit_no_condition_2_1_6,11,14,624,501
loop_2056_circuit_no_condition_2_1_6,11,15,624,501
loop_2056_circuit_no_condition_2_1_6,11,0,624,601
loop_2056_circuit_no_condition_2_1_6,11,1,624,601
loop_2056_circuit_no_condition_2_1_6,11,2,624,601
loop_2056_circuit_no_condition_2_1_6,11,3,4187,601
loop_2056_circuit_no_condition_2_1_6,11,4,624,601
loop_2056_circuit_no_condition_2_1_6,11,5,5429,601
loop_2056_circuit_no_condition_2_1_6,11,6,624,601
loop_2056_circuit_no_condition_2_1_6,11,7,624,601
loop_2056_circuit_no_condition_2_1_6,11,8,624,601
loop_2056_circuit_no_condition_2_1_6,11,9,624,601
loop_2056_circuit_no_condition_2_1_6,11,10,624,601
loop_2056_circuit_no_condition_2_1_6,11,11,624,601
loop_2056_circuit_no_condition_2_1_6,11,12,624,601
loop_2056_circuit_no_condition_2_1_6,11,13,624,601
loop_2056_circuit_no_condition_2_1_6,11,14,624,601
loop_2056_circuit_no_condition_2_1_6,11,15,624,601
loop_2056_circuit_no_condition_2_1_6,11,0,624,701
loop_2056_circuit_no_condition_2_1_6,11,1,624,701
loop_2056_circuit_no_condition_2_1_6,11,2,624,701
loop_2056_circuit_no_condition_2_1_6,11,3,624,701
loop_2056_circuit_no_condition_2_1_6,11,4,624,701
loop_2056_circuit_no_condition_2_1_6,11,5,5431,701
loop_2056_circuit_no_condition_2_1_6,11,6,624,701
loop_2056_circuit_no_condition_2_1_6,11,7,624,701
loop_2056_circuit_no_condition_2_1_6,11,8,624,701
loop_2056_circuit_no_condition_2_1_6,11,9,624,701
loop_2056_circuit_no_condition_2_1_6,11,10,624,701
loop_2056_circuit_no_condition_2_1_6,11,11,624,701
loop_2056_circuit_no_condition_2_1_6,11,12,624,701
loop_2056_circuit_no_condition_2_1_6,11,13,624,701
loop_2056_circuit_no_condition_2_1_6,11,14,624,701
loop_2056_circuit_no_condition_2_1_6,11,15,624,701
loop_2056_circuit_no_condition_2_1_6,11,0,624,801
loop_2056_circuit_no_condition_2_1_6,11,1,624,801
loop_2056_circuit_no_condition_2_1_6,11,2,624,801
loop_2056_circuit_no_condition_2_1_6,11,3,624,801
loop_2056_circuit_no_condition_2_1_6,11,4,624,801
loop_2056_circuit_no_condition_2_1_6,11,5,5432,801
loop_2056_circuit_no_condition_2_1_6,11,6,624,801
loop_2056_circuit_no_condition_2_1_6,11,7,624,801
loop_2056_circuit_no_condition_2_1_6,11,8,624,801
loop_2056_circuit_no_condition_2_1_6,11,9,624,801
loop_2056_circuit_no_condition_2_1_6,11,10,624,801
loop_2056_circuit_no_condition_2_1_6,11,11,624,801
loop_2056_circuit_no_condition_2_1_6,11,12,624,801
loop_2056_circuit_no_condition_2_1_6,11,13,624,801
loop_2056_circuit_no_condition_2_1_6,11,14,624,801
loop_2056_circuit_no_condition_2_1_6,11,15,624,801
loop_2056_circuit_no_condition_2_1_6,11,0,624,900
loop_2056_circuit_no_condition_2_1_6,11,1,624,900
loop_2056_circuit_no_condition_2_1_6,11,2,624,900
loop_2056_circuit_no_condition_2_1_6,11,3,624,900
loop_2056_circuit_no_condition_2_1_6,11,4,624,900
loop_2056_circuit_no_condition_2_1_6,11,5,5431,900
loop_2056_circuit_no_condition_2_1_6,11,6,624,900
loop_2056_circuit_no_condition_2_1_6,11,7,624,900
loop_2056_circuit_no_condition_2_1_6,11,8,624,900
loop_2056_circuit_no_condition_2_1_6,11,9,624,900
loop_2056_circuit_no_condition_2_1_6,11,10,624,900
loop_2056_circuit_no_condition_2_1_6,11,11,624,900
loop_2056_circuit_no_condition_2_1_6,11,12,624,900
loop_2056_circuit_no_condition_2_1_6,11,13,624,900
loop_2056_circuit_no_condition_2_1_6,11,14,624,900
loop_2056_circuit_no_condition_2_1_6,11,15,624,900
loop_2056_circuit_no_condition_2_1_6,11,0,624,1000
loop_2056_circuit_no_condition_2_1_6,11,1,624,1000
loop_2056_circuit_no_condition_2_1_6,11,2,624,1000
loop_2056_circuit_no_condition_2_1_6,11,3,624,1000
loop_2056_circuit_no_condition_2_1_6,11,4,624,1000
loop_2056_circuit_no_condition_2_1_6,11,5,5429,1000
loop_2056_circuit_no_condition_2_1_6,11,6,624,1000
loop_2056_circuit_no_condition_2_1_6,11,7,624,1000
loop_2056_circuit_no_condition_2_1_6,11,8,624,1000
loop_2056_circuit_no_condition_2_1_6,11,9,624,1000
loop_2056_circuit_no_condition_2_1_6,11,10,624,1000
loop_2056_circuit_no_condition_2_1_6,11,11,624,1000
loop_2056_circuit_no_condition_2_1_6,11,12,624,1000
loop_2056_circuit_no_condition_2_1_6,11,13,624,1000
loop_2056_circuit_no_condition_2_1_6,11,14,624,1000
loop_2056_circuit_no_condition_2_1_6,11,15,624,1000
loop_2056_circuit_no_condition_2_1_6,11,0,624,1101
loop_2056_circuit_no_condition_2_1_6,11,1,624,1101
loop_2056_circuit_no_condition_2_1_6,11,2,624,1101
loop_2056_circuit_no_condition_2_1_6,11,3,624,1101
loop_2056_circuit_no_condition_2_1_6,11,4,624,1101
loop_2056_circuit_no_condition_2_1_6,11,5,5432,1101
loop_2056_circuit_no_condition_2_1_6,11,6,624,1101
loop_2056_circuit_no_condition_2_1_6,11,7,624,1101
loop_2056_circuit_no_condition_2_1_6,11,8,624,1101
loop_2056_circuit_no_condition_2_1_6,11,9,624,1101
loop_2056_circuit_no_condition_2_1_6,11,10,624,1101
loop_2056_circuit_no_condition_2_1_6,11,11,624,1101
loop_2056_circuit_no_condition_2_1_6,11,12,624,1101
loop_2056_circuit_no_condition_2_1_6,11,13,624,1101
loop_2056_circuit_no_condition_2_1_6,11,14,624,1101
loop_2056_circuit_no_condition_2_1_6,11,15,624,1101
loop_2056_circuit_no_condition_2_1_6,11,0,624,1201
loop_2056_circuit_no_condition_2_1_6,11,1,624,1201
loop_2056_circuit_no_condition_2_1_6,11,2,624,1201
loop_2056_circuit_no_condition_2_1_6,11,3,624,1201
loop_2056_circuit_no_condition_2_1_6,11,4,624,1201
loop_2056_circuit_no_condition_2_1_6,11,5,5428,1201
loop_2056_circuit_no_condition_2_1_6,11,6,5432,1201
loop_2056_circuit_no_condition_2_1_6,11,7,624,1201
loop_2056_circuit_no_condition_2_1_6,11,8,624,1201
loop_2056_circuit_no_condition_2_1_6,11,9,624,1201
loop_2056_circuit_no_condition_2_1_6,11,10,624,1201
loop_2056_circuit_no_condition_2_1_6,11,11,624,1201
loop_2056_circuit_no_condition_2_1_6,11,12,624,1201
loop_2056_circuit_no_condition_2_1_6,11,13,624,1201
loop_2056_circuit_no_condition_2_1_6,11,14,624,1201
loop_2056_circuit_no_condition_2_1_6,11,15,624,1201
loop_2056_circuit_no_condition_2_1_6,11,0,624,1301
loop_2056_circuit_no_condition_2_1_6,11,1,624,1301
loop_2056_circuit_no_condition_2_1_6,11,2,624,1301
loop_2056_circuit_no_condition_2_1_6,11,3,624,1301
loop_2056_circuit_no_condition_2_1_6,11,4,624,1301
loop_2056_circuit_no_condition_2_1_6,11,5,5431,1301
loop_2056_circuit_no_condition_2_1_6,11,6,5434,1301
loop_2056_circuit_no_condition_2_1_6,11,7,624,1301
loop_2056_circuit_no_condition_2_1_6,11,8,624,1301
loop_2056_circuit_no_condition_2_1_6,11,9,624,1301
loop_2056_circuit_no_condition_2_1_6,11,10,624,1301
loop_2056_circuit_no_condition_2_1_6,11,11,624,1301
loop_2056_circuit_no_condition_2_1_6,11,12,624,1301
loop_2056_circuit_no_condition_2_1_6,11,13,624,1301
loop_2056_circuit_no_condition_2_1_6,11,14,624,1301
loop_2056_circuit_no_condition_2_1_6,11,15,624,1301
loop_2056_circuit_no_condition_2_1_6,11,0,624,1400
loop_2056_circuit_no_condition_2_1_6,11,1,624,1400
loop_2056_circuit_no_condition_2_1_6,11,2,624,1400
loop_2056_circuit_no_condition_2_1_6,11,3,624,1400
loop_2056_circuit_no_condition_2_1_6,11,4,624,1400
loop_2056_circuit_no_condition_2_1_6,11,5,5431,1400
loop_2056_circuit_no_condition_2_1_6,11,6,5428,1400
loop_2056_circuit_no_condition_2_1_6,11,7,624,1400
loop_2056_circuit_no_condition_2_1_6,11,8,624,1400
loop_2056_circuit_no_condition_2_1_6,11,9,624,1400
loop_2056_circuit_no_condition_2_1_6,11,10,624,1400
loop_2056_circuit_no_condition_2_1_6,11,11,624,1400
loop_2056_circuit_no_condition_2_1_6,11,12,624,1400
loop_2056_circuit_no_condition_2_1_6,11,13,624,1400
loop_2056_circuit_no_condition_2_1_6,11,14,624,1400
loop_2056_circuit_no_condition_2_1_6,11,15,624,1400
loop_2056_circuit_no_condition_2_1_6,11,0,624,1500
loop_2056_circuit_no_condition_2_1_6,11,1,624,1500
loop_2056_circuit_no_condition_2_1_6,11,2,624,1500
loop_2056_circuit_no_condition_2_1_6,11,3,624,1500
loop_2056_circuit_no_condition_2_1_6,11,4,624,1500
loop_2056_circuit_no_condition_2_1_6,11,5,5427,1500
loop_2056_circuit_no_condition_2_1_6,11,6,5434,1500
loop_2056_circuit_no_condition_2_1_6,11,7,624,1500
loop_2056_circuit_no_condition_2_1_6,11,8,624,1500
loop_2056_circuit_no_condition_2_1_6,11,9,624,1500
loop_2056_circuit_no_condition_2_1_6,11,10,624,1500
loop_2056_circuit_no_condition_2_1_6,11,11,624,1500
loop_2056_circuit_no_condition_2_1_6,11,12,624,1500
loop_2056_circuit_no_condition_2_1_6,11,13,624,1500
loop_2056_circuit_no_condition_2_1_6,11,14,624,1500
loop_2056_circuit_no_condition_2_1_6,11,15,624,1500
loop_2056_circuit_no_condition_2_1_6,11,0,624,1601
loop_2056_circuit_no_condition_2_1_6,11,1,624,1601
loop_2056_circuit_no_condition_2_1_6,11,2,624,1601
loop_2056_circuit_no_condition_2_1_6,11,3,624,1601
loop_2056_circuit_no_condition_2_1_6,11,4,624,1601
loop_2056_circuit_no_condition_2_1_6,11,5,5430,1601
loop_2056_circuit_no_condition_2_1_6,11,6,624,1601
loop_2056_circuit_no_condition_2_1_6,11,7,624,1601
loop_2056_circuit_no_condition_2_1_6,11,8,624,1601
loop_2056_circuit_no_condition_2_1_6,11,9,624,1601
loop_2056_circuit_no_condition_2_1_6,11,10,624,1601
loop_2056_circuit_no_condition_2_1_6,11,11,624,1601
loop_2056_circuit_no_condition_2_1_6,11,12,624,1601
loop_2056_circuit_no_condition_2_1_6,11,13,624,1601
loop_2056_circuit_no_condition_2_1_6,11,14,624,1601
loop_2056_circuit_no_condition_2_1_6,11,15,624,1601
loop_2056_circuit_no_condition_2_1_6,11,0,624,1701
loop_2056_circuit_no_condition_2_1_6,11,1,624,1701
loop_2056_circuit_no_condition_2_1_6,11,2,624,1701
loop_2056_circuit_no_condition_2_1_6,11,3,624,1701
loop_2056_circuit_no_condition_2_1_6,11,4,624,1701
loop_2056_circuit_no_condition_2_1_6,11,5,5427,1701
loop_2056_circuit_no_condition_2_1_6,11,6,624,1701
loop_2056_circuit_no_condition_2_1_6,11,7,624,1701
loop_2056_circuit_no_condition_2_1_6,11,8,624,1701
loop_2056_circuit_no_condition_2_1_6,11,9,624,1701
loop_2056_circuit_no_condition_2_1_6,11,10,624,1701
loop_2056_circuit_no_condition_2_1_6,11,11,624,1701
loop_2056_circuit_no_condition_2_1_6,11,12,624,1701
loop_2056_circuit_no_condition_2_1_6,11,13,624,1701
loop_2056_circuit_no_condition_2_1_6,11,14,624,1701
loop_2056_circuit_no_condition_2_1_6,11,15,624,1701
loop_2056_circuit_no_condition_2_1_6,11,0,624,1801
loop_2056_circuit_no_condition_2_1_6,11,1,624,1801
loop_2056_circuit_no_condition_2_1_6,11,2,624,1801
loop_2056_circuit_no_condition_2_1_6,11,3,624,1801
loop_2056_circuit_no_condition_2_1_6,11,4,624,1801
loop_2056_circuit_no_condition_2_1_6,11,5,5428,1801
loop_2056_circuit_no_condition_2_1_6,11,6,624,1801
loop_2056_circuit_no_condition_2_1_6,11,7,624,1801
loop_2056_circuit_no_condition_2_1_6,11,8,624,1801
loop_2056_circuit_no_condition_2_1_6,11,9,624,1801
loop_2056_circuit_no_condition_2_1_6,11,10,624,1801
loop_2056_circuit_no_condition_2_1_6,11,11,624,1801
loop_2056_circuit_no_condition_2_1_6,11,12,624,1801
loop_2056_circuit_no_condition_2_1_6,11,13,624,1801
loop_2056_circuit_no_condition_2_1_6,11,14,624,1801
loop_2056_circuit_no_condition_2_1_6,11,15,624,1801
loop_2056_circuit_no_condition_2_1_6,11,0,624,1901
loop_2056_circuit_no_condition_2_1_6,11,1,624,1901
loop_2056_circuit_no_condition_2_1_6,11,2,5411,1901
loop_2056_circuit_no_condition_2_1_6,11,3,5379,1901
loop_2056_circuit_no_condition_2_1_6,11,4,624,1901
loop_2056_circuit_no_condition_2_1_6,11,5,5430,1901
loop_2056_circuit_no_condition_2_1_6,11,6,5429,1901
loop_2056_circuit_no_condition_2_1_6,11,7,5382,1901
loop_2056_circuit_no_condition_2_1_6,11,8,5404,1901
loop_2056_circuit_no_condition_2_1_6,11,9,5374,1901
loop_2056_circuit_no_condition_2_1_6,11,10,4687,1901
loop_2056_circuit_no_condition_2_1_6,11,11,5412,1901
loop_2056_circuit_no_condition_2_1_6,11,12,5435,1901
loop_2056_circuit_no_condition_2_1_6,11,13,5401,1901
loop_2056_circuit_no_condition_2_1_6,11,14,624,1901
loop_2056_circuit_no_condition_2_1_6,11,15,5435,1901
loop_2056_circuit_no_condition_2_1_6,12,0,624,1
loop_2056_circuit_no_condition_2_1_6,12,1,624,1
loop_2056_circuit_no_condition_2_1_6,12,2,5387,1
loop_2056_circuit_no_condition_2_1_6,12,3,5425,1
loop_2056_circuit_no_condition_2_1_6,12,4,5431,1
loop_2056_circuit_no_condition_2_1_6,12,5,5431,1
loop_2056_circuit_no_condition_2_1_6,12,6,5430,1
loop_2056_circuit_no_condition_2_1_6,12,7,5428,1
loop_2056_circuit_no_condition_2_1_6,12,8,5426,1
loop_2056_circuit_no_condition_2_1_6,12,9,5428,1
loop_2056_circuit_no_condition_2_1_6,12,10,5422,1
loop_2056_circuit_no_condition_2_1_6,12,11,5429,1
loop_2056_circuit_no_condition_2_1_6,12,12,5436,1
loop_2056_circuit_no_condition_2_1_6,12,13,5427,1
loop_2056_circuit_no_condition_2_1_6,12,14,624,1
loop_2056_circuit_no_condition_2_1_6,12,15,5433,1
loop_2056_circuit_no_condition_2_1_6,12,0,5380,101
loop_2056_circuit_no_condition_2_1_6,12,1,5396,101
loop_2056_circuit_no_condition_2_1_6,12,2,5423,101
loop_2056_circuit_no_condition_2_1_6,12,3,5417,101
loop_2056_circuit_no_condition_2_1_6,12,4,5426,101
loop_2056_circuit_no_condition_2_1_6,12,5,5350,101
loop_2056_circuit_no_condition_2_1_6,12,6,5362,101
loop_2056_circuit_no_condition_2_1_6,12,7,5336,101
loop_2056_circuit_no_condition_2_1_6,12,8,5378,101
loop_2056_circuit_no_condition_2_1_6,12,9,5408,101
loop_2056_circuit_no_condition_2_1_6,12,10,5383,101
loop_2056_circuit_no_condition_2_1_6,12,11,5417,101
loop_2056_circuit_no_condition_2_1_6,12,12,5372,101
loop_2056_circuit_no_condition_2_1_6,12,13,5418,101
loop_2056_circuit_no_condition_2_1_6,12,14,5406,101
loop_2056_circuit_no_condition_2_1_6,12,15,5414,101
loop_2056_circuit_no_condition_2_1_6,12,0,5425,201
loop_2056_circuit_no_condition_2_1_6,12,1,5394,201
loop_2056_circuit_no_condition_2_1_6,12,2,5385,201
loop_2056_circuit_no_condition_2_1_6,12,3,5421,201
loop_2056_circuit_no_condition_2_1_6,12,4,5426,201
loop_2056_circuit_no_condition_2_1_6,12,5,5414,201
loop_2056_circuit_no_condition_2_1_6,12,6,5429,201
loop_2056_circuit_no_condition_2_1_6,12,7,5377,201
loop_2056_circuit_no_condition_2_1_6,12,8,5417,201
loop_2056_circuit_no_condition_2_1_6,12,9,5420,201
loop_2056_circuit_no_condition_2_1_6,12,10,5415,201
loop_2056_circuit_no_condition_2_1_6,12,11,5425,201
loop_2056_circuit_no_condition_2_1_6,12,12,5384,201
loop_2056_circuit_no_condition_2_1_6,12,13,5392,201
loop_2056_circuit_no_condition_2_1_6,12,14,5382,201
loop_2056_circuit_no_condition_2_1_6,12,15,5414,201
loop_2056_circuit_no_condition_2_1_6,12,0,624,301
loop_2056_circuit_no_condition_2_1_6,12,1,624,301
loop_2056_circuit_no_condition_2_1_6,12,2,624,301
loop_2056_circuit_no_condition_2_1_6,12,3,5421,301
loop_2056_circuit_no_condition_2_1_6,12,4,5423,301
loop_2056_circuit_no_condition_2_1_6,12,5,3970,301
loop_2056_circuit_no_condition_2_1_6,12,6,5413,301
loop_2056_circuit_no_condition_2_1_6,12,7,624,301
loop_2056_circuit_no_condition_2_1_6,12,8,624,301
loop_2056_circuit_no_condition_2_1_6,12,9,624,301
loop_2056_circuit_no_condition_2_1_6,12,10,624,301
loop_2056_circuit_no_condition_2_1_6,12,11,624,301
loop_2056_circuit_no_condition_2_1_6,12,12,624,301
loop_2056_circuit_no_condition_2_1_6,12,13,624,301
loop_2056_circuit_no_condition_2_1_6,12,14,624,301
loop_2056_circuit_no_condition_2_1_6,12,15,624,301
loop_2056_circuit_no_condition_2_1_6,12,0,624,401
loop_2056_circuit_no_condition_2_1_6,12,1,624,401
loop_2056_circuit_no_condition_2_1_6,12,2,624,401
loop_2056_circuit_no_condition_2_1_6,12,3,3567,401
loop_2056_circuit_no_condition_2_1_6,12,4,5433,401
loop_2056_circuit_no_condition_2_1_6,12,5,4045,401
loop_2056_circuit_no_condition_2_1_6,12,6,5396,401
loop_2056_circuit_no_condition_2_1_6,12,7,624,401
loop_2056_circuit_no_condition_2_1_6,12,8,624,401
loop_2056_circuit_no_condition_2_1_6,12,9,624,401
loop_2056_circuit_no_condition_2_1_6,12,10,624,401
loop_2056_circuit_no_condition_2_1_6,12,11,624,401
loop_2056_circuit_no_condition_2_1_6,12,12,624,401
loop_2056_circuit_no_condition_2_1_6,12,13,624,401
loop_2056_circuit_no_condition_2_1_6,12,14,624,401
loop_2056_circuit_no_condition_2_1_6,12,15,624,401
loop_2056_circuit_no_condition_2_1_6,12,0,624,501
loop_2056_circuit_no_condition_2_1_6,12,1,624,501
loop_2056_circuit_no_condition_2_1_6,12,2,624,501
loop_2056_circuit_no_condition_2_1_6,12,3,3362,501
loop_2056_circuit_no_condition_2_1_6,12,4,5432,501
loop_2056_circuit_no_condition_2_1_6,12,5,4946,501
loop_2056_circuit_no_condition_2_1_6,12,6,5432,501
loop_2056_circuit_no_condition_2_1_6,12,7,624,501
loop_2056_circuit_no_condition_2_1_6,12,8,624,501
loop_2056_circuit_no_condition_2_1_6,12,9,624,501
loop_2056_circuit_no_condition_2_1_6,12,10,624,501
loop_2056_circuit_no_condition_2_1_6,12,11,2715,501
loop_2056_circuit_no_condition_2_1_6,12,12,624,501
loop_2056_circuit_no_condition_2_1_6,12,13,624,501
loop_2056_circuit_no_condition_2_1_6,12,14,624,501
loop_2056_circuit_no_condition_2_1_6,12,15,4611,501
loop_2056_circuit_no_condition_2_1_6,12,0,5430,601
loop_2056_circuit_no_condition_2_1_6,12,1,4327,601
loop_2056_circuit_no_condition_2_1_6,12,2,624,601
loop_2056_circuit_no_condition_2_1_6,12,3,624,601
loop_2056_circuit_no_condition_2_1_6,12,4,5432,601
loop_2056_circuit_no_condition_2_1_6,12,5,624,601
loop_2056_circuit_no_condition_2_1_6,12,6,5435,601
loop_2056_circuit_no_condition_2_1_6,12,7,624,601
loop_2056_circuit_no_condition_2_1_6,12,8,624,601
loop_2056_circuit_no_condition_2_1_6,12,9,624,601
loop_2056_circuit_no_condition_2_1_6,12,10,624,601
loop_2056_circuit_no_condition_2_1_6,12,11,624,601
loop_2056_circuit_no_condition_2_1_6,12,12,624,601
loop_2056_circuit_no_condition_2_1_6,12,13,624,601
loop_2056_circuit_no_condition_2_1_6,12,14,624,601
loop_2056_circuit_no_condition_2_1_6,12,15,624,601
loop_2056_circuit_no_condition_2_1_6,12,0,3297,701
loop_2056_circuit_no_condition_2_1_6,12,1,5270,701
loop_2056_circuit_no_condition_2_1_6,12,2,624,701
loop_2056_circuit_no_condition_2_1_6,12,3,624,701
loop_2056_circuit_no_condition_2_1_6,12,4,5428,701
loop_2056_circuit_no_condition_2_1_6,12,5,4185,701
loop_2056_circuit_no_condition_2_1_6,12,6,5423,701
loop_2056_circuit_no_condition_2_1_6,12,7,624,701
loop_2056_circuit_no_condition_2_1_6,12,8,624,701
loop_2056_circuit_no_condition_2_1_6,12,9,624,701
loop_2056_circuit_no_condition_2_1_6,12,10,624,701
loop_2056_circuit_no_condition_2_1_6,12,11,624,701
loop_2056_circuit_no_condition_2_1_6,12,12,624,701
loop_2056_circuit_no_condition_2_1_6,12,13,624,701
loop_2056_circuit_no_condition_2_1_6,12,14,624,701
loop_2056_circuit_no_condition_2_1_6,12,15,624,701
loop_2056_circuit_no_condition_2_1_6,12,0,624,801
loop_2056_circuit_no_condition_2_1_6,12,1,4624,801
loop_2056_circuit_no_condition_2_1_6,12,2,624,801
loop_2056_circuit_no_condition_2_1_6,12,3,624,801
loop_2056_circuit_no_condition_2_1_6,12,4,5430,801
loop_2056_circuit_no_condition_2_1_6,12,5,4049,801
loop_2056_circuit_no_condition_2_1_6,12,6,5430,801
loop_2056_circuit_no_condition_2_1_6,12,7,624,801
loop_2056_circuit_no_condition_2_1_6,12,8,624,801
loop_2056_circuit_no_condition_2_1_6,12,9,624,801
loop_2056_circuit_no_condition_2_1_6,12,10,624,801
loop_2056_circuit_no_condition_2_1_6,12,11,624,801
loop_2056_circuit_no_condition_2_1_6,12,12,624,801
loop_2056_circuit_no_condition_2_1_6,12,13,624,801
loop_2056_circuit_no_condition_2_1_6,12,14,624,801
loop_2056_circuit_no_condition_2_1_6,12,15,624,801
loop_2056_circuit_no_condition_2_1_6,12,0,624,901
loop_2056_circuit_no_condition_2_1_6,12,1,5418,901
loop_2056_circuit_no_condition_2_1_6,12,2,624,901
loop_2056_circuit_no_condition_2_1_6,12,3,624,901
loop_2056_circuit_no_condition_2_1_6,12,4,5425,901
loop_2056_circuit_no_condition_2_1_6,12,5,624,901
loop_2056_circuit_no_condition_2_1_6,12,6,5424,901
loop_2056_circuit_no_condition_2_1_6,12,7,624,901
loop_2056_circuit_no_condition_2_1_6,12,8,624,901
loop_2056_circuit_no_condition_2_1_6,12,9,624,901
loop_2056_circuit_no_condition_2_1_6,12,10,624,901
loop_2056_circuit_no_condition_2_1_6,12,11,624,901
loop_2056_circuit_no_condition_2_1_6,12,12,624,901
loop_2056_circuit_no_condition_2_1_6,12,13,624,901
loop_2056_circuit_no_condition_2_1_6,12,14,624,901
loop_2056_circuit_no_condition_2_1_6,12,15,624,901
loop_2056_circuit_no_condition_2_1_6,12,0,624,1001
loop_2056_circuit_no_condition_2_1_6,12,1,624,1001
loop_2056_circuit_no_condition_2_1_6,12,2,624,1001
loop_2056_circuit_no_condition_2_1_6,12,3,624,1001
loop_2056_circuit_no_condition_2_1_6,12,4,5427,1001
loop_2056_circuit_no_condition_2_1_6,12,5,624,1001
loop_2056_circuit_no_condition_2_1_6,12,6,624,1001
loop_2056_circuit_no_condition_2_1_6,12,7,624,1001
loop_2056_circuit_no_condition_2_1_6,12,8,624,1001
loop_2056_circuit_no_condition_2_1_6,12,9,624,1001
loop_2056_circuit_no_condition_2_1_6,12,10,624,1001
loop_2056_circuit_no_condition_2_1_6,12,11,624,1001
loop_2056_circuit_no_condition_2_1_6,12,12,624,1001
loop_2056_circuit_no_condition_2_1_6,12,13,624,1001
loop_2056_circuit_no_condition_2_1_6,12,14,624,1001
loop_2056_circuit_no_condition_2_1_6,12,15,624,1001
loop_2056_circuit_no_condition_2_1_6,12,0,5417,1101
loop_2056_circuit_no_condition_2_1_6,12,1,624,1101
loop_2056_circuit_no_condition_2_1_6,12,2,624,1101
loop_2056_circuit_no_condition_2_1_6,12,3,624,1101
loop_2056_circuit_no_condition_2_1_6,12,4,5426,1101
loop_2056_circuit_no_condition_2_1_6,12,5,624,1101
loop_2056_circuit_no_condition_2_1_6,12,6,5431,1101
loop_2056_circuit_no_condition_2_1_6,12,7,5425,1101
loop_2056_circuit_no_condition_2_1_6,12,8,624,1101
loop_2056_circuit_no_condition_2_1_6,12,9,624,1101
loop_2056_circuit_no_condition_2_1_6,12,10,624,1101
loop_2056_circuit_no_condition_2_1_6,12,11,624,1101
loop_2056_circuit_no_condition_2_1_6,12,12,624,1101
loop_2056_circuit_no_condition_2_1_6,12,13,5422,1101
loop_2056_circuit_no_condition_2_1_6,12,14,624,1101
loop_2056_circuit_no_condition_2_1_6,12,15,624,1101
loop_2056_circuit_no_condition_2_1_6,12,0,624,1201
loop_2056_circuit_no_condition_2_1_6,12,1,624,1201
loop_2056_circuit_no_condition_2_1_6,12,2,624,1201
loop_2056_circuit_no_condition_2_1_6,12,3,624,1201
loop_2056_circuit_no_condition_2_1_6,12,4,5430,1201
loop_2056_circuit_no_condition_2_1_6,12,5,624,1201
loop_2056_circuit_no_condition_2_1_6,12,6,624,1201
loop_2056_circuit_no_condition_2_1_6,12,7,624,1201
loop_2056_circuit_no_condition_2_1_6,12,8,624,1201
loop_2056_circuit_no_condition_2_1_6,12,9,624,1201
loop_2056_circuit_no_condition_2_1_6,12,10,624,1201
loop_2056_circuit_no_condition_2_1_6,12,11,624,1201
loop_2056_circuit_no_condition_2_1_6,12,12,624,1201
loop_2056_circuit_no_condition_2_1_6,12,13,624,1201
loop_2056_circuit_no_condition_2_1_6,12,14,624,1201
loop_2056_circuit_no_condition_2_1_6,12,15,624,1201
loop_2056_circuit_no_condition_2_1_6,12,0,624,1301
loop_2056_circuit_no_condition_2_1_6,12,1,624,1301
loop_2056_circuit_no_condition_2_1_6,12,2,624,1301
loop_2056_circuit_no_condition_2_1_6,12,3,624,1301
loop_2056_circuit_no_condition_2_1_6,12,4,5429,1301
loop_2056_circuit_no_condition_2_1_6,12,5,624,1301
loop_2056_circuit_no_condition_2_1_6,12,6,624,1301
loop_2056_circuit_no_condition_2_1_6,12,7,624,1301
loop_2056_circuit_no_condition_2_1_6,12,8,624,1301
loop_2056_circuit_no_condition_2_1_6,12,9,624,1301
loop_2056_circuit_no_condition_2_1_6,12,10,624,1301
loop_2056_circuit_no_condition_2_1_6,12,11,624,1301
loop_2056_circuit_no_condition_2_1_6,12,12,624,1301
loop_2056_circuit_no_condition_2_1_6,12,13,624,1301
loop_2056_circuit_no_condition_2_1_6,12,14,624,1301
loop_2056_circuit_no_condition_2_1_6,12,15,624,1301
loop_2056_circuit_no_condition_2_1_6,12,0,624,1401
loop_2056_circuit_no_condition_2_1_6,12,1,624,1401
loop_2056_circuit_no_condition_2_1_6,12,2,624,1401
loop_2056_circuit_no_condition_2_1_6,12,3,624,1401
loop_2056_circuit_no_condition_2_1_6,12,4,5427,1401
loop_2056_circuit_no_condition_2_1_6,12,5,624,1401
loop_2056_circuit_no_condition_2_1_6,12,6,5429,1401
loop_2056_circuit_no_condition_2_1_6,12,7,4594,1401
loop_2056_circuit_no_condition_2_1_6,12,8,624,1401
loop_2056_circuit_no_condition_2_1_6,12,9,624,1401
loop_2056_circuit_no_condition_2_1_6,12,10,624,1401
loop_2056_circuit_no_condition_2_1_6,12,11,624,1401
loop_2056_circuit_no_condition_2_1_6,12,12,624,1401
loop_2056_circuit_no_condition_2_1_6,12,13,624,1401
loop_2056_circuit_no_condition_2_1_6,12,14,624,1401
loop_2056_circuit_no_condition_2_1_6,12,15,624,1401
loop_2056_circuit_no_condition_2_1_6,12,0,624,1501
loop_2056_circuit_no_condition_2_1_6,12,1,5429,1501
loop_2056_circuit_no_condition_2_1_6,12,2,624,1501
loop_2056_circuit_no_condition_2_1_6,12,3,624,1501
loop_2056_circuit_no_condition_2_1_6,12,4,5427,1501
loop_2056_circuit_no_condition_2_1_6,12,5,624,1501
loop_2056_circuit_no_condition_2_1_6,12,6,5428,1501
loop_2056_circuit_no_condition_2_1_6,12,7,624,1501
loop_2056_circuit_no_condition_2_1_6,12,8,624,1501
loop_2056_circuit_no_condition_2_1_6,12,9,624,1501
loop_2056_circuit_no_condition_2_1_6,12,10,624,1501
loop_2056_circuit_no_condition_2_1_6,12,11,624,1501
loop_2056_circuit_no_condition_2_1_6,12,12,624,1501
loop_2056_circuit_no_condition_2_1_6,12,13,624,1501
loop_2056_circuit_no_condition_2_1_6,12,14,624,1501
loop_2056_circuit_no_condition_2_1_6,12,15,624,1501
loop_2056_circuit_no_condition_2_1_6,12,0,624,1601
loop_2056_circuit_no_condition_2_1_6,12,1,624,1601
loop_2056_circuit_no_condition_2_1_6,12,2,624,1601
loop_2056_circuit_no_condition_2_1_6,12,3,624,1601
loop_2056_circuit_no_condition_2_1_6,12,4,5427,1601
loop_2056_circuit_no_condition_2_1_6,12,5,624,1601
loop_2056_circuit_no_condition_2_1_6,12,6,624,1601
loop_2056_circuit_no_condition_2_1_6,12,7,624,1601
loop_2056_circuit_no_condition_2_1_6,12,8,624,1601
loop_2056_circuit_no_condition_2_1_6,12,9,624,1601
loop_2056_circuit_no_condition_2_1_6,12,10,624,1601
loop_2056_circuit_no_condition_2_1_6,12,11,624,1601
loop_2056_circuit_no_condition_2_1_6,12,12,624,1601
loop_2056_circuit_no_condition_2_1_6,12,13,624,1601
loop_2056_circuit_no_condition_2_1_6,12,14,624,1601
loop_2056_circuit_no_condition_2_1_6,12,15,624,1601
loop_2056_circuit_no_condition_2_1_6,12,0,624,1701
loop_2056_circuit_no_condition_2_1_6,12,1,624,1701
loop_2056_circuit_no_condition_2_1_6,12,2,624,1701
loop_2056_circuit_no_condition_2_1_6,12,3,624,1701
loop_2056_circuit_no_condition_2_1_6,12,4,5425,1701
loop_2056_circuit_no_condition_2_1_6,12,5,5428,1701
loop_2056_circuit_no_condition_2_1_6,12,6,624,1701
loop_2056_circuit_no_condition_2_1_6,12,7,624,1701
loop_2056_circuit_no_condition_2_1_6,12,8,624,1701
loop_2056_circuit_no_condition_2_1_6,12,9,624,1701
loop_2056_circuit_no_condition_2_1_6,12,10,624,1701
loop_2056_circuit_no_condition_2_1_6,12,11,624,1701
loop_2056_circuit_no_condition_2_1_6,12,12,624,1701
loop_2056_circuit_no_condition_2_1_6,12,13,624,1701
loop_2056_circuit_no_condition_2_1_6,12,14,624,1701
loop_2056_circuit_no_condition_2_1_6,12,15,624,1701
loop_2056_circuit_no_condition_2_1_6,12,0,624,1801
loop_2056_circuit_no_condition_2_1_6,12,1,5436,1801
loop_2056_circuit_no_condition_2_1_6,12,2,624,1801
loop_2056_circuit_no_condition_2_1_6,12,3,624,1801
loop_2056_circuit_no_condition_2_1_6,12,4,5429,1801
loop_2056_circuit_no_condition_2_1_6,12,5,624,1801
loop_2056_circuit_no_condition_2_1_6,12,6,624,1801
loop_2056_circuit_no_condition_2_1_6,12,7,624,1801
loop_2056_circuit_no_condition_2_1_6,12,8,624,1801
loop_2056_circuit_no_condition_2_1_6,12,9,624,1801
loop_2056_circuit_no_condition_2_1_6,12,10,624,1801
loop_2056_circuit_no_condition_2_1_6,12,11,624,1801
loop_2056_circuit_no_condition_2_1_6,12,12,624,1801
loop_2056_circuit_no_condition_2_1_6,12,13,624,1801
loop_2056_circuit_no_condition_2_1_6,12,14,624,1801
loop_2056_circuit_no_condition_2_1_6,12,15,624,1801
loop_2056_circuit_no_condition_2_1_6,12,0,5401,1901
loop_2056_circuit_no_condition_2_1_6,12,1,4842,1901
loop_2056_circuit_no_condition_2_1_6,12,2,624,1901
loop_2056_circuit_no_condition_2_1_6,12,3,5413,1901
loop_2056_circuit_no_condition_2_1_6,12,4,5417,1901
loop_2056_circuit_no_condition_2_1_6,12,5,5426,1901
loop_2056_circuit_no_condition_2_1_6,12,6,5426,1901
loop_2056_circuit_no_condition_2_1_6,12,7,5435,1901
loop_2056_circuit_no_condition_2_1_6,12,8,5365,1901
loop_2056_circuit_no_condition_2_1_6,12,9,5423,1901
loop_2056_circuit_no_condition_2_1_6,12,10,5396,1901
loop_2056_circuit_no_condition_2_1_6,12,11,624,1901
loop_2056_circuit_no_condition_2_1_6,12,12,624,1901
loop_2056_circuit_no_condition_2_1_6,12,13,5434,1901
loop_2056_circuit_no_condition_2_1_6,12,14,624,1901
loop_2056_circuit_no_condition_2_1_6,12,15,5393,1901
loop_2056_circuit_no_condition_2_1_6,13,0,5433,1
loop_2056_circuit_no_condition_2_1_6,13,1,5426,1
loop_2056_circuit_no_condition_2_1_6,13,2,5429,1
loop_2056_circuit_no_condition_2_1_6,13,3,5430,1
loop_2056_circuit_no_condition_2_1_6,13,4,5441,1
loop_2056_circuit_no_condition_2_1_6,13,5,5433,1
loop_2056_circuit_no_condition_2_1_6,13,6,5432,1
loop_2056_circuit_no_condition_2_1_6,13,7,5432,1
loop_2056_circuit_no_condition_2_1_6,13,8,624,1
loop_2056_circuit_no_condition_2_1_6,13,9,624,1
loop_2056_circuit_no_condition_2_1_6,13,10,5422,1
loop_2056_circuit_no_condition_2_1_6,13,11,5427,1
loop_2056_circuit_no_condition_2_1_6,13,12,5431,1
loop_2056_circuit_no_condition_2_1_6,13,13,624,1
loop_2056_circuit_no_condition_2_1_6,13,14,5393,1
loop_2056_circuit_no_condition_2_1_6,13,15,624,1
loop_2056_circuit_no_condition_2_1_6,13,0,5424,100
loop_2056_circuit_no_condition_2_1_6,13,1,5423,100
loop_2056_circuit_no_condition_2_1_6,13,2,5417,100
loop_2056_circuit_no_condition_2_1_6,13,3,5421,100
loop_2056_circuit_no_condition_2_1_6,13,4,5418,100
loop_2056_circuit_no_condition_2_1_6,13,5,5417,100
loop_2056_circuit_no_condition_2_1_6,13,6,5400,100
loop_2056_circuit_no_condition_2_1_6,13,7,5416,100
loop_2056_circuit_no_condition_2_1_6,13,8,5416,100
loop_2056_circuit_no_condition_2_1_6,13,9,5414,100
loop_2056_circuit_no_condition_2_1_6,13,10,5413,100
loop_2056_circuit_no_condition_2_1_6,13,11,5408,100
loop_2056_circuit_no_condition_2_1_6,13,12,5407,100
loop_2056_circuit_no_condition_2_1_6,13,13,5422,100
loop_2056_circuit_no_condition_2_1_6,13,14,5419,100
loop_2056_circuit_no_condition_2_1_6,13,15,5414,100
loop_2056_circuit_no_condition_2_1_6,13,0,5390,200
loop_2056_circuit_no_condition_2_1_6,13,1,5400,200
loop_2056_circuit_no_condition_2_1_6,13,2,5400,200
loop_2056_circuit_no_condition_2_1_6,13,3,5400,200
loop_2056_circuit_no_condition_2_1_6,13,4,5400,200
loop_2056_circuit_no_condition_2_1_6,13,5,5400,200
loop_2056_circuit_no_condition_2_1_6,13,6,5400,200
loop_2056_circuit_no_condition_2_1_6,13,7,5400,200
loop_2056_circuit_no_condition_2_1_6,13,8,5400,200
loop_2056_circuit_no_condition_2_1_6,13,9,5400,200
loop_2056_circuit_no_condition_2_1_6,13,10,5400,200
loop_2056_circuit_no_condition_2_1_6,13,11,5400,200
loop_2056_circuit_no_condition_2_1_6,13,12,5400,200
loop_2056_circuit_no_condition_2_1_6,13,13,5400,200
loop_2056_circuit_no_condition_2_1_6,13,14,5400,200
loop_2056_circuit_no_condition_2_1_6,13,15,5400,200
loop_2056_circuit_no_condition_2_1_6,13,0,624,301
loop_2056_circuit_no_condition_2_1_6,13,1,624,301
loop_2056_circuit_no_condition_2_1_6,13,2,624,301
loop_2056_circuit_no_condition_2_1_6,13,3,624,301
loop_2056_circuit_no_condition_2_1_6,13,4,624,301
loop_2056_circuit_no_condition_2_1_6,13,5,5420,301
loop_2056_circuit_no_condition_2_1_6,13,6,624,301
loop_2056_circuit_no_condition_2_1_6,13,7,624,301
loop_2056_circuit_no_condition_2_1_6,13,8,624,301
loop_2056_circuit_no_condition_2_1_6,13,9,624,301
loop_2056_circuit_no_condition_2_1_6,13,10,624,301
loop_2056_circuit_no_condition_2_1_6,13,11,624,301
loop_2056_circuit_no_condition_2_1_6,13,12,624,301
loop_2056_circuit_no_condition_2_1_6,13,13,624,301
loop_2056_circuit_no_condition_2_1_6,13,14,624,301
loop_2056_circuit_no_condition_2_1_6,13,15,624,301
loop_2056_circuit_no_condition_2_1_6,13,0,624,400
loop_2056_circuit_no_condition_2_1_6,13,1,624,400
loop_2056_circuit_no_condition_2_1_6,13,2,624,400
loop_2056_circuit_no_condition_2_1_6,13,3,624,400
loop_2056_circuit_no_condition_2_1_6,13,4,624,400
loop_2056_circuit_no_condition_2_1_6,13,5,5425,400
loop_2056_circuit_no_condition_2_1_6,13,6,624,400
loop_2056_circuit_no_condition_2_1_6,13,7,624,400
loop_2056_circuit_no_condition_2_1_6,13,8,624,400
loop_2056_circuit_no_condition_2_1_6,13,9,624,400
loop_2056_circuit_no_condition_2_1_6,13,10,624,400
loop_2056_circuit_no_condition_2_1_6,13,11,624,400
loop_2056_circuit_no_condition_2_1_6,13,12,624,400
loop_2056_circuit_no_condition_2_1_6,13,13,624,400
loop_2056_circuit_no_condition_2_1_6,13,14,624,400
loop_2056_circuit_no_condition_2_1_6,13,15,624,400
loop_2056_circuit_no_condition_2_1_6,13,0,4623,501
loop_2056_circuit_no_condition_2_1_6,13,1,624,501
loop_2056_circuit_no_condition_2_1_6,13,2,624,501
loop_2056_circuit_no_condition_2_1_6,13,3,4662,501
loop_2056_circuit_no_condition_2_1_6,13,4,3554,501
loop_2056_circuit_no_condition_2_1_6,13,5,5423,501
loop_2056_circuit_no_condition_2_1_6,13,6,624,501
loop_2056_circuit_no_condition_2_1_6,13,7,624,501
loop_2056_circuit_no_condition_2_1_6,13,8,624,501
loop_2056_circuit_no_condition_2_1_6,13,9,624,501
loop_2056_circuit_no_condition_2_1_6,13,10,624,501
loop_2056_circuit_no_condition_2_1_6,13,11,624,501
loop_2056_circuit_no_condition_2_1_6,13,12,624,501
loop_2056_circuit_no_condition_2_1_6,13,13,624,501
loop_2056_circuit_no_condition_2_1_6,13,14,624,501
loop_2056_circuit_no_condition_2_1_6,13,15,624,501
loop_2056_circuit_no_condition_2_1_6,13,0,624,600
loop_2056_circuit_no_condition_2_1_6,13,1,624,600
loop_2056_circuit_no_condition_2_1_6,13,2,624,600
loop_2056_circuit_no_condition_2_1_6,13,3,624,600
loop_2056_circuit_no_condition_2_1_6,13,4,624,600
loop_2056_circuit_no_condition_2_1_6,13,5,5432,600
loop_2056_circuit_no_condition_2_1_6,13,6,624,600
loop_2056_circuit_no_condition_2_1_6,13,7,624,600
loop_2056_circuit_no_condition_2_1_6,13,8,624,600
loop_2056_circuit_no_condition_2_1_6,13,9,624,600
loop_2056_circuit_no_condition_2_1_6,13,10,624,600
loop_2056_circuit_no_condition_2_1_6,13,11,624,600
loop_2056_circuit_no_condition_2_1_6,13,12,624,600
loop_2056_circuit_no_condition_2_1_6,13,13,624,600
loop_2056_circuit_no_condition_2_1_6,13,14,624,600
loop_2056_circuit_no_condition_2_1_6,13,15,624,600
loop_2056_circuit_no_condition_2_1_6,13,0,624,701
loop_2056_circuit_no_condition_2_1_6,13,1,624,701
loop_2056_circuit_no_condition_2_1_6,13,2,624,701
loop_2056_circuit_no_condition_2_1_6,13,3,624,701
loop_2056_circuit_no_condition_2_1_6,13,4,624,701
loop_2056_circuit_no_condition_2_1_6,13,5,5427,701
loop_2056_circuit_no_condition_2_1_6,13,6,624,701
loop_2056_circuit_no_condition_2_1_6,13,7,624,701
loop_2056_circuit_no_condition_2_1_6,13,8,624,701
loop_2056_circuit_no_condition_2_1_6,13,9,624,701
loop_2056_circuit_no_condition_2_1_6,13,10,624,701
loop_2056_circuit_no_condition_2_1_6,13,11,624,701
loop_2056_circuit_no_condition_2_1_6,13,12,624,701
loop_2056_circuit_no_condition_2_1_6,13,13,624,701
loop_2056_circuit_no_condition_2_1_6,13,14,624,701
loop_2056_circuit_no_condition_2_1_6,13,15,624,701
loop_2056_circuit_no_condition_2_1_6,13,0,624,801
loop_2056_circuit_no_condition_2_1_6,13,1,624,801
loop_2056_circuit_no_condition_2_1_6,13,2,624,801
loop_2056_circuit_no_condition_2_1_6,13,3,624,801
loop_2056_circuit_no_condition_2_1_6,13,4,624,801
loop_2056_circuit_no_condition_2_1_6,13,5,5430,801
loop_2056_circuit_no_condition_2_1_6,13,6,624,801
loop_2056_circuit_no_condition_2_1_6,13,7,624,801
loop_2056_circuit_no_condition_2_1_6,13,8,624,801
loop_2056_circuit_no_condition_2_1_6,13,9,4183,801
loop_2056_circuit_no_condition_2_1_6,13,10,624,801
loop_2056_circuit_no_condition_2_1_6,13,11,624,801
loop_2056_circuit_no_condition_2_1_6,13,12,624,801
loop_2056_circuit_no_condition_2_1_6,13,13,624,801
loop_2056_circuit_no_condition_2_1_6,13,14,624,801
loop_2056_circuit_no_condition_2_1_6,13,15,624,801
loop_2056_circuit_no_condition_2_1_6,13,0,624,901
loop_2056_circuit_no_condition_2_1_6,13,1,624,901
loop_2056_circuit_no_condition_2_1_6,13,2,624,901
loop_2056_circuit_no_condition_2_1_6,13,3,624,901
loop_2056_circuit_no_condition_2_1_6,13,4,624,901
loop_2056_circuit_no_condition_2_1_6,13,5,5427,901
loop_2056_circuit_no_condition_2_1_6,13,6,624,901
loop_2056_circuit_no_condition_2_1_6,13,7,624,901
loop_2056_circuit_no_condition_2_1_6,13,8,624,901
loop_2056_circuit_no_condition_2_1_6,13,9,624,901
loop_2056_circuit_no_condition_2_1_6,13,10,624,901
loop_2056_circuit_no_condition_2_1_6,13,11,624,901
loop_2056_circuit_no_condition_2_1_6,13,12,624,901
loop_2056_circuit_no_condition_2_1_6,13,13,624,901
loop_2056_circuit_no_condition_2_1_6,13,14,624,901
loop_2056_circuit_no_condition_2_1_6,13,15,624,901
loop_2056_circuit_no_condition_2_1_6,13,0,624,1000
loop_2056_circuit_no_condition_2_1_6,13,1,624,1000
loop_2056_circuit_no_condition_2_1_6,13,2,624,1000
loop_2056_circuit_no_condition_2_1_6,13,3,624,1000
loop_2056_circuit_no_condition_2_1_6,13,4,4786,1000
loop_2056_circuit_no_condition_2_1_6,13,5,5430,1000
loop_2056_circuit_no_condition_2_1_6,13,6,624,1000
loop_2056_circuit_no_condition_2_1_6,13,7,624,1000
loop_2056_circuit_no_condition_2_1_6,13,8,624,1000
loop_2056_circuit_no_condition_2_1_6,13,9,624,1000
loop_2056_circuit_no_condition_2_1_6,13,10,624,1000
loop_2056_circuit_no_condition_2_1_6,13,11,624,1000
loop_2056_circuit_no_condition_2_1_6,13,12,624,1000
loop_2056_circuit_no_condition_2_1_6,13,13,624,1000
loop_2056_circuit_no_condition_2_1_6,13,14,3645,1000
loop_2056_circuit_no_condition_2_1_6,13,15,624,1000
loop_2056_circuit_no_condition_2_1_6,13,0,624,1101
loop_2056_circuit_no_condition_2_1_6,13,1,624,1101
loop_2056_circuit_no_condition_2_1_6,13,2,624,1101
loop_2056_circuit_no_condition_2_1_6,13,3,624,1101
loop_2056_circuit_no_condition_2_1_6,13,4,624,1101
loop_2056_circuit_no_condition_2_1_6,13,5,5429,1101
loop_2056_circuit_no_condition_2_1_6,13,6,624,1101
loop_2056_circuit_no_condition_2_1_6,13,7,624,1101
loop_2056_circuit_no_condition_2_1_6,13,8,624,1101
loop_2056_circuit_no_condition_2_1_6,13,9,624,1101
loop_2056_circuit_no_condition_2_1_6,13,10,624,1101
loop_2056_circuit_no_condition_2_1_6,13,11,624,1101
loop_2056_circuit_no_condition_2_1_6,13,12,624,1101
loop_2056_circuit_no_condition_2_1_6,13,13,624,1101
loop_2056_circuit_no_condition_2_1_6,13,14,624,1101
loop_2056_circuit_no_condition_2_1_6,13,15,624,1101
loop_2056_circuit_no_condition_2_1_6,13,0,624,1201
loop_2056_circuit_no_condition_2_1_6,13,1,624,1201
loop_2056_circuit_no_condition_2_1_6,13,2,624,1201
loop_2056_circuit_no_condition_2_1_6,13,3,624,1201
loop_2056_circuit_no_condition_2_1_6,13,4,624,1201
loop_2056_circuit_no_condition_2_1_6,13,5,5427,1201
loop_2056_circuit_no_condition_2_1_6,13,6,624,1201
loop_2056_circuit_no_condition_2_1_6,13,7,624,1201
loop_2056_circuit_no_condition_2_1_6,13,8,624,1201
loop_2056_circuit_no_condition_2_1_6,13,9,624,1201
loop_2056_circuit_no_condition_2_1_6,13,10,624,1201
loop_2056_circuit_no_condition_2_1_6,13,11,624,1201
loop_2056_circuit_no_condition_2_1_6,13,12,624,1201
loop_2056_circuit_no_condition_2_1_6,13,13,624,1201
loop_2056_circuit_no_condition_2_1_6,13,14,624,1201
loop_2056_circuit_no_condition_2_1_6,13,15,624,1201
loop_2056_circuit_no_condition_2_1_6,13,0,624,1301
loop_2056_circuit_no_condition_2_1_6,13,1,624,1301
loop_2056_circuit_no_condition_2_1_6,13,2,624,1301
loop_2056_circuit_no_condition_2_1_6,13,3,624,1301
loop_2056_circuit_no_condition_2_1_6,13,4,624,1301
loop_2056_circuit_no_condition_2_1_6,13,5,5430,1301
loop_2056_circuit_no_condition_2_1_6,13,6,624,1301
loop_2056_circuit_no_condition_2_1_6,13,7,624,1301
loop_2056_circuit_no_condition_2_1_6,13,8,624,1301
loop_2056_circuit_no_condition_2_1_6,13,9,624,1301
loop_2056_circuit_no_condition_2_1_6,13,10,624,1301
loop_2056_circuit_no_condition_2_1_6,13,11,624,1301
loop_2056_circuit_no_condition_2_1_6,13,12,624,1301
loop_2056_circuit_no_condition_2_1_6,13,13,624,1301
loop_2056_circuit_no_condition_2_1_6,13,14,624,1301
loop_2056_circuit_no_condition_2_1_6,13,15,624,1301
loop_2056_circuit_no_condition_2_1_6,13,0,624,1400
loop_2056_circuit_no_condition_2_1_6,13,1,624,1400
loop_2056_circuit_no_condition_2_1_6,13,2,624,1400
loop_2056_circuit_no_condition_2_1_6,13,3,624,1400
loop_2056_circuit_no_condition_2_1_6,13,4,624,1400
loop_2056_circuit_no_condition_2_1_6,13,5,5430,1400
loop_2056_circuit_no_condition_2_1_6,13,6,624,1400
loop_2056_circuit_no_condition_2_1_6,13,7,624,1400
loop_2056_circuit_no_condition_2_1_6,13,8,624,1400
loop_2056_circuit_no_condition_2_1_6,13,9,624,1400
loop_2056_circuit_no_condition_2_1_6,13,10,624,1400
loop_2056_circuit_no_condition_2_1_6,13,11,624,1400
loop_2056_circuit_no_condition_2_1_6,13,12,624,1400
loop_2056_circuit_no_condition_2_1_6,13,13,624,1400
loop_2056_circuit_no_condition_2_1_6,13,14,624,1400
loop_2056_circuit_no_condition_2_1_6,13,15,624,1400
loop_2056_circuit_no_condition_2_1_6,13,0,624,1500
loop_2056_circuit_no_condition_2_1_6,13,1,624,1500
loop_2056_circuit_no_condition_2_1_6,13,2,624,1500
loop_2056_circuit_no_condition_2_1_6,13,3,624,1500
loop_2056_circuit_no_condition_2_1_6,13,4,624,1500
loop_2056_circuit_no_condition_2_1_6,13,5,5428,1500
loop_2056_circuit_no_condition_2_1_6,13,6,624,1500
loop_2056_circuit_no_condition_2_1_6,13,7,624,1500
loop_2056_circuit_no_condition_2_1_6,13,8,624,1500
loop_2056_circuit_no_condition_2_1_6,13,9,624,1500
loop_2056_circuit_no_condition_2_1_6,13,10,624,1500
loop_2056_circuit_no_condition_2_1_6,13,11,624,1500
loop_2056_circuit_no_condition_2_1_6,13,12,624,1500
loop_2056_circuit_no_condition_2_1_6,13,13,624,1500
loop_2056_circuit_no_condition_2_1_6,13,14,624,1500
loop_2056_circuit_no_condition_2_1_6,13,15,624,1500
loop_2056_circuit_no_condition_2_1_6,13,0,624,1601
loop_2056_circuit_no_condition_2_1_6,13,1,624,1601
loop_2056_circuit_no_condition_2_1_6,13,2,624,1601
loop_2056_circuit_no_condition_2_1_6,13,3,624,1601
loop_2056_circuit_no_condition_2_1_6,13,4,624,1601
loop_2056_circuit_no_condition_2_1_6,13,5,5427,1601
loop_2056_circuit_no_condition_2_1_6,13,6,624,1601
loop_2056_circuit_no_condition_2_1_6,13,7,624,1601
loop_2056_circuit_no_condition_2_1_6,13,8,624,1601
loop_2056_circuit_no_condition_2_1_6,13,9,624,1601
loop_2056_circuit_no_condition_2_1_6,13,10,624,1601
loop_2056_circuit_no_condition_2_1_6,13,11,624,1601
loop_2056_circuit_no_condition_2_1_6,13,12,624,1601
loop_2056_circuit_no_condition_2_1_6,13,13,624,1601
loop_2056_circuit_no_condition_2_1_6,13,14,624,1601
loop_2056_circuit_no_condition_2_1_6,13,15,624,1601
loop_2056_circuit_no_condition_2_1_6,13,0,624,1701
loop_2056_circuit_no_condition_2_1_6,13,1,624,1701
loop_2056_circuit_no_condition_2_1_6,13,2,624,1701
loop_2056_circuit_no_condition_2_1_6,13,3,624,1701
loop_2056_circuit_no_condition_2_1_6,13,4,624,1701
loop_2056_circuit_no_condition_2_1_6,13,5,5432,1701
loop_2056_circuit_no_condition_2_1_6,13,6,624,1701
loop_2056_circuit_no_condition_2_1_6,13,7,624,1701
loop_2056_circuit_no_condition_2_1_6,13,8,624,1701
loop_2056_circuit_no_condition_2_1_6,13,9,624,1701
loop_2056_circuit_no_condition_2_1_6,13,10,624,1701
loop_2056_circuit_no_condition_2_1_6,13,11,624,1701
loop_2056_circuit_no_condition_2_1_6,13,12,624,1701
loop_2056_circuit_no_condition_2_1_6,13,13,624,1701
loop_2056_circuit_no_condition_2_1_6,13,14,624,1701
loop_2056_circuit_no_condition_2_1_6,13,15,624,1701
loop_2056_circuit_no_condition_2_1_6,13,0,624,1801
loop_2056_circuit_no_condition_2_1_6,13,1,624,1801
loop_2056_circuit_no_condition_2_1_6,13,2,624,1801
loop_2056_circuit_no_condition_2_1_6,13,3,624,1801
loop_2056_circuit_no_condition_2_1_6,13,4,624,1801
loop_2056_circuit_no_condition_2_1_6,13,5,5430,1801
loop_2056_circuit_no_condition_2_1_6,13,6,624,1801
loop_2056_circuit_no_condition_2_1_6,13,7,624,1801
loop_2056_circuit_no_condition_2_1_6,13,8,624,1801
loop_2056_circuit_no_condition_2_1_6,13,9,624,1801
loop_2056_circuit_no_condition_2_1_6,13,10,624,1801
loop_2056_circuit_no_condition_2_1_6,13,11,624,1801
loop_2056_circuit_no_condition_2_1_6,13,12,624,1801
loop_2056_circuit_no_condition_2_1_6,13,13,624,1801
loop_2056_circuit_no_condition_2_1_6,13,14,624,1801
loop_2056_circuit_no_condition_2_1_6,13,15,624,1801
loop_2056_circuit_no_condition_2_1_6,13,0,5427,1901
loop_2056_circuit_no_condition_2_1_6,13,1,5424,1901
loop_2056_circuit_no_condition_2_1_6,13,2,5428,1901
loop_2056_circuit_no_condition_2_1_6,13,3,5419,1901
loop_2056_circuit_no_condition_2_1_6,13,4,5422,1901
loop_2056_circuit_no_condition_2_1_6,13,5,5421,1901
loop_2056_circuit_no_condition_2_1_6,13,6,5412,1901
loop_2056_circuit_no_condition_2_1_6,13,7,5422,1901
loop_2056_circuit_no_condition_2_1_6,13,8,5419,1901
loop_2056_circuit_no_condition_2_1_6,13,9,624,1901
loop_2056_circuit_no_condition_2_1_6,13,10,5425,1901
loop_2056_circuit_no_condition_2_1_6,13,11,5413,1901
loop_2056_circuit_no_condition_2_1_6,13,12,5422,1901
loop_2056_circuit_no_condition_2_1_6,13,13,624,1901
loop_2056_circuit_no_condition_2_1_6,13,14,5421,1901
loop_2056_circuit_no_condition_2_1_6,13,15,5398,1901
loop_2056_circuit_no_condition_2_1_6,14,0,5426,1
loop_2056_circuit_no_condition_2_1_6,14,1,5425,1
loop_2056_circuit_no_condition_2_1_6,14,2,5414,1
loop_2056_circuit_no_condition_2_1_6,14,3,4819,1
loop_2056_circuit_no_condition_2_1_6,14,4,5433,1
loop_2056_circuit_no_condition_2_1_6,14,5,5432,1
loop_2056_circuit_no_condition_2_1_6,14,6,624,1
loop_2056_circuit_no_condition_2_1_6,14,7,5424,1
loop_2056_circuit_no_condition_2_1_6,14,8,5406,1
loop_2056_circuit_no_condition_2_1_6,14,9,5409,1
loop_2056_circuit_no_condition_2_1_6,14,10,624,1
loop_2056_circuit_no_condition_2_1_6,14,11,624,1
loop_2056_circuit_no_condition_2_1_6,14,12,624,1
loop_2056_circuit_no_condition_2_1_6,14,13,5430,1
loop_2056_circuit_no_condition_2_1_6,14,14,5425,1
loop_2056_circuit_no_condition_2_1_6,14,15,5433,1
loop_2056_circuit_no_condition_2_1_6,14,0,5428,100
loop_2056_circuit_no_condition_2_1_6,14,1,5424,100
loop_2056_circuit_no_condition_2_1_6,14,2,5427,100
loop_2056_circuit_no_condition_2_1_6,14,3,5416,100
loop_2056_circuit_no_condition_2_1_6,14,4,5435,100
loop_2056_circuit_no_condition_2_1_6,14,5,5399,100
loop_2056_circuit_no_condition_2_1_6,14,6,5424,100
loop_2056_circuit_no_condition_2_1_6,14,7,5386,100
loop_2056_circuit_no_condition_2_1_6,14,8,5391,100
loop_2056_circuit_no_condition_2_1_6,14,9,5409,100
loop_2056_circuit_no_condition_2_1_6,14,10,5414,100
loop_2056_circuit_no_condition_2_1_6,14,11,5364,100
loop_2056_circuit_no_condition_2_1_6,14,12,5425,100
loop_2056_circuit_no_condition_2_1_6,14,13,5420,100
loop_2056_circuit_no_condition_2_1_6,14,14,5416,100
loop_2056_circuit_no_condition_2_1_6,14,15,5425,100
loop_2056_circuit_no_condition_2_1_6,14,0,5413,200
loop_2056_circuit_no_condition_2_1_6,14,1,5412,200
loop_2056_circuit_no_condition_2_1_6,14,2,5412,200
loop_2056_circuit_no_condition_2_1_6,14,3,5412,200
loop_2056_circuit_no_condition_2_1_6,14,4,5412,200
loop_2056_circuit_no_condition_2_1_6,14,5,5418,200
loop_2056_circuit_no_condition_2_1_6,14,6,5412,200
loop_2056_circuit_no_condition_2_1_6,14,7,5412,200
loop_2056_circuit_no_condition_2_1_6,14,8,5412,200
loop_2056_circuit_no_condition_2_1_6,14,9,5412,200
loop_2056_circuit_no_condition_2_1_6,14,10,5412,200
loop_2056_circuit_no_condition_2_1_6,14,11,5412,200
loop_2056_circuit_no_condition_2_1_6,14,12,5412,200
loop_2056_circuit_no_condition_2_1_6,14,13,5412,200
loop_2056_circuit_no_condition_2_1_6,14,14,5412,200
loop_2056_circuit_no_condition_2_1_6,14,15,5412,200
loop_2056_circuit_no_condition_2_1_6,14,0,624,301
loop_2056_circuit_no_condition_2_1_6,14,1,3487,301
loop_2056_circuit_no_condition_2_1_6,14,2,624,301
loop_2056_circuit_no_condition_2_1_6,14,3,4279,301
loop_2056_circuit_no_condition_2_1_6,14,4,5430,301
loop_2056_circuit_no_condition_2_1_6,14,5,624,301
loop_2056_circuit_no_condition_2_1_6,14,6,624,301
loop_2056_circuit_no_condition_2_1_6,14,7,624,301
loop_2056_circuit_no_condition_2_1_6,14,8,624,301
loop_2056_circuit_no_condition_2_1_6,14,9,624,301
loop_2056_circuit_no_condition_2_1_6,14,10,624,301
loop_2056_circuit_no_condition_2_1_6,14,11,624,301
loop_2056_circuit_no_condition_2_1_6,14,12,624,301
loop_2056_circuit_no_condition_2_1_6,14,13,624,301
loop_2056_circuit_no_condition_2_1_6,14,14,4568,301
loop_2056_circuit_no_condition_2_1_6,14,15,4909,301
loop_2056_circuit_no_condition_2_1_6,14,0,4333,401
loop_2056_circuit_no_condition_2_1_6,14,1,5422,401
loop_2056_circuit_no_condition_2_1_6,14,2,624,401
loop_2056_circuit_no_condition_2_1_6,14,3,4919,401
loop_2056_circuit_no_condition_2_1_6,14,4,5428,401
loop_2056_circuit_no_condition_2_1_6,14,5,624,401
loop_2056_circuit_no_condition_2_1_6,14,6,2988,401
loop_2056_circuit_no_condition_2_1_6,14,7,5427,401
loop_2056_circuit_no_condition_2_1_6,14,8,5226,401
loop_2056_circuit_no_condition_2_1_6,14,9,624,401
loop_2056_circuit_no_condition_2_1_6,14,10,3879,401
loop_2056_circuit_no_condition_2_1_6,14,11,5429,401
loop_2056_circuit_no_condition_2_1_6,14,12,624,401
loop_2056_circuit_no_condition_2_1_6,14,13,4635,401
loop_2056_circuit_no_condition_2_1_6,14,14,624,401
loop_2056_circuit_no_condition_2_1_6,14,15,624,401
loop_2056_circuit_no_condition_2_1_6,14,0,624,501
loop_2056_circuit_no_condition_2_1_6,14,1,3943,501
loop_2056_circuit_no_condition_2_1_6,14,2,624,501
loop_2056_circuit_no_condition_2_1_6,14,3,624,501
loop_2056_circuit_no_condition_2_1_6,14,4,3650,501
loop_2056_circuit_no_condition_2_1_6,14,5,5435,501
loop_2056_circuit_no_condition_2_1_6,14,6,624,501
loop_2056_circuit_no_condition_2_1_6,14,7,5437,501
loop_2056_circuit_no_condition_2_1_6,14,8,624,501
loop_2056_circuit_no_condition_2_1_6,14,9,624,501
loop_2056_circuit_no_condition_2_1_6,14,10,624,501
loop_2056_circuit_no_condition_2_1_6,14,11,624,501
loop_2056_circuit_no_condition_2_1_6,14,12,5411,501
loop_2056_circuit_no_condition_2_1_6,14,13,624,501
loop_2056_circuit_no_condition_2_1_6,14,14,624,501
loop_2056_circuit_no_condition_2_1_6,14,15,624,501
loop_2056_circuit_no_condition_2_1_6,14,0,624,601
loop_2056_circuit_no_condition_2_1_6,14,1,5397,601
loop_2056_circuit_no_condition_2_1_6,14,2,624,601
loop_2056_circuit_no_condition_2_1_6,14,3,4226,601
loop_2056_circuit_no_condition_2_1_6,14,4,624,601
loop_2056_circuit_no_condition_2_1_6,14,5,5428,601
loop_2056_circuit_no_condition_2_1_6,14,6,624,601
loop_2056_circuit_no_condition_2_1_6,14,7,624,601
loop_2056_circuit_no_condition_2_1_6,14,8,624,601
loop_2056_circuit_no_condition_2_1_6,14,9,624,601
loop_2056_circuit_no_condition_2_1_6,14,10,624,601
loop_2056_circuit_no_condition_2_1_6,14,11,624,601
loop_2056_circuit_no_condition_2_1_6,14,12,624,601
loop_2056_circuit_no_condition_2_1_6,14,13,5355,601
loop_2056_circuit_no_condition_2_1_6,14,14,624,601
loop_2056_circuit_no_condition_2_1_6,14,15,624,601
loop_2056_circuit_no_condition_2_1_6,14,0,624,700
loop_2056_circuit_no_condition_2_1_6,14,1,4722,700
loop_2056_circuit_no_condition_2_1_6,14,2,624,700
loop_2056_circuit_no_condition_2_1_6,14,3,624,700
loop_2056_circuit_no_condition_2_1_6,14,4,3524,700
loop_2056_circuit_no_condition_2_1_6,14,5,5424,700
loop_2056_circuit_no_condition_2_1_6,14,6,624,700
loop_2056_circuit_no_condition_2_1_6,14,7,624,700
loop_2056_circuit_no_condition_2_1_6,14,8,624,700
loop_2056_circuit_no_condition_2_1_6,14,9,624,700
loop_2056_circuit_no_condition_2_1_6,14,10,624,700
loop_2056_circuit_no_condition_2_1_6,14,11,624,700
loop_2056_circuit_no_condition_2_1_6,14,12,624,700
loop_2056_circuit_no_condition_2_1_6,14,13,624,700
loop_2056_circuit_no_condition_2_1_6,14,14,624,700
loop_2056_circuit_no_condition_2_1_6,14,15,624,700
loop_2056_circuit_no_condition_2_1_6,14,0,624,800
loop_2056_circuit_no_condition_2_1_6,14,1,624,800
loop_2056_circuit_no_condition_2_1_6,14,2,624,800
loop_2056_circuit_no_condition_2_1_6,14,3,4275,800
loop_2056_circuit_no_condition_2_1_6,14,4,5413,800
loop_2056_circuit_no_condition_2_1_6,14,5,5418,800
loop_2056_circuit_no_condition_2_1_6,14,6,624,800
loop_2056_circuit_no_condition_2_1_6,14,7,624,800
loop_2056_circuit_no_condition_2_1_6,14,8,624,800
loop_2056_circuit_no_condition_2_1_6,14,9,624,800
loop_2056_circuit_no_condition_2_1_6,14,10,624,800
loop_2056_circuit_no_condition_2_1_6,14,11,624,800
loop_2056_circuit_no_condition_2_1_6,14,12,624,800
loop_2056_circuit_no_condition_2_1_6,14,13,624,800
loop_2056_circuit_no_condition_2_1_6,14,14,624,800
loop_2056_circuit_no_condition_2_1_6,14,15,624,800
loop_2056_circuit_no_condition_2_1_6,14,0,624,900
loop_2056_circuit_no_condition_2_1_6,14,1,624,900
loop_2056_circuit_no_condition_2_1_6,14,2,624,900
loop_2056_circuit_no_condition_2_1_6,14,3,624,900
loop_2056_circuit_no_condition_2_1_6,14,4,5426,900
loop_2056_circuit_no_condition_2_1_6,14,5,5427,900
loop_2056_circuit_no_condition_2_1_6,14,6,624,900
loop_2056_circuit_no_condition_2_1_6,14,7,4612,900
loop_2056_circuit_no_condition_2_1_6,14,8,624,900
loop_2056_circuit_no_condition_2_1_6,14,9,624,900
loop_2056_circuit_no_condition_2_1_6,14,10,624,900
loop_2056_circuit_no_condition_2_1_6,14,11,624,900
loop_2056_circuit_no_condition_2_1_6,14,12,624,900
loop_2056_circuit_no_condition_2_1_6,14,13,624,900
loop_2056_circuit_no_condition_2_1_6,14,14,624,900
loop_2056_circuit_no_condition_2_1_6,14,15,624,900
loop_2056_circuit_no_condition_2_1_6,14,0,624,1001
loop_2056_circuit_no_condition_2_1_6,14,1,624,1001
loop_2056_circuit_no_condition_2_1_6,14,2,624,1001
loop_2056_circuit_no_condition_2_1_6,14,3,624,1001
loop_2056_circuit_no_condition_2_1_6,14,4,5414,1001
loop_2056_circuit_no_condition_2_1_6,14,5,5422,1001
loop_2056_circuit_no_condition_2_1_6,14,6,624,1001
loop_2056_circuit_no_condition_2_1_6,14,7,624,1001
loop_2056_circuit_no_condition_2_1_6,14,8,624,1001
loop_2056_circuit_no_condition_2_1_6,14,9,624,1001
loop_2056_circuit_no_condition_2_1_6,14,10,624,1001
loop_2056_circuit_no_condition_2_1_6,14,11,624,1001
loop_2056_circuit_no_condition_2_1_6,14,12,624,1001
loop_2056_circuit_no_condition_2_1_6,14,13,624,1001
loop_2056_circuit_no_condition_2_1_6,14,14,624,1001
loop_2056_circuit_no_condition_2_1_6,14,15,624,1001
loop_2056_circuit_no_condition_2_1_6,14,0,624,1101
loop_2056_circuit_no_condition_2_1_6,14,1,624,1101
loop_2056_circuit_no_condition_2_1_6,14,2,624,1101
loop_2056_circuit_no_condition_2_1_6,14,3,624,1101
loop_2056_circuit_no_condition_2_1_6,14,4,5420,1101
loop_2056_circuit_no_condition_2_1_6,14,5,5427,1101
loop_2056_circuit_no_condition_2_1_6,14,6,624,1101
loop_2056_circuit_no_condition_2_1_6,14,7,624,1101
loop_2056_circuit_no_condition_2_1_6,14,8,624,1101
loop_2056_circuit_no_condition_2_1_6,14,9,624,1101
loop_2056_circuit_no_condition_2_1_6,14,10,624,1101
loop_2056_circuit_no_condition_2_1_6,14,11,624,1101
loop_2056_circuit_no_condition_2_1_6,14,12,624,1101
loop_2056_circuit_no_condition_2_1_6,14,13,624,1101
loop_2056_circuit_no_condition_2_1_6,14,14,624,1101
loop_2056_circuit_no_condition_2_1_6,14,15,624,1101
loop_2056_circuit_no_condition_2_1_6,14,0,624,1200
loop_2056_circuit_no_condition_2_1_6,14,1,624,1200
loop_2056_circuit_no_condition_2_1_6,14,2,624,1200
loop_2056_circuit_no_condition_2_1_6,14,3,624,1200
loop_2056_circuit_no_condition_2_1_6,14,4,5418,1200
loop_2056_circuit_no_condition_2_1_6,14,5,5424,1200
loop_2056_circuit_no_condition_2_1_6,14,6,624,1200
loop_2056_circuit_no_condition_2_1_6,14,7,624,1200
loop_2056_circuit_no_condition_2_1_6,14,8,624,1200
loop_2056_circuit_no_condition_2_1_6,14,9,624,1200
loop_2056_circuit_no_condition_2_1_6,14,10,624,1200
loop_2056_circuit_no_condition_2_1_6,14,11,624,1200
loop_2056_circuit_no_condition_2_1_6,14,12,624,1200
loop_2056_circuit_no_condition_2_1_6,14,13,624,1200
loop_2056_circuit_no_condition_2_1_6,14,14,624,1200
loop_2056_circuit_no_condition_2_1_6,14,15,624,1200
loop_2056_circuit_no_condition_2_1_6,14,0,3520,1300
loop_2056_circuit_no_condition_2_1_6,14,1,624,1300
loop_2056_circuit_no_condition_2_1_6,14,2,624,1300
loop_2056_circuit_no_condition_2_1_6,14,3,4238,1300
loop_2056_circuit_no_condition_2_1_6,14,4,5418,1300
loop_2056_circuit_no_condition_2_1_6,14,5,5426,1300
loop_2056_circuit_no_condition_2_1_6,14,6,624,1300
loop_2056_circuit_no_condition_2_1_6,14,7,624,1300
loop_2056_circuit_no_condition_2_1_6,14,8,624,1300
loop_2056_circuit_no_condition_2_1_6,14,9,624,1300
loop_2056_circuit_no_condition_2_1_6,14,10,624,1300
loop_2056_circuit_no_condition_2_1_6,14,11,624,1300
loop_2056_circuit_no_condition_2_1_6,14,12,624,1300
loop_2056_circuit_no_condition_2_1_6,14,13,624,1300
loop_2056_circuit_no_condition_2_1_6,14,14,624,1300
loop_2056_circuit_no_condition_2_1_6,14,15,624,1300
loop_2056_circuit_no_condition_2_1_6,14,0,624,1400
loop_2056_circuit_no_condition_2_1_6,14,1,624,1400
loop_2056_circuit_no_condition_2_1_6,14,2,624,1400
loop_2056_circuit_no_condition_2_1_6,14,3,4328,1400
loop_2056_circuit_no_condition_2_1_6,14,4,5427,1400
loop_2056_circuit_no_condition_2_1_6,14,5,5430,1400
loop_2056_circuit_no_condition_2_1_6,14,6,624,1400
loop_2056_circuit_no_condition_2_1_6,14,7,624,1400
loop_2056_circuit_no_condition_2_1_6,14,8,624,1400
loop_2056_circuit_no_condition_2_1_6,14,9,624,1400
loop_2056_circuit_no_condition_2_1_6,14,10,624,1400
loop_2056_circuit_no_condition_2_1_6,14,11,624,1400
loop_2056_circuit_no_condition_2_1_6,14,12,624,1400
loop_2056_circuit_no_condition_2_1_6,14,13,624,1400
loop_2056_circuit_no_condition_2_1_6,14,14,624,1400
loop_2056_circuit_no_condition_2_1_6,14,15,624,1400
loop_2056_circuit_no_condition_2_1_6,14,0,624,1501
loop_2056_circuit_no_condition_2_1_6,14,1,624,1501
loop_2056_circuit_no_condition_2_1_6,14,2,624,1501
loop_2056_circuit_no_condition_2_1_6,14,3,624,1501
loop_2056_circuit_no_condition_2_1_6,14,4,4483,1501
loop_2056_circuit_no_condition_2_1_6,14,5,5420,1501
loop_2056_circuit_no_condition_2_1_6,14,6,624,1501
loop_2056_circuit_no_condition_2_1_6,14,7,624,1501
loop_2056_circuit_no_condition_2_1_6,14,8,624,1501
loop_2056_circuit_no_condition_2_1_6,14,9,624,1501
loop_2056_circuit_no_condition_2_1_6,14,10,624,1501
loop_2056_circuit_no_condition_2_1_6,14,11,624,1501
loop_2056_circuit_no_condition_2_1_6,14,12,624,1501
loop_2056_circuit_no_condition_2_1_6,14,13,624,1501
loop_2056_circuit_no_condition_2_1_6,14,14,624,1501
loop_2056_circuit_no_condition_2_1_6,14,15,624,1501
loop_2056_circuit_no_condition_2_1_6,14,0,624,1601
loop_2056_circuit_no_condition_2_1_6,14,1,624,1601
loop_2056_circuit_no_condition_2_1_6,14,2,624,1601
loop_2056_circuit_no_condition_2_1_6,14,3,4473,1601
loop_2056_circuit_no_condition_2_1_6,14,4,5424,1601
loop_2056_circuit_no_condition_2_1_6,14,5,5424,1601
loop_2056_circuit_no_condition_2_1_6,14,6,624,1601
loop_2056_circuit_no_condition_2_1_6,14,7,624,1601
loop_2056_circuit_no_condition_2_1_6,14,8,624,1601
loop_2056_circuit_no_condition_2_1_6,14,9,624,1601
loop_2056_circuit_no_condition_2_1_6,14,10,624,1601
loop_2056_circuit_no_condition_2_1_6,14,11,624,1601
loop_2056_circuit_no_condition_2_1_6,14,12,624,1601
loop_2056_circuit_no_condition_2_1_6,14,13,624,1601
loop_2056_circuit_no_condition_2_1_6,14,14,624,1601
loop_2056_circuit_no_condition_2_1_6,14,15,5347,1601
loop_2056_circuit_no_condition_2_1_6,14,0,624,1700
loop_2056_circuit_no_condition_2_1_6,14,1,624,1700
loop_2056_circuit_no_condition_2_1_6,14,2,624,1700
loop_2056_circuit_no_condition_2_1_6,14,3,624,1700
loop_2056_circuit_no_condition_2_1_6,14,4,5424,1700
loop_2056_circuit_no_condition_2_1_6,14,5,5427,1700
loop_2056_circuit_no_condition_2_1_6,14,6,624,1700
loop_2056_circuit_no_condition_2_1_6,14,7,624,1700
loop_2056_circuit_no_condition_2_1_6,14,8,624,1700
loop_2056_circuit_no_condition_2_1_6,14,9,624,1700
loop_2056_circuit_no_condition_2_1_6,14,10,624,1700
loop_2056_circuit_no_condition_2_1_6,14,11,624,1700
loop_2056_circuit_no_condition_2_1_6,14,12,624,1700
loop_2056_circuit_no_condition_2_1_6,14,13,624,1700
loop_2056_circuit_no_condition_2_1_6,14,14,624,1700
loop_2056_circuit_no_condition_2_1_6,14,15,624,1700
loop_2056_circuit_no_condition_2_1_6,14,0,624,1800
loop_2056_circuit_no_condition_2_1_6,14,1,624,1800
loop_2056_circuit_no_condition_2_1_6,14,2,624,1800
loop_2056_circuit_no_condition_2_1_6,14,3,624,1800
loop_2056_circuit_no_condition_2_1_6,14,4,5419,1800
loop_2056_circuit_no_condition_2_1_6,14,5,5423,1800
loop_2056_circuit_no_condition_2_1_6,14,6,624,1800
loop_2056_circuit_no_condition_2_1_6,14,7,624,1800
loop_2056_circuit_no_condition_2_1_6,14,8,624,1800
loop_2056_circuit_no_condition_2_1_6,14,9,624,1800
loop_2056_circuit_no_condition_2_1_6,14,10,624,1800
loop_2056_circuit_no_condition_2_1_6,14,11,624,1800
loop_2056_circuit_no_condition_2_1_6,14,12,624,1800
loop_2056_circuit_no_condition_2_1_6,14,13,624,1800
loop_2056_circuit_no_condition_2_1_6,14,14,624,1800
loop_2056_circuit_no_condition_2_1_6,14,15,624,1800
loop_2056_circuit_no_condition_2_1_6,14,0,5101,1900
loop_2056_circuit_no_condition_2_1_6,14,1,5428,1900
loop_2056_circuit_no_condition_2_1_6,14,2,5420,1900
loop_2056_circuit_no_condition_2_1_6,14,3,5356,1900
loop_2056_circuit_no_condition_2_1_6,14,4,5395,1900
loop_2056_circuit_no_condition_2_1_6,14,5,5374,1900
loop_2056_circuit_no_condition_2_1_6,14,6,5370,1900
loop_2056_circuit_no_condition_2_1_6,14,7,5429,1900
loop_2056_circuit_no_condition_2_1_6,14,8,5411,1900
loop_2056_circuit_no_condition_2_1_6,14,9,624,1900
loop_2056_circuit_no_condition_2_1_6,14,10,5363,1900
loop_2056_circuit_no_condition_2_1_6,14,11,5418,1900
loop_2056_circuit_no_condition_2_1_6,14,12,5405,1900
loop_2056_circuit_no_condition_2_1_6,14,13,5399,1900
loop_2056_circuit_no_condition_2_1_6,14,14,5422,1900
loop_2056_circuit_no_condition_2_1_6,14,15,5373,1900
loop_2056_circuit_no_condition_2_1_6,15,0,5423,1
loop_2056_circuit_no_condition_2_1_6,15,1,5435,1
loop_2056_circuit_no_condition_2_1_6,15,2,5431,1
loop_2056_circuit_no_condition_2_1_6,15,3,5429,1
loop_2056_circuit_no_condition_2_1_6,15,4,5430,1
loop_2056_circuit_no_condition_2_1_6,15,5,5428,1
loop_2056_circuit_no_condition_2_1_6,15,6,624,1
loop_2056_circuit_no_condition_2_1_6,15,7,624,1
loop_2056_circuit_no_condition_2_1_6,15,8,5401,1
loop_2056_circuit_no_condition_2_1_6,15,9,5424,1
loop_2056_circuit_no_condition_2_1_6,15,10,2982,1
loop_2056_circuit_no_condition_2_1_6,15,11,5424,1
loop_2056_circuit_no_condition_2_1_6,15,12,5387,1
loop_2056_circuit_no_condition_2_1_6,15,13,5429,1
loop_2056_circuit_no_condition_2_1_6,15,14,2714,1
loop_2056_circuit_no_condition_2_1_6,15,15,5430,1
loop_2056_circuit_no_condition_2_1_6,15,0,5425,100
loop_2056_circuit_no_condition_2_1_6,15,1,5419,100
loop_2056_circuit_no_condition_2_1_6,15,2,5348,100
loop_2056_circuit_no_condition_2_1_6,15,3,5424,100
loop_2056_circuit_no_condition_2_1_6,15,4,5425,100
loop_2056_circuit_no_condition_2_1_6,15,5,5423,100
loop_2056_circuit_no_condition_2_1_6,15,6,5364,100
loop_2056_circuit_no_condition_2_1_6,15,7,624,100
loop_2056_circuit_no_condition_2_1_6,15,8,5366,100
loop_2056_circuit_no_condition_2_1_6,15,9,5412,100
loop_2056_circuit_no_condition_2_1_6,15,10,5355,100
loop_2056_circuit_no_condition_2_1_6,15,11,5423,100
loop_2056_circuit_no_condition_2_1_6,15,12,5370,100
loop_2056_circuit_no_condition_2_1_6,15,13,5404,100
loop_2056_circuit_no_condition_2_1_6,15,14,5344,100
loop_2056_circuit_no_condition_2_1_6,15,15,5400,100
loop_2056_circuit_no_condition_2_1_6,15,0,5369,201
loop_2056_circuit_no_condition_2_1_6,15,1,5403,201
loop_2056_circuit_no_condition_2_1_6,15,2,5382,201
loop_2056_circuit_no_condition_2_1_6,15,3,5419,201
loop_2056_circuit_no_condition_2_1_6,15,4,5416,201
loop_2056_circuit_no_condition_2_1_6,15,5,5425,201
loop_2056_circuit_no_condition_2_1_6,15,6,5417,201
loop_2056_circuit_no_condition_2_1_6,15,7,5427,201
loop_2056_circuit_no_condition_2_1_6,15,8,5426,201
loop_2056_circuit_no_condition_2_1_6,15,9,5386,201
loop_2056_circuit_no_condition_2_1_6,15,10,5415,201
loop_2056_circuit_no_condition_2_1_6,15,11,5423,201
loop_2056_circuit_no_condition_2_1_6,15,12,5421,201
loop_2056_circuit_no_condition_2_1_6,15,13,5413,201
loop_2056_circuit_no_condition_2_1_6,15,14,5409,201
loop_2056_circuit_no_condition_2_1_6,15,15,5428,201
loop_2056_circuit_no_condition_2_1_6,15,0,624,300
loop_2056_circuit_no_condition_2_1_6,15,1,4666,300
loop_2056_circuit_no_condition_2_1_6,15,2,624,300
loop_2056_circuit_no_condition_2_1_6,15,3,4344,300
loop_2056_circuit_no_condition_2_1_6,15,4,4167,300
loop_2056_circuit_no_condition_2_1_6,15,5,5428,300
loop_2056_circuit_no_condition_2_1_6,15,6,624,300
loop_2056_circuit_no_condition_2_1_6,15,7,4715,300
loop_2056_circuit_no_condition_2_1_6,15,8,4797,300
loop_2056_circuit_no_condition_2_1_6,15,9,624,300
loop_2056_circuit_no_condition_2_1_6,15,10,624,300
loop_2056_circuit_no_condition_2_1_6,15,11,624,300
loop_2056_circuit_no_condition_2_1_6,15,12,4633,300
loop_2056_circuit_no_condition_2_1_6,15,13,624,300
loop_2056_circuit_no_condition_2_1_6,15,14,624,300
loop_2056_circuit_no_condition_2_1_6,15,15,624,300
loop_2056_circuit_no_condition_2_1_6,15,0,3403,401
loop_2056_circuit_no_condition_2_1_6,15,1,4709,401
loop_2056_circuit_no_condition_2_1_6,15,2,3762,401
loop_2056_circuit_no_condition_2_1_6,15,3,624,401
loop_2056_circuit_no_condition_2_1_6,15,4,5431,401
loop_2056_circuit_no_condition_2_1_6,15,5,5435,401
loop_2056_circuit_no_condition_2_1_6,15,6,4045,401
loop_2056_circuit_no_condition_2_1_6,15,7,5432,401
loop_2056_circuit_no_condition_2_1_6,15,8,624,401
loop_2056_circuit_no_condition_2_1_6,15,9,624,401
loop_2056_circuit_no_condition_2_1_6,15,10,3916,401
loop_2056_circuit_no_condition_2_1_6,15,11,5414,401
loop_2056_circuit_no_condition_2_1_6,15,12,624,401
loop_2056_circuit_no_condition_2_1_6,15,13,5426,401
loop_2056_circuit_no_condition_2_1_6,15,14,624,401
loop_2056_circuit_no_condition_2_1_6,15,15,624,401
loop_2056_circuit_no_condition_2_1_6,15,0,624,500
loop_2056_circuit_no_condition_2_1_6,15,1,624,500
loop_2056_circuit_no_condition_2_1_6,15,2,624,500
loop_2056_circuit_no_condition_2_1_6,15,3,624,500
loop_2056_circuit_no_condition_2_1_6,15,4,5429,500
loop_2056_circuit_no_condition_2_1_6,15,5,5432,500
loop_2056_circuit_no_condition_2_1_6,15,6,624,500
loop_2056_circuit_no_condition_2_1_6,15,7,4628,500
loop_2056_circuit_no_condition_2_1_6,15,8,624,500
loop_2056_circuit_no_condition_2_1_6,15,9,624,500
loop_2056_circuit_no_condition_2_1_6,15,10,624,500
loop_2056_circuit_no_condition_2_1_6,15,11,624,500
loop_2056_circuit_no_condition_2_1_6,15,12,624,500
loop_2056_circuit_no_condition_2_1_6,15,13,624,500
loop_2056_circuit_no_condition_2_1_6,15,14,624,500
loop_2056_circuit_no_condition_2_1_6,15,15,624,500
loop_2056_circuit_no_condition_2_1_6,15,0,624,600
loop_2056_circuit_no_condition_2_1_6,15,1,5074,600
loop_2056_circuit_no_condition_2_1_6,15,2,624,600
loop_2056_circuit_no_condition_2_1_6,15,3,624,600
loop_2056_circuit_no_condition_2_1_6,15,4,4180,600
loop_2056_circuit_no_condition_2_1_6,15,5,5422,600
loop_2056_circuit_no_condition_2_1_6,15,6,624,600
loop_2056_circuit_no_condition_2_1_6,15,7,4628,600
loop_2056_circuit_no_condition_2_1_6,15,8,624,600
loop_2056_circuit_no_condition_2_1_6,15,9,624,600
loop_2056_circuit_no_condition_2_1_6,15,10,624,600
loop_2056_circuit_no_condition_2_1_6,15,11,624,600
loop_2056_circuit_no_condition_2_1_6,15,12,624,600
loop_2056_circuit_no_condition_2_1_6,15,13,5432,600
loop_2056_circuit_no_condition_2_1_6,15,14,624,600
loop_2056_circuit_no_condition_2_1_6,15,15,624,600
loop_2056_circuit_no_condition_2_1_6,15,0,624,701
loop_2056_circuit_no_condition_2_1_6,15,1,624,701
loop_2056_circuit_no_condition_2_1_6,15,2,624,701
loop_2056_circuit_no_condition_2_1_6,15,3,624,701
loop_2056_circuit_no_condition_2_1_6,15,4,4202,701
loop_2056_circuit_no_condition_2_1_6,15,5,5425,701
loop_2056_circuit_no_condition_2_1_6,15,6,4382,701
loop_2056_circuit_no_condition_2_1_6,15,7,624,701
loop_2056_circuit_no_condition_2_1_6,15,8,624,701
loop_2056_circuit_no_condition_2_1_6,15,9,624,701
loop_2056_circuit_no_condition_2_1_6,15,10,624,701
loop_2056_circuit_no_condition_2_1_6,15,11,624,701
loop_2056_circuit_no_condition_2_1_6,15,12,624,701
loop_2056_circuit_no_condition_2_1_6,15,13,624,701
loop_2056_circuit_no_condition_2_1_6,15,14,624,701
loop_2056_circuit_no_condition_2_1_6,15,15,624,701
loop_2056_circuit_no_condition_2_1_6,15,0,624,801
loop_2056_circuit_no_condition_2_1_6,15,1,624,801
loop_2056_circuit_no_condition_2_1_6,15,2,624,801
loop_2056_circuit_no_condition_2_1_6,15,3,624,801
loop_2056_circuit_no_condition_2_1_6,15,4,5420,801
loop_2056_circuit_no_condition_2_1_6,15,5,5426,801
loop_2056_circuit_no_condition_2_1_6,15,6,624,801
loop_2056_circuit_no_condition_2_1_6,15,7,4562,801
loop_2056_circuit_no_condition_2_1_6,15,8,624,801
loop_2056_circuit_no_condition_2_1_6,15,9,624,801
loop_2056_circuit_no_condition_2_1_6,15,10,624,801
loop_2056_circuit_no_condition_2_1_6,15,11,624,801
loop_2056_circuit_no_condition_2_1_6,15,12,624,801
loop_2056_circuit_no_condition_2_1_6,15,13,5428,801
loop_2056_circuit_no_condition_2_1_6,15,14,624,801
loop_2056_circuit_no_condition_2_1_6,15,15,624,801
loop_2056_circuit_no_condition_2_1_6,15,0,624,900
loop_2056_circuit_no_condition_2_1_6,15,1,5371,900
loop_2056_circuit_no_condition_2_1_6,15,2,624,900
loop_2056_circuit_no_condition_2_1_6,15,3,624,900
loop_2056_circuit_no_condition_2_1_6,15,4,4179,900
loop_2056_circuit_no_condition_2_1_6,15,5,5422,900
loop_2056_circuit_no_condition_2_1_6,15,6,624,900
loop_2056_circuit_no_condition_2_1_6,15,7,4576,900
loop_2056_circuit_no_condition_2_1_6,15,8,624,900
loop_2056_circuit_no_condition_2_1_6,15,9,624,900
loop_2056_circuit_no_condition_2_1_6,15,10,624,900
loop_2056_circuit_no_condition_2_1_6,15,11,624,900
loop_2056_circuit_no_condition_2_1_6,15,12,624,900
loop_2056_circuit_no_condition_2_1_6,15,13,5428,900
loop_2056_circuit_no_condition_2_1_6,15,14,624,900
loop_2056_circuit_no_condition_2_1_6,15,15,624,900
loop_2056_circuit_no_condition_2_1_6,15,0,624,1000
loop_2056_circuit_no_condition_2_1_6,15,1,5421,1000
loop_2056_circuit_no_condition_2_1_6,15,2,624,1000
loop_2056_circuit_no_condition_2_1_6,15,3,624,1000
loop_2056_circuit_no_condition_2_1_6,15,4,3094,1000
loop_2056_circuit_no_condition_2_1_6,15,5,5430,1000
loop_2056_circuit_no_condition_2_1_6,15,6,624,1000
loop_2056_circuit_no_condition_2_1_6,15,7,4585,1000
loop_2056_circuit_no_condition_2_1_6,15,8,624,1000
loop_2056_circuit_no_condition_2_1_6,15,9,624,1000
loop_2056_circuit_no_condition_2_1_6,15,10,624,1000
loop_2056_circuit_no_condition_2_1_6,15,11,624,1000
loop_2056_circuit_no_condition_2_1_6,15,12,624,1000
loop_2056_circuit_no_condition_2_1_6,15,13,624,1000
loop_2056_circuit_no_condition_2_1_6,15,14,624,1000
loop_2056_circuit_no_condition_2_1_6,15,15,624,1000
loop_2056_circuit_no_condition_2_1_6,15,0,624,1100
loop_2056_circuit_no_condition_2_1_6,15,1,624,1100
loop_2056_circuit_no_condition_2_1_6,15,2,624,1100
loop_2056_circuit_no_condition_2_1_6,15,3,624,1100
loop_2056_circuit_no_condition_2_1_6,15,4,3668,1100
loop_2056_circuit_no_condition_2_1_6,15,5,5427,1100
loop_2056_circuit_no_condition_2_1_6,15,6,3858,1100
loop_2056_circuit_no_condition_2_1_6,15,7,4591,1100
loop_2056_circuit_no_condition_2_1_6,15,8,624,1100
loop_2056_circuit_no_condition_2_1_6,15,9,624,1100
loop_2056_circuit_no_condition_2_1_6,15,10,624,1100
loop_2056_circuit_no_condition_2_1_6,15,11,624,1100
loop_2056_circuit_no_condition_2_1_6,15,12,4475,1100
loop_2056_circuit_no_condition_2_1_6,15,13,624,1100
loop_2056_circuit_no_condition_2_1_6,15,14,624,1100
loop_2056_circuit_no_condition_2_1_6,15,15,624,1100
loop_2056_circuit_no_condition_2_1_6,15,0,624,1201
loop_2056_circuit_no_condition_2_1_6,15,1,624,1201
loop_2056_circuit_no_condition_2_1_6,15,2,624,1201
loop_2056_circuit_no_condition_2_1_6,15,3,624,1201
loop_2056_circuit_no_condition_2_1_6,15,4,3706,1201
loop_2056_circuit_no_condition_2_1_6,15,5,5430,1201
loop_2056_circuit_no_condition_2_1_6,15,6,624,1201
loop_2056_circuit_no_condition_2_1_6,15,7,624,1201
loop_2056_circuit_no_condition_2_1_6,15,8,624,1201
loop_2056_circuit_no_condition_2_1_6,15,9,624,1201
loop_2056_circuit_no_condition_2_1_6,15,10,624,1201
loop_2056_circuit_no_condition_2_1_6,15,11,624,1201
loop_2056_circuit_no_condition_2_1_6,15,12,624,1201
loop_2056_circuit_no_condition_2_1_6,15,13,624,1201
loop_2056_circuit_no_condition_2_1_6,15,14,624,1201
loop_2056_circuit_no_condition_2_1_6,15,15,624,1201
loop_2056_circuit_no_condition_2_1_6,15,0,624,1301
loop_2056_circuit_no_condition_2_1_6,15,1,624,1301
loop_2056_circuit_no_condition_2_1_6,15,2,624,1301
loop_2056_circuit_no_condition_2_1_6,15,3,4460,1301
loop_2056_circuit_no_condition_2_1_6,15,4,3045,1301
loop_2056_circuit_no_condition_2_1_6,15,5,5426,1301
loop_2056_circuit_no_condition_2_1_6,15,6,624,1301
loop_2056_circuit_no_condition_2_1_6,15,7,624,1301
loop_2056_circuit_no_condition_2_1_6,15,8,624,1301
loop_2056_circuit_no_condition_2_1_6,15,9,624,1301
loop_2056_circuit_no_condition_2_1_6,15,10,624,1301
loop_2056_circuit_no_condition_2_1_6,15,11,624,1301
loop_2056_circuit_no_condition_2_1_6,15,12,624,1301
loop_2056_circuit_no_condition_2_1_6,15,13,624,1301
loop_2056_circuit_no_condition_2_1_6,15,14,624,1301
loop_2056_circuit_no_condition_2_1_6,15,15,624,1301
loop_2056_circuit_no_condition_2_1_6,15,0,624,1400
loop_2056_circuit_no_condition_2_1_6,15,1,624,1400
loop_2056_circuit_no_condition_2_1_6,15,2,624,1400
loop_2056_circuit_no_condition_2_1_6,15,3,624,1400
loop_2056_circuit_no_condition_2_1_6,15,4,4038,1400
loop_2056_circuit_no_condition_2_1_6,15,5,5422,1400
loop_2056_circuit_no_condition_2_1_6,15,6,624,1400
loop_2056_circuit_no_condition_2_1_6,15,7,624,1400
loop_2056_circuit_no_condition_2_1_6,15,8,4349,1400
loop_2056_circuit_no_condition_2_1_6,15,9,624,1400
loop_2056_circuit_no_condition_2_1_6,15,10,624,1400
loop_2056_circuit_no_condition_2_1_6,15,11,624,1400
loop_2056_circuit_no_condition_2_1_6,15,12,624,1400
loop_2056_circuit_no_condition_2_1_6,15,13,624,1400
loop_2056_circuit_no_condition_2_1_6,15,14,624,1400
loop_2056_circuit_no_condition_2_1_6,15,15,624,1400
loop_2056_circuit_no_condition_2_1_6,15,0,624,1500
loop_2056_circuit_no_condition_2_1_6,15,1,624,1500
loop_2056_circuit_no_condition_2_1_6,15,2,624,1500
loop_2056_circuit_no_condition_2_1_6,15,3,624,1500
loop_2056_circuit_no_condition_2_1_6,15,4,3637,1500
loop_2056_circuit_no_condition_2_1_6,15,5,5430,1500
loop_2056_circuit_no_condition_2_1_6,15,6,4016,1500
loop_2056_circuit_no_condition_2_1_6,15,7,624,1500
loop_2056_circuit_no_condition_2_1_6,15,8,624,1500
loop_2056_circuit_no_condition_2_1_6,15,9,624,1500
loop_2056_circuit_no_condition_2_1_6,15,10,624,1500
loop_2056_circuit_no_condition_2_1_6,15,11,624,1500
loop_2056_circuit_no_condition_2_1_6,15,12,624,1500
loop_2056_circuit_no_condition_2_1_6,15,13,624,1500
loop_2056_circuit_no_condition_2_1_6,15,14,624,1500
loop_2056_circuit_no_condition_2_1_6,15,15,624,1500
loop_2056_circuit_no_condition_2_1_6,15,0,624,1600
loop_2056_circuit_no_condition_2_1_6,15,1,624,1600
loop_2056_circuit_no_condition_2_1_6,15,2,624,1600
loop_2056_circuit_no_condition_2_1_6,15,3,624,1600
loop_2056_circuit_no_condition_2_1_6,15,4,4252,1600
loop_2056_circuit_no_condition_2_1_6,15,5,5423,1600
loop_2056_circuit_no_condition_2_1_6,15,6,624,1600
loop_2056_circuit_no_condition_2_1_6,15,7,624,1600
loop_2056_circuit_no_condition_2_1_6,15,8,624,1600
loop_2056_circuit_no_condition_2_1_6,15,9,624,1600
loop_2056_circuit_no_condition_2_1_6,15,10,624,1600
loop_2056_circuit_no_condition_2_1_6,15,11,624,1600
loop_2056_circuit_no_condition_2_1_6,15,12,624,1600
loop_2056_circuit_no_condition_2_1_6,15,13,624,1600
loop_2056_circuit_no_condition_2_1_6,15,14,624,1600
loop_2056_circuit_no_condition_2_1_6,15,15,624,1600
loop_2056_circuit_no_condition_2_1_6,15,0,624,1701
loop_2056_circuit_no_condition_2_1_6,15,1,4387,1701
loop_2056_circuit_no_condition_2_1_6,15,2,624,1701
loop_2056_circuit_no_condition_2_1_6,15,3,624,1701
loop_2056_circuit_no_condition_2_1_6,15,4,624,1701
loop_2056_circuit_no_condition_2_1_6,15,5,624,1701
loop_2056_circuit_no_condition_2_1_6,15,6,624,1701
loop_2056_circuit_no_condition_2_1_6,15,7,624,1701
loop_2056_circuit_no_condition_2_1_6,15,8,624,1701
loop_2056_circuit_no_condition_2_1_6,15,9,624,1701
loop_2056_circuit_no_condition_2_1_6,15,10,624,1701
loop_2056_circuit_no_condition_2_1_6,15,11,624,1701
loop_2056_circuit_no_condition_2_1_6,15,12,624,1701
loop_2056_circuit_no_condition_2_1_6,15,13,5428,1701
loop_2056_circuit_no_condition_2_1_6,15,14,4658,1701
loop_2056_circuit_no_condition_2_1_6,15,15,624,1701
loop_2056_circuit_no_condition_2_1_6,15,0,624,1801
loop_2056_circuit_no_condition_2_1_6,15,1,3878,1801
loop_2056_circuit_no_condition_2_1_6,15,2,624,1801
loop_2056_circuit_no_condition_2_1_6,15,3,624,1801
loop_2056_circuit_no_condition_2_1_6,15,4,624,1801
loop_2056_circuit_no_condition_2_1_6,15,5,624,1801
loop_2056_circuit_no_condition_2_1_6,15,6,624,1801
loop_2056_circuit_no_condition_2_1_6,15,7,624,1801
loop_2056_circuit_no_condition_2_1_6,15,8,624,1801
loop_2056_circuit_no_condition_2_1_6,15,9,624,1801
loop_2056_circuit_no_condition_2_1_6,15,10,624,1801
loop_2056_circuit_no_condition_2_1_6,15,11,624,1801
loop_2056_circuit_no_condition_2_1_6,15,12,624,1801
loop_2056_circuit_no_condition_2_1_6,15,13,5426,1801
loop_2056_circuit_no_condition_2_1_6,15,14,624,1801
loop_2056_circuit_no_condition_2_1_6,15,15,624,1801
loop_2056_circuit_no_condition_2_1_6,15,0,624,1901
loop_2056_circuit_no_condition_2_1_6,15,1,5427,1901
loop_2056_circuit_no_condition_2_1_6,15,2,5433,1901
loop_2056_circuit_no_condition_2_1_6,15,3,5042,1901
loop_2056_circuit_no_condition_2_1_6,15,4,624,1901
loop_2056_circuit_no_condition_2_1_6,15,5,624,1901
loop_2056_circuit_no_condition_2_1_6,15,6,5405,1901
loop_2056_circuit_no_condition_2_1_6,15,7,5391,1901
loop_2056_circuit_no_condition_2_1_6,15,8,5396,1901
loop_2056_circuit_no_condition_2_1_6,15,9,624,1901
loop_2056_circuit_no_condition_2_1_6,15,10,4818,1901
loop_2056_circuit_no_condition_2_1_6,15,11,5360,1901
loop_2056_circuit_no_condition_2_1_6,15,12,4844,1901
loop_2056_circuit_no_condition_2_1_6,15,13,5401,1901
loop_2056_circuit_no_condition_2_1_6,15,14,624,1901
loop_2056_circuit_no_condition_2_1_6,15,15,5419,1901
loop_2056_circuit_no_condition_2_1_6,16,0,5421,1
loop_2056_circuit_no_condition_2_1_6,16,1,5424,1
loop_2056_circuit_no_condition_2_1_6,16,2,4683,1
loop_2056_circuit_no_condition_2_1_6,16,3,5418,1
loop_2056_circuit_no_condition_2_1_6,16,4,5424,1
loop_2056_circuit_no_condition_2_1_6,16,5,5421,1
loop_2056_circuit_no_condition_2_1_6,16,6,5430,1
loop_2056_circuit_no_condition_2_1_6,16,7,5422,1
loop_2056_circuit_no_condition_2_1_6,16,8,5417,1
loop_2056_circuit_no_condition_2_1_6,16,9,5431,1
loop_2056_circuit_no_condition_2_1_6,16,10,624,1
loop_2056_circuit_no_condition_2_1_6,16,11,5419,1
loop_2056_circuit_no_condition_2_1_6,16,12,624,1
loop_2056_circuit_no_condition_2_1_6,16,13,5430,1
loop_2056_circuit_no_condition_2_1_6,16,14,624,1
loop_2056_circuit_no_condition_2_1_6,16,15,624,1
loop_2056_circuit_no_condition_2_1_6,16,0,5409,101
loop_2056_circuit_no_condition_2_1_6,16,1,5343,101
loop_2056_circuit_no_condition_2_1_6,16,2,5412,101
loop_2056_circuit_no_condition_2_1_6,16,3,5401,101
loop_2056_circuit_no_condition_2_1_6,16,4,5426,101
loop_2056_circuit_no_condition_2_1_6,16,5,5398,101
loop_2056_circuit_no_condition_2_1_6,16,6,5378,101
loop_2056_circuit_no_condition_2_1_6,16,7,5422,101
loop_2056_circuit_no_condition_2_1_6,16,8,5403,101
loop_2056_circuit_no_condition_2_1_6,16,9,5402,101
loop_2056_circuit_no_condition_2_1_6,16,10,5408,101
loop_2056_circuit_no_condition_2_1_6,16,11,5371,101
loop_2056_circuit_no_condition_2_1_6,16,12,5343,101
loop_2056_circuit_no_condition_2_1_6,16,13,5415,101
loop_2056_circuit_no_condition_2_1_6,16,14,5330,101
loop_2056_circuit_no_condition_2_1_6,16,15,5413,101
loop_2056_circuit_no_condition_2_1_6,16,0,5428,201
loop_2056_circuit_no_condition_2_1_6,16,1,5428,201
loop_2056_circuit_no_condition_2_1_6,16,2,5426,201
loop_2056_circuit_no_condition_2_1_6,16,3,5406,201
loop_2056_circuit_no_condition_2_1_6,16,4,5464,201
loop_2056_circuit_no_condition_2_1_6,16,5,5426,201
loop_2056_circuit_no_condition_2_1_6,16,6,5423,201
loop_2056_circuit_no_condition_2_1_6,16,7,5433,201
loop_2056_circuit_no_condition_2_1_6,16,8,5400,201
loop_2056_circuit_no_condition_2_1_6,16,9,5379,201
loop_2056_circuit_no_condition_2_1_6,16,10,5414,201
loop_2056_circuit_no_condition_2_1_6,16,11,5424,201
loop_2056_circuit_no_condition_2_1_6,16,12,624,201
loop_2056_circuit_no_condition_2_1_6,16,13,5421,201
loop_2056_circuit_no_condition_2_1_6,16,14,5373,201
loop_2056_circuit_no_condition_2_1_6,16,15,624,201
loop_2056_circuit_no_condition_2_1_6,16,0,624,301
loop_2056_circuit_no_condition_2_1_6,16,1,624,301
loop_2056_circuit_no_condition_2_1_6,16,2,624,301
loop_2056_circuit_no_condition_2_1_6,16,3,624,301
loop_2056_circuit_no_condition_2_1_6,16,4,5426,301
loop_2056_circuit_no_condition_2_1_6,16,5,624,301
loop_2056_circuit_no_condition_2_1_6,16,6,624,301
loop_2056_circuit_no_condition_2_1_6,16,7,624,301
loop_2056_circuit_no_condition_2_1_6,16,8,624,301
loop_2056_circuit_no_condition_2_1_6,16,9,624,301
loop_2056_circuit_no_condition_2_1_6,16,10,624,301
loop_2056_circuit_no_condition_2_1_6,16,11,624,301
loop_2056_circuit_no_condition_2_1_6,16,12,624,301
loop_2056_circuit_no_condition_2_1_6,16,13,624,301
loop_2056_circuit_no_condition_2_1_6,16,14,624,301
loop_2056_circuit_no_condition_2_1_6,16,15,624,301
loop_2056_circuit_no_condition_2_1_6,16,0,624,401
loop_2056_circuit_no_condition_2_1_6,16,1,624,401
loop_2056_circuit_no_condition_2_1_6,16,2,624,401
loop_2056_circuit_no_condition_2_1_6,16,3,624,401
loop_2056_circuit_no_condition_2_1_6,16,4,5430,401
loop_2056_circuit_no_condition_2_1_6,16,5,624,401
loop_2056_circuit_no_condition_2_1_6,16,6,624,401
loop_2056_circuit_no_condition_2_1_6,16,7,624,401
loop_2056_circuit_no_condition_2_1_6,16,8,624,401
loop_2056_circuit_no_condition_2_1_6,16,9,624,401
loop_2056_circuit_no_condition_2_1_6,16,10,624,401
loop_2056_circuit_no_condition_2_1_6,16,11,624,401
loop_2056_circuit_no_condition_2_1_6,16,12,624,401
loop_2056_circuit_no_condition_2_1_6,16,13,624,401
loop_2056_circuit_no_condition_2_1_6,16,14,624,401
loop_2056_circuit_no_condition_2_1_6,16,15,624,401
loop_2056_circuit_no_condition_2_1_6,16,0,624,501
loop_2056_circuit_no_condition_2_1_6,16,1,624,501
loop_2056_circuit_no_condition_2_1_6,16,2,624,501
loop_2056_circuit_no_condition_2_1_6,16,3,624,501
loop_2056_circuit_no_condition_2_1_6,16,4,5423,501
loop_2056_circuit_no_condition_2_1_6,16,5,4854,501
loop_2056_circuit_no_condition_2_1_6,16,6,624,501
loop_2056_circuit_no_condition_2_1_6,16,7,624,501
loop_2056_circuit_no_condition_2_1_6,16,8,624,501
loop_2056_circuit_no_condition_2_1_6,16,9,624,501
loop_2056_circuit_no_condition_2_1_6,16,10,624,501
loop_2056_circuit_no_condition_2_1_6,16,11,624,501
loop_2056_circuit_no_condition_2_1_6,16,12,624,501
loop_2056_circuit_no_condition_2_1_6,16,13,624,501
loop_2056_circuit_no_condition_2_1_6,16,14,624,501
loop_2056_circuit_no_condition_2_1_6,16,15,624,501
loop_2056_circuit_no_condition_2_1_6,16,0,624,601
loop_2056_circuit_no_condition_2_1_6,16,1,624,601
loop_2056_circuit_no_condition_2_1_6,16,2,624,601
loop_2056_circuit_no_condition_2_1_6,16,3,624,601
loop_2056_circuit_no_condition_2_1_6,16,4,5431,601
loop_2056_circuit_no_condition_2_1_6,16,5,624,601
loop_2056_circuit_no_condition_2_1_6,16,6,624,601
loop_2056_circuit_no_condition_2_1_6,16,7,624,601
loop_2056_circuit_no_condition_2_1_6,16,8,624,601
loop_2056_circuit_no_condition_2_1_6,16,9,624,601
loop_2056_circuit_no_condition_2_1_6,16,10,624,601
loop_2056_circuit_no_condition_2_1_6,16,11,624,601
loop_2056_circuit_no_condition_2_1_6,16,12,624,601
loop_2056_circuit_no_condition_2_1_6,16,13,624,601
loop_2056_circuit_no_condition_2_1_6,16,14,624,601
loop_2056_circuit_no_condition_2_1_6,16,15,624,601
loop_2056_circuit_no_condition_2_1_6,16,0,624,701
loop_2056_circuit_no_condition_2_1_6,16,1,624,701
loop_2056_circuit_no_condition_2_1_6,16,2,624,701
loop_2056_circuit_no_condition_2_1_6,16,3,624,701
loop_2056_circuit_no_condition_2_1_6,16,4,5429,701
loop_2056_circuit_no_condition_2_1_6,16,5,624,701
loop_2056_circuit_no_condition_2_1_6,16,6,624,701
loop_2056_circuit_no_condition_2_1_6,16,7,624,701
loop_2056_circuit_no_condition_2_1_6,16,8,624,701
loop_2056_circuit_no_condition_2_1_6,16,9,624,701
loop_2056_circuit_no_condition_2_1_6,16,10,624,701
loop_2056_circuit_no_condition_2_1_6,16,11,624,701
loop_2056_circuit_no_condition_2_1_6,16,12,624,701
loop_2056_circuit_no_condition_2_1_6,16,13,624,701
loop_2056_circuit_no_condition_2_1_6,16,14,624,701
loop_2056_circuit_no_condition_2_1_6,16,15,624,701
loop_2056_circuit_no_condition_2_1_6,16,0,624,801
loop_2056_circuit_no_condition_2_1_6,16,1,624,801
loop_2056_circuit_no_condition_2_1_6,16,2,624,801
loop_2056_circuit_no_condition_2_1_6,16,3,624,801
loop_2056_circuit_no_condition_2_1_6,16,4,5429,801
loop_2056_circuit_no_condition_2_1_6,16,5,624,801
loop_2056_circuit_no_condition_2_1_6,16,6,624,801
loop_2056_circuit_no_condition_2_1_6,16,7,624,801
loop_2056_circuit_no_condition_2_1_6,16,8,624,801
loop_2056_circuit_no_condition_2_1_6,16,9,624,801
loop_2056_circuit_no_condition_2_1_6,16,10,624,801
loop_2056_circuit_no_condition_2_1_6,16,11,624,801
loop_2056_circuit_no_condition_2_1_6,16,12,624,801
loop_2056_circuit_no_condition_2_1_6,16,13,624,801
loop_2056_circuit_no_condition_2_1_6,16,14,624,801
loop_2056_circuit_no_condition_2_1_6,16,15,624,801
loop_2056_circuit_no_condition_2_1_6,16,0,624,901
loop_2056_circuit_no_condition_2_1_6,16,1,624,901
loop_2056_circuit_no_condition_2_1_6,16,2,624,901
loop_2056_circuit_no_condition_2_1_6,16,3,624,901
loop_2056_circuit_no_condition_2_1_6,16,4,5428,901
loop_2056_circuit_no_condition_2_1_6,16,5,624,901
loop_2056_circuit_no_condition_2_1_6,16,6,624,901
loop_2056_circuit_no_condition_2_1_6,16,7,624,901
loop_2056_circuit_no_condition_2_1_6,16,8,624,901
loop_2056_circuit_no_condition_2_1_6,16,9,624,901
loop_2056_circuit_no_condition_2_1_6,16,10,624,901
loop_2056_circuit_no_condition_2_1_6,16,11,624,901
loop_2056_circuit_no_condition_2_1_6,16,12,624,901
loop_2056_circuit_no_condition_2_1_6,16,13,624,901
loop_2056_circuit_no_condition_2_1_6,16,14,624,901
loop_2056_circuit_no_condition_2_1_6,16,15,624,901
loop_2056_circuit_no_condition_2_1_6,16,0,624,1001
loop_2056_circuit_no_condition_2_1_6,16,1,624,1001
loop_2056_circuit_no_condition_2_1_6,16,2,624,1001
loop_2056_circuit_no_condition_2_1_6,16,3,624,1001
loop_2056_circuit_no_condition_2_1_6,16,4,5429,1001
loop_2056_circuit_no_condition_2_1_6,16,5,624,1001
loop_2056_circuit_no_condition_2_1_6,16,6,3848,1001
loop_2056_circuit_no_condition_2_1_6,16,7,624,1001
loop_2056_circuit_no_condition_2_1_6,16,8,624,1001
loop_2056_circuit_no_condition_2_1_6,16,9,624,1001
loop_2056_circuit_no_condition_2_1_6,16,10,624,1001
loop_2056_circuit_no_condition_2_1_6,16,11,624,1001
loop_2056_circuit_no_condition_2_1_6,16,12,624,1001
loop_2056_circuit_no_condition_2_1_6,16,13,624,1001
loop_2056_circuit_no_condition_2_1_6,16,14,624,1001
loop_2056_circuit_no_condition_2_1_6,16,15,624,1001
loop_2056_circuit_no_condition_2_1_6,16,0,624,1101
loop_2056_circuit_no_condition_2_1_6,16,1,624,1101
loop_2056_circuit_no_condition_2_1_6,16,2,624,1101
loop_2056_circuit_no_condition_2_1_6,16,3,624,1101
loop_2056_circuit_no_condition_2_1_6,16,4,5426,1101
loop_2056_circuit_no_condition_2_1_6,16,5,624,1101
loop_2056_circuit_no_condition_2_1_6,16,6,624,1101
loop_2056_circuit_no_condition_2_1_6,16,7,624,1101
loop_2056_circuit_no_condition_2_1_6,16,8,624,1101
loop_2056_circuit_no_condition_2_1_6,16,9,624,1101
loop_2056_circuit_no_condition_2_1_6,16,10,624,1101
loop_2056_circuit_no_condition_2_1_6,16,11,624,1101
loop_2056_circuit_no_condition_2_1_6,16,12,624,1101
loop_2056_circuit_no_condition_2_1_6,16,13,624,1101
loop_2056_circuit_no_condition_2_1_6,16,14,624,1101
loop_2056_circuit_no_condition_2_1_6,16,15,624,1101
loop_2056_circuit_no_condition_2_1_6,16,0,624,1201
loop_2056_circuit_no_condition_2_1_6,16,1,624,1201
loop_2056_circuit_no_condition_2_1_6,16,2,624,1201
loop_2056_circuit_no_condition_2_1_6,16,3,624,1201
loop_2056_circuit_no_condition_2_1_6,16,4,5428,1201
loop_2056_circuit_no_condition_2_1_6,16,5,624,1201
loop_2056_circuit_no_condition_2_1_6,16,6,624,1201
loop_2056_circuit_no_condition_2_1_6,16,7,624,1201
loop_2056_circuit_no_condition_2_1_6,16,8,624,1201
loop_2056_circuit_no_condition_2_1_6,16,9,624,1201
loop_2056_circuit_no_condition_2_1_6,16,10,624,1201
loop_2056_circuit_no_condition_2_1_6,16,11,624,1201
loop_2056_circuit_no_condition_2_1_6,16,12,624,1201
loop_2056_circuit_no_condition_2_1_6,16,13,624,1201
loop_2056_circuit_no_condition_2_1_6,16,14,624,1201
loop_2056_circuit_no_condition_2_1_6,16,15,624,1201
loop_2056_circuit_no_condition_2_1_6,16,0,624,1301
loop_2056_circuit_no_condition_2_1_6,16,1,624,1301
loop_2056_circuit_no_condition_2_1_6,16,2,624,1301
loop_2056_circuit_no_condition_2_1_6,16,3,624,1301
loop_2056_circuit_no_condition_2_1_6,16,4,5430,1301
loop_2056_circuit_no_condition_2_1_6,16,5,624,1301
loop_2056_circuit_no_condition_2_1_6,16,6,624,1301
loop_2056_circuit_no_condition_2_1_6,16,7,624,1301
loop_2056_circuit_no_condition_2_1_6,16,8,624,1301
loop_2056_circuit_no_condition_2_1_6,16,9,624,1301
loop_2056_circuit_no_condition_2_1_6,16,10,624,1301
loop_2056_circuit_no_condition_2_1_6,16,11,624,1301
loop_2056_circuit_no_condition_2_1_6,16,12,624,1301
loop_2056_circuit_no_condition_2_1_6,16,13,624,1301
loop_2056_circuit_no_condition_2_1_6,16,14,624,1301
loop_2056_circuit_no_condition_2_1_6,16,15,624,1301
loop_2056_circuit_no_condition_2_1_6,16,0,624,1401
loop_2056_circuit_no_condition_2_1_6,16,1,624,1401
loop_2056_circuit_no_condition_2_1_6,16,2,624,1401
loop_2056_circuit_no_condition_2_1_6,16,3,624,1401
loop_2056_circuit_no_condition_2_1_6,16,4,5427,1401
loop_2056_circuit_no_condition_2_1_6,16,5,624,1401
loop_2056_circuit_no_condition_2_1_6,16,6,624,1401
loop_2056_circuit_no_condition_2_1_6,16,7,624,1401
loop_2056_circuit_no_condition_2_1_6,16,8,624,1401
loop_2056_circuit_no_condition_2_1_6,16,9,624,1401
loop_2056_circuit_no_condition_2_1_6,16,10,624,1401
loop_2056_circuit_no_condition_2_1_6,16,11,624,1401
loop_2056_circuit_no_condition_2_1_6,16,12,624,1401
loop_2056_circuit_no_condition_2_1_6,16,13,624,1401
loop_2056_circuit_no_condition_2_1_6,16,14,624,1401
loop_2056_circuit_no_condition_2_1_6,16,15,624,1401
loop_2056_circuit_no_condition_2_1_6,16,0,624,1501
loop_2056_circuit_no_condition_2_1_6,16,1,624,1501
loop_2056_circuit_no_condition_2_1_6,16,2,624,1501
loop_2056_circuit_no_condition_2_1_6,16,3,624,1501
loop_2056_circuit_no_condition_2_1_6,16,4,5430,1501
loop_2056_circuit_no_condition_2_1_6,16,5,624,1501
loop_2056_circuit_no_condition_2_1_6,16,6,624,1501
loop_2056_circuit_no_condition_2_1_6,16,7,624,1501
loop_2056_circuit_no_condition_2_1_6,16,8,624,1501
loop_2056_circuit_no_condition_2_1_6,16,9,624,1501
loop_2056_circuit_no_condition_2_1_6,16,10,624,1501
loop_2056_circuit_no_condition_2_1_6,16,11,624,1501
loop_2056_circuit_no_condition_2_1_6,16,12,624,1501
loop_2056_circuit_no_condition_2_1_6,16,13,624,1501
loop_2056_circuit_no_condition_2_1_6,16,14,624,1501
loop_2056_circuit_no_condition_2_1_6,16,15,624,1501
loop_2056_circuit_no_condition_2_1_6,16,0,624,1601
loop_2056_circuit_no_condition_2_1_6,16,1,624,1601
loop_2056_circuit_no_condition_2_1_6,16,2,624,1601
loop_2056_circuit_no_condition_2_1_6,16,3,624,1601
loop_2056_circuit_no_condition_2_1_6,16,4,5427,1601
loop_2056_circuit_no_condition_2_1_6,16,5,624,1601
loop_2056_circuit_no_condition_2_1_6,16,6,624,1601
loop_2056_circuit_no_condition_2_1_6,16,7,624,1601
loop_2056_circuit_no_condition_2_1_6,16,8,624,1601
loop_2056_circuit_no_condition_2_1_6,16,9,624,1601
loop_2056_circuit_no_condition_2_1_6,16,10,624,1601
loop_2056_circuit_no_condition_2_1_6,16,11,624,1601
loop_2056_circuit_no_condition_2_1_6,16,12,624,1601
loop_2056_circuit_no_condition_2_1_6,16,13,624,1601
loop_2056_circuit_no_condition_2_1_6,16,14,624,1601
loop_2056_circuit_no_condition_2_1_6,16,15,624,1601
loop_2056_circuit_no_condition_2_1_6,16,0,624,1701
loop_2056_circuit_no_condition_2_1_6,16,1,624,1701
loop_2056_circuit_no_condition_2_1_6,16,2,624,1701
loop_2056_circuit_no_condition_2_1_6,16,3,624,1701
loop_2056_circuit_no_condition_2_1_6,16,4,5428,1701
loop_2056_circuit_no_condition_2_1_6,16,5,624,1701
loop_2056_circuit_no_condition_2_1_6,16,6,624,1701
loop_2056_circuit_no_condition_2_1_6,16,7,624,1701
loop_2056_circuit_no_condition_2_1_6,16,8,624,1701
loop_2056_circuit_no_condition_2_1_6,16,9,624,1701
loop_2056_circuit_no_condition_2_1_6,16,10,624,1701
loop_2056_circuit_no_condition_2_1_6,16,11,624,1701
loop_2056_circuit_no_condition_2_1_6,16,12,624,1701
loop_2056_circuit_no_condition_2_1_6,16,13,624,1701
loop_2056_circuit_no_condition_2_1_6,16,14,624,1701
loop_2056_circuit_no_condition_2_1_6,16,15,624,1701
loop_2056_circuit_no_condition_2_1_6,16,0,624,1801
loop_2056_circuit_no_condition_2_1_6,16,1,624,1801
loop_2056_circuit_no_condition_2_1_6,16,2,624,1801
loop_2056_circuit_no_condition_2_1_6,16,3,624,1801
loop_2056_circuit_no_condition_2_1_6,16,4,5429,1801
loop_2056_circuit_no_condition_2_1_6,16,5,624,1801
loop_2056_circuit_no_condition_2_1_6,16,6,624,1801
loop_2056_circuit_no_condition_2_1_6,16,7,624,1801
loop_2056_circuit_no_condition_2_1_6,16,8,624,1801
loop_2056_circuit_no_condition_2_1_6,16,9,624,1801
loop_2056_circuit_no_condition_2_1_6,16,10,624,1801
loop_2056_circuit_no_condition_2_1_6,16,11,624,1801
loop_2056_circuit_no_condition_2_1_6,16,12,624,1801
loop_2056_circuit_no_condition_2_1_6,16,13,624,1801
loop_2056_circuit_no_condition_2_1_6,16,14,624,1801
loop_2056_circuit_no_condition_2_1_6,16,15,624,1801
loop_2056_circuit_no_condition_2_1_6,16,0,5392,1901
loop_2056_circuit_no_condition_2_1_6,16,1,5389,1901
loop_2056_circuit_no_condition_2_1_6,16,2,5425,1901
loop_2056_circuit_no_condition_2_1_6,16,3,5402,1901
loop_2056_circuit_no_condition_2_1_6,16,4,5385,1901
loop_2056_circuit_no_condition_2_1_6,16,5,5413,1901
loop_2056_circuit_no_condition_2_1_6,16,6,5419,1901
loop_2056_circuit_no_condition_2_1_6,16,7,5416,1901
loop_2056_circuit_no_condition_2_1_6,16,8,5418,1901
loop_2056_circuit_no_condition_2_1_6,16,9,5413,1901
loop_2056_circuit_no_condition_2_1_6,16,10,624,1901
loop_2056_circuit_no_condition_2_1_6,16,11,624,1901
loop_2056_circuit_no_condition_2_1_6,16,12,5414,1901
loop_2056_circuit_no_condition_2_1_6,16,13,624,1901
loop_2056_circuit_no_condition_2_1_6,16,14,5413,1901
loop_2056_circuit_no_condition_2_1_6,16,15,5414,1901
loop_2056_circuit_no_condition_2_1_6,17,0,5430,1
loop_2056_circuit_no_condition_2_1_6,17,1,5427,1
loop_2056_circuit_no_condition_2_1_6,17,2,624,1
loop_2056_circuit_no_condition_2_1_6,17,3,5427,1
loop_2056_circuit_no_condition_2_1_6,17,4,5426,1
loop_2056_circuit_no_condition_2_1_6,17,5,5421,1
loop_2056_circuit_no_condition_2_1_6,17,6,624,1
loop_2056_circuit_no_condition_2_1_6,17,7,5421,1
loop_2056_circuit_no_condition_2_1_6,17,8,5428,1
loop_2056_circuit_no_condition_2_1_6,17,9,624,1
loop_2056_circuit_no_condition_2_1_6,17,10,5429,1
loop_2056_circuit_no_condition_2_1_6,17,11,624,1
loop_2056_circuit_no_condition_2_1_6,17,12,624,1
loop_2056_circuit_no_condition_2_1_6,17,13,5371,1
loop_2056_circuit_no_condition_2_1_6,17,14,5431,1
loop_2056_circuit_no_condition_2_1_6,17,15,624,1
loop_2056_circuit_no_condition_2_1_6,17,0,5409,100
loop_2056_circuit_no_condition_2_1_6,17,1,5377,100
loop_2056_circuit_no_condition_2_1_6,17,2,5430,100
loop_2056_circuit_no_condition_2_1_6,17,3,5429,100
loop_2056_circuit_no_condition_2_1_6,17,4,5430,100
loop_2056_circuit_no_condition_2_1_6,17,5,5393,100
loop_2056_circuit_no_condition_2_1_6,17,6,5431,100
loop_2056_circuit_no_condition_2_1_6,17,7,5433,100
loop_2056_circuit_no_condition_2_1_6,17,8,5422,100
loop_2056_circuit_no_condition_2_1_6,17,9,5374,100
loop_2056_circuit_no_condition_2_1_6,17,10,5428,100
loop_2056_circuit_no_condition_2_1_6,17,11,5425,100
loop_2056_circuit_no_condition_2_1_6,17,12,5426,100
loop_2056_circuit_no_condition_2_1_6,17,13,5432,100
loop_2056_circuit_no_condition_2_1_6,17,14,5355,100
loop_2056_circuit_no_condition_2_1_6,17,15,5416,100
loop_2056_circuit_no_condition_2_1_6,17,0,5425,200
loop_2056_circuit_no_condition_2_1_6,17,1,5423,200
loop_2056_circuit_no_condition_2_1_6,17,2,5425,200
loop_2056_circuit_no_condition_2_1_6,17,3,5424,200
loop_2056_circuit_no_condition_2_1_6,17,4,5428,200
loop_2056_circuit_no_condition_2_1_6,17,5,5412,200
loop_2056_circuit_no_condition_2_1_6,17,6,5422,200
loop_2056_circuit_no_condition_2_1_6,17,7,5360,200
loop_2056_circuit_no_condition_2_1_6,17,8,5427,200
loop_2056_circuit_no_condition_2_1_6,17,9,5411,200
loop_2056_circuit_no_condition_2_1_6,17,10,5416,200
loop_2056_circuit_no_condition_2_1_6,17,11,5412,200
loop_2056_circuit_no_condition_2_1_6,17,12,5372,200
loop_2056_circuit_no_condition_2_1_6,17,13,5427,200
loop_2056_circuit_no_condition_2_1_6,17,14,5364,200
loop_2056_circuit_no_condition_2_1_6,17,15,5414,200
loop_2056_circuit_no_condition_2_1_6,17,0,624,300
loop_2056_circuit_no_condition_2_1_6,17,1,624,300
loop_2056_circuit_no_condition_2_1_6,17,2,624,300
loop_2056_circuit_no_condition_2_1_6,17,3,624,300
loop_2056_circuit_no_condition_2_1_6,17,4,624,300
loop_2056_circuit_no_condition_2_1_6,17,5,5431,300
loop_2056_circuit_no_condition_2_1_6,17,6,624,300
loop_2056_circuit_no_condition_2_1_6,17,7,624,300
loop_2056_circuit_no_condition_2_1_6,17,8,624,300
loop_2056_circuit_no_condition_2_1_6,17,9,624,300
loop_2056_circuit_no_condition_2_1_6,17,10,624,300
loop_2056_circuit_no_condition_2_1_6,17,11,624,300
loop_2056_circuit_no_condition_2_1_6,17,12,624,300
loop_2056_circuit_no_condition_2_1_6,17,13,624,300
loop_2056_circuit_no_condition_2_1_6,17,14,624,300
loop_2056_circuit_no_condition_2_1_6,17,15,624,300
loop_2056_circuit_no_condition_2_1_6,17,0,624,401
loop_2056_circuit_no_condition_2_1_6,17,1,624,401
loop_2056_circuit_no_condition_2_1_6,17,2,624,401
loop_2056_circuit_no_condition_2_1_6,17,3,624,401
loop_2056_circuit_no_condition_2_1_6,17,4,624,401
loop_2056_circuit_no_condition_2_1_6,17,5,5424,401
loop_2056_circuit_no_condition_2_1_6,17,6,624,401
loop_2056_circuit_no_condition_2_1_6,17,7,624,401
loop_2056_circuit_no_condition_2_1_6,17,8,624,401
loop_2056_circuit_no_condition_2_1_6,17,9,624,401
loop_2056_circuit_no_condition_2_1_6,17,10,624,401
loop_2056_circuit_no_condition_2_1_6,17,11,624,401
loop_2056_circuit_no_condition_2_1_6,17,12,624,401
loop_2056_circuit_no_condition_2_1_6,17,13,624,401
loop_2056_circuit_no_condition_2_1_6,17,14,624,401
loop_2056_circuit_no_condition_2_1_6,17,15,624,401
loop_2056_circuit_no_condition_2_1_6,17,0,4670,500
loop_2056_circuit_no_condition_2_1_6,17,1,624,500
loop_2056_circuit_no_condition_2_1_6,17,2,624,500
loop_2056_circuit_no_condition_2_1_6,17,3,5001,500
loop_2056_circuit_no_condition_2_1_6,17,4,624,500
loop_2056_circuit_no_condition_2_1_6,17,5,5424,500
loop_2056_circuit_no_condition_2_1_6,17,6,624,500
loop_2056_circuit_no_condition_2_1_6,17,7,624,500
loop_2056_circuit_no_condition_2_1_6,17,8,624,500
loop_2056_circuit_no_condition_2_1_6,17,9,624,500
loop_2056_circuit_no_condition_2_1_6,17,10,624,500
loop_2056_circuit_no_condition_2_1_6,17,11,624,500
loop_2056_circuit_no_condition_2_1_6,17,12,624,500
loop_2056_circuit_no_condition_2_1_6,17,13,624,500
loop_2056_circuit_no_condition_2_1_6,17,14,624,500
loop_2056_circuit_no_condition_2_1_6,17,15,624,500
loop_2056_circuit_no_condition_2_1_6,17,0,624,600
loop_2056_circuit_no_condition_2_1_6,17,1,624,600
loop_2056_circuit_no_condition_2_1_6,17,2,624,600
loop_2056_circuit_no_condition_2_1_6,17,3,624,600
loop_2056_circuit_no_condition_2_1_6,17,4,624,600
loop_2056_circuit_no_condition_2_1_6,17,5,5429,600
loop_2056_circuit_no_condition_2_1_6,17,6,624,600
loop_2056_circuit_no_condition_2_1_6,17,7,624,600
loop_2056_circuit_no_condition_2_1_6,17,8,624,600
loop_2056_circuit_no_condition_2_1_6,17,9,624,600
loop_2056_circuit_no_condition_2_1_6,17,10,624,600
loop_2056_circuit_no_condition_2_1_6,17,11,624,600
loop_2056_circuit_no_condition_2_1_6,17,12,624,600
loop_2056_circuit_no_condition_2_1_6,17,13,624,600
loop_2056_circuit_no_condition_2_1_6,17,14,624,600
loop_2056_circuit_no_condition_2_1_6,17,15,624,600
loop_2056_circuit_no_condition_2_1_6,17,0,624,700
loop_2056_circuit_no_condition_2_1_6,17,1,624,700
loop_2056_circuit_no_condition_2_1_6,17,2,624,700
loop_2056_circuit_no_condition_2_1_6,17,3,624,700
loop_2056_circuit_no_condition_2_1_6,17,4,624,700
loop_2056_circuit_no_condition_2_1_6,17,5,5429,700
loop_2056_circuit_no_condition_2_1_6,17,6,624,700
loop_2056_circuit_no_condition_2_1_6,17,7,624,700
loop_2056_circuit_no_condition_2_1_6,17,8,624,700
loop_2056_circuit_no_condition_2_1_6,17,9,624,700
loop_2056_circuit_no_condition_2_1_6,17,10,624,700
loop_2056_circuit_no_condition_2_1_6,17,11,624,700
loop_2056_circuit_no_condition_2_1_6,17,12,624,700
loop_2056_circuit_no_condition_2_1_6,17,13,624,700
loop_2056_circuit_no_condition_2_1_6,17,14,624,700
loop_2056_circuit_no_condition_2_1_6,17,15,624,700
loop_2056_circuit_no_condition_2_1_6,17,0,624,801
loop_2056_circuit_no_condition_2_1_6,17,1,624,801
loop_2056_circuit_no_condition_2_1_6,17,2,624,801
loop_2056_circuit_no_condition_2_1_6,17,3,624,801
loop_2056_circuit_no_condition_2_1_6,17,4,624,801
loop_2056_circuit_no_condition_2_1_6,17,5,5431,801
loop_2056_circuit_no_condition_2_1_6,17,6,624,801
loop_2056_circuit_no_condition_2_1_6,17,7,624,801
loop_2056_circuit_no_condition_2_1_6,17,8,624,801
loop_2056_circuit_no_condition_2_1_6,17,9,624,801
loop_2056_circuit_no_condition_2_1_6,17,10,624,801
loop_2056_circuit_no_condition_2_1_6,17,11,624,801
loop_2056_circuit_no_condition_2_1_6,17,12,624,801
loop_2056_circuit_no_condition_2_1_6,17,13,624,801
loop_2056_circuit_no_condition_2_1_6,17,14,624,801
loop_2056_circuit_no_condition_2_1_6,17,15,624,801
loop_2056_circuit_no_condition_2_1_6,17,0,624,901
loop_2056_circuit_no_condition_2_1_6,17,1,624,901
loop_2056_circuit_no_condition_2_1_6,17,2,624,901
loop_2056_circuit_no_condition_2_1_6,17,3,624,901
loop_2056_circuit_no_condition_2_1_6,17,4,624,901
loop_2056_circuit_no_condition_2_1_6,17,5,5430,901
loop_2056_circuit_no_condition_2_1_6,17,6,624,901
loop_2056_circuit_no_condition_2_1_6,17,7,624,901
loop_2056_circuit_no_condition_2_1_6,17,8,624,901
loop_2056_circuit_no_condition_2_1_6,17,9,624,901
loop_2056_circuit_no_condition_2_1_6,17,10,624,901
loop_2056_circuit_no_condition_2_1_6,17,11,624,901
loop_2056_circuit_no_condition_2_1_6,17,12,624,901
loop_2056_circuit_no_condition_2_1_6,17,13,624,901
loop_2056_circuit_no_condition_2_1_6,17,14,624,901
loop_2056_circuit_no_condition_2_1_6,17,15,624,901
loop_2056_circuit_no_condition_2_1_6,17,0,624,1000
loop_2056_circuit_no_condition_2_1_6,17,1,624,1000
loop_2056_circuit_no_condition_2_1_6,17,2,624,1000
loop_2056_circuit_no_condition_2_1_6,17,3,624,1000
loop_2056_circuit_no_condition_2_1_6,17,4,624,1000
loop_2056_circuit_no_condition_2_1_6,17,5,5430,1000
loop_2056_circuit_no_condition_2_1_6,17,6,624,1000
loop_2056_circuit_no_condition_2_1_6,17,7,624,1000
loop_2056_circuit_no_condition_2_1_6,17,8,624,1000
loop_2056_circuit_no_condition_2_1_6,17,9,624,1000
loop_2056_circuit_no_condition_2_1_6,17,10,624,1000
loop_2056_circuit_no_condition_2_1_6,17,11,624,1000
loop_2056_circuit_no_condition_2_1_6,17,12,624,1000
loop_2056_circuit_no_condition_2_1_6,17,13,624,1000
loop_2056_circuit_no_condition_2_1_6,17,14,624,1000
loop_2056_circuit_no_condition_2_1_6,17,15,624,1000
loop_2056_circuit_no_condition_2_1_6,17,0,624,1100
loop_2056_circuit_no_condition_2_1_6,17,1,624,1100
loop_2056_circuit_no_condition_2_1_6,17,2,624,1100
loop_2056_circuit_no_condition_2_1_6,17,3,624,1100
loop_2056_circuit_no_condition_2_1_6,17,4,624,1100
loop_2056_circuit_no_condition_2_1_6,17,5,5430,1100
loop_2056_circuit_no_condition_2_1_6,17,6,624,1100
loop_2056_circuit_no_condition_2_1_6,17,7,624,1100
loop_2056_circuit_no_condition_2_1_6,17,8,624,1100
loop_2056_circuit_no_condition_2_1_6,17,9,624,1100
loop_2056_circuit_no_condition_2_1_6,17,10,624,1100
loop_2056_circuit_no_condition_2_1_6,17,11,624,1100
loop_2056_circuit_no_condition_2_1_6,17,12,624,1100
loop_2056_circuit_no_condition_2_1_6,17,13,624,1100
loop_2056_circuit_no_condition_2_1_6,17,14,624,1100
loop_2056_circuit_no_condition_2_1_6,17,15,624,1100
loop_2056_circuit_no_condition_2_1_6,17,0,624,1200
loop_2056_circuit_no_condition_2_1_6,17,1,624,1200
loop_2056_circuit_no_condition_2_1_6,17,2,624,1200
loop_2056_circuit_no_condition_2_1_6,17,3,624,1200
loop_2056_circuit_no_condition_2_1_6,17,4,624,1200
loop_2056_circuit_no_condition_2_1_6,17,5,5427,1200
loop_2056_circuit_no_condition_2_1_6,17,6,624,1200
loop_2056_circuit_no_condition_2_1_6,17,7,624,1200
loop_2056_circuit_no_condition_2_1_6,17,8,624,1200
loop_2056_circuit_no_condition_2_1_6,17,9,624,1200
loop_2056_circuit_no_condition_2_1_6,17,10,624,1200
loop_2056_circuit_no_condition_2_1_6,17,11,624,1200
loop_2056_circuit_no_condition_2_1_6,17,12,624,1200
loop_2056_circuit_no_condition_2_1_6,17,13,624,1200
loop_2056_circuit_no_condition_2_1_6,17,14,624,1200
loop_2056_circuit_no_condition_2_1_6,17,15,624,1200
loop_2056_circuit_no_condition_2_1_6,17,0,624,1301
loop_2056_circuit_no_condition_2_1_6,17,1,624,1301
loop_2056_circuit_no_condition_2_1_6,17,2,624,1301
loop_2056_circuit_no_condition_2_1_6,17,3,624,1301
loop_2056_circuit_no_condition_2_1_6,17,4,624,1301
loop_2056_circuit_no_condition_2_1_6,17,5,5431,1301
loop_2056_circuit_no_condition_2_1_6,17,6,624,1301
loop_2056_circuit_no_condition_2_1_6,17,7,624,1301
loop_2056_circuit_no_condition_2_1_6,17,8,624,1301
loop_2056_circuit_no_condition_2_1_6,17,9,624,1301
loop_2056_circuit_no_condition_2_1_6,17,10,624,1301
loop_2056_circuit_no_condition_2_1_6,17,11,624,1301
loop_2056_circuit_no_condition_2_1_6,17,12,624,1301
loop_2056_circuit_no_condition_2_1_6,17,13,624,1301
loop_2056_circuit_no_condition_2_1_6,17,14,624,1301
loop_2056_circuit_no_condition_2_1_6,17,15,624,1301
loop_2056_circuit_no_condition_2_1_6,17,0,624,1401
loop_2056_circuit_no_condition_2_1_6,17,1,624,1401
loop_2056_circuit_no_condition_2_1_6,17,2,624,1401
loop_2056_circuit_no_condition_2_1_6,17,3,624,1401
loop_2056_circuit_no_condition_2_1_6,17,4,624,1401
loop_2056_circuit_no_condition_2_1_6,17,5,5431,1401
loop_2056_circuit_no_condition_2_1_6,17,6,624,1401
loop_2056_circuit_no_condition_2_1_6,17,7,624,1401
loop_2056_circuit_no_condition_2_1_6,17,8,624,1401
loop_2056_circuit_no_condition_2_1_6,17,9,624,1401
loop_2056_circuit_no_condition_2_1_6,17,10,624,1401
loop_2056_circuit_no_condition_2_1_6,17,11,624,1401
loop_2056_circuit_no_condition_2_1_6,17,12,624,1401
loop_2056_circuit_no_condition_2_1_6,17,13,624,1401
loop_2056_circuit_no_condition_2_1_6,17,14,624,1401
loop_2056_circuit_no_condition_2_1_6,17,15,624,1401
loop_2056_circuit_no_condition_2_1_6,17,0,624,1500
loop_2056_circuit_no_condition_2_1_6,17,1,624,1500
loop_2056_circuit_no_condition_2_1_6,17,2,624,1500
loop_2056_circuit_no_condition_2_1_6,17,3,624,1500
loop_2056_circuit_no_condition_2_1_6,17,4,624,1500
loop_2056_circuit_no_condition_2_1_6,17,5,5429,1500
loop_2056_circuit_no_condition_2_1_6,17,6,624,1500
loop_2056_circuit_no_condition_2_1_6,17,7,624,1500
loop_2056_circuit_no_condition_2_1_6,17,8,624,1500
loop_2056_circuit_no_condition_2_1_6,17,9,624,1500
loop_2056_circuit_no_condition_2_1_6,17,10,624,1500
loop_2056_circuit_no_condition_2_1_6,17,11,624,1500
loop_2056_circuit_no_condition_2_1_6,17,12,624,1500
loop_2056_circuit_no_condition_2_1_6,17,13,624,1500
loop_2056_circuit_no_condition_2_1_6,17,14,624,1500
loop_2056_circuit_no_condition_2_1_6,17,15,624,1500
loop_2056_circuit_no_condition_2_1_6,17,0,624,1600
loop_2056_circuit_no_condition_2_1_6,17,1,624,1600
loop_2056_circuit_no_condition_2_1_6,17,2,624,1600
loop_2056_circuit_no_condition_2_1_6,17,3,624,1600
loop_2056_circuit_no_condition_2_1_6,17,4,624,1600
loop_2056_circuit_no_condition_2_1_6,17,5,5429,1600
loop_2056_circuit_no_condition_2_1_6,17,6,624,1600
loop_2056_circuit_no_condition_2_1_6,17,7,624,1600
loop_2056_circuit_no_condition_2_1_6,17,8,624,1600
loop_2056_circuit_no_condition_2_1_6,17,9,624,1600
loop_2056_circuit_no_condition_2_1_6,17,10,624,1600
loop_2056_circuit_no_condition_2_1_6,17,11,624,1600
loop_2056_circuit_no_condition_2_1_6,17,12,624,1600
loop_2056_circuit_no_condition_2_1_6,17,13,624,1600
loop_2056_circuit_no_condition_2_1_6,17,14,624,1600
loop_2056_circuit_no_condition_2_1_6,17,15,624,1600
loop_2056_circuit_no_condition_2_1_6,17,0,624,1701
loop_2056_circuit_no_condition_2_1_6,17,1,624,1701
loop_2056_circuit_no_condition_2_1_6,17,2,624,1701
loop_2056_circuit_no_condition_2_1_6,17,3,624,1701
loop_2056_circuit_no_condition_2_1_6,17,4,624,1701
loop_2056_circuit_no_condition_2_1_6,17,5,5431,1701
loop_2056_circuit_no_condition_2_1_6,17,6,624,1701
loop_2056_circuit_no_condition_2_1_6,17,7,624,1701
loop_2056_circuit_no_condition_2_1_6,17,8,624,1701
loop_2056_circuit_no_condition_2_1_6,17,9,624,1701
loop_2056_circuit_no_condition_2_1_6,17,10,624,1701
loop_2056_circuit_no_condition_2_1_6,17,11,624,1701
loop_2056_circuit_no_condition_2_1_6,17,12,624,1701
loop_2056_circuit_no_condition_2_1_6,17,13,624,1701
loop_2056_circuit_no_condition_2_1_6,17,14,624,1701
loop_2056_circuit_no_condition_2_1_6,17,15,624,1701
loop_2056_circuit_no_condition_2_1_6,17,0,624,1801
loop_2056_circuit_no_condition_2_1_6,17,1,624,1801
loop_2056_circuit_no_condition_2_1_6,17,2,624,1801
loop_2056_circuit_no_condition_2_1_6,17,3,624,1801
loop_2056_circuit_no_condition_2_1_6,17,4,624,1801
loop_2056_circuit_no_condition_2_1_6,17,5,5430,1801
loop_2056_circuit_no_condition_2_1_6,17,6,624,1801
loop_2056_circuit_no_condition_2_1_6,17,7,624,1801
loop_2056_circuit_no_condition_2_1_6,17,8,624,1801
loop_2056_circuit_no_condition_2_1_6,17,9,624,1801
loop_2056_circuit_no_condition_2_1_6,17,10,624,1801
loop_2056_circuit_no_condition_2_1_6,17,11,624,1801
loop_2056_circuit_no_condition_2_1_6,17,12,624,1801
loop_2056_circuit_no_condition_2_1_6,17,13,624,1801
loop_2056_circuit_no_condition_2_1_6,17,14,624,1801
loop_2056_circuit_no_condition_2_1_6,17,15,624,1801
loop_2056_circuit_no_condition_2_1_6,17,0,5370,1901
loop_2056_circuit_no_condition_2_1_6,17,1,5354,1901
loop_2056_circuit_no_condition_2_1_6,17,2,5403,1901
loop_2056_circuit_no_condition_2_1_6,17,3,5435,1901
loop_2056_circuit_no_condition_2_1_6,17,4,5379,1901
loop_2056_circuit_no_condition_2_1_6,17,5,5380,1901
loop_2056_circuit_no_condition_2_1_6,17,6,5424,1901
loop_2056_circuit_no_condition_2_1_6,17,7,5371,1901
loop_2056_circuit_no_condition_2_1_6,17,8,5414,1901
loop_2056_circuit_no_condition_2_1_6,17,9,5366,1901
loop_2056_circuit_no_condition_2_1_6,17,10,5376,1901
loop_2056_circuit_no_condition_2_1_6,17,11,624,1901
loop_2056_circuit_no_condition_2_1_6,17,12,5412,1901
loop_2056_circuit_no_condition_2_1_6,17,13,624,1901
loop_2056_circuit_no_condition_2_1_6,17,14,5413,1901
loop_2056_circuit_no_condition_2_1_6,17,15,5366,1901
loop_2056_circuit_no_condition_2_1_6,18,0,5428,1
loop_2056_circuit_no_condition_2_1_6,18,1,5421,1
loop_2056_circuit_no_condition_2_1_6,18,2,5427,1
loop_2056_circuit_no_condition_2_1_6,18,3,5428,1
loop_2056_circuit_no_condition_2_1_6,18,4,5434,1
loop_2056_circuit_no_condition_2_1_6,18,5,5434,1
loop_2056_circuit_no_condition_2_1_6,18,6,4057,1
loop_2056_circuit_no_condition_2_1_6,18,7,624,1
loop_2056_circuit_no_condition_2_1_6,18,8,5428,1
loop_2056_circuit_no_condition_2_1_6,18,9,5427,1
loop_2056_circuit_no_condition_2_1_6,18,10,5426,1
loop_2056_circuit_no_condition_2_1_6,18,11,624,1
loop_2056_circuit_no_condition_2_1_6,18,12,5424,1
loop_2056_circuit_no_condition_2_1_6,18,13,5420,1
loop_2056_circuit_no_condition_2_1_6,18,14,624,1
loop_2056_circuit_no_condition_2_1_6,18,15,624,1
loop_2056_circuit_no_condition_2_1_6,18,0,5429,100
loop_2056_circuit_no_condition_2_1_6,18,1,5418,100
loop_2056_circuit_no_condition_2_1_6,18,2,5398,100
loop_2056_circuit_no_condition_2_1_6,18,3,5413,100
loop_2056_circuit_no_condition_2_1_6,18,4,5419,100
loop_2056_circuit_no_condition_2_1_6,18,5,5433,100
loop_2056_circuit_no_condition_2_1_6,18,6,5424,100
loop_2056_circuit_no_condition_2_1_6,18,7,5423,100
loop_2056_circuit_no_condition_2_1_6,18,8,5349,100
loop_2056_circuit_no_condition_2_1_6,18,9,5426,100
loop_2056_circuit_no_condition_2_1_6,18,10,5416,100
loop_2056_circuit_no_condition_2_1_6,18,11,5417,100
loop_2056_circuit_no_condition_2_1_6,18,12,5397,100
loop_2056_circuit_no_condition_2_1_6,18,13,5430,100
loop_2056_circuit_no_condition_2_1_6,18,14,5426,100
loop_2056_circuit_no_condition_2_1_6,18,15,5429,100
loop_2056_circuit_no_condition_2_1_6,18,0,5421,200
loop_2056_circuit_no_condition_2_1_6,18,1,624,200
loop_2056_circuit_no_condition_2_1_6,18,2,624,200
loop_2056_circuit_no_condition_2_1_6,18,3,624,200
loop_2056_circuit_no_condition_2_1_6,18,4,5430,200
loop_2056_circuit_no_condition_2_1_6,18,5,624,200
loop_2056_circuit_no_condition_2_1_6,18,6,5413,200
loop_2056_circuit_no_condition_2_1_6,18,7,624,200
loop_2056_circuit_no_condition_2_1_6,18,8,624,200
loop_2056_circuit_no_condition_2_1_6,18,9,5430,200
loop_2056_circuit_no_condition_2_1_6,18,10,624,200
loop_2056_circuit_no_condition_2_1_6,18,11,624,200
loop_2056_circuit_no_condition_2_1_6,18,12,5417,200
loop_2056_circuit_no_condition_2_1_6,18,13,624,200
loop_2056_circuit_no_condition_2_1_6,18,14,5418,200
loop_2056_circuit_no_condition_2_1_6,18,15,624,200
loop_2056_circuit_no_condition_2_1_6,18,0,624,300
loop_2056_circuit_no_condition_2_1_6,18,1,624,300
loop_2056_circuit_no_condition_2_1_6,18,2,624,300
loop_2056_circuit_no_condition_2_1_6,18,3,624,300
loop_2056_circuit_no_condition_2_1_6,18,4,5431,300
loop_2056_circuit_no_condition_2_1_6,18,5,624,300
loop_2056_circuit_no_condition_2_1_6,18,6,624,300
loop_2056_circuit_no_condition_2_1_6,18,7,624,300
loop_2056_circuit_no_condition_2_1_6,18,8,624,300
loop_2056_circuit_no_condition_2_1_6,18,9,624,300
loop_2056_circuit_no_condition_2_1_6,18,10,624,300
loop_2056_circuit_no_condition_2_1_6,18,11,624,300
loop_2056_circuit_no_condition_2_1_6,18,12,624,300
loop_2056_circuit_no_condition_2_1_6,18,13,624,300
loop_2056_circuit_no_condition_2_1_6,18,14,624,300
loop_2056_circuit_no_condition_2_1_6,18,15,624,300
loop_2056_circuit_no_condition_2_1_6,18,0,624,401
loop_2056_circuit_no_condition_2_1_6,18,1,624,401
loop_2056_circuit_no_condition_2_1_6,18,2,624,401
loop_2056_circuit_no_condition_2_1_6,18,3,624,401
loop_2056_circuit_no_condition_2_1_6,18,4,5431,401
loop_2056_circuit_no_condition_2_1_6,18,5,624,401
loop_2056_circuit_no_condition_2_1_6,18,6,4227,401
loop_2056_circuit_no_condition_2_1_6,18,7,624,401
loop_2056_circuit_no_condition_2_1_6,18,8,624,401
loop_2056_circuit_no_condition_2_1_6,18,9,624,401
loop_2056_circuit_no_condition_2_1_6,18,10,624,401
loop_2056_circuit_no_condition_2_1_6,18,11,624,401
loop_2056_circuit_no_condition_2_1_6,18,12,624,401
loop_2056_circuit_no_condition_2_1_6,18,13,624,401
loop_2056_circuit_no_condition_2_1_6,18,14,624,401
loop_2056_circuit_no_condition_2_1_6,18,15,624,401
loop_2056_circuit_no_condition_2_1_6,18,0,624,500
loop_2056_circuit_no_condition_2_1_6,18,1,624,500
loop_2056_circuit_no_condition_2_1_6,18,2,624,500
loop_2056_circuit_no_condition_2_1_6,18,3,624,500
loop_2056_circuit_no_condition_2_1_6,18,4,4662,500
loop_2056_circuit_no_condition_2_1_6,18,5,5425,500
loop_2056_circuit_no_condition_2_1_6,18,6,624,500
loop_2056_circuit_no_condition_2_1_6,18,7,624,500
loop_2056_circuit_no_condition_2_1_6,18,8,624,500
loop_2056_circuit_no_condition_2_1_6,18,9,624,500
loop_2056_circuit_no_condition_2_1_6,18,10,624,500
loop_2056_circuit_no_condition_2_1_6,18,11,624,500
loop_2056_circuit_no_condition_2_1_6,18,12,624,500
loop_2056_circuit_no_condition_2_1_6,18,13,624,500
loop_2056_circuit_no_condition_2_1_6,18,14,624,500
loop_2056_circuit_no_condition_2_1_6,18,15,624,500
loop_2056_circuit_no_condition_2_1_6,18,0,624,600
loop_2056_circuit_no_condition_2_1_6,18,1,624,600
loop_2056_circuit_no_condition_2_1_6,18,2,624,600
loop_2056_circuit_no_condition_2_1_6,18,3,624,600
loop_2056_circuit_no_condition_2_1_6,18,4,624,600
loop_2056_circuit_no_condition_2_1_6,18,5,5424,600
loop_2056_circuit_no_condition_2_1_6,18,6,624,600
loop_2056_circuit_no_condition_2_1_6,18,7,624,600
loop_2056_circuit_no_condition_2_1_6,18,8,624,600
loop_2056_circuit_no_condition_2_1_6,18,9,624,600
loop_2056_circuit_no_condition_2_1_6,18,10,624,600
loop_2056_circuit_no_condition_2_1_6,18,11,624,600
loop_2056_circuit_no_condition_2_1_6,18,12,624,600
loop_2056_circuit_no_condition_2_1_6,18,13,624,600
loop_2056_circuit_no_condition_2_1_6,18,14,624,600
loop_2056_circuit_no_condition_2_1_6,18,15,624,600
loop_2056_circuit_no_condition_2_1_6,18,0,624,700
loop_2056_circuit_no_condition_2_1_6,18,1,624,700
loop_2056_circuit_no_condition_2_1_6,18,2,624,700
loop_2056_circuit_no_condition_2_1_6,18,3,624,700
loop_2056_circuit_no_condition_2_1_6,18,4,624,700
loop_2056_circuit_no_condition_2_1_6,18,5,5430,700
loop_2056_circuit_no_condition_2_1_6,18,6,624,700
loop_2056_circuit_no_condition_2_1_6,18,7,624,700
loop_2056_circuit_no_condition_2_1_6,18,8,624,700
loop_2056_circuit_no_condition_2_1_6,18,9,624,700
loop_2056_circuit_no_condition_2_1_6,18,10,624,700
loop_2056_circuit_no_condition_2_1_6,18,11,624,700
loop_2056_circuit_no_condition_2_1_6,18,12,624,700
loop_2056_circuit_no_condition_2_1_6,18,13,624,700
loop_2056_circuit_no_condition_2_1_6,18,14,624,700
loop_2056_circuit_no_condition_2_1_6,18,15,624,700
loop_2056_circuit_no_condition_2_1_6,18,0,624,800
loop_2056_circuit_no_condition_2_1_6,18,1,624,800
loop_2056_circuit_no_condition_2_1_6,18,2,624,800
loop_2056_circuit_no_condition_2_1_6,18,3,624,800
loop_2056_circuit_no_condition_2_1_6,18,4,624,800
loop_2056_circuit_no_condition_2_1_6,18,5,5430,800
loop_2056_circuit_no_condition_2_1_6,18,6,624,800
loop_2056_circuit_no_condition_2_1_6,18,7,624,800
loop_2056_circuit_no_condition_2_1_6,18,8,624,800
loop_2056_circuit_no_condition_2_1_6,18,9,624,800
loop_2056_circuit_no_condition_2_1_6,18,10,624,800
loop_2056_circuit_no_condition_2_1_6,18,11,624,800
loop_2056_circuit_no_condition_2_1_6,18,12,624,800
loop_2056_circuit_no_condition_2_1_6,18,13,624,800
loop_2056_circuit_no_condition_2_1_6,18,14,624,800
loop_2056_circuit_no_condition_2_1_6,18,15,624,800
loop_2056_circuit_no_condition_2_1_6,18,0,624,901
loop_2056_circuit_no_condition_2_1_6,18,1,4518,901
loop_2056_circuit_no_condition_2_1_6,18,2,624,901
loop_2056_circuit_no_condition_2_1_6,18,3,624,901
loop_2056_circuit_no_condition_2_1_6,18,4,624,901
loop_2056_circuit_no_condition_2_1_6,18,5,5431,901
loop_2056_circuit_no_condition_2_1_6,18,6,624,901
loop_2056_circuit_no_condition_2_1_6,18,7,624,901
loop_2056_circuit_no_condition_2_1_6,18,8,624,901
loop_2056_circuit_no_condition_2_1_6,18,9,624,901
loop_2056_circuit_no_condition_2_1_6,18,10,624,901
loop_2056_circuit_no_condition_2_1_6,18,11,624,901
loop_2056_circuit_no_condition_2_1_6,18,12,624,901
loop_2056_circuit_no_condition_2_1_6,18,13,624,901
loop_2056_circuit_no_condition_2_1_6,18,14,624,901
loop_2056_circuit_no_condition_2_1_6,18,15,624,901
loop_2056_circuit_no_condition_2_1_6,18,0,624,1001
loop_2056_circuit_no_condition_2_1_6,18,1,624,1001
loop_2056_circuit_no_condition_2_1_6,18,2,624,1001
loop_2056_circuit_no_condition_2_1_6,18,3,624,1001
loop_2056_circuit_no_condition_2_1_6,18,4,624,1001
loop_2056_circuit_no_condition_2_1_6,18,5,5431,1001
loop_2056_circuit_no_condition_2_1_6,18,6,624,1001
loop_2056_circuit_no_condition_2_1_6,18,7,624,1001
loop_2056_circuit_no_condition_2_1_6,18,8,624,1001
loop_2056_circuit_no_condition_2_1_6,18,9,624,1001
loop_2056_circuit_no_condition_2_1_6,18,10,624,1001
loop_2056_circuit_no_condition_2_1_6,18,11,624,1001
loop_2056_circuit_no_condition_2_1_6,18,12,624,1001
loop_2056_circuit_no_condition_2_1_6,18,13,624,1001
loop_2056_circuit_no_condition_2_1_6,18,14,624,1001
loop_2056_circuit_no_condition_2_1_6,18,15,624,1001
loop_2056_circuit_no_condition_2_1_6,18,0,624,1100
loop_2056_circuit_no_condition_2_1_6,18,1,624,1100
loop_2056_circuit_no_condition_2_1_6,18,2,3970,1100
loop_2056_circuit_no_condition_2_1_6,18,3,624,1100
loop_2056_circuit_no_condition_2_1_6,18,4,624,1100
loop_2056_circuit_no_condition_2_1_6,18,5,5429,1100
loop_2056_circuit_no_condition_2_1_6,18,6,624,1100
loop_2056_circuit_no_condition_2_1_6,18,7,624,1100
loop_2056_circuit_no_condition_2_1_6,18,8,624,1100
loop_2056_circuit_no_condition_2_1_6,18,9,624,1100
loop_2056_circuit_no_condition_2_1_6,18,10,624,1100
loop_2056_circuit_no_condition_2_1_6,18,11,624,1100
loop_2056_circuit_no_condition_2_1_6,18,12,624,1100
loop_2056_circuit_no_condition_2_1_6,18,13,624,1100
loop_2056_circuit_no_condition_2_1_6,18,14,624,1100
loop_2056_circuit_no_condition_2_1_6,18,15,624,1100
loop_2056_circuit_no_condition_2_1_6,18,0,624,1200
loop_2056_circuit_no_condition_2_1_6,18,1,624,1200
loop_2056_circuit_no_condition_2_1_6,18,2,624,1200
loop_2056_circuit_no_condition_2_1_6,18,3,624,1200
loop_2056_circuit_no_condition_2_1_6,18,4,624,1200
loop_2056_circuit_no_condition_2_1_6,18,5,5429,1200
loop_2056_circuit_no_condition_2_1_6,18,6,624,1200
loop_2056_circuit_no_condition_2_1_6,18,7,624,1200
loop_2056_circuit_no_condition_2_1_6,18,8,624,1200
loop_2056_circuit_no_condition_2_1_6,18,9,624,1200
loop_2056_circuit_no_condition_2_1_6,18,10,624,1200
loop_2056_circuit_no_condition_2_1_6,18,11,624,1200
loop_2056_circuit_no_condition_2_1_6,18,12,624,1200
loop_2056_circuit_no_condition_2_1_6,18,13,624,1200
loop_2056_circuit_no_condition_2_1_6,18,14,624,1200
loop_2056_circuit_no_condition_2_1_6,18,15,624,1200
loop_2056_circuit_no_condition_2_1_6,18,0,624,1300
loop_2056_circuit_no_condition_2_1_6,18,1,624,1300
loop_2056_circuit_no_condition_2_1_6,18,2,624,1300
loop_2056_circuit_no_condition_2_1_6,18,3,624,1300
loop_2056_circuit_no_condition_2_1_6,18,4,624,1300
loop_2056_circuit_no_condition_2_1_6,18,5,5426,1300
loop_2056_circuit_no_condition_2_1_6,18,6,624,1300
loop_2056_circuit_no_condition_2_1_6,18,7,624,1300
loop_2056_circuit_no_condition_2_1_6,18,8,624,1300
loop_2056_circuit_no_condition_2_1_6,18,9,624,1300
loop_2056_circuit_no_condition_2_1_6,18,10,624,1300
loop_2056_circuit_no_condition_2_1_6,18,11,624,1300
loop_2056_circuit_no_condition_2_1_6,18,12,624,1300
loop_2056_circuit_no_condition_2_1_6,18,13,624,1300
loop_2056_circuit_no_condition_2_1_6,18,14,624,1300
loop_2056_circuit_no_condition_2_1_6,18,15,624,1300
loop_2056_circuit_no_condition_2_1_6,18,0,624,1401
loop_2056_circuit_no_condition_2_1_6,18,1,624,1401
loop_2056_circuit_no_condition_2_1_6,18,2,624,1401
loop_2056_circuit_no_condition_2_1_6,18,3,624,1401
loop_2056_circuit_no_condition_2_1_6,18,4,624,1401
loop_2056_circuit_no_condition_2_1_6,18,5,5427,1401
loop_2056_circuit_no_condition_2_1_6,18,6,624,1401
loop_2056_circuit_no_condition_2_1_6,18,7,624,1401
loop_2056_circuit_no_condition_2_1_6,18,8,624,1401
loop_2056_circuit_no_condition_2_1_6,18,9,624,1401
loop_2056_circuit_no_condition_2_1_6,18,10,624,1401
loop_2056_circuit_no_condition_2_1_6,18,11,624,1401
loop_2056_circuit_no_condition_2_1_6,18,12,624,1401
loop_2056_circuit_no_condition_2_1_6,18,13,624,1401
loop_2056_circuit_no_condition_2_1_6,18,14,624,1401
loop_2056_circuit_no_condition_2_1_6,18,15,624,1401
loop_2056_circuit_no_condition_2_1_6,18,0,624,1501
loop_2056_circuit_no_condition_2_1_6,18,1,624,1501
loop_2056_circuit_no_condition_2_1_6,18,2,624,1501
loop_2056_circuit_no_condition_2_1_6,18,3,624,1501
loop_2056_circuit_no_condition_2_1_6,18,4,624,1501
loop_2056_circuit_no_condition_2_1_6,18,5,5429,1501
loop_2056_circuit_no_condition_2_1_6,18,6,624,1501
loop_2056_circuit_no_condition_2_1_6,18,7,624,1501
loop_2056_circuit_no_condition_2_1_6,18,8,624,1501
loop_2056_circuit_no_condition_2_1_6,18,9,624,1501
loop_2056_circuit_no_condition_2_1_6,18,10,624,1501
loop_2056_circuit_no_condition_2_1_6,18,11,624,1501
loop_2056_circuit_no_condition_2_1_6,18,12,624,1501
loop_2056_circuit_no_condition_2_1_6,18,13,624,1501
loop_2056_circuit_no_condition_2_1_6,18,14,624,1501
loop_2056_circuit_no_condition_2_1_6,18,15,624,1501
loop_2056_circuit_no_condition_2_1_6,18,0,624,1600
loop_2056_circuit_no_condition_2_1_6,18,1,624,1600
loop_2056_circuit_no_condition_2_1_6,18,2,624,1600
loop_2056_circuit_no_condition_2_1_6,18,3,624,1600
loop_2056_circuit_no_condition_2_1_6,18,4,624,1600
loop_2056_circuit_no_condition_2_1_6,18,5,5429,1600
loop_2056_circuit_no_condition_2_1_6,18,6,624,1600
loop_2056_circuit_no_condition_2_1_6,18,7,624,1600
loop_2056_circuit_no_condition_2_1_6,18,8,624,1600
loop_2056_circuit_no_condition_2_1_6,18,9,624,1600
loop_2056_circuit_no_condition_2_1_6,18,10,624,1600
loop_2056_circuit_no_condition_2_1_6,18,11,624,1600
loop_2056_circuit_no_condition_2_1_6,18,12,624,1600
loop_2056_circuit_no_condition_2_1_6,18,13,624,1600
loop_2056_circuit_no_condition_2_1_6,18,14,624,1600
loop_2056_circuit_no_condition_2_1_6,18,15,624,1600
loop_2056_circuit_no_condition_2_1_6,18,0,624,1700
loop_2056_circuit_no_condition_2_1_6,18,1,624,1700
loop_2056_circuit_no_condition_2_1_6,18,2,624,1700
loop_2056_circuit_no_condition_2_1_6,18,3,624,1700
loop_2056_circuit_no_condition_2_1_6,18,4,624,1700
loop_2056_circuit_no_condition_2_1_6,18,5,5428,1700
loop_2056_circuit_no_condition_2_1_6,18,6,624,1700
loop_2056_circuit_no_condition_2_1_6,18,7,624,1700
loop_2056_circuit_no_condition_2_1_6,18,8,624,1700
loop_2056_circuit_no_condition_2_1_6,18,9,624,1700
loop_2056_circuit_no_condition_2_1_6,18,10,624,1700
loop_2056_circuit_no_condition_2_1_6,18,11,624,1700
loop_2056_circuit_no_condition_2_1_6,18,12,624,1700
loop_2056_circuit_no_condition_2_1_6,18,13,624,1700
loop_2056_circuit_no_condition_2_1_6,18,14,624,1700
loop_2056_circuit_no_condition_2_1_6,18,15,624,1700
loop_2056_circuit_no_condition_2_1_6,18,0,624,1800
loop_2056_circuit_no_condition_2_1_6,18,1,624,1800
loop_2056_circuit_no_condition_2_1_6,18,2,624,1800
loop_2056_circuit_no_condition_2_1_6,18,3,624,1800
loop_2056_circuit_no_condition_2_1_6,18,4,624,1800
loop_2056_circuit_no_condition_2_1_6,18,5,5428,1800
loop_2056_circuit_no_condition_2_1_6,18,6,624,1800
loop_2056_circuit_no_condition_2_1_6,18,7,624,1800
loop_2056_circuit_no_condition_2_1_6,18,8,624,1800
loop_2056_circuit_no_condition_2_1_6,18,9,624,1800
loop_2056_circuit_no_condition_2_1_6,18,10,624,1800
loop_2056_circuit_no_condition_2_1_6,18,11,624,1800
loop_2056_circuit_no_condition_2_1_6,18,12,624,1800
loop_2056_circuit_no_condition_2_1_6,18,13,624,1800
loop_2056_circuit_no_condition_2_1_6,18,14,624,1800
loop_2056_circuit_no_condition_2_1_6,18,15,624,1800
loop_2056_circuit_no_condition_2_1_6,18,0,5417,1900
loop_2056_circuit_no_condition_2_1_6,18,1,5413,1900
loop_2056_circuit_no_condition_2_1_6,18,2,5402,1900
loop_2056_circuit_no_condition_2_1_6,18,3,5426,1900
loop_2056_circuit_no_condition_2_1_6,18,4,5427,1900
loop_2056_circuit_no_condition_2_1_6,18,5,5429,1900
loop_2056_circuit_no_condition_2_1_6,18,6,5431,1900
loop_2056_circuit_no_condition_2_1_6,18,7,5432,1900
loop_2056_circuit_no_condition_2_1_6,18,8,624,1900
loop_2056_circuit_no_condition_2_1_6,18,9,5422,1900
loop_2056_circuit_no_condition_2_1_6,18,10,5423,1900
loop_2056_circuit_no_condition_2_1_6,18,11,624,1900
loop_2056_circuit_no_condition_2_1_6,18,12,624,1900
loop_2056_circuit_no_condition_2_1_6,18,13,624,1900
loop_2056_circuit_no_condition_2_1_6,18,14,5419,1900
loop_2056_circuit_no_condition_2_1_6,18,15,5430,1900
loop_2056_circuit_no_condition_2_1_6,19,0,5422,1
loop_2056_circuit_no_condition_2_1_6,19,1,5408,1
loop_2056_circuit_no_condition_2_1_6,19,2,624,1
loop_2056_circuit_no_condition_2_1_6,19,3,5424,1
loop_2056_circuit_no_condition_2_1_6,19,4,5427,1
loop_2056_circuit_no_condition_2_1_6,19,5,5426,1
loop_2056_circuit_no_condition_2_1_6,19,6,5420,1
loop_2056_circuit_no_condition_2_1_6,19,7,5396,1
loop_2056_circuit_no_condition_2_1_6,19,8,5354,1
loop_2056_circuit_no_condition_2_1_6,19,9,5419,1
loop_2056_circuit_no_condition_2_1_6,19,10,5416,1
loop_2056_circuit_no_condition_2_1_6,19,11,5407,1
loop_2056_circuit_no_condition_2_1_6,19,12,5424,1
loop_2056_circuit_no_condition_2_1_6,19,13,624,1
loop_2056_circuit_no_condition_2_1_6,19,14,5391,1
loop_2056_circuit_no_condition_2_1_6,19,15,5397,1
loop_2056_circuit_no_condition_2_1_6,19,0,5374,100
loop_2056_circuit_no_condition_2_1_6,19,1,5339,100
loop_2056_circuit_no_condition_2_1_6,19,2,5401,100
loop_2056_circuit_no_condition_2_1_6,19,3,5417,100
loop_2056_circuit_no_condition_2_1_6,19,4,5426,100
loop_2056_circuit_no_condition_2_1_6,19,5,5347,100
loop_2056_circuit_no_condition_2_1_6,19,6,5409,100
loop_2056_circuit_no_condition_2_1_6,19,7,5419,100
loop_2056_circuit_no_condition_2_1_6,19,8,5375,100
loop_2056_circuit_no_condition_2_1_6,19,9,5410,100
loop_2056_circuit_no_condition_2_1_6,19,10,5418,100
loop_2056_circuit_no_condition_2_1_6,19,11,5342,100
loop_2056_circuit_no_condition_2_1_6,19,12,5349,100
loop_2056_circuit_no_condition_2_1_6,19,13,5415,100
loop_2056_circuit_no_condition_2_1_6,19,14,5387,100
loop_2056_circuit_no_condition_2_1_6,19,15,5403,100
loop_2056_circuit_no_condition_2_1_6,19,0,5409,200
loop_2056_circuit_no_condition_2_1_6,19,1,5409,200
loop_2056_circuit_no_condition_2_1_6,19,2,5409,200
loop_2056_circuit_no_condition_2_1_6,19,3,5256,200
loop_2056_circuit_no_condition_2_1_6,19,4,5430,200
loop_2056_circuit_no_condition_2_1_6,19,5,5409,200
loop_2056_circuit_no_condition_2_1_6,19,6,4632,200
loop_2056_circuit_no_condition_2_1_6,19,7,5409,200
loop_2056_circuit_no_condition_2_1_6,19,8,5410,200
loop_2056_circuit_no_condition_2_1_6,19,9,5409,200
loop_2056_circuit_no_condition_2_1_6,19,10,5410,200
loop_2056_circuit_no_condition_2_1_6,19,11,5182,200
loop_2056_circuit_no_condition_2_1_6,19,12,5409,200
loop_2056_circuit_no_condition_2_1_6,19,13,5409,200
loop_2056_circuit_no_condition_2_1_6,19,14,4627,200
loop_2056_circuit_no_condition_2_1_6,19,15,5410,200
loop_2056_circuit_no_condition_2_1_6,19,0,624,300
loop_2056_circuit_no_condition_2_1_6,19,1,5424,300
loop_2056_circuit_no_condition_2_1_6,19,2,624,300
loop_2056_circuit_no_condition_2_1_6,19,3,3685,300
loop_2056_circuit_no_condition_2_1_6,19,4,5418,300
loop_2056_circuit_no_condition_2_1_6,19,5,5429,300
loop_2056_circuit_no_condition_2_1_6,19,6,624,300
loop_2056_circuit_no_condition_2_1_6,19,7,5428,300
loop_2056_circuit_no_condition_2_1_6,19,8,624,300
loop_2056_circuit_no_condition_2_1_6,19,9,624,300
loop_2056_circuit_no_condition_2_1_6,19,10,3333,300
loop_2056_circuit_no_condition_2_1_6,19,11,624,300
loop_2056_circuit_no_condition_2_1_6,19,12,624,300
loop_2056_circuit_no_condition_2_1_6,19,13,624,300
loop_2056_circuit_no_condition_2_1_6,19,14,624,300
loop_2056_circuit_no_condition_2_1_6,19,15,624,300
loop_2056_circuit_no_condition_2_1_6,19,0,624,400
loop_2056_circuit_no_condition_2_1_6,19,1,624,400
loop_2056_circuit_no_condition_2_1_6,19,2,624,400
loop_2056_circuit_no_condition_2_1_6,19,3,624,400
loop_2056_circuit_no_condition_2_1_6,19,4,5424,400
loop_2056_circuit_no_condition_2_1_6,19,5,5427,400
loop_2056_circuit_no_condition_2_1_6,19,6,624,400
loop_2056_circuit_no_condition_2_1_6,19,7,4574,400
loop_2056_circuit_no_condition_2_1_6,19,8,624,400
loop_2056_circuit_no_condition_2_1_6,19,9,624,400
loop_2056_circuit_no_condition_2_1_6,19,10,624,400
loop_2056_circuit_no_condition_2_1_6,19,11,624,400
loop_2056_circuit_no_condition_2_1_6,19,12,624,400
loop_2056_circuit_no_condition_2_1_6,19,13,624,400
loop_2056_circuit_no_condition_2_1_6,19,14,624,400
loop_2056_circuit_no_condition_2_1_6,19,15,624,400
loop_2056_circuit_no_condition_2_1_6,19,0,624,500
loop_2056_circuit_no_condition_2_1_6,19,1,624,500
loop_2056_circuit_no_condition_2_1_6,19,2,624,500
loop_2056_circuit_no_condition_2_1_6,19,3,3221,500
loop_2056_circuit_no_condition_2_1_6,19,4,5436,500
loop_2056_circuit_no_condition_2_1_6,19,5,5433,500
loop_2056_circuit_no_condition_2_1_6,19,6,4681,500
loop_2056_circuit_no_condition_2_1_6,19,7,624,500
loop_2056_circuit_no_condition_2_1_6,19,8,624,500
loop_2056_circuit_no_condition_2_1_6,19,9,624,500
loop_2056_circuit_no_condition_2_1_6,19,10,624,500
loop_2056_circuit_no_condition_2_1_6,19,11,624,500
loop_2056_circuit_no_condition_2_1_6,19,12,624,500
loop_2056_circuit_no_condition_2_1_6,19,13,624,500
loop_2056_circuit_no_condition_2_1_6,19,14,624,500
loop_2056_circuit_no_condition_2_1_6,19,15,624,500
loop_2056_circuit_no_condition_2_1_6,19,0,624,600
loop_2056_circuit_no_condition_2_1_6,19,1,624,600
loop_2056_circuit_no_condition_2_1_6,19,2,624,600
loop_2056_circuit_no_condition_2_1_6,19,3,624,600
loop_2056_circuit_no_condition_2_1_6,19,4,5416,600
loop_2056_circuit_no_condition_2_1_6,19,5,5428,600
loop_2056_circuit_no_condition_2_1_6,19,6,624,600
loop_2056_circuit_no_condition_2_1_6,19,7,624,600
loop_2056_circuit_no_condition_2_1_6,19,8,624,600
loop_2056_circuit_no_condition_2_1_6,19,9,624,600
loop_2056_circuit_no_condition_2_1_6,19,10,624,600
loop_2056_circuit_no_condition_2_1_6,19,11,624,600
loop_2056_circuit_no_condition_2_1_6,19,12,624,600
loop_2056_circuit_no_condition_2_1_6,19,13,624,600
loop_2056_circuit_no_condition_2_1_6,19,14,624,600
loop_2056_circuit_no_condition_2_1_6,19,15,624,600
loop_2056_circuit_no_condition_2_1_6,19,0,624,700
loop_2056_circuit_no_condition_2_1_6,19,1,624,700
loop_2056_circuit_no_condition_2_1_6,19,2,624,700
loop_2056_circuit_no_condition_2_1_6,19,3,624,700
loop_2056_circuit_no_condition_2_1_6,19,4,5434,700
loop_2056_circuit_no_condition_2_1_6,19,5,5427,700
loop_2056_circuit_no_condition_2_1_6,19,6,624,700
loop_2056_circuit_no_condition_2_1_6,19,7,624,700
loop_2056_circuit_no_condition_2_1_6,19,8,624,700
loop_2056_circuit_no_condition_2_1_6,19,9,624,700
loop_2056_circuit_no_condition_2_1_6,19,10,624,700
loop_2056_circuit_no_condition_2_1_6,19,11,624,700
loop_2056_circuit_no_condition_2_1_6,19,12,624,700
loop_2056_circuit_no_condition_2_1_6,19,13,624,700
loop_2056_circuit_no_condition_2_1_6,19,14,624,700
loop_2056_circuit_no_condition_2_1_6,19,15,624,700
loop_2056_circuit_no_condition_2_1_6,19,0,624,801
loop_2056_circuit_no_condition_2_1_6,19,1,624,801
loop_2056_circuit_no_condition_2_1_6,19,2,624,801
loop_2056_circuit_no_condition_2_1_6,19,3,624,801
loop_2056_circuit_no_condition_2_1_6,19,4,5432,801
loop_2056_circuit_no_condition_2_1_6,19,5,5430,801
loop_2056_circuit_no_condition_2_1_6,19,6,624,801
loop_2056_circuit_no_condition_2_1_6,19,7,624,801
loop_2056_circuit_no_condition_2_1_6,19,8,624,801
loop_2056_circuit_no_condition_2_1_6,19,9,624,801
loop_2056_circuit_no_condition_2_1_6,19,10,624,801
loop_2056_circuit_no_condition_2_1_6,19,11,624,801
loop_2056_circuit_no_condition_2_1_6,19,12,624,801
loop_2056_circuit_no_condition_2_1_6,19,13,624,801
loop_2056_circuit_no_condition_2_1_6,19,14,624,801
loop_2056_circuit_no_condition_2_1_6,19,15,624,801
loop_2056_circuit_no_condition_2_1_6,19,0,4524,900
loop_2056_circuit_no_condition_2_1_6,19,1,3554,900
loop_2056_circuit_no_condition_2_1_6,19,2,624,900
loop_2056_circuit_no_condition_2_1_6,19,3,624,900
loop_2056_circuit_no_condition_2_1_6,19,4,5423,900
loop_2056_circuit_no_condition_2_1_6,19,5,5428,900
loop_2056_circuit_no_condition_2_1_6,19,6,624,900
loop_2056_circuit_no_condition_2_1_6,19,7,624,900
loop_2056_circuit_no_condition_2_1_6,19,8,624,900
loop_2056_circuit_no_condition_2_1_6,19,9,624,900
loop_2056_circuit_no_condition_2_1_6,19,10,624,900
loop_2056_circuit_no_condition_2_1_6,19,11,624,900
loop_2056_circuit_no_condition_2_1_6,19,12,624,900
loop_2056_circuit_no_condition_2_1_6,19,13,624,900
loop_2056_circuit_no_condition_2_1_6,19,14,624,900
loop_2056_circuit_no_condition_2_1_6,19,15,624,900
loop_2056_circuit_no_condition_2_1_6,19,0,624,1000
loop_2056_circuit_no_condition_2_1_6,19,1,624,1000
loop_2056_circuit_no_condition_2_1_6,19,2,624,1000
loop_2056_circuit_no_condition_2_1_6,19,3,624,1000
loop_2056_circuit_no_condition_2_1_6,19,4,5423,1000
loop_2056_circuit_no_condition_2_1_6,19,5,5424,1000
loop_2056_circuit_no_condition_2_1_6,19,6,624,1000
loop_2056_circuit_no_condition_2_1_6,19,7,624,1000
loop_2056_circuit_no_condition_2_1_6,19,8,624,1000
loop_2056_circuit_no_condition_2_1_6,19,9,624,1000
loop_2056_circuit_no_condition_2_1_6,19,10,624,1000
loop_2056_circuit_no_condition_2_1_6,19,11,624,1000
loop_2056_circuit_no_condition_2_1_6,19,12,624,1000
loop_2056_circuit_no_condition_2_1_6,19,13,624,1000
loop_2056_circuit_no_condition_2_1_6,19,14,624,1000
loop_2056_circuit_no_condition_2_1_6,19,15,624,1000
loop_2056_circuit_no_condition_2_1_6,19,0,624,1100
loop_2056_circuit_no_condition_2_1_6,19,1,624,1100
loop_2056_circuit_no_condition_2_1_6,19,2,624,1100
loop_2056_circuit_no_condition_2_1_6,19,3,4423,1100
loop_2056_circuit_no_condition_2_1_6,19,4,5427,1100
loop_2056_circuit_no_condition_2_1_6,19,5,5425,1100
loop_2056_circuit_no_condition_2_1_6,19,6,624,1100
loop_2056_circuit_no_condition_2_1_6,19,7,4902,1100
loop_2056_circuit_no_condition_2_1_6,19,8,624,1100
loop_2056_circuit_no_condition_2_1_6,19,9,624,1100
loop_2056_circuit_no_condition_2_1_6,19,10,624,1100
loop_2056_circuit_no_condition_2_1_6,19,11,624,1100
loop_2056_circuit_no_condition_2_1_6,19,12,624,1100
loop_2056_circuit_no_condition_2_1_6,19,13,624,1100
loop_2056_circuit_no_condition_2_1_6,19,14,624,1100
loop_2056_circuit_no_condition_2_1_6,19,15,624,1100
loop_2056_circuit_no_condition_2_1_6,19,0,4458,1200
loop_2056_circuit_no_condition_2_1_6,19,1,624,1200
loop_2056_circuit_no_condition_2_1_6,19,2,624,1200
loop_2056_circuit_no_condition_2_1_6,19,3,624,1200
loop_2056_circuit_no_condition_2_1_6,19,4,4224,1200
loop_2056_circuit_no_condition_2_1_6,19,5,5428,1200
loop_2056_circuit_no_condition_2_1_6,19,6,624,1200
loop_2056_circuit_no_condition_2_1_6,19,7,624,1200
loop_2056_circuit_no_condition_2_1_6,19,8,624,1200
loop_2056_circuit_no_condition_2_1_6,19,9,4434,1200
loop_2056_circuit_no_condition_2_1_6,19,10,624,1200
loop_2056_circuit_no_condition_2_1_6,19,11,624,1200
loop_2056_circuit_no_condition_2_1_6,19,12,624,1200
loop_2056_circuit_no_condition_2_1_6,19,13,624,1200
loop_2056_circuit_no_condition_2_1_6,19,14,624,1200
loop_2056_circuit_no_condition_2_1_6,19,15,624,1200
loop_2056_circuit_no_condition_2_1_6,19,0,624,1301
loop_2056_circuit_no_condition_2_1_6,19,1,4211,1301
loop_2056_circuit_no_condition_2_1_6,19,2,624,1301
loop_2056_circuit_no_condition_2_1_6,19,3,624,1301
loop_2056_circuit_no_condition_2_1_6,19,4,5407,1301
loop_2056_circuit_no_condition_2_1_6,19,5,5426,1301
loop_2056_circuit_no_condition_2_1_6,19,6,624,1301
loop_2056_circuit_no_condition_2_1_6,19,7,624,1301
loop_2056_circuit_no_condition_2_1_6,19,8,624,1301
loop_2056_circuit_no_condition_2_1_6,19,9,624,1301
loop_2056_circuit_no_condition_2_1_6,19,10,624,1301
loop_2056_circuit_no_condition_2_1_6,19,11,624,1301
loop_2056_circuit_no_condition_2_1_6,19,12,624,1301
loop_2056_circuit_no_condition_2_1_6,19,13,624,1301
loop_2056_circuit_no_condition_2_1_6,19,14,3927,1301
loop_2056_circuit_no_condition_2_1_6,19,15,624,1301
loop_2056_circuit_no_condition_2_1_6,19,0,624,1401
loop_2056_circuit_no_condition_2_1_6,19,1,624,1401
loop_2056_circuit_no_condition_2_1_6,19,2,624,1401
loop_2056_circuit_no_condition_2_1_6,19,3,624,1401
loop_2056_circuit_no_condition_2_1_6,19,4,5425,1401
loop_2056_circuit_no_condition_2_1_6,19,5,5426,1401
loop_2056_circuit_no_condition_2_1_6,19,6,624,1401
loop_2056_circuit_no_condition_2_1_6,19,7,4594,1401
loop_2056_circuit_no_condition_2_1_6,19,8,624,1401
loop_2056_circuit_no_condition_2_1_6,19,9,624,1401
loop_2056_circuit_no_condition_2_1_6,19,10,624,1401
loop_2056_circuit_no_condition_2_1_6,19,11,624,1401
loop_2056_circuit_no_condition_2_1_6,19,12,624,1401
loop_2056_circuit_no_condition_2_1_6,19,13,624,1401
loop_2056_circuit_no_condition_2_1_6,19,14,624,1401
loop_2056_circuit_no_condition_2_1_6,19,15,624,1401
loop_2056_circuit_no_condition_2_1_6,19,0,624,1500
loop_2056_circuit_no_condition_2_1_6,19,1,624,1500
loop_2056_circuit_no_condition_2_1_6,19,2,624,1500
loop_2056_circuit_no_condition_2_1_6,19,3,624,1500
loop_2056_circuit_no_condition_2_1_6,19,4,4267,1500
loop_2056_circuit_no_condition_2_1_6,19,5,5421,1500
loop_2056_circuit_no_condition_2_1_6,19,6,624,1500
loop_2056_circuit_no_condition_2_1_6,19,7,624,1500
loop_2056_circuit_no_condition_2_1_6,19,8,624,1500
loop_2056_circuit_no_condition_2_1_6,19,9,624,1500
loop_2056_circuit_no_condition_2_1_6,19,10,624,1500
loop_2056_circuit_no_condition_2_1_6,19,11,624,1500
loop_2056_circuit_no_condition_2_1_6,19,12,624,1500
loop_2056_circuit_no_condition_2_1_6,19,13,624,1500
loop_2056_circuit_no_condition_2_1_6,19,14,624,1500
loop_2056_circuit_no_condition_2_1_6,19,15,624,1500
loop_2056_circuit_no_condition_2_1_6,19,0,624,1600
loop_2056_circuit_no_condition_2_1_6,19,1,624,1600
loop_2056_circuit_no_condition_2_1_6,19,2,624,1600
loop_2056_circuit_no_condition_2_1_6,19,3,624,1600
loop_2056_circuit_no_condition_2_1_6,19,4,4640,1600
loop_2056_circuit_no_condition_2_1_6,19,5,5423,1600
loop_2056_circuit_no_condition_2_1_6,19,6,624,1600
loop_2056_circuit_no_condition_2_1_6,19,7,624,1600
loop_2056_circuit_no_condition_2_1_6,19,8,624,1600
loop_2056_circuit_no_condition_2_1_6,19,9,624,1600
loop_2056_circuit_no_condition_2_1_6,19,10,624,1600
loop_2056_circuit_no_condition_2_1_6,19,11,624,1600
loop_2056_circuit_no_condition_2_1_6,19,12,624,1600
loop_2056_circuit_no_condition_2_1_6,19,13,624,1600
loop_2056_circuit_no_condition_2_1_6,19,14,624,1600
loop_2056_circuit_no_condition_2_1_6,19,15,624,1600
loop_2056_circuit_no_condition_2_1_6,19,0,624,1700
loop_2056_circuit_no_condition_2_1_6,19,1,624,1700
loop_2056_circuit_no_condition_2_1_6,19,2,624,1700
loop_2056_circuit_no_condition_2_1_6,19,3,624,1700
loop_2056_circuit_no_condition_2_1_6,19,4,4497,1700
loop_2056_circuit_no_condition_2_1_6,19,5,5426,1700
loop_2056_circuit_no_condition_2_1_6,19,6,624,1700
loop_2056_circuit_no_condition_2_1_6,19,7,624,1700
loop_2056_circuit_no_condition_2_1_6,19,8,624,1700
loop_2056_circuit_no_condition_2_1_6,19,9,624,1700
loop_2056_circuit_no_condition_2_1_6,19,10,624,1700
loop_2056_circuit_no_condition_2_1_6,19,11,624,1700
loop_2056_circuit_no_condition_2_1_6,19,12,624,1700
loop_2056_circuit_no_condition_2_1_6,19,13,624,1700
loop_2056_circuit_no_condition_2_1_6,19,14,624,1700
loop_2056_circuit_no_condition_2_1_6,19,15,624,1700
loop_2056_circuit_no_condition_2_1_6,19,0,4498,1801
loop_2056_circuit_no_condition_2_1_6,19,1,624,1801
loop_2056_circuit_no_condition_2_1_6,19,2,624,1801
loop_2056_circuit_no_condition_2_1_6,19,3,624,1801
loop_2056_circuit_no_condition_2_1_6,19,4,4476,1801
loop_2056_circuit_no_condition_2_1_6,19,5,5428,1801
loop_2056_circuit_no_condition_2_1_6,19,6,624,1801
loop_2056_circuit_no_condition_2_1_6,19,7,4566,1801
loop_2056_circuit_no_condition_2_1_6,19,8,624,1801
loop_2056_circuit_no_condition_2_1_6,19,9,4233,1801
loop_2056_circuit_no_condition_2_1_6,19,10,624,1801
loop_2056_circuit_no_condition_2_1_6,19,11,624,1801
loop_2056_circuit_no_condition_2_1_6,19,12,624,1801
loop_2056_circuit_no_condition_2_1_6,19,13,624,1801
loop_2056_circuit_no_condition_2_1_6,19,14,624,1801
loop_2056_circuit_no_condition_2_1_6,19,15,624,1801
loop_2056_circuit_no_condition_2_1_6,19,0,5419,1901
loop_2056_circuit_no_condition_2_1_6,19,1,5428,1901
loop_2056_circuit_no_condition_2_1_6,19,2,5421,1901
loop_2056_circuit_no_condition_2_1_6,19,3,5420,1901
loop_2056_circuit_no_condition_2_1_6,19,4,5352,1901
loop_2056_circuit_no_condition_2_1_6,19,5,5361,1901
loop_2056_circuit_no_condition_2_1_6,19,6,5373,1901
loop_2056_circuit_no_condition_2_1_6,19,7,5374,1901
loop_2056_circuit_no_condition_2_1_6,19,8,5419,1901
loop_2056_circuit_no_condition_2_1_6,19,9,5419,1901
loop_2056_circuit_no_condition_2_1_6,19,10,5421,1901
loop_2056_circuit_no_condition_2_1_6,19,11,5425,1901
loop_2056_circuit_no_condition_2_1_6,19,12,5423,1901
loop_2056_circuit_no_condition_2_1_6,19,13,624,1901
loop_2056_circuit_no_condition_2_1_6,19,14,5352,1901
loop_2056_circuit_no_condition_2_1_6,19,15,5426,1901
loop_2056_circuit_no_condition_2_1_6,20,0,624,1
loop_2056_circuit_no_condition_2_1_6,20,1,624,1
loop_2056_circuit_no_condition_2_1_6,20,2,624,1
loop_2056_circuit_no_condition_2_1_6,20,3,5425,1
loop_2056_circuit_no_condition_2_1_6,20,4,5429,1
loop_2056_circuit_no_condition_2_1_6,20,5,5429,1
loop_2056_circuit_no_condition_2_1_6,20,6,5438,1
loop_2056_circuit_no_condition_2_1_6,20,7,5420,1
loop_2056_circuit_no_condition_2_1_6,20,8,5424,1
loop_2056_circuit_no_condition_2_1_6,20,9,5428,1
loop_2056_circuit_no_condition_2_1_6,20,10,624,1
loop_2056_circuit_no_condition_2_1_6,20,11,5428,1
loop_2056_circuit_no_condition_2_1_6,20,12,624,1
loop_2056_circuit_no_condition_2_1_6,20,13,5425,1
loop_2056_circuit_no_condition_2_1_6,20,14,5426,1
loop_2056_circuit_no_condition_2_1_6,20,15,624,1
loop_2056_circuit_no_condition_2_1_6,20,0,5432,101
loop_2056_circuit_no_condition_2_1_6,20,1,5425,101
loop_2056_circuit_no_condition_2_1_6,20,2,5426,101
loop_2056_circuit_no_condition_2_1_6,20,3,5426,101
loop_2056_circuit_no_condition_2_1_6,20,4,5429,101
loop_2056_circuit_no_condition_2_1_6,20,5,5424,101
loop_2056_circuit_no_condition_2_1_6,20,6,5423,101
loop_2056_circuit_no_condition_2_1_6,20,7,5399,101
loop_2056_circuit_no_condition_2_1_6,20,8,5385,101
loop_2056_circuit_no_condition_2_1_6,20,9,5415,101
loop_2056_circuit_no_condition_2_1_6,20,10,5431,101
loop_2056_circuit_no_condition_2_1_6,20,11,5392,101
loop_2056_circuit_no_condition_2_1_6,20,12,5416,101
loop_2056_circuit_no_condition_2_1_6,20,13,5432,101
loop_2056_circuit_no_condition_2_1_6,20,14,5431,101
loop_2056_circuit_no_condition_2_1_6,20,15,5413,101
loop_2056_circuit_no_condition_2_1_6,20,0,5404,203
loop_2056_circuit_no_condition_2_1_6,20,1,5404,203
loop_2056_circuit_no_condition_2_1_6,20,2,4982,203
loop_2056_circuit_no_condition_2_1_6,20,3,5404,203
loop_2056_circuit_no_condition_2_1_6,20,4,5404,203
loop_2056_circuit_no_condition_2_1_6,20,5,5404,203
loop_2056_circuit_no_condition_2_1_6,20,6,4985,203
loop_2056_circuit_no_condition_2_1_6,20,7,5404,203
loop_2056_circuit_no_condition_2_1_6,20,8,5404,203
loop_2056_circuit_no_condition_2_1_6,20,9,5404,203
loop_2056_circuit_no_condition_2_1_6,20,10,4982,203
loop_2056_circuit_no_condition_2_1_6,20,11,5404,203
loop_2056_circuit_no_condition_2_1_6,20,12,5404,203
loop_2056_circuit_no_condition_2_1_6,20,13,5404,203
loop_2056_circuit_no_condition_2_1_6,20,14,4985,203
loop_2056_circuit_no_condition_2_1_6,20,15,5404,203
loop_2056_circuit_no_condition_2_1_6,20,0,624,301
loop_2056_circuit_no_condition_2_1_6,20,1,624,301
loop_2056_circuit_no_condition_2_1_6,20,2,624,301
loop_2056_circuit_no_condition_2_1_6,20,3,4601,301
loop_2056_circuit_no_condition_2_1_6,20,4,5428,301
loop_2056_circuit_no_condition_2_1_6,20,5,624,301
loop_2056_circuit_no_condition_2_1_6,20,6,624,301
loop_2056_circuit_no_condition_2_1_6,20,7,624,301
loop_2056_circuit_no_condition_2_1_6,20,8,624,301
loop_2056_circuit_no_condition_2_1_6,20,9,624,301
loop_2056_circuit_no_condition_2_1_6,20,10,624,301
loop_2056_circuit_no_condition_2_1_6,20,11,3888,301
loop_2056_circuit_no_condition_2_1_6,20,12,624,301
loop_2056_circuit_no_condition_2_1_6,20,13,624,301
loop_2056_circuit_no_condition_2_1_6,20,14,624,301
loop_2056_circuit_no_condition_2_1_6,20,15,624,301
loop_2056_circuit_no_condition_2_1_6,20,0,624,401
loop_2056_circuit_no_condition_2_1_6,20,1,624,401
loop_2056_circuit_no_condition_2_1_6,20,2,624,401
loop_2056_circuit_no_condition_2_1_6,20,3,4445,401
loop_2056_circuit_no_condition_2_1_6,20,4,5428,401
loop_2056_circuit_no_condition_2_1_6,20,5,624,401
loop_2056_circuit_no_condition_2_1_6,20,6,624,401
loop_2056_circuit_no_condition_2_1_6,20,7,624,401
loop_2056_circuit_no_condition_2_1_6,20,8,624,401
loop_2056_circuit_no_condition_2_1_6,20,9,624,401
loop_2056_circuit_no_condition_2_1_6,20,10,624,401
loop_2056_circuit_no_condition_2_1_6,20,11,624,401
loop_2056_circuit_no_condition_2_1_6,20,12,624,401
loop_2056_circuit_no_condition_2_1_6,20,13,624,401
loop_2056_circuit_no_condition_2_1_6,20,14,624,401
loop_2056_circuit_no_condition_2_1_6,20,15,624,401
loop_2056_circuit_no_condition_2_1_6,20,0,624,501
loop_2056_circuit_no_condition_2_1_6,20,1,3859,501
loop_2056_circuit_no_condition_2_1_6,20,2,624,501
loop_2056_circuit_no_condition_2_1_6,20,3,624,501
loop_2056_circuit_no_condition_2_1_6,20,4,624,501
loop_2056_circuit_no_condition_2_1_6,20,5,5425,501
loop_2056_circuit_no_condition_2_1_6,20,6,5129,501
loop_2056_circuit_no_condition_2_1_6,20,7,624,501
loop_2056_circuit_no_condition_2_1_6,20,8,624,501
loop_2056_circuit_no_condition_2_1_6,20,9,624,501
loop_2056_circuit_no_condition_2_1_6,20,10,624,501
loop_2056_circuit_no_condition_2_1_6,20,11,624,501
loop_2056_circuit_no_condition_2_1_6,20,12,624,501
loop_2056_circuit_no_condition_2_1_6,20,13,624,501
loop_2056_circuit_no_condition_2_1_6,20,14,624,501
loop_2056_circuit_no_condition_2_1_6,20,15,624,501
loop_2056_circuit_no_condition_2_1_6,20,0,624,601
loop_2056_circuit_no_condition_2_1_6,20,1,624,601
loop_2056_circuit_no_condition_2_1_6,20,2,624,601
loop_2056_circuit_no_condition_2_1_6,20,3,624,601
loop_2056_circuit_no_condition_2_1_6,20,4,624,601
loop_2056_circuit_no_condition_2_1_6,20,5,5419,601
loop_2056_circuit_no_condition_2_1_6,20,6,624,601
loop_2056_circuit_no_condition_2_1_6,20,7,624,601
loop_2056_circuit_no_condition_2_1_6,20,8,624,601
loop_2056_circuit_no_condition_2_1_6,20,9,624,601
loop_2056_circuit_no_condition_2_1_6,20,10,624,601
loop_2056_circuit_no_condition_2_1_6,20,11,624,601
loop_2056_circuit_no_condition_2_1_6,20,12,624,601
loop_2056_circuit_no_condition_2_1_6,20,13,624,601
loop_2056_circuit_no_condition_2_1_6,20,14,624,601
loop_2056_circuit_no_condition_2_1_6,20,15,624,601
loop_2056_circuit_no_condition_2_1_6,20,0,624,701
loop_2056_circuit_no_condition_2_1_6,20,1,624,701
loop_2056_circuit_no_condition_2_1_6,20,2,624,701
loop_2056_circuit_no_condition_2_1_6,20,3,624,701
loop_2056_circuit_no_condition_2_1_6,20,4,624,701
loop_2056_circuit_no_condition_2_1_6,20,5,5428,701
loop_2056_circuit_no_condition_2_1_6,20,6,624,701
loop_2056_circuit_no_condition_2_1_6,20,7,624,701
loop_2056_circuit_no_condition_2_1_6,20,8,624,701
loop_2056_circuit_no_condition_2_1_6,20,9,624,701
loop_2056_circuit_no_condition_2_1_6,20,10,624,701
loop_2056_circuit_no_condition_2_1_6,20,11,624,701
loop_2056_circuit_no_condition_2_1_6,20,12,624,701
loop_2056_circuit_no_condition_2_1_6,20,13,624,701
loop_2056_circuit_no_condition_2_1_6,20,14,624,701
loop_2056_circuit_no_condition_2_1_6,20,15,624,701
loop_2056_circuit_no_condition_2_1_6,20,0,624,801
loop_2056_circuit_no_condition_2_1_6,20,1,624,801
loop_2056_circuit_no_condition_2_1_6,20,2,624,801
loop_2056_circuit_no_condition_2_1_6,20,3,4367,801
loop_2056_circuit_no_condition_2_1_6,20,4,624,801
loop_2056_circuit_no_condition_2_1_6,20,5,5433,801
loop_2056_circuit_no_condition_2_1_6,20,6,624,801
loop_2056_circuit_no_condition_2_1_6,20,7,624,801
loop_2056_circuit_no_condition_2_1_6,20,8,624,801
loop_2056_circuit_no_condition_2_1_6,20,9,624,801
loop_2056_circuit_no_condition_2_1_6,20,10,624,801
loop_2056_circuit_no_condition_2_1_6,20,11,624,801
loop_2056_circuit_no_condition_2_1_6,20,12,624,801
loop_2056_circuit_no_condition_2_1_6,20,13,624,801
loop_2056_circuit_no_condition_2_1_6,20,14,624,801
loop_2056_circuit_no_condition_2_1_6,20,15,624,801
loop_2056_circuit_no_condition_2_1_6,20,0,624,902
loop_2056_circuit_no_condition_2_1_6,20,1,624,902
loop_2056_circuit_no_condition_2_1_6,20,2,624,902
loop_2056_circuit_no_condition_2_1_6,20,3,624,902
loop_2056_circuit_no_condition_2_1_6,20,4,624,902
loop_2056_circuit_no_condition_2_1_6,20,5,5430,902
loop_2056_circuit_no_condition_2_1_6,20,6,3895,902
loop_2056_circuit_no_condition_2_1_6,20,7,624,902
loop_2056_circuit_no_condition_2_1_6,20,8,624,902
loop_2056_circuit_no_condition_2_1_6,20,9,624,902
loop_2056_circuit_no_condition_2_1_6,20,10,624,902
loop_2056_circuit_no_condition_2_1_6,20,11,624,902
loop_2056_circuit_no_condition_2_1_6,20,12,624,902
loop_2056_circuit_no_condition_2_1_6,20,13,624,902
loop_2056_circuit_no_condition_2_1_6,20,14,624,902
loop_2056_circuit_no_condition_2_1_6,20,15,624,902
loop_2056_circuit_no_condition_2_1_6,20,0,624,1001
loop_2056_circuit_no_condition_2_1_6,20,1,624,1001
loop_2056_circuit_no_condition_2_1_6,20,2,624,1001
loop_2056_circuit_no_condition_2_1_6,20,3,624,1001
loop_2056_circuit_no_condition_2_1_6,20,4,624,1001
loop_2056_circuit_no_condition_2_1_6,20,5,5430,1001
loop_2056_circuit_no_condition_2_1_6,20,6,624,1001
loop_2056_circuit_no_condition_2_1_6,20,7,624,1001
loop_2056_circuit_no_condition_2_1_6,20,8,624,1001
loop_2056_circuit_no_condition_2_1_6,20,9,624,1001
loop_2056_circuit_no_condition_2_1_6,20,10,624,1001
loop_2056_circuit_no_condition_2_1_6,20,11,624,1001
loop_2056_circuit_no_condition_2_1_6,20,12,624,1001
loop_2056_circuit_no_condition_2_1_6,20,13,624,1001
loop_2056_circuit_no_condition_2_1_6,20,14,624,1001
loop_2056_circuit_no_condition_2_1_6,20,15,624,1001
loop_2056_circuit_no_condition_2_1_6,20,0,624,1101
loop_2056_circuit_no_condition_2_1_6,20,1,624,1101
loop_2056_circuit_no_condition_2_1_6,20,2,624,1101
loop_2056_circuit_no_condition_2_1_6,20,3,624,1101
loop_2056_circuit_no_condition_2_1_6,20,4,624,1101
loop_2056_circuit_no_condition_2_1_6,20,5,5429,1101
loop_2056_circuit_no_condition_2_1_6,20,6,624,1101
loop_2056_circuit_no_condition_2_1_6,20,7,624,1101
loop_2056_circuit_no_condition_2_1_6,20,8,624,1101
loop_2056_circuit_no_condition_2_1_6,20,9,624,1101
loop_2056_circuit_no_condition_2_1_6,20,10,624,1101
loop_2056_circuit_no_condition_2_1_6,20,11,624,1101
loop_2056_circuit_no_condition_2_1_6,20,12,624,1101
loop_2056_circuit_no_condition_2_1_6,20,13,624,1101
loop_2056_circuit_no_condition_2_1_6,20,14,624,1101
loop_2056_circuit_no_condition_2_1_6,20,15,624,1101
loop_2056_circuit_no_condition_2_1_6,20,0,624,1201
loop_2056_circuit_no_condition_2_1_6,20,1,624,1201
loop_2056_circuit_no_condition_2_1_6,20,2,624,1201
loop_2056_circuit_no_condition_2_1_6,20,3,624,1201
loop_2056_circuit_no_condition_2_1_6,20,4,624,1201
loop_2056_circuit_no_condition_2_1_6,20,5,5428,1201
loop_2056_circuit_no_condition_2_1_6,20,6,624,1201
loop_2056_circuit_no_condition_2_1_6,20,7,624,1201
loop_2056_circuit_no_condition_2_1_6,20,8,624,1201
loop_2056_circuit_no_condition_2_1_6,20,9,624,1201
loop_2056_circuit_no_condition_2_1_6,20,10,624,1201
loop_2056_circuit_no_condition_2_1_6,20,11,624,1201
loop_2056_circuit_no_condition_2_1_6,20,12,624,1201
loop_2056_circuit_no_condition_2_1_6,20,13,624,1201
loop_2056_circuit_no_condition_2_1_6,20,14,624,1201
loop_2056_circuit_no_condition_2_1_6,20,15,624,1201
loop_2056_circuit_no_condition_2_1_6,20,0,624,1301
loop_2056_circuit_no_condition_2_1_6,20,1,624,1301
loop_2056_circuit_no_condition_2_1_6,20,2,624,1301
loop_2056_circuit_no_condition_2_1_6,20,3,624,1301
loop_2056_circuit_no_condition_2_1_6,20,4,624,1301
loop_2056_circuit_no_condition_2_1_6,20,5,5431,1301
loop_2056_circuit_no_condition_2_1_6,20,6,624,1301
loop_2056_circuit_no_condition_2_1_6,20,7,624,1301
loop_2056_circuit_no_condition_2_1_6,20,8,624,1301
loop_2056_circuit_no_condition_2_1_6,20,9,624,1301
loop_2056_circuit_no_condition_2_1_6,20,10,624,1301
loop_2056_circuit_no_condition_2_1_6,20,11,624,1301
loop_2056_circuit_no_condition_2_1_6,20,12,624,1301
loop_2056_circuit_no_condition_2_1_6,20,13,624,1301
loop_2056_circuit_no_condition_2_1_6,20,14,624,1301
loop_2056_circuit_no_condition_2_1_6,20,15,624,1301
loop_2056_circuit_no_condition_2_1_6,20,0,624,1401
loop_2056_circuit_no_condition_2_1_6,20,1,624,1401
loop_2056_circuit_no_condition_2_1_6,20,2,624,1401
loop_2056_circuit_no_condition_2_1_6,20,3,624,1401
loop_2056_circuit_no_condition_2_1_6,20,4,624,1401
loop_2056_circuit_no_condition_2_1_6,20,5,5428,1401
loop_2056_circuit_no_condition_2_1_6,20,6,624,1401
loop_2056_circuit_no_condition_2_1_6,20,7,624,1401
loop_2056_circuit_no_condition_2_1_6,20,8,624,1401
loop_2056_circuit_no_condition_2_1_6,20,9,624,1401
loop_2056_circuit_no_condition_2_1_6,20,10,624,1401
loop_2056_circuit_no_condition_2_1_6,20,11,624,1401
loop_2056_circuit_no_condition_2_1_6,20,12,624,1401
loop_2056_circuit_no_condition_2_1_6,20,13,624,1401
loop_2056_circuit_no_condition_2_1_6,20,14,624,1401
loop_2056_circuit_no_condition_2_1_6,20,15,624,1401
loop_2056_circuit_no_condition_2_1_6,20,0,624,1501
loop_2056_circuit_no_condition_2_1_6,20,1,624,1501
loop_2056_circuit_no_condition_2_1_6,20,2,624,1501
loop_2056_circuit_no_condition_2_1_6,20,3,624,1501
loop_2056_circuit_no_condition_2_1_6,20,4,4192,1501
loop_2056_circuit_no_condition_2_1_6,20,5,5431,1501
loop_2056_circuit_no_condition_2_1_6,20,6,624,1501
loop_2056_circuit_no_condition_2_1_6,20,7,624,1501
loop_2056_circuit_no_condition_2_1_6,20,8,624,1501
loop_2056_circuit_no_condition_2_1_6,20,9,624,1501
loop_2056_circuit_no_condition_2_1_6,20,10,624,1501
loop_2056_circuit_no_condition_2_1_6,20,11,624,1501
loop_2056_circuit_no_condition_2_1_6,20,12,624,1501
loop_2056_circuit_no_condition_2_1_6,20,13,624,1501
loop_2056_circuit_no_condition_2_1_6,20,14,624,1501
loop_2056_circuit_no_condition_2_1_6,20,15,624,1501
loop_2056_circuit_no_condition_2_1_6,20,0,624,1601
loop_2056_circuit_no_condition_2_1_6,20,1,624,1601
loop_2056_circuit_no_condition_2_1_6,20,2,624,1601
loop_2056_circuit_no_condition_2_1_6,20,3,624,1601
loop_2056_circuit_no_condition_2_1_6,20,4,624,1601
loop_2056_circuit_no_condition_2_1_6,20,5,5428,1601
loop_2056_circuit_no_condition_2_1_6,20,6,624,1601
loop_2056_circuit_no_condition_2_1_6,20,7,624,1601
loop_2056_circuit_no_condition_2_1_6,20,8,624,1601
loop_2056_circuit_no_condition_2_1_6,20,9,624,1601
loop_2056_circuit_no_condition_2_1_6,20,10,624,1601
loop_2056_circuit_no_condition_2_1_6,20,11,624,1601
loop_2056_circuit_no_condition_2_1_6,20,12,624,1601
loop_2056_circuit_no_condition_2_1_6,20,13,624,1601
loop_2056_circuit_no_condition_2_1_6,20,14,624,1601
loop_2056_circuit_no_condition_2_1_6,20,15,624,1601
loop_2056_circuit_no_condition_2_1_6,20,0,624,1701
loop_2056_circuit_no_condition_2_1_6,20,1,624,1701
loop_2056_circuit_no_condition_2_1_6,20,2,624,1701
loop_2056_circuit_no_condition_2_1_6,20,3,624,1701
loop_2056_circuit_no_condition_2_1_6,20,4,624,1701
loop_2056_circuit_no_condition_2_1_6,20,5,5429,1701
loop_2056_circuit_no_condition_2_1_6,20,6,624,1701
loop_2056_circuit_no_condition_2_1_6,20,7,624,1701
loop_2056_circuit_no_condition_2_1_6,20,8,624,1701
loop_2056_circuit_no_condition_2_1_6,20,9,624,1701
loop_2056_circuit_no_condition_2_1_6,20,10,624,1701
loop_2056_circuit_no_condition_2_1_6,20,11,624,1701
loop_2056_circuit_no_condition_2_1_6,20,12,624,1701
loop_2056_circuit_no_condition_2_1_6,20,13,624,1701
loop_2056_circuit_no_condition_2_1_6,20,14,624,1701
loop_2056_circuit_no_condition_2_1_6,20,15,624,1701
loop_2056_circuit_no_condition_2_1_6,20,0,624,1801
loop_2056_circuit_no_condition_2_1_6,20,1,624,1801
loop_2056_circuit_no_condition_2_1_6,20,2,624,1801
loop_2056_circuit_no_condition_2_1_6,20,3,624,1801
loop_2056_circuit_no_condition_2_1_6,20,4,624,1801
loop_2056_circuit_no_condition_2_1_6,20,5,5430,1801
loop_2056_circuit_no_condition_2_1_6,20,6,624,1801
loop_2056_circuit_no_condition_2_1_6,20,7,624,1801
loop_2056_circuit_no_condition_2_1_6,20,8,624,1801
loop_2056_circuit_no_condition_2_1_6,20,9,624,1801
loop_2056_circuit_no_condition_2_1_6,20,10,624,1801
loop_2056_circuit_no_condition_2_1_6,20,11,624,1801
loop_2056_circuit_no_condition_2_1_6,20,12,624,1801
loop_2056_circuit_no_condition_2_1_6,20,13,624,1801
loop_2056_circuit_no_condition_2_1_6,20,14,624,1801
loop_2056_circuit_no_condition_2_1_6,20,15,624,1801
loop_2056_circuit_no_condition_2_1_6,20,0,5377,1901
loop_2056_circuit_no_condition_2_1_6,20,1,624,1901
loop_2056_circuit_no_condition_2_1_6,20,2,5384,1901
loop_2056_circuit_no_condition_2_1_6,20,3,5419,1901
loop_2056_circuit_no_condition_2_1_6,20,4,5422,1901
loop_2056_circuit_no_condition_2_1_6,20,5,5421,1901
loop_2056_circuit_no_condition_2_1_6,20,6,5419,1901
loop_2056_circuit_no_condition_2_1_6,20,7,5393,1901
loop_2056_circuit_no_condition_2_1_6,20,8,5414,1901
loop_2056_circuit_no_condition_2_1_6,20,9,5409,1901
loop_2056_circuit_no_condition_2_1_6,20,10,5389,1901
loop_2056_circuit_no_condition_2_1_6,20,11,5384,1901
loop_2056_circuit_no_condition_2_1_6,20,12,5427,1901
loop_2056_circuit_no_condition_2_1_6,20,13,5407,1901
loop_2056_circuit_no_condition_2_1_6,20,14,5379,1901
loop_2056_circuit_no_condition_2_1_6,20,15,5420,1901
loop_2056_circuit_no_condition_2_1_6,21,0,624,1
loop_2056_circuit_no_condition_2_1_6,21,1,5423,1
loop_2056_circuit_no_condition_2_1_6,21,2,5369,1
loop_2056_circuit_no_condition_2_1_6,21,3,5411,1
loop_2056_circuit_no_condition_2_1_6,21,4,5424,1
loop_2056_circuit_no_condition_2_1_6,21,5,3778,1
loop_2056_circuit_no_condition_2_1_6,21,6,624,1
loop_2056_circuit_no_condition_2_1_6,21,7,624,1
loop_2056_circuit_no_condition_2_1_6,21,8,5427,1
loop_2056_circuit_no_condition_2_1_6,21,9,5417,1
loop_2056_circuit_no_condition_2_1_6,21,10,624,1
loop_2056_circuit_no_condition_2_1_6,21,11,624,1
loop_2056_circuit_no_condition_2_1_6,21,12,624,1
loop_2056_circuit_no_condition_2_1_6,21,13,5419,1
loop_2056_circuit_no_condition_2_1_6,21,14,5434,1
loop_2056_circuit_no_condition_2_1_6,21,15,5406,1
loop_2056_circuit_no_condition_2_1_6,21,0,5402,101
loop_2056_circuit_no_condition_2_1_6,21,1,5422,101
loop_2056_circuit_no_condition_2_1_6,21,2,5345,101
loop_2056_circuit_no_condition_2_1_6,21,3,5367,101
loop_2056_circuit_no_condition_2_1_6,21,4,5426,101
loop_2056_circuit_no_condition_2_1_6,21,5,5390,101
loop_2056_circuit_no_condition_2_1_6,21,6,5347,101
loop_2056_circuit_no_condition_2_1_6,21,7,5351,101
loop_2056_circuit_no_condition_2_1_6,21,8,5420,101
loop_2056_circuit_no_condition_2_1_6,21,9,5393,101
loop_2056_circuit_no_condition_2_1_6,21,10,5397,101
loop_2056_circuit_no_condition_2_1_6,21,11,5339,101
loop_2056_circuit_no_condition_2_1_6,21,12,5372,101
loop_2056_circuit_no_condition_2_1_6,21,13,5419,101
loop_2056_circuit_no_condition_2_1_6,21,14,5418,101
loop_2056_circuit_no_condition_2_1_6,21,15,5392,101
loop_2056_circuit_no_condition_2_1_6,21,0,4829,200
loop_2056_circuit_no_condition_2_1_6,21,1,4831,200
loop_2056_circuit_no_condition_2_1_6,21,2,4827,200
loop_2056_circuit_no_condition_2_1_6,21,3,4829,200
loop_2056_circuit_no_condition_2_1_6,21,4,5411,200
loop_2056_circuit_no_condition_2_1_6,21,5,4827,200
loop_2056_circuit_no_condition_2_1_6,21,6,4827,200
loop_2056_circuit_no_condition_2_1_6,21,7,4828,200
loop_2056_circuit_no_condition_2_1_6,21,8,4831,200
loop_2056_circuit_no_condition_2_1_6,21,9,4830,200
loop_2056_circuit_no_condition_2_1_6,21,10,4827,200
loop_2056_circuit_no_condition_2_1_6,21,11,4829,200
loop_2056_circuit_no_condition_2_1_6,21,12,5411,200
loop_2056_circuit_no_condition_2_1_6,21,13,4827,200
loop_2056_circuit_no_condition_2_1_6,21,14,4827,200
loop_2056_circuit_no_condition_2_1_6,21,15,4828,200
loop_2056_circuit_no_condition_2_1_6,21,0,624,301
loop_2056_circuit_no_condition_2_1_6,21,1,624,301
loop_2056_circuit_no_condition_2_1_6,21,2,624,301
loop_2056_circuit_no_condition_2_1_6,21,3,624,301
loop_2056_circuit_no_condition_2_1_6,21,4,5427,301
loop_2056_circuit_no_condition_2_1_6,21,5,624,301
loop_2056_circuit_no_condition_2_1_6,21,6,624,301
loop_2056_circuit_no_condition_2_1_6,21,7,624,301
loop_2056_circuit_no_condition_2_1_6,21,8,624,301
loop_2056_circuit_no_condition_2_1_6,21,9,624,301
loop_2056_circuit_no_condition_2_1_6,21,10,624,301
loop_2056_circuit_no_condition_2_1_6,21,11,624,301
loop_2056_circuit_no_condition_2_1_6,21,12,624,301
loop_2056_circuit_no_condition_2_1_6,21,13,624,301
loop_2056_circuit_no_condition_2_1_6,21,14,624,301
loop_2056_circuit_no_condition_2_1_6,21,15,624,301
loop_2056_circuit_no_condition_2_1_6,21,0,624,400
loop_2056_circuit_no_condition_2_1_6,21,1,624,400
loop_2056_circuit_no_condition_2_1_6,21,2,624,400
loop_2056_circuit_no_condition_2_1_6,21,3,624,400
loop_2056_circuit_no_condition_2_1_6,21,4,5431,400
loop_2056_circuit_no_condition_2_1_6,21,5,624,400
loop_2056_circuit_no_condition_2_1_6,21,6,624,400
loop_2056_circuit_no_condition_2_1_6,21,7,624,400
loop_2056_circuit_no_condition_2_1_6,21,8,624,400
loop_2056_circuit_no_condition_2_1_6,21,9,624,400
loop_2056_circuit_no_condition_2_1_6,21,10,624,400
loop_2056_circuit_no_condition_2_1_6,21,11,624,400
loop_2056_circuit_no_condition_2_1_6,21,12,624,400
loop_2056_circuit_no_condition_2_1_6,21,13,624,400
loop_2056_circuit_no_condition_2_1_6,21,14,624,400
loop_2056_circuit_no_condition_2_1_6,21,15,624,400
loop_2056_circuit_no_condition_2_1_6,21,0,624,501
loop_2056_circuit_no_condition_2_1_6,21,1,624,501
loop_2056_circuit_no_condition_2_1_6,21,2,624,501
loop_2056_circuit_no_condition_2_1_6,21,3,624,501
loop_2056_circuit_no_condition_2_1_6,21,4,5432,501
loop_2056_circuit_no_condition_2_1_6,21,5,5432,501
loop_2056_circuit_no_condition_2_1_6,21,6,624,501
loop_2056_circuit_no_condition_2_1_6,21,7,624,501
loop_2056_circuit_no_condition_2_1_6,21,8,624,501
loop_2056_circuit_no_condition_2_1_6,21,9,624,501
loop_2056_circuit_no_condition_2_1_6,21,10,624,501
loop_2056_circuit_no_condition_2_1_6,21,11,624,501
loop_2056_circuit_no_condition_2_1_6,21,12,624,501
loop_2056_circuit_no_condition_2_1_6,21,13,624,501
loop_2056_circuit_no_condition_2_1_6,21,14,624,501
loop_2056_circuit_no_condition_2_1_6,21,15,624,501
loop_2056_circuit_no_condition_2_1_6,21,0,624,600
loop_2056_circuit_no_condition_2_1_6,21,1,624,600
loop_2056_circuit_no_condition_2_1_6,21,2,624,600
loop_2056_circuit_no_condition_2_1_6,21,3,624,600
loop_2056_circuit_no_condition_2_1_6,21,4,5431,600
loop_2056_circuit_no_condition_2_1_6,21,5,624,600
loop_2056_circuit_no_condition_2_1_6,21,6,624,600
loop_2056_circuit_no_condition_2_1_6,21,7,624,600
loop_2056_circuit_no_condition_2_1_6,21,8,624,600
loop_2056_circuit_no_condition_2_1_6,21,9,624,600
loop_2056_circuit_no_condition_2_1_6,21,10,624,600
loop_2056_circuit_no_condition_2_1_6,21,11,624,600
loop_2056_circuit_no_condition_2_1_6,21,12,624,600
loop_2056_circuit_no_condition_2_1_6,21,13,624,600
loop_2056_circuit_no_condition_2_1_6,21,14,624,600
loop_2056_circuit_no_condition_2_1_6,21,15,624,600
loop_2056_circuit_no_condition_2_1_6,21,0,624,700
loop_2056_circuit_no_condition_2_1_6,21,1,624,700
loop_2056_circuit_no_condition_2_1_6,21,2,624,700
loop_2056_circuit_no_condition_2_1_6,21,3,624,700
loop_2056_circuit_no_condition_2_1_6,21,4,5430,700
loop_2056_circuit_no_condition_2_1_6,21,5,624,700
loop_2056_circuit_no_condition_2_1_6,21,6,624,700
loop_2056_circuit_no_condition_2_1_6,21,7,624,700
loop_2056_circuit_no_condition_2_1_6,21,8,624,700
loop_2056_circuit_no_condition_2_1_6,21,9,624,700
loop_2056_circuit_no_condition_2_1_6,21,10,624,700
loop_2056_circuit_no_condition_2_1_6,21,11,624,700
loop_2056_circuit_no_condition_2_1_6,21,12,624,700
loop_2056_circuit_no_condition_2_1_6,21,13,624,700
loop_2056_circuit_no_condition_2_1_6,21,14,624,700
loop_2056_circuit_no_condition_2_1_6,21,15,624,700
loop_2056_circuit_no_condition_2_1_6,21,0,624,801
loop_2056_circuit_no_condition_2_1_6,21,1,624,801
loop_2056_circuit_no_condition_2_1_6,21,2,624,801
loop_2056_circuit_no_condition_2_1_6,21,3,624,801
loop_2056_circuit_no_condition_2_1_6,21,4,5428,801
loop_2056_circuit_no_condition_2_1_6,21,5,624,801
loop_2056_circuit_no_condition_2_1_6,21,6,624,801
loop_2056_circuit_no_condition_2_1_6,21,7,624,801
loop_2056_circuit_no_condition_2_1_6,21,8,624,801
loop_2056_circuit_no_condition_2_1_6,21,9,624,801
loop_2056_circuit_no_condition_2_1_6,21,10,624,801
loop_2056_circuit_no_condition_2_1_6,21,11,624,801
loop_2056_circuit_no_condition_2_1_6,21,12,624,801
loop_2056_circuit_no_condition_2_1_6,21,13,624,801
loop_2056_circuit_no_condition_2_1_6,21,14,3364,801
loop_2056_circuit_no_condition_2_1_6,21,15,624,801
loop_2056_circuit_no_condition_2_1_6,21,0,624,900
loop_2056_circuit_no_condition_2_1_6,21,1,624,900
loop_2056_circuit_no_condition_2_1_6,21,2,624,900
loop_2056_circuit_no_condition_2_1_6,21,3,624,900
loop_2056_circuit_no_condition_2_1_6,21,4,5429,900
loop_2056_circuit_no_condition_2_1_6,21,5,624,900
loop_2056_circuit_no_condition_2_1_6,21,6,624,900
loop_2056_circuit_no_condition_2_1_6,21,7,624,900
loop_2056_circuit_no_condition_2_1_6,21,8,624,900
loop_2056_circuit_no_condition_2_1_6,21,9,624,900
loop_2056_circuit_no_condition_2_1_6,21,10,624,900
loop_2056_circuit_no_condition_2_1_6,21,11,624,900
loop_2056_circuit_no_condition_2_1_6,21,12,624,900
loop_2056_circuit_no_condition_2_1_6,21,13,624,900
loop_2056_circuit_no_condition_2_1_6,21,14,624,900
loop_2056_circuit_no_condition_2_1_6,21,15,624,900
loop_2056_circuit_no_condition_2_1_6,21,0,624,1000
loop_2056_circuit_no_condition_2_1_6,21,1,624,1000
loop_2056_circuit_no_condition_2_1_6,21,2,624,1000
loop_2056_circuit_no_condition_2_1_6,21,3,624,1000
loop_2056_circuit_no_condition_2_1_6,21,4,5431,1000
loop_2056_circuit_no_condition_2_1_6,21,5,624,1000
loop_2056_circuit_no_condition_2_1_6,21,6,624,1000
loop_2056_circuit_no_condition_2_1_6,21,7,624,1000
loop_2056_circuit_no_condition_2_1_6,21,8,624,1000
loop_2056_circuit_no_condition_2_1_6,21,9,624,1000
loop_2056_circuit_no_condition_2_1_6,21,10,624,1000
loop_2056_circuit_no_condition_2_1_6,21,11,5306,1000
loop_2056_circuit_no_condition_2_1_6,21,12,624,1000
loop_2056_circuit_no_condition_2_1_6,21,13,624,1000
loop_2056_circuit_no_condition_2_1_6,21,14,624,1000
loop_2056_circuit_no_condition_2_1_6,21,15,624,1000
loop_2056_circuit_no_condition_2_1_6,21,0,624,1100
loop_2056_circuit_no_condition_2_1_6,21,1,624,1100
loop_2056_circuit_no_condition_2_1_6,21,2,624,1100
loop_2056_circuit_no_condition_2_1_6,21,3,624,1100
loop_2056_circuit_no_condition_2_1_6,21,4,5431,1100
loop_2056_circuit_no_condition_2_1_6,21,5,624,1100
loop_2056_circuit_no_condition_2_1_6,21,6,624,1100
loop_2056_circuit_no_condition_2_1_6,21,7,624,1100
loop_2056_circuit_no_condition_2_1_6,21,8,624,1100
loop_2056_circuit_no_condition_2_1_6,21,9,624,1100
loop_2056_circuit_no_condition_2_1_6,21,10,624,1100
loop_2056_circuit_no_condition_2_1_6,21,11,624,1100
loop_2056_circuit_no_condition_2_1_6,21,12,624,1100
loop_2056_circuit_no_condition_2_1_6,21,13,624,1100
loop_2056_circuit_no_condition_2_1_6,21,14,624,1100
loop_2056_circuit_no_condition_2_1_6,21,15,624,1100
loop_2056_circuit_no_condition_2_1_6,21,0,624,1201
loop_2056_circuit_no_condition_2_1_6,21,1,624,1201
loop_2056_circuit_no_condition_2_1_6,21,2,624,1201
loop_2056_circuit_no_condition_2_1_6,21,3,624,1201
loop_2056_circuit_no_condition_2_1_6,21,4,5429,1201
loop_2056_circuit_no_condition_2_1_6,21,5,4317,1201
loop_2056_circuit_no_condition_2_1_6,21,6,624,1201
loop_2056_circuit_no_condition_2_1_6,21,7,624,1201
loop_2056_circuit_no_condition_2_1_6,21,8,624,1201
loop_2056_circuit_no_condition_2_1_6,21,9,624,1201
loop_2056_circuit_no_condition_2_1_6,21,10,624,1201
loop_2056_circuit_no_condition_2_1_6,21,11,624,1201
loop_2056_circuit_no_condition_2_1_6,21,12,624,1201
loop_2056_circuit_no_condition_2_1_6,21,13,624,1201
loop_2056_circuit_no_condition_2_1_6,21,14,624,1201
loop_2056_circuit_no_condition_2_1_6,21,15,624,1201
loop_2056_circuit_no_condition_2_1_6,21,0,624,1301
loop_2056_circuit_no_condition_2_1_6,21,1,624,1301
loop_2056_circuit_no_condition_2_1_6,21,2,624,1301
loop_2056_circuit_no_condition_2_1_6,21,3,624,1301
loop_2056_circuit_no_condition_2_1_6,21,4,5426,1301
loop_2056_circuit_no_condition_2_1_6,21,5,624,1301
loop_2056_circuit_no_condition_2_1_6,21,6,624,1301
loop_2056_circuit_no_condition_2_1_6,21,7,624,1301
loop_2056_circuit_no_condition_2_1_6,21,8,624,1301
loop_2056_circuit_no_condition_2_1_6,21,9,624,1301
loop_2056_circuit_no_condition_2_1_6,21,10,624,1301
loop_2056_circuit_no_condition_2_1_6,21,11,624,1301
loop_2056_circuit_no_condition_2_1_6,21,12,624,1301
loop_2056_circuit_no_condition_2_1_6,21,13,624,1301
loop_2056_circuit_no_condition_2_1_6,21,14,624,1301
loop_2056_circuit_no_condition_2_1_6,21,15,624,1301
loop_2056_circuit_no_condition_2_1_6,21,0,624,1400
loop_2056_circuit_no_condition_2_1_6,21,1,624,1400
loop_2056_circuit_no_condition_2_1_6,21,2,624,1400
loop_2056_circuit_no_condition_2_1_6,21,3,624,1400
loop_2056_circuit_no_condition_2_1_6,21,4,5428,1400
loop_2056_circuit_no_condition_2_1_6,21,5,624,1400
loop_2056_circuit_no_condition_2_1_6,21,6,624,1400
loop_2056_circuit_no_condition_2_1_6,21,7,624,1400
loop_2056_circuit_no_condition_2_1_6,21,8,624,1400
loop_2056_circuit_no_condition_2_1_6,21,9,624,1400
loop_2056_circuit_no_condition_2_1_6,21,10,624,1400
loop_2056_circuit_no_condition_2_1_6,21,11,624,1400
loop_2056_circuit_no_condition_2_1_6,21,12,624,1400
loop_2056_circuit_no_condition_2_1_6,21,13,624,1400
loop_2056_circuit_no_condition_2_1_6,21,14,624,1400
loop_2056_circuit_no_condition_2_1_6,21,15,624,1400
loop_2056_circuit_no_condition_2_1_6,21,0,624,1500
loop_2056_circuit_no_condition_2_1_6,21,1,624,1500
loop_2056_circuit_no_condition_2_1_6,21,2,624,1500
loop_2056_circuit_no_condition_2_1_6,21,3,624,1500
loop_2056_circuit_no_condition_2_1_6,21,4,5429,1500
loop_2056_circuit_no_condition_2_1_6,21,5,624,1500
loop_2056_circuit_no_condition_2_1_6,21,6,624,1500
loop_2056_circuit_no_condition_2_1_6,21,7,624,1500
loop_2056_circuit_no_condition_2_1_6,21,8,624,1500
loop_2056_circuit_no_condition_2_1_6,21,9,624,1500
loop_2056_circuit_no_condition_2_1_6,21,10,624,1500
loop_2056_circuit_no_condition_2_1_6,21,11,624,1500
loop_2056_circuit_no_condition_2_1_6,21,12,624,1500
loop_2056_circuit_no_condition_2_1_6,21,13,624,1500
loop_2056_circuit_no_condition_2_1_6,21,14,624,1500
loop_2056_circuit_no_condition_2_1_6,21,15,624,1500
loop_2056_circuit_no_condition_2_1_6,21,0,624,1600
loop_2056_circuit_no_condition_2_1_6,21,1,624,1600
loop_2056_circuit_no_condition_2_1_6,21,2,624,1600
loop_2056_circuit_no_condition_2_1_6,21,3,624,1600
loop_2056_circuit_no_condition_2_1_6,21,4,5428,1600
loop_2056_circuit_no_condition_2_1_6,21,5,4337,1600
loop_2056_circuit_no_condition_2_1_6,21,6,624,1600
loop_2056_circuit_no_condition_2_1_6,21,7,624,1600
loop_2056_circuit_no_condition_2_1_6,21,8,624,1600
loop_2056_circuit_no_condition_2_1_6,21,9,624,1600
loop_2056_circuit_no_condition_2_1_6,21,10,624,1600
loop_2056_circuit_no_condition_2_1_6,21,11,624,1600
loop_2056_circuit_no_condition_2_1_6,21,12,624,1600
loop_2056_circuit_no_condition_2_1_6,21,13,624,1600
loop_2056_circuit_no_condition_2_1_6,21,14,624,1600
loop_2056_circuit_no_condition_2_1_6,21,15,624,1600
loop_2056_circuit_no_condition_2_1_6,21,0,624,1701
loop_2056_circuit_no_condition_2_1_6,21,1,624,1701
loop_2056_circuit_no_condition_2_1_6,21,2,624,1701
loop_2056_circuit_no_condition_2_1_6,21,3,624,1701
loop_2056_circuit_no_condition_2_1_6,21,4,5430,1701
loop_2056_circuit_no_condition_2_1_6,21,5,624,1701
loop_2056_circuit_no_condition_2_1_6,21,6,624,1701
loop_2056_circuit_no_condition_2_1_6,21,7,624,1701
loop_2056_circuit_no_condition_2_1_6,21,8,624,1701
loop_2056_circuit_no_condition_2_1_6,21,9,624,1701
loop_2056_circuit_no_condition_2_1_6,21,10,624,1701
loop_2056_circuit_no_condition_2_1_6,21,11,624,1701
loop_2056_circuit_no_condition_2_1_6,21,12,624,1701
loop_2056_circuit_no_condition_2_1_6,21,13,624,1701
loop_2056_circuit_no_condition_2_1_6,21,14,624,1701
loop_2056_circuit_no_condition_2_1_6,21,15,624,1701
loop_2056_circuit_no_condition_2_1_6,21,0,624,1801
loop_2056_circuit_no_condition_2_1_6,21,1,624,1801
loop_2056_circuit_no_condition_2_1_6,21,2,624,1801
loop_2056_circuit_no_condition_2_1_6,21,3,624,1801
loop_2056_circuit_no_condition_2_1_6,21,4,5430,1801
loop_2056_circuit_no_condition_2_1_6,21,5,624,1801
loop_2056_circuit_no_condition_2_1_6,21,6,624,1801
loop_2056_circuit_no_condition_2_1_6,21,7,624,1801
loop_2056_circuit_no_condition_2_1_6,21,8,624,1801
loop_2056_circuit_no_condition_2_1_6,21,9,624,1801
loop_2056_circuit_no_condition_2_1_6,21,10,624,1801
loop_2056_circuit_no_condition_2_1_6,21,11,624,1801
loop_2056_circuit_no_condition_2_1_6,21,12,624,1801
loop_2056_circuit_no_condition_2_1_6,21,13,624,1801
loop_2056_circuit_no_condition_2_1_6,21,14,624,1801
loop_2056_circuit_no_condition_2_1_6,21,15,624,1801
loop_2056_circuit_no_condition_2_1_6,21,0,5434,1900
loop_2056_circuit_no_condition_2_1_6,21,1,5429,1900
loop_2056_circuit_no_condition_2_1_6,21,2,624,1900
loop_2056_circuit_no_condition_2_1_6,21,3,5409,1900
loop_2056_circuit_no_condition_2_1_6,21,4,5427,1900
loop_2056_circuit_no_condition_2_1_6,21,5,5429,1900
loop_2056_circuit_no_condition_2_1_6,21,6,5428,1900
loop_2056_circuit_no_condition_2_1_6,21,7,5414,1900
loop_2056_circuit_no_condition_2_1_6,21,8,5405,1900
loop_2056_circuit_no_condition_2_1_6,21,9,5417,1900
loop_2056_circuit_no_condition_2_1_6,21,10,5370,1900
loop_2056_circuit_no_condition_2_1_6,21,11,5379,1900
loop_2056_circuit_no_condition_2_1_6,21,12,624,1900
loop_2056_circuit_no_condition_2_1_6,21,13,5431,1900
loop_2056_circuit_no_condition_2_1_6,21,14,5423,1900
loop_2056_circuit_no_condition_2_1_6,21,15,5429,1900
loop_2056_circuit_no_condition_2_1_6,22,0,5419,1
loop_2056_circuit_no_condition_2_1_6,22,1,5424,1
loop_2056_circuit_no_condition_2_1_6,22,2,624,1
loop_2056_circuit_no_condition_2_1_6,22,3,624,1
loop_2056_circuit_no_condition_2_1_6,22,4,5432,1
loop_2056_circuit_no_condition_2_1_6,22,5,5432,1
loop_2056_circuit_no_condition_2_1_6,22,6,5428,1
loop_2056_circuit_no_condition_2_1_6,22,7,5424,1
loop_2056_circuit_no_condition_2_1_6,22,8,5421,1
loop_2056_circuit_no_condition_2_1_6,22,9,5426,1
loop_2056_circuit_no_condition_2_1_6,22,10,5418,1
loop_2056_circuit_no_condition_2_1_6,22,11,5413,1
loop_2056_circuit_no_condition_2_1_6,22,12,624,1
loop_2056_circuit_no_condition_2_1_6,22,13,624,1
loop_2056_circuit_no_condition_2_1_6,22,14,5277,1
loop_2056_circuit_no_condition_2_1_6,22,15,5426,1
loop_2056_circuit_no_condition_2_1_6,22,0,5388,101
loop_2056_circuit_no_condition_2_1_6,22,1,5419,101
loop_2056_circuit_no_condition_2_1_6,22,2,5417,101
loop_2056_circuit_no_condition_2_1_6,22,3,5386,101
loop_2056_circuit_no_condition_2_1_6,22,4,5424,101
loop_2056_circuit_no_condition_2_1_6,22,5,5432,101
loop_2056_circuit_no_condition_2_1_6,22,6,5426,101
loop_2056_circuit_no_condition_2_1_6,22,7,5381,101
loop_2056_circuit_no_condition_2_1_6,22,8,5398,101
loop_2056_circuit_no_condition_2_1_6,22,9,5402,101
loop_2056_circuit_no_condition_2_1_6,22,10,5423,101
loop_2056_circuit_no_condition_2_1_6,22,11,5394,101
loop_2056_circuit_no_condition_2_1_6,22,12,5402,101
loop_2056_circuit_no_condition_2_1_6,22,13,5392,101
loop_2056_circuit_no_condition_2_1_6,22,14,5399,101
loop_2056_circuit_no_condition_2_1_6,22,15,5431,101
loop_2056_circuit_no_condition_2_1_6,22,0,5423,201
loop_2056_circuit_no_condition_2_1_6,22,1,5424,201
loop_2056_circuit_no_condition_2_1_6,22,2,5366,201
loop_2056_circuit_no_condition_2_1_6,22,3,5366,201
loop_2056_circuit_no_condition_2_1_6,22,4,5424,201
loop_2056_circuit_no_condition_2_1_6,22,5,5426,201
loop_2056_circuit_no_condition_2_1_6,22,6,5412,201
loop_2056_circuit_no_condition_2_1_6,22,7,5429,201
loop_2056_circuit_no_condition_2_1_6,22,8,5416,201
loop_2056_circuit_no_condition_2_1_6,22,9,5418,201
loop_2056_circuit_no_condition_2_1_6,22,10,5378,201
loop_2056_circuit_no_condition_2_1_6,22,11,5414,201
loop_2056_circuit_no_condition_2_1_6,22,12,5434,201
loop_2056_circuit_no_condition_2_1_6,22,13,5425,201
loop_2056_circuit_no_condition_2_1_6,22,14,5441,201
loop_2056_circuit_no_condition_2_1_6,22,15,5425,201
loop_2056_circuit_no_condition_2_1_6,22,0,624,301
loop_2056_circuit_no_condition_2_1_6,22,1,624,301
loop_2056_circuit_no_condition_2_1_6,22,2,624,301
loop_2056_circuit_no_condition_2_1_6,22,3,624,301
loop_2056_circuit_no_condition_2_1_6,22,4,624,301
loop_2056_circuit_no_condition_2_1_6,22,5,5430,301
loop_2056_circuit_no_condition_2_1_6,22,6,5429,301
loop_2056_circuit_no_condition_2_1_6,22,7,624,301
loop_2056_circuit_no_condition_2_1_6,22,8,624,301
loop_2056_circuit_no_condition_2_1_6,22,9,624,301
loop_2056_circuit_no_condition_2_1_6,22,10,624,301
loop_2056_circuit_no_condition_2_1_6,22,11,624,301
loop_2056_circuit_no_condition_2_1_6,22,12,624,301
loop_2056_circuit_no_condition_2_1_6,22,13,624,301
loop_2056_circuit_no_condition_2_1_6,22,14,624,301
loop_2056_circuit_no_condition_2_1_6,22,15,624,301
loop_2056_circuit_no_condition_2_1_6,22,0,624,402
loop_2056_circuit_no_condition_2_1_6,22,1,624,402
loop_2056_circuit_no_condition_2_1_6,22,2,624,402
loop_2056_circuit_no_condition_2_1_6,22,3,624,402
loop_2056_circuit_no_condition_2_1_6,22,4,624,402
loop_2056_circuit_no_condition_2_1_6,22,5,5426,402
loop_2056_circuit_no_condition_2_1_6,22,6,624,402
loop_2056_circuit_no_condition_2_1_6,22,7,624,402
loop_2056_circuit_no_condition_2_1_6,22,8,624,402
loop_2056_circuit_no_condition_2_1_6,22,9,624,402
loop_2056_circuit_no_condition_2_1_6,22,10,624,402
loop_2056_circuit_no_condition_2_1_6,22,11,624,402
loop_2056_circuit_no_condition_2_1_6,22,12,624,402
loop_2056_circuit_no_condition_2_1_6,22,13,624,402
loop_2056_circuit_no_condition_2_1_6,22,14,624,402
loop_2056_circuit_no_condition_2_1_6,22,15,624,402
loop_2056_circuit_no_condition_2_1_6,22,0,624,501
loop_2056_circuit_no_condition_2_1_6,22,1,624,501
loop_2056_circuit_no_condition_2_1_6,22,2,624,501
loop_2056_circuit_no_condition_2_1_6,22,3,624,501
loop_2056_circuit_no_condition_2_1_6,22,4,5433,501
loop_2056_circuit_no_condition_2_1_6,22,5,5246,501
loop_2056_circuit_no_condition_2_1_6,22,6,624,501
loop_2056_circuit_no_condition_2_1_6,22,7,624,501
loop_2056_circuit_no_condition_2_1_6,22,8,624,501
loop_2056_circuit_no_condition_2_1_6,22,9,624,501
loop_2056_circuit_no_condition_2_1_6,22,10,624,501
loop_2056_circuit_no_condition_2_1_6,22,11,624,501
loop_2056_circuit_no_condition_2_1_6,22,12,624,501
loop_2056_circuit_no_condition_2_1_6,22,13,624,501
loop_2056_circuit_no_condition_2_1_6,22,14,624,501
loop_2056_circuit_no_condition_2_1_6,22,15,624,501
loop_2056_circuit_no_condition_2_1_6,22,0,624,601
loop_2056_circuit_no_condition_2_1_6,22,1,624,601
loop_2056_circuit_no_condition_2_1_6,22,2,624,601
loop_2056_circuit_no_condition_2_1_6,22,3,624,601
loop_2056_circuit_no_condition_2_1_6,22,4,5424,601
loop_2056_circuit_no_condition_2_1_6,22,5,624,601
loop_2056_circuit_no_condition_2_1_6,22,6,624,601
loop_2056_circuit_no_condition_2_1_6,22,7,624,601
loop_2056_circuit_no_condition_2_1_6,22,8,624,601
loop_2056_circuit_no_condition_2_1_6,22,9,624,601
loop_2056_circuit_no_condition_2_1_6,22,10,624,601
loop_2056_circuit_no_condition_2_1_6,22,11,624,601
loop_2056_circuit_no_condition_2_1_6,22,12,624,601
loop_2056_circuit_no_condition_2_1_6,22,13,624,601
loop_2056_circuit_no_condition_2_1_6,22,14,624,601
loop_2056_circuit_no_condition_2_1_6,22,15,624,601
loop_2056_circuit_no_condition_2_1_6,22,0,624,701
loop_2056_circuit_no_condition_2_1_6,22,1,624,701
loop_2056_circuit_no_condition_2_1_6,22,2,624,701
loop_2056_circuit_no_condition_2_1_6,22,3,624,701
loop_2056_circuit_no_condition_2_1_6,22,4,5431,701
loop_2056_circuit_no_condition_2_1_6,22,5,624,701
loop_2056_circuit_no_condition_2_1_6,22,6,624,701
loop_2056_circuit_no_condition_2_1_6,22,7,624,701
loop_2056_circuit_no_condition_2_1_6,22,8,624,701
loop_2056_circuit_no_condition_2_1_6,22,9,624,701
loop_2056_circuit_no_condition_2_1_6,22,10,624,701
loop_2056_circuit_no_condition_2_1_6,22,11,624,701
loop_2056_circuit_no_condition_2_1_6,22,12,624,701
loop_2056_circuit_no_condition_2_1_6,22,13,624,701
loop_2056_circuit_no_condition_2_1_6,22,14,624,701
loop_2056_circuit_no_condition_2_1_6,22,15,624,701
loop_2056_circuit_no_condition_2_1_6,22,0,624,801
loop_2056_circuit_no_condition_2_1_6,22,1,624,801
loop_2056_circuit_no_condition_2_1_6,22,2,624,801
loop_2056_circuit_no_condition_2_1_6,22,3,624,801
loop_2056_circuit_no_condition_2_1_6,22,4,5430,801
loop_2056_circuit_no_condition_2_1_6,22,5,624,801
loop_2056_circuit_no_condition_2_1_6,22,6,624,801
loop_2056_circuit_no_condition_2_1_6,22,7,624,801
loop_2056_circuit_no_condition_2_1_6,22,8,624,801
loop_2056_circuit_no_condition_2_1_6,22,9,624,801
loop_2056_circuit_no_condition_2_1_6,22,10,624,801
loop_2056_circuit_no_condition_2_1_6,22,11,624,801
loop_2056_circuit_no_condition_2_1_6,22,12,624,801
loop_2056_circuit_no_condition_2_1_6,22,13,624,801
loop_2056_circuit_no_condition_2_1_6,22,14,624,801
loop_2056_circuit_no_condition_2_1_6,22,15,624,801
loop_2056_circuit_no_condition_2_1_6,22,0,624,901
loop_2056_circuit_no_condition_2_1_6,22,1,624,901
loop_2056_circuit_no_condition_2_1_6,22,2,624,901
loop_2056_circuit_no_condition_2_1_6,22,3,624,901
loop_2056_circuit_no_condition_2_1_6,22,4,5430,901
loop_2056_circuit_no_condition_2_1_6,22,5,624,901
loop_2056_circuit_no_condition_2_1_6,22,6,624,901
loop_2056_circuit_no_condition_2_1_6,22,7,624,901
loop_2056_circuit_no_condition_2_1_6,22,8,624,901
loop_2056_circuit_no_condition_2_1_6,22,9,624,901
loop_2056_circuit_no_condition_2_1_6,22,10,624,901
loop_2056_circuit_no_condition_2_1_6,22,11,624,901
loop_2056_circuit_no_condition_2_1_6,22,12,624,901
loop_2056_circuit_no_condition_2_1_6,22,13,624,901
loop_2056_circuit_no_condition_2_1_6,22,14,624,901
loop_2056_circuit_no_condition_2_1_6,22,15,624,901
loop_2056_circuit_no_condition_2_1_6,22,0,624,1001
loop_2056_circuit_no_condition_2_1_6,22,1,624,1001
loop_2056_circuit_no_condition_2_1_6,22,2,624,1001
loop_2056_circuit_no_condition_2_1_6,22,3,624,1001
loop_2056_circuit_no_condition_2_1_6,22,4,5429,1001
loop_2056_circuit_no_condition_2_1_6,22,5,624,1001
loop_2056_circuit_no_condition_2_1_6,22,6,624,1001
loop_2056_circuit_no_condition_2_1_6,22,7,624,1001
loop_2056_circuit_no_condition_2_1_6,22,8,624,1001
loop_2056_circuit_no_condition_2_1_6,22,9,624,1001
loop_2056_circuit_no_condition_2_1_6,22,10,624,1001
loop_2056_circuit_no_condition_2_1_6,22,11,624,1001
loop_2056_circuit_no_condition_2_1_6,22,12,624,1001
loop_2056_circuit_no_condition_2_1_6,22,13,624,1001
loop_2056_circuit_no_condition_2_1_6,22,14,624,1001
loop_2056_circuit_no_condition_2_1_6,22,15,4503,1001
loop_2056_circuit_no_condition_2_1_6,22,0,624,1101
loop_2056_circuit_no_condition_2_1_6,22,1,624,1101
loop_2056_circuit_no_condition_2_1_6,22,2,624,1101
loop_2056_circuit_no_condition_2_1_6,22,3,624,1101
loop_2056_circuit_no_condition_2_1_6,22,4,5429,1101
loop_2056_circuit_no_condition_2_1_6,22,5,624,1101
loop_2056_circuit_no_condition_2_1_6,22,6,624,1101
loop_2056_circuit_no_condition_2_1_6,22,7,624,1101
loop_2056_circuit_no_condition_2_1_6,22,8,624,1101
loop_2056_circuit_no_condition_2_1_6,22,9,624,1101
loop_2056_circuit_no_condition_2_1_6,22,10,624,1101
loop_2056_circuit_no_condition_2_1_6,22,11,624,1101
loop_2056_circuit_no_condition_2_1_6,22,12,624,1101
loop_2056_circuit_no_condition_2_1_6,22,13,624,1101
loop_2056_circuit_no_condition_2_1_6,22,14,624,1101
loop_2056_circuit_no_condition_2_1_6,22,15,624,1101
loop_2056_circuit_no_condition_2_1_6,22,0,624,1201
loop_2056_circuit_no_condition_2_1_6,22,1,624,1201
loop_2056_circuit_no_condition_2_1_6,22,2,624,1201
loop_2056_circuit_no_condition_2_1_6,22,3,624,1201
loop_2056_circuit_no_condition_2_1_6,22,4,5429,1201
loop_2056_circuit_no_condition_2_1_6,22,5,624,1201
loop_2056_circuit_no_condition_2_1_6,22,6,624,1201
loop_2056_circuit_no_condition_2_1_6,22,7,624,1201
loop_2056_circuit_no_condition_2_1_6,22,8,624,1201
loop_2056_circuit_no_condition_2_1_6,22,9,624,1201
loop_2056_circuit_no_condition_2_1_6,22,10,624,1201
loop_2056_circuit_no_condition_2_1_6,22,11,624,1201
loop_2056_circuit_no_condition_2_1_6,22,12,624,1201
loop_2056_circuit_no_condition_2_1_6,22,13,624,1201
loop_2056_circuit_no_condition_2_1_6,22,14,624,1201
loop_2056_circuit_no_condition_2_1_6,22,15,624,1201
loop_2056_circuit_no_condition_2_1_6,22,0,624,1301
loop_2056_circuit_no_condition_2_1_6,22,1,624,1301
loop_2056_circuit_no_condition_2_1_6,22,2,624,1301
loop_2056_circuit_no_condition_2_1_6,22,3,624,1301
loop_2056_circuit_no_condition_2_1_6,22,4,5427,1301
loop_2056_circuit_no_condition_2_1_6,22,5,624,1301
loop_2056_circuit_no_condition_2_1_6,22,6,624,1301
loop_2056_circuit_no_condition_2_1_6,22,7,624,1301
loop_2056_circuit_no_condition_2_1_6,22,8,624,1301
loop_2056_circuit_no_condition_2_1_6,22,9,624,1301
loop_2056_circuit_no_condition_2_1_6,22,10,624,1301
loop_2056_circuit_no_condition_2_1_6,22,11,624,1301
loop_2056_circuit_no_condition_2_1_6,22,12,624,1301
loop_2056_circuit_no_condition_2_1_6,22,13,624,1301
loop_2056_circuit_no_condition_2_1_6,22,14,624,1301
loop_2056_circuit_no_condition_2_1_6,22,15,624,1301
loop_2056_circuit_no_condition_2_1_6,22,0,624,1401
loop_2056_circuit_no_condition_2_1_6,22,1,624,1401
loop_2056_circuit_no_condition_2_1_6,22,2,624,1401
loop_2056_circuit_no_condition_2_1_6,22,3,624,1401
loop_2056_circuit_no_condition_2_1_6,22,4,624,1401
loop_2056_circuit_no_condition_2_1_6,22,5,624,1401
loop_2056_circuit_no_condition_2_1_6,22,6,624,1401
loop_2056_circuit_no_condition_2_1_6,22,7,624,1401
loop_2056_circuit_no_condition_2_1_6,22,8,624,1401
loop_2056_circuit_no_condition_2_1_6,22,9,624,1401
loop_2056_circuit_no_condition_2_1_6,22,10,624,1401
loop_2056_circuit_no_condition_2_1_6,22,11,624,1401
loop_2056_circuit_no_condition_2_1_6,22,12,5425,1401
loop_2056_circuit_no_condition_2_1_6,22,13,624,1401
loop_2056_circuit_no_condition_2_1_6,22,14,624,1401
loop_2056_circuit_no_condition_2_1_6,22,15,624,1401
loop_2056_circuit_no_condition_2_1_6,22,0,624,1501
loop_2056_circuit_no_condition_2_1_6,22,1,624,1501
loop_2056_circuit_no_condition_2_1_6,22,2,624,1501
loop_2056_circuit_no_condition_2_1_6,22,3,624,1501
loop_2056_circuit_no_condition_2_1_6,22,4,624,1501
loop_2056_circuit_no_condition_2_1_6,22,5,624,1501
loop_2056_circuit_no_condition_2_1_6,22,6,624,1501
loop_2056_circuit_no_condition_2_1_6,22,7,624,1501
loop_2056_circuit_no_condition_2_1_6,22,8,624,1501
loop_2056_circuit_no_condition_2_1_6,22,9,624,1501
loop_2056_circuit_no_condition_2_1_6,22,10,624,1501
loop_2056_circuit_no_condition_2_1_6,22,11,624,1501
loop_2056_circuit_no_condition_2_1_6,22,12,5425,1501
loop_2056_circuit_no_condition_2_1_6,22,13,624,1501
loop_2056_circuit_no_condition_2_1_6,22,14,624,1501
loop_2056_circuit_no_condition_2_1_6,22,15,624,1501
loop_2056_circuit_no_condition_2_1_6,22,0,624,1602
loop_2056_circuit_no_condition_2_1_6,22,1,624,1602
loop_2056_circuit_no_condition_2_1_6,22,2,624,1602
loop_2056_circuit_no_condition_2_1_6,22,3,624,1602
loop_2056_circuit_no_condition_2_1_6,22,4,624,1602
loop_2056_circuit_no_condition_2_1_6,22,5,624,1602
loop_2056_circuit_no_condition_2_1_6,22,6,624,1602
loop_2056_circuit_no_condition_2_1_6,22,7,624,1602
loop_2056_circuit_no_condition_2_1_6,22,8,624,1602
loop_2056_circuit_no_condition_2_1_6,22,9,624,1602
loop_2056_circuit_no_condition_2_1_6,22,10,624,1602
loop_2056_circuit_no_condition_2_1_6,22,11,624,1602
loop_2056_circuit_no_condition_2_1_6,22,12,5429,1602
loop_2056_circuit_no_condition_2_1_6,22,13,624,1602
loop_2056_circuit_no_condition_2_1_6,22,14,624,1602
loop_2056_circuit_no_condition_2_1_6,22,15,624,1602
loop_2056_circuit_no_condition_2_1_6,22,0,624,1701
loop_2056_circuit_no_condition_2_1_6,22,1,624,1701
loop_2056_circuit_no_condition_2_1_6,22,2,624,1701
loop_2056_circuit_no_condition_2_1_6,22,3,624,1701
loop_2056_circuit_no_condition_2_1_6,22,4,624,1701
loop_2056_circuit_no_condition_2_1_6,22,5,624,1701
loop_2056_circuit_no_condition_2_1_6,22,6,624,1701
loop_2056_circuit_no_condition_2_1_6,22,7,624,1701
loop_2056_circuit_no_condition_2_1_6,22,8,624,1701
loop_2056_circuit_no_condition_2_1_6,22,9,624,1701
loop_2056_circuit_no_condition_2_1_6,22,10,624,1701
loop_2056_circuit_no_condition_2_1_6,22,11,624,1701
loop_2056_circuit_no_condition_2_1_6,22,12,5428,1701
loop_2056_circuit_no_condition_2_1_6,22,13,624,1701
loop_2056_circuit_no_condition_2_1_6,22,14,624,1701
loop_2056_circuit_no_condition_2_1_6,22,15,624,1701
loop_2056_circuit_no_condition_2_1_6,22,0,624,1801
loop_2056_circuit_no_condition_2_1_6,22,1,624,1801
loop_2056_circuit_no_condition_2_1_6,22,2,624,1801
loop_2056_circuit_no_condition_2_1_6,22,3,624,1801
loop_2056_circuit_no_condition_2_1_6,22,4,624,1801
loop_2056_circuit_no_condition_2_1_6,22,5,624,1801
loop_2056_circuit_no_condition_2_1_6,22,6,624,1801
loop_2056_circuit_no_condition_2_1_6,22,7,624,1801
loop_2056_circuit_no_condition_2_1_6,22,8,624,1801
loop_2056_circuit_no_condition_2_1_6,22,9,624,1801
loop_2056_circuit_no_condition_2_1_6,22,10,624,1801
loop_2056_circuit_no_condition_2_1_6,22,11,624,1801
loop_2056_circuit_no_condition_2_1_6,22,12,5424,1801
loop_2056_circuit_no_condition_2_1_6,22,13,624,1801
loop_2056_circuit_no_condition_2_1_6,22,14,624,1801
loop_2056_circuit_no_condition_2_1_6,22,15,624,1801
loop_2056_circuit_no_condition_2_1_6,22,0,624,1901
loop_2056_circuit_no_condition_2_1_6,22,1,624,1901
loop_2056_circuit_no_condition_2_1_6,22,2,624,1901
loop_2056_circuit_no_condition_2_1_6,22,3,5427,1901
loop_2056_circuit_no_condition_2_1_6,22,4,624,1901
loop_2056_circuit_no_condition_2_1_6,22,5,5354,1901
loop_2056_circuit_no_condition_2_1_6,22,6,5427,1901
loop_2056_circuit_no_condition_2_1_6,22,7,624,1901
loop_2056_circuit_no_condition_2_1_6,22,8,5416,1901
loop_2056_circuit_no_condition_2_1_6,22,9,5423,1901
loop_2056_circuit_no_condition_2_1_6,22,10,5411,1901
loop_2056_circuit_no_condition_2_1_6,22,11,5409,1901
loop_2056_circuit_no_condition_2_1_6,22,12,5408,1901
loop_2056_circuit_no_condition_2_1_6,22,13,5389,1901
loop_2056_circuit_no_condition_2_1_6,22,14,5374,1901
loop_2056_circuit_no_condition_2_1_6,22,15,5416,1901
loop_2056_circuit_no_condition_2_1_6,23,0,5412,1
loop_2056_circuit_no_condition_2_1_6,23,1,624,1
loop_2056_circuit_no_condition_2_1_6,23,2,624,1
loop_2056_circuit_no_condition_2_1_6,23,3,5420,1
loop_2056_circuit_no_condition_2_1_6,23,4,5433,1
loop_2056_circuit_no_condition_2_1_6,23,5,5433,1
loop_2056_circuit_no_condition_2_1_6,23,6,5427,1
loop_2056_circuit_no_condition_2_1_6,23,7,5428,1
loop_2056_circuit_no_condition_2_1_6,23,8,5425,1
loop_2056_circuit_no_condition_2_1_6,23,9,5421,1
loop_2056_circuit_no_condition_2_1_6,23,10,624,1
loop_2056_circuit_no_condition_2_1_6,23,11,5434,1
loop_2056_circuit_no_condition_2_1_6,23,12,624,1
loop_2056_circuit_no_condition_2_1_6,23,13,5432,1
loop_2056_circuit_no_condition_2_1_6,23,14,5434,1
loop_2056_circuit_no_condition_2_1_6,23,15,624,1
loop_2056_circuit_no_condition_2_1_6,23,0,5397,101
loop_2056_circuit_no_condition_2_1_6,23,1,5406,101
loop_2056_circuit_no_condition_2_1_6,23,2,5355,101
loop_2056_circuit_no_condition_2_1_6,23,3,5379,101
loop_2056_circuit_no_condition_2_1_6,23,4,5426,101
loop_2056_circuit_no_condition_2_1_6,23,5,5419,101
loop_2056_circuit_no_condition_2_1_6,23,6,5411,101
loop_2056_circuit_no_condition_2_1_6,23,7,5422,101
loop_2056_circuit_no_condition_2_1_6,23,8,5371,101
loop_2056_circuit_no_condition_2_1_6,23,9,5415,101
loop_2056_circuit_no_condition_2_1_6,23,10,5407,101
loop_2056_circuit_no_condition_2_1_6,23,11,5395,101
loop_2056_circuit_no_condition_2_1_6,23,12,5407,101
loop_2056_circuit_no_condition_2_1_6,23,13,5395,101
loop_2056_circuit_no_condition_2_1_6,23,14,5340,101
loop_2056_circuit_no_condition_2_1_6,23,15,5338,101
loop_2056_circuit_no_condition_2_1_6,23,0,624,200
loop_2056_circuit_no_condition_2_1_6,23,1,5206,200
loop_2056_circuit_no_condition_2_1_6,23,2,5427,200
loop_2056_circuit_no_condition_2_1_6,23,3,5393,200
loop_2056_circuit_no_condition_2_1_6,23,4,5424,200
loop_2056_circuit_no_condition_2_1_6,23,5,5431,200
loop_2056_circuit_no_condition_2_1_6,23,6,624,200
loop_2056_circuit_no_condition_2_1_6,23,7,5431,200
loop_2056_circuit_no_condition_2_1_6,23,8,624,200
loop_2056_circuit_no_condition_2_1_6,23,9,624,200
loop_2056_circuit_no_condition_2_1_6,23,10,5420,200
loop_2056_circuit_no_condition_2_1_6,23,11,5386,200
loop_2056_circuit_no_condition_2_1_6,23,12,624,200
loop_2056_circuit_no_condition_2_1_6,23,13,624,200
loop_2056_circuit_no_condition_2_1_6,23,14,5429,200
loop_2056_circuit_no_condition_2_1_6,23,15,624,200
loop_2056_circuit_no_condition_2_1_6,23,0,624,300
loop_2056_circuit_no_condition_2_1_6,23,1,4760,300
loop_2056_circuit_no_condition_2_1_6,23,2,624,300
loop_2056_circuit_no_condition_2_1_6,23,3,624,300
loop_2056_circuit_no_condition_2_1_6,23,4,624,300
loop_2056_circuit_no_condition_2_1_6,23,5,5421,300
loop_2056_circuit_no_condition_2_1_6,23,6,624,300
loop_2056_circuit_no_condition_2_1_6,23,7,624,300
loop_2056_circuit_no_condition_2_1_6,23,8,624,300
loop_2056_circuit_no_condition_2_1_6,23,9,624,300
loop_2056_circuit_no_condition_2_1_6,23,10,624,300
loop_2056_circuit_no_condition_2_1_6,23,11,624,300
loop_2056_circuit_no_condition_2_1_6,23,12,624,300
loop_2056_circuit_no_condition_2_1_6,23,13,624,300
loop_2056_circuit_no_condition_2_1_6,23,14,624,300
loop_2056_circuit_no_condition_2_1_6,23,15,624,300
loop_2056_circuit_no_condition_2_1_6,23,0,624,400
loop_2056_circuit_no_condition_2_1_6,23,1,624,400
loop_2056_circuit_no_condition_2_1_6,23,2,624,400
loop_2056_circuit_no_condition_2_1_6,23,3,624,400
loop_2056_circuit_no_condition_2_1_6,23,4,624,400
loop_2056_circuit_no_condition_2_1_6,23,5,5425,400
loop_2056_circuit_no_condition_2_1_6,23,6,624,400
loop_2056_circuit_no_condition_2_1_6,23,7,624,400
loop_2056_circuit_no_condition_2_1_6,23,8,624,400
loop_2056_circuit_no_condition_2_1_6,23,9,624,400
loop_2056_circuit_no_condition_2_1_6,23,10,624,400
loop_2056_circuit_no_condition_2_1_6,23,11,624,400
loop_2056_circuit_no_condition_2_1_6,23,12,624,400
loop_2056_circuit_no_condition_2_1_6,23,13,624,400
loop_2056_circuit_no_condition_2_1_6,23,14,624,400
loop_2056_circuit_no_condition_2_1_6,23,15,624,400
loop_2056_circuit_no_condition_2_1_6,23,0,624,501
loop_2056_circuit_no_condition_2_1_6,23,1,624,501
loop_2056_circuit_no_condition_2_1_6,23,2,624,501
loop_2056_circuit_no_condition_2_1_6,23,3,624,501
loop_2056_circuit_no_condition_2_1_6,23,4,5431,501
loop_2056_circuit_no_condition_2_1_6,23,5,4662,501
loop_2056_circuit_no_condition_2_1_6,23,6,624,501
loop_2056_circuit_no_condition_2_1_6,23,7,624,501
loop_2056_circuit_no_condition_2_1_6,23,8,624,501
loop_2056_circuit_no_condition_2_1_6,23,9,624,501
loop_2056_circuit_no_condition_2_1_6,23,10,624,501
loop_2056_circuit_no_condition_2_1_6,23,11,624,501
loop_2056_circuit_no_condition_2_1_6,23,12,624,501
loop_2056_circuit_no_condition_2_1_6,23,13,624,501
loop_2056_circuit_no_condition_2_1_6,23,14,624,501
loop_2056_circuit_no_condition_2_1_6,23,15,624,501
loop_2056_circuit_no_condition_2_1_6,23,0,624,600
loop_2056_circuit_no_condition_2_1_6,23,1,624,600
loop_2056_circuit_no_condition_2_1_6,23,2,624,600
loop_2056_circuit_no_condition_2_1_6,23,3,624,600
loop_2056_circuit_no_condition_2_1_6,23,4,5434,600
loop_2056_circuit_no_condition_2_1_6,23,5,624,600
loop_2056_circuit_no_condition_2_1_6,23,6,4379,600
loop_2056_circuit_no_condition_2_1_6,23,7,624,600
loop_2056_circuit_no_condition_2_1_6,23,8,624,600
loop_2056_circuit_no_condition_2_1_6,23,9,624,600
loop_2056_circuit_no_condition_2_1_6,23,10,624,600
loop_2056_circuit_no_condition_2_1_6,23,11,624,600
loop_2056_circuit_no_condition_2_1_6,23,12,624,600
loop_2056_circuit_no_condition_2_1_6,23,13,624,600
loop_2056_circuit_no_condition_2_1_6,23,14,624,600
loop_2056_circuit_no_condition_2_1_6,23,15,624,600
loop_2056_circuit_no_condition_2_1_6,23,0,624,700
loop_2056_circuit_no_condition_2_1_6,23,1,624,700
loop_2056_circuit_no_condition_2_1_6,23,2,624,700
loop_2056_circuit_no_condition_2_1_6,23,3,624,700
loop_2056_circuit_no_condition_2_1_6,23,4,5429,700
loop_2056_circuit_no_condition_2_1_6,23,5,624,700
loop_2056_circuit_no_condition_2_1_6,23,6,624,700
loop_2056_circuit_no_condition_2_1_6,23,7,624,700
loop_2056_circuit_no_condition_2_1_6,23,8,624,700
loop_2056_circuit_no_condition_2_1_6,23,9,624,700
loop_2056_circuit_no_condition_2_1_6,23,10,624,700
loop_2056_circuit_no_condition_2_1_6,23,11,624,700
loop_2056_circuit_no_condition_2_1_6,23,12,624,700
loop_2056_circuit_no_condition_2_1_6,23,13,624,700
loop_2056_circuit_no_condition_2_1_6,23,14,624,700
loop_2056_circuit_no_condition_2_1_6,23,15,624,700
loop_2056_circuit_no_condition_2_1_6,23,0,624,801
loop_2056_circuit_no_condition_2_1_6,23,1,624,801
loop_2056_circuit_no_condition_2_1_6,23,2,624,801
loop_2056_circuit_no_condition_2_1_6,23,3,624,801
loop_2056_circuit_no_condition_2_1_6,23,4,5431,801
loop_2056_circuit_no_condition_2_1_6,23,5,624,801
loop_2056_circuit_no_condition_2_1_6,23,6,624,801
loop_2056_circuit_no_condition_2_1_6,23,7,624,801
loop_2056_circuit_no_condition_2_1_6,23,8,624,801
loop_2056_circuit_no_condition_2_1_6,23,9,624,801
loop_2056_circuit_no_condition_2_1_6,23,10,624,801
loop_2056_circuit_no_condition_2_1_6,23,11,624,801
loop_2056_circuit_no_condition_2_1_6,23,12,624,801
loop_2056_circuit_no_condition_2_1_6,23,13,624,801
loop_2056_circuit_no_condition_2_1_6,23,14,624,801
loop_2056_circuit_no_condition_2_1_6,23,15,624,801
loop_2056_circuit_no_condition_2_1_6,23,0,624,901
loop_2056_circuit_no_condition_2_1_6,23,1,624,901
loop_2056_circuit_no_condition_2_1_6,23,2,624,901
loop_2056_circuit_no_condition_2_1_6,23,3,624,901
loop_2056_circuit_no_condition_2_1_6,23,4,5429,901
loop_2056_circuit_no_condition_2_1_6,23,5,624,901
loop_2056_circuit_no_condition_2_1_6,23,6,624,901
loop_2056_circuit_no_condition_2_1_6,23,7,624,901
loop_2056_circuit_no_condition_2_1_6,23,8,624,901
loop_2056_circuit_no_condition_2_1_6,23,9,624,901
loop_2056_circuit_no_condition_2_1_6,23,10,624,901
loop_2056_circuit_no_condition_2_1_6,23,11,624,901
loop_2056_circuit_no_condition_2_1_6,23,12,624,901
loop_2056_circuit_no_condition_2_1_6,23,13,624,901
loop_2056_circuit_no_condition_2_1_6,23,14,624,901
loop_2056_circuit_no_condition_2_1_6,23,15,624,901
loop_2056_circuit_no_condition_2_1_6,23,0,624,1000
loop_2056_circuit_no_condition_2_1_6,23,1,624,1000
loop_2056_circuit_no_condition_2_1_6,23,2,624,1000
loop_2056_circuit_no_condition_2_1_6,23,3,624,1000
loop_2056_circuit_no_condition_2_1_6,23,4,5426,1000
loop_2056_circuit_no_condition_2_1_6,23,5,624,1000
loop_2056_circuit_no_condition_2_1_6,23,6,624,1000
loop_2056_circuit_no_condition_2_1_6,23,7,624,1000
loop_2056_circuit_no_condition_2_1_6,23,8,624,1000
loop_2056_circuit_no_condition_2_1_6,23,9,624,1000
loop_2056_circuit_no_condition_2_1_6,23,10,624,1000
loop_2056_circuit_no_condition_2_1_6,23,11,624,1000
loop_2056_circuit_no_condition_2_1_6,23,12,624,1000
loop_2056_circuit_no_condition_2_1_6,23,13,624,1000
loop_2056_circuit_no_condition_2_1_6,23,14,624,1000
loop_2056_circuit_no_condition_2_1_6,23,15,624,1000
loop_2056_circuit_no_condition_2_1_6,23,0,624,1100
loop_2056_circuit_no_condition_2_1_6,23,1,624,1100
loop_2056_circuit_no_condition_2_1_6,23,2,624,1100
loop_2056_circuit_no_condition_2_1_6,23,3,624,1100
loop_2056_circuit_no_condition_2_1_6,23,4,5429,1100
loop_2056_circuit_no_condition_2_1_6,23,5,3779,1100
loop_2056_circuit_no_condition_2_1_6,23,6,624,1100
loop_2056_circuit_no_condition_2_1_6,23,7,624,1100
loop_2056_circuit_no_condition_2_1_6,23,8,624,1100
loop_2056_circuit_no_condition_2_1_6,23,9,624,1100
loop_2056_circuit_no_condition_2_1_6,23,10,624,1100
loop_2056_circuit_no_condition_2_1_6,23,11,624,1100
loop_2056_circuit_no_condition_2_1_6,23,12,624,1100
loop_2056_circuit_no_condition_2_1_6,23,13,624,1100
loop_2056_circuit_no_condition_2_1_6,23,14,624,1100
loop_2056_circuit_no_condition_2_1_6,23,15,624,1100
loop_2056_circuit_no_condition_2_1_6,23,0,624,1200
loop_2056_circuit_no_condition_2_1_6,23,1,624,1200
loop_2056_circuit_no_condition_2_1_6,23,2,624,1200
loop_2056_circuit_no_condition_2_1_6,23,3,624,1200
loop_2056_circuit_no_condition_2_1_6,23,4,5429,1200
loop_2056_circuit_no_condition_2_1_6,23,5,624,1200
loop_2056_circuit_no_condition_2_1_6,23,6,624,1200
loop_2056_circuit_no_condition_2_1_6,23,7,624,1200
loop_2056_circuit_no_condition_2_1_6,23,8,624,1200
loop_2056_circuit_no_condition_2_1_6,23,9,624,1200
loop_2056_circuit_no_condition_2_1_6,23,10,624,1200
loop_2056_circuit_no_condition_2_1_6,23,11,624,1200
loop_2056_circuit_no_condition_2_1_6,23,12,624,1200
loop_2056_circuit_no_condition_2_1_6,23,13,624,1200
loop_2056_circuit_no_condition_2_1_6,23,14,624,1200
loop_2056_circuit_no_condition_2_1_6,23,15,624,1200
loop_2056_circuit_no_condition_2_1_6,23,0,624,1301
loop_2056_circuit_no_condition_2_1_6,23,1,624,1301
loop_2056_circuit_no_condition_2_1_6,23,2,624,1301
loop_2056_circuit_no_condition_2_1_6,23,3,624,1301
loop_2056_circuit_no_condition_2_1_6,23,4,5430,1301
loop_2056_circuit_no_condition_2_1_6,23,5,624,1301
loop_2056_circuit_no_condition_2_1_6,23,6,624,1301
loop_2056_circuit_no_condition_2_1_6,23,7,624,1301
loop_2056_circuit_no_condition_2_1_6,23,8,624,1301
loop_2056_circuit_no_condition_2_1_6,23,9,624,1301
loop_2056_circuit_no_condition_2_1_6,23,10,624,1301
loop_2056_circuit_no_condition_2_1_6,23,11,624,1301
loop_2056_circuit_no_condition_2_1_6,23,12,624,1301
loop_2056_circuit_no_condition_2_1_6,23,13,624,1301
loop_2056_circuit_no_condition_2_1_6,23,14,624,1301
loop_2056_circuit_no_condition_2_1_6,23,15,624,1301
loop_2056_circuit_no_condition_2_1_6,23,0,624,1401
loop_2056_circuit_no_condition_2_1_6,23,1,624,1401
loop_2056_circuit_no_condition_2_1_6,23,2,624,1401
loop_2056_circuit_no_condition_2_1_6,23,3,624,1401
loop_2056_circuit_no_condition_2_1_6,23,4,5428,1401
loop_2056_circuit_no_condition_2_1_6,23,5,624,1401
loop_2056_circuit_no_condition_2_1_6,23,6,624,1401
loop_2056_circuit_no_condition_2_1_6,23,7,624,1401
loop_2056_circuit_no_condition_2_1_6,23,8,624,1401
loop_2056_circuit_no_condition_2_1_6,23,9,624,1401
loop_2056_circuit_no_condition_2_1_6,23,10,624,1401
loop_2056_circuit_no_condition_2_1_6,23,11,624,1401
loop_2056_circuit_no_condition_2_1_6,23,12,624,1401
loop_2056_circuit_no_condition_2_1_6,23,13,624,1401
loop_2056_circuit_no_condition_2_1_6,23,14,624,1401
loop_2056_circuit_no_condition_2_1_6,23,15,624,1401
loop_2056_circuit_no_condition_2_1_6,23,0,624,1500
loop_2056_circuit_no_condition_2_1_6,23,1,624,1500
loop_2056_circuit_no_condition_2_1_6,23,2,624,1500
loop_2056_circuit_no_condition_2_1_6,23,3,624,1500
loop_2056_circuit_no_condition_2_1_6,23,4,5427,1500
loop_2056_circuit_no_condition_2_1_6,23,5,624,1500
loop_2056_circuit_no_condition_2_1_6,23,6,624,1500
loop_2056_circuit_no_condition_2_1_6,23,7,624,1500
loop_2056_circuit_no_condition_2_1_6,23,8,624,1500
loop_2056_circuit_no_condition_2_1_6,23,9,624,1500
loop_2056_circuit_no_condition_2_1_6,23,10,624,1500
loop_2056_circuit_no_condition_2_1_6,23,11,624,1500
loop_2056_circuit_no_condition_2_1_6,23,12,624,1500
loop_2056_circuit_no_condition_2_1_6,23,13,624,1500
loop_2056_circuit_no_condition_2_1_6,23,14,624,1500
loop_2056_circuit_no_condition_2_1_6,23,15,624,1500
loop_2056_circuit_no_condition_2_1_6,23,0,624,1600
loop_2056_circuit_no_condition_2_1_6,23,1,624,1600
loop_2056_circuit_no_condition_2_1_6,23,2,624,1600
loop_2056_circuit_no_condition_2_1_6,23,3,624,1600
loop_2056_circuit_no_condition_2_1_6,23,4,5426,1600
loop_2056_circuit_no_condition_2_1_6,23,5,624,1600
loop_2056_circuit_no_condition_2_1_6,23,6,624,1600
loop_2056_circuit_no_condition_2_1_6,23,7,624,1600
loop_2056_circuit_no_condition_2_1_6,23,8,624,1600
loop_2056_circuit_no_condition_2_1_6,23,9,624,1600
loop_2056_circuit_no_condition_2_1_6,23,10,624,1600
loop_2056_circuit_no_condition_2_1_6,23,11,624,1600
loop_2056_circuit_no_condition_2_1_6,23,12,624,1600
loop_2056_circuit_no_condition_2_1_6,23,13,624,1600
loop_2056_circuit_no_condition_2_1_6,23,14,624,1600
loop_2056_circuit_no_condition_2_1_6,23,15,624,1600
loop_2056_circuit_no_condition_2_1_6,23,0,624,1700
loop_2056_circuit_no_condition_2_1_6,23,1,624,1700
loop_2056_circuit_no_condition_2_1_6,23,2,624,1700
loop_2056_circuit_no_condition_2_1_6,23,3,624,1700
loop_2056_circuit_no_condition_2_1_6,23,4,5429,1700
loop_2056_circuit_no_condition_2_1_6,23,5,624,1700
loop_2056_circuit_no_condition_2_1_6,23,6,624,1700
loop_2056_circuit_no_condition_2_1_6,23,7,624,1700
loop_2056_circuit_no_condition_2_1_6,23,8,624,1700
loop_2056_circuit_no_condition_2_1_6,23,9,624,1700
loop_2056_circuit_no_condition_2_1_6,23,10,624,1700
loop_2056_circuit_no_condition_2_1_6,23,11,624,1700
loop_2056_circuit_no_condition_2_1_6,23,12,624,1700
loop_2056_circuit_no_condition_2_1_6,23,13,624,1700
loop_2056_circuit_no_condition_2_1_6,23,14,624,1700
loop_2056_circuit_no_condition_2_1_6,23,15,624,1700
loop_2056_circuit_no_condition_2_1_6,23,0,624,1800
loop_2056_circuit_no_condition_2_1_6,23,1,624,1800
loop_2056_circuit_no_condition_2_1_6,23,2,624,1800
loop_2056_circuit_no_condition_2_1_6,23,3,624,1800
loop_2056_circuit_no_condition_2_1_6,23,4,5428,1800
loop_2056_circuit_no_condition_2_1_6,23,5,624,1800
loop_2056_circuit_no_condition_2_1_6,23,6,624,1800
loop_2056_circuit_no_condition_2_1_6,23,7,624,1800
loop_2056_circuit_no_condition_2_1_6,23,8,624,1800
loop_2056_circuit_no_condition_2_1_6,23,9,624,1800
loop_2056_circuit_no_condition_2_1_6,23,10,624,1800
loop_2056_circuit_no_condition_2_1_6,23,11,624,1800
loop_2056_circuit_no_condition_2_1_6,23,12,624,1800
loop_2056_circuit_no_condition_2_1_6,23,13,624,1800
loop_2056_circuit_no_condition_2_1_6,23,14,624,1800
loop_2056_circuit_no_condition_2_1_6,23,15,624,1800
loop_2056_circuit_no_condition_2_1_6,23,0,5413,1900
loop_2056_circuit_no_condition_2_1_6,23,1,624,1900
loop_2056_circuit_no_condition_2_1_6,23,2,5429,1900
loop_2056_circuit_no_condition_2_1_6,23,3,5407,1900
loop_2056_circuit_no_condition_2_1_6,23,4,5380,1900
loop_2056_circuit_no_condition_2_1_6,23,5,5434,1900
loop_2056_circuit_no_condition_2_1_6,23,6,5257,1900
loop_2056_circuit_no_condition_2_1_6,23,7,5420,1900
loop_2056_circuit_no_condition_2_1_6,23,8,5426,1900
loop_2056_circuit_no_condition_2_1_6,23,9,5426,1900
loop_2056_circuit_no_condition_2_1_6,23,10,5431,1900
loop_2056_circuit_no_condition_2_1_6,23,11,5427,1900
loop_2056_circuit_no_condition_2_1_6,23,12,5379,1900
loop_2056_circuit_no_condition_2_1_6,23,13,5429,1900
loop_2056_circuit_no_condition_2_1_6,23,14,5420,1900
loop_2056_circuit_no_condition_2_1_6,23,15,5426,1900
loop_2056_circuit_no_condition_2_1_6,24,0,5421,1
loop_2056_circuit_no_condition_2_1_6,24,1,5383,1
loop_2056_circuit_no_condition_2_1_6,24,2,5427,1
loop_2056_circuit_no_condition_2_1_6,24,3,5399,1
loop_2056_circuit_no_condition_2_1_6,24,4,5427,1
loop_2056_circuit_no_condition_2_1_6,24,5,5427,1
loop_2056_circuit_no_condition_2_1_6,24,6,5428,1
loop_2056_circuit_no_condition_2_1_6,24,7,5426,1
loop_2056_circuit_no_condition_2_1_6,24,8,624,1
loop_2056_circuit_no_condition_2_1_6,24,9,5422,1
loop_2056_circuit_no_condition_2_1_6,24,10,624,1
loop_2056_circuit_no_condition_2_1_6,24,11,5380,1
loop_2056_circuit_no_condition_2_1_6,24,12,5431,1
loop_2056_circuit_no_condition_2_1_6,24,13,5419,1
loop_2056_circuit_no_condition_2_1_6,24,14,5434,1
loop_2056_circuit_no_condition_2_1_6,24,15,5429,1
loop_2056_circuit_no_condition_2_1_6,24,0,5419,100
loop_2056_circuit_no_condition_2_1_6,24,1,5411,100
loop_2056_circuit_no_condition_2_1_6,24,2,624,100
loop_2056_circuit_no_condition_2_1_6,24,3,5369,100
loop_2056_circuit_no_condition_2_1_6,24,4,5434,100
loop_2056_circuit_no_condition_2_1_6,24,5,5401,100
loop_2056_circuit_no_condition_2_1_6,24,6,5378,100
loop_2056_circuit_no_condition_2_1_6,24,7,5425,100
loop_2056_circuit_no_condition_2_1_6,24,8,5414,100
loop_2056_circuit_no_condition_2_1_6,24,9,5409,100
loop_2056_circuit_no_condition_2_1_6,24,10,5423,100
loop_2056_circuit_no_condition_2_1_6,24,11,624,100
loop_2056_circuit_no_condition_2_1_6,24,12,5417,100
loop_2056_circuit_no_condition_2_1_6,24,13,5417,100
loop_2056_circuit_no_condition_2_1_6,24,14,5394,100
loop_2056_circuit_no_condition_2_1_6,24,15,5433,100
loop_2056_circuit_no_condition_2_1_6,24,0,5418,201
loop_2056_circuit_no_condition_2_1_6,24,1,5421,201
loop_2056_circuit_no_condition_2_1_6,24,2,5366,201
loop_2056_circuit_no_condition_2_1_6,24,3,5425,201
loop_2056_circuit_no_condition_2_1_6,24,4,5433,201
loop_2056_circuit_no_condition_2_1_6,24,5,5430,201
loop_2056_circuit_no_condition_2_1_6,24,6,5375,201
loop_2056_circuit_no_condition_2_1_6,24,7,5431,201
loop_2056_circuit_no_condition_2_1_6,24,8,5412,201
loop_2056_circuit_no_condition_2_1_6,24,9,5427,201
loop_2056_circuit_no_condition_2_1_6,24,10,5416,201
loop_2056_circuit_no_condition_2_1_6,24,11,5429,201
loop_2056_circuit_no_condition_2_1_6,24,12,5429,201
loop_2056_circuit_no_condition_2_1_6,24,13,5406,201
loop_2056_circuit_no_condition_2_1_6,24,14,5417,201
loop_2056_circuit_no_condition_2_1_6,24,15,5420,201
loop_2056_circuit_no_condition_2_1_6,24,0,624,300
loop_2056_circuit_no_condition_2_1_6,24,1,4640,300
loop_2056_circuit_no_condition_2_1_6,24,2,624,300
loop_2056_circuit_no_condition_2_1_6,24,3,3390,300
loop_2056_circuit_no_condition_2_1_6,24,4,5443,300
loop_2056_circuit_no_condition_2_1_6,24,5,5432,300
loop_2056_circuit_no_condition_2_1_6,24,6,624,300
loop_2056_circuit_no_condition_2_1_6,24,7,624,300
loop_2056_circuit_no_condition_2_1_6,24,8,624,300
loop_2056_circuit_no_condition_2_1_6,24,9,624,300
loop_2056_circuit_no_condition_2_1_6,24,10,624,300
loop_2056_circuit_no_condition_2_1_6,24,11,624,300
loop_2056_circuit_no_condition_2_1_6,24,12,624,300
loop_2056_circuit_no_condition_2_1_6,24,13,624,300
loop_2056_circuit_no_condition_2_1_6,24,14,624,300
loop_2056_circuit_no_condition_2_1_6,24,15,4669,300
loop_2056_circuit_no_condition_2_1_6,24,0,4661,400
loop_2056_circuit_no_condition_2_1_6,24,1,624,400
loop_2056_circuit_no_condition_2_1_6,24,2,624,400
loop_2056_circuit_no_condition_2_1_6,24,3,624,400
loop_2056_circuit_no_condition_2_1_6,24,4,3886,400
loop_2056_circuit_no_condition_2_1_6,24,5,5433,400
loop_2056_circuit_no_condition_2_1_6,24,6,5449,400
loop_2056_circuit_no_condition_2_1_6,24,7,624,400
loop_2056_circuit_no_condition_2_1_6,24,8,3896,400
loop_2056_circuit_no_condition_2_1_6,24,9,624,400
loop_2056_circuit_no_condition_2_1_6,24,10,624,400
loop_2056_circuit_no_condition_2_1_6,24,11,624,400
loop_2056_circuit_no_condition_2_1_6,24,12,624,400
loop_2056_circuit_no_condition_2_1_6,24,13,624,400
loop_2056_circuit_no_condition_2_1_6,24,14,624,400
loop_2056_circuit_no_condition_2_1_6,24,15,4676,400
loop_2056_circuit_no_condition_2_1_6,24,0,624,500
loop_2056_circuit_no_condition_2_1_6,24,1,624,500
loop_2056_circuit_no_condition_2_1_6,24,2,624,500
loop_2056_circuit_no_condition_2_1_6,24,3,624,500
loop_2056_circuit_no_condition_2_1_6,24,4,5426,500
loop_2056_circuit_no_condition_2_1_6,24,5,3924,500
loop_2056_circuit_no_condition_2_1_6,24,6,624,500
loop_2056_circuit_no_condition_2_1_6,24,7,624,500
loop_2056_circuit_no_condition_2_1_6,24,8,5427,500
loop_2056_circuit_no_condition_2_1_6,24,9,624,500
loop_2056_circuit_no_condition_2_1_6,24,10,4546,500
loop_2056_circuit_no_condition_2_1_6,24,11,624,500
loop_2056_circuit_no_condition_2_1_6,24,12,624,500
loop_2056_circuit_no_condition_2_1_6,24,13,624,500
loop_2056_circuit_no_condition_2_1_6,24,14,624,500
loop_2056_circuit_no_condition_2_1_6,24,15,4688,500
loop_2056_circuit_no_condition_2_1_6,24,0,4882,601
loop_2056_circuit_no_condition_2_1_6,24,1,624,601
loop_2056_circuit_no_condition_2_1_6,24,2,624,601
loop_2056_circuit_no_condition_2_1_6,24,3,4466,601
loop_2056_circuit_no_condition_2_1_6,24,4,5426,601
loop_2056_circuit_no_condition_2_1_6,24,5,2799,601
loop_2056_circuit_no_condition_2_1_6,24,6,4237,601
loop_2056_circuit_no_condition_2_1_6,24,7,624,601
loop_2056_circuit_no_condition_2_1_6,24,8,5427,601
loop_2056_circuit_no_condition_2_1_6,24,9,624,601
loop_2056_circuit_no_condition_2_1_6,24,10,624,601
loop_2056_circuit_no_condition_2_1_6,24,11,624,601
loop_2056_circuit_no_condition_2_1_6,24,12,624,601
loop_2056_circuit_no_condition_2_1_6,24,13,624,601
loop_2056_circuit_no_condition_2_1_6,24,14,624,601
loop_2056_circuit_no_condition_2_1_6,24,15,4579,601
loop_2056_circuit_no_condition_2_1_6,24,0,624,701
loop_2056_circuit_no_condition_2_1_6,24,1,624,701
loop_2056_circuit_no_condition_2_1_6,24,2,624,701
loop_2056_circuit_no_condition_2_1_6,24,3,4491,701
loop_2056_circuit_no_condition_2_1_6,24,4,5429,701
loop_2056_circuit_no_condition_2_1_6,24,5,5436,701
loop_2056_circuit_no_condition_2_1_6,24,6,624,701
loop_2056_circuit_no_condition_2_1_6,24,7,624,701
loop_2056_circuit_no_condition_2_1_6,24,8,4451,701
loop_2056_circuit_no_condition_2_1_6,24,9,624,701
loop_2056_circuit_no_condition_2_1_6,24,10,624,701
loop_2056_circuit_no_condition_2_1_6,24,11,624,701
loop_2056_circuit_no_condition_2_1_6,24,12,624,701
loop_2056_circuit_no_condition_2_1_6,24,13,624,701
loop_2056_circuit_no_condition_2_1_6,24,14,624,701
loop_2056_circuit_no_condition_2_1_6,24,15,4630,701
loop_2056_circuit_no_condition_2_1_6,24,0,624,800
loop_2056_circuit_no_condition_2_1_6,24,1,624,800
loop_2056_circuit_no_condition_2_1_6,24,2,624,800
loop_2056_circuit_no_condition_2_1_6,24,3,4499,800
loop_2056_circuit_no_condition_2_1_6,24,4,5429,800
loop_2056_circuit_no_condition_2_1_6,24,5,4333,800
loop_2056_circuit_no_condition_2_1_6,24,6,624,800
loop_2056_circuit_no_condition_2_1_6,24,7,624,800
loop_2056_circuit_no_condition_2_1_6,24,8,4232,800
loop_2056_circuit_no_condition_2_1_6,24,9,624,800
loop_2056_circuit_no_condition_2_1_6,24,10,624,800
loop_2056_circuit_no_condition_2_1_6,24,11,624,800
loop_2056_circuit_no_condition_2_1_6,24,12,624,800
loop_2056_circuit_no_condition_2_1_6,24,13,624,800
loop_2056_circuit_no_condition_2_1_6,24,14,624,800
loop_2056_circuit_no_condition_2_1_6,24,15,624,800
loop_2056_circuit_no_condition_2_1_6,24,0,624,900
loop_2056_circuit_no_condition_2_1_6,24,1,624,900
loop_2056_circuit_no_condition_2_1_6,24,2,624,900
loop_2056_circuit_no_condition_2_1_6,24,3,624,900
loop_2056_circuit_no_condition_2_1_6,24,4,5428,900
loop_2056_circuit_no_condition_2_1_6,24,5,4670,900
loop_2056_circuit_no_condition_2_1_6,24,6,624,900
loop_2056_circuit_no_condition_2_1_6,24,7,624,900
loop_2056_circuit_no_condition_2_1_6,24,8,4553,900
loop_2056_circuit_no_condition_2_1_6,24,9,624,900
loop_2056_circuit_no_condition_2_1_6,24,10,624,900
loop_2056_circuit_no_condition_2_1_6,24,11,624,900
loop_2056_circuit_no_condition_2_1_6,24,12,624,900
loop_2056_circuit_no_condition_2_1_6,24,13,624,900
loop_2056_circuit_no_condition_2_1_6,24,14,624,900
loop_2056_circuit_no_condition_2_1_6,24,15,624,900
loop_2056_circuit_no_condition_2_1_6,24,0,624,1001
loop_2056_circuit_no_condition_2_1_6,24,1,624,1001
loop_2056_circuit_no_condition_2_1_6,24,2,624,1001
loop_2056_circuit_no_condition_2_1_6,24,3,624,1001
loop_2056_circuit_no_condition_2_1_6,24,4,5427,1001
loop_2056_circuit_no_condition_2_1_6,24,5,4301,1001
loop_2056_circuit_no_condition_2_1_6,24,6,624,1001
loop_2056_circuit_no_condition_2_1_6,24,7,624,1001
loop_2056_circuit_no_condition_2_1_6,24,8,4396,1001
loop_2056_circuit_no_condition_2_1_6,24,9,624,1001
loop_2056_circuit_no_condition_2_1_6,24,10,624,1001
loop_2056_circuit_no_condition_2_1_6,24,11,624,1001
loop_2056_circuit_no_condition_2_1_6,24,12,624,1001
loop_2056_circuit_no_condition_2_1_6,24,13,624,1001
loop_2056_circuit_no_condition_2_1_6,24,14,624,1001
loop_2056_circuit_no_condition_2_1_6,24,15,4704,1001
loop_2056_circuit_no_condition_2_1_6,24,0,624,1101
loop_2056_circuit_no_condition_2_1_6,24,1,624,1101
loop_2056_circuit_no_condition_2_1_6,24,2,624,1101
loop_2056_circuit_no_condition_2_1_6,24,3,4455,1101
loop_2056_circuit_no_condition_2_1_6,24,4,5428,1101
loop_2056_circuit_no_condition_2_1_6,24,5,3336,1101
loop_2056_circuit_no_condition_2_1_6,24,6,624,1101
loop_2056_circuit_no_condition_2_1_6,24,7,624,1101
loop_2056_circuit_no_condition_2_1_6,24,8,5416,1101
loop_2056_circuit_no_condition_2_1_6,24,9,624,1101
loop_2056_circuit_no_condition_2_1_6,24,10,624,1101
loop_2056_circuit_no_condition_2_1_6,24,11,624,1101
loop_2056_circuit_no_condition_2_1_6,24,12,624,1101
loop_2056_circuit_no_condition_2_1_6,24,13,624,1101
loop_2056_circuit_no_condition_2_1_6,24,14,624,1101
loop_2056_circuit_no_condition_2_1_6,24,15,4665,1101
loop_2056_circuit_no_condition_2_1_6,24,0,624,1201
loop_2056_circuit_no_condition_2_1_6,24,1,624,1201
loop_2056_circuit_no_condition_2_1_6,24,2,624,1201
loop_2056_circuit_no_condition_2_1_6,24,3,4413,1201
loop_2056_circuit_no_condition_2_1_6,24,4,5427,1201
loop_2056_circuit_no_condition_2_1_6,24,5,624,1201
loop_2056_circuit_no_condition_2_1_6,24,6,3747,1201
loop_2056_circuit_no_condition_2_1_6,24,7,624,1201
loop_2056_circuit_no_condition_2_1_6,24,8,5389,1201
loop_2056_circuit_no_condition_2_1_6,24,9,624,1201
loop_2056_circuit_no_condition_2_1_6,24,10,624,1201
loop_2056_circuit_no_condition_2_1_6,24,11,624,1201
loop_2056_circuit_no_condition_2_1_6,24,12,624,1201
loop_2056_circuit_no_condition_2_1_6,24,13,624,1201
loop_2056_circuit_no_condition_2_1_6,24,14,624,1201
loop_2056_circuit_no_condition_2_1_6,24,15,5165,1201
loop_2056_circuit_no_condition_2_1_6,24,0,624,1300
loop_2056_circuit_no_condition_2_1_6,24,1,4526,1300
loop_2056_circuit_no_condition_2_1_6,24,2,624,1300
loop_2056_circuit_no_condition_2_1_6,24,3,624,1300
loop_2056_circuit_no_condition_2_1_6,24,4,5428,1300
loop_2056_circuit_no_condition_2_1_6,24,5,624,1300
loop_2056_circuit_no_condition_2_1_6,24,6,4505,1300
loop_2056_circuit_no_condition_2_1_6,24,7,624,1300
loop_2056_circuit_no_condition_2_1_6,24,8,4307,1300
loop_2056_circuit_no_condition_2_1_6,24,9,624,1300
loop_2056_circuit_no_condition_2_1_6,24,10,624,1300
loop_2056_circuit_no_condition_2_1_6,24,11,624,1300
loop_2056_circuit_no_condition_2_1_6,24,12,624,1300
loop_2056_circuit_no_condition_2_1_6,24,13,624,1300
loop_2056_circuit_no_condition_2_1_6,24,14,624,1300
loop_2056_circuit_no_condition_2_1_6,24,15,5263,1300
loop_2056_circuit_no_condition_2_1_6,24,0,624,1400
loop_2056_circuit_no_condition_2_1_6,24,1,5423,1400
loop_2056_circuit_no_condition_2_1_6,24,2,624,1400
loop_2056_circuit_no_condition_2_1_6,24,3,624,1400
loop_2056_circuit_no_condition_2_1_6,24,4,5426,1400
loop_2056_circuit_no_condition_2_1_6,24,5,624,1400
loop_2056_circuit_no_condition_2_1_6,24,6,4645,1400
loop_2056_circuit_no_condition_2_1_6,24,7,624,1400
loop_2056_circuit_no_condition_2_1_6,24,8,4265,1400
loop_2056_circuit_no_condition_2_1_6,24,9,624,1400
loop_2056_circuit_no_condition_2_1_6,24,10,624,1400
loop_2056_circuit_no_condition_2_1_6,24,11,624,1400
loop_2056_circuit_no_condition_2_1_6,24,12,624,1400
loop_2056_circuit_no_condition_2_1_6,24,13,624,1400
loop_2056_circuit_no_condition_2_1_6,24,14,624,1400
loop_2056_circuit_no_condition_2_1_6,24,15,624,1400
loop_2056_circuit_no_condition_2_1_6,24,0,624,1501
loop_2056_circuit_no_condition_2_1_6,24,1,4659,1501
loop_2056_circuit_no_condition_2_1_6,24,2,624,1501
loop_2056_circuit_no_condition_2_1_6,24,3,624,1501
loop_2056_circuit_no_condition_2_1_6,24,4,5426,1501
loop_2056_circuit_no_condition_2_1_6,24,5,4368,1501
loop_2056_circuit_no_condition_2_1_6,24,6,624,1501
loop_2056_circuit_no_condition_2_1_6,24,7,624,1501
loop_2056_circuit_no_condition_2_1_6,24,8,4292,1501
loop_2056_circuit_no_condition_2_1_6,24,9,624,1501
loop_2056_circuit_no_condition_2_1_6,24,10,624,1501
loop_2056_circuit_no_condition_2_1_6,24,11,624,1501
loop_2056_circuit_no_condition_2_1_6,24,12,624,1501
loop_2056_circuit_no_condition_2_1_6,24,13,624,1501
loop_2056_circuit_no_condition_2_1_6,24,14,624,1501
loop_2056_circuit_no_condition_2_1_6,24,15,624,1501
loop_2056_circuit_no_condition_2_1_6,24,0,5425,1601
loop_2056_circuit_no_condition_2_1_6,24,1,624,1601
loop_2056_circuit_no_condition_2_1_6,24,2,624,1601
loop_2056_circuit_no_condition_2_1_6,24,3,624,1601
loop_2056_circuit_no_condition_2_1_6,24,4,5429,1601
loop_2056_circuit_no_condition_2_1_6,24,5,624,1601
loop_2056_circuit_no_condition_2_1_6,24,6,4632,1601
loop_2056_circuit_no_condition_2_1_6,24,7,4631,1601
loop_2056_circuit_no_condition_2_1_6,24,8,5403,1601
loop_2056_circuit_no_condition_2_1_6,24,9,624,1601
loop_2056_circuit_no_condition_2_1_6,24,10,624,1601
loop_2056_circuit_no_condition_2_1_6,24,11,624,1601
loop_2056_circuit_no_condition_2_1_6,24,12,624,1601
loop_2056_circuit_no_condition_2_1_6,24,13,624,1601
loop_2056_circuit_no_condition_2_1_6,24,14,624,1601
loop_2056_circuit_no_condition_2_1_6,24,15,624,1601
loop_2056_circuit_no_condition_2_1_6,24,0,4661,1701
loop_2056_circuit_no_condition_2_1_6,24,1,624,1701
loop_2056_circuit_no_condition_2_1_6,24,2,624,1701
loop_2056_circuit_no_condition_2_1_6,24,3,4176,1701
loop_2056_circuit_no_condition_2_1_6,24,4,5428,1701
loop_2056_circuit_no_condition_2_1_6,24,5,624,1701
loop_2056_circuit_no_condition_2_1_6,24,6,624,1701
loop_2056_circuit_no_condition_2_1_6,24,7,624,1701
loop_2056_circuit_no_condition_2_1_6,24,8,624,1701
loop_2056_circuit_no_condition_2_1_6,24,9,624,1701
loop_2056_circuit_no_condition_2_1_6,24,10,624,1701
loop_2056_circuit_no_condition_2_1_6,24,11,624,1701
loop_2056_circuit_no_condition_2_1_6,24,12,624,1701
loop_2056_circuit_no_condition_2_1_6,24,13,624,1701
loop_2056_circuit_no_condition_2_1_6,24,14,624,1701
loop_2056_circuit_no_condition_2_1_6,24,15,624,1701
loop_2056_circuit_no_condition_2_1_6,24,0,624,1800
loop_2056_circuit_no_condition_2_1_6,24,1,624,1800
loop_2056_circuit_no_condition_2_1_6,24,2,624,1800
loop_2056_circuit_no_condition_2_1_6,24,3,4640,1800
loop_2056_circuit_no_condition_2_1_6,24,4,5432,1800
loop_2056_circuit_no_condition_2_1_6,24,5,3583,1800
loop_2056_circuit_no_condition_2_1_6,24,6,624,1800
loop_2056_circuit_no_condition_2_1_6,24,7,624,1800
loop_2056_circuit_no_condition_2_1_6,24,8,624,1800
loop_2056_circuit_no_condition_2_1_6,24,9,624,1800
loop_2056_circuit_no_condition_2_1_6,24,10,624,1800
loop_2056_circuit_no_condition_2_1_6,24,11,624,1800
loop_2056_circuit_no_condition_2_1_6,24,12,624,1800
loop_2056_circuit_no_condition_2_1_6,24,13,624,1800
loop_2056_circuit_no_condition_2_1_6,24,14,624,1800
loop_2056_circuit_no_condition_2_1_6,24,15,624,1800
loop_2056_circuit_no_condition_2_1_6,24,0,5342,1901
loop_2056_circuit_no_condition_2_1_6,24,1,5408,1901
loop_2056_circuit_no_condition_2_1_6,24,2,5411,1901
loop_2056_circuit_no_condition_2_1_6,24,3,5346,1901
loop_2056_circuit_no_condition_2_1_6,24,4,5431,1901
loop_2056_circuit_no_condition_2_1_6,24,5,5402,1901
loop_2056_circuit_no_condition_2_1_6,24,6,5412,1901
loop_2056_circuit_no_condition_2_1_6,24,7,624,1901
loop_2056_circuit_no_condition_2_1_6,24,8,5348,1901
loop_2056_circuit_no_condition_2_1_6,24,9,5345,1901
loop_2056_circuit_no_condition_2_1_6,24,10,5329,1901
loop_2056_circuit_no_condition_2_1_6,24,11,5407,1901
loop_2056_circuit_no_condition_2_1_6,24,12,624,1901
loop_2056_circuit_no_condition_2_1_6,24,13,5351,1901
loop_2056_circuit_no_condition_2_1_6,24,14,5351,1901
loop_2056_circuit_no_condition_2_1_6,24,15,5375,1901
loop_2056_circuit_no_condition_2_1_6,25,0,4815,1
loop_2056_circuit_no_condition_2_1_6,25,1,5415,1
loop_2056_circuit_no_condition_2_1_6,25,2,5425,1
loop_2056_circuit_no_condition_2_1_6,25,3,5425,1
loop_2056_circuit_no_condition_2_1_6,25,4,5431,1
loop_2056_circuit_no_condition_2_1_6,25,5,5431,1
loop_2056_circuit_no_condition_2_1_6,25,6,624,1
loop_2056_circuit_no_condition_2_1_6,25,7,5418,1
loop_2056_circuit_no_condition_2_1_6,25,8,624,1
loop_2056_circuit_no_condition_2_1_6,25,9,5432,1
loop_2056_circuit_no_condition_2_1_6,25,10,624,1
loop_2056_circuit_no_condition_2_1_6,25,11,624,1
loop_2056_circuit_no_condition_2_1_6,25,12,5412,1
loop_2056_circuit_no_condition_2_1_6,25,13,624,1
loop_2056_circuit_no_condition_2_1_6,25,14,624,1
loop_2056_circuit_no_condition_2_1_6,25,15,624,1
loop_2056_circuit_no_condition_2_1_6,25,0,5412,101
loop_2056_circuit_no_condition_2_1_6,25,1,5384,101
loop_2056_circuit_no_condition_2_1_6,25,2,5413,101
loop_2056_circuit_no_condition_2_1_6,25,3,5404,101
loop_2056_circuit_no_condition_2_1_6,25,4,5429,101
loop_2056_circuit_no_condition_2_1_6,25,5,5416,101
loop_2056_circuit_no_condition_2_1_6,25,6,5414,101
loop_2056_circuit_no_condition_2_1_6,25,7,5417,101
loop_2056_circuit_no_condition_2_1_6,25,8,5405,101
loop_2056_circuit_no_condition_2_1_6,25,9,5414,101
loop_2056_circuit_no_condition_2_1_6,25,10,5416,101
loop_2056_circuit_no_condition_2_1_6,25,11,5416,101
loop_2056_circuit_no_condition_2_1_6,25,12,5416,101
loop_2056_circuit_no_condition_2_1_6,25,13,5422,101
loop_2056_circuit_no_condition_2_1_6,25,14,5425,101
loop_2056_circuit_no_condition_2_1_6,25,15,5408,101
loop_2056_circuit_no_condition_2_1_6,25,0,5410,201
loop_2056_circuit_no_condition_2_1_6,25,1,5431,201
loop_2056_circuit_no_condition_2_1_6,25,2,5423,201
loop_2056_circuit_no_condition_2_1_6,25,3,5421,201
loop_2056_circuit_no_condition_2_1_6,25,4,5410,201
loop_2056_circuit_no_condition_2_1_6,25,5,5427,201
loop_2056_circuit_no_condition_2_1_6,25,6,5420,201
loop_2056_circuit_no_condition_2_1_6,25,7,5433,201
loop_2056_circuit_no_condition_2_1_6,25,8,5352,201
loop_2056_circuit_no_condition_2_1_6,25,9,5385,201
loop_2056_circuit_no_condition_2_1_6,25,10,5429,201
loop_2056_circuit_no_condition_2_1_6,25,11,5428,201
loop_2056_circuit_no_condition_2_1_6,25,12,5378,201
loop_2056_circuit_no_condition_2_1_6,25,13,5403,201
loop_2056_circuit_no_condition_2_1_6,25,14,5383,201
loop_2056_circuit_no_condition_2_1_6,25,15,5428,201
loop_2056_circuit_no_condition_2_1_6,25,0,624,301
loop_2056_circuit_no_condition_2_1_6,25,1,624,301
loop_2056_circuit_no_condition_2_1_6,25,2,624,301
loop_2056_circuit_no_condition_2_1_6,25,3,624,301
loop_2056_circuit_no_condition_2_1_6,25,4,5430,301
loop_2056_circuit_no_condition_2_1_6,25,5,624,301
loop_2056_circuit_no_condition_2_1_6,25,6,624,301
loop_2056_circuit_no_condition_2_1_6,25,7,624,301
loop_2056_circuit_no_condition_2_1_6,25,8,624,301
loop_2056_circuit_no_condition_2_1_6,25,9,624,301
loop_2056_circuit_no_condition_2_1_6,25,10,624,301
loop_2056_circuit_no_condition_2_1_6,25,11,624,301
loop_2056_circuit_no_condition_2_1_6,25,12,624,301
loop_2056_circuit_no_condition_2_1_6,25,13,624,301
loop_2056_circuit_no_condition_2_1_6,25,14,624,301
loop_2056_circuit_no_condition_2_1_6,25,15,624,301
loop_2056_circuit_no_condition_2_1_6,25,0,624,401
loop_2056_circuit_no_condition_2_1_6,25,1,624,401
loop_2056_circuit_no_condition_2_1_6,25,2,624,401
loop_2056_circuit_no_condition_2_1_6,25,3,624,401
loop_2056_circuit_no_condition_2_1_6,25,4,5430,401
loop_2056_circuit_no_condition_2_1_6,25,5,3673,401
loop_2056_circuit_no_condition_2_1_6,25,6,624,401
loop_2056_circuit_no_condition_2_1_6,25,7,624,401
loop_2056_circuit_no_condition_2_1_6,25,8,624,401
loop_2056_circuit_no_condition_2_1_6,25,9,624,401
loop_2056_circuit_no_condition_2_1_6,25,10,624,401
loop_2056_circuit_no_condition_2_1_6,25,11,624,401
loop_2056_circuit_no_condition_2_1_6,25,12,624,401
loop_2056_circuit_no_condition_2_1_6,25,13,624,401
loop_2056_circuit_no_condition_2_1_6,25,14,624,401
loop_2056_circuit_no_condition_2_1_6,25,15,624,401
loop_2056_circuit_no_condition_2_1_6,25,0,624,500
loop_2056_circuit_no_condition_2_1_6,25,1,624,500
loop_2056_circuit_no_condition_2_1_6,25,2,624,500
loop_2056_circuit_no_condition_2_1_6,25,3,624,500
loop_2056_circuit_no_condition_2_1_6,25,4,5432,500
loop_2056_circuit_no_condition_2_1_6,25,5,4976,500
loop_2056_circuit_no_condition_2_1_6,25,6,5431,500
loop_2056_circuit_no_condition_2_1_6,25,7,624,500
loop_2056_circuit_no_condition_2_1_6,25,8,624,500
loop_2056_circuit_no_condition_2_1_6,25,9,624,500
loop_2056_circuit_no_condition_2_1_6,25,10,624,500
loop_2056_circuit_no_condition_2_1_6,25,11,624,500
loop_2056_circuit_no_condition_2_1_6,25,12,624,500
loop_2056_circuit_no_condition_2_1_6,25,13,624,500
loop_2056_circuit_no_condition_2_1_6,25,14,624,500
loop_2056_circuit_no_condition_2_1_6,25,15,624,500
loop_2056_circuit_no_condition_2_1_6,25,0,624,600
loop_2056_circuit_no_condition_2_1_6,25,1,624,600
loop_2056_circuit_no_condition_2_1_6,25,2,624,600
loop_2056_circuit_no_condition_2_1_6,25,3,624,600
loop_2056_circuit_no_condition_2_1_6,25,4,5431,600
loop_2056_circuit_no_condition_2_1_6,25,5,624,600
loop_2056_circuit_no_condition_2_1_6,25,6,624,600
loop_2056_circuit_no_condition_2_1_6,25,7,624,600
loop_2056_circuit_no_condition_2_1_6,25,8,624,600
loop_2056_circuit_no_condition_2_1_6,25,9,624,600
loop_2056_circuit_no_condition_2_1_6,25,10,624,600
loop_2056_circuit_no_condition_2_1_6,25,11,624,600
loop_2056_circuit_no_condition_2_1_6,25,12,624,600
loop_2056_circuit_no_condition_2_1_6,25,13,624,600
loop_2056_circuit_no_condition_2_1_6,25,14,624,600
loop_2056_circuit_no_condition_2_1_6,25,15,624,600
loop_2056_circuit_no_condition_2_1_6,25,0,624,700
loop_2056_circuit_no_condition_2_1_6,25,1,624,700
loop_2056_circuit_no_condition_2_1_6,25,2,624,700
loop_2056_circuit_no_condition_2_1_6,25,3,624,700
loop_2056_circuit_no_condition_2_1_6,25,4,5428,700
loop_2056_circuit_no_condition_2_1_6,25,5,624,700
loop_2056_circuit_no_condition_2_1_6,25,6,624,700
loop_2056_circuit_no_condition_2_1_6,25,7,624,700
loop_2056_circuit_no_condition_2_1_6,25,8,624,700
loop_2056_circuit_no_condition_2_1_6,25,9,624,700
loop_2056_circuit_no_condition_2_1_6,25,10,624,700
loop_2056_circuit_no_condition_2_1_6,25,11,624,700
loop_2056_circuit_no_condition_2_1_6,25,12,624,700
loop_2056_circuit_no_condition_2_1_6,25,13,624,700
loop_2056_circuit_no_condition_2_1_6,25,14,624,700
loop_2056_circuit_no_condition_2_1_6,25,15,624,700
loop_2056_circuit_no_condition_2_1_6,25,0,624,801
loop_2056_circuit_no_condition_2_1_6,25,1,624,801
loop_2056_circuit_no_condition_2_1_6,25,2,624,801
loop_2056_circuit_no_condition_2_1_6,25,3,624,801
loop_2056_circuit_no_condition_2_1_6,25,4,5427,801
loop_2056_circuit_no_condition_2_1_6,25,5,624,801
loop_2056_circuit_no_condition_2_1_6,25,6,624,801
loop_2056_circuit_no_condition_2_1_6,25,7,624,801
loop_2056_circuit_no_condition_2_1_6,25,8,624,801
loop_2056_circuit_no_condition_2_1_6,25,9,624,801
loop_2056_circuit_no_condition_2_1_6,25,10,624,801
loop_2056_circuit_no_condition_2_1_6,25,11,624,801
loop_2056_circuit_no_condition_2_1_6,25,12,624,801
loop_2056_circuit_no_condition_2_1_6,25,13,624,801
loop_2056_circuit_no_condition_2_1_6,25,14,624,801
loop_2056_circuit_no_condition_2_1_6,25,15,624,801
loop_2056_circuit_no_condition_2_1_6,25,0,624,901
loop_2056_circuit_no_condition_2_1_6,25,1,624,901
loop_2056_circuit_no_condition_2_1_6,25,2,624,901
loop_2056_circuit_no_condition_2_1_6,25,3,624,901
loop_2056_circuit_no_condition_2_1_6,25,4,5425,901
loop_2056_circuit_no_condition_2_1_6,25,5,624,901
loop_2056_circuit_no_condition_2_1_6,25,6,624,901
loop_2056_circuit_no_condition_2_1_6,25,7,624,901
loop_2056_circuit_no_condition_2_1_6,25,8,624,901
loop_2056_circuit_no_condition_2_1_6,25,9,624,901
loop_2056_circuit_no_condition_2_1_6,25,10,624,901
loop_2056_circuit_no_condition_2_1_6,25,11,624,901
loop_2056_circuit_no_condition_2_1_6,25,12,624,901
loop_2056_circuit_no_condition_2_1_6,25,13,624,901
loop_2056_circuit_no_condition_2_1_6,25,14,624,901
loop_2056_circuit_no_condition_2_1_6,25,15,624,901
loop_2056_circuit_no_condition_2_1_6,25,0,624,1001
loop_2056_circuit_no_condition_2_1_6,25,1,624,1001
loop_2056_circuit_no_condition_2_1_6,25,2,624,1001
loop_2056_circuit_no_condition_2_1_6,25,3,624,1001
loop_2056_circuit_no_condition_2_1_6,25,4,5427,1001
loop_2056_circuit_no_condition_2_1_6,25,5,624,1001
loop_2056_circuit_no_condition_2_1_6,25,6,624,1001
loop_2056_circuit_no_condition_2_1_6,25,7,4590,1001
loop_2056_circuit_no_condition_2_1_6,25,8,624,1001
loop_2056_circuit_no_condition_2_1_6,25,9,624,1001
loop_2056_circuit_no_condition_2_1_6,25,10,624,1001
loop_2056_circuit_no_condition_2_1_6,25,11,624,1001
loop_2056_circuit_no_condition_2_1_6,25,12,624,1001
loop_2056_circuit_no_condition_2_1_6,25,13,624,1001
loop_2056_circuit_no_condition_2_1_6,25,14,624,1001
loop_2056_circuit_no_condition_2_1_6,25,15,624,1001
loop_2056_circuit_no_condition_2_1_6,25,0,624,1100
loop_2056_circuit_no_condition_2_1_6,25,1,624,1100
loop_2056_circuit_no_condition_2_1_6,25,2,624,1100
loop_2056_circuit_no_condition_2_1_6,25,3,624,1100
loop_2056_circuit_no_condition_2_1_6,25,4,5428,1100
loop_2056_circuit_no_condition_2_1_6,25,5,624,1100
loop_2056_circuit_no_condition_2_1_6,25,6,624,1100
loop_2056_circuit_no_condition_2_1_6,25,7,624,1100
loop_2056_circuit_no_condition_2_1_6,25,8,624,1100
loop_2056_circuit_no_condition_2_1_6,25,9,624,1100
loop_2056_circuit_no_condition_2_1_6,25,10,624,1100
loop_2056_circuit_no_condition_2_1_6,25,11,624,1100
loop_2056_circuit_no_condition_2_1_6,25,12,624,1100
loop_2056_circuit_no_condition_2_1_6,25,13,624,1100
loop_2056_circuit_no_condition_2_1_6,25,14,624,1100
loop_2056_circuit_no_condition_2_1_6,25,15,624,1100
loop_2056_circuit_no_condition_2_1_6,25,0,624,1200
loop_2056_circuit_no_condition_2_1_6,25,1,624,1200
loop_2056_circuit_no_condition_2_1_6,25,2,624,1200
loop_2056_circuit_no_condition_2_1_6,25,3,624,1200
loop_2056_circuit_no_condition_2_1_6,25,4,5425,1200
loop_2056_circuit_no_condition_2_1_6,25,5,624,1200
loop_2056_circuit_no_condition_2_1_6,25,6,624,1200
loop_2056_circuit_no_condition_2_1_6,25,7,624,1200
loop_2056_circuit_no_condition_2_1_6,25,8,624,1200
loop_2056_circuit_no_condition_2_1_6,25,9,624,1200
loop_2056_circuit_no_condition_2_1_6,25,10,624,1200
loop_2056_circuit_no_condition_2_1_6,25,11,624,1200
loop_2056_circuit_no_condition_2_1_6,25,12,624,1200
loop_2056_circuit_no_condition_2_1_6,25,13,624,1200
loop_2056_circuit_no_condition_2_1_6,25,14,624,1200
loop_2056_circuit_no_condition_2_1_6,25,15,624,1200
loop_2056_circuit_no_condition_2_1_6,25,0,624,1301
loop_2056_circuit_no_condition_2_1_6,25,1,624,1301
loop_2056_circuit_no_condition_2_1_6,25,2,624,1301
loop_2056_circuit_no_condition_2_1_6,25,3,624,1301
loop_2056_circuit_no_condition_2_1_6,25,4,5426,1301
loop_2056_circuit_no_condition_2_1_6,25,5,624,1301
loop_2056_circuit_no_condition_2_1_6,25,6,624,1301
loop_2056_circuit_no_condition_2_1_6,25,7,624,1301
loop_2056_circuit_no_condition_2_1_6,25,8,624,1301
loop_2056_circuit_no_condition_2_1_6,25,9,624,1301
loop_2056_circuit_no_condition_2_1_6,25,10,624,1301
loop_2056_circuit_no_condition_2_1_6,25,11,624,1301
loop_2056_circuit_no_condition_2_1_6,25,12,624,1301
loop_2056_circuit_no_condition_2_1_6,25,13,624,1301
loop_2056_circuit_no_condition_2_1_6,25,14,624,1301
loop_2056_circuit_no_condition_2_1_6,25,15,624,1301
loop_2056_circuit_no_condition_2_1_6,25,0,624,1401
loop_2056_circuit_no_condition_2_1_6,25,1,624,1401
loop_2056_circuit_no_condition_2_1_6,25,2,624,1401
loop_2056_circuit_no_condition_2_1_6,25,3,624,1401
loop_2056_circuit_no_condition_2_1_6,25,4,5427,1401
loop_2056_circuit_no_condition_2_1_6,25,5,624,1401
loop_2056_circuit_no_condition_2_1_6,25,6,624,1401
loop_2056_circuit_no_condition_2_1_6,25,7,624,1401
loop_2056_circuit_no_condition_2_1_6,25,8,624,1401
loop_2056_circuit_no_condition_2_1_6,25,9,624,1401
loop_2056_circuit_no_condition_2_1_6,25,10,624,1401
loop_2056_circuit_no_condition_2_1_6,25,11,624,1401
loop_2056_circuit_no_condition_2_1_6,25,12,624,1401
loop_2056_circuit_no_condition_2_1_6,25,13,624,1401
loop_2056_circuit_no_condition_2_1_6,25,14,624,1401
loop_2056_circuit_no_condition_2_1_6,25,15,624,1401
loop_2056_circuit_no_condition_2_1_6,25,0,624,1501
loop_2056_circuit_no_condition_2_1_6,25,1,624,1501
loop_2056_circuit_no_condition_2_1_6,25,2,624,1501
loop_2056_circuit_no_condition_2_1_6,25,3,624,1501
loop_2056_circuit_no_condition_2_1_6,25,4,5428,1501
loop_2056_circuit_no_condition_2_1_6,25,5,624,1501
loop_2056_circuit_no_condition_2_1_6,25,6,624,1501
loop_2056_circuit_no_condition_2_1_6,25,7,624,1501
loop_2056_circuit_no_condition_2_1_6,25,8,624,1501
loop_2056_circuit_no_condition_2_1_6,25,9,624,1501
loop_2056_circuit_no_condition_2_1_6,25,10,624,1501
loop_2056_circuit_no_condition_2_1_6,25,11,624,1501
loop_2056_circuit_no_condition_2_1_6,25,12,624,1501
loop_2056_circuit_no_condition_2_1_6,25,13,624,1501
loop_2056_circuit_no_condition_2_1_6,25,14,624,1501
loop_2056_circuit_no_condition_2_1_6,25,15,624,1501
loop_2056_circuit_no_condition_2_1_6,25,0,624,1600
loop_2056_circuit_no_condition_2_1_6,25,1,624,1600
loop_2056_circuit_no_condition_2_1_6,25,2,624,1600
loop_2056_circuit_no_condition_2_1_6,25,3,624,1600
loop_2056_circuit_no_condition_2_1_6,25,4,5428,1600
loop_2056_circuit_no_condition_2_1_6,25,5,624,1600
loop_2056_circuit_no_condition_2_1_6,25,6,624,1600
loop_2056_circuit_no_condition_2_1_6,25,7,624,1600
loop_2056_circuit_no_condition_2_1_6,25,8,624,1600
loop_2056_circuit_no_condition_2_1_6,25,9,624,1600
loop_2056_circuit_no_condition_2_1_6,25,10,624,1600
loop_2056_circuit_no_condition_2_1_6,25,11,624,1600
loop_2056_circuit_no_condition_2_1_6,25,12,624,1600
loop_2056_circuit_no_condition_2_1_6,25,13,624,1600
loop_2056_circuit_no_condition_2_1_6,25,14,624,1600
loop_2056_circuit_no_condition_2_1_6,25,15,624,1600
loop_2056_circuit_no_condition_2_1_6,25,0,624,1701
loop_2056_circuit_no_condition_2_1_6,25,1,624,1701
loop_2056_circuit_no_condition_2_1_6,25,2,624,1701
loop_2056_circuit_no_condition_2_1_6,25,3,624,1701
loop_2056_circuit_no_condition_2_1_6,25,4,5426,1701
loop_2056_circuit_no_condition_2_1_6,25,5,624,1701
loop_2056_circuit_no_condition_2_1_6,25,6,624,1701
loop_2056_circuit_no_condition_2_1_6,25,7,624,1701
loop_2056_circuit_no_condition_2_1_6,25,8,624,1701
loop_2056_circuit_no_condition_2_1_6,25,9,624,1701
loop_2056_circuit_no_condition_2_1_6,25,10,624,1701
loop_2056_circuit_no_condition_2_1_6,25,11,624,1701
loop_2056_circuit_no_condition_2_1_6,25,12,624,1701
loop_2056_circuit_no_condition_2_1_6,25,13,624,1701
loop_2056_circuit_no_condition_2_1_6,25,14,624,1701
loop_2056_circuit_no_condition_2_1_6,25,15,624,1701
loop_2056_circuit_no_condition_2_1_6,25,0,624,1801
loop_2056_circuit_no_condition_2_1_6,25,1,624,1801
loop_2056_circuit_no_condition_2_1_6,25,2,624,1801
loop_2056_circuit_no_condition_2_1_6,25,3,624,1801
loop_2056_circuit_no_condition_2_1_6,25,4,5429,1801
loop_2056_circuit_no_condition_2_1_6,25,5,624,1801
loop_2056_circuit_no_condition_2_1_6,25,6,624,1801
loop_2056_circuit_no_condition_2_1_6,25,7,624,1801
loop_2056_circuit_no_condition_2_1_6,25,8,624,1801
loop_2056_circuit_no_condition_2_1_6,25,9,624,1801
loop_2056_circuit_no_condition_2_1_6,25,10,624,1801
loop_2056_circuit_no_condition_2_1_6,25,11,624,1801
loop_2056_circuit_no_condition_2_1_6,25,12,624,1801
loop_2056_circuit_no_condition_2_1_6,25,13,624,1801
loop_2056_circuit_no_condition_2_1_6,25,14,624,1801
loop_2056_circuit_no_condition_2_1_6,25,15,624,1801
loop_2056_circuit_no_condition_2_1_6,25,0,5422,1901
loop_2056_circuit_no_condition_2_1_6,25,1,5428,1901
loop_2056_circuit_no_condition_2_1_6,25,2,624,1901
loop_2056_circuit_no_condition_2_1_6,25,3,5427,1901
loop_2056_circuit_no_condition_2_1_6,25,4,5387,1901
loop_2056_circuit_no_condition_2_1_6,25,5,5422,1901
loop_2056_circuit_no_condition_2_1_6,25,6,624,1901
loop_2056_circuit_no_condition_2_1_6,25,7,5425,1901
loop_2056_circuit_no_condition_2_1_6,25,8,5374,1901
loop_2056_circuit_no_condition_2_1_6,25,9,5413,1901
loop_2056_circuit_no_condition_2_1_6,25,10,5387,1901
loop_2056_circuit_no_condition_2_1_6,25,11,5411,1901
loop_2056_circuit_no_condition_2_1_6,25,12,5413,1901
loop_2056_circuit_no_condition_2_1_6,25,13,5416,1901
loop_2056_circuit_no_condition_2_1_6,25,14,5427,1901
loop_2056_circuit_no_condition_2_1_6,25,15,5386,1901
loop_2056_circuit_no_condition_2_1_6,26,0,5430,1
loop_2056_circuit_no_condition_2_1_6,26,1,5431,1
loop_2056_circuit_no_condition_2_1_6,26,2,624,1
loop_2056_circuit_no_condition_2_1_6,26,3,5424,1
loop_2056_circuit_no_condition_2_1_6,26,4,5432,1
loop_2056_circuit_no_condition_2_1_6,26,5,5430,1
loop_2056_circuit_no_condition_2_1_6,26,6,5431,1
loop_2056_circuit_no_condition_2_1_6,26,7,5391,1
loop_2056_circuit_no_condition_2_1_6,26,8,624,1
loop_2056_circuit_no_condition_2_1_6,26,9,5437,1
loop_2056_circuit_no_condition_2_1_6,26,10,5428,1
loop_2056_circuit_no_condition_2_1_6,26,11,5424,1
loop_2056_circuit_no_condition_2_1_6,26,12,5432,1
loop_2056_circuit_no_condition_2_1_6,26,13,5405,1
loop_2056_circuit_no_condition_2_1_6,26,14,5421,1
loop_2056_circuit_no_condition_2_1_6,26,15,5422,1
loop_2056_circuit_no_condition_2_1_6,26,0,5422,100
loop_2056_circuit_no_condition_2_1_6,26,1,5420,100
loop_2056_circuit_no_condition_2_1_6,26,2,5403,100
loop_2056_circuit_no_condition_2_1_6,26,3,5407,100
loop_2056_circuit_no_condition_2_1_6,26,4,5403,100
loop_2056_circuit_no_condition_2_1_6,26,5,5422,100
loop_2056_circuit_no_condition_2_1_6,26,6,5402,100
loop_2056_circuit_no_condition_2_1_6,26,7,5411,100
loop_2056_circuit_no_condition_2_1_6,26,8,5414,100
loop_2056_circuit_no_condition_2_1_6,26,9,5411,100
loop_2056_circuit_no_condition_2_1_6,26,10,5411,100
loop_2056_circuit_no_condition_2_1_6,26,11,5414,100
loop_2056_circuit_no_condition_2_1_6,26,12,5416,100
loop_2056_circuit_no_condition_2_1_6,26,13,5407,100
loop_2056_circuit_no_condition_2_1_6,26,14,5406,100
loop_2056_circuit_no_condition_2_1_6,26,15,5379,100
loop_2056_circuit_no_condition_2_1_6,26,0,5402,200
loop_2056_circuit_no_condition_2_1_6,26,1,5419,200
loop_2056_circuit_no_condition_2_1_6,26,2,5421,200
loop_2056_circuit_no_condition_2_1_6,26,3,5391,200
loop_2056_circuit_no_condition_2_1_6,26,4,5425,200
loop_2056_circuit_no_condition_2_1_6,26,5,5339,200
loop_2056_circuit_no_condition_2_1_6,26,6,5426,200
loop_2056_circuit_no_condition_2_1_6,26,7,5420,200
loop_2056_circuit_no_condition_2_1_6,26,8,5307,200
loop_2056_circuit_no_condition_2_1_6,26,9,5431,200
loop_2056_circuit_no_condition_2_1_6,26,10,5428,200
loop_2056_circuit_no_condition_2_1_6,26,11,5421,200
loop_2056_circuit_no_condition_2_1_6,26,12,5421,200
loop_2056_circuit_no_condition_2_1_6,26,13,5394,200
loop_2056_circuit_no_condition_2_1_6,26,14,5427,200
loop_2056_circuit_no_condition_2_1_6,26,15,5422,200
loop_2056_circuit_no_condition_2_1_6,26,0,5429,300
loop_2056_circuit_no_condition_2_1_6,26,1,624,300
loop_2056_circuit_no_condition_2_1_6,26,2,624,300
loop_2056_circuit_no_condition_2_1_6,26,3,5376,300
loop_2056_circuit_no_condition_2_1_6,26,4,5426,300
loop_2056_circuit_no_condition_2_1_6,26,5,4949,300
loop_2056_circuit_no_condition_2_1_6,26,6,5423,300
loop_2056_circuit_no_condition_2_1_6,26,7,624,300
loop_2056_circuit_no_condition_2_1_6,26,8,5426,300
loop_2056_circuit_no_condition_2_1_6,26,9,624,300
loop_2056_circuit_no_condition_2_1_6,26,10,5424,300
loop_2056_circuit_no_condition_2_1_6,26,11,5422,300
loop_2056_circuit_no_condition_2_1_6,26,12,5427,300
loop_2056_circuit_no_condition_2_1_6,26,13,5429,300
loop_2056_circuit_no_condition_2_1_6,26,14,624,300
loop_2056_circuit_no_condition_2_1_6,26,15,5422,300
loop_2056_circuit_no_condition_2_1_6,26,0,624,400
loop_2056_circuit_no_condition_2_1_6,26,1,624,400
loop_2056_circuit_no_condition_2_1_6,26,2,624,400
loop_2056_circuit_no_condition_2_1_6,26,3,624,400
loop_2056_circuit_no_condition_2_1_6,26,4,624,400
loop_2056_circuit_no_condition_2_1_6,26,5,5427,400
loop_2056_circuit_no_condition_2_1_6,26,6,624,400
loop_2056_circuit_no_condition_2_1_6,26,7,624,400
loop_2056_circuit_no_condition_2_1_6,26,8,624,400
loop_2056_circuit_no_condition_2_1_6,26,9,624,400
loop_2056_circuit_no_condition_2_1_6,26,10,624,400
loop_2056_circuit_no_condition_2_1_6,26,11,624,400
loop_2056_circuit_no_condition_2_1_6,26,12,624,400
loop_2056_circuit_no_condition_2_1_6,26,13,624,400
loop_2056_circuit_no_condition_2_1_6,26,14,624,400
loop_2056_circuit_no_condition_2_1_6,26,15,624,400
loop_2056_circuit_no_condition_2_1_6,26,0,4729,501
loop_2056_circuit_no_condition_2_1_6,26,1,624,501
loop_2056_circuit_no_condition_2_1_6,26,2,624,501
loop_2056_circuit_no_condition_2_1_6,26,3,624,501
loop_2056_circuit_no_condition_2_1_6,26,4,624,501
loop_2056_circuit_no_condition_2_1_6,26,5,5423,501
loop_2056_circuit_no_condition_2_1_6,26,6,624,501
loop_2056_circuit_no_condition_2_1_6,26,7,4534,501
loop_2056_circuit_no_condition_2_1_6,26,8,4409,501
loop_2056_circuit_no_condition_2_1_6,26,9,624,501
loop_2056_circuit_no_condition_2_1_6,26,10,624,501
loop_2056_circuit_no_condition_2_1_6,26,11,624,501
loop_2056_circuit_no_condition_2_1_6,26,12,624,501
loop_2056_circuit_no_condition_2_1_6,26,13,624,501
loop_2056_circuit_no_condition_2_1_6,26,14,624,501
loop_2056_circuit_no_condition_2_1_6,26,15,624,501
loop_2056_circuit_no_condition_2_1_6,26,0,624,600
loop_2056_circuit_no_condition_2_1_6,26,1,624,600
loop_2056_circuit_no_condition_2_1_6,26,2,624,600
loop_2056_circuit_no_condition_2_1_6,26,3,624,600
loop_2056_circuit_no_condition_2_1_6,26,4,624,600
loop_2056_circuit_no_condition_2_1_6,26,5,5424,600
loop_2056_circuit_no_condition_2_1_6,26,6,624,600
loop_2056_circuit_no_condition_2_1_6,26,7,624,600
loop_2056_circuit_no_condition_2_1_6,26,8,624,600
loop_2056_circuit_no_condition_2_1_6,26,9,624,600
loop_2056_circuit_no_condition_2_1_6,26,10,624,600
loop_2056_circuit_no_condition_2_1_6,26,11,624,600
loop_2056_circuit_no_condition_2_1_6,26,12,624,600
loop_2056_circuit_no_condition_2_1_6,26,13,624,600
loop_2056_circuit_no_condition_2_1_6,26,14,624,600
loop_2056_circuit_no_condition_2_1_6,26,15,624,600
loop_2056_circuit_no_condition_2_1_6,26,0,624,700
loop_2056_circuit_no_condition_2_1_6,26,1,624,700
loop_2056_circuit_no_condition_2_1_6,26,2,624,700
loop_2056_circuit_no_condition_2_1_6,26,3,624,700
loop_2056_circuit_no_condition_2_1_6,26,4,624,700
loop_2056_circuit_no_condition_2_1_6,26,5,5428,700
loop_2056_circuit_no_condition_2_1_6,26,6,624,700
loop_2056_circuit_no_condition_2_1_6,26,7,624,700
loop_2056_circuit_no_condition_2_1_6,26,8,4337,700
loop_2056_circuit_no_condition_2_1_6,26,9,624,700
loop_2056_circuit_no_condition_2_1_6,26,10,624,700
loop_2056_circuit_no_condition_2_1_6,26,11,624,700
loop_2056_circuit_no_condition_2_1_6,26,12,624,700
loop_2056_circuit_no_condition_2_1_6,26,13,624,700
loop_2056_circuit_no_condition_2_1_6,26,14,624,700
loop_2056_circuit_no_condition_2_1_6,26,15,624,700
loop_2056_circuit_no_condition_2_1_6,26,0,624,801
loop_2056_circuit_no_condition_2_1_6,26,1,624,801
loop_2056_circuit_no_condition_2_1_6,26,2,624,801
loop_2056_circuit_no_condition_2_1_6,26,3,624,801
loop_2056_circuit_no_condition_2_1_6,26,4,624,801
loop_2056_circuit_no_condition_2_1_6,26,5,5427,801
loop_2056_circuit_no_condition_2_1_6,26,6,624,801
loop_2056_circuit_no_condition_2_1_6,26,7,624,801
loop_2056_circuit_no_condition_2_1_6,26,8,3744,801
loop_2056_circuit_no_condition_2_1_6,26,9,624,801
loop_2056_circuit_no_condition_2_1_6,26,10,624,801
loop_2056_circuit_no_condition_2_1_6,26,11,624,801
loop_2056_circuit_no_condition_2_1_6,26,12,624,801
loop_2056_circuit_no_condition_2_1_6,26,13,624,801
loop_2056_circuit_no_condition_2_1_6,26,14,624,801
loop_2056_circuit_no_condition_2_1_6,26,15,624,801
loop_2056_circuit_no_condition_2_1_6,26,0,624,901
loop_2056_circuit_no_condition_2_1_6,26,1,624,901
loop_2056_circuit_no_condition_2_1_6,26,2,624,901
loop_2056_circuit_no_condition_2_1_6,26,3,624,901
loop_2056_circuit_no_condition_2_1_6,26,4,624,901
loop_2056_circuit_no_condition_2_1_6,26,5,5430,901
loop_2056_circuit_no_condition_2_1_6,26,6,624,901
loop_2056_circuit_no_condition_2_1_6,26,7,624,901
loop_2056_circuit_no_condition_2_1_6,26,8,624,901
loop_2056_circuit_no_condition_2_1_6,26,9,624,901
loop_2056_circuit_no_condition_2_1_6,26,10,624,901
loop_2056_circuit_no_condition_2_1_6,26,11,624,901
loop_2056_circuit_no_condition_2_1_6,26,12,624,901
loop_2056_circuit_no_condition_2_1_6,26,13,624,901
loop_2056_circuit_no_condition_2_1_6,26,14,624,901
loop_2056_circuit_no_condition_2_1_6,26,15,624,901
loop_2056_circuit_no_condition_2_1_6,26,0,624,1000
loop_2056_circuit_no_condition_2_1_6,26,1,624,1000
loop_2056_circuit_no_condition_2_1_6,26,2,624,1000
loop_2056_circuit_no_condition_2_1_6,26,3,624,1000
loop_2056_circuit_no_condition_2_1_6,26,4,624,1000
loop_2056_circuit_no_condition_2_1_6,26,5,5428,1000
loop_2056_circuit_no_condition_2_1_6,26,6,624,1000
loop_2056_circuit_no_condition_2_1_6,26,7,624,1000
loop_2056_circuit_no_condition_2_1_6,26,8,624,1000
loop_2056_circuit_no_condition_2_1_6,26,9,624,1000
loop_2056_circuit_no_condition_2_1_6,26,10,624,1000
loop_2056_circuit_no_condition_2_1_6,26,11,624,1000
loop_2056_circuit_no_condition_2_1_6,26,12,624,1000
loop_2056_circuit_no_condition_2_1_6,26,13,624,1000
loop_2056_circuit_no_condition_2_1_6,26,14,624,1000
loop_2056_circuit_no_condition_2_1_6,26,15,624,1000
loop_2056_circuit_no_condition_2_1_6,26,0,624,1100
loop_2056_circuit_no_condition_2_1_6,26,1,624,1100
loop_2056_circuit_no_condition_2_1_6,26,2,624,1100
loop_2056_circuit_no_condition_2_1_6,26,3,624,1100
loop_2056_circuit_no_condition_2_1_6,26,4,624,1100
loop_2056_circuit_no_condition_2_1_6,26,5,5430,1100
loop_2056_circuit_no_condition_2_1_6,26,6,624,1100
loop_2056_circuit_no_condition_2_1_6,26,7,624,1100
loop_2056_circuit_no_condition_2_1_6,26,8,624,1100
loop_2056_circuit_no_condition_2_1_6,26,9,624,1100
loop_2056_circuit_no_condition_2_1_6,26,10,624,1100
loop_2056_circuit_no_condition_2_1_6,26,11,624,1100
loop_2056_circuit_no_condition_2_1_6,26,12,624,1100
loop_2056_circuit_no_condition_2_1_6,26,13,624,1100
loop_2056_circuit_no_condition_2_1_6,26,14,624,1100
loop_2056_circuit_no_condition_2_1_6,26,15,624,1100
loop_2056_circuit_no_condition_2_1_6,26,0,624,1201
loop_2056_circuit_no_condition_2_1_6,26,1,624,1201
loop_2056_circuit_no_condition_2_1_6,26,2,624,1201
loop_2056_circuit_no_condition_2_1_6,26,3,624,1201
loop_2056_circuit_no_condition_2_1_6,26,4,624,1201
loop_2056_circuit_no_condition_2_1_6,26,5,5431,1201
loop_2056_circuit_no_condition_2_1_6,26,6,4187,1201
loop_2056_circuit_no_condition_2_1_6,26,7,624,1201
loop_2056_circuit_no_condition_2_1_6,26,8,4421,1201
loop_2056_circuit_no_condition_2_1_6,26,9,624,1201
loop_2056_circuit_no_condition_2_1_6,26,10,624,1201
loop_2056_circuit_no_condition_2_1_6,26,11,624,1201
loop_2056_circuit_no_condition_2_1_6,26,12,624,1201
loop_2056_circuit_no_condition_2_1_6,26,13,624,1201
loop_2056_circuit_no_condition_2_1_6,26,14,624,1201
loop_2056_circuit_no_condition_2_1_6,26,15,624,1201
loop_2056_circuit_no_condition_2_1_6,26,0,624,1301
loop_2056_circuit_no_condition_2_1_6,26,1,624,1301
loop_2056_circuit_no_condition_2_1_6,26,2,624,1301
loop_2056_circuit_no_condition_2_1_6,26,3,624,1301
loop_2056_circuit_no_condition_2_1_6,26,4,624,1301
loop_2056_circuit_no_condition_2_1_6,26,5,5429,1301
loop_2056_circuit_no_condition_2_1_6,26,6,624,1301
loop_2056_circuit_no_condition_2_1_6,26,7,624,1301
loop_2056_circuit_no_condition_2_1_6,26,8,2704,1301
loop_2056_circuit_no_condition_2_1_6,26,9,624,1301
loop_2056_circuit_no_condition_2_1_6,26,10,624,1301
loop_2056_circuit_no_condition_2_1_6,26,11,624,1301
loop_2056_circuit_no_condition_2_1_6,26,12,624,1301
loop_2056_circuit_no_condition_2_1_6,26,13,624,1301
loop_2056_circuit_no_condition_2_1_6,26,14,624,1301
loop_2056_circuit_no_condition_2_1_6,26,15,624,1301
loop_2056_circuit_no_condition_2_1_6,26,0,624,1400
loop_2056_circuit_no_condition_2_1_6,26,1,624,1400
loop_2056_circuit_no_condition_2_1_6,26,2,624,1400
loop_2056_circuit_no_condition_2_1_6,26,3,624,1400
loop_2056_circuit_no_condition_2_1_6,26,4,624,1400
loop_2056_circuit_no_condition_2_1_6,26,5,5431,1400
loop_2056_circuit_no_condition_2_1_6,26,6,3716,1400
loop_2056_circuit_no_condition_2_1_6,26,7,624,1400
loop_2056_circuit_no_condition_2_1_6,26,8,624,1400
loop_2056_circuit_no_condition_2_1_6,26,9,624,1400
loop_2056_circuit_no_condition_2_1_6,26,10,624,1400
loop_2056_circuit_no_condition_2_1_6,26,11,624,1400
loop_2056_circuit_no_condition_2_1_6,26,12,624,1400
loop_2056_circuit_no_condition_2_1_6,26,13,624,1400
loop_2056_circuit_no_condition_2_1_6,26,14,624,1400
loop_2056_circuit_no_condition_2_1_6,26,15,624,1400
loop_2056_circuit_no_condition_2_1_6,26,0,624,1500
loop_2056_circuit_no_condition_2_1_6,26,1,624,1500
loop_2056_circuit_no_condition_2_1_6,26,2,624,1500
loop_2056_circuit_no_condition_2_1_6,26,3,624,1500
loop_2056_circuit_no_condition_2_1_6,26,4,624,1500
loop_2056_circuit_no_condition_2_1_6,26,5,5428,1500
loop_2056_circuit_no_condition_2_1_6,26,6,624,1500
loop_2056_circuit_no_condition_2_1_6,26,7,4588,1500
loop_2056_circuit_no_condition_2_1_6,26,8,624,1500
loop_2056_circuit_no_condition_2_1_6,26,9,624,1500
loop_2056_circuit_no_condition_2_1_6,26,10,624,1500
loop_2056_circuit_no_condition_2_1_6,26,11,624,1500
loop_2056_circuit_no_condition_2_1_6,26,12,624,1500
loop_2056_circuit_no_condition_2_1_6,26,13,624,1500
loop_2056_circuit_no_condition_2_1_6,26,14,624,1500
loop_2056_circuit_no_condition_2_1_6,26,15,624,1500
loop_2056_circuit_no_condition_2_1_6,26,0,624,1600
loop_2056_circuit_no_condition_2_1_6,26,1,624,1600
loop_2056_circuit_no_condition_2_1_6,26,2,624,1600
loop_2056_circuit_no_condition_2_1_6,26,3,624,1600
loop_2056_circuit_no_condition_2_1_6,26,4,624,1600
loop_2056_circuit_no_condition_2_1_6,26,5,5431,1600
loop_2056_circuit_no_condition_2_1_6,26,6,624,1600
loop_2056_circuit_no_condition_2_1_6,26,7,624,1600
loop_2056_circuit_no_condition_2_1_6,26,8,624,1600
loop_2056_circuit_no_condition_2_1_6,26,9,624,1600
loop_2056_circuit_no_condition_2_1_6,26,10,624,1600
loop_2056_circuit_no_condition_2_1_6,26,11,624,1600
loop_2056_circuit_no_condition_2_1_6,26,12,624,1600
loop_2056_circuit_no_condition_2_1_6,26,13,624,1600
loop_2056_circuit_no_condition_2_1_6,26,14,624,1600
loop_2056_circuit_no_condition_2_1_6,26,15,624,1600
loop_2056_circuit_no_condition_2_1_6,26,0,624,1701
loop_2056_circuit_no_condition_2_1_6,26,1,624,1701
loop_2056_circuit_no_condition_2_1_6,26,2,624,1701
loop_2056_circuit_no_condition_2_1_6,26,3,624,1701
loop_2056_circuit_no_condition_2_1_6,26,4,624,1701
loop_2056_circuit_no_condition_2_1_6,26,5,5430,1701
loop_2056_circuit_no_condition_2_1_6,26,6,624,1701
loop_2056_circuit_no_condition_2_1_6,26,7,624,1701
loop_2056_circuit_no_condition_2_1_6,26,8,624,1701
loop_2056_circuit_no_condition_2_1_6,26,9,624,1701
loop_2056_circuit_no_condition_2_1_6,26,10,624,1701
loop_2056_circuit_no_condition_2_1_6,26,11,624,1701
loop_2056_circuit_no_condition_2_1_6,26,12,624,1701
loop_2056_circuit_no_condition_2_1_6,26,13,624,1701
loop_2056_circuit_no_condition_2_1_6,26,14,624,1701
loop_2056_circuit_no_condition_2_1_6,26,15,624,1701
loop_2056_circuit_no_condition_2_1_6,26,0,624,1801
loop_2056_circuit_no_condition_2_1_6,26,1,624,1801
loop_2056_circuit_no_condition_2_1_6,26,2,624,1801
loop_2056_circuit_no_condition_2_1_6,26,3,624,1801
loop_2056_circuit_no_condition_2_1_6,26,4,624,1801
loop_2056_circuit_no_condition_2_1_6,26,5,5431,1801
loop_2056_circuit_no_condition_2_1_6,26,6,624,1801
loop_2056_circuit_no_condition_2_1_6,26,7,624,1801
loop_2056_circuit_no_condition_2_1_6,26,8,4374,1801
loop_2056_circuit_no_condition_2_1_6,26,9,624,1801
loop_2056_circuit_no_condition_2_1_6,26,10,624,1801
loop_2056_circuit_no_condition_2_1_6,26,11,624,1801
loop_2056_circuit_no_condition_2_1_6,26,12,624,1801
loop_2056_circuit_no_condition_2_1_6,26,13,624,1801
loop_2056_circuit_no_condition_2_1_6,26,14,624,1801
loop_2056_circuit_no_condition_2_1_6,26,15,624,1801
loop_2056_circuit_no_condition_2_1_6,26,0,624,1900
loop_2056_circuit_no_condition_2_1_6,26,1,624,1900
loop_2056_circuit_no_condition_2_1_6,26,2,3897,1900
loop_2056_circuit_no_condition_2_1_6,26,3,624,1900
loop_2056_circuit_no_condition_2_1_6,26,4,624,1900
loop_2056_circuit_no_condition_2_1_6,26,5,5418,1900
loop_2056_circuit_no_condition_2_1_6,26,6,624,1900
loop_2056_circuit_no_condition_2_1_6,26,7,624,1900
loop_2056_circuit_no_condition_2_1_6,26,8,5212,1900
loop_2056_circuit_no_condition_2_1_6,26,9,5418,1900
loop_2056_circuit_no_condition_2_1_6,26,10,624,1900
loop_2056_circuit_no_condition_2_1_6,26,11,624,1900
loop_2056_circuit_no_condition_2_1_6,26,12,624,1900
loop_2056_circuit_no_condition_2_1_6,26,13,624,1900
loop_2056_circuit_no_condition_2_1_6,26,14,3416,1900
loop_2056_circuit_no_condition_2_1_6,26,15,624,1900
loop_2056_circuit_no_condition_2_1_6,27,0,624,1
loop_2056_circuit_no_condition_2_1_6,27,1,5426,1
loop_2056_circuit_no_condition_2_1_6,27,2,624,1
loop_2056_circuit_no_condition_2_1_6,27,3,5430,1
loop_2056_circuit_no_condition_2_1_6,27,4,5429,1
loop_2056_circuit_no_condition_2_1_6,27,5,5429,1
loop_2056_circuit_no_condition_2_1_6,27,6,5429,1
loop_2056_circuit_no_condition_2_1_6,27,7,5428,1
loop_2056_circuit_no_condition_2_1_6,27,8,5419,1
loop_2056_circuit_no_condition_2_1_6,27,9,5424,1
loop_2056_circuit_no_condition_2_1_6,27,10,624,1
loop_2056_circuit_no_condition_2_1_6,27,11,624,1
loop_2056_circuit_no_condition_2_1_6,27,12,624,1
loop_2056_circuit_no_condition_2_1_6,27,13,5413,1
loop_2056_circuit_no_condition_2_1_6,27,14,5405,1
loop_2056_circuit_no_condition_2_1_6,27,15,5427,1
loop_2056_circuit_no_condition_2_1_6,27,0,5431,101
loop_2056_circuit_no_condition_2_1_6,27,1,5428,101
loop_2056_circuit_no_condition_2_1_6,27,2,5400,101
loop_2056_circuit_no_condition_2_1_6,27,3,5415,101
loop_2056_circuit_no_condition_2_1_6,27,4,5424,101
loop_2056_circuit_no_condition_2_1_6,27,5,5431,101
loop_2056_circuit_no_condition_2_1_6,27,6,5374,101
loop_2056_circuit_no_condition_2_1_6,27,7,5428,101
loop_2056_circuit_no_condition_2_1_6,27,8,5417,101
loop_2056_circuit_no_condition_2_1_6,27,9,5374,101
loop_2056_circuit_no_condition_2_1_6,27,10,5423,101
loop_2056_circuit_no_condition_2_1_6,27,11,5401,101
loop_2056_circuit_no_condition_2_1_6,27,12,5372,101
loop_2056_circuit_no_condition_2_1_6,27,13,5424,101
loop_2056_circuit_no_condition_2_1_6,27,14,5433,101
loop_2056_circuit_no_condition_2_1_6,27,15,5421,101
loop_2056_circuit_no_condition_2_1_6,27,0,5428,201
loop_2056_circuit_no_condition_2_1_6,27,1,5416,201
loop_2056_circuit_no_condition_2_1_6,27,2,5399,201
loop_2056_circuit_no_condition_2_1_6,27,3,5385,201
loop_2056_circuit_no_condition_2_1_6,27,4,5428,201
loop_2056_circuit_no_condition_2_1_6,27,5,5411,201
loop_2056_circuit_no_condition_2_1_6,27,6,5388,201
loop_2056_circuit_no_condition_2_1_6,27,7,5388,201
loop_2056_circuit_no_condition_2_1_6,27,8,5430,201
loop_2056_circuit_no_condition_2_1_6,27,9,5413,201
loop_2056_circuit_no_condition_2_1_6,27,10,5367,201
loop_2056_circuit_no_condition_2_1_6,27,11,5427,201
loop_2056_circuit_no_condition_2_1_6,27,12,5424,201
loop_2056_circuit_no_condition_2_1_6,27,13,5422,201
loop_2056_circuit_no_condition_2_1_6,27,14,5430,201
loop_2056_circuit_no_condition_2_1_6,27,15,5418,201
loop_2056_circuit_no_condition_2_1_6,27,0,624,301
loop_2056_circuit_no_condition_2_1_6,27,1,5427,301
loop_2056_circuit_no_condition_2_1_6,27,2,624,301
loop_2056_circuit_no_condition_2_1_6,27,3,624,301
loop_2056_circuit_no_condition_2_1_6,27,4,5424,301
loop_2056_circuit_no_condition_2_1_6,27,5,624,301
loop_2056_circuit_no_condition_2_1_6,27,6,624,301
loop_2056_circuit_no_condition_2_1_6,27,7,5420,301
loop_2056_circuit_no_condition_2_1_6,27,8,624,301
loop_2056_circuit_no_condition_2_1_6,27,9,624,301
loop_2056_circuit_no_condition_2_1_6,27,10,624,301
loop_2056_circuit_no_condition_2_1_6,27,11,5426,301
loop_2056_circuit_no_condition_2_1_6,27,12,5421,301
loop_2056_circuit_no_condition_2_1_6,27,13,5424,301
loop_2056_circuit_no_condition_2_1_6,27,14,624,301
loop_2056_circuit_no_condition_2_1_6,27,15,624,301
loop_2056_circuit_no_condition_2_1_6,27,0,624,401
loop_2056_circuit_no_condition_2_1_6,27,1,624,401
loop_2056_circuit_no_condition_2_1_6,27,2,624,401
loop_2056_circuit_no_condition_2_1_6,27,3,624,401
loop_2056_circuit_no_condition_2_1_6,27,4,5425,401
loop_2056_circuit_no_condition_2_1_6,27,5,624,401
loop_2056_circuit_no_condition_2_1_6,27,6,624,401
loop_2056_circuit_no_condition_2_1_6,27,7,624,401
loop_2056_circuit_no_condition_2_1_6,27,8,624,401
loop_2056_circuit_no_condition_2_1_6,27,9,624,401
loop_2056_circuit_no_condition_2_1_6,27,10,624,401
loop_2056_circuit_no_condition_2_1_6,27,11,624,401
loop_2056_circuit_no_condition_2_1_6,27,12,624,401
loop_2056_circuit_no_condition_2_1_6,27,13,5427,401
loop_2056_circuit_no_condition_2_1_6,27,14,624,401
loop_2056_circuit_no_condition_2_1_6,27,15,624,401
loop_2056_circuit_no_condition_2_1_6,27,0,624,501
loop_2056_circuit_no_condition_2_1_6,27,1,624,501
loop_2056_circuit_no_condition_2_1_6,27,2,624,501
loop_2056_circuit_no_condition_2_1_6,27,3,4487,501
loop_2056_circuit_no_condition_2_1_6,27,4,5428,501
loop_2056_circuit_no_condition_2_1_6,27,5,624,501
loop_2056_circuit_no_condition_2_1_6,27,6,624,501
loop_2056_circuit_no_condition_2_1_6,27,7,4669,501
loop_2056_circuit_no_condition_2_1_6,27,8,624,501
loop_2056_circuit_no_condition_2_1_6,27,9,624,501
loop_2056_circuit_no_condition_2_1_6,27,10,624,501
loop_2056_circuit_no_condition_2_1_6,27,11,624,501
loop_2056_circuit_no_condition_2_1_6,27,12,624,501
loop_2056_circuit_no_condition_2_1_6,27,13,5432,501
loop_2056_circuit_no_condition_2_1_6,27,14,624,501
loop_2056_circuit_no_condition_2_1_6,27,15,624,501
loop_2056_circuit_no_condition_2_1_6,27,0,624,600
loop_2056_circuit_no_condition_2_1_6,27,1,624,600
loop_2056_circuit_no_condition_2_1_6,27,2,624,600
loop_2056_circuit_no_condition_2_1_6,27,3,624,600
loop_2056_circuit_no_condition_2_1_6,27,4,5431,600
loop_2056_circuit_no_condition_2_1_6,27,5,624,600
loop_2056_circuit_no_condition_2_1_6,27,6,624,600
loop_2056_circuit_no_condition_2_1_6,27,7,4741,600
loop_2056_circuit_no_condition_2_1_6,27,8,624,600
loop_2056_circuit_no_condition_2_1_6,27,9,624,600
loop_2056_circuit_no_condition_2_1_6,27,10,624,600
loop_2056_circuit_no_condition_2_1_6,27,11,624,600
loop_2056_circuit_no_condition_2_1_6,27,12,624,600
loop_2056_circuit_no_condition_2_1_6,27,13,5427,600
loop_2056_circuit_no_condition_2_1_6,27,14,624,600
loop_2056_circuit_no_condition_2_1_6,27,15,624,600
loop_2056_circuit_no_condition_2_1_6,27,0,624,701
loop_2056_circuit_no_condition_2_1_6,27,1,624,701
loop_2056_circuit_no_condition_2_1_6,27,2,624,701
loop_2056_circuit_no_condition_2_1_6,27,3,624,701
loop_2056_circuit_no_condition_2_1_6,27,4,624,701
loop_2056_circuit_no_condition_2_1_6,27,5,5420,701
loop_2056_circuit_no_condition_2_1_6,27,6,5429,701
loop_2056_circuit_no_condition_2_1_6,27,7,624,701
loop_2056_circuit_no_condition_2_1_6,27,8,624,701
loop_2056_circuit_no_condition_2_1_6,27,9,624,701
loop_2056_circuit_no_condition_2_1_6,27,10,624,701
loop_2056_circuit_no_condition_2_1_6,27,11,624,701
loop_2056_circuit_no_condition_2_1_6,27,12,624,701
loop_2056_circuit_no_condition_2_1_6,27,13,5429,701
loop_2056_circuit_no_condition_2_1_6,27,14,624,701
loop_2056_circuit_no_condition_2_1_6,27,15,624,701
loop_2056_circuit_no_condition_2_1_6,27,0,624,801
loop_2056_circuit_no_condition_2_1_6,27,1,5442,801
loop_2056_circuit_no_condition_2_1_6,27,2,624,801
loop_2056_circuit_no_condition_2_1_6,27,3,624,801
loop_2056_circuit_no_condition_2_1_6,27,4,624,801
loop_2056_circuit_no_condition_2_1_6,27,5,624,801
loop_2056_circuit_no_condition_2_1_6,27,6,624,801
loop_2056_circuit_no_condition_2_1_6,27,7,624,801
loop_2056_circuit_no_condition_2_1_6,27,8,624,801
loop_2056_circuit_no_condition_2_1_6,27,9,624,801
loop_2056_circuit_no_condition_2_1_6,27,10,624,801
loop_2056_circuit_no_condition_2_1_6,27,11,624,801
loop_2056_circuit_no_condition_2_1_6,27,12,624,801
loop_2056_circuit_no_condition_2_1_6,27,13,5426,801
loop_2056_circuit_no_condition_2_1_6,27,14,624,801
loop_2056_circuit_no_condition_2_1_6,27,15,624,801
loop_2056_circuit_no_condition_2_1_6,27,0,624,901
loop_2056_circuit_no_condition_2_1_6,27,1,624,901
loop_2056_circuit_no_condition_2_1_6,27,2,624,901
loop_2056_circuit_no_condition_2_1_6,27,3,5416,901
loop_2056_circuit_no_condition_2_1_6,27,4,624,901
loop_2056_circuit_no_condition_2_1_6,27,5,624,901
loop_2056_circuit_no_condition_2_1_6,27,6,624,901
loop_2056_circuit_no_condition_2_1_6,27,7,624,901
loop_2056_circuit_no_condition_2_1_6,27,8,624,901
loop_2056_circuit_no_condition_2_1_6,27,9,624,901
loop_2056_circuit_no_condition_2_1_6,27,10,624,901
loop_2056_circuit_no_condition_2_1_6,27,11,624,901
loop_2056_circuit_no_condition_2_1_6,27,12,624,901
loop_2056_circuit_no_condition_2_1_6,27,13,5426,901
loop_2056_circuit_no_condition_2_1_6,27,14,624,901
loop_2056_circuit_no_condition_2_1_6,27,15,624,901
loop_2056_circuit_no_condition_2_1_6,27,0,624,1001
loop_2056_circuit_no_condition_2_1_6,27,1,624,1001
loop_2056_circuit_no_condition_2_1_6,27,2,624,1001
loop_2056_circuit_no_condition_2_1_6,27,3,624,1001
loop_2056_circuit_no_condition_2_1_6,27,4,5403,1001
loop_2056_circuit_no_condition_2_1_6,27,5,624,1001
loop_2056_circuit_no_condition_2_1_6,27,6,624,1001
loop_2056_circuit_no_condition_2_1_6,27,7,624,1001
loop_2056_circuit_no_condition_2_1_6,27,8,624,1001
loop_2056_circuit_no_condition_2_1_6,27,9,624,1001
loop_2056_circuit_no_condition_2_1_6,27,10,624,1001
loop_2056_circuit_no_condition_2_1_6,27,11,624,1001
loop_2056_circuit_no_condition_2_1_6,27,12,624,1001
loop_2056_circuit_no_condition_2_1_6,27,13,5427,1001
loop_2056_circuit_no_condition_2_1_6,27,14,624,1001
loop_2056_circuit_no_condition_2_1_6,27,15,624,1001
loop_2056_circuit_no_condition_2_1_6,27,0,624,1101
loop_2056_circuit_no_condition_2_1_6,27,1,624,1101
loop_2056_circuit_no_condition_2_1_6,27,2,624,1101
loop_2056_circuit_no_condition_2_1_6,27,3,624,1101
loop_2056_circuit_no_condition_2_1_6,27,4,4181,1101
loop_2056_circuit_no_condition_2_1_6,27,5,624,1101
loop_2056_circuit_no_condition_2_1_6,27,6,624,1101
loop_2056_circuit_no_condition_2_1_6,27,7,624,1101
loop_2056_circuit_no_condition_2_1_6,27,8,624,1101
loop_2056_circuit_no_condition_2_1_6,27,9,624,1101
loop_2056_circuit_no_condition_2_1_6,27,10,624,1101
loop_2056_circuit_no_condition_2_1_6,27,11,624,1101
loop_2056_circuit_no_condition_2_1_6,27,12,624,1101
loop_2056_circuit_no_condition_2_1_6,27,13,5426,1101
loop_2056_circuit_no_condition_2_1_6,27,14,624,1101
loop_2056_circuit_no_condition_2_1_6,27,15,624,1101
loop_2056_circuit_no_condition_2_1_6,27,0,624,1201
loop_2056_circuit_no_condition_2_1_6,27,1,624,1201
loop_2056_circuit_no_condition_2_1_6,27,2,624,1201
loop_2056_circuit_no_condition_2_1_6,27,3,4236,1201
loop_2056_circuit_no_condition_2_1_6,27,4,624,1201
loop_2056_circuit_no_condition_2_1_6,27,5,624,1201
loop_2056_circuit_no_condition_2_1_6,27,6,624,1201
loop_2056_circuit_no_condition_2_1_6,27,7,624,1201
loop_2056_circuit_no_condition_2_1_6,27,8,624,1201
loop_2056_circuit_no_condition_2_1_6,27,9,624,1201
loop_2056_circuit_no_condition_2_1_6,27,10,624,1201
loop_2056_circuit_no_condition_2_1_6,27,11,624,1201
loop_2056_circuit_no_condition_2_1_6,27,12,624,1201
loop_2056_circuit_no_condition_2_1_6,27,13,5426,1201
loop_2056_circuit_no_condition_2_1_6,27,14,624,1201
loop_2056_circuit_no_condition_2_1_6,27,15,624,1201
loop_2056_circuit_no_condition_2_1_6,27,0,624,1301
loop_2056_circuit_no_condition_2_1_6,27,1,624,1301
loop_2056_circuit_no_condition_2_1_6,27,2,624,1301
loop_2056_circuit_no_condition_2_1_6,27,3,624,1301
loop_2056_circuit_no_condition_2_1_6,27,4,2902,1301
loop_2056_circuit_no_condition_2_1_6,27,5,624,1301
loop_2056_circuit_no_condition_2_1_6,27,6,624,1301
loop_2056_circuit_no_condition_2_1_6,27,7,624,1301
loop_2056_circuit_no_condition_2_1_6,27,8,624,1301
loop_2056_circuit_no_condition_2_1_6,27,9,624,1301
loop_2056_circuit_no_condition_2_1_6,27,10,624,1301
loop_2056_circuit_no_condition_2_1_6,27,11,624,1301
loop_2056_circuit_no_condition_2_1_6,27,12,624,1301
loop_2056_circuit_no_condition_2_1_6,27,13,5426,1301
loop_2056_circuit_no_condition_2_1_6,27,14,624,1301
loop_2056_circuit_no_condition_2_1_6,27,15,624,1301
loop_2056_circuit_no_condition_2_1_6,27,0,624,1401
loop_2056_circuit_no_condition_2_1_6,27,1,624,1401
loop_2056_circuit_no_condition_2_1_6,27,2,4171,1401
loop_2056_circuit_no_condition_2_1_6,27,3,624,1401
loop_2056_circuit_no_condition_2_1_6,27,4,624,1401
loop_2056_circuit_no_condition_2_1_6,27,5,624,1401
loop_2056_circuit_no_condition_2_1_6,27,6,624,1401
loop_2056_circuit_no_condition_2_1_6,27,7,624,1401
loop_2056_circuit_no_condition_2_1_6,27,8,624,1401
loop_2056_circuit_no_condition_2_1_6,27,9,624,1401
loop_2056_circuit_no_condition_2_1_6,27,10,624,1401
loop_2056_circuit_no_condition_2_1_6,27,11,624,1401
loop_2056_circuit_no_condition_2_1_6,27,12,624,1401
loop_2056_circuit_no_condition_2_1_6,27,13,5425,1401
loop_2056_circuit_no_condition_2_1_6,27,14,624,1401
loop_2056_circuit_no_condition_2_1_6,27,15,624,1401
loop_2056_circuit_no_condition_2_1_6,27,0,624,1501
loop_2056_circuit_no_condition_2_1_6,27,1,624,1501
loop_2056_circuit_no_condition_2_1_6,27,2,624,1501
loop_2056_circuit_no_condition_2_1_6,27,3,624,1501
loop_2056_circuit_no_condition_2_1_6,27,4,624,1501
loop_2056_circuit_no_condition_2_1_6,27,5,624,1501
loop_2056_circuit_no_condition_2_1_6,27,6,624,1501
loop_2056_circuit_no_condition_2_1_6,27,7,624,1501
loop_2056_circuit_no_condition_2_1_6,27,8,624,1501
loop_2056_circuit_no_condition_2_1_6,27,9,624,1501
loop_2056_circuit_no_condition_2_1_6,27,10,624,1501
loop_2056_circuit_no_condition_2_1_6,27,11,624,1501
loop_2056_circuit_no_condition_2_1_6,27,12,624,1501
loop_2056_circuit_no_condition_2_1_6,27,13,5424,1501
loop_2056_circuit_no_condition_2_1_6,27,14,624,1501
loop_2056_circuit_no_condition_2_1_6,27,15,624,1501
loop_2056_circuit_no_condition_2_1_6,27,0,624,1601
loop_2056_circuit_no_condition_2_1_6,27,1,624,1601
loop_2056_circuit_no_condition_2_1_6,27,2,624,1601
loop_2056_circuit_no_condition_2_1_6,27,3,624,1601
loop_2056_circuit_no_condition_2_1_6,27,4,4283,1601
loop_2056_circuit_no_condition_2_1_6,27,5,624,1601
loop_2056_circuit_no_condition_2_1_6,27,6,624,1601
loop_2056_circuit_no_condition_2_1_6,27,7,624,1601
loop_2056_circuit_no_condition_2_1_6,27,8,624,1601
loop_2056_circuit_no_condition_2_1_6,27,9,624,1601
loop_2056_circuit_no_condition_2_1_6,27,10,624,1601
loop_2056_circuit_no_condition_2_1_6,27,11,624,1601
loop_2056_circuit_no_condition_2_1_6,27,12,624,1601
loop_2056_circuit_no_condition_2_1_6,27,13,5427,1601
loop_2056_circuit_no_condition_2_1_6,27,14,624,1601
loop_2056_circuit_no_condition_2_1_6,27,15,624,1601
loop_2056_circuit_no_condition_2_1_6,27,0,624,1701
loop_2056_circuit_no_condition_2_1_6,27,1,624,1701
loop_2056_circuit_no_condition_2_1_6,27,2,624,1701
loop_2056_circuit_no_condition_2_1_6,27,3,624,1701
loop_2056_circuit_no_condition_2_1_6,27,4,4189,1701
loop_2056_circuit_no_condition_2_1_6,27,5,624,1701
loop_2056_circuit_no_condition_2_1_6,27,6,624,1701
loop_2056_circuit_no_condition_2_1_6,27,7,624,1701
loop_2056_circuit_no_condition_2_1_6,27,8,624,1701
loop_2056_circuit_no_condition_2_1_6,27,9,624,1701
loop_2056_circuit_no_condition_2_1_6,27,10,624,1701
loop_2056_circuit_no_condition_2_1_6,27,11,624,1701
loop_2056_circuit_no_condition_2_1_6,27,12,624,1701
loop_2056_circuit_no_condition_2_1_6,27,13,5426,1701
loop_2056_circuit_no_condition_2_1_6,27,14,624,1701
loop_2056_circuit_no_condition_2_1_6,27,15,624,1701
loop_2056_circuit_no_condition_2_1_6,27,0,624,1801
loop_2056_circuit_no_condition_2_1_6,27,1,3360,1801
loop_2056_circuit_no_condition_2_1_6,27,2,624,1801
loop_2056_circuit_no_condition_2_1_6,27,3,624,1801
loop_2056_circuit_no_condition_2_1_6,27,4,624,1801
loop_2056_circuit_no_condition_2_1_6,27,5,624,1801
loop_2056_circuit_no_condition_2_1_6,27,6,4580,1801
loop_2056_circuit_no_condition_2_1_6,27,7,5417,1801
loop_2056_circuit_no_condition_2_1_6,27,8,624,1801
loop_2056_circuit_no_condition_2_1_6,27,9,624,1801
loop_2056_circuit_no_condition_2_1_6,27,10,624,1801
loop_2056_circuit_no_condition_2_1_6,27,11,624,1801
loop_2056_circuit_no_condition_2_1_6,27,12,624,1801
loop_2056_circuit_no_condition_2_1_6,27,13,5426,1801
loop_2056_circuit_no_condition_2_1_6,27,14,624,1801
loop_2056_circuit_no_condition_2_1_6,27,15,624,1801
loop_2056_circuit_no_condition_2_1_6,27,0,5381,1901
loop_2056_circuit_no_condition_2_1_6,27,1,5415,1901
loop_2056_circuit_no_condition_2_1_6,27,2,5413,1901
loop_2056_circuit_no_condition_2_1_6,27,3,5408,1901
loop_2056_circuit_no_condition_2_1_6,27,4,624,1901
loop_2056_circuit_no_condition_2_1_6,27,5,5412,1901
loop_2056_circuit_no_condition_2_1_6,27,6,5153,1901
loop_2056_circuit_no_condition_2_1_6,27,7,5415,1901
loop_2056_circuit_no_condition_2_1_6,27,8,5415,1901
loop_2056_circuit_no_condition_2_1_6,27,9,5448,1901
loop_2056_circuit_no_condition_2_1_6,27,10,624,1901
loop_2056_circuit_no_condition_2_1_6,27,11,5421,1901
loop_2056_circuit_no_condition_2_1_6,27,12,5409,1901
loop_2056_circuit_no_condition_2_1_6,27,13,5417,1901
loop_2056_circuit_no_condition_2_1_6,27,14,5425,1901
loop_2056_circuit_no_condition_2_1_6,27,15,5107,1901
loop_2056_circuit_no_condition_2_1_6,28,0,624,1
loop_2056_circuit_no_condition_2_1_6,28,1,5425,1
loop_2056_circuit_no_condition_2_1_6,28,2,5420,1
loop_2056_circuit_no_condition_2_1_6,28,3,5424,1
loop_2056_circuit_no_condition_2_1_6,28,4,5424,1
loop_2056_circuit_no_condition_2_1_6,28,5,5423,1
loop_2056_circuit_no_condition_2_1_6,28,6,5423,1
loop_2056_circuit_no_condition_2_1_6,28,7,5414,1
loop_2056_circuit_no_condition_2_1_6,28,8,5420,1
loop_2056_circuit_no_condition_2_1_6,28,9,624,1
loop_2056_circuit_no_condition_2_1_6,28,10,5405,1
loop_2056_circuit_no_condition_2_1_6,28,11,624,1
loop_2056_circuit_no_condition_2_1_6,28,12,624,1
loop_2056_circuit_no_condition_2_1_6,28,13,624,1
loop_2056_circuit_no_condition_2_1_6,28,14,5379,1
loop_2056_circuit_no_condition_2_1_6,28,15,624,1
loop_2056_circuit_no_condition_2_1_6,28,0,5355,101
loop_2056_circuit_no_condition_2_1_6,28,1,5398,101
loop_2056_circuit_no_condition_2_1_6,28,2,5423,101
loop_2056_circuit_no_condition_2_1_6,28,3,5296,101
loop_2056_circuit_no_condition_2_1_6,28,4,5332,101
loop_2056_circuit_no_condition_2_1_6,28,5,5405,101
loop_2056_circuit_no_condition_2_1_6,28,6,5411,101
loop_2056_circuit_no_condition_2_1_6,28,7,5381,101
loop_2056_circuit_no_condition_2_1_6,28,8,5387,101
loop_2056_circuit_no_condition_2_1_6,28,9,5394,101
loop_2056_circuit_no_condition_2_1_6,28,10,5411,101
loop_2056_circuit_no_condition_2_1_6,28,11,5408,101
loop_2056_circuit_no_condition_2_1_6,28,12,5402,101
loop_2056_circuit_no_condition_2_1_6,28,13,5323,101
loop_2056_circuit_no_condition_2_1_6,28,14,5282,101
loop_2056_circuit_no_condition_2_1_6,28,15,5399,101
loop_2056_circuit_no_condition_2_1_6,28,0,624,201
loop_2056_circuit_no_condition_2_1_6,28,1,5406,201
loop_2056_circuit_no_condition_2_1_6,28,2,5419,201
loop_2056_circuit_no_condition_2_1_6,28,3,624,201
loop_2056_circuit_no_condition_2_1_6,28,4,5383,201
loop_2056_circuit_no_condition_2_1_6,28,5,5423,201
loop_2056_circuit_no_condition_2_1_6,28,6,5477,201
loop_2056_circuit_no_condition_2_1_6,28,7,5396,201
loop_2056_circuit_no_condition_2_1_6,28,8,5334,201
loop_2056_circuit_no_condition_2_1_6,28,9,5365,201
loop_2056_circuit_no_condition_2_1_6,28,10,5346,201
loop_2056_circuit_no_condition_2_1_6,28,11,5335,201
loop_2056_circuit_no_condition_2_1_6,28,12,5430,201
loop_2056_circuit_no_condition_2_1_6,28,13,5424,201
loop_2056_circuit_no_condition_2_1_6,28,14,5410,201
loop_2056_circuit_no_condition_2_1_6,28,15,5345,201
loop_2056_circuit_no_condition_2_1_6,28,0,624,301
loop_2056_circuit_no_condition_2_1_6,28,1,5392,301
loop_2056_circuit_no_condition_2_1_6,28,2,624,301
loop_2056_circuit_no_condition_2_1_6,28,3,624,301
loop_2056_circuit_no_condition_2_1_6,28,4,4417,301
loop_2056_circuit_no_condition_2_1_6,28,5,5429,301
loop_2056_circuit_no_condition_2_1_6,28,6,624,301
loop_2056_circuit_no_condition_2_1_6,28,7,624,301
loop_2056_circuit_no_condition_2_1_6,28,8,624,301
loop_2056_circuit_no_condition_2_1_6,28,9,624,301
loop_2056_circuit_no_condition_2_1_6,28,10,624,301
loop_2056_circuit_no_condition_2_1_6,28,11,624,301
loop_2056_circuit_no_condition_2_1_6,28,12,624,301
loop_2056_circuit_no_condition_2_1_6,28,13,624,301
loop_2056_circuit_no_condition_2_1_6,28,14,624,301
loop_2056_circuit_no_condition_2_1_6,28,15,624,301
loop_2056_circuit_no_condition_2_1_6,28,0,624,401
loop_2056_circuit_no_condition_2_1_6,28,1,624,401
loop_2056_circuit_no_condition_2_1_6,28,2,624,401
loop_2056_circuit_no_condition_2_1_6,28,3,624,401
loop_2056_circuit_no_condition_2_1_6,28,4,624,401
loop_2056_circuit_no_condition_2_1_6,28,5,5424,401
loop_2056_circuit_no_condition_2_1_6,28,6,624,401
loop_2056_circuit_no_condition_2_1_6,28,7,624,401
loop_2056_circuit_no_condition_2_1_6,28,8,624,401
loop_2056_circuit_no_condition_2_1_6,28,9,624,401
loop_2056_circuit_no_condition_2_1_6,28,10,624,401
loop_2056_circuit_no_condition_2_1_6,28,11,624,401
loop_2056_circuit_no_condition_2_1_6,28,12,624,401
loop_2056_circuit_no_condition_2_1_6,28,13,624,401
loop_2056_circuit_no_condition_2_1_6,28,14,624,401
loop_2056_circuit_no_condition_2_1_6,28,15,624,401
loop_2056_circuit_no_condition_2_1_6,28,0,624,500
loop_2056_circuit_no_condition_2_1_6,28,1,624,500
loop_2056_circuit_no_condition_2_1_6,28,2,624,500
loop_2056_circuit_no_condition_2_1_6,28,3,624,500
loop_2056_circuit_no_condition_2_1_6,28,4,5430,500
loop_2056_circuit_no_condition_2_1_6,28,5,4658,500
loop_2056_circuit_no_condition_2_1_6,28,6,624,500
loop_2056_circuit_no_condition_2_1_6,28,7,624,500
loop_2056_circuit_no_condition_2_1_6,28,8,624,500
loop_2056_circuit_no_condition_2_1_6,28,9,624,500
loop_2056_circuit_no_condition_2_1_6,28,10,624,500
loop_2056_circuit_no_condition_2_1_6,28,11,624,500
loop_2056_circuit_no_condition_2_1_6,28,12,624,500
loop_2056_circuit_no_condition_2_1_6,28,13,624,500
loop_2056_circuit_no_condition_2_1_6,28,14,624,500
loop_2056_circuit_no_condition_2_1_6,28,15,624,500
loop_2056_circuit_no_condition_2_1_6,28,0,624,600
loop_2056_circuit_no_condition_2_1_6,28,1,624,600
loop_2056_circuit_no_condition_2_1_6,28,2,624,600
loop_2056_circuit_no_condition_2_1_6,28,3,624,600
loop_2056_circuit_no_condition_2_1_6,28,4,5426,600
loop_2056_circuit_no_condition_2_1_6,28,5,4282,600
loop_2056_circuit_no_condition_2_1_6,28,6,4486,600
loop_2056_circuit_no_condition_2_1_6,28,7,624,600
loop_2056_circuit_no_condition_2_1_6,28,8,624,600
loop_2056_circuit_no_condition_2_1_6,28,9,624,600
loop_2056_circuit_no_condition_2_1_6,28,10,624,600
loop_2056_circuit_no_condition_2_1_6,28,11,624,600
loop_2056_circuit_no_condition_2_1_6,28,12,624,600
loop_2056_circuit_no_condition_2_1_6,28,13,624,600
loop_2056_circuit_no_condition_2_1_6,28,14,624,600
loop_2056_circuit_no_condition_2_1_6,28,15,624,600
loop_2056_circuit_no_condition_2_1_6,28,0,624,700
loop_2056_circuit_no_condition_2_1_6,28,1,624,700
loop_2056_circuit_no_condition_2_1_6,28,2,624,700
loop_2056_circuit_no_condition_2_1_6,28,3,624,700
loop_2056_circuit_no_condition_2_1_6,28,4,5432,700
loop_2056_circuit_no_condition_2_1_6,28,5,624,700
loop_2056_circuit_no_condition_2_1_6,28,6,624,700
loop_2056_circuit_no_condition_2_1_6,28,7,624,700
loop_2056_circuit_no_condition_2_1_6,28,8,624,700
loop_2056_circuit_no_condition_2_1_6,28,9,624,700
loop_2056_circuit_no_condition_2_1_6,28,10,624,700
loop_2056_circuit_no_condition_2_1_6,28,11,624,700
loop_2056_circuit_no_condition_2_1_6,28,12,624,700
loop_2056_circuit_no_condition_2_1_6,28,13,624,700
loop_2056_circuit_no_condition_2_1_6,28,14,624,700
loop_2056_circuit_no_condition_2_1_6,28,15,624,700
loop_2056_circuit_no_condition_2_1_6,28,0,624,801
loop_2056_circuit_no_condition_2_1_6,28,1,624,801
loop_2056_circuit_no_condition_2_1_6,28,2,624,801
loop_2056_circuit_no_condition_2_1_6,28,3,624,801
loop_2056_circuit_no_condition_2_1_6,28,4,5426,801
loop_2056_circuit_no_condition_2_1_6,28,5,624,801
loop_2056_circuit_no_condition_2_1_6,28,6,4501,801
loop_2056_circuit_no_condition_2_1_6,28,7,624,801
loop_2056_circuit_no_condition_2_1_6,28,8,624,801
loop_2056_circuit_no_condition_2_1_6,28,9,624,801
loop_2056_circuit_no_condition_2_1_6,28,10,624,801
loop_2056_circuit_no_condition_2_1_6,28,11,624,801
loop_2056_circuit_no_condition_2_1_6,28,12,624,801
loop_2056_circuit_no_condition_2_1_6,28,13,624,801
loop_2056_circuit_no_condition_2_1_6,28,14,624,801
loop_2056_circuit_no_condition_2_1_6,28,15,624,801
loop_2056_circuit_no_condition_2_1_6,28,0,624,901
loop_2056_circuit_no_condition_2_1_6,28,1,624,901
loop_2056_circuit_no_condition_2_1_6,28,2,624,901
loop_2056_circuit_no_condition_2_1_6,28,3,624,901
loop_2056_circuit_no_condition_2_1_6,28,4,5431,901
loop_2056_circuit_no_condition_2_1_6,28,5,624,901
loop_2056_circuit_no_condition_2_1_6,28,6,624,901
loop_2056_circuit_no_condition_2_1_6,28,7,624,901
loop_2056_circuit_no_condition_2_1_6,28,8,624,901
loop_2056_circuit_no_condition_2_1_6,28,9,624,901
loop_2056_circuit_no_condition_2_1_6,28,10,624,901
loop_2056_circuit_no_condition_2_1_6,28,11,624,901
loop_2056_circuit_no_condition_2_1_6,28,12,624,901
loop_2056_circuit_no_condition_2_1_6,28,13,624,901
loop_2056_circuit_no_condition_2_1_6,28,14,624,901
loop_2056_circuit_no_condition_2_1_6,28,15,624,901
loop_2056_circuit_no_condition_2_1_6,28,0,624,1000
loop_2056_circuit_no_condition_2_1_6,28,1,624,1000
loop_2056_circuit_no_condition_2_1_6,28,2,624,1000
loop_2056_circuit_no_condition_2_1_6,28,3,624,1000
loop_2056_circuit_no_condition_2_1_6,28,4,5429,1000
loop_2056_circuit_no_condition_2_1_6,28,5,624,1000
loop_2056_circuit_no_condition_2_1_6,28,6,624,1000
loop_2056_circuit_no_condition_2_1_6,28,7,624,1000
loop_2056_circuit_no_condition_2_1_6,28,8,624,1000
loop_2056_circuit_no_condition_2_1_6,28,9,624,1000
loop_2056_circuit_no_condition_2_1_6,28,10,624,1000
loop_2056_circuit_no_condition_2_1_6,28,11,624,1000
loop_2056_circuit_no_condition_2_1_6,28,12,624,1000
loop_2056_circuit_no_condition_2_1_6,28,13,624,1000
loop_2056_circuit_no_condition_2_1_6,28,14,624,1000
loop_2056_circuit_no_condition_2_1_6,28,15,624,1000
loop_2056_circuit_no_condition_2_1_6,28,0,624,1100
loop_2056_circuit_no_condition_2_1_6,28,1,624,1100
loop_2056_circuit_no_condition_2_1_6,28,2,624,1100
loop_2056_circuit_no_condition_2_1_6,28,3,624,1100
loop_2056_circuit_no_condition_2_1_6,28,4,5430,1100
loop_2056_circuit_no_condition_2_1_6,28,5,624,1100
loop_2056_circuit_no_condition_2_1_6,28,6,624,1100
loop_2056_circuit_no_condition_2_1_6,28,7,624,1100
loop_2056_circuit_no_condition_2_1_6,28,8,624,1100
loop_2056_circuit_no_condition_2_1_6,28,9,624,1100
loop_2056_circuit_no_condition_2_1_6,28,10,624,1100
loop_2056_circuit_no_condition_2_1_6,28,11,624,1100
loop_2056_circuit_no_condition_2_1_6,28,12,624,1100
loop_2056_circuit_no_condition_2_1_6,28,13,624,1100
loop_2056_circuit_no_condition_2_1_6,28,14,624,1100
loop_2056_circuit_no_condition_2_1_6,28,15,624,1100
loop_2056_circuit_no_condition_2_1_6,28,0,624,1201
loop_2056_circuit_no_condition_2_1_6,28,1,624,1201
loop_2056_circuit_no_condition_2_1_6,28,2,624,1201
loop_2056_circuit_no_condition_2_1_6,28,3,624,1201
loop_2056_circuit_no_condition_2_1_6,28,4,5429,1201
loop_2056_circuit_no_condition_2_1_6,28,5,624,1201
loop_2056_circuit_no_condition_2_1_6,28,6,624,1201
loop_2056_circuit_no_condition_2_1_6,28,7,624,1201
loop_2056_circuit_no_condition_2_1_6,28,8,624,1201
loop_2056_circuit_no_condition_2_1_6,28,9,624,1201
loop_2056_circuit_no_condition_2_1_6,28,10,624,1201
loop_2056_circuit_no_condition_2_1_6,28,11,624,1201
loop_2056_circuit_no_condition_2_1_6,28,12,624,1201
loop_2056_circuit_no_condition_2_1_6,28,13,624,1201
loop_2056_circuit_no_condition_2_1_6,28,14,624,1201
loop_2056_circuit_no_condition_2_1_6,28,15,624,1201
loop_2056_circuit_no_condition_2_1_6,28,0,624,1301
loop_2056_circuit_no_condition_2_1_6,28,1,624,1301
loop_2056_circuit_no_condition_2_1_6,28,2,624,1301
loop_2056_circuit_no_condition_2_1_6,28,3,624,1301
loop_2056_circuit_no_condition_2_1_6,28,4,5429,1301
loop_2056_circuit_no_condition_2_1_6,28,5,624,1301
loop_2056_circuit_no_condition_2_1_6,28,6,624,1301
loop_2056_circuit_no_condition_2_1_6,28,7,624,1301
loop_2056_circuit_no_condition_2_1_6,28,8,624,1301
loop_2056_circuit_no_condition_2_1_6,28,9,624,1301
loop_2056_circuit_no_condition_2_1_6,28,10,624,1301
loop_2056_circuit_no_condition_2_1_6,28,11,624,1301
loop_2056_circuit_no_condition_2_1_6,28,12,624,1301
loop_2056_circuit_no_condition_2_1_6,28,13,624,1301
loop_2056_circuit_no_condition_2_1_6,28,14,624,1301
loop_2056_circuit_no_condition_2_1_6,28,15,624,1301
loop_2056_circuit_no_condition_2_1_6,28,0,624,1401
loop_2056_circuit_no_condition_2_1_6,28,1,624,1401
loop_2056_circuit_no_condition_2_1_6,28,2,624,1401
loop_2056_circuit_no_condition_2_1_6,28,3,624,1401
loop_2056_circuit_no_condition_2_1_6,28,4,5430,1401
loop_2056_circuit_no_condition_2_1_6,28,5,624,1401
loop_2056_circuit_no_condition_2_1_6,28,6,624,1401
loop_2056_circuit_no_condition_2_1_6,28,7,624,1401
loop_2056_circuit_no_condition_2_1_6,28,8,624,1401
loop_2056_circuit_no_condition_2_1_6,28,9,624,1401
loop_2056_circuit_no_condition_2_1_6,28,10,624,1401
loop_2056_circuit_no_condition_2_1_6,28,11,624,1401
loop_2056_circuit_no_condition_2_1_6,28,12,624,1401
loop_2056_circuit_no_condition_2_1_6,28,13,624,1401
loop_2056_circuit_no_condition_2_1_6,28,14,624,1401
loop_2056_circuit_no_condition_2_1_6,28,15,624,1401
loop_2056_circuit_no_condition_2_1_6,28,0,624,1500
loop_2056_circuit_no_condition_2_1_6,28,1,624,1500
loop_2056_circuit_no_condition_2_1_6,28,2,624,1500
loop_2056_circuit_no_condition_2_1_6,28,3,624,1500
loop_2056_circuit_no_condition_2_1_6,28,4,5428,1500
loop_2056_circuit_no_condition_2_1_6,28,5,624,1500
loop_2056_circuit_no_condition_2_1_6,28,6,624,1500
loop_2056_circuit_no_condition_2_1_6,28,7,624,1500
loop_2056_circuit_no_condition_2_1_6,28,8,624,1500
loop_2056_circuit_no_condition_2_1_6,28,9,624,1500
loop_2056_circuit_no_condition_2_1_6,28,10,624,1500
loop_2056_circuit_no_condition_2_1_6,28,11,624,1500
loop_2056_circuit_no_condition_2_1_6,28,12,624,1500
loop_2056_circuit_no_condition_2_1_6,28,13,624,1500
loop_2056_circuit_no_condition_2_1_6,28,14,624,1500
loop_2056_circuit_no_condition_2_1_6,28,15,624,1500
loop_2056_circuit_no_condition_2_1_6,28,0,624,1600
loop_2056_circuit_no_condition_2_1_6,28,1,624,1600
loop_2056_circuit_no_condition_2_1_6,28,2,624,1600
loop_2056_circuit_no_condition_2_1_6,28,3,624,1600
loop_2056_circuit_no_condition_2_1_6,28,4,5429,1600
loop_2056_circuit_no_condition_2_1_6,28,5,624,1600
loop_2056_circuit_no_condition_2_1_6,28,6,624,1600
loop_2056_circuit_no_condition_2_1_6,28,7,624,1600
loop_2056_circuit_no_condition_2_1_6,28,8,624,1600
loop_2056_circuit_no_condition_2_1_6,28,9,624,1600
loop_2056_circuit_no_condition_2_1_6,28,10,624,1600
loop_2056_circuit_no_condition_2_1_6,28,11,624,1600
loop_2056_circuit_no_condition_2_1_6,28,12,624,1600
loop_2056_circuit_no_condition_2_1_6,28,13,624,1600
loop_2056_circuit_no_condition_2_1_6,28,14,624,1600
loop_2056_circuit_no_condition_2_1_6,28,15,624,1600
loop_2056_circuit_no_condition_2_1_6,28,0,624,1701
loop_2056_circuit_no_condition_2_1_6,28,1,624,1701
loop_2056_circuit_no_condition_2_1_6,28,2,624,1701
loop_2056_circuit_no_condition_2_1_6,28,3,624,1701
loop_2056_circuit_no_condition_2_1_6,28,4,5431,1701
loop_2056_circuit_no_condition_2_1_6,28,5,624,1701
loop_2056_circuit_no_condition_2_1_6,28,6,3295,1701
loop_2056_circuit_no_condition_2_1_6,28,7,624,1701
loop_2056_circuit_no_condition_2_1_6,28,8,624,1701
loop_2056_circuit_no_condition_2_1_6,28,9,624,1701
loop_2056_circuit_no_condition_2_1_6,28,10,624,1701
loop_2056_circuit_no_condition_2_1_6,28,11,624,1701
loop_2056_circuit_no_condition_2_1_6,28,12,624,1701
loop_2056_circuit_no_condition_2_1_6,28,13,624,1701
loop_2056_circuit_no_condition_2_1_6,28,14,624,1701
loop_2056_circuit_no_condition_2_1_6,28,15,624,1701
loop_2056_circuit_no_condition_2_1_6,28,0,624,1801
loop_2056_circuit_no_condition_2_1_6,28,1,624,1801
loop_2056_circuit_no_condition_2_1_6,28,2,624,1801
loop_2056_circuit_no_condition_2_1_6,28,3,624,1801
loop_2056_circuit_no_condition_2_1_6,28,4,5429,1801
loop_2056_circuit_no_condition_2_1_6,28,5,624,1801
loop_2056_circuit_no_condition_2_1_6,28,6,624,1801
loop_2056_circuit_no_condition_2_1_6,28,7,624,1801
loop_2056_circuit_no_condition_2_1_6,28,8,624,1801
loop_2056_circuit_no_condition_2_1_6,28,9,624,1801
loop_2056_circuit_no_condition_2_1_6,28,10,624,1801
loop_2056_circuit_no_condition_2_1_6,28,11,624,1801
loop_2056_circuit_no_condition_2_1_6,28,12,624,1801
loop_2056_circuit_no_condition_2_1_6,28,13,624,1801
loop_2056_circuit_no_condition_2_1_6,28,14,624,1801
loop_2056_circuit_no_condition_2_1_6,28,15,624,1801
loop_2056_circuit_no_condition_2_1_6,28,0,5374,1900
loop_2056_circuit_no_condition_2_1_6,28,1,5425,1900
loop_2056_circuit_no_condition_2_1_6,28,2,5421,1900
loop_2056_circuit_no_condition_2_1_6,28,3,5395,1900
loop_2056_circuit_no_condition_2_1_6,28,4,5374,1900
loop_2056_circuit_no_condition_2_1_6,28,5,5363,1900
loop_2056_circuit_no_condition_2_1_6,28,6,5428,1900
loop_2056_circuit_no_condition_2_1_6,28,7,5423,1900
loop_2056_circuit_no_condition_2_1_6,28,8,5418,1900
loop_2056_circuit_no_condition_2_1_6,28,9,5394,1900
loop_2056_circuit_no_condition_2_1_6,28,10,5093,1900
loop_2056_circuit_no_condition_2_1_6,28,11,624,1900
loop_2056_circuit_no_condition_2_1_6,28,12,624,1900
loop_2056_circuit_no_condition_2_1_6,28,13,4836,1900
loop_2056_circuit_no_condition_2_1_6,28,14,4598,1900
loop_2056_circuit_no_condition_2_1_6,28,15,624,1900
loop_2056_circuit_no_condition_2_1_6,29,0,5411,1
loop_2056_circuit_no_condition_2_1_6,29,1,5199,1
loop_2056_circuit_no_condition_2_1_6,29,2,5434,1
loop_2056_circuit_no_condition_2_1_6,29,3,5434,1
loop_2056_circuit_no_condition_2_1_6,29,4,5435,1
loop_2056_circuit_no_condition_2_1_6,29,5,5418,1
loop_2056_circuit_no_condition_2_1_6,29,6,624,1
loop_2056_circuit_no_condition_2_1_6,29,7,5432,1
loop_2056_circuit_no_condition_2_1_6,29,8,624,1
loop_2056_circuit_no_condition_2_1_6,29,9,5415,1
loop_2056_circuit_no_condition_2_1_6,29,10,5426,1
loop_2056_circuit_no_condition_2_1_6,29,11,624,1
loop_2056_circuit_no_condition_2_1_6,29,12,5430,1
loop_2056_circuit_no_condition_2_1_6,29,13,5391,1
loop_2056_circuit_no_condition_2_1_6,29,14,5431,1
loop_2056_circuit_no_condition_2_1_6,29,15,5432,1
loop_2056_circuit_no_condition_2_1_6,29,0,5414,102
loop_2056_circuit_no_condition_2_1_6,29,1,5425,102
loop_2056_circuit_no_condition_2_1_6,29,2,5424,102
loop_2056_circuit_no_condition_2_1_6,29,3,5356,102
loop_2056_circuit_no_condition_2_1_6,29,4,5423,102
loop_2056_circuit_no_condition_2_1_6,29,5,5414,102
loop_2056_circuit_no_condition_2_1_6,29,6,5422,102
loop_2056_circuit_no_condition_2_1_6,29,7,5379,102
loop_2056_circuit_no_condition_2_1_6,29,8,5372,102
loop_2056_circuit_no_condition_2_1_6,29,9,5412,102
loop_2056_circuit_no_condition_2_1_6,29,10,5412,102
loop_2056_circuit_no_condition_2_1_6,29,11,5409,102
loop_2056_circuit_no_condition_2_1_6,29,12,5419,102
loop_2056_circuit_no_condition_2_1_6,29,13,5367,102
loop_2056_circuit_no_condition_2_1_6,29,14,5423,102
loop_2056_circuit_no_condition_2_1_6,29,15,5368,102
loop_2056_circuit_no_condition_2_1_6,29,0,5340,201
loop_2056_circuit_no_condition_2_1_6,29,1,5422,201
loop_2056_circuit_no_condition_2_1_6,29,2,5384,201
loop_2056_circuit_no_condition_2_1_6,29,3,5415,201
loop_2056_circuit_no_condition_2_1_6,29,4,5434,201
loop_2056_circuit_no_condition_2_1_6,29,5,5424,201
loop_2056_circuit_no_condition_2_1_6,29,6,5394,201
loop_2056_circuit_no_condition_2_1_6,29,7,5385,201
loop_2056_circuit_no_condition_2_1_6,29,8,5418,201
loop_2056_circuit_no_condition_2_1_6,29,9,5382,201
loop_2056_circuit_no_condition_2_1_6,29,10,5379,201
loop_2056_circuit_no_condition_2_1_6,29,11,5434,201
loop_2056_circuit_no_condition_2_1_6,29,12,5427,201
loop_2056_circuit_no_condition_2_1_6,29,13,5393,201
loop_2056_circuit_no_condition_2_1_6,29,14,5446,201
loop_2056_circuit_no_condition_2_1_6,29,15,5430,201
loop_2056_circuit_no_condition_2_1_6,29,0,624,301
loop_2056_circuit_no_condition_2_1_6,29,1,624,301
loop_2056_circuit_no_condition_2_1_6,29,2,624,301
loop_2056_circuit_no_condition_2_1_6,29,3,5428,301
loop_2056_circuit_no_condition_2_1_6,29,4,624,301
loop_2056_circuit_no_condition_2_1_6,29,5,5432,301
loop_2056_circuit_no_condition_2_1_6,29,6,624,301
loop_2056_circuit_no_condition_2_1_6,29,7,624,301
loop_2056_circuit_no_condition_2_1_6,29,8,624,301
loop_2056_circuit_no_condition_2_1_6,29,9,624,301
loop_2056_circuit_no_condition_2_1_6,29,10,624,301
loop_2056_circuit_no_condition_2_1_6,29,11,624,301
loop_2056_circuit_no_condition_2_1_6,29,12,624,301
loop_2056_circuit_no_condition_2_1_6,29,13,624,301
loop_2056_circuit_no_condition_2_1_6,29,14,624,301
loop_2056_circuit_no_condition_2_1_6,29,15,624,301
loop_2056_circuit_no_condition_2_1_6,29,0,624,401
loop_2056_circuit_no_condition_2_1_6,29,1,624,401
loop_2056_circuit_no_condition_2_1_6,29,2,624,401
loop_2056_circuit_no_condition_2_1_6,29,3,624,401
loop_2056_circuit_no_condition_2_1_6,29,4,624,401
loop_2056_circuit_no_condition_2_1_6,29,5,624,401
loop_2056_circuit_no_condition_2_1_6,29,6,624,401
loop_2056_circuit_no_condition_2_1_6,29,7,5429,401
loop_2056_circuit_no_condition_2_1_6,29,8,624,401
loop_2056_circuit_no_condition_2_1_6,29,9,4309,401
loop_2056_circuit_no_condition_2_1_6,29,10,624,401
loop_2056_circuit_no_condition_2_1_6,29,11,624,401
loop_2056_circuit_no_condition_2_1_6,29,12,624,401
loop_2056_circuit_no_condition_2_1_6,29,13,5434,401
loop_2056_circuit_no_condition_2_1_6,29,14,624,401
loop_2056_circuit_no_condition_2_1_6,29,15,624,401
loop_2056_circuit_no_condition_2_1_6,29,0,624,501
loop_2056_circuit_no_condition_2_1_6,29,1,4639,501
loop_2056_circuit_no_condition_2_1_6,29,2,5421,501
loop_2056_circuit_no_condition_2_1_6,29,3,624,501
loop_2056_circuit_no_condition_2_1_6,29,4,624,501
loop_2056_circuit_no_condition_2_1_6,29,5,624,501
loop_2056_circuit_no_condition_2_1_6,29,6,624,501
loop_2056_circuit_no_condition_2_1_6,29,7,624,501
loop_2056_circuit_no_condition_2_1_6,29,8,624,501
loop_2056_circuit_no_condition_2_1_6,29,9,624,501
loop_2056_circuit_no_condition_2_1_6,29,10,624,501
loop_2056_circuit_no_condition_2_1_6,29,11,624,501
loop_2056_circuit_no_condition_2_1_6,29,12,624,501
loop_2056_circuit_no_condition_2_1_6,29,13,5434,501
loop_2056_circuit_no_condition_2_1_6,29,14,624,501
loop_2056_circuit_no_condition_2_1_6,29,15,624,501
loop_2056_circuit_no_condition_2_1_6,29,0,624,601
loop_2056_circuit_no_condition_2_1_6,29,1,5433,601
loop_2056_circuit_no_condition_2_1_6,29,2,624,601
loop_2056_circuit_no_condition_2_1_6,29,3,624,601
loop_2056_circuit_no_condition_2_1_6,29,4,624,601
loop_2056_circuit_no_condition_2_1_6,29,5,624,601
loop_2056_circuit_no_condition_2_1_6,29,6,4554,601
loop_2056_circuit_no_condition_2_1_6,29,7,624,601
loop_2056_circuit_no_condition_2_1_6,29,8,624,601
loop_2056_circuit_no_condition_2_1_6,29,9,624,601
loop_2056_circuit_no_condition_2_1_6,29,10,624,601
loop_2056_circuit_no_condition_2_1_6,29,11,624,601
loop_2056_circuit_no_condition_2_1_6,29,12,624,601
loop_2056_circuit_no_condition_2_1_6,29,13,5430,601
loop_2056_circuit_no_condition_2_1_6,29,14,624,601
loop_2056_circuit_no_condition_2_1_6,29,15,624,601
loop_2056_circuit_no_condition_2_1_6,29,0,624,701
loop_2056_circuit_no_condition_2_1_6,29,1,624,701
loop_2056_circuit_no_condition_2_1_6,29,2,624,701
loop_2056_circuit_no_condition_2_1_6,29,3,4234,701
loop_2056_circuit_no_condition_2_1_6,29,4,624,701
loop_2056_circuit_no_condition_2_1_6,29,5,624,701
loop_2056_circuit_no_condition_2_1_6,29,6,624,701
loop_2056_circuit_no_condition_2_1_6,29,7,624,701
loop_2056_circuit_no_condition_2_1_6,29,8,624,701
loop_2056_circuit_no_condition_2_1_6,29,9,4399,701
loop_2056_circuit_no_condition_2_1_6,29,10,624,701
loop_2056_circuit_no_condition_2_1_6,29,11,624,701
loop_2056_circuit_no_condition_2_1_6,29,12,624,701
loop_2056_circuit_no_condition_2_1_6,29,13,5428,701
loop_2056_circuit_no_condition_2_1_6,29,14,624,701
loop_2056_circuit_no_condition_2_1_6,29,15,624,701
loop_2056_circuit_no_condition_2_1_6,29,0,624,801
loop_2056_circuit_no_condition_2_1_6,29,1,624,801
loop_2056_circuit_no_condition_2_1_6,29,2,624,801
loop_2056_circuit_no_condition_2_1_6,29,3,624,801
loop_2056_circuit_no_condition_2_1_6,29,4,5419,801
loop_2056_circuit_no_condition_2_1_6,29,5,624,801
loop_2056_circuit_no_condition_2_1_6,29,6,624,801
loop_2056_circuit_no_condition_2_1_6,29,7,624,801
loop_2056_circuit_no_condition_2_1_6,29,8,624,801
loop_2056_circuit_no_condition_2_1_6,29,9,624,801
loop_2056_circuit_no_condition_2_1_6,29,10,624,801
loop_2056_circuit_no_condition_2_1_6,29,11,624,801
loop_2056_circuit_no_condition_2_1_6,29,12,624,801
loop_2056_circuit_no_condition_2_1_6,29,13,5428,801
loop_2056_circuit_no_condition_2_1_6,29,14,624,801
loop_2056_circuit_no_condition_2_1_6,29,15,624,801
loop_2056_circuit_no_condition_2_1_6,29,0,624,901
loop_2056_circuit_no_condition_2_1_6,29,1,624,901
loop_2056_circuit_no_condition_2_1_6,29,2,624,901
loop_2056_circuit_no_condition_2_1_6,29,3,624,901
loop_2056_circuit_no_condition_2_1_6,29,4,4568,901
loop_2056_circuit_no_condition_2_1_6,29,5,624,901
loop_2056_circuit_no_condition_2_1_6,29,6,624,901
loop_2056_circuit_no_condition_2_1_6,29,7,624,901
loop_2056_circuit_no_condition_2_1_6,29,8,624,901
loop_2056_circuit_no_condition_2_1_6,29,9,624,901
loop_2056_circuit_no_condition_2_1_6,29,10,624,901
loop_2056_circuit_no_condition_2_1_6,29,11,624,901
loop_2056_circuit_no_condition_2_1_6,29,12,624,901
loop_2056_circuit_no_condition_2_1_6,29,13,5429,901
loop_2056_circuit_no_condition_2_1_6,29,14,624,901
loop_2056_circuit_no_condition_2_1_6,29,15,624,901
loop_2056_circuit_no_condition_2_1_6,29,0,624,1002
loop_2056_circuit_no_condition_2_1_6,29,1,5420,1002
loop_2056_circuit_no_condition_2_1_6,29,2,624,1002
loop_2056_circuit_no_condition_2_1_6,29,3,624,1002
loop_2056_circuit_no_condition_2_1_6,29,4,624,1002
loop_2056_circuit_no_condition_2_1_6,29,5,624,1002
loop_2056_circuit_no_condition_2_1_6,29,6,624,1002
loop_2056_circuit_no_condition_2_1_6,29,7,624,1002
loop_2056_circuit_no_condition_2_1_6,29,8,624,1002
loop_2056_circuit_no_condition_2_1_6,29,9,624,1002
loop_2056_circuit_no_condition_2_1_6,29,10,624,1002
loop_2056_circuit_no_condition_2_1_6,29,11,624,1002
loop_2056_circuit_no_condition_2_1_6,29,12,624,1002
loop_2056_circuit_no_condition_2_1_6,29,13,5425,1002
loop_2056_circuit_no_condition_2_1_6,29,14,624,1002
loop_2056_circuit_no_condition_2_1_6,29,15,624,1002
loop_2056_circuit_no_condition_2_1_6,29,0,624,1101
loop_2056_circuit_no_condition_2_1_6,29,1,624,1101
loop_2056_circuit_no_condition_2_1_6,29,2,624,1101
loop_2056_circuit_no_condition_2_1_6,29,3,4213,1101
loop_2056_circuit_no_condition_2_1_6,29,4,624,1101
loop_2056_circuit_no_condition_2_1_6,29,5,5425,1101
loop_2056_circuit_no_condition_2_1_6,29,6,624,1101
loop_2056_circuit_no_condition_2_1_6,29,7,624,1101
loop_2056_circuit_no_condition_2_1_6,29,8,624,1101
loop_2056_circuit_no_condition_2_1_6,29,9,624,1101
loop_2056_circuit_no_condition_2_1_6,29,10,624,1101
loop_2056_circuit_no_condition_2_1_6,29,11,624,1101
loop_2056_circuit_no_condition_2_1_6,29,12,624,1101
loop_2056_circuit_no_condition_2_1_6,29,13,5430,1101
loop_2056_circuit_no_condition_2_1_6,29,14,624,1101
loop_2056_circuit_no_condition_2_1_6,29,15,624,1101
loop_2056_circuit_no_condition_2_1_6,29,0,624,1201
loop_2056_circuit_no_condition_2_1_6,29,1,624,1201
loop_2056_circuit_no_condition_2_1_6,29,2,624,1201
loop_2056_circuit_no_condition_2_1_6,29,3,624,1201
loop_2056_circuit_no_condition_2_1_6,29,4,3596,1201
loop_2056_circuit_no_condition_2_1_6,29,5,624,1201
loop_2056_circuit_no_condition_2_1_6,29,6,624,1201
loop_2056_circuit_no_condition_2_1_6,29,7,624,1201
loop_2056_circuit_no_condition_2_1_6,29,8,624,1201
loop_2056_circuit_no_condition_2_1_6,29,9,624,1201
loop_2056_circuit_no_condition_2_1_6,29,10,624,1201
loop_2056_circuit_no_condition_2_1_6,29,11,624,1201
loop_2056_circuit_no_condition_2_1_6,29,12,624,1201
loop_2056_circuit_no_condition_2_1_6,29,13,5430,1201
loop_2056_circuit_no_condition_2_1_6,29,14,624,1201
loop_2056_circuit_no_condition_2_1_6,29,15,624,1201
loop_2056_circuit_no_condition_2_1_6,29,0,624,1301
loop_2056_circuit_no_condition_2_1_6,29,1,5423,1301
loop_2056_circuit_no_condition_2_1_6,29,2,624,1301
loop_2056_circuit_no_condition_2_1_6,29,3,4487,1301
loop_2056_circuit_no_condition_2_1_6,29,4,624,1301
loop_2056_circuit_no_condition_2_1_6,29,5,624,1301
loop_2056_circuit_no_condition_2_1_6,29,6,624,1301
loop_2056_circuit_no_condition_2_1_6,29,7,624,1301
loop_2056_circuit_no_condition_2_1_6,29,8,624,1301
loop_2056_circuit_no_condition_2_1_6,29,9,624,1301
loop_2056_circuit_no_condition_2_1_6,29,10,624,1301
loop_2056_circuit_no_condition_2_1_6,29,11,624,1301
loop_2056_circuit_no_condition_2_1_6,29,12,624,1301
loop_2056_circuit_no_condition_2_1_6,29,13,5431,1301
loop_2056_circuit_no_condition_2_1_6,29,14,624,1301
loop_2056_circuit_no_condition_2_1_6,29,15,624,1301
loop_2056_circuit_no_condition_2_1_6,29,0,624,1401
loop_2056_circuit_no_condition_2_1_6,29,1,624,1401
loop_2056_circuit_no_condition_2_1_6,29,2,624,1401
loop_2056_circuit_no_condition_2_1_6,29,3,5422,1401
loop_2056_circuit_no_condition_2_1_6,29,4,624,1401
loop_2056_circuit_no_condition_2_1_6,29,5,624,1401
loop_2056_circuit_no_condition_2_1_6,29,6,624,1401
loop_2056_circuit_no_condition_2_1_6,29,7,624,1401
loop_2056_circuit_no_condition_2_1_6,29,8,624,1401
loop_2056_circuit_no_condition_2_1_6,29,9,5413,1401
loop_2056_circuit_no_condition_2_1_6,29,10,624,1401
loop_2056_circuit_no_condition_2_1_6,29,11,5407,1401
loop_2056_circuit_no_condition_2_1_6,29,12,624,1401
loop_2056_circuit_no_condition_2_1_6,29,13,5423,1401
loop_2056_circuit_no_condition_2_1_6,29,14,624,1401
loop_2056_circuit_no_condition_2_1_6,29,15,5419,1401
loop_2056_circuit_no_condition_2_1_6,29,0,624,1501
loop_2056_circuit_no_condition_2_1_6,29,1,624,1501
loop_2056_circuit_no_condition_2_1_6,29,2,624,1501
loop_2056_circuit_no_condition_2_1_6,29,3,5415,1501
loop_2056_circuit_no_condition_2_1_6,29,4,4983,1501
loop_2056_circuit_no_condition_2_1_6,29,5,624,1501
loop_2056_circuit_no_condition_2_1_6,29,6,624,1501
loop_2056_circuit_no_condition_2_1_6,29,7,624,1501
loop_2056_circuit_no_condition_2_1_6,29,8,624,1501
loop_2056_circuit_no_condition_2_1_6,29,9,5153,1501
loop_2056_circuit_no_condition_2_1_6,29,10,624,1501
loop_2056_circuit_no_condition_2_1_6,29,11,5416,1501
loop_2056_circuit_no_condition_2_1_6,29,12,624,1501
loop_2056_circuit_no_condition_2_1_6,29,13,5425,1501
loop_2056_circuit_no_condition_2_1_6,29,14,624,1501
loop_2056_circuit_no_condition_2_1_6,29,15,5411,1501
loop_2056_circuit_no_condition_2_1_6,29,0,624,1601
loop_2056_circuit_no_condition_2_1_6,29,1,624,1601
loop_2056_circuit_no_condition_2_1_6,29,2,624,1601
loop_2056_circuit_no_condition_2_1_6,29,3,5422,1601
loop_2056_circuit_no_condition_2_1_6,29,4,624,1601
loop_2056_circuit_no_condition_2_1_6,29,5,624,1601
loop_2056_circuit_no_condition_2_1_6,29,6,624,1601
loop_2056_circuit_no_condition_2_1_6,29,7,624,1601
loop_2056_circuit_no_condition_2_1_6,29,8,624,1601
loop_2056_circuit_no_condition_2_1_6,29,9,624,1601
loop_2056_circuit_no_condition_2_1_6,29,10,624,1601
loop_2056_circuit_no_condition_2_1_6,29,11,624,1601
loop_2056_circuit_no_condition_2_1_6,29,12,624,1601
loop_2056_circuit_no_condition_2_1_6,29,13,5425,1601
loop_2056_circuit_no_condition_2_1_6,29,14,624,1601
loop_2056_circuit_no_condition_2_1_6,29,15,4661,1601
loop_2056_circuit_no_condition_2_1_6,29,0,624,1701
loop_2056_circuit_no_condition_2_1_6,29,1,624,1701
loop_2056_circuit_no_condition_2_1_6,29,2,624,1701
loop_2056_circuit_no_condition_2_1_6,29,3,5429,1701
loop_2056_circuit_no_condition_2_1_6,29,4,624,1701
loop_2056_circuit_no_condition_2_1_6,29,5,624,1701
loop_2056_circuit_no_condition_2_1_6,29,6,624,1701
loop_2056_circuit_no_condition_2_1_6,29,7,624,1701
loop_2056_circuit_no_condition_2_1_6,29,8,624,1701
loop_2056_circuit_no_condition_2_1_6,29,9,4436,1701
loop_2056_circuit_no_condition_2_1_6,29,10,624,1701
loop_2056_circuit_no_condition_2_1_6,29,11,624,1701
loop_2056_circuit_no_condition_2_1_6,29,12,624,1701
loop_2056_circuit_no_condition_2_1_6,29,13,5433,1701
loop_2056_circuit_no_condition_2_1_6,29,14,624,1701
loop_2056_circuit_no_condition_2_1_6,29,15,5103,1701
loop_2056_circuit_no_condition_2_1_6,29,0,624,1801
loop_2056_circuit_no_condition_2_1_6,29,1,624,1801
loop_2056_circuit_no_condition_2_1_6,29,2,624,1801
loop_2056_circuit_no_condition_2_1_6,29,3,5421,1801
loop_2056_circuit_no_condition_2_1_6,29,4,5393,1801
loop_2056_circuit_no_condition_2_1_6,29,5,624,1801
loop_2056_circuit_no_condition_2_1_6,29,6,624,1801
loop_2056_circuit_no_condition_2_1_6,29,7,624,1801
loop_2056_circuit_no_condition_2_1_6,29,8,624,1801
loop_2056_circuit_no_condition_2_1_6,29,9,5416,1801
loop_2056_circuit_no_condition_2_1_6,29,10,624,1801
loop_2056_circuit_no_condition_2_1_6,29,11,5294,1801
loop_2056_circuit_no_condition_2_1_6,29,12,624,1801
loop_2056_circuit_no_condition_2_1_6,29,13,5429,1801
loop_2056_circuit_no_condition_2_1_6,29,14,624,1801
loop_2056_circuit_no_condition_2_1_6,29,15,5425,1801
loop_2056_circuit_no_condition_2_1_6,29,0,624,1901
loop_2056_circuit_no_condition_2_1_6,29,1,624,1901
loop_2056_circuit_no_condition_2_1_6,29,2,624,1901
loop_2056_circuit_no_condition_2_1_6,29,3,5040,1901
loop_2056_circuit_no_condition_2_1_6,29,4,5430,1901
loop_2056_circuit_no_condition_2_1_6,29,5,624,1901
loop_2056_circuit_no_condition_2_1_6,29,6,3477,1901
loop_2056_circuit_no_condition_2_1_6,29,7,5271,1901
loop_2056_circuit_no_condition_2_1_6,29,8,624,1901
loop_2056_circuit_no_condition_2_1_6,29,9,5430,1901
loop_2056_circuit_no_condition_2_1_6,29,10,624,1901
loop_2056_circuit_no_condition_2_1_6,29,11,624,1901
loop_2056_circuit_no_condition_2_1_6,29,12,624,1901
loop_2056_circuit_no_condition_2_1_6,29,13,5429,1901
loop_2056_circuit_no_condition_2_1_6,29,14,624,1901
loop_2056_circuit_no_condition_2_1_6,29,15,624,1901
loop_2056_circuit_no_condition_2_1_6,30,0,5428,1
loop_2056_circuit_no_condition_2_1_6,30,1,5408,1
loop_2056_circuit_no_condition_2_1_6,30,2,5423,1
loop_2056_circuit_no_condition_2_1_6,30,3,5380,1
loop_2056_circuit_no_condition_2_1_6,30,4,5430,1
loop_2056_circuit_no_condition_2_1_6,30,5,5430,1
loop_2056_circuit_no_condition_2_1_6,30,6,624,1
loop_2056_circuit_no_condition_2_1_6,30,7,624,1
loop_2056_circuit_no_condition_2_1_6,30,8,3155,1
loop_2056_circuit_no_condition_2_1_6,30,9,5425,1
loop_2056_circuit_no_condition_2_1_6,30,10,5429,1
loop_2056_circuit_no_condition_2_1_6,30,11,5432,1
loop_2056_circuit_no_condition_2_1_6,30,12,624,1
loop_2056_circuit_no_condition_2_1_6,30,13,5424,1
loop_2056_circuit_no_condition_2_1_6,30,14,624,1
loop_2056_circuit_no_condition_2_1_6,30,15,5430,1
loop_2056_circuit_no_condition_2_1_6,30,0,5427,101
loop_2056_circuit_no_condition_2_1_6,30,1,5423,101
loop_2056_circuit_no_condition_2_1_6,30,2,5410,101
loop_2056_circuit_no_condition_2_1_6,30,3,5410,101
loop_2056_circuit_no_condition_2_1_6,30,4,5416,101
loop_2056_circuit_no_condition_2_1_6,30,5,5418,101
loop_2056_circuit_no_condition_2_1_6,30,6,5415,101
loop_2056_circuit_no_condition_2_1_6,30,7,5411,101
loop_2056_circuit_no_condition_2_1_6,30,8,5415,101
loop_2056_circuit_no_condition_2_1_6,30,9,5424,101
loop_2056_circuit_no_condition_2_1_6,30,10,5422,101
loop_2056_circuit_no_condition_2_1_6,30,11,5418,101
loop_2056_circuit_no_condition_2_1_6,30,12,5418,101
loop_2056_circuit_no_condition_2_1_6,30,13,5411,101
loop_2056_circuit_no_condition_2_1_6,30,14,5415,101
loop_2056_circuit_no_condition_2_1_6,30,15,5411,101
loop_2056_circuit_no_condition_2_1_6,30,0,5426,200
loop_2056_circuit_no_condition_2_1_6,30,1,5350,200
loop_2056_circuit_no_condition_2_1_6,30,2,5426,200
loop_2056_circuit_no_condition_2_1_6,30,3,4540,200
loop_2056_circuit_no_condition_2_1_6,30,4,5432,200
loop_2056_circuit_no_condition_2_1_6,30,5,5430,200
loop_2056_circuit_no_condition_2_1_6,30,6,5396,200
loop_2056_circuit_no_condition_2_1_6,30,7,5434,200
loop_2056_circuit_no_condition_2_1_6,30,8,5399,200
loop_2056_circuit_no_condition_2_1_6,30,9,4735,200
loop_2056_circuit_no_condition_2_1_6,30,10,5420,200
loop_2056_circuit_no_condition_2_1_6,30,11,5421,200
loop_2056_circuit_no_condition_2_1_6,30,12,5422,200
loop_2056_circuit_no_condition_2_1_6,30,13,5369,200
loop_2056_circuit_no_condition_2_1_6,30,14,5380,200
loop_2056_circuit_no_condition_2_1_6,30,15,5423,200
loop_2056_circuit_no_condition_2_1_6,30,0,624,301
loop_2056_circuit_no_condition_2_1_6,30,1,5422,301
loop_2056_circuit_no_condition_2_1_6,30,2,624,301
loop_2056_circuit_no_condition_2_1_6,30,3,624,301
loop_2056_circuit_no_condition_2_1_6,30,4,5408,301
loop_2056_circuit_no_condition_2_1_6,30,5,5422,301
loop_2056_circuit_no_condition_2_1_6,30,6,624,301
loop_2056_circuit_no_condition_2_1_6,30,7,5416,301
loop_2056_circuit_no_condition_2_1_6,30,8,5413,301
loop_2056_circuit_no_condition_2_1_6,30,9,5419,301
loop_2056_circuit_no_condition_2_1_6,30,10,5419,301
loop_2056_circuit_no_condition_2_1_6,30,11,5430,301
loop_2056_circuit_no_condition_2_1_6,30,12,5427,301
loop_2056_circuit_no_condition_2_1_6,30,13,624,301
loop_2056_circuit_no_condition_2_1_6,30,14,624,301
loop_2056_circuit_no_condition_2_1_6,30,15,5433,301
loop_2056_circuit_no_condition_2_1_6,30,0,5414,400
loop_2056_circuit_no_condition_2_1_6,30,1,5425,400
loop_2056_circuit_no_condition_2_1_6,30,2,624,400
loop_2056_circuit_no_condition_2_1_6,30,3,5425,400
loop_2056_circuit_no_condition_2_1_6,30,4,5424,400
loop_2056_circuit_no_condition_2_1_6,30,5,5428,400
loop_2056_circuit_no_condition_2_1_6,30,6,624,400
loop_2056_circuit_no_condition_2_1_6,30,7,624,400
loop_2056_circuit_no_condition_2_1_6,30,8,5388,400
loop_2056_circuit_no_condition_2_1_6,30,9,5422,400
loop_2056_circuit_no_condition_2_1_6,30,10,5422,400
loop_2056_circuit_no_condition_2_1_6,30,11,5421,400
loop_2056_circuit_no_condition_2_1_6,30,12,624,400
loop_2056_circuit_no_condition_2_1_6,30,13,624,400
loop_2056_circuit_no_condition_2_1_6,30,14,5434,400
loop_2056_circuit_no_condition_2_1_6,30,15,5422,400
loop_2056_circuit_no_condition_2_1_6,30,0,5420,500
loop_2056_circuit_no_condition_2_1_6,30,1,5423,500
loop_2056_circuit_no_condition_2_1_6,30,2,5421,500
loop_2056_circuit_no_condition_2_1_6,30,3,5422,500
loop_2056_circuit_no_condition_2_1_6,30,4,4823,500
loop_2056_circuit_no_condition_2_1_6,30,5,5428,500
loop_2056_circuit_no_condition_2_1_6,30,6,624,500
loop_2056_circuit_no_condition_2_1_6,30,7,624,500
loop_2056_circuit_no_condition_2_1_6,30,8,624,500
loop_2056_circuit_no_condition_2_1_6,30,9,5418,500
loop_2056_circuit_no_condition_2_1_6,30,10,5418,500
loop_2056_circuit_no_condition_2_1_6,30,11,5418,500
loop_2056_circuit_no_condition_2_1_6,30,12,4820,500
loop_2056_circuit_no_condition_2_1_6,30,13,624,500
loop_2056_circuit_no_condition_2_1_6,30,14,5428,500
loop_2056_circuit_no_condition_2_1_6,30,15,5422,500
loop_2056_circuit_no_condition_2_1_6,30,0,624,601
loop_2056_circuit_no_condition_2_1_6,30,1,4960,601
loop_2056_circuit_no_condition_2_1_6,30,2,624,601
loop_2056_circuit_no_condition_2_1_6,30,3,624,601
loop_2056_circuit_no_condition_2_1_6,30,4,4625,601
loop_2056_circuit_no_condition_2_1_6,30,5,5429,601
loop_2056_circuit_no_condition_2_1_6,30,6,624,601
loop_2056_circuit_no_condition_2_1_6,30,7,624,601
loop_2056_circuit_no_condition_2_1_6,30,8,5313,601
loop_2056_circuit_no_condition_2_1_6,30,9,624,601
loop_2056_circuit_no_condition_2_1_6,30,10,624,601
loop_2056_circuit_no_condition_2_1_6,30,11,624,601
loop_2056_circuit_no_condition_2_1_6,30,12,624,601
loop_2056_circuit_no_condition_2_1_6,30,13,624,601
loop_2056_circuit_no_condition_2_1_6,30,14,624,601
loop_2056_circuit_no_condition_2_1_6,30,15,624,601
loop_2056_circuit_no_condition_2_1_6,30,0,5423,700
loop_2056_circuit_no_condition_2_1_6,30,1,5419,700
loop_2056_circuit_no_condition_2_1_6,30,2,5419,700
loop_2056_circuit_no_condition_2_1_6,30,3,624,700
loop_2056_circuit_no_condition_2_1_6,30,4,5419,700
loop_2056_circuit_no_condition_2_1_6,30,5,5425,700
loop_2056_circuit_no_condition_2_1_6,30,6,624,700
loop_2056_circuit_no_condition_2_1_6,30,7,624,700
loop_2056_circuit_no_condition_2_1_6,30,8,4604,700
loop_2056_circuit_no_condition_2_1_6,30,9,5419,700
loop_2056_circuit_no_condition_2_1_6,30,10,5422,700
loop_2056_circuit_no_condition_2_1_6,30,11,5420,700
loop_2056_circuit_no_condition_2_1_6,30,12,5428,700
loop_2056_circuit_no_condition_2_1_6,30,13,624,700
loop_2056_circuit_no_condition_2_1_6,30,14,624,700
loop_2056_circuit_no_condition_2_1_6,30,15,5417,700
loop_2056_circuit_no_condition_2_1_6,30,0,5090,800
loop_2056_circuit_no_condition_2_1_6,30,1,5421,800
loop_2056_circuit_no_condition_2_1_6,30,2,5157,800
loop_2056_circuit_no_condition_2_1_6,30,3,5418,800
loop_2056_circuit_no_condition_2_1_6,30,4,2951,800
loop_2056_circuit_no_condition_2_1_6,30,5,5420,800
loop_2056_circuit_no_condition_2_1_6,30,6,624,800
loop_2056_circuit_no_condition_2_1_6,30,7,624,800
loop_2056_circuit_no_condition_2_1_6,30,8,624,800
loop_2056_circuit_no_condition_2_1_6,30,9,5180,800
loop_2056_circuit_no_condition_2_1_6,30,10,624,800
loop_2056_circuit_no_condition_2_1_6,30,11,4466,800
loop_2056_circuit_no_condition_2_1_6,30,12,624,800
loop_2056_circuit_no_condition_2_1_6,30,13,624,800
loop_2056_circuit_no_condition_2_1_6,30,14,624,800
loop_2056_circuit_no_condition_2_1_6,30,15,5426,800
loop_2056_circuit_no_condition_2_1_6,30,0,624,901
loop_2056_circuit_no_condition_2_1_6,30,1,624,901
loop_2056_circuit_no_condition_2_1_6,30,2,624,901
loop_2056_circuit_no_condition_2_1_6,30,3,4252,901
loop_2056_circuit_no_condition_2_1_6,30,4,624,901
loop_2056_circuit_no_condition_2_1_6,30,5,5431,901
loop_2056_circuit_no_condition_2_1_6,30,6,624,901
loop_2056_circuit_no_condition_2_1_6,30,7,624,901
loop_2056_circuit_no_condition_2_1_6,30,8,3909,901
loop_2056_circuit_no_condition_2_1_6,30,9,624,901
loop_2056_circuit_no_condition_2_1_6,30,10,624,901
loop_2056_circuit_no_condition_2_1_6,30,11,624,901
loop_2056_circuit_no_condition_2_1_6,30,12,624,901
loop_2056_circuit_no_condition_2_1_6,30,13,624,901
loop_2056_circuit_no_condition_2_1_6,30,14,624,901
loop_2056_circuit_no_condition_2_1_6,30,15,624,901
loop_2056_circuit_no_condition_2_1_6,30,0,4658,1001
loop_2056_circuit_no_condition_2_1_6,30,1,624,1001
loop_2056_circuit_no_condition_2_1_6,30,2,624,1001
loop_2056_circuit_no_condition_2_1_6,30,3,5423,1001
loop_2056_circuit_no_condition_2_1_6,30,4,5208,1001
loop_2056_circuit_no_condition_2_1_6,30,5,5423,1001
loop_2056_circuit_no_condition_2_1_6,30,6,624,1001
loop_2056_circuit_no_condition_2_1_6,30,7,624,1001
loop_2056_circuit_no_condition_2_1_6,30,8,5141,1001
loop_2056_circuit_no_condition_2_1_6,30,9,624,1001
loop_2056_circuit_no_condition_2_1_6,30,10,4595,1001
loop_2056_circuit_no_condition_2_1_6,30,11,5156,1001
loop_2056_circuit_no_condition_2_1_6,30,12,624,1001
loop_2056_circuit_no_condition_2_1_6,30,13,624,1001
loop_2056_circuit_no_condition_2_1_6,30,14,624,1001
loop_2056_circuit_no_condition_2_1_6,30,15,5340,1001
loop_2056_circuit_no_condition_2_1_6,30,0,624,1101
loop_2056_circuit_no_condition_2_1_6,30,1,4596,1101
loop_2056_circuit_no_condition_2_1_6,30,2,4260,1101
loop_2056_circuit_no_condition_2_1_6,30,3,4465,1101
loop_2056_circuit_no_condition_2_1_6,30,4,3478,1101
loop_2056_circuit_no_condition_2_1_6,30,5,5419,1101
loop_2056_circuit_no_condition_2_1_6,30,6,3967,1101
loop_2056_circuit_no_condition_2_1_6,30,7,5420,1101
loop_2056_circuit_no_condition_2_1_6,30,8,624,1101
loop_2056_circuit_no_condition_2_1_6,30,9,624,1101
loop_2056_circuit_no_condition_2_1_6,30,10,624,1101
loop_2056_circuit_no_condition_2_1_6,30,11,4975,1101
loop_2056_circuit_no_condition_2_1_6,30,12,624,1101
loop_2056_circuit_no_condition_2_1_6,30,13,624,1101
loop_2056_circuit_no_condition_2_1_6,30,14,624,1101
loop_2056_circuit_no_condition_2_1_6,30,15,5366,1101
loop_2056_circuit_no_condition_2_1_6,30,0,624,1200
loop_2056_circuit_no_condition_2_1_6,30,1,624,1200
loop_2056_circuit_no_condition_2_1_6,30,2,624,1200
loop_2056_circuit_no_condition_2_1_6,30,3,4503,1200
loop_2056_circuit_no_condition_2_1_6,30,4,624,1200
loop_2056_circuit_no_condition_2_1_6,30,5,5422,1200
loop_2056_circuit_no_condition_2_1_6,30,6,624,1200
loop_2056_circuit_no_condition_2_1_6,30,7,624,1200
loop_2056_circuit_no_condition_2_1_6,30,8,624,1200
loop_2056_circuit_no_condition_2_1_6,30,9,624,1200
loop_2056_circuit_no_condition_2_1_6,30,10,624,1200
loop_2056_circuit_no_condition_2_1_6,30,11,624,1200
loop_2056_circuit_no_condition_2_1_6,30,12,624,1200
loop_2056_circuit_no_condition_2_1_6,30,13,624,1200
loop_2056_circuit_no_condition_2_1_6,30,14,624,1200
loop_2056_circuit_no_condition_2_1_6,30,15,4959,1200
loop_2056_circuit_no_condition_2_1_6,30,0,624,1300
loop_2056_circuit_no_condition_2_1_6,30,1,624,1300
loop_2056_circuit_no_condition_2_1_6,30,2,624,1300
loop_2056_circuit_no_condition_2_1_6,30,3,4392,1300
loop_2056_circuit_no_condition_2_1_6,30,4,3609,1300
loop_2056_circuit_no_condition_2_1_6,30,5,5435,1300
loop_2056_circuit_no_condition_2_1_6,30,6,624,1300
loop_2056_circuit_no_condition_2_1_6,30,7,5287,1300
loop_2056_circuit_no_condition_2_1_6,30,8,624,1300
loop_2056_circuit_no_condition_2_1_6,30,9,624,1300
loop_2056_circuit_no_condition_2_1_6,30,10,624,1300
loop_2056_circuit_no_condition_2_1_6,30,11,4276,1300
loop_2056_circuit_no_condition_2_1_6,30,12,624,1300
loop_2056_circuit_no_condition_2_1_6,30,13,624,1300
loop_2056_circuit_no_condition_2_1_6,30,14,624,1300
loop_2056_circuit_no_condition_2_1_6,30,15,4713,1300
loop_2056_circuit_no_condition_2_1_6,30,0,5223,1401
loop_2056_circuit_no_condition_2_1_6,30,1,5421,1401
loop_2056_circuit_no_condition_2_1_6,30,2,5416,1401
loop_2056_circuit_no_condition_2_1_6,30,3,5413,1401
loop_2056_circuit_no_condition_2_1_6,30,4,5419,1401
loop_2056_circuit_no_condition_2_1_6,30,5,5423,1401
loop_2056_circuit_no_condition_2_1_6,30,6,5422,1401
loop_2056_circuit_no_condition_2_1_6,30,7,5426,1401
loop_2056_circuit_no_condition_2_1_6,30,8,5418,1401
loop_2056_circuit_no_condition_2_1_6,30,9,5412,1401
loop_2056_circuit_no_condition_2_1_6,30,10,5412,1401
loop_2056_circuit_no_condition_2_1_6,30,11,5411,1401
loop_2056_circuit_no_condition_2_1_6,30,12,5405,1401
loop_2056_circuit_no_condition_2_1_6,30,13,624,1401
loop_2056_circuit_no_condition_2_1_6,30,14,624,1401
loop_2056_circuit_no_condition_2_1_6,30,15,5422,1401
loop_2056_circuit_no_condition_2_1_6,30,0,5415,1501
loop_2056_circuit_no_condition_2_1_6,30,1,5417,1501
loop_2056_circuit_no_condition_2_1_6,30,2,624,1501
loop_2056_circuit_no_condition_2_1_6,30,3,624,1501
loop_2056_circuit_no_condition_2_1_6,30,4,5421,1501
loop_2056_circuit_no_condition_2_1_6,30,5,5427,1501
loop_2056_circuit_no_condition_2_1_6,30,6,5423,1501
loop_2056_circuit_no_condition_2_1_6,30,7,624,1501
loop_2056_circuit_no_condition_2_1_6,30,8,624,1501
loop_2056_circuit_no_condition_2_1_6,30,9,5416,1501
loop_2056_circuit_no_condition_2_1_6,30,10,5417,1501
loop_2056_circuit_no_condition_2_1_6,30,11,5412,1501
loop_2056_circuit_no_condition_2_1_6,30,12,5423,1501
loop_2056_circuit_no_condition_2_1_6,30,13,624,1501
loop_2056_circuit_no_condition_2_1_6,30,14,624,1501
loop_2056_circuit_no_condition_2_1_6,30,15,5422,1501
loop_2056_circuit_no_condition_2_1_6,30,0,624,1601
loop_2056_circuit_no_condition_2_1_6,30,1,4489,1601
loop_2056_circuit_no_condition_2_1_6,30,2,624,1601
loop_2056_circuit_no_condition_2_1_6,30,3,624,1601
loop_2056_circuit_no_condition_2_1_6,30,4,5130,1601
loop_2056_circuit_no_condition_2_1_6,30,5,5425,1601
loop_2056_circuit_no_condition_2_1_6,30,6,624,1601
loop_2056_circuit_no_condition_2_1_6,30,7,624,1601
loop_2056_circuit_no_condition_2_1_6,30,8,5415,1601
loop_2056_circuit_no_condition_2_1_6,30,9,624,1601
loop_2056_circuit_no_condition_2_1_6,30,10,624,1601
loop_2056_circuit_no_condition_2_1_6,30,11,4469,1601
loop_2056_circuit_no_condition_2_1_6,30,12,624,1601
loop_2056_circuit_no_condition_2_1_6,30,13,624,1601
loop_2056_circuit_no_condition_2_1_6,30,14,624,1601
loop_2056_circuit_no_condition_2_1_6,30,15,624,1601
loop_2056_circuit_no_condition_2_1_6,30,0,624,1700
loop_2056_circuit_no_condition_2_1_6,30,1,2984,1700
loop_2056_circuit_no_condition_2_1_6,30,2,624,1700
loop_2056_circuit_no_condition_2_1_6,30,3,624,1700
loop_2056_circuit_no_condition_2_1_6,30,4,4986,1700
loop_2056_circuit_no_condition_2_1_6,30,5,5425,1700
loop_2056_circuit_no_condition_2_1_6,30,6,624,1700
loop_2056_circuit_no_condition_2_1_6,30,7,624,1700
loop_2056_circuit_no_condition_2_1_6,30,8,624,1700
loop_2056_circuit_no_condition_2_1_6,30,9,5423,1700
loop_2056_circuit_no_condition_2_1_6,30,10,624,1700
loop_2056_circuit_no_condition_2_1_6,30,11,4817,1700
loop_2056_circuit_no_condition_2_1_6,30,12,624,1700
loop_2056_circuit_no_condition_2_1_6,30,13,624,1700
loop_2056_circuit_no_condition_2_1_6,30,14,624,1700
loop_2056_circuit_no_condition_2_1_6,30,15,5367,1700
loop_2056_circuit_no_condition_2_1_6,30,0,624,1800
loop_2056_circuit_no_condition_2_1_6,30,1,5417,1800
loop_2056_circuit_no_condition_2_1_6,30,2,624,1800
loop_2056_circuit_no_condition_2_1_6,30,3,624,1800
loop_2056_circuit_no_condition_2_1_6,30,4,5426,1800
loop_2056_circuit_no_condition_2_1_6,30,5,5429,1800
loop_2056_circuit_no_condition_2_1_6,30,6,5425,1800
loop_2056_circuit_no_condition_2_1_6,30,7,624,1800
loop_2056_circuit_no_condition_2_1_6,30,8,5418,1800
loop_2056_circuit_no_condition_2_1_6,30,9,5412,1800
loop_2056_circuit_no_condition_2_1_6,30,10,5419,1800
loop_2056_circuit_no_condition_2_1_6,30,11,5419,1800
loop_2056_circuit_no_condition_2_1_6,30,12,5429,1800
loop_2056_circuit_no_condition_2_1_6,30,13,624,1800
loop_2056_circuit_no_condition_2_1_6,30,14,624,1800
loop_2056_circuit_no_condition_2_1_6,30,15,5429,1800
loop_2056_circuit_no_condition_2_1_6,30,0,624,1901
loop_2056_circuit_no_condition_2_1_6,30,1,5396,1901
loop_2056_circuit_no_condition_2_1_6,30,2,624,1901
loop_2056_circuit_no_condition_2_1_6,30,3,624,1901
loop_2056_circuit_no_condition_2_1_6,30,4,5414,1901
loop_2056_circuit_no_condition_2_1_6,30,5,5431,1901
loop_2056_circuit_no_condition_2_1_6,30,6,5410,1901
loop_2056_circuit_no_condition_2_1_6,30,7,624,1901
loop_2056_circuit_no_condition_2_1_6,30,8,5426,1901
loop_2056_circuit_no_condition_2_1_6,30,9,5422,1901
loop_2056_circuit_no_condition_2_1_6,30,10,5409,1901
loop_2056_circuit_no_condition_2_1_6,30,11,5417,1901
loop_2056_circuit_no_condition_2_1_6,30,12,5425,1901
loop_2056_circuit_no_condition_2_1_6,30,13,624,1901
loop_2056_circuit_no_condition_2_1_6,30,14,624,1901
loop_2056_circuit_no_condition_2_1_6,30,15,5425,1901
loop_2056_circuit_no_condition_2_1_6,31,0,5429,1
loop_2056_circuit_no_condition_2_1_6,31,1,5428,1
loop_2056_circuit_no_condition_2_1_6,31,2,5421,1
loop_2056_circuit_no_condition_2_1_6,31,3,5420,1
loop_2056_circuit_no_condition_2_1_6,31,4,5419,1
loop_2056_circuit_no_condition_2_1_6,31,5,5429,1
loop_2056_circuit_no_condition_2_1_6,31,6,5423,1
loop_2056_circuit_no_condition_2_1_6,31,7,5426,1
loop_2056_circuit_no_condition_2_1_6,31,8,5415,1
loop_2056_circuit_no_condition_2_1_6,31,9,5385,1
loop_2056_circuit_no_condition_2_1_6,31,10,624,1
loop_2056_circuit_no_condition_2_1_6,31,11,5426,1
loop_2056_circuit_no_condition_2_1_6,31,12,5429,1
loop_2056_circuit_no_condition_2_1_6,31,13,624,1
loop_2056_circuit_no_condition_2_1_6,31,14,624,1
loop_2056_circuit_no_condition_2_1_6,31,15,5424,1
loop_2056_circuit_no_condition_2_1_6,31,0,5405,101
loop_2056_circuit_no_condition_2_1_6,31,1,5407,101
loop_2056_circuit_no_condition_2_1_6,31,2,5406,101
loop_2056_circuit_no_condition_2_1_6,31,3,5420,101
loop_2056_circuit_no_condition_2_1_6,31,4,5347,101
loop_2056_circuit_no_condition_2_1_6,31,5,5429,101
loop_2056_circuit_no_condition_2_1_6,31,6,5393,101
loop_2056_circuit_no_condition_2_1_6,31,7,5418,101
loop_2056_circuit_no_condition_2_1_6,31,8,5415,101
loop_2056_circuit_no_condition_2_1_6,31,9,5425,101
loop_2056_circuit_no_condition_2_1_6,31,10,5423,101
loop_2056_circuit_no_condition_2_1_6,31,11,5382,101
loop_2056_circuit_no_condition_2_1_6,31,12,5425,101
loop_2056_circuit_no_condition_2_1_6,31,13,5345,101
loop_2056_circuit_no_condition_2_1_6,31,14,5418,101
loop_2056_circuit_no_condition_2_1_6,31,15,5421,101
loop_2056_circuit_no_condition_2_1_6,31,0,5430,200
loop_2056_circuit_no_condition_2_1_6,31,1,5416,200
loop_2056_circuit_no_condition_2_1_6,31,2,5421,200
loop_2056_circuit_no_condition_2_1_6,31,3,4872,200
loop_2056_circuit_no_condition_2_1_6,31,4,5398,200
loop_2056_circuit_no_condition_2_1_6,31,5,5418,200
loop_2056_circuit_no_condition_2_1_6,31,6,5430,200
loop_2056_circuit_no_condition_2_1_6,31,7,5428,200
loop_2056_circuit_no_condition_2_1_6,31,8,5417,200
loop_2056_circuit_no_condition_2_1_6,31,9,5425,200
loop_2056_circuit_no_condition_2_1_6,31,10,5428,200
loop_2056_circuit_no_condition_2_1_6,31,11,5430,200
loop_2056_circuit_no_condition_2_1_6,31,12,5425,200
loop_2056_circuit_no_condition_2_1_6,31,13,5419,200
loop_2056_circuit_no_condition_2_1_6,31,14,5430,200
loop_2056_circuit_no_condition_2_1_6,31,15,5400,200
loop_2056_circuit_no_condition_2_1_6,31,0,4941,300
loop_2056_circuit_no_condition_2_1_6,31,1,4706,300
loop_2056_circuit_no_condition_2_1_6,31,2,624,300
loop_2056_circuit_no_condition_2_1_6,31,3,624,300
loop_2056_circuit_no_condition_2_1_6,31,4,4615,300
loop_2056_circuit_no_condition_2_1_6,31,5,5428,300
loop_2056_circuit_no_condition_2_1_6,31,6,624,300
loop_2056_circuit_no_condition_2_1_6,31,7,4739,300
loop_2056_circuit_no_condition_2_1_6,31,8,624,300
loop_2056_circuit_no_condition_2_1_6,31,9,624,300
loop_2056_circuit_no_condition_2_1_6,31,10,4610,300
loop_2056_circuit_no_condition_2_1_6,31,11,4712,300
loop_2056_circuit_no_condition_2_1_6,31,12,624,300
loop_2056_circuit_no_condition_2_1_6,31,13,624,300
loop_2056_circuit_no_condition_2_1_6,31,14,624,300
loop_2056_circuit_no_condition_2_1_6,31,15,624,300
loop_2056_circuit_no_condition_2_1_6,31,0,624,400
loop_2056_circuit_no_condition_2_1_6,31,1,624,400
loop_2056_circuit_no_condition_2_1_6,31,2,624,400
loop_2056_circuit_no_condition_2_1_6,31,3,624,400
loop_2056_circuit_no_condition_2_1_6,31,4,4223,400
loop_2056_circuit_no_condition_2_1_6,31,5,5425,400
loop_2056_circuit_no_condition_2_1_6,31,6,624,400
loop_2056_circuit_no_condition_2_1_6,31,7,624,400
loop_2056_circuit_no_condition_2_1_6,31,8,624,400
loop_2056_circuit_no_condition_2_1_6,31,9,624,400
loop_2056_circuit_no_condition_2_1_6,31,10,624,400
loop_2056_circuit_no_condition_2_1_6,31,11,624,400
loop_2056_circuit_no_condition_2_1_6,31,12,624,400
loop_2056_circuit_no_condition_2_1_6,31,13,624,400
loop_2056_circuit_no_condition_2_1_6,31,14,624,400
loop_2056_circuit_no_condition_2_1_6,31,15,624,400
loop_2056_circuit_no_condition_2_1_6,31,0,624,501
loop_2056_circuit_no_condition_2_1_6,31,1,624,501
loop_2056_circuit_no_condition_2_1_6,31,2,624,501
loop_2056_circuit_no_condition_2_1_6,31,3,624,501
loop_2056_circuit_no_condition_2_1_6,31,4,3797,501
loop_2056_circuit_no_condition_2_1_6,31,5,5424,501
loop_2056_circuit_no_condition_2_1_6,31,6,624,501
loop_2056_circuit_no_condition_2_1_6,31,7,624,501
loop_2056_circuit_no_condition_2_1_6,31,8,624,501
loop_2056_circuit_no_condition_2_1_6,31,9,624,501
loop_2056_circuit_no_condition_2_1_6,31,10,624,501
loop_2056_circuit_no_condition_2_1_6,31,11,624,501
loop_2056_circuit_no_condition_2_1_6,31,12,624,501
loop_2056_circuit_no_condition_2_1_6,31,13,624,501
loop_2056_circuit_no_condition_2_1_6,31,14,624,501
loop_2056_circuit_no_condition_2_1_6,31,15,624,501
loop_2056_circuit_no_condition_2_1_6,31,0,624,601
loop_2056_circuit_no_condition_2_1_6,31,1,624,601
loop_2056_circuit_no_condition_2_1_6,31,2,624,601
loop_2056_circuit_no_condition_2_1_6,31,3,624,601
loop_2056_circuit_no_condition_2_1_6,31,4,624,601
loop_2056_circuit_no_condition_2_1_6,31,5,5431,601
loop_2056_circuit_no_condition_2_1_6,31,6,624,601
loop_2056_circuit_no_condition_2_1_6,31,7,624,601
loop_2056_circuit_no_condition_2_1_6,31,8,624,601
loop_2056_circuit_no_condition_2_1_6,31,9,624,601
loop_2056_circuit_no_condition_2_1_6,31,10,624,601
loop_2056_circuit_no_condition_2_1_6,31,11,624,601
loop_2056_circuit_no_condition_2_1_6,31,12,624,601
loop_2056_circuit_no_condition_2_1_6,31,13,624,601
loop_2056_circuit_no_condition_2_1_6,31,14,624,601
loop_2056_circuit_no_condition_2_1_6,31,15,624,601
loop_2056_circuit_no_condition_2_1_6,31,0,624,701
loop_2056_circuit_no_condition_2_1_6,31,1,624,701
loop_2056_circuit_no_condition_2_1_6,31,2,624,701
loop_2056_circuit_no_condition_2_1_6,31,3,624,701
loop_2056_circuit_no_condition_2_1_6,31,4,624,701
loop_2056_circuit_no_condition_2_1_6,31,5,5430,701
loop_2056_circuit_no_condition_2_1_6,31,6,624,701
loop_2056_circuit_no_condition_2_1_6,31,7,624,701
loop_2056_circuit_no_condition_2_1_6,31,8,624,701
loop_2056_circuit_no_condition_2_1_6,31,9,624,701
loop_2056_circuit_no_condition_2_1_6,31,10,624,701
loop_2056_circuit_no_condition_2_1_6,31,11,624,701
loop_2056_circuit_no_condition_2_1_6,31,12,624,701
loop_2056_circuit_no_condition_2_1_6,31,13,624,701
loop_2056_circuit_no_condition_2_1_6,31,14,624,701
loop_2056_circuit_no_condition_2_1_6,31,15,624,701
loop_2056_circuit_no_condition_2_1_6,31,0,624,800
loop_2056_circuit_no_condition_2_1_6,31,1,624,800
loop_2056_circuit_no_condition_2_1_6,31,2,624,800
loop_2056_circuit_no_condition_2_1_6,31,3,624,800
loop_2056_circuit_no_condition_2_1_6,31,4,624,800
loop_2056_circuit_no_condition_2_1_6,31,5,5427,800
loop_2056_circuit_no_condition_2_1_6,31,6,624,800
loop_2056_circuit_no_condition_2_1_6,31,7,624,800
loop_2056_circuit_no_condition_2_1_6,31,8,624,800
loop_2056_circuit_no_condition_2_1_6,31,9,624,800
loop_2056_circuit_no_condition_2_1_6,31,10,624,800
loop_2056_circuit_no_condition_2_1_6,31,11,624,800
loop_2056_circuit_no_condition_2_1_6,31,12,624,800
loop_2056_circuit_no_condition_2_1_6,31,13,624,800
loop_2056_circuit_no_condition_2_1_6,31,14,624,800
loop_2056_circuit_no_condition_2_1_6,31,15,624,800
loop_2056_circuit_no_condition_2_1_6,31,0,624,901
loop_2056_circuit_no_condition_2_1_6,31,1,624,901
loop_2056_circuit_no_condition_2_1_6,31,2,624,901
loop_2056_circuit_no_condition_2_1_6,31,3,624,901
loop_2056_circuit_no_condition_2_1_6,31,4,624,901
loop_2056_circuit_no_condition_2_1_6,31,5,5431,901
loop_2056_circuit_no_condition_2_1_6,31,6,624,901
loop_2056_circuit_no_condition_2_1_6,31,7,624,901
loop_2056_circuit_no_condition_2_1_6,31,8,624,901
loop_2056_circuit_no_condition_2_1_6,31,9,624,901
loop_2056_circuit_no_condition_2_1_6,31,10,624,901
loop_2056_circuit_no_condition_2_1_6,31,11,624,901
loop_2056_circuit_no_condition_2_1_6,31,12,624,901
loop_2056_circuit_no_condition_2_1_6,31,13,624,901
loop_2056_circuit_no_condition_2_1_6,31,14,624,901
loop_2056_circuit_no_condition_2_1_6,31,15,624,901
loop_2056_circuit_no_condition_2_1_6,31,0,624,1001
loop_2056_circuit_no_condition_2_1_6,31,1,624,1001
loop_2056_circuit_no_condition_2_1_6,31,2,624,1001
loop_2056_circuit_no_condition_2_1_6,31,3,624,1001
loop_2056_circuit_no_condition_2_1_6,31,4,624,1001
loop_2056_circuit_no_condition_2_1_6,31,5,5431,1001
loop_2056_circuit_no_condition_2_1_6,31,6,624,1001
loop_2056_circuit_no_condition_2_1_6,31,7,624,1001
loop_2056_circuit_no_condition_2_1_6,31,8,624,1001
loop_2056_circuit_no_condition_2_1_6,31,9,624,1001
loop_2056_circuit_no_condition_2_1_6,31,10,624,1001
loop_2056_circuit_no_condition_2_1_6,31,11,624,1001
loop_2056_circuit_no_condition_2_1_6,31,12,624,1001
loop_2056_circuit_no_condition_2_1_6,31,13,624,1001
loop_2056_circuit_no_condition_2_1_6,31,14,624,1001
loop_2056_circuit_no_condition_2_1_6,31,15,624,1001
loop_2056_circuit_no_condition_2_1_6,31,0,624,1101
loop_2056_circuit_no_condition_2_1_6,31,1,624,1101
loop_2056_circuit_no_condition_2_1_6,31,2,624,1101
loop_2056_circuit_no_condition_2_1_6,31,3,624,1101
loop_2056_circuit_no_condition_2_1_6,31,4,624,1101
loop_2056_circuit_no_condition_2_1_6,31,5,5429,1101
loop_2056_circuit_no_condition_2_1_6,31,6,624,1101
loop_2056_circuit_no_condition_2_1_6,31,7,624,1101
loop_2056_circuit_no_condition_2_1_6,31,8,624,1101
loop_2056_circuit_no_condition_2_1_6,31,9,624,1101
loop_2056_circuit_no_condition_2_1_6,31,10,624,1101
loop_2056_circuit_no_condition_2_1_6,31,11,624,1101
loop_2056_circuit_no_condition_2_1_6,31,12,624,1101
loop_2056_circuit_no_condition_2_1_6,31,13,624,1101
loop_2056_circuit_no_condition_2_1_6,31,14,624,1101
loop_2056_circuit_no_condition_2_1_6,31,15,624,1101
loop_2056_circuit_no_condition_2_1_6,31,0,624,1201
loop_2056_circuit_no_condition_2_1_6,31,1,624,1201
loop_2056_circuit_no_condition_2_1_6,31,2,624,1201
loop_2056_circuit_no_condition_2_1_6,31,3,624,1201
loop_2056_circuit_no_condition_2_1_6,31,4,624,1201
loop_2056_circuit_no_condition_2_1_6,31,5,5427,1201
loop_2056_circuit_no_condition_2_1_6,31,6,624,1201
loop_2056_circuit_no_condition_2_1_6,31,7,624,1201
loop_2056_circuit_no_condition_2_1_6,31,8,624,1201
loop_2056_circuit_no_condition_2_1_6,31,9,624,1201
loop_2056_circuit_no_condition_2_1_6,31,10,624,1201
loop_2056_circuit_no_condition_2_1_6,31,11,624,1201
loop_2056_circuit_no_condition_2_1_6,31,12,624,1201
loop_2056_circuit_no_condition_2_1_6,31,13,624,1201
loop_2056_circuit_no_condition_2_1_6,31,14,624,1201
loop_2056_circuit_no_condition_2_1_6,31,15,624,1201
loop_2056_circuit_no_condition_2_1_6,31,0,624,1300
loop_2056_circuit_no_condition_2_1_6,31,1,624,1300
loop_2056_circuit_no_condition_2_1_6,31,2,624,1300
loop_2056_circuit_no_condition_2_1_6,31,3,624,1300
loop_2056_circuit_no_condition_2_1_6,31,4,624,1300
loop_2056_circuit_no_condition_2_1_6,31,5,5428,1300
loop_2056_circuit_no_condition_2_1_6,31,6,624,1300
loop_2056_circuit_no_condition_2_1_6,31,7,624,1300
loop_2056_circuit_no_condition_2_1_6,31,8,624,1300
loop_2056_circuit_no_condition_2_1_6,31,9,624,1300
loop_2056_circuit_no_condition_2_1_6,31,10,624,1300
loop_2056_circuit_no_condition_2_1_6,31,11,624,1300
loop_2056_circuit_no_condition_2_1_6,31,12,624,1300
loop_2056_circuit_no_condition_2_1_6,31,13,624,1300
loop_2056_circuit_no_condition_2_1_6,31,14,624,1300
loop_2056_circuit_no_condition_2_1_6,31,15,624,1300
loop_2056_circuit_no_condition_2_1_6,31,0,624,1401
loop_2056_circuit_no_condition_2_1_6,31,1,624,1401
loop_2056_circuit_no_condition_2_1_6,31,2,624,1401
loop_2056_circuit_no_condition_2_1_6,31,3,624,1401
loop_2056_circuit_no_condition_2_1_6,31,4,624,1401
loop_2056_circuit_no_condition_2_1_6,31,5,5427,1401
loop_2056_circuit_no_condition_2_1_6,31,6,624,1401
loop_2056_circuit_no_condition_2_1_6,31,7,624,1401
loop_2056_circuit_no_condition_2_1_6,31,8,624,1401
loop_2056_circuit_no_condition_2_1_6,31,9,624,1401
loop_2056_circuit_no_condition_2_1_6,31,10,624,1401
loop_2056_circuit_no_condition_2_1_6,31,11,624,1401
loop_2056_circuit_no_condition_2_1_6,31,12,624,1401
loop_2056_circuit_no_condition_2_1_6,31,13,624,1401
loop_2056_circuit_no_condition_2_1_6,31,14,624,1401
loop_2056_circuit_no_condition_2_1_6,31,15,624,1401
loop_2056_circuit_no_condition_2_1_6,31,0,624,1501
loop_2056_circuit_no_condition_2_1_6,31,1,624,1501
loop_2056_circuit_no_condition_2_1_6,31,2,624,1501
loop_2056_circuit_no_condition_2_1_6,31,3,4698,1501
loop_2056_circuit_no_condition_2_1_6,31,4,624,1501
loop_2056_circuit_no_condition_2_1_6,31,5,5426,1501
loop_2056_circuit_no_condition_2_1_6,31,6,624,1501
loop_2056_circuit_no_condition_2_1_6,31,7,624,1501
loop_2056_circuit_no_condition_2_1_6,31,8,624,1501
loop_2056_circuit_no_condition_2_1_6,31,9,624,1501
loop_2056_circuit_no_condition_2_1_6,31,10,624,1501
loop_2056_circuit_no_condition_2_1_6,31,11,624,1501
loop_2056_circuit_no_condition_2_1_6,31,12,624,1501
loop_2056_circuit_no_condition_2_1_6,31,13,624,1501
loop_2056_circuit_no_condition_2_1_6,31,14,624,1501
loop_2056_circuit_no_condition_2_1_6,31,15,624,1501
loop_2056_circuit_no_condition_2_1_6,31,0,624,1601
loop_2056_circuit_no_condition_2_1_6,31,1,624,1601
loop_2056_circuit_no_condition_2_1_6,31,2,624,1601
loop_2056_circuit_no_condition_2_1_6,31,3,624,1601
loop_2056_circuit_no_condition_2_1_6,31,4,624,1601
loop_2056_circuit_no_condition_2_1_6,31,5,5427,1601
loop_2056_circuit_no_condition_2_1_6,31,6,624,1601
loop_2056_circuit_no_condition_2_1_6,31,7,624,1601
loop_2056_circuit_no_condition_2_1_6,31,8,624,1601
loop_2056_circuit_no_condition_2_1_6,31,9,624,1601
loop_2056_circuit_no_condition_2_1_6,31,10,624,1601
loop_2056_circuit_no_condition_2_1_6,31,11,624,1601
loop_2056_circuit_no_condition_2_1_6,31,12,624,1601
loop_2056_circuit_no_condition_2_1_6,31,13,624,1601
loop_2056_circuit_no_condition_2_1_6,31,14,624,1601
loop_2056_circuit_no_condition_2_1_6,31,15,624,1601
loop_2056_circuit_no_condition_2_1_6,31,0,624,1700
loop_2056_circuit_no_condition_2_1_6,31,1,624,1700
loop_2056_circuit_no_condition_2_1_6,31,2,624,1700
loop_2056_circuit_no_condition_2_1_6,31,3,624,1700
loop_2056_circuit_no_condition_2_1_6,31,4,624,1700
loop_2056_circuit_no_condition_2_1_6,31,5,5431,1700
loop_2056_circuit_no_condition_2_1_6,31,6,624,1700
loop_2056_circuit_no_condition_2_1_6,31,7,624,1700
loop_2056_circuit_no_condition_2_1_6,31,8,624,1700
loop_2056_circuit_no_condition_2_1_6,31,9,624,1700
loop_2056_circuit_no_condition_2_1_6,31,10,624,1700
loop_2056_circuit_no_condition_2_1_6,31,11,624,1700
loop_2056_circuit_no_condition_2_1_6,31,12,624,1700
loop_2056_circuit_no_condition_2_1_6,31,13,624,1700
loop_2056_circuit_no_condition_2_1_6,31,14,624,1700
loop_2056_circuit_no_condition_2_1_6,31,15,624,1700
loop_2056_circuit_no_condition_2_1_6,31,0,624,1801
loop_2056_circuit_no_condition_2_1_6,31,1,624,1801
loop_2056_circuit_no_condition_2_1_6,31,2,624,1801
loop_2056_circuit_no_condition_2_1_6,31,3,624,1801
loop_2056_circuit_no_condition_2_1_6,31,4,624,1801
loop_2056_circuit_no_condition_2_1_6,31,5,5432,1801
loop_2056_circuit_no_condition_2_1_6,31,6,624,1801
loop_2056_circuit_no_condition_2_1_6,31,7,624,1801
loop_2056_circuit_no_condition_2_1_6,31,8,624,1801
loop_2056_circuit_no_condition_2_1_6,31,9,624,1801
loop_2056_circuit_no_condition_2_1_6,31,10,624,1801
loop_2056_circuit_no_condition_2_1_6,31,11,624,1801
loop_2056_circuit_no_condition_2_1_6,31,12,624,1801
loop_2056_circuit_no_condition_2_1_6,31,13,624,1801
loop_2056_circuit_no_condition_2_1_6,31,14,624,1801
loop_2056_circuit_no_condition_2_1_6,31,15,624,1801
loop_2056_circuit_no_condition_2_1_6,31,0,5422,1900
loop_2056_circuit_no_condition_2_1_6,31,1,5428,1900
loop_2056_circuit_no_condition_2_1_6,31,2,5418,1900
loop_2056_circuit_no_condition_2_1_6,31,3,5421,1900
loop_2056_circuit_no_condition_2_1_6,31,4,5427,1900
loop_2056_circuit_no_condition_2_1_6,31,5,5304,1900
loop_2056_circuit_no_condition_2_1_6,31,6,5423,1900
loop_2056_circuit_no_condition_2_1_6,31,7,5380,1900
loop_2056_circuit_no_condition_2_1_6,31,8,5430,1900
loop_2056_circuit_no_condition_2_1_6,31,9,5423,1900
loop_2056_circuit_no_condition_2_1_6,31,10,5425,1900
loop_2056_circuit_no_condition_2_1_6,31,11,5421,1900
loop_2056_circuit_no_condition_2_1_6,31,12,5429,1900
loop_2056_circuit_no_condition_2_1_6,31,13,5370,1900
loop_2056_circuit_no_condition_2_1_6,31,14,624,1900
loop_2056_circuit_no_condition_2_1_6,31,15,4349,1900
loop_2056_circuit_no_condition_2_1_6,32,0,5434,1
loop_2056_circuit_no_condition_2_1_6,32,1,5425,1
loop_2056_circuit_no_condition_2_1_6,32,2,5424,1
loop_2056_circuit_no_condition_2_1_6,32,3,624,1
loop_2056_circuit_no_condition_2_1_6,32,4,5429,1
loop_2056_circuit_no_condition_2_1_6,32,5,5429,1
loop_2056_circuit_no_condition_2_1_6,32,6,5430,1
loop_2056_circuit_no_condition_2_1_6,32,7,5428,1
loop_2056_circuit_no_condition_2_1_6,32,8,5425,1
loop_2056_circuit_no_condition_2_1_6,32,9,5414,1
loop_2056_circuit_no_condition_2_1_6,32,10,624,1
loop_2056_circuit_no_condition_2_1_6,32,11,5425,1
loop_2056_circuit_no_condition_2_1_6,32,12,624,1
loop_2056_circuit_no_condition_2_1_6,32,13,5452,1
loop_2056_circuit_no_condition_2_1_6,32,14,5428,1
loop_2056_circuit_no_condition_2_1_6,32,15,5422,1
loop_2056_circuit_no_condition_2_1_6,32,0,5376,101
loop_2056_circuit_no_condition_2_1_6,32,1,5408,101
loop_2056_circuit_no_condition_2_1_6,32,2,5367,101
loop_2056_circuit_no_condition_2_1_6,32,3,5415,101
loop_2056_circuit_no_condition_2_1_6,32,4,5424,101
loop_2056_circuit_no_condition_2_1_6,32,5,5431,101
loop_2056_circuit_no_condition_2_1_6,32,6,5379,101
loop_2056_circuit_no_condition_2_1_6,32,7,5431,101
loop_2056_circuit_no_condition_2_1_6,32,8,5425,101
loop_2056_circuit_no_condition_2_1_6,32,9,5351,101
loop_2056_circuit_no_condition_2_1_6,32,10,5418,101
loop_2056_circuit_no_condition_2_1_6,32,11,5370,101
loop_2056_circuit_no_condition_2_1_6,32,12,5348,101
loop_2056_circuit_no_condition_2_1_6,32,13,5417,101
loop_2056_circuit_no_condition_2_1_6,32,14,5413,101
loop_2056_circuit_no_condition_2_1_6,32,15,5360,101
loop_2056_circuit_no_condition_2_1_6,32,0,5392,201
loop_2056_circuit_no_condition_2_1_6,32,1,5370,201
loop_2056_circuit_no_condition_2_1_6,32,2,5431,201
loop_2056_circuit_no_condition_2_1_6,32,3,5427,201
loop_2056_circuit_no_condition_2_1_6,32,4,5389,201
loop_2056_circuit_no_condition_2_1_6,32,5,5419,201
loop_2056_circuit_no_condition_2_1_6,32,6,5378,201
loop_2056_circuit_no_condition_2_1_6,32,7,5088,201
loop_2056_circuit_no_condition_2_1_6,32,8,5449,201
loop_2056_circuit_no_condition_2_1_6,32,9,5422,201
loop_2056_circuit_no_condition_2_1_6,32,10,5416,201
loop_2056_circuit_no_condition_2_1_6,32,11,5375,201
loop_2056_circuit_no_condition_2_1_6,32,12,5402,201
loop_2056_circuit_no_condition_2_1_6,32,13,5430,201
loop_2056_circuit_no_condition_2_1_6,32,14,5376,201
loop_2056_circuit_no_condition_2_1_6,32,15,5423,201
loop_2056_circuit_no_condition_2_1_6,32,0,4864,301
loop_2056_circuit_no_condition_2_1_6,32,1,4421,301
loop_2056_circuit_no_condition_2_1_6,32,2,624,301
loop_2056_circuit_no_condition_2_1_6,32,3,624,301
loop_2056_circuit_no_condition_2_1_6,32,4,624,301
loop_2056_circuit_no_condition_2_1_6,32,5,624,301
loop_2056_circuit_no_condition_2_1_6,32,6,624,301
loop_2056_circuit_no_condition_2_1_6,32,7,4534,301
loop_2056_circuit_no_condition_2_1_6,32,8,624,301
loop_2056_circuit_no_condition_2_1_6,32,9,4685,301
loop_2056_circuit_no_condition_2_1_6,32,10,624,301
loop_2056_circuit_no_condition_2_1_6,32,11,4697,301
loop_2056_circuit_no_condition_2_1_6,32,12,4557,301
loop_2056_circuit_no_condition_2_1_6,32,13,5428,301
loop_2056_circuit_no_condition_2_1_6,32,14,624,301
loop_2056_circuit_no_condition_2_1_6,32,15,624,301
loop_2056_circuit_no_condition_2_1_6,32,0,624,401
loop_2056_circuit_no_condition_2_1_6,32,1,624,401
loop_2056_circuit_no_condition_2_1_6,32,2,624,401
loop_2056_circuit_no_condition_2_1_6,32,3,624,401
loop_2056_circuit_no_condition_2_1_6,32,4,624,401
loop_2056_circuit_no_condition_2_1_6,32,5,624,401
loop_2056_circuit_no_condition_2_1_6,32,6,4317,401
loop_2056_circuit_no_condition_2_1_6,32,7,624,401
loop_2056_circuit_no_condition_2_1_6,32,8,624,401
loop_2056_circuit_no_condition_2_1_6,32,9,624,401
loop_2056_circuit_no_condition_2_1_6,32,10,624,401
loop_2056_circuit_no_condition_2_1_6,32,11,624,401
loop_2056_circuit_no_condition_2_1_6,32,12,624,401
loop_2056_circuit_no_condition_2_1_6,32,13,5426,401
loop_2056_circuit_no_condition_2_1_6,32,14,624,401
loop_2056_circuit_no_condition_2_1_6,32,15,624,401
loop_2056_circuit_no_condition_2_1_6,32,0,624,501
loop_2056_circuit_no_condition_2_1_6,32,1,624,501
loop_2056_circuit_no_condition_2_1_6,32,2,624,501
loop_2056_circuit_no_condition_2_1_6,32,3,4654,501
loop_2056_circuit_no_condition_2_1_6,32,4,624,501
loop_2056_circuit_no_condition_2_1_6,32,5,624,501
loop_2056_circuit_no_condition_2_1_6,32,6,624,501
loop_2056_circuit_no_condition_2_1_6,32,7,624,501
loop_2056_circuit_no_condition_2_1_6,32,8,624,501
loop_2056_circuit_no_condition_2_1_6,32,9,624,501
loop_2056_circuit_no_condition_2_1_6,32,10,624,501
loop_2056_circuit_no_condition_2_1_6,32,11,624,501
loop_2056_circuit_no_condition_2_1_6,32,12,624,501
loop_2056_circuit_no_condition_2_1_6,32,13,5433,501
loop_2056_circuit_no_condition_2_1_6,32,14,624,501
loop_2056_circuit_no_condition_2_1_6,32,15,624,501
loop_2056_circuit_no_condition_2_1_6,32,0,624,600
loop_2056_circuit_no_condition_2_1_6,32,1,624,600
loop_2056_circuit_no_condition_2_1_6,32,2,624,600
loop_2056_circuit_no_condition_2_1_6,32,3,4001,600
loop_2056_circuit_no_condition_2_1_6,32,4,624,600
loop_2056_circuit_no_condition_2_1_6,32,5,624,600
loop_2056_circuit_no_condition_2_1_6,32,6,624,600
loop_2056_circuit_no_condition_2_1_6,32,7,624,600
loop_2056_circuit_no_condition_2_1_6,32,8,624,600
loop_2056_circuit_no_condition_2_1_6,32,9,624,600
loop_2056_circuit_no_condition_2_1_6,32,10,624,600
loop_2056_circuit_no_condition_2_1_6,32,11,624,600
loop_2056_circuit_no_condition_2_1_6,32,12,624,600
loop_2056_circuit_no_condition_2_1_6,32,13,5431,600
loop_2056_circuit_no_condition_2_1_6,32,14,624,600
loop_2056_circuit_no_condition_2_1_6,32,15,624,600
loop_2056_circuit_no_condition_2_1_6,32,0,624,700
loop_2056_circuit_no_condition_2_1_6,32,1,624,700
loop_2056_circuit_no_condition_2_1_6,32,2,624,700
loop_2056_circuit_no_condition_2_1_6,32,3,624,700
loop_2056_circuit_no_condition_2_1_6,32,4,624,700
loop_2056_circuit_no_condition_2_1_6,32,5,624,700
loop_2056_circuit_no_condition_2_1_6,32,6,5400,700
loop_2056_circuit_no_condition_2_1_6,32,7,624,700
loop_2056_circuit_no_condition_2_1_6,32,8,624,700
loop_2056_circuit_no_condition_2_1_6,32,9,624,700
loop_2056_circuit_no_condition_2_1_6,32,10,624,700
loop_2056_circuit_no_condition_2_1_6,32,11,624,700
loop_2056_circuit_no_condition_2_1_6,32,12,624,700
loop_2056_circuit_no_condition_2_1_6,32,13,5429,700
loop_2056_circuit_no_condition_2_1_6,32,14,624,700
loop_2056_circuit_no_condition_2_1_6,32,15,624,700
loop_2056_circuit_no_condition_2_1_6,32,0,624,801
loop_2056_circuit_no_condition_2_1_6,32,1,624,801
loop_2056_circuit_no_condition_2_1_6,32,2,624,801
loop_2056_circuit_no_condition_2_1_6,32,3,624,801
loop_2056_circuit_no_condition_2_1_6,32,4,624,801
loop_2056_circuit_no_condition_2_1_6,32,5,624,801
loop_2056_circuit_no_condition_2_1_6,32,6,624,801
loop_2056_circuit_no_condition_2_1_6,32,7,624,801
loop_2056_circuit_no_condition_2_1_6,32,8,624,801
loop_2056_circuit_no_condition_2_1_6,32,9,624,801
loop_2056_circuit_no_condition_2_1_6,32,10,624,801
loop_2056_circuit_no_condition_2_1_6,32,11,624,801
loop_2056_circuit_no_condition_2_1_6,32,12,624,801
loop_2056_circuit_no_condition_2_1_6,32,13,5428,801
loop_2056_circuit_no_condition_2_1_6,32,14,624,801
loop_2056_circuit_no_condition_2_1_6,32,15,624,801
loop_2056_circuit_no_condition_2_1_6,32,0,624,901
loop_2056_circuit_no_condition_2_1_6,32,1,624,901
loop_2056_circuit_no_condition_2_1_6,32,2,624,901
loop_2056_circuit_no_condition_2_1_6,32,3,624,901
loop_2056_circuit_no_condition_2_1_6,32,4,624,901
loop_2056_circuit_no_condition_2_1_6,32,5,624,901
loop_2056_circuit_no_condition_2_1_6,32,6,4572,901
loop_2056_circuit_no_condition_2_1_6,32,7,624,901
loop_2056_circuit_no_condition_2_1_6,32,8,624,901
loop_2056_circuit_no_condition_2_1_6,32,9,624,901
loop_2056_circuit_no_condition_2_1_6,32,10,624,901
loop_2056_circuit_no_condition_2_1_6,32,11,624,901
loop_2056_circuit_no_condition_2_1_6,32,12,624,901
loop_2056_circuit_no_condition_2_1_6,32,13,5428,901
loop_2056_circuit_no_condition_2_1_6,32,14,624,901
loop_2056_circuit_no_condition_2_1_6,32,15,624,901
loop_2056_circuit_no_condition_2_1_6,32,0,624,1000
loop_2056_circuit_no_condition_2_1_6,32,1,624,1000
loop_2056_circuit_no_condition_2_1_6,32,2,624,1000
loop_2056_circuit_no_condition_2_1_6,32,3,624,1000
loop_2056_circuit_no_condition_2_1_6,32,4,624,1000
loop_2056_circuit_no_condition_2_1_6,32,5,624,1000
loop_2056_circuit_no_condition_2_1_6,32,6,624,1000
loop_2056_circuit_no_condition_2_1_6,32,7,624,1000
loop_2056_circuit_no_condition_2_1_6,32,8,624,1000
loop_2056_circuit_no_condition_2_1_6,32,9,624,1000
loop_2056_circuit_no_condition_2_1_6,32,10,624,1000
loop_2056_circuit_no_condition_2_1_6,32,11,624,1000
loop_2056_circuit_no_condition_2_1_6,32,12,624,1000
loop_2056_circuit_no_condition_2_1_6,32,13,5428,1000
loop_2056_circuit_no_condition_2_1_6,32,14,624,1000
loop_2056_circuit_no_condition_2_1_6,32,15,624,1000
loop_2056_circuit_no_condition_2_1_6,32,0,624,1100
loop_2056_circuit_no_condition_2_1_6,32,1,4476,1100
loop_2056_circuit_no_condition_2_1_6,32,2,624,1100
loop_2056_circuit_no_condition_2_1_6,32,3,624,1100
loop_2056_circuit_no_condition_2_1_6,32,4,624,1100
loop_2056_circuit_no_condition_2_1_6,32,5,624,1100
loop_2056_circuit_no_condition_2_1_6,32,6,624,1100
loop_2056_circuit_no_condition_2_1_6,32,7,624,1100
loop_2056_circuit_no_condition_2_1_6,32,8,624,1100
loop_2056_circuit_no_condition_2_1_6,32,9,624,1100
loop_2056_circuit_no_condition_2_1_6,32,10,624,1100
loop_2056_circuit_no_condition_2_1_6,32,11,624,1100
loop_2056_circuit_no_condition_2_1_6,32,12,624,1100
loop_2056_circuit_no_condition_2_1_6,32,13,5428,1100
loop_2056_circuit_no_condition_2_1_6,32,14,624,1100
loop_2056_circuit_no_condition_2_1_6,32,15,624,1100
loop_2056_circuit_no_condition_2_1_6,32,0,624,1201
loop_2056_circuit_no_condition_2_1_6,32,1,624,1201
loop_2056_circuit_no_condition_2_1_6,32,2,624,1201
loop_2056_circuit_no_condition_2_1_6,32,3,624,1201
loop_2056_circuit_no_condition_2_1_6,32,4,624,1201
loop_2056_circuit_no_condition_2_1_6,32,5,624,1201
loop_2056_circuit_no_condition_2_1_6,32,6,4458,1201
loop_2056_circuit_no_condition_2_1_6,32,7,624,1201
loop_2056_circuit_no_condition_2_1_6,32,8,624,1201
loop_2056_circuit_no_condition_2_1_6,32,9,624,1201
loop_2056_circuit_no_condition_2_1_6,32,10,624,1201
loop_2056_circuit_no_condition_2_1_6,32,11,624,1201
loop_2056_circuit_no_condition_2_1_6,32,12,624,1201
loop_2056_circuit_no_condition_2_1_6,32,13,5427,1201
loop_2056_circuit_no_condition_2_1_6,32,14,624,1201
loop_2056_circuit_no_condition_2_1_6,32,15,624,1201
loop_2056_circuit_no_condition_2_1_6,32,0,624,1301
loop_2056_circuit_no_condition_2_1_6,32,1,4068,1301
loop_2056_circuit_no_condition_2_1_6,32,2,624,1301
loop_2056_circuit_no_condition_2_1_6,32,3,624,1301
loop_2056_circuit_no_condition_2_1_6,32,4,624,1301
loop_2056_circuit_no_condition_2_1_6,32,5,624,1301
loop_2056_circuit_no_condition_2_1_6,32,6,624,1301
loop_2056_circuit_no_condition_2_1_6,32,7,624,1301
loop_2056_circuit_no_condition_2_1_6,32,8,624,1301
loop_2056_circuit_no_condition_2_1_6,32,9,624,1301
loop_2056_circuit_no_condition_2_1_6,32,10,624,1301
loop_2056_circuit_no_condition_2_1_6,32,11,624,1301
loop_2056_circuit_no_condition_2_1_6,32,12,624,1301
loop_2056_circuit_no_condition_2_1_6,32,13,5427,1301
loop_2056_circuit_no_condition_2_1_6,32,14,624,1301
loop_2056_circuit_no_condition_2_1_6,32,15,624,1301
loop_2056_circuit_no_condition_2_1_6,32,0,624,1401
loop_2056_circuit_no_condition_2_1_6,32,1,4100,1401
loop_2056_circuit_no_condition_2_1_6,32,2,624,1401
loop_2056_circuit_no_condition_2_1_6,32,3,624,1401
loop_2056_circuit_no_condition_2_1_6,32,4,624,1401
loop_2056_circuit_no_condition_2_1_6,32,5,624,1401
loop_2056_circuit_no_condition_2_1_6,32,6,624,1401
loop_2056_circuit_no_condition_2_1_6,32,7,624,1401
loop_2056_circuit_no_condition_2_1_6,32,8,624,1401
loop_2056_circuit_no_condition_2_1_6,32,9,624,1401
loop_2056_circuit_no_condition_2_1_6,32,10,624,1401
loop_2056_circuit_no_condition_2_1_6,32,11,624,1401
loop_2056_circuit_no_condition_2_1_6,32,12,624,1401
loop_2056_circuit_no_condition_2_1_6,32,13,5427,1401
loop_2056_circuit_no_condition_2_1_6,32,14,624,1401
loop_2056_circuit_no_condition_2_1_6,32,15,624,1401
loop_2056_circuit_no_condition_2_1_6,32,0,624,1500
loop_2056_circuit_no_condition_2_1_6,32,1,624,1500
loop_2056_circuit_no_condition_2_1_6,32,2,624,1500
loop_2056_circuit_no_condition_2_1_6,32,3,624,1500
loop_2056_circuit_no_condition_2_1_6,32,4,624,1500
loop_2056_circuit_no_condition_2_1_6,32,5,624,1500
loop_2056_circuit_no_condition_2_1_6,32,6,624,1500
loop_2056_circuit_no_condition_2_1_6,32,7,624,1500
loop_2056_circuit_no_condition_2_1_6,32,8,624,1500
loop_2056_circuit_no_condition_2_1_6,32,9,624,1500
loop_2056_circuit_no_condition_2_1_6,32,10,624,1500
loop_2056_circuit_no_condition_2_1_6,32,11,624,1500
loop_2056_circuit_no_condition_2_1_6,32,12,624,1500
loop_2056_circuit_no_condition_2_1_6,32,13,5427,1500
loop_2056_circuit_no_condition_2_1_6,32,14,624,1500
loop_2056_circuit_no_condition_2_1_6,32,15,624,1500
loop_2056_circuit_no_condition_2_1_6,32,0,624,1600
loop_2056_circuit_no_condition_2_1_6,32,1,4282,1600
loop_2056_circuit_no_condition_2_1_6,32,2,624,1600
loop_2056_circuit_no_condition_2_1_6,32,3,624,1600
loop_2056_circuit_no_condition_2_1_6,32,4,624,1600
loop_2056_circuit_no_condition_2_1_6,32,5,624,1600
loop_2056_circuit_no_condition_2_1_6,32,6,624,1600
loop_2056_circuit_no_condition_2_1_6,32,7,624,1600
loop_2056_circuit_no_condition_2_1_6,32,8,624,1600
loop_2056_circuit_no_condition_2_1_6,32,9,624,1600
loop_2056_circuit_no_condition_2_1_6,32,10,624,1600
loop_2056_circuit_no_condition_2_1_6,32,11,624,1600
loop_2056_circuit_no_condition_2_1_6,32,12,624,1600
loop_2056_circuit_no_condition_2_1_6,32,13,5426,1600
loop_2056_circuit_no_condition_2_1_6,32,14,624,1600
loop_2056_circuit_no_condition_2_1_6,32,15,624,1600
loop_2056_circuit_no_condition_2_1_6,32,0,624,1701
loop_2056_circuit_no_condition_2_1_6,32,1,624,1701
loop_2056_circuit_no_condition_2_1_6,32,2,624,1701
loop_2056_circuit_no_condition_2_1_6,32,3,624,1701
loop_2056_circuit_no_condition_2_1_6,32,4,624,1701
loop_2056_circuit_no_condition_2_1_6,32,5,624,1701
loop_2056_circuit_no_condition_2_1_6,32,6,624,1701
loop_2056_circuit_no_condition_2_1_6,32,7,624,1701
loop_2056_circuit_no_condition_2_1_6,32,8,624,1701
loop_2056_circuit_no_condition_2_1_6,32,9,624,1701
loop_2056_circuit_no_condition_2_1_6,32,10,624,1701
loop_2056_circuit_no_condition_2_1_6,32,11,624,1701
loop_2056_circuit_no_condition_2_1_6,32,12,624,1701
loop_2056_circuit_no_condition_2_1_6,32,13,5427,1701
loop_2056_circuit_no_condition_2_1_6,32,14,624,1701
loop_2056_circuit_no_condition_2_1_6,32,15,624,1701
loop_2056_circuit_no_condition_2_1_6,32,0,624,1801
loop_2056_circuit_no_condition_2_1_6,32,1,624,1801
loop_2056_circuit_no_condition_2_1_6,32,2,624,1801
loop_2056_circuit_no_condition_2_1_6,32,3,624,1801
loop_2056_circuit_no_condition_2_1_6,32,4,624,1801
loop_2056_circuit_no_condition_2_1_6,32,5,624,1801
loop_2056_circuit_no_condition_2_1_6,32,6,5426,1801
loop_2056_circuit_no_condition_2_1_6,32,7,624,1801
loop_2056_circuit_no_condition_2_1_6,32,8,624,1801
loop_2056_circuit_no_condition_2_1_6,32,9,624,1801
loop_2056_circuit_no_condition_2_1_6,32,10,624,1801
loop_2056_circuit_no_condition_2_1_6,32,11,624,1801
loop_2056_circuit_no_condition_2_1_6,32,12,624,1801
loop_2056_circuit_no_condition_2_1_6,32,13,5428,1801
loop_2056_circuit_no_condition_2_1_6,32,14,624,1801
loop_2056_circuit_no_condition_2_1_6,32,15,624,1801
loop_2056_circuit_no_condition_2_1_6,32,0,5418,1900
loop_2056_circuit_no_condition_2_1_6,32,1,5379,1900
loop_2056_circuit_no_condition_2_1_6,32,2,5398,1900
loop_2056_circuit_no_condition_2_1_6,32,3,624,1900
loop_2056_circuit_no_condition_2_1_6,32,4,5429,1900
loop_2056_circuit_no_condition_2_1_6,32,5,5422,1900
loop_2056_circuit_no_condition_2_1_6,32,6,5418,1900
loop_2056_circuit_no_condition_2_1_6,32,7,5362,1900
loop_2056_circuit_no_condition_2_1_6,32,8,5424,1900
loop_2056_circuit_no_condition_2_1_6,32,9,5382,1900
loop_2056_circuit_no_condition_2_1_6,32,10,624,1900
loop_2056_circuit_no_condition_2_1_6,32,11,5421,1900
loop_2056_circuit_no_condition_2_1_6,32,12,5413,1900
loop_2056_circuit_no_condition_2_1_6,32,13,5417,1900
loop_2056_circuit_no_condition_2_1_6,32,14,624,1900
loop_2056_circuit_no_condition_2_1_6,32,15,5413,1900
loop_2056_circuit_no_condition_2_1_6,33,0,5423,1
loop_2056_circuit_no_condition_2_1_6,33,1,624,1
loop_2056_circuit_no_condition_2_1_6,33,2,5434,1
loop_2056_circuit_no_condition_2_1_6,33,3,624,1
loop_2056_circuit_no_condition_2_1_6,33,4,5430,1
loop_2056_circuit_no_condition_2_1_6,33,5,5430,1
loop_2056_circuit_no_condition_2_1_6,33,6,5426,1
loop_2056_circuit_no_condition_2_1_6,33,7,5430,1
loop_2056_circuit_no_condition_2_1_6,33,8,5420,1
loop_2056_circuit_no_condition_2_1_6,33,9,624,1
loop_2056_circuit_no_condition_2_1_6,33,10,5421,1
loop_2056_circuit_no_condition_2_1_6,33,11,5428,1
loop_2056_circuit_no_condition_2_1_6,33,12,624,1
loop_2056_circuit_no_condition_2_1_6,33,13,624,1
loop_2056_circuit_no_condition_2_1_6,33,14,624,1
loop_2056_circuit_no_condition_2_1_6,33,15,5428,1
loop_2056_circuit_no_condition_2_1_6,33,0,5400,101
loop_2056_circuit_no_condition_2_1_6,33,1,5416,101
loop_2056_circuit_no_condition_2_1_6,33,2,5424,101
loop_2056_circuit_no_condition_2_1_6,33,3,5422,101
loop_2056_circuit_no_condition_2_1_6,33,4,5424,101
loop_2056_circuit_no_condition_2_1_6,33,5,5424,101
loop_2056_circuit_no_condition_2_1_6,33,6,5419,101
loop_2056_circuit_no_condition_2_1_6,33,7,5421,101
loop_2056_circuit_no_condition_2_1_6,33,8,5414,101
loop_2056_circuit_no_condition_2_1_6,33,9,5421,101
loop_2056_circuit_no_condition_2_1_6,33,10,5413,101
loop_2056_circuit_no_condition_2_1_6,33,11,5407,101
loop_2056_circuit_no_condition_2_1_6,33,12,5419,101
loop_2056_circuit_no_condition_2_1_6,33,13,5369,101
loop_2056_circuit_no_condition_2_1_6,33,14,5425,101
loop_2056_circuit_no_condition_2_1_6,33,15,5427,101
loop_2056_circuit_no_condition_2_1_6,33,0,5409,200
loop_2056_circuit_no_condition_2_1_6,33,1,5420,200
loop_2056_circuit_no_condition_2_1_6,33,2,5413,200
loop_2056_circuit_no_condition_2_1_6,33,3,5403,200
loop_2056_circuit_no_condition_2_1_6,33,4,5421,200
loop_2056_circuit_no_condition_2_1_6,33,5,5420,200
loop_2056_circuit_no_condition_2_1_6,33,6,5462,200
loop_2056_circuit_no_condition_2_1_6,33,7,5421,200
loop_2056_circuit_no_condition_2_1_6,33,8,5423,200
loop_2056_circuit_no_condition_2_1_6,33,9,5421,200
loop_2056_circuit_no_condition_2_1_6,33,10,5389,200
loop_2056_circuit_no_condition_2_1_6,33,11,5420,200
loop_2056_circuit_no_condition_2_1_6,33,12,5354,200
loop_2056_circuit_no_condition_2_1_6,33,13,5400,200
loop_2056_circuit_no_condition_2_1_6,33,14,5419,200
loop_2056_circuit_no_condition_2_1_6,33,15,5366,200
loop_2056_circuit_no_condition_2_1_6,33,0,624,301
loop_2056_circuit_no_condition_2_1_6,33,1,624,301
loop_2056_circuit_no_condition_2_1_6,33,2,4330,301
loop_2056_circuit_no_condition_2_1_6,33,3,624,301
loop_2056_circuit_no_condition_2_1_6,33,4,624,301
loop_2056_circuit_no_condition_2_1_6,33,5,5433,301
loop_2056_circuit_no_condition_2_1_6,33,6,624,301
loop_2056_circuit_no_condition_2_1_6,33,7,624,301
loop_2056_circuit_no_condition_2_1_6,33,8,624,301
loop_2056_circuit_no_condition_2_1_6,33,9,624,301
loop_2056_circuit_no_condition_2_1_6,33,10,624,301
loop_2056_circuit_no_condition_2_1_6,33,11,624,301
loop_2056_circuit_no_condition_2_1_6,33,12,624,301
loop_2056_circuit_no_condition_2_1_6,33,13,624,301
loop_2056_circuit_no_condition_2_1_6,33,14,624,301
loop_2056_circuit_no_condition_2_1_6,33,15,624,301
loop_2056_circuit_no_condition_2_1_6,33,0,624,401
loop_2056_circuit_no_condition_2_1_6,33,1,624,401
loop_2056_circuit_no_condition_2_1_6,33,2,4381,401
loop_2056_circuit_no_condition_2_1_6,33,3,624,401
loop_2056_circuit_no_condition_2_1_6,33,4,624,401
loop_2056_circuit_no_condition_2_1_6,33,5,5433,401
loop_2056_circuit_no_condition_2_1_6,33,6,624,401
loop_2056_circuit_no_condition_2_1_6,33,7,624,401
loop_2056_circuit_no_condition_2_1_6,33,8,624,401
loop_2056_circuit_no_condition_2_1_6,33,9,624,401
loop_2056_circuit_no_condition_2_1_6,33,10,624,401
loop_2056_circuit_no_condition_2_1_6,33,11,624,401
loop_2056_circuit_no_condition_2_1_6,33,12,624,401
loop_2056_circuit_no_condition_2_1_6,33,13,624,401
loop_2056_circuit_no_condition_2_1_6,33,14,624,401
loop_2056_circuit_no_condition_2_1_6,33,15,624,401
loop_2056_circuit_no_condition_2_1_6,33,0,624,501
loop_2056_circuit_no_condition_2_1_6,33,1,5358,501
loop_2056_circuit_no_condition_2_1_6,33,2,4296,501
loop_2056_circuit_no_condition_2_1_6,33,3,624,501
loop_2056_circuit_no_condition_2_1_6,33,4,4120,501
loop_2056_circuit_no_condition_2_1_6,33,5,5430,501
loop_2056_circuit_no_condition_2_1_6,33,6,624,501
loop_2056_circuit_no_condition_2_1_6,33,7,624,501
loop_2056_circuit_no_condition_2_1_6,33,8,4384,501
loop_2056_circuit_no_condition_2_1_6,33,9,624,501
loop_2056_circuit_no_condition_2_1_6,33,10,624,501
loop_2056_circuit_no_condition_2_1_6,33,11,624,501
loop_2056_circuit_no_condition_2_1_6,33,12,624,501
loop_2056_circuit_no_condition_2_1_6,33,13,624,501
loop_2056_circuit_no_condition_2_1_6,33,14,624,501
loop_2056_circuit_no_condition_2_1_6,33,15,624,501
loop_2056_circuit_no_condition_2_1_6,33,0,624,600
loop_2056_circuit_no_condition_2_1_6,33,1,624,600
loop_2056_circuit_no_condition_2_1_6,33,2,624,600
loop_2056_circuit_no_condition_2_1_6,33,3,624,600
loop_2056_circuit_no_condition_2_1_6,33,4,2735,600
loop_2056_circuit_no_condition_2_1_6,33,5,5426,600
loop_2056_circuit_no_condition_2_1_6,33,6,624,600
loop_2056_circuit_no_condition_2_1_6,33,7,5424,600
loop_2056_circuit_no_condition_2_1_6,33,8,624,600
loop_2056_circuit_no_condition_2_1_6,33,9,624,600
loop_2056_circuit_no_condition_2_1_6,33,10,624,600
loop_2056_circuit_no_condition_2_1_6,33,11,624,600
loop_2056_circuit_no_condition_2_1_6,33,12,624,600
loop_2056_circuit_no_condition_2_1_6,33,13,624,600
loop_2056_circuit_no_condition_2_1_6,33,14,624,600
loop_2056_circuit_no_condition_2_1_6,33,15,624,600
loop_2056_circuit_no_condition_2_1_6,33,0,624,701
loop_2056_circuit_no_condition_2_1_6,33,1,4638,701
loop_2056_circuit_no_condition_2_1_6,33,2,624,701
loop_2056_circuit_no_condition_2_1_6,33,3,624,701
loop_2056_circuit_no_condition_2_1_6,33,4,4457,701
loop_2056_circuit_no_condition_2_1_6,33,5,5426,701
loop_2056_circuit_no_condition_2_1_6,33,6,624,701
loop_2056_circuit_no_condition_2_1_6,33,7,4558,701
loop_2056_circuit_no_condition_2_1_6,33,8,4164,701
loop_2056_circuit_no_condition_2_1_6,33,9,624,701
loop_2056_circuit_no_condition_2_1_6,33,10,624,701
loop_2056_circuit_no_condition_2_1_6,33,11,624,701
loop_2056_circuit_no_condition_2_1_6,33,12,624,701
loop_2056_circuit_no_condition_2_1_6,33,13,624,701
loop_2056_circuit_no_condition_2_1_6,33,14,624,701
loop_2056_circuit_no_condition_2_1_6,33,15,624,701
loop_2056_circuit_no_condition_2_1_6,33,0,624,801
loop_2056_circuit_no_condition_2_1_6,33,1,624,801
loop_2056_circuit_no_condition_2_1_6,33,2,624,801
loop_2056_circuit_no_condition_2_1_6,33,3,624,801
loop_2056_circuit_no_condition_2_1_6,33,4,3850,801
loop_2056_circuit_no_condition_2_1_6,33,5,5425,801
loop_2056_circuit_no_condition_2_1_6,33,6,624,801
loop_2056_circuit_no_condition_2_1_6,33,7,624,801
loop_2056_circuit_no_condition_2_1_6,33,8,4392,801
loop_2056_circuit_no_condition_2_1_6,33,9,624,801
loop_2056_circuit_no_condition_2_1_6,33,10,624,801
loop_2056_circuit_no_condition_2_1_6,33,11,624,801
loop_2056_circuit_no_condition_2_1_6,33,12,624,801
loop_2056_circuit_no_condition_2_1_6,33,13,624,801
loop_2056_circuit_no_condition_2_1_6,33,14,624,801
loop_2056_circuit_no_condition_2_1_6,33,15,624,801
loop_2056_circuit_no_condition_2_1_6,33,0,624,901
loop_2056_circuit_no_condition_2_1_6,33,1,624,901
loop_2056_circuit_no_condition_2_1_6,33,2,624,901
loop_2056_circuit_no_condition_2_1_6,33,3,624,901
loop_2056_circuit_no_condition_2_1_6,33,4,5405,901
loop_2056_circuit_no_condition_2_1_6,33,5,5427,901
loop_2056_circuit_no_condition_2_1_6,33,6,624,901
loop_2056_circuit_no_condition_2_1_6,33,7,624,901
loop_2056_circuit_no_condition_2_1_6,33,8,624,901
loop_2056_circuit_no_condition_2_1_6,33,9,624,901
loop_2056_circuit_no_condition_2_1_6,33,10,624,901
loop_2056_circuit_no_condition_2_1_6,33,11,624,901
loop_2056_circuit_no_condition_2_1_6,33,12,624,901
loop_2056_circuit_no_condition_2_1_6,33,13,624,901
loop_2056_circuit_no_condition_2_1_6,33,14,624,901
loop_2056_circuit_no_condition_2_1_6,33,15,624,901
loop_2056_circuit_no_condition_2_1_6,33,0,624,1000
loop_2056_circuit_no_condition_2_1_6,33,1,624,1000
loop_2056_circuit_no_condition_2_1_6,33,2,624,1000
loop_2056_circuit_no_condition_2_1_6,33,3,624,1000
loop_2056_circuit_no_condition_2_1_6,33,4,5422,1000
loop_2056_circuit_no_condition_2_1_6,33,5,5427,1000
loop_2056_circuit_no_condition_2_1_6,33,6,624,1000
loop_2056_circuit_no_condition_2_1_6,33,7,624,1000
loop_2056_circuit_no_condition_2_1_6,33,8,624,1000
loop_2056_circuit_no_condition_2_1_6,33,9,624,1000
loop_2056_circuit_no_condition_2_1_6,33,10,624,1000
loop_2056_circuit_no_condition_2_1_6,33,11,624,1000
loop_2056_circuit_no_condition_2_1_6,33,12,624,1000
loop_2056_circuit_no_condition_2_1_6,33,13,624,1000
loop_2056_circuit_no_condition_2_1_6,33,14,624,1000
loop_2056_circuit_no_condition_2_1_6,33,15,624,1000
loop_2056_circuit_no_condition_2_1_6,33,0,624,1100
loop_2056_circuit_no_condition_2_1_6,33,1,624,1100
loop_2056_circuit_no_condition_2_1_6,33,2,624,1100
loop_2056_circuit_no_condition_2_1_6,33,3,624,1100
loop_2056_circuit_no_condition_2_1_6,33,4,5428,1100
loop_2056_circuit_no_condition_2_1_6,33,5,5427,1100
loop_2056_circuit_no_condition_2_1_6,33,6,624,1100
loop_2056_circuit_no_condition_2_1_6,33,7,624,1100
loop_2056_circuit_no_condition_2_1_6,33,8,624,1100
loop_2056_circuit_no_condition_2_1_6,33,9,624,1100
loop_2056_circuit_no_condition_2_1_6,33,10,624,1100
loop_2056_circuit_no_condition_2_1_6,33,11,624,1100
loop_2056_circuit_no_condition_2_1_6,33,12,624,1100
loop_2056_circuit_no_condition_2_1_6,33,13,624,1100
loop_2056_circuit_no_condition_2_1_6,33,14,624,1100
loop_2056_circuit_no_condition_2_1_6,33,15,624,1100
loop_2056_circuit_no_condition_2_1_6,33,0,624,1201
loop_2056_circuit_no_condition_2_1_6,33,1,624,1201
loop_2056_circuit_no_condition_2_1_6,33,2,624,1201
loop_2056_circuit_no_condition_2_1_6,33,3,624,1201
loop_2056_circuit_no_condition_2_1_6,33,4,3556,1201
loop_2056_circuit_no_condition_2_1_6,33,5,5426,1201
loop_2056_circuit_no_condition_2_1_6,33,6,624,1201
loop_2056_circuit_no_condition_2_1_6,33,7,624,1201
loop_2056_circuit_no_condition_2_1_6,33,8,3916,1201
loop_2056_circuit_no_condition_2_1_6,33,9,624,1201
loop_2056_circuit_no_condition_2_1_6,33,10,624,1201
loop_2056_circuit_no_condition_2_1_6,33,11,624,1201
loop_2056_circuit_no_condition_2_1_6,33,12,624,1201
loop_2056_circuit_no_condition_2_1_6,33,13,624,1201
loop_2056_circuit_no_condition_2_1_6,33,14,624,1201
loop_2056_circuit_no_condition_2_1_6,33,15,624,1201
loop_2056_circuit_no_condition_2_1_6,33,0,624,1301
loop_2056_circuit_no_condition_2_1_6,33,1,4495,1301
loop_2056_circuit_no_condition_2_1_6,33,2,3961,1301
loop_2056_circuit_no_condition_2_1_6,33,3,624,1301
loop_2056_circuit_no_condition_2_1_6,33,4,4180,1301
loop_2056_circuit_no_condition_2_1_6,33,5,5430,1301
loop_2056_circuit_no_condition_2_1_6,33,6,5426,1301
loop_2056_circuit_no_condition_2_1_6,33,7,624,1301
loop_2056_circuit_no_condition_2_1_6,33,8,624,1301
loop_2056_circuit_no_condition_2_1_6,33,9,624,1301
loop_2056_circuit_no_condition_2_1_6,33,10,624,1301
loop_2056_circuit_no_condition_2_1_6,33,11,624,1301
loop_2056_circuit_no_condition_2_1_6,33,12,624,1301
loop_2056_circuit_no_condition_2_1_6,33,13,624,1301
loop_2056_circuit_no_condition_2_1_6,33,14,624,1301
loop_2056_circuit_no_condition_2_1_6,33,15,624,1301
loop_2056_circuit_no_condition_2_1_6,33,0,624,1401
loop_2056_circuit_no_condition_2_1_6,33,1,624,1401
loop_2056_circuit_no_condition_2_1_6,33,2,624,1401
loop_2056_circuit_no_condition_2_1_6,33,3,624,1401
loop_2056_circuit_no_condition_2_1_6,33,4,4428,1401
loop_2056_circuit_no_condition_2_1_6,33,5,5426,1401
loop_2056_circuit_no_condition_2_1_6,33,6,624,1401
loop_2056_circuit_no_condition_2_1_6,33,7,624,1401
loop_2056_circuit_no_condition_2_1_6,33,8,624,1401
loop_2056_circuit_no_condition_2_1_6,33,9,624,1401
loop_2056_circuit_no_condition_2_1_6,33,10,624,1401
loop_2056_circuit_no_condition_2_1_6,33,11,624,1401
loop_2056_circuit_no_condition_2_1_6,33,12,624,1401
loop_2056_circuit_no_condition_2_1_6,33,13,624,1401
loop_2056_circuit_no_condition_2_1_6,33,14,624,1401
loop_2056_circuit_no_condition_2_1_6,33,15,624,1401
loop_2056_circuit_no_condition_2_1_6,33,0,624,1500
loop_2056_circuit_no_condition_2_1_6,33,1,624,1500
loop_2056_circuit_no_condition_2_1_6,33,2,624,1500
loop_2056_circuit_no_condition_2_1_6,33,3,624,1500
loop_2056_circuit_no_condition_2_1_6,33,4,3572,1500
loop_2056_circuit_no_condition_2_1_6,33,5,5432,1500
loop_2056_circuit_no_condition_2_1_6,33,6,624,1500
loop_2056_circuit_no_condition_2_1_6,33,7,624,1500
loop_2056_circuit_no_condition_2_1_6,33,8,624,1500
loop_2056_circuit_no_condition_2_1_6,33,9,624,1500
loop_2056_circuit_no_condition_2_1_6,33,10,624,1500
loop_2056_circuit_no_condition_2_1_6,33,11,624,1500
loop_2056_circuit_no_condition_2_1_6,33,12,624,1500
loop_2056_circuit_no_condition_2_1_6,33,13,624,1500
loop_2056_circuit_no_condition_2_1_6,33,14,624,1500
loop_2056_circuit_no_condition_2_1_6,33,15,624,1500
loop_2056_circuit_no_condition_2_1_6,33,0,624,1600
loop_2056_circuit_no_condition_2_1_6,33,1,624,1600
loop_2056_circuit_no_condition_2_1_6,33,2,624,1600
loop_2056_circuit_no_condition_2_1_6,33,3,624,1600
loop_2056_circuit_no_condition_2_1_6,33,4,4317,1600
loop_2056_circuit_no_condition_2_1_6,33,5,5429,1600
loop_2056_circuit_no_condition_2_1_6,33,6,624,1600
loop_2056_circuit_no_condition_2_1_6,33,7,624,1600
loop_2056_circuit_no_condition_2_1_6,33,8,624,1600
loop_2056_circuit_no_condition_2_1_6,33,9,624,1600
loop_2056_circuit_no_condition_2_1_6,33,10,624,1600
loop_2056_circuit_no_condition_2_1_6,33,11,624,1600
loop_2056_circuit_no_condition_2_1_6,33,12,624,1600
loop_2056_circuit_no_condition_2_1_6,33,13,624,1600
loop_2056_circuit_no_condition_2_1_6,33,14,624,1600
loop_2056_circuit_no_condition_2_1_6,33,15,624,1600
loop_2056_circuit_no_condition_2_1_6,33,0,624,1701
loop_2056_circuit_no_condition_2_1_6,33,1,3999,1701
loop_2056_circuit_no_condition_2_1_6,33,2,624,1701
loop_2056_circuit_no_condition_2_1_6,33,3,624,1701
loop_2056_circuit_no_condition_2_1_6,33,4,3144,1701
loop_2056_circuit_no_condition_2_1_6,33,5,5427,1701
loop_2056_circuit_no_condition_2_1_6,33,6,5422,1701
loop_2056_circuit_no_condition_2_1_6,33,7,624,1701
loop_2056_circuit_no_condition_2_1_6,33,8,624,1701
loop_2056_circuit_no_condition_2_1_6,33,9,624,1701
loop_2056_circuit_no_condition_2_1_6,33,10,624,1701
loop_2056_circuit_no_condition_2_1_6,33,11,624,1701
loop_2056_circuit_no_condition_2_1_6,33,12,624,1701
loop_2056_circuit_no_condition_2_1_6,33,13,624,1701
loop_2056_circuit_no_condition_2_1_6,33,14,624,1701
loop_2056_circuit_no_condition_2_1_6,33,15,624,1701
loop_2056_circuit_no_condition_2_1_6,33,0,624,1801
loop_2056_circuit_no_condition_2_1_6,33,1,4436,1801
loop_2056_circuit_no_condition_2_1_6,33,2,624,1801
loop_2056_circuit_no_condition_2_1_6,33,3,624,1801
loop_2056_circuit_no_condition_2_1_6,33,4,3789,1801
loop_2056_circuit_no_condition_2_1_6,33,5,5429,1801
loop_2056_circuit_no_condition_2_1_6,33,6,5421,1801
loop_2056_circuit_no_condition_2_1_6,33,7,624,1801
loop_2056_circuit_no_condition_2_1_6,33,8,624,1801
loop_2056_circuit_no_condition_2_1_6,33,9,624,1801
loop_2056_circuit_no_condition_2_1_6,33,10,624,1801
loop_2056_circuit_no_condition_2_1_6,33,11,624,1801
loop_2056_circuit_no_condition_2_1_6,33,12,624,1801
loop_2056_circuit_no_condition_2_1_6,33,13,624,1801
loop_2056_circuit_no_condition_2_1_6,33,14,624,1801
loop_2056_circuit_no_condition_2_1_6,33,15,624,1801
loop_2056_circuit_no_condition_2_1_6,33,0,5421,1900
loop_2056_circuit_no_condition_2_1_6,33,1,5393,1900
loop_2056_circuit_no_condition_2_1_6,33,2,5432,1900
loop_2056_circuit_no_condition_2_1_6,33,3,5400,1900
loop_2056_circuit_no_condition_2_1_6,33,4,5401,1900
loop_2056_circuit_no_condition_2_1_6,33,5,5424,1900
loop_2056_circuit_no_condition_2_1_6,33,6,5411,1900
loop_2056_circuit_no_condition_2_1_6,33,7,5408,1900
loop_2056_circuit_no_condition_2_1_6,33,8,5427,1900
loop_2056_circuit_no_condition_2_1_6,33,9,5400,1900
loop_2056_circuit_no_condition_2_1_6,33,10,5422,1900
loop_2056_circuit_no_condition_2_1_6,33,11,5387,1900
loop_2056_circuit_no_condition_2_1_6,33,12,5417,1900
loop_2056_circuit_no_condition_2_1_6,33,13,624,1900
loop_2056_circuit_no_condition_2_1_6,33,14,624,1900
loop_2056_circuit_no_condition_2_1_6,33,15,624,1900
loop_2056_circuit_no_condition_2_1_6,34,0,5431,1
loop_2056_circuit_no_condition_2_1_6,34,1,5403,1
loop_2056_circuit_no_condition_2_1_6,34,2,5420,1
loop_2056_circuit_no_condition_2_1_6,34,3,624,1
loop_2056_circuit_no_condition_2_1_6,34,4,5431,1
loop_2056_circuit_no_condition_2_1_6,34,5,5431,1
loop_2056_circuit_no_condition_2_1_6,34,6,5430,1
loop_2056_circuit_no_condition_2_1_6,34,7,624,1
loop_2056_circuit_no_condition_2_1_6,34,8,624,1
loop_2056_circuit_no_condition_2_1_6,34,9,624,1
loop_2056_circuit_no_condition_2_1_6,34,10,624,1
loop_2056_circuit_no_condition_2_1_6,34,11,624,1
loop_2056_circuit_no_condition_2_1_6,34,12,5441,1
loop_2056_circuit_no_condition_2_1_6,34,13,5431,1
loop_2056_circuit_no_condition_2_1_6,34,14,5430,1
loop_2056_circuit_no_condition_2_1_6,34,15,5421,1
loop_2056_circuit_no_condition_2_1_6,34,0,5331,101
loop_2056_circuit_no_condition_2_1_6,34,1,5429,101
loop_2056_circuit_no_condition_2_1_6,34,2,5335,101
loop_2056_circuit_no_condition_2_1_6,34,3,5425,101
loop_2056_circuit_no_condition_2_1_6,34,4,5420,101
loop_2056_circuit_no_condition_2_1_6,34,5,5421,101
loop_2056_circuit_no_condition_2_1_6,34,6,5429,101
loop_2056_circuit_no_condition_2_1_6,34,7,5420,101
loop_2056_circuit_no_condition_2_1_6,34,8,5429,101
loop_2056_circuit_no_condition_2_1_6,34,9,5424,101
loop_2056_circuit_no_condition_2_1_6,34,10,5378,101
loop_2056_circuit_no_condition_2_1_6,34,11,5427,101
loop_2056_circuit_no_condition_2_1_6,34,12,5424,101
loop_2056_circuit_no_condition_2_1_6,34,13,5419,101
loop_2056_circuit_no_condition_2_1_6,34,14,5376,101
loop_2056_circuit_no_condition_2_1_6,34,15,5430,101
loop_2056_circuit_no_condition_2_1_6,34,0,5398,201
loop_2056_circuit_no_condition_2_1_6,34,1,5400,201
loop_2056_circuit_no_condition_2_1_6,34,2,5413,201
loop_2056_circuit_no_condition_2_1_6,34,3,5425,201
loop_2056_circuit_no_condition_2_1_6,34,4,5421,201
loop_2056_circuit_no_condition_2_1_6,34,5,624,201
loop_2056_circuit_no_condition_2_1_6,34,6,4497,201
loop_2056_circuit_no_condition_2_1_6,34,7,4715,201
loop_2056_circuit_no_condition_2_1_6,34,8,5422,201
loop_2056_circuit_no_condition_2_1_6,34,9,5426,201
loop_2056_circuit_no_condition_2_1_6,34,10,5410,201
loop_2056_circuit_no_condition_2_1_6,34,11,4703,201
loop_2056_circuit_no_condition_2_1_6,34,12,5426,201
loop_2056_circuit_no_condition_2_1_6,34,13,624,201
loop_2056_circuit_no_condition_2_1_6,34,14,5372,201
loop_2056_circuit_no_condition_2_1_6,34,15,624,201
loop_2056_circuit_no_condition_2_1_6,34,0,624,301
loop_2056_circuit_no_condition_2_1_6,34,1,624,301
loop_2056_circuit_no_condition_2_1_6,34,2,624,301
loop_2056_circuit_no_condition_2_1_6,34,3,624,301
loop_2056_circuit_no_condition_2_1_6,34,4,5428,301
loop_2056_circuit_no_condition_2_1_6,34,5,624,301
loop_2056_circuit_no_condition_2_1_6,34,6,3925,301
loop_2056_circuit_no_condition_2_1_6,34,7,624,301
loop_2056_circuit_no_condition_2_1_6,34,8,624,301
loop_2056_circuit_no_condition_2_1_6,34,9,624,301
loop_2056_circuit_no_condition_2_1_6,34,10,624,301
loop_2056_circuit_no_condition_2_1_6,34,11,624,301
loop_2056_circuit_no_condition_2_1_6,34,12,624,301
loop_2056_circuit_no_condition_2_1_6,34,13,624,301
loop_2056_circuit_no_condition_2_1_6,34,14,624,301
loop_2056_circuit_no_condition_2_1_6,34,15,624,301
loop_2056_circuit_no_condition_2_1_6,34,0,624,401
loop_2056_circuit_no_condition_2_1_6,34,1,624,401
loop_2056_circuit_no_condition_2_1_6,34,2,624,401
loop_2056_circuit_no_condition_2_1_6,34,3,624,401
loop_2056_circuit_no_condition_2_1_6,34,4,5434,401
loop_2056_circuit_no_condition_2_1_6,34,5,624,401
loop_2056_circuit_no_condition_2_1_6,34,6,4141,401
loop_2056_circuit_no_condition_2_1_6,34,7,624,401
loop_2056_circuit_no_condition_2_1_6,34,8,624,401
loop_2056_circuit_no_condition_2_1_6,34,9,624,401
loop_2056_circuit_no_condition_2_1_6,34,10,624,401
loop_2056_circuit_no_condition_2_1_6,34,11,624,401
loop_2056_circuit_no_condition_2_1_6,34,12,624,401
loop_2056_circuit_no_condition_2_1_6,34,13,624,401
loop_2056_circuit_no_condition_2_1_6,34,14,624,401
loop_2056_circuit_no_condition_2_1_6,34,15,624,401
loop_2056_circuit_no_condition_2_1_6,34,0,624,501
loop_2056_circuit_no_condition_2_1_6,34,1,624,501
loop_2056_circuit_no_condition_2_1_6,34,2,624,501
loop_2056_circuit_no_condition_2_1_6,34,3,624,501
loop_2056_circuit_no_condition_2_1_6,34,4,5000,501
loop_2056_circuit_no_condition_2_1_6,34,5,5425,501
loop_2056_circuit_no_condition_2_1_6,34,6,4121,501
loop_2056_circuit_no_condition_2_1_6,34,7,624,501
loop_2056_circuit_no_condition_2_1_6,34,8,624,501
loop_2056_circuit_no_condition_2_1_6,34,9,624,501
loop_2056_circuit_no_condition_2_1_6,34,10,624,501
loop_2056_circuit_no_condition_2_1_6,34,11,624,501
loop_2056_circuit_no_condition_2_1_6,34,12,624,501
loop_2056_circuit_no_condition_2_1_6,34,13,624,501
loop_2056_circuit_no_condition_2_1_6,34,14,624,501
loop_2056_circuit_no_condition_2_1_6,34,15,624,501
loop_2056_circuit_no_condition_2_1_6,34,0,624,601
loop_2056_circuit_no_condition_2_1_6,34,1,624,601
loop_2056_circuit_no_condition_2_1_6,34,2,624,601
loop_2056_circuit_no_condition_2_1_6,34,3,624,601
loop_2056_circuit_no_condition_2_1_6,34,4,624,601
loop_2056_circuit_no_condition_2_1_6,34,5,5432,601
loop_2056_circuit_no_condition_2_1_6,34,6,3867,601
loop_2056_circuit_no_condition_2_1_6,34,7,624,601
loop_2056_circuit_no_condition_2_1_6,34,8,624,601
loop_2056_circuit_no_condition_2_1_6,34,9,624,601
loop_2056_circuit_no_condition_2_1_6,34,10,624,601
loop_2056_circuit_no_condition_2_1_6,34,11,624,601
loop_2056_circuit_no_condition_2_1_6,34,12,624,601
loop_2056_circuit_no_condition_2_1_6,34,13,624,601
loop_2056_circuit_no_condition_2_1_6,34,14,624,601
loop_2056_circuit_no_condition_2_1_6,34,15,624,601
loop_2056_circuit_no_condition_2_1_6,34,0,624,700
loop_2056_circuit_no_condition_2_1_6,34,1,624,700
loop_2056_circuit_no_condition_2_1_6,34,2,624,700
loop_2056_circuit_no_condition_2_1_6,34,3,624,700
loop_2056_circuit_no_condition_2_1_6,34,4,624,700
loop_2056_circuit_no_condition_2_1_6,34,5,5431,700
loop_2056_circuit_no_condition_2_1_6,34,6,4007,700
loop_2056_circuit_no_condition_2_1_6,34,7,624,700
loop_2056_circuit_no_condition_2_1_6,34,8,624,700
loop_2056_circuit_no_condition_2_1_6,34,9,624,700
loop_2056_circuit_no_condition_2_1_6,34,10,624,700
loop_2056_circuit_no_condition_2_1_6,34,11,624,700
loop_2056_circuit_no_condition_2_1_6,34,12,624,700
loop_2056_circuit_no_condition_2_1_6,34,13,624,700
loop_2056_circuit_no_condition_2_1_6,34,14,624,700
loop_2056_circuit_no_condition_2_1_6,34,15,624,700
loop_2056_circuit_no_condition_2_1_6,34,0,624,801
loop_2056_circuit_no_condition_2_1_6,34,1,624,801
loop_2056_circuit_no_condition_2_1_6,34,2,624,801
loop_2056_circuit_no_condition_2_1_6,34,3,624,801
loop_2056_circuit_no_condition_2_1_6,34,4,624,801
loop_2056_circuit_no_condition_2_1_6,34,5,5428,801
loop_2056_circuit_no_condition_2_1_6,34,6,624,801
loop_2056_circuit_no_condition_2_1_6,34,7,624,801
loop_2056_circuit_no_condition_2_1_6,34,8,624,801
loop_2056_circuit_no_condition_2_1_6,34,9,624,801
loop_2056_circuit_no_condition_2_1_6,34,10,624,801
loop_2056_circuit_no_condition_2_1_6,34,11,624,801
loop_2056_circuit_no_condition_2_1_6,34,12,624,801
loop_2056_circuit_no_condition_2_1_6,34,13,624,801
loop_2056_circuit_no_condition_2_1_6,34,14,624,801
loop_2056_circuit_no_condition_2_1_6,34,15,624,801
loop_2056_circuit_no_condition_2_1_6,34,0,624,901
loop_2056_circuit_no_condition_2_1_6,34,1,624,901
loop_2056_circuit_no_condition_2_1_6,34,2,624,901
loop_2056_circuit_no_condition_2_1_6,34,3,624,901
loop_2056_circuit_no_condition_2_1_6,34,4,624,901
loop_2056_circuit_no_condition_2_1_6,34,5,624,901
loop_2056_circuit_no_condition_2_1_6,34,6,4047,901
loop_2056_circuit_no_condition_2_1_6,34,7,624,901
loop_2056_circuit_no_condition_2_1_6,34,8,624,901
loop_2056_circuit_no_condition_2_1_6,34,9,624,901
loop_2056_circuit_no_condition_2_1_6,34,10,624,901
loop_2056_circuit_no_condition_2_1_6,34,11,624,901
loop_2056_circuit_no_condition_2_1_6,34,12,624,901
loop_2056_circuit_no_condition_2_1_6,34,13,5427,901
loop_2056_circuit_no_condition_2_1_6,34,14,624,901
loop_2056_circuit_no_condition_2_1_6,34,15,624,901
loop_2056_circuit_no_condition_2_1_6,34,0,624,1001
loop_2056_circuit_no_condition_2_1_6,34,1,624,1001
loop_2056_circuit_no_condition_2_1_6,34,2,624,1001
loop_2056_circuit_no_condition_2_1_6,34,3,624,1001
loop_2056_circuit_no_condition_2_1_6,34,4,624,1001
loop_2056_circuit_no_condition_2_1_6,34,5,624,1001
loop_2056_circuit_no_condition_2_1_6,34,6,4097,1001
loop_2056_circuit_no_condition_2_1_6,34,7,624,1001
loop_2056_circuit_no_condition_2_1_6,34,8,624,1001
loop_2056_circuit_no_condition_2_1_6,34,9,624,1001
loop_2056_circuit_no_condition_2_1_6,34,10,624,1001
loop_2056_circuit_no_condition_2_1_6,34,11,624,1001
loop_2056_circuit_no_condition_2_1_6,34,12,624,1001
loop_2056_circuit_no_condition_2_1_6,34,13,5431,1001
loop_2056_circuit_no_condition_2_1_6,34,14,624,1001
loop_2056_circuit_no_condition_2_1_6,34,15,624,1001
loop_2056_circuit_no_condition_2_1_6,34,0,624,1101
loop_2056_circuit_no_condition_2_1_6,34,1,624,1101
loop_2056_circuit_no_condition_2_1_6,34,2,624,1101
loop_2056_circuit_no_condition_2_1_6,34,3,624,1101
loop_2056_circuit_no_condition_2_1_6,34,4,624,1101
loop_2056_circuit_no_condition_2_1_6,34,5,624,1101
loop_2056_circuit_no_condition_2_1_6,34,6,4038,1101
loop_2056_circuit_no_condition_2_1_6,34,7,624,1101
loop_2056_circuit_no_condition_2_1_6,34,8,624,1101
loop_2056_circuit_no_condition_2_1_6,34,9,624,1101
loop_2056_circuit_no_condition_2_1_6,34,10,624,1101
loop_2056_circuit_no_condition_2_1_6,34,11,624,1101
loop_2056_circuit_no_condition_2_1_6,34,12,624,1101
loop_2056_circuit_no_condition_2_1_6,34,13,5431,1101
loop_2056_circuit_no_condition_2_1_6,34,14,624,1101
loop_2056_circuit_no_condition_2_1_6,34,15,624,1101
loop_2056_circuit_no_condition_2_1_6,34,0,624,1201
loop_2056_circuit_no_condition_2_1_6,34,1,624,1201
loop_2056_circuit_no_condition_2_1_6,34,2,624,1201
loop_2056_circuit_no_condition_2_1_6,34,3,624,1201
loop_2056_circuit_no_condition_2_1_6,34,4,624,1201
loop_2056_circuit_no_condition_2_1_6,34,5,624,1201
loop_2056_circuit_no_condition_2_1_6,34,6,4407,1201
loop_2056_circuit_no_condition_2_1_6,34,7,4630,1201
loop_2056_circuit_no_condition_2_1_6,34,8,624,1201
loop_2056_circuit_no_condition_2_1_6,34,9,624,1201
loop_2056_circuit_no_condition_2_1_6,34,10,624,1201
loop_2056_circuit_no_condition_2_1_6,34,11,624,1201
loop_2056_circuit_no_condition_2_1_6,34,12,624,1201
loop_2056_circuit_no_condition_2_1_6,34,13,5428,1201
loop_2056_circuit_no_condition_2_1_6,34,14,624,1201
loop_2056_circuit_no_condition_2_1_6,34,15,624,1201
loop_2056_circuit_no_condition_2_1_6,34,0,624,1301
loop_2056_circuit_no_condition_2_1_6,34,1,624,1301
loop_2056_circuit_no_condition_2_1_6,34,2,624,1301
loop_2056_circuit_no_condition_2_1_6,34,3,624,1301
loop_2056_circuit_no_condition_2_1_6,34,4,624,1301
loop_2056_circuit_no_condition_2_1_6,34,5,624,1301
loop_2056_circuit_no_condition_2_1_6,34,6,3624,1301
loop_2056_circuit_no_condition_2_1_6,34,7,624,1301
loop_2056_circuit_no_condition_2_1_6,34,8,624,1301
loop_2056_circuit_no_condition_2_1_6,34,9,624,1301
loop_2056_circuit_no_condition_2_1_6,34,10,624,1301
loop_2056_circuit_no_condition_2_1_6,34,11,624,1301
loop_2056_circuit_no_condition_2_1_6,34,12,624,1301
loop_2056_circuit_no_condition_2_1_6,34,13,5431,1301
loop_2056_circuit_no_condition_2_1_6,34,14,624,1301
loop_2056_circuit_no_condition_2_1_6,34,15,624,1301
loop_2056_circuit_no_condition_2_1_6,34,0,624,1401
loop_2056_circuit_no_condition_2_1_6,34,1,624,1401
loop_2056_circuit_no_condition_2_1_6,34,2,624,1401
loop_2056_circuit_no_condition_2_1_6,34,3,624,1401
loop_2056_circuit_no_condition_2_1_6,34,4,624,1401
loop_2056_circuit_no_condition_2_1_6,34,5,624,1401
loop_2056_circuit_no_condition_2_1_6,34,6,4347,1401
loop_2056_circuit_no_condition_2_1_6,34,7,624,1401
loop_2056_circuit_no_condition_2_1_6,34,8,624,1401
loop_2056_circuit_no_condition_2_1_6,34,9,624,1401
loop_2056_circuit_no_condition_2_1_6,34,10,624,1401
loop_2056_circuit_no_condition_2_1_6,34,11,624,1401
loop_2056_circuit_no_condition_2_1_6,34,12,624,1401
loop_2056_circuit_no_condition_2_1_6,34,13,5428,1401
loop_2056_circuit_no_condition_2_1_6,34,14,624,1401
loop_2056_circuit_no_condition_2_1_6,34,15,624,1401
loop_2056_circuit_no_condition_2_1_6,34,0,624,1501
loop_2056_circuit_no_condition_2_1_6,34,1,624,1501
loop_2056_circuit_no_condition_2_1_6,34,2,624,1501
loop_2056_circuit_no_condition_2_1_6,34,3,624,1501
loop_2056_circuit_no_condition_2_1_6,34,4,624,1501
loop_2056_circuit_no_condition_2_1_6,34,5,624,1501
loop_2056_circuit_no_condition_2_1_6,34,6,4563,1501
loop_2056_circuit_no_condition_2_1_6,34,7,624,1501
loop_2056_circuit_no_condition_2_1_6,34,8,624,1501
loop_2056_circuit_no_condition_2_1_6,34,9,624,1501
loop_2056_circuit_no_condition_2_1_6,34,10,624,1501
loop_2056_circuit_no_condition_2_1_6,34,11,624,1501
loop_2056_circuit_no_condition_2_1_6,34,12,624,1501
loop_2056_circuit_no_condition_2_1_6,34,13,5427,1501
loop_2056_circuit_no_condition_2_1_6,34,14,624,1501
loop_2056_circuit_no_condition_2_1_6,34,15,624,1501
loop_2056_circuit_no_condition_2_1_6,34,0,624,1600
loop_2056_circuit_no_condition_2_1_6,34,1,624,1600
loop_2056_circuit_no_condition_2_1_6,34,2,624,1600
loop_2056_circuit_no_condition_2_1_6,34,3,624,1600
loop_2056_circuit_no_condition_2_1_6,34,4,624,1600
loop_2056_circuit_no_condition_2_1_6,34,5,624,1600
loop_2056_circuit_no_condition_2_1_6,34,6,624,1600
loop_2056_circuit_no_condition_2_1_6,34,7,624,1600
loop_2056_circuit_no_condition_2_1_6,34,8,624,1600
loop_2056_circuit_no_condition_2_1_6,34,9,624,1600
loop_2056_circuit_no_condition_2_1_6,34,10,624,1600
loop_2056_circuit_no_condition_2_1_6,34,11,624,1600
loop_2056_circuit_no_condition_2_1_6,34,12,624,1600
loop_2056_circuit_no_condition_2_1_6,34,13,5432,1600
loop_2056_circuit_no_condition_2_1_6,34,14,624,1600
loop_2056_circuit_no_condition_2_1_6,34,15,624,1600
loop_2056_circuit_no_condition_2_1_6,34,0,624,1701
loop_2056_circuit_no_condition_2_1_6,34,1,624,1701
loop_2056_circuit_no_condition_2_1_6,34,2,624,1701
loop_2056_circuit_no_condition_2_1_6,34,3,624,1701
loop_2056_circuit_no_condition_2_1_6,34,4,624,1701
loop_2056_circuit_no_condition_2_1_6,34,5,624,1701
loop_2056_circuit_no_condition_2_1_6,34,6,624,1701
loop_2056_circuit_no_condition_2_1_6,34,7,4609,1701
loop_2056_circuit_no_condition_2_1_6,34,8,624,1701
loop_2056_circuit_no_condition_2_1_6,34,9,624,1701
loop_2056_circuit_no_condition_2_1_6,34,10,624,1701
loop_2056_circuit_no_condition_2_1_6,34,11,624,1701
loop_2056_circuit_no_condition_2_1_6,34,12,624,1701
loop_2056_circuit_no_condition_2_1_6,34,13,5428,1701
loop_2056_circuit_no_condition_2_1_6,34,14,624,1701
loop_2056_circuit_no_condition_2_1_6,34,15,624,1701
loop_2056_circuit_no_condition_2_1_6,34,0,624,1801
loop_2056_circuit_no_condition_2_1_6,34,1,624,1801
loop_2056_circuit_no_condition_2_1_6,34,2,624,1801
loop_2056_circuit_no_condition_2_1_6,34,3,624,1801
loop_2056_circuit_no_condition_2_1_6,34,4,624,1801
loop_2056_circuit_no_condition_2_1_6,34,5,624,1801
loop_2056_circuit_no_condition_2_1_6,34,6,624,1801
loop_2056_circuit_no_condition_2_1_6,34,7,624,1801
loop_2056_circuit_no_condition_2_1_6,34,8,624,1801
loop_2056_circuit_no_condition_2_1_6,34,9,624,1801
loop_2056_circuit_no_condition_2_1_6,34,10,624,1801
loop_2056_circuit_no_condition_2_1_6,34,11,624,1801
loop_2056_circuit_no_condition_2_1_6,34,12,624,1801
loop_2056_circuit_no_condition_2_1_6,34,13,5431,1801
loop_2056_circuit_no_condition_2_1_6,34,14,624,1801
loop_2056_circuit_no_condition_2_1_6,34,15,624,1801
loop_2056_circuit_no_condition_2_1_6,34,0,624,1901
loop_2056_circuit_no_condition_2_1_6,34,1,5425,1901
loop_2056_circuit_no_condition_2_1_6,34,2,4529,1901
loop_2056_circuit_no_condition_2_1_6,34,3,4576,1901
loop_2056_circuit_no_condition_2_1_6,34,4,624,1901
loop_2056_circuit_no_condition_2_1_6,34,5,5428,1901
loop_2056_circuit_no_condition_2_1_6,34,6,4507,1901
loop_2056_circuit_no_condition_2_1_6,34,7,4942,1901
loop_2056_circuit_no_condition_2_1_6,34,8,4204,1901
loop_2056_circuit_no_condition_2_1_6,34,9,4257,1901
loop_2056_circuit_no_condition_2_1_6,34,10,5426,1901
loop_2056_circuit_no_condition_2_1_6,34,11,624,1901
loop_2056_circuit_no_condition_2_1_6,34,12,624,1901
loop_2056_circuit_no_condition_2_1_6,34,13,5428,1901
loop_2056_circuit_no_condition_2_1_6,34,14,624,1901
loop_2056_circuit_no_condition_2_1_6,34,15,624,1901
loop_2056_circuit_no_condition_2_1_6,35,0,5416,1
loop_2056_circuit_no_condition_2_1_6,35,1,5426,1
loop_2056_circuit_no_condition_2_1_6,35,2,624,1
loop_2056_circuit_no_condition_2_1_6,35,3,5426,1
loop_2056_circuit_no_condition_2_1_6,35,4,5427,1
loop_2056_circuit_no_condition_2_1_6,35,5,5427,1
loop_2056_circuit_no_condition_2_1_6,35,6,5421,1
loop_2056_circuit_no_condition_2_1_6,35,7,5431,1
loop_2056_circuit_no_condition_2_1_6,35,8,5426,1
loop_2056_circuit_no_condition_2_1_6,35,9,5408,1
loop_2056_circuit_no_condition_2_1_6,35,10,5424,1
loop_2056_circuit_no_condition_2_1_6,35,11,5423,1
loop_2056_circuit_no_condition_2_1_6,35,12,5421,1
loop_2056_circuit_no_condition_2_1_6,35,13,624,1
loop_2056_circuit_no_condition_2_1_6,35,14,5450,1
loop_2056_circuit_no_condition_2_1_6,35,15,5426,1
loop_2056_circuit_no_condition_2_1_6,35,0,5433,100
loop_2056_circuit_no_condition_2_1_6,35,1,5417,100
loop_2056_circuit_no_condition_2_1_6,35,2,5405,100
loop_2056_circuit_no_condition_2_1_6,35,3,5419,100
loop_2056_circuit_no_condition_2_1_6,35,4,5416,100
loop_2056_circuit_no_condition_2_1_6,35,5,5427,100
loop_2056_circuit_no_condition_2_1_6,35,6,5429,100
loop_2056_circuit_no_condition_2_1_6,35,7,5417,100
loop_2056_circuit_no_condition_2_1_6,35,8,5410,100
loop_2056_circuit_no_condition_2_1_6,35,9,5418,100
loop_2056_circuit_no_condition_2_1_6,35,10,5417,100
loop_2056_circuit_no_condition_2_1_6,35,11,5427,100
loop_2056_circuit_no_condition_2_1_6,35,12,5416,100
loop_2056_circuit_no_condition_2_1_6,35,13,5413,100
loop_2056_circuit_no_condition_2_1_6,35,14,5414,100
loop_2056_circuit_no_condition_2_1_6,35,15,5424,100
loop_2056_circuit_no_condition_2_1_6,35,0,5429,201
loop_2056_circuit_no_condition_2_1_6,35,1,5425,201
loop_2056_circuit_no_condition_2_1_6,35,2,5385,201
loop_2056_circuit_no_condition_2_1_6,35,3,5399,201
loop_2056_circuit_no_condition_2_1_6,35,4,5418,201
loop_2056_circuit_no_condition_2_1_6,35,5,5422,201
loop_2056_circuit_no_condition_2_1_6,35,6,5424,201
loop_2056_circuit_no_condition_2_1_6,35,7,5344,201
loop_2056_circuit_no_condition_2_1_6,35,8,5408,201
loop_2056_circuit_no_condition_2_1_6,35,9,5425,201
loop_2056_circuit_no_condition_2_1_6,35,10,5410,201
loop_2056_circuit_no_condition_2_1_6,35,11,5410,201
loop_2056_circuit_no_condition_2_1_6,35,12,5415,201
loop_2056_circuit_no_condition_2_1_6,35,13,5431,201
loop_2056_circuit_no_condition_2_1_6,35,14,5423,201
loop_2056_circuit_no_condition_2_1_6,35,15,5423,201
loop_2056_circuit_no_condition_2_1_6,35,0,624,300
loop_2056_circuit_no_condition_2_1_6,35,1,4844,300
loop_2056_circuit_no_condition_2_1_6,35,2,624,300
loop_2056_circuit_no_condition_2_1_6,35,3,624,300
loop_2056_circuit_no_condition_2_1_6,35,4,624,300
loop_2056_circuit_no_condition_2_1_6,35,5,624,300
loop_2056_circuit_no_condition_2_1_6,35,6,624,300
loop_2056_circuit_no_condition_2_1_6,35,7,624,300
loop_2056_circuit_no_condition_2_1_6,35,8,5414,300
loop_2056_circuit_no_condition_2_1_6,35,9,624,300
loop_2056_circuit_no_condition_2_1_6,35,10,624,300
loop_2056_circuit_no_condition_2_1_6,35,11,624,300
loop_2056_circuit_no_condition_2_1_6,35,12,624,300
loop_2056_circuit_no_condition_2_1_6,35,13,5428,300
loop_2056_circuit_no_condition_2_1_6,35,14,624,300
loop_2056_circuit_no_condition_2_1_6,35,15,624,300
loop_2056_circuit_no_condition_2_1_6,35,0,624,401
loop_2056_circuit_no_condition_2_1_6,35,1,5422,401
loop_2056_circuit_no_condition_2_1_6,35,2,5124,401
loop_2056_circuit_no_condition_2_1_6,35,3,3637,401
loop_2056_circuit_no_condition_2_1_6,35,4,5433,401
loop_2056_circuit_no_condition_2_1_6,35,5,5434,401
loop_2056_circuit_no_condition_2_1_6,35,6,624,401
loop_2056_circuit_no_condition_2_1_6,35,7,624,401
loop_2056_circuit_no_condition_2_1_6,35,8,4143,401
loop_2056_circuit_no_condition_2_1_6,35,9,624,401
loop_2056_circuit_no_condition_2_1_6,35,10,624,401
loop_2056_circuit_no_condition_2_1_6,35,11,3355,401
loop_2056_circuit_no_condition_2_1_6,35,12,624,401
loop_2056_circuit_no_condition_2_1_6,35,13,5433,401
loop_2056_circuit_no_condition_2_1_6,35,14,5455,401
loop_2056_circuit_no_condition_2_1_6,35,15,5399,401
loop_2056_circuit_no_condition_2_1_6,35,0,624,500
loop_2056_circuit_no_condition_2_1_6,35,1,4658,500
loop_2056_circuit_no_condition_2_1_6,35,2,624,500
loop_2056_circuit_no_condition_2_1_6,35,3,624,500
loop_2056_circuit_no_condition_2_1_6,35,4,624,500
loop_2056_circuit_no_condition_2_1_6,35,5,624,500
loop_2056_circuit_no_condition_2_1_6,35,6,624,500
loop_2056_circuit_no_condition_2_1_6,35,7,624,500
loop_2056_circuit_no_condition_2_1_6,35,8,4142,500
loop_2056_circuit_no_condition_2_1_6,35,9,624,500
loop_2056_circuit_no_condition_2_1_6,35,10,624,500
loop_2056_circuit_no_condition_2_1_6,35,11,624,500
loop_2056_circuit_no_condition_2_1_6,35,12,624,500
loop_2056_circuit_no_condition_2_1_6,35,13,5430,500
loop_2056_circuit_no_condition_2_1_6,35,14,624,500
loop_2056_circuit_no_condition_2_1_6,35,15,624,500
loop_2056_circuit_no_condition_2_1_6,35,0,624,600
loop_2056_circuit_no_condition_2_1_6,35,1,624,600
loop_2056_circuit_no_condition_2_1_6,35,2,624,600
loop_2056_circuit_no_condition_2_1_6,35,3,624,600
loop_2056_circuit_no_condition_2_1_6,35,4,4065,600
loop_2056_circuit_no_condition_2_1_6,35,5,624,600
loop_2056_circuit_no_condition_2_1_6,35,6,624,600
loop_2056_circuit_no_condition_2_1_6,35,7,624,600
loop_2056_circuit_no_condition_2_1_6,35,8,4528,600
loop_2056_circuit_no_condition_2_1_6,35,9,624,600
loop_2056_circuit_no_condition_2_1_6,35,10,624,600
loop_2056_circuit_no_condition_2_1_6,35,11,624,600
loop_2056_circuit_no_condition_2_1_6,35,12,624,600
loop_2056_circuit_no_condition_2_1_6,35,13,5427,600
loop_2056_circuit_no_condition_2_1_6,35,14,624,600
loop_2056_circuit_no_condition_2_1_6,35,15,624,600
loop_2056_circuit_no_condition_2_1_6,35,0,624,701
loop_2056_circuit_no_condition_2_1_6,35,1,4480,701
loop_2056_circuit_no_condition_2_1_6,35,2,624,701
loop_2056_circuit_no_condition_2_1_6,35,3,4545,701
loop_2056_circuit_no_condition_2_1_6,35,4,3908,701
loop_2056_circuit_no_condition_2_1_6,35,5,624,701
loop_2056_circuit_no_condition_2_1_6,35,6,624,701
loop_2056_circuit_no_condition_2_1_6,35,7,4552,701
loop_2056_circuit_no_condition_2_1_6,35,8,624,701
loop_2056_circuit_no_condition_2_1_6,35,9,624,701
loop_2056_circuit_no_condition_2_1_6,35,10,624,701
loop_2056_circuit_no_condition_2_1_6,35,11,624,701
loop_2056_circuit_no_condition_2_1_6,35,12,624,701
loop_2056_circuit_no_condition_2_1_6,35,13,5427,701
loop_2056_circuit_no_condition_2_1_6,35,14,624,701
loop_2056_circuit_no_condition_2_1_6,35,15,624,701
loop_2056_circuit_no_condition_2_1_6,35,0,624,801
loop_2056_circuit_no_condition_2_1_6,35,1,624,801
loop_2056_circuit_no_condition_2_1_6,35,2,624,801
loop_2056_circuit_no_condition_2_1_6,35,3,624,801
loop_2056_circuit_no_condition_2_1_6,35,4,4195,801
loop_2056_circuit_no_condition_2_1_6,35,5,624,801
loop_2056_circuit_no_condition_2_1_6,35,6,624,801
loop_2056_circuit_no_condition_2_1_6,35,7,624,801
loop_2056_circuit_no_condition_2_1_6,35,8,624,801
loop_2056_circuit_no_condition_2_1_6,35,9,624,801
loop_2056_circuit_no_condition_2_1_6,35,10,624,801
loop_2056_circuit_no_condition_2_1_6,35,11,624,801
loop_2056_circuit_no_condition_2_1_6,35,12,624,801
loop_2056_circuit_no_condition_2_1_6,35,13,5429,801
loop_2056_circuit_no_condition_2_1_6,35,14,624,801
loop_2056_circuit_no_condition_2_1_6,35,15,624,801
loop_2056_circuit_no_condition_2_1_6,35,0,624,900
loop_2056_circuit_no_condition_2_1_6,35,1,624,900
loop_2056_circuit_no_condition_2_1_6,35,2,624,900
loop_2056_circuit_no_condition_2_1_6,35,3,3764,900
loop_2056_circuit_no_condition_2_1_6,35,4,3778,900
loop_2056_circuit_no_condition_2_1_6,35,5,624,900
loop_2056_circuit_no_condition_2_1_6,35,6,4404,900
loop_2056_circuit_no_condition_2_1_6,35,7,4613,900
loop_2056_circuit_no_condition_2_1_6,35,8,624,900
loop_2056_circuit_no_condition_2_1_6,35,9,624,900
loop_2056_circuit_no_condition_2_1_6,35,10,624,900
loop_2056_circuit_no_condition_2_1_6,35,11,624,900
loop_2056_circuit_no_condition_2_1_6,35,12,624,900
loop_2056_circuit_no_condition_2_1_6,35,13,5424,900
loop_2056_circuit_no_condition_2_1_6,35,14,624,900
loop_2056_circuit_no_condition_2_1_6,35,15,624,900
loop_2056_circuit_no_condition_2_1_6,35,0,624,1000
loop_2056_circuit_no_condition_2_1_6,35,1,4512,1000
loop_2056_circuit_no_condition_2_1_6,35,2,624,1000
loop_2056_circuit_no_condition_2_1_6,35,3,624,1000
loop_2056_circuit_no_condition_2_1_6,35,4,3579,1000
loop_2056_circuit_no_condition_2_1_6,35,5,624,1000
loop_2056_circuit_no_condition_2_1_6,35,6,624,1000
loop_2056_circuit_no_condition_2_1_6,35,7,624,1000
loop_2056_circuit_no_condition_2_1_6,35,8,624,1000
loop_2056_circuit_no_condition_2_1_6,35,9,624,1000
loop_2056_circuit_no_condition_2_1_6,35,10,624,1000
loop_2056_circuit_no_condition_2_1_6,35,11,624,1000
loop_2056_circuit_no_condition_2_1_6,35,12,624,1000
loop_2056_circuit_no_condition_2_1_6,35,13,5427,1000
loop_2056_circuit_no_condition_2_1_6,35,14,624,1000
loop_2056_circuit_no_condition_2_1_6,35,15,624,1000
loop_2056_circuit_no_condition_2_1_6,35,0,624,1101
loop_2056_circuit_no_condition_2_1_6,35,1,624,1101
loop_2056_circuit_no_condition_2_1_6,35,2,624,1101
loop_2056_circuit_no_condition_2_1_6,35,3,4428,1101
loop_2056_circuit_no_condition_2_1_6,35,4,3889,1101
loop_2056_circuit_no_condition_2_1_6,35,5,624,1101
loop_2056_circuit_no_condition_2_1_6,35,6,624,1101
loop_2056_circuit_no_condition_2_1_6,35,7,624,1101
loop_2056_circuit_no_condition_2_1_6,35,8,624,1101
loop_2056_circuit_no_condition_2_1_6,35,9,624,1101
loop_2056_circuit_no_condition_2_1_6,35,10,624,1101
loop_2056_circuit_no_condition_2_1_6,35,11,624,1101
loop_2056_circuit_no_condition_2_1_6,35,12,624,1101
loop_2056_circuit_no_condition_2_1_6,35,13,5423,1101
loop_2056_circuit_no_condition_2_1_6,35,14,624,1101
loop_2056_circuit_no_condition_2_1_6,35,15,624,1101
loop_2056_circuit_no_condition_2_1_6,35,0,624,1201
loop_2056_circuit_no_condition_2_1_6,35,1,4498,1201
loop_2056_circuit_no_condition_2_1_6,35,2,624,1201
loop_2056_circuit_no_condition_2_1_6,35,3,4592,1201
loop_2056_circuit_no_condition_2_1_6,35,4,3891,1201
loop_2056_circuit_no_condition_2_1_6,35,5,624,1201
loop_2056_circuit_no_condition_2_1_6,35,6,624,1201
loop_2056_circuit_no_condition_2_1_6,35,7,624,1201
loop_2056_circuit_no_condition_2_1_6,35,8,4476,1201
loop_2056_circuit_no_condition_2_1_6,35,9,624,1201
loop_2056_circuit_no_condition_2_1_6,35,10,624,1201
loop_2056_circuit_no_condition_2_1_6,35,11,624,1201
loop_2056_circuit_no_condition_2_1_6,35,12,624,1201
loop_2056_circuit_no_condition_2_1_6,35,13,5427,1201
loop_2056_circuit_no_condition_2_1_6,35,14,4260,1201
loop_2056_circuit_no_condition_2_1_6,35,15,624,1201
loop_2056_circuit_no_condition_2_1_6,35,0,624,1301
loop_2056_circuit_no_condition_2_1_6,35,1,624,1301
loop_2056_circuit_no_condition_2_1_6,35,2,624,1301
loop_2056_circuit_no_condition_2_1_6,35,3,624,1301
loop_2056_circuit_no_condition_2_1_6,35,4,4597,1301
loop_2056_circuit_no_condition_2_1_6,35,5,624,1301
loop_2056_circuit_no_condition_2_1_6,35,6,624,1301
loop_2056_circuit_no_condition_2_1_6,35,7,5392,1301
loop_2056_circuit_no_condition_2_1_6,35,8,624,1301
loop_2056_circuit_no_condition_2_1_6,35,9,624,1301
loop_2056_circuit_no_condition_2_1_6,35,10,624,1301
loop_2056_circuit_no_condition_2_1_6,35,11,624,1301
loop_2056_circuit_no_condition_2_1_6,35,12,624,1301
loop_2056_circuit_no_condition_2_1_6,35,13,5424,1301
loop_2056_circuit_no_condition_2_1_6,35,14,624,1301
loop_2056_circuit_no_condition_2_1_6,35,15,624,1301
loop_2056_circuit_no_condition_2_1_6,35,0,624,1400
loop_2056_circuit_no_condition_2_1_6,35,1,624,1400
loop_2056_circuit_no_condition_2_1_6,35,2,624,1400
loop_2056_circuit_no_condition_2_1_6,35,3,4389,1400
loop_2056_circuit_no_condition_2_1_6,35,4,3799,1400
loop_2056_circuit_no_condition_2_1_6,35,5,624,1400
loop_2056_circuit_no_condition_2_1_6,35,6,4043,1400
loop_2056_circuit_no_condition_2_1_6,35,7,624,1400
loop_2056_circuit_no_condition_2_1_6,35,8,624,1400
loop_2056_circuit_no_condition_2_1_6,35,9,624,1400
loop_2056_circuit_no_condition_2_1_6,35,10,624,1400
loop_2056_circuit_no_condition_2_1_6,35,11,624,1400
loop_2056_circuit_no_condition_2_1_6,35,12,624,1400
loop_2056_circuit_no_condition_2_1_6,35,13,5427,1400
loop_2056_circuit_no_condition_2_1_6,35,14,624,1400
loop_2056_circuit_no_condition_2_1_6,35,15,624,1400
loop_2056_circuit_no_condition_2_1_6,35,0,624,1500
loop_2056_circuit_no_condition_2_1_6,35,1,624,1500
loop_2056_circuit_no_condition_2_1_6,35,2,624,1500
loop_2056_circuit_no_condition_2_1_6,35,3,624,1500
loop_2056_circuit_no_condition_2_1_6,35,4,2826,1500
loop_2056_circuit_no_condition_2_1_6,35,5,624,1500
loop_2056_circuit_no_condition_2_1_6,35,6,624,1500
loop_2056_circuit_no_condition_2_1_6,35,7,624,1500
loop_2056_circuit_no_condition_2_1_6,35,8,624,1500
loop_2056_circuit_no_condition_2_1_6,35,9,624,1500
loop_2056_circuit_no_condition_2_1_6,35,10,624,1500
loop_2056_circuit_no_condition_2_1_6,35,11,624,1500
loop_2056_circuit_no_condition_2_1_6,35,12,624,1500
loop_2056_circuit_no_condition_2_1_6,35,13,5428,1500
loop_2056_circuit_no_condition_2_1_6,35,14,624,1500
loop_2056_circuit_no_condition_2_1_6,35,15,624,1500
loop_2056_circuit_no_condition_2_1_6,35,0,624,1601
loop_2056_circuit_no_condition_2_1_6,35,1,624,1601
loop_2056_circuit_no_condition_2_1_6,35,2,624,1601
loop_2056_circuit_no_condition_2_1_6,35,3,624,1601
loop_2056_circuit_no_condition_2_1_6,35,4,5429,1601
loop_2056_circuit_no_condition_2_1_6,35,5,624,1601
loop_2056_circuit_no_condition_2_1_6,35,6,624,1601
loop_2056_circuit_no_condition_2_1_6,35,7,4627,1601
loop_2056_circuit_no_condition_2_1_6,35,8,624,1601
loop_2056_circuit_no_condition_2_1_6,35,9,624,1601
loop_2056_circuit_no_condition_2_1_6,35,10,624,1601
loop_2056_circuit_no_condition_2_1_6,35,11,624,1601
loop_2056_circuit_no_condition_2_1_6,35,12,624,1601
loop_2056_circuit_no_condition_2_1_6,35,13,5426,1601
loop_2056_circuit_no_condition_2_1_6,35,14,624,1601
loop_2056_circuit_no_condition_2_1_6,35,15,624,1601
loop_2056_circuit_no_condition_2_1_6,35,0,624,1701
loop_2056_circuit_no_condition_2_1_6,35,1,624,1701
loop_2056_circuit_no_condition_2_1_6,35,2,624,1701
loop_2056_circuit_no_condition_2_1_6,35,3,624,1701
loop_2056_circuit_no_condition_2_1_6,35,4,3125,1701
loop_2056_circuit_no_condition_2_1_6,35,5,624,1701
loop_2056_circuit_no_condition_2_1_6,35,6,4286,1701
loop_2056_circuit_no_condition_2_1_6,35,7,4622,1701
loop_2056_circuit_no_condition_2_1_6,35,8,624,1701
loop_2056_circuit_no_condition_2_1_6,35,9,624,1701
loop_2056_circuit_no_condition_2_1_6,35,10,624,1701
loop_2056_circuit_no_condition_2_1_6,35,11,624,1701
loop_2056_circuit_no_condition_2_1_6,35,12,624,1701
loop_2056_circuit_no_condition_2_1_6,35,13,5424,1701
loop_2056_circuit_no_condition_2_1_6,35,14,624,1701
loop_2056_circuit_no_condition_2_1_6,35,15,624,1701
loop_2056_circuit_no_condition_2_1_6,35,0,624,1801
loop_2056_circuit_no_condition_2_1_6,35,1,624,1801
loop_2056_circuit_no_condition_2_1_6,35,2,624,1801
loop_2056_circuit_no_condition_2_1_6,35,3,4424,1801
loop_2056_circuit_no_condition_2_1_6,35,4,624,1801
loop_2056_circuit_no_condition_2_1_6,35,5,624,1801
loop_2056_circuit_no_condition_2_1_6,35,6,3138,1801
loop_2056_circuit_no_condition_2_1_6,35,7,4612,1801
loop_2056_circuit_no_condition_2_1_6,35,8,624,1801
loop_2056_circuit_no_condition_2_1_6,35,9,624,1801
loop_2056_circuit_no_condition_2_1_6,35,10,624,1801
loop_2056_circuit_no_condition_2_1_6,35,11,624,1801
loop_2056_circuit_no_condition_2_1_6,35,12,624,1801
loop_2056_circuit_no_condition_2_1_6,35,13,5426,1801
loop_2056_circuit_no_condition_2_1_6,35,14,624,1801
loop_2056_circuit_no_condition_2_1_6,35,15,624,1801
loop_2056_circuit_no_condition_2_1_6,35,0,624,1901
loop_2056_circuit_no_condition_2_1_6,35,1,4439,1901
loop_2056_circuit_no_condition_2_1_6,35,2,624,1901
loop_2056_circuit_no_condition_2_1_6,35,3,624,1901
loop_2056_circuit_no_condition_2_1_6,35,4,624,1901
loop_2056_circuit_no_condition_2_1_6,35,5,624,1901
loop_2056_circuit_no_condition_2_1_6,35,6,5427,1901
loop_2056_circuit_no_condition_2_1_6,35,7,5427,1901
loop_2056_circuit_no_condition_2_1_6,35,8,624,1901
loop_2056_circuit_no_condition_2_1_6,35,9,624,1901
loop_2056_circuit_no_condition_2_1_6,35,10,5408,1901
loop_2056_circuit_no_condition_2_1_6,35,11,624,1901
loop_2056_circuit_no_condition_2_1_6,35,12,624,1901
loop_2056_circuit_no_condition_2_1_6,35,13,5430,1901
loop_2056_circuit_no_condition_2_1_6,35,14,624,1901
loop_2056_circuit_no_condition_2_1_6,35,15,624,1901
loop_2056_circuit_no_condition_2_1_6,36,0,5390,1
loop_2056_circuit_no_condition_2_1_6,36,1,5435,1
loop_2056_circuit_no_condition_2_1_6,36,2,5429,1
loop_2056_circuit_no_condition_2_1_6,36,3,5430,1
loop_2056_circuit_no_condition_2_1_6,36,4,5429,1
loop_2056_circuit_no_condition_2_1_6,36,5,5424,1
loop_2056_circuit_no_condition_2_1_6,36,6,5425,1
loop_2056_circuit_no_condition_2_1_6,36,7,5410,1
loop_2056_circuit_no_condition_2_1_6,36,8,624,1
loop_2056_circuit_no_condition_2_1_6,36,9,5366,1
loop_2056_circuit_no_condition_2_1_6,36,10,624,1
loop_2056_circuit_no_condition_2_1_6,36,11,624,1
loop_2056_circuit_no_condition_2_1_6,36,12,624,1
loop_2056_circuit_no_condition_2_1_6,36,13,5429,1
loop_2056_circuit_no_condition_2_1_6,36,14,5427,1
loop_2056_circuit_no_condition_2_1_6,36,15,5418,1
loop_2056_circuit_no_condition_2_1_6,36,0,5403,100
loop_2056_circuit_no_condition_2_1_6,36,1,5409,100
loop_2056_circuit_no_condition_2_1_6,36,2,5389,100
loop_2056_circuit_no_condition_2_1_6,36,3,5424,100
loop_2056_circuit_no_condition_2_1_6,36,4,5427,100
loop_2056_circuit_no_condition_2_1_6,36,5,5371,100
loop_2056_circuit_no_condition_2_1_6,36,6,5389,100
loop_2056_circuit_no_condition_2_1_6,36,7,5416,100
loop_2056_circuit_no_condition_2_1_6,36,8,5421,100
loop_2056_circuit_no_condition_2_1_6,36,9,5417,100
loop_2056_circuit_no_condition_2_1_6,36,10,5348,100
loop_2056_circuit_no_condition_2_1_6,36,11,5424,100
loop_2056_circuit_no_condition_2_1_6,36,12,5364,100
loop_2056_circuit_no_condition_2_1_6,36,13,5406,100
loop_2056_circuit_no_condition_2_1_6,36,14,5425,100
loop_2056_circuit_no_condition_2_1_6,36,15,5417,100
loop_2056_circuit_no_condition_2_1_6,36,0,5424,200
loop_2056_circuit_no_condition_2_1_6,36,1,5413,200
loop_2056_circuit_no_condition_2_1_6,36,2,5400,200
loop_2056_circuit_no_condition_2_1_6,36,3,5407,200
loop_2056_circuit_no_condition_2_1_6,36,4,5430,200
loop_2056_circuit_no_condition_2_1_6,36,5,5416,200
loop_2056_circuit_no_condition_2_1_6,36,6,4022,200
loop_2056_circuit_no_condition_2_1_6,36,7,4931,200
loop_2056_circuit_no_condition_2_1_6,36,8,5367,200
loop_2056_circuit_no_condition_2_1_6,36,9,5398,200
loop_2056_circuit_no_condition_2_1_6,36,10,5358,200
loop_2056_circuit_no_condition_2_1_6,36,11,5417,200
loop_2056_circuit_no_condition_2_1_6,36,12,5366,200
loop_2056_circuit_no_condition_2_1_6,36,13,5381,200
loop_2056_circuit_no_condition_2_1_6,36,14,5425,200
loop_2056_circuit_no_condition_2_1_6,36,15,5414,200
loop_2056_circuit_no_condition_2_1_6,36,0,624,300
loop_2056_circuit_no_condition_2_1_6,36,1,624,300
loop_2056_circuit_no_condition_2_1_6,36,2,624,300
loop_2056_circuit_no_condition_2_1_6,36,3,624,300
loop_2056_circuit_no_condition_2_1_6,36,4,5431,300
loop_2056_circuit_no_condition_2_1_6,36,5,624,300
loop_2056_circuit_no_condition_2_1_6,36,6,624,300
loop_2056_circuit_no_condition_2_1_6,36,7,4712,300
loop_2056_circuit_no_condition_2_1_6,36,8,624,300
loop_2056_circuit_no_condition_2_1_6,36,9,624,300
loop_2056_circuit_no_condition_2_1_6,36,10,624,300
loop_2056_circuit_no_condition_2_1_6,36,11,624,300
loop_2056_circuit_no_condition_2_1_6,36,12,624,300
loop_2056_circuit_no_condition_2_1_6,36,13,624,300
loop_2056_circuit_no_condition_2_1_6,36,14,624,300
loop_2056_circuit_no_condition_2_1_6,36,15,624,300
loop_2056_circuit_no_condition_2_1_6,36,0,624,400
loop_2056_circuit_no_condition_2_1_6,36,1,624,400
loop_2056_circuit_no_condition_2_1_6,36,2,624,400
loop_2056_circuit_no_condition_2_1_6,36,3,624,400
loop_2056_circuit_no_condition_2_1_6,36,4,5435,400
loop_2056_circuit_no_condition_2_1_6,36,5,624,400
loop_2056_circuit_no_condition_2_1_6,36,6,624,400
loop_2056_circuit_no_condition_2_1_6,36,7,624,400
loop_2056_circuit_no_condition_2_1_6,36,8,624,400
loop_2056_circuit_no_condition_2_1_6,36,9,624,400
loop_2056_circuit_no_condition_2_1_6,36,10,624,400
loop_2056_circuit_no_condition_2_1_6,36,11,624,400
loop_2056_circuit_no_condition_2_1_6,36,12,624,400
loop_2056_circuit_no_condition_2_1_6,36,13,624,400
loop_2056_circuit_no_condition_2_1_6,36,14,624,400
loop_2056_circuit_no_condition_2_1_6,36,15,624,400
loop_2056_circuit_no_condition_2_1_6,36,0,624,500
loop_2056_circuit_no_condition_2_1_6,36,1,624,500
loop_2056_circuit_no_condition_2_1_6,36,2,624,500
loop_2056_circuit_no_condition_2_1_6,36,3,4857,500
loop_2056_circuit_no_condition_2_1_6,36,4,5432,500
loop_2056_circuit_no_condition_2_1_6,36,5,4430,500
loop_2056_circuit_no_condition_2_1_6,36,6,624,500
loop_2056_circuit_no_condition_2_1_6,36,7,624,500
loop_2056_circuit_no_condition_2_1_6,36,8,624,500
loop_2056_circuit_no_condition_2_1_6,36,9,624,500
loop_2056_circuit_no_condition_2_1_6,36,10,624,500
loop_2056_circuit_no_condition_2_1_6,36,11,624,500
loop_2056_circuit_no_condition_2_1_6,36,12,624,500
loop_2056_circuit_no_condition_2_1_6,36,13,624,500
loop_2056_circuit_no_condition_2_1_6,36,14,624,500
loop_2056_circuit_no_condition_2_1_6,36,15,624,500
loop_2056_circuit_no_condition_2_1_6,36,0,624,600
loop_2056_circuit_no_condition_2_1_6,36,1,624,600
loop_2056_circuit_no_condition_2_1_6,36,2,624,600
loop_2056_circuit_no_condition_2_1_6,36,3,624,600
loop_2056_circuit_no_condition_2_1_6,36,4,5433,600
loop_2056_circuit_no_condition_2_1_6,36,5,624,600
loop_2056_circuit_no_condition_2_1_6,36,6,624,600
loop_2056_circuit_no_condition_2_1_6,36,7,624,600
loop_2056_circuit_no_condition_2_1_6,36,8,624,600
loop_2056_circuit_no_condition_2_1_6,36,9,624,600
loop_2056_circuit_no_condition_2_1_6,36,10,624,600
loop_2056_circuit_no_condition_2_1_6,36,11,624,600
loop_2056_circuit_no_condition_2_1_6,36,12,624,600
loop_2056_circuit_no_condition_2_1_6,36,13,624,600
loop_2056_circuit_no_condition_2_1_6,36,14,624,600
loop_2056_circuit_no_condition_2_1_6,36,15,624,600
loop_2056_circuit_no_condition_2_1_6,36,0,624,700
loop_2056_circuit_no_condition_2_1_6,36,1,624,700
loop_2056_circuit_no_condition_2_1_6,36,2,624,700
loop_2056_circuit_no_condition_2_1_6,36,3,624,700
loop_2056_circuit_no_condition_2_1_6,36,4,5428,700
loop_2056_circuit_no_condition_2_1_6,36,5,624,700
loop_2056_circuit_no_condition_2_1_6,36,6,5423,700
loop_2056_circuit_no_condition_2_1_6,36,7,624,700
loop_2056_circuit_no_condition_2_1_6,36,8,624,700
loop_2056_circuit_no_condition_2_1_6,36,9,624,700
loop_2056_circuit_no_condition_2_1_6,36,10,624,700
loop_2056_circuit_no_condition_2_1_6,36,11,624,700
loop_2056_circuit_no_condition_2_1_6,36,12,624,700
loop_2056_circuit_no_condition_2_1_6,36,13,624,700
loop_2056_circuit_no_condition_2_1_6,36,14,624,700
loop_2056_circuit_no_condition_2_1_6,36,15,624,700
loop_2056_circuit_no_condition_2_1_6,36,0,624,800
loop_2056_circuit_no_condition_2_1_6,36,1,624,800
loop_2056_circuit_no_condition_2_1_6,36,2,4407,800
loop_2056_circuit_no_condition_2_1_6,36,3,624,800
loop_2056_circuit_no_condition_2_1_6,36,4,5428,800
loop_2056_circuit_no_condition_2_1_6,36,5,624,800
loop_2056_circuit_no_condition_2_1_6,36,6,624,800
loop_2056_circuit_no_condition_2_1_6,36,7,624,800
loop_2056_circuit_no_condition_2_1_6,36,8,624,800
loop_2056_circuit_no_condition_2_1_6,36,9,624,800
loop_2056_circuit_no_condition_2_1_6,36,10,624,800
loop_2056_circuit_no_condition_2_1_6,36,11,624,800
loop_2056_circuit_no_condition_2_1_6,36,12,624,800
loop_2056_circuit_no_condition_2_1_6,36,13,624,800
loop_2056_circuit_no_condition_2_1_6,36,14,624,800
loop_2056_circuit_no_condition_2_1_6,36,15,624,800
loop_2056_circuit_no_condition_2_1_6,36,0,624,901
loop_2056_circuit_no_condition_2_1_6,36,1,624,901
loop_2056_circuit_no_condition_2_1_6,36,2,624,901
loop_2056_circuit_no_condition_2_1_6,36,3,624,901
loop_2056_circuit_no_condition_2_1_6,36,4,5427,901
loop_2056_circuit_no_condition_2_1_6,36,5,624,901
loop_2056_circuit_no_condition_2_1_6,36,6,624,901
loop_2056_circuit_no_condition_2_1_6,36,7,624,901
loop_2056_circuit_no_condition_2_1_6,36,8,624,901
loop_2056_circuit_no_condition_2_1_6,36,9,624,901
loop_2056_circuit_no_condition_2_1_6,36,10,624,901
loop_2056_circuit_no_condition_2_1_6,36,11,624,901
loop_2056_circuit_no_condition_2_1_6,36,12,624,901
loop_2056_circuit_no_condition_2_1_6,36,13,624,901
loop_2056_circuit_no_condition_2_1_6,36,14,624,901
loop_2056_circuit_no_condition_2_1_6,36,15,624,901
loop_2056_circuit_no_condition_2_1_6,36,0,624,1000
loop_2056_circuit_no_condition_2_1_6,36,1,624,1000
loop_2056_circuit_no_condition_2_1_6,36,2,624,1000
loop_2056_circuit_no_condition_2_1_6,36,3,624,1000
loop_2056_circuit_no_condition_2_1_6,36,4,5428,1000
loop_2056_circuit_no_condition_2_1_6,36,5,624,1000
loop_2056_circuit_no_condition_2_1_6,36,6,624,1000
loop_2056_circuit_no_condition_2_1_6,36,7,624,1000
loop_2056_circuit_no_condition_2_1_6,36,8,624,1000
loop_2056_circuit_no_condition_2_1_6,36,9,624,1000
loop_2056_circuit_no_condition_2_1_6,36,10,624,1000
loop_2056_circuit_no_condition_2_1_6,36,11,624,1000
loop_2056_circuit_no_condition_2_1_6,36,12,624,1000
loop_2056_circuit_no_condition_2_1_6,36,13,624,1000
loop_2056_circuit_no_condition_2_1_6,36,14,624,1000
loop_2056_circuit_no_condition_2_1_6,36,15,624,1000
loop_2056_circuit_no_condition_2_1_6,36,0,624,1100
loop_2056_circuit_no_condition_2_1_6,36,1,624,1100
loop_2056_circuit_no_condition_2_1_6,36,2,624,1100
loop_2056_circuit_no_condition_2_1_6,36,3,624,1100
loop_2056_circuit_no_condition_2_1_6,36,4,5423,1100
loop_2056_circuit_no_condition_2_1_6,36,5,624,1100
loop_2056_circuit_no_condition_2_1_6,36,6,624,1100
loop_2056_circuit_no_condition_2_1_6,36,7,624,1100
loop_2056_circuit_no_condition_2_1_6,36,8,624,1100
loop_2056_circuit_no_condition_2_1_6,36,9,624,1100
loop_2056_circuit_no_condition_2_1_6,36,10,624,1100
loop_2056_circuit_no_condition_2_1_6,36,11,624,1100
loop_2056_circuit_no_condition_2_1_6,36,12,624,1100
loop_2056_circuit_no_condition_2_1_6,36,13,624,1100
loop_2056_circuit_no_condition_2_1_6,36,14,624,1100
loop_2056_circuit_no_condition_2_1_6,36,15,624,1100
loop_2056_circuit_no_condition_2_1_6,36,0,624,1200
loop_2056_circuit_no_condition_2_1_6,36,1,624,1200
loop_2056_circuit_no_condition_2_1_6,36,2,624,1200
loop_2056_circuit_no_condition_2_1_6,36,3,624,1200
loop_2056_circuit_no_condition_2_1_6,36,4,5427,1200
loop_2056_circuit_no_condition_2_1_6,36,5,624,1200
loop_2056_circuit_no_condition_2_1_6,36,6,624,1200
loop_2056_circuit_no_condition_2_1_6,36,7,624,1200
loop_2056_circuit_no_condition_2_1_6,36,8,624,1200
loop_2056_circuit_no_condition_2_1_6,36,9,624,1200
loop_2056_circuit_no_condition_2_1_6,36,10,624,1200
loop_2056_circuit_no_condition_2_1_6,36,11,624,1200
loop_2056_circuit_no_condition_2_1_6,36,12,624,1200
loop_2056_circuit_no_condition_2_1_6,36,13,624,1200
loop_2056_circuit_no_condition_2_1_6,36,14,624,1200
loop_2056_circuit_no_condition_2_1_6,36,15,624,1200
loop_2056_circuit_no_condition_2_1_6,36,0,624,1301
loop_2056_circuit_no_condition_2_1_6,36,1,624,1301
loop_2056_circuit_no_condition_2_1_6,36,2,624,1301
loop_2056_circuit_no_condition_2_1_6,36,3,624,1301
loop_2056_circuit_no_condition_2_1_6,36,4,5424,1301
loop_2056_circuit_no_condition_2_1_6,36,5,624,1301
loop_2056_circuit_no_condition_2_1_6,36,6,624,1301
loop_2056_circuit_no_condition_2_1_6,36,7,624,1301
loop_2056_circuit_no_condition_2_1_6,36,8,624,1301
loop_2056_circuit_no_condition_2_1_6,36,9,624,1301
loop_2056_circuit_no_condition_2_1_6,36,10,624,1301
loop_2056_circuit_no_condition_2_1_6,36,11,624,1301
loop_2056_circuit_no_condition_2_1_6,36,12,624,1301
loop_2056_circuit_no_condition_2_1_6,36,13,624,1301
loop_2056_circuit_no_condition_2_1_6,36,14,624,1301
loop_2056_circuit_no_condition_2_1_6,36,15,624,1301
loop_2056_circuit_no_condition_2_1_6,36,0,624,1401
loop_2056_circuit_no_condition_2_1_6,36,1,624,1401
loop_2056_circuit_no_condition_2_1_6,36,2,624,1401
loop_2056_circuit_no_condition_2_1_6,36,3,624,1401
loop_2056_circuit_no_condition_2_1_6,36,4,5427,1401
loop_2056_circuit_no_condition_2_1_6,36,5,624,1401
loop_2056_circuit_no_condition_2_1_6,36,6,624,1401
loop_2056_circuit_no_condition_2_1_6,36,7,624,1401
loop_2056_circuit_no_condition_2_1_6,36,8,624,1401
loop_2056_circuit_no_condition_2_1_6,36,9,624,1401
loop_2056_circuit_no_condition_2_1_6,36,10,624,1401
loop_2056_circuit_no_condition_2_1_6,36,11,624,1401
loop_2056_circuit_no_condition_2_1_6,36,12,624,1401
loop_2056_circuit_no_condition_2_1_6,36,13,624,1401
loop_2056_circuit_no_condition_2_1_6,36,14,624,1401
loop_2056_circuit_no_condition_2_1_6,36,15,624,1401
loop_2056_circuit_no_condition_2_1_6,36,0,624,1500
loop_2056_circuit_no_condition_2_1_6,36,1,624,1500
loop_2056_circuit_no_condition_2_1_6,36,2,624,1500
loop_2056_circuit_no_condition_2_1_6,36,3,624,1500
loop_2056_circuit_no_condition_2_1_6,36,4,5428,1500
loop_2056_circuit_no_condition_2_1_6,36,5,624,1500
loop_2056_circuit_no_condition_2_1_6,36,6,624,1500
loop_2056_circuit_no_condition_2_1_6,36,7,624,1500
loop_2056_circuit_no_condition_2_1_6,36,8,624,1500
loop_2056_circuit_no_condition_2_1_6,36,9,624,1500
loop_2056_circuit_no_condition_2_1_6,36,10,624,1500
loop_2056_circuit_no_condition_2_1_6,36,11,624,1500
loop_2056_circuit_no_condition_2_1_6,36,12,624,1500
loop_2056_circuit_no_condition_2_1_6,36,13,624,1500
loop_2056_circuit_no_condition_2_1_6,36,14,624,1500
loop_2056_circuit_no_condition_2_1_6,36,15,624,1500
loop_2056_circuit_no_condition_2_1_6,36,0,624,1600
loop_2056_circuit_no_condition_2_1_6,36,1,624,1600
loop_2056_circuit_no_condition_2_1_6,36,2,624,1600
loop_2056_circuit_no_condition_2_1_6,36,3,624,1600
loop_2056_circuit_no_condition_2_1_6,36,4,5427,1600
loop_2056_circuit_no_condition_2_1_6,36,5,624,1600
loop_2056_circuit_no_condition_2_1_6,36,6,624,1600
loop_2056_circuit_no_condition_2_1_6,36,7,624,1600
loop_2056_circuit_no_condition_2_1_6,36,8,624,1600
loop_2056_circuit_no_condition_2_1_6,36,9,624,1600
loop_2056_circuit_no_condition_2_1_6,36,10,624,1600
loop_2056_circuit_no_condition_2_1_6,36,11,624,1600
loop_2056_circuit_no_condition_2_1_6,36,12,624,1600
loop_2056_circuit_no_condition_2_1_6,36,13,624,1600
loop_2056_circuit_no_condition_2_1_6,36,14,624,1600
loop_2056_circuit_no_condition_2_1_6,36,15,624,1600
loop_2056_circuit_no_condition_2_1_6,36,0,624,1700
loop_2056_circuit_no_condition_2_1_6,36,1,624,1700
loop_2056_circuit_no_condition_2_1_6,36,2,624,1700
loop_2056_circuit_no_condition_2_1_6,36,3,624,1700
loop_2056_circuit_no_condition_2_1_6,36,4,5428,1700
loop_2056_circuit_no_condition_2_1_6,36,5,4541,1700
loop_2056_circuit_no_condition_2_1_6,36,6,4007,1700
loop_2056_circuit_no_condition_2_1_6,36,7,624,1700
loop_2056_circuit_no_condition_2_1_6,36,8,624,1700
loop_2056_circuit_no_condition_2_1_6,36,9,624,1700
loop_2056_circuit_no_condition_2_1_6,36,10,624,1700
loop_2056_circuit_no_condition_2_1_6,36,11,624,1700
loop_2056_circuit_no_condition_2_1_6,36,12,624,1700
loop_2056_circuit_no_condition_2_1_6,36,13,624,1700
loop_2056_circuit_no_condition_2_1_6,36,14,624,1700
loop_2056_circuit_no_condition_2_1_6,36,15,624,1700
loop_2056_circuit_no_condition_2_1_6,36,0,624,1801
loop_2056_circuit_no_condition_2_1_6,36,1,624,1801
loop_2056_circuit_no_condition_2_1_6,36,2,624,1801
loop_2056_circuit_no_condition_2_1_6,36,3,624,1801
loop_2056_circuit_no_condition_2_1_6,36,4,5422,1801
loop_2056_circuit_no_condition_2_1_6,36,5,624,1801
loop_2056_circuit_no_condition_2_1_6,36,6,624,1801
loop_2056_circuit_no_condition_2_1_6,36,7,624,1801
loop_2056_circuit_no_condition_2_1_6,36,8,624,1801
loop_2056_circuit_no_condition_2_1_6,36,9,624,1801
loop_2056_circuit_no_condition_2_1_6,36,10,624,1801
loop_2056_circuit_no_condition_2_1_6,36,11,624,1801
loop_2056_circuit_no_condition_2_1_6,36,12,624,1801
loop_2056_circuit_no_condition_2_1_6,36,13,624,1801
loop_2056_circuit_no_condition_2_1_6,36,14,624,1801
loop_2056_circuit_no_condition_2_1_6,36,15,624,1801
loop_2056_circuit_no_condition_2_1_6,36,0,5355,1900
loop_2056_circuit_no_condition_2_1_6,36,1,5428,1900
loop_2056_circuit_no_condition_2_1_6,36,2,5428,1900
loop_2056_circuit_no_condition_2_1_6,36,3,624,1900
loop_2056_circuit_no_condition_2_1_6,36,4,5400,1900
loop_2056_circuit_no_condition_2_1_6,36,5,5431,1900
loop_2056_circuit_no_condition_2_1_6,36,6,5400,1900
loop_2056_circuit_no_condition_2_1_6,36,7,5424,1900
loop_2056_circuit_no_condition_2_1_6,36,8,624,1900
loop_2056_circuit_no_condition_2_1_6,36,9,5365,1900
loop_2056_circuit_no_condition_2_1_6,36,10,5422,1900
loop_2056_circuit_no_condition_2_1_6,36,11,5383,1900
loop_2056_circuit_no_condition_2_1_6,36,12,624,1900
loop_2056_circuit_no_condition_2_1_6,36,13,5424,1900
loop_2056_circuit_no_condition_2_1_6,36,14,5397,1900
loop_2056_circuit_no_condition_2_1_6,36,15,624,1900
loop_2056_circuit_no_condition_2_1_6,37,0,5421,1
loop_2056_circuit_no_condition_2_1_6,37,1,5425,1
loop_2056_circuit_no_condition_2_1_6,37,2,5430,1
loop_2056_circuit_no_condition_2_1_6,37,3,5429,1
loop_2056_circuit_no_condition_2_1_6,37,4,5431,1
loop_2056_circuit_no_condition_2_1_6,37,5,5429,1
loop_2056_circuit_no_condition_2_1_6,37,6,5427,1
loop_2056_circuit_no_condition_2_1_6,37,7,5429,1
loop_2056_circuit_no_condition_2_1_6,37,8,624,1
loop_2056_circuit_no_condition_2_1_6,37,9,624,1
loop_2056_circuit_no_condition_2_1_6,37,10,5408,1
loop_2056_circuit_no_condition_2_1_6,37,11,5407,1
loop_2056_circuit_no_condition_2_1_6,37,12,624,1
loop_2056_circuit_no_condition_2_1_6,37,13,624,1
loop_2056_circuit_no_condition_2_1_6,37,14,5430,1
loop_2056_circuit_no_condition_2_1_6,37,15,5410,1
loop_2056_circuit_no_condition_2_1_6,37,0,5365,100
loop_2056_circuit_no_condition_2_1_6,37,1,5397,100
loop_2056_circuit_no_condition_2_1_6,37,2,5381,100
loop_2056_circuit_no_condition_2_1_6,37,3,5352,100
loop_2056_circuit_no_condition_2_1_6,37,4,5349,100
loop_2056_circuit_no_condition_2_1_6,37,5,5390,100
loop_2056_circuit_no_condition_2_1_6,37,6,5403,100
loop_2056_circuit_no_condition_2_1_6,37,7,5345,100
loop_2056_circuit_no_condition_2_1_6,37,8,5420,100
loop_2056_circuit_no_condition_2_1_6,37,9,5378,100
loop_2056_circuit_no_condition_2_1_6,37,10,5376,100
loop_2056_circuit_no_condition_2_1_6,37,11,5377,100
loop_2056_circuit_no_condition_2_1_6,37,12,5377,100
loop_2056_circuit_no_condition_2_1_6,37,13,5421,100
loop_2056_circuit_no_condition_2_1_6,37,14,5314,100
loop_2056_circuit_no_condition_2_1_6,37,15,5353,100
loop_2056_circuit_no_condition_2_1_6,37,0,5413,201
loop_2056_circuit_no_condition_2_1_6,37,1,5441,201
loop_2056_circuit_no_condition_2_1_6,37,2,5396,201
loop_2056_circuit_no_condition_2_1_6,37,3,5414,201
loop_2056_circuit_no_condition_2_1_6,37,4,5390,201
loop_2056_circuit_no_condition_2_1_6,37,5,5425,201
loop_2056_circuit_no_condition_2_1_6,37,6,5427,201
loop_2056_circuit_no_condition_2_1_6,37,7,5420,201
loop_2056_circuit_no_condition_2_1_6,37,8,5420,201
loop_2056_circuit_no_condition_2_1_6,37,9,5391,201
loop_2056_circuit_no_condition_2_1_6,37,10,5422,201
loop_2056_circuit_no_condition_2_1_6,37,11,5431,201
loop_2056_circuit_no_condition_2_1_6,37,12,5422,201
loop_2056_circuit_no_condition_2_1_6,37,13,5419,201
loop_2056_circuit_no_condition_2_1_6,37,14,5426,201
loop_2056_circuit_no_condition_2_1_6,37,15,4288,201
loop_2056_circuit_no_condition_2_1_6,37,0,624,301
loop_2056_circuit_no_condition_2_1_6,37,1,624,301
loop_2056_circuit_no_condition_2_1_6,37,2,624,301
loop_2056_circuit_no_condition_2_1_6,37,3,624,301
loop_2056_circuit_no_condition_2_1_6,37,4,5426,301
loop_2056_circuit_no_condition_2_1_6,37,5,624,301
loop_2056_circuit_no_condition_2_1_6,37,6,624,301
loop_2056_circuit_no_condition_2_1_6,37,7,624,301
loop_2056_circuit_no_condition_2_1_6,37,8,624,301
loop_2056_circuit_no_condition_2_1_6,37,9,624,301
loop_2056_circuit_no_condition_2_1_6,37,10,624,301
loop_2056_circuit_no_condition_2_1_6,37,11,624,301
loop_2056_circuit_no_condition_2_1_6,37,12,624,301
loop_2056_circuit_no_condition_2_1_6,37,13,624,301
loop_2056_circuit_no_condition_2_1_6,37,14,624,301
loop_2056_circuit_no_condition_2_1_6,37,15,624,301
loop_2056_circuit_no_condition_2_1_6,37,0,624,401
loop_2056_circuit_no_condition_2_1_6,37,1,624,401
loop_2056_circuit_no_condition_2_1_6,37,2,624,401
loop_2056_circuit_no_condition_2_1_6,37,3,624,401
loop_2056_circuit_no_condition_2_1_6,37,4,5429,401
loop_2056_circuit_no_condition_2_1_6,37,5,624,401
loop_2056_circuit_no_condition_2_1_6,37,6,624,401
loop_2056_circuit_no_condition_2_1_6,37,7,4613,401
loop_2056_circuit_no_condition_2_1_6,37,8,624,401
loop_2056_circuit_no_condition_2_1_6,37,9,624,401
loop_2056_circuit_no_condition_2_1_6,37,10,624,401
loop_2056_circuit_no_condition_2_1_6,37,11,624,401
loop_2056_circuit_no_condition_2_1_6,37,12,624,401
loop_2056_circuit_no_condition_2_1_6,37,13,624,401
loop_2056_circuit_no_condition_2_1_6,37,14,624,401
loop_2056_circuit_no_condition_2_1_6,37,15,624,401
loop_2056_circuit_no_condition_2_1_6,37,0,624,500
loop_2056_circuit_no_condition_2_1_6,37,1,624,500
loop_2056_circuit_no_condition_2_1_6,37,2,624,500
loop_2056_circuit_no_condition_2_1_6,37,3,4204,500
loop_2056_circuit_no_condition_2_1_6,37,4,5430,500
loop_2056_circuit_no_condition_2_1_6,37,5,4627,500
loop_2056_circuit_no_condition_2_1_6,37,6,624,500
loop_2056_circuit_no_condition_2_1_6,37,7,624,500
loop_2056_circuit_no_condition_2_1_6,37,8,624,500
loop_2056_circuit_no_condition_2_1_6,37,9,624,500
loop_2056_circuit_no_condition_2_1_6,37,10,624,500
loop_2056_circuit_no_condition_2_1_6,37,11,624,500
loop_2056_circuit_no_condition_2_1_6,37,12,624,500
loop_2056_circuit_no_condition_2_1_6,37,13,624,500
loop_2056_circuit_no_condition_2_1_6,37,14,624,500
loop_2056_circuit_no_condition_2_1_6,37,15,624,500
loop_2056_circuit_no_condition_2_1_6,37,0,624,601
loop_2056_circuit_no_condition_2_1_6,37,1,624,601
loop_2056_circuit_no_condition_2_1_6,37,2,624,601
loop_2056_circuit_no_condition_2_1_6,37,3,624,601
loop_2056_circuit_no_condition_2_1_6,37,4,5432,601
loop_2056_circuit_no_condition_2_1_6,37,5,624,601
loop_2056_circuit_no_condition_2_1_6,37,6,624,601
loop_2056_circuit_no_condition_2_1_6,37,7,4552,601
loop_2056_circuit_no_condition_2_1_6,37,8,624,601
loop_2056_circuit_no_condition_2_1_6,37,9,624,601
loop_2056_circuit_no_condition_2_1_6,37,10,624,601
loop_2056_circuit_no_condition_2_1_6,37,11,624,601
loop_2056_circuit_no_condition_2_1_6,37,12,624,601
loop_2056_circuit_no_condition_2_1_6,37,13,624,601
loop_2056_circuit_no_condition_2_1_6,37,14,624,601
loop_2056_circuit_no_condition_2_1_6,37,15,624,601
loop_2056_circuit_no_condition_2_1_6,37,0,624,700
loop_2056_circuit_no_condition_2_1_6,37,1,624,700
loop_2056_circuit_no_condition_2_1_6,37,2,624,700
loop_2056_circuit_no_condition_2_1_6,37,3,624,700
loop_2056_circuit_no_condition_2_1_6,37,4,5430,700
loop_2056_circuit_no_condition_2_1_6,37,5,624,700
loop_2056_circuit_no_condition_2_1_6,37,6,624,700
loop_2056_circuit_no_condition_2_1_6,37,7,624,700
loop_2056_circuit_no_condition_2_1_6,37,8,624,700
loop_2056_circuit_no_condition_2_1_6,37,9,624,700
loop_2056_circuit_no_condition_2_1_6,37,10,624,700
loop_2056_circuit_no_condition_2_1_6,37,11,624,700
loop_2056_circuit_no_condition_2_1_6,37,12,624,700
loop_2056_circuit_no_condition_2_1_6,37,13,624,700
loop_2056_circuit_no_condition_2_1_6,37,14,624,700
loop_2056_circuit_no_condition_2_1_6,37,15,624,700
loop_2056_circuit_no_condition_2_1_6,37,0,624,800
loop_2056_circuit_no_condition_2_1_6,37,1,624,800
loop_2056_circuit_no_condition_2_1_6,37,2,624,800
loop_2056_circuit_no_condition_2_1_6,37,3,624,800
loop_2056_circuit_no_condition_2_1_6,37,4,5428,800
loop_2056_circuit_no_condition_2_1_6,37,5,624,800
loop_2056_circuit_no_condition_2_1_6,37,6,624,800
loop_2056_circuit_no_condition_2_1_6,37,7,624,800
loop_2056_circuit_no_condition_2_1_6,37,8,624,800
loop_2056_circuit_no_condition_2_1_6,37,9,624,800
loop_2056_circuit_no_condition_2_1_6,37,10,624,800
loop_2056_circuit_no_condition_2_1_6,37,11,624,800
loop_2056_circuit_no_condition_2_1_6,37,12,624,800
loop_2056_circuit_no_condition_2_1_6,37,13,624,800
loop_2056_circuit_no_condition_2_1_6,37,14,624,800
loop_2056_circuit_no_condition_2_1_6,37,15,624,800
loop_2056_circuit_no_condition_2_1_6,37,0,624,901
loop_2056_circuit_no_condition_2_1_6,37,1,624,901
loop_2056_circuit_no_condition_2_1_6,37,2,624,901
loop_2056_circuit_no_condition_2_1_6,37,3,624,901
loop_2056_circuit_no_condition_2_1_6,37,4,5429,901
loop_2056_circuit_no_condition_2_1_6,37,5,624,901
loop_2056_circuit_no_condition_2_1_6,37,6,624,901
loop_2056_circuit_no_condition_2_1_6,37,7,624,901
loop_2056_circuit_no_condition_2_1_6,37,8,624,901
loop_2056_circuit_no_condition_2_1_6,37,9,624,901
loop_2056_circuit_no_condition_2_1_6,37,10,624,901
loop_2056_circuit_no_condition_2_1_6,37,11,624,901
loop_2056_circuit_no_condition_2_1_6,37,12,624,901
loop_2056_circuit_no_condition_2_1_6,37,13,624,901
loop_2056_circuit_no_condition_2_1_6,37,14,624,901
loop_2056_circuit_no_condition_2_1_6,37,15,624,901
loop_2056_circuit_no_condition_2_1_6,37,0,624,1001
loop_2056_circuit_no_condition_2_1_6,37,1,624,1001
loop_2056_circuit_no_condition_2_1_6,37,2,624,1001
loop_2056_circuit_no_condition_2_1_6,37,3,624,1001
loop_2056_circuit_no_condition_2_1_6,37,4,5429,1001
loop_2056_circuit_no_condition_2_1_6,37,5,624,1001
loop_2056_circuit_no_condition_2_1_6,37,6,624,1001
loop_2056_circuit_no_condition_2_1_6,37,7,624,1001
loop_2056_circuit_no_condition_2_1_6,37,8,624,1001
loop_2056_circuit_no_condition_2_1_6,37,9,624,1001
loop_2056_circuit_no_condition_2_1_6,37,10,624,1001
loop_2056_circuit_no_condition_2_1_6,37,11,624,1001
loop_2056_circuit_no_condition_2_1_6,37,12,624,1001
loop_2056_circuit_no_condition_2_1_6,37,13,624,1001
loop_2056_circuit_no_condition_2_1_6,37,14,624,1001
loop_2056_circuit_no_condition_2_1_6,37,15,624,1001
loop_2056_circuit_no_condition_2_1_6,37,0,624,1101
loop_2056_circuit_no_condition_2_1_6,37,1,624,1101
loop_2056_circuit_no_condition_2_1_6,37,2,624,1101
loop_2056_circuit_no_condition_2_1_6,37,3,624,1101
loop_2056_circuit_no_condition_2_1_6,37,4,5429,1101
loop_2056_circuit_no_condition_2_1_6,37,5,624,1101
loop_2056_circuit_no_condition_2_1_6,37,6,624,1101
loop_2056_circuit_no_condition_2_1_6,37,7,624,1101
loop_2056_circuit_no_condition_2_1_6,37,8,624,1101
loop_2056_circuit_no_condition_2_1_6,37,9,624,1101
loop_2056_circuit_no_condition_2_1_6,37,10,624,1101
loop_2056_circuit_no_condition_2_1_6,37,11,624,1101
loop_2056_circuit_no_condition_2_1_6,37,12,624,1101
loop_2056_circuit_no_condition_2_1_6,37,13,624,1101
loop_2056_circuit_no_condition_2_1_6,37,14,624,1101
loop_2056_circuit_no_condition_2_1_6,37,15,624,1101
loop_2056_circuit_no_condition_2_1_6,37,0,624,1200
loop_2056_circuit_no_condition_2_1_6,37,1,3898,1200
loop_2056_circuit_no_condition_2_1_6,37,2,624,1200
loop_2056_circuit_no_condition_2_1_6,37,3,624,1200
loop_2056_circuit_no_condition_2_1_6,37,4,5428,1200
loop_2056_circuit_no_condition_2_1_6,37,5,624,1200
loop_2056_circuit_no_condition_2_1_6,37,6,624,1200
loop_2056_circuit_no_condition_2_1_6,37,7,624,1200
loop_2056_circuit_no_condition_2_1_6,37,8,624,1200
loop_2056_circuit_no_condition_2_1_6,37,9,624,1200
loop_2056_circuit_no_condition_2_1_6,37,10,624,1200
loop_2056_circuit_no_condition_2_1_6,37,11,624,1200
loop_2056_circuit_no_condition_2_1_6,37,12,624,1200
loop_2056_circuit_no_condition_2_1_6,37,13,624,1200
loop_2056_circuit_no_condition_2_1_6,37,14,624,1200
loop_2056_circuit_no_condition_2_1_6,37,15,624,1200
loop_2056_circuit_no_condition_2_1_6,37,0,624,1300
loop_2056_circuit_no_condition_2_1_6,37,1,624,1300
loop_2056_circuit_no_condition_2_1_6,37,2,624,1300
loop_2056_circuit_no_condition_2_1_6,37,3,624,1300
loop_2056_circuit_no_condition_2_1_6,37,4,5427,1300
loop_2056_circuit_no_condition_2_1_6,37,5,624,1300
loop_2056_circuit_no_condition_2_1_6,37,6,624,1300
loop_2056_circuit_no_condition_2_1_6,37,7,624,1300
loop_2056_circuit_no_condition_2_1_6,37,8,624,1300
loop_2056_circuit_no_condition_2_1_6,37,9,624,1300
loop_2056_circuit_no_condition_2_1_6,37,10,624,1300
loop_2056_circuit_no_condition_2_1_6,37,11,624,1300
loop_2056_circuit_no_condition_2_1_6,37,12,624,1300
loop_2056_circuit_no_condition_2_1_6,37,13,624,1300
loop_2056_circuit_no_condition_2_1_6,37,14,624,1300
loop_2056_circuit_no_condition_2_1_6,37,15,624,1300
loop_2056_circuit_no_condition_2_1_6,37,0,624,1401
loop_2056_circuit_no_condition_2_1_6,37,1,3856,1401
loop_2056_circuit_no_condition_2_1_6,37,2,624,1401
loop_2056_circuit_no_condition_2_1_6,37,3,624,1401
loop_2056_circuit_no_condition_2_1_6,37,4,5427,1401
loop_2056_circuit_no_condition_2_1_6,37,5,624,1401
loop_2056_circuit_no_condition_2_1_6,37,6,624,1401
loop_2056_circuit_no_condition_2_1_6,37,7,624,1401
loop_2056_circuit_no_condition_2_1_6,37,8,624,1401
loop_2056_circuit_no_condition_2_1_6,37,9,624,1401
loop_2056_circuit_no_condition_2_1_6,37,10,624,1401
loop_2056_circuit_no_condition_2_1_6,37,11,624,1401
loop_2056_circuit_no_condition_2_1_6,37,12,624,1401
loop_2056_circuit_no_condition_2_1_6,37,13,624,1401
loop_2056_circuit_no_condition_2_1_6,37,14,624,1401
loop_2056_circuit_no_condition_2_1_6,37,15,624,1401
loop_2056_circuit_no_condition_2_1_6,37,0,624,1501
loop_2056_circuit_no_condition_2_1_6,37,1,624,1501
loop_2056_circuit_no_condition_2_1_6,37,2,624,1501
loop_2056_circuit_no_condition_2_1_6,37,3,624,1501
loop_2056_circuit_no_condition_2_1_6,37,4,5428,1501
loop_2056_circuit_no_condition_2_1_6,37,5,624,1501
loop_2056_circuit_no_condition_2_1_6,37,6,624,1501
loop_2056_circuit_no_condition_2_1_6,37,7,624,1501
loop_2056_circuit_no_condition_2_1_6,37,8,624,1501
loop_2056_circuit_no_condition_2_1_6,37,9,624,1501
loop_2056_circuit_no_condition_2_1_6,37,10,624,1501
loop_2056_circuit_no_condition_2_1_6,37,11,624,1501
loop_2056_circuit_no_condition_2_1_6,37,12,624,1501
loop_2056_circuit_no_condition_2_1_6,37,13,624,1501
loop_2056_circuit_no_condition_2_1_6,37,14,624,1501
loop_2056_circuit_no_condition_2_1_6,37,15,624,1501
loop_2056_circuit_no_condition_2_1_6,37,0,624,1601
loop_2056_circuit_no_condition_2_1_6,37,1,4359,1601
loop_2056_circuit_no_condition_2_1_6,37,2,624,1601
loop_2056_circuit_no_condition_2_1_6,37,3,624,1601
loop_2056_circuit_no_condition_2_1_6,37,4,5425,1601
loop_2056_circuit_no_condition_2_1_6,37,5,624,1601
loop_2056_circuit_no_condition_2_1_6,37,6,624,1601
loop_2056_circuit_no_condition_2_1_6,37,7,4619,1601
loop_2056_circuit_no_condition_2_1_6,37,8,624,1601
loop_2056_circuit_no_condition_2_1_6,37,9,624,1601
loop_2056_circuit_no_condition_2_1_6,37,10,624,1601
loop_2056_circuit_no_condition_2_1_6,37,11,624,1601
loop_2056_circuit_no_condition_2_1_6,37,12,624,1601
loop_2056_circuit_no_condition_2_1_6,37,13,624,1601
loop_2056_circuit_no_condition_2_1_6,37,14,624,1601
loop_2056_circuit_no_condition_2_1_6,37,15,624,1601
loop_2056_circuit_no_condition_2_1_6,37,0,624,1700
loop_2056_circuit_no_condition_2_1_6,37,1,4320,1700
loop_2056_circuit_no_condition_2_1_6,37,2,624,1700
loop_2056_circuit_no_condition_2_1_6,37,3,624,1700
loop_2056_circuit_no_condition_2_1_6,37,4,5427,1700
loop_2056_circuit_no_condition_2_1_6,37,5,624,1700
loop_2056_circuit_no_condition_2_1_6,37,6,624,1700
loop_2056_circuit_no_condition_2_1_6,37,7,624,1700
loop_2056_circuit_no_condition_2_1_6,37,8,624,1700
loop_2056_circuit_no_condition_2_1_6,37,9,624,1700
loop_2056_circuit_no_condition_2_1_6,37,10,624,1700
loop_2056_circuit_no_condition_2_1_6,37,11,624,1700
loop_2056_circuit_no_condition_2_1_6,37,12,624,1700
loop_2056_circuit_no_condition_2_1_6,37,13,624,1700
loop_2056_circuit_no_condition_2_1_6,37,14,624,1700
loop_2056_circuit_no_condition_2_1_6,37,15,624,1700
loop_2056_circuit_no_condition_2_1_6,37,0,624,1801
loop_2056_circuit_no_condition_2_1_6,37,1,4587,1801
loop_2056_circuit_no_condition_2_1_6,37,2,624,1801
loop_2056_circuit_no_condition_2_1_6,37,3,624,1801
loop_2056_circuit_no_condition_2_1_6,37,4,5430,1801
loop_2056_circuit_no_condition_2_1_6,37,5,624,1801
loop_2056_circuit_no_condition_2_1_6,37,6,624,1801
loop_2056_circuit_no_condition_2_1_6,37,7,624,1801
loop_2056_circuit_no_condition_2_1_6,37,8,624,1801
loop_2056_circuit_no_condition_2_1_6,37,9,624,1801
loop_2056_circuit_no_condition_2_1_6,37,10,624,1801
loop_2056_circuit_no_condition_2_1_6,37,11,624,1801
loop_2056_circuit_no_condition_2_1_6,37,12,624,1801
loop_2056_circuit_no_condition_2_1_6,37,13,624,1801
loop_2056_circuit_no_condition_2_1_6,37,14,624,1801
loop_2056_circuit_no_condition_2_1_6,37,15,624,1801
loop_2056_circuit_no_condition_2_1_6,37,0,5347,1900
loop_2056_circuit_no_condition_2_1_6,37,1,5421,1900
loop_2056_circuit_no_condition_2_1_6,37,2,5369,1900
loop_2056_circuit_no_condition_2_1_6,37,3,4412,1900
loop_2056_circuit_no_condition_2_1_6,37,4,5375,1900
loop_2056_circuit_no_condition_2_1_6,37,5,5363,1900
loop_2056_circuit_no_condition_2_1_6,37,6,5405,1900
loop_2056_circuit_no_condition_2_1_6,37,7,624,1900
loop_2056_circuit_no_condition_2_1_6,37,8,5345,1900
loop_2056_circuit_no_condition_2_1_6,37,9,5411,1900
loop_2056_circuit_no_condition_2_1_6,37,10,5407,1900
loop_2056_circuit_no_condition_2_1_6,37,11,624,1900
loop_2056_circuit_no_condition_2_1_6,37,12,5392,1900
loop_2056_circuit_no_condition_2_1_6,37,13,5329,1900
loop_2056_circuit_no_condition_2_1_6,37,14,5338,1900
loop_2056_circuit_no_condition_2_1_6,37,15,5356,1900
loop_2056_circuit_no_condition_2_1_6,38,0,5427,1
loop_2056_circuit_no_condition_2_1_6,38,1,5424,1
loop_2056_circuit_no_condition_2_1_6,38,2,624,1
loop_2056_circuit_no_condition_2_1_6,38,3,624,1
loop_2056_circuit_no_condition_2_1_6,38,4,5418,1
loop_2056_circuit_no_condition_2_1_6,38,5,5426,1
loop_2056_circuit_no_condition_2_1_6,38,6,3644,1
loop_2056_circuit_no_condition_2_1_6,38,7,5426,1
loop_2056_circuit_no_condition_2_1_6,38,8,5427,1
loop_2056_circuit_no_condition_2_1_6,38,9,5422,1
loop_2056_circuit_no_condition_2_1_6,38,10,5417,1
loop_2056_circuit_no_condition_2_1_6,38,11,5426,1
loop_2056_circuit_no_condition_2_1_6,38,12,624,1
loop_2056_circuit_no_condition_2_1_6,38,13,624,1
loop_2056_circuit_no_condition_2_1_6,38,14,624,1
loop_2056_circuit_no_condition_2_1_6,38,15,624,1
loop_2056_circuit_no_condition_2_1_6,38,0,5427,101
loop_2056_circuit_no_condition_2_1_6,38,1,5425,101
loop_2056_circuit_no_condition_2_1_6,38,2,5430,101
loop_2056_circuit_no_condition_2_1_6,38,3,5370,101
loop_2056_circuit_no_condition_2_1_6,38,4,5407,101
loop_2056_circuit_no_condition_2_1_6,38,5,5388,101
loop_2056_circuit_no_condition_2_1_6,38,6,5422,101
loop_2056_circuit_no_condition_2_1_6,38,7,5430,101
loop_2056_circuit_no_condition_2_1_6,38,8,5427,101
loop_2056_circuit_no_condition_2_1_6,38,9,5429,101
loop_2056_circuit_no_condition_2_1_6,38,10,5397,101
loop_2056_circuit_no_condition_2_1_6,38,11,5411,101
loop_2056_circuit_no_condition_2_1_6,38,12,5430,101
loop_2056_circuit_no_condition_2_1_6,38,13,5431,101
loop_2056_circuit_no_condition_2_1_6,38,14,5414,101
loop_2056_circuit_no_condition_2_1_6,38,15,5395,101
loop_2056_circuit_no_condition_2_1_6,38,0,5397,202
loop_2056_circuit_no_condition_2_1_6,38,1,5397,202
loop_2056_circuit_no_condition_2_1_6,38,2,5397,202
loop_2056_circuit_no_condition_2_1_6,38,3,5397,202
loop_2056_circuit_no_condition_2_1_6,38,4,5397,202
loop_2056_circuit_no_condition_2_1_6,38,5,5397,202
loop_2056_circuit_no_condition_2_1_6,38,6,5397,202
loop_2056_circuit_no_condition_2_1_6,38,7,5397,202
loop_2056_circuit_no_condition_2_1_6,38,8,5397,202
loop_2056_circuit_no_condition_2_1_6,38,9,5397,202
loop_2056_circuit_no_condition_2_1_6,38,10,5397,202
loop_2056_circuit_no_condition_2_1_6,38,11,5397,202
loop_2056_circuit_no_condition_2_1_6,38,12,5397,202
loop_2056_circuit_no_condition_2_1_6,38,13,5397,202
loop_2056_circuit_no_condition_2_1_6,38,14,5397,202
loop_2056_circuit_no_condition_2_1_6,38,15,5397,202
loop_2056_circuit_no_condition_2_1_6,38,0,624,301
loop_2056_circuit_no_condition_2_1_6,38,1,5433,301
loop_2056_circuit_no_condition_2_1_6,38,2,624,301
loop_2056_circuit_no_condition_2_1_6,38,3,624,301
loop_2056_circuit_no_condition_2_1_6,38,4,624,301
loop_2056_circuit_no_condition_2_1_6,38,5,5431,301
loop_2056_circuit_no_condition_2_1_6,38,6,624,301
loop_2056_circuit_no_condition_2_1_6,38,7,624,301
loop_2056_circuit_no_condition_2_1_6,38,8,624,301
loop_2056_circuit_no_condition_2_1_6,38,9,5417,301
loop_2056_circuit_no_condition_2_1_6,38,10,624,301
loop_2056_circuit_no_condition_2_1_6,38,11,624,301
loop_2056_circuit_no_condition_2_1_6,38,12,624,301
loop_2056_circuit_no_condition_2_1_6,38,13,5419,301
loop_2056_circuit_no_condition_2_1_6,38,14,624,301
loop_2056_circuit_no_condition_2_1_6,38,15,624,301
loop_2056_circuit_no_condition_2_1_6,38,0,624,401
loop_2056_circuit_no_condition_2_1_6,38,1,624,401
loop_2056_circuit_no_condition_2_1_6,38,2,624,401
loop_2056_circuit_no_condition_2_1_6,38,3,624,401
loop_2056_circuit_no_condition_2_1_6,38,4,624,401
loop_2056_circuit_no_condition_2_1_6,38,5,5426,401
loop_2056_circuit_no_condition_2_1_6,38,6,624,401
loop_2056_circuit_no_condition_2_1_6,38,7,624,401
loop_2056_circuit_no_condition_2_1_6,38,8,624,401
loop_2056_circuit_no_condition_2_1_6,38,9,624,401
loop_2056_circuit_no_condition_2_1_6,38,10,624,401
loop_2056_circuit_no_condition_2_1_6,38,11,624,401
loop_2056_circuit_no_condition_2_1_6,38,12,624,401
loop_2056_circuit_no_condition_2_1_6,38,13,624,401
loop_2056_circuit_no_condition_2_1_6,38,14,624,401
loop_2056_circuit_no_condition_2_1_6,38,15,624,401
loop_2056_circuit_no_condition_2_1_6,38,0,624,501
loop_2056_circuit_no_condition_2_1_6,38,1,624,501
loop_2056_circuit_no_condition_2_1_6,38,2,624,501
loop_2056_circuit_no_condition_2_1_6,38,3,624,501
loop_2056_circuit_no_condition_2_1_6,38,4,3905,501
loop_2056_circuit_no_condition_2_1_6,38,5,5428,501
loop_2056_circuit_no_condition_2_1_6,38,6,624,501
loop_2056_circuit_no_condition_2_1_6,38,7,624,501
loop_2056_circuit_no_condition_2_1_6,38,8,624,501
loop_2056_circuit_no_condition_2_1_6,38,9,624,501
loop_2056_circuit_no_condition_2_1_6,38,10,624,501
loop_2056_circuit_no_condition_2_1_6,38,11,624,501
loop_2056_circuit_no_condition_2_1_6,38,12,624,501
loop_2056_circuit_no_condition_2_1_6,38,13,624,501
loop_2056_circuit_no_condition_2_1_6,38,14,624,501
loop_2056_circuit_no_condition_2_1_6,38,15,624,501
loop_2056_circuit_no_condition_2_1_6,38,0,624,600
loop_2056_circuit_no_condition_2_1_6,38,1,624,600
loop_2056_circuit_no_condition_2_1_6,38,2,624,600
loop_2056_circuit_no_condition_2_1_6,38,3,624,600
loop_2056_circuit_no_condition_2_1_6,38,4,624,600
loop_2056_circuit_no_condition_2_1_6,38,5,5428,600
loop_2056_circuit_no_condition_2_1_6,38,6,624,600
loop_2056_circuit_no_condition_2_1_6,38,7,624,600
loop_2056_circuit_no_condition_2_1_6,38,8,624,600
loop_2056_circuit_no_condition_2_1_6,38,9,624,600
loop_2056_circuit_no_condition_2_1_6,38,10,624,600
loop_2056_circuit_no_condition_2_1_6,38,11,624,600
loop_2056_circuit_no_condition_2_1_6,38,12,624,600
loop_2056_circuit_no_condition_2_1_6,38,13,624,600
loop_2056_circuit_no_condition_2_1_6,38,14,624,600
loop_2056_circuit_no_condition_2_1_6,38,15,624,600
loop_2056_circuit_no_condition_2_1_6,38,0,624,701
loop_2056_circuit_no_condition_2_1_6,38,1,624,701
loop_2056_circuit_no_condition_2_1_6,38,2,624,701
loop_2056_circuit_no_condition_2_1_6,38,3,624,701
loop_2056_circuit_no_condition_2_1_6,38,4,624,701
loop_2056_circuit_no_condition_2_1_6,38,5,5429,701
loop_2056_circuit_no_condition_2_1_6,38,6,624,701
loop_2056_circuit_no_condition_2_1_6,38,7,624,701
loop_2056_circuit_no_condition_2_1_6,38,8,624,701
loop_2056_circuit_no_condition_2_1_6,38,9,624,701
loop_2056_circuit_no_condition_2_1_6,38,10,624,701
loop_2056_circuit_no_condition_2_1_6,38,11,624,701
loop_2056_circuit_no_condition_2_1_6,38,12,624,701
loop_2056_circuit_no_condition_2_1_6,38,13,624,701
loop_2056_circuit_no_condition_2_1_6,38,14,624,701
loop_2056_circuit_no_condition_2_1_6,38,15,624,701
loop_2056_circuit_no_condition_2_1_6,38,0,624,801
loop_2056_circuit_no_condition_2_1_6,38,1,624,801
loop_2056_circuit_no_condition_2_1_6,38,2,624,801
loop_2056_circuit_no_condition_2_1_6,38,3,624,801
loop_2056_circuit_no_condition_2_1_6,38,4,624,801
loop_2056_circuit_no_condition_2_1_6,38,5,5427,801
loop_2056_circuit_no_condition_2_1_6,38,6,624,801
loop_2056_circuit_no_condition_2_1_6,38,7,624,801
loop_2056_circuit_no_condition_2_1_6,38,8,624,801
loop_2056_circuit_no_condition_2_1_6,38,9,624,801
loop_2056_circuit_no_condition_2_1_6,38,10,624,801
loop_2056_circuit_no_condition_2_1_6,38,11,624,801
loop_2056_circuit_no_condition_2_1_6,38,12,624,801
loop_2056_circuit_no_condition_2_1_6,38,13,624,801
loop_2056_circuit_no_condition_2_1_6,38,14,624,801
loop_2056_circuit_no_condition_2_1_6,38,15,624,801
loop_2056_circuit_no_condition_2_1_6,38,0,624,901
loop_2056_circuit_no_condition_2_1_6,38,1,624,901
loop_2056_circuit_no_condition_2_1_6,38,2,624,901
loop_2056_circuit_no_condition_2_1_6,38,3,624,901
loop_2056_circuit_no_condition_2_1_6,38,4,3969,901
loop_2056_circuit_no_condition_2_1_6,38,5,5429,901
loop_2056_circuit_no_condition_2_1_6,38,6,624,901
loop_2056_circuit_no_condition_2_1_6,38,7,624,901
loop_2056_circuit_no_condition_2_1_6,38,8,624,901
loop_2056_circuit_no_condition_2_1_6,38,9,624,901
loop_2056_circuit_no_condition_2_1_6,38,10,624,901
loop_2056_circuit_no_condition_2_1_6,38,11,624,901
loop_2056_circuit_no_condition_2_1_6,38,12,624,901
loop_2056_circuit_no_condition_2_1_6,38,13,624,901
loop_2056_circuit_no_condition_2_1_6,38,14,624,901
loop_2056_circuit_no_condition_2_1_6,38,15,624,901
loop_2056_circuit_no_condition_2_1_6,38,0,624,1001
loop_2056_circuit_no_condition_2_1_6,38,1,624,1001
loop_2056_circuit_no_condition_2_1_6,38,2,624,1001
loop_2056_circuit_no_condition_2_1_6,38,3,624,1001
loop_2056_circuit_no_condition_2_1_6,38,4,624,1001
loop_2056_circuit_no_condition_2_1_6,38,5,5427,1001
loop_2056_circuit_no_condition_2_1_6,38,6,624,1001
loop_2056_circuit_no_condition_2_1_6,38,7,624,1001
loop_2056_circuit_no_condition_2_1_6,38,8,624,1001
loop_2056_circuit_no_condition_2_1_6,38,9,624,1001
loop_2056_circuit_no_condition_2_1_6,38,10,624,1001
loop_2056_circuit_no_condition_2_1_6,38,11,624,1001
loop_2056_circuit_no_condition_2_1_6,38,12,624,1001
loop_2056_circuit_no_condition_2_1_6,38,13,624,1001
loop_2056_circuit_no_condition_2_1_6,38,14,624,1001
loop_2056_circuit_no_condition_2_1_6,38,15,624,1001
loop_2056_circuit_no_condition_2_1_6,38,0,624,1100
loop_2056_circuit_no_condition_2_1_6,38,1,624,1100
loop_2056_circuit_no_condition_2_1_6,38,2,624,1100
loop_2056_circuit_no_condition_2_1_6,38,3,624,1100
loop_2056_circuit_no_condition_2_1_6,38,4,624,1100
loop_2056_circuit_no_condition_2_1_6,38,5,5427,1100
loop_2056_circuit_no_condition_2_1_6,38,6,3104,1100
loop_2056_circuit_no_condition_2_1_6,38,7,624,1100
loop_2056_circuit_no_condition_2_1_6,38,8,624,1100
loop_2056_circuit_no_condition_2_1_6,38,9,624,1100
loop_2056_circuit_no_condition_2_1_6,38,10,624,1100
loop_2056_circuit_no_condition_2_1_6,38,11,624,1100
loop_2056_circuit_no_condition_2_1_6,38,12,624,1100
loop_2056_circuit_no_condition_2_1_6,38,13,624,1100
loop_2056_circuit_no_condition_2_1_6,38,14,624,1100
loop_2056_circuit_no_condition_2_1_6,38,15,624,1100
loop_2056_circuit_no_condition_2_1_6,38,0,624,1201
loop_2056_circuit_no_condition_2_1_6,38,1,624,1201
loop_2056_circuit_no_condition_2_1_6,38,2,624,1201
loop_2056_circuit_no_condition_2_1_6,38,3,624,1201
loop_2056_circuit_no_condition_2_1_6,38,4,624,1201
loop_2056_circuit_no_condition_2_1_6,38,5,5426,1201
loop_2056_circuit_no_condition_2_1_6,38,6,624,1201
loop_2056_circuit_no_condition_2_1_6,38,7,624,1201
loop_2056_circuit_no_condition_2_1_6,38,8,624,1201
loop_2056_circuit_no_condition_2_1_6,38,9,624,1201
loop_2056_circuit_no_condition_2_1_6,38,10,624,1201
loop_2056_circuit_no_condition_2_1_6,38,11,624,1201
loop_2056_circuit_no_condition_2_1_6,38,12,624,1201
loop_2056_circuit_no_condition_2_1_6,38,13,624,1201
loop_2056_circuit_no_condition_2_1_6,38,14,624,1201
loop_2056_circuit_no_condition_2_1_6,38,15,624,1201
loop_2056_circuit_no_condition_2_1_6,38,0,624,1301
loop_2056_circuit_no_condition_2_1_6,38,1,624,1301
loop_2056_circuit_no_condition_2_1_6,38,2,624,1301
loop_2056_circuit_no_condition_2_1_6,38,3,624,1301
loop_2056_circuit_no_condition_2_1_6,38,4,624,1301
loop_2056_circuit_no_condition_2_1_6,38,5,5428,1301
loop_2056_circuit_no_condition_2_1_6,38,6,624,1301
loop_2056_circuit_no_condition_2_1_6,38,7,624,1301
loop_2056_circuit_no_condition_2_1_6,38,8,624,1301
loop_2056_circuit_no_condition_2_1_6,38,9,624,1301
loop_2056_circuit_no_condition_2_1_6,38,10,624,1301
loop_2056_circuit_no_condition_2_1_6,38,11,624,1301
loop_2056_circuit_no_condition_2_1_6,38,12,624,1301
loop_2056_circuit_no_condition_2_1_6,38,13,624,1301
loop_2056_circuit_no_condition_2_1_6,38,14,624,1301
loop_2056_circuit_no_condition_2_1_6,38,15,624,1301
loop_2056_circuit_no_condition_2_1_6,38,0,624,1401
loop_2056_circuit_no_condition_2_1_6,38,1,624,1401
loop_2056_circuit_no_condition_2_1_6,38,2,624,1401
loop_2056_circuit_no_condition_2_1_6,38,3,624,1401
loop_2056_circuit_no_condition_2_1_6,38,4,624,1401
loop_2056_circuit_no_condition_2_1_6,38,5,5427,1401
loop_2056_circuit_no_condition_2_1_6,38,6,624,1401
loop_2056_circuit_no_condition_2_1_6,38,7,624,1401
loop_2056_circuit_no_condition_2_1_6,38,8,624,1401
loop_2056_circuit_no_condition_2_1_6,38,9,624,1401
loop_2056_circuit_no_condition_2_1_6,38,10,624,1401
loop_2056_circuit_no_condition_2_1_6,38,11,624,1401
loop_2056_circuit_no_condition_2_1_6,38,12,624,1401
loop_2056_circuit_no_condition_2_1_6,38,13,624,1401
loop_2056_circuit_no_condition_2_1_6,38,14,624,1401
loop_2056_circuit_no_condition_2_1_6,38,15,624,1401
loop_2056_circuit_no_condition_2_1_6,38,0,624,1501
loop_2056_circuit_no_condition_2_1_6,38,1,624,1501
loop_2056_circuit_no_condition_2_1_6,38,2,624,1501
loop_2056_circuit_no_condition_2_1_6,38,3,624,1501
loop_2056_circuit_no_condition_2_1_6,38,4,624,1501
loop_2056_circuit_no_condition_2_1_6,38,5,5426,1501
loop_2056_circuit_no_condition_2_1_6,38,6,624,1501
loop_2056_circuit_no_condition_2_1_6,38,7,624,1501
loop_2056_circuit_no_condition_2_1_6,38,8,624,1501
loop_2056_circuit_no_condition_2_1_6,38,9,624,1501
loop_2056_circuit_no_condition_2_1_6,38,10,624,1501
loop_2056_circuit_no_condition_2_1_6,38,11,624,1501
loop_2056_circuit_no_condition_2_1_6,38,12,624,1501
loop_2056_circuit_no_condition_2_1_6,38,13,624,1501
loop_2056_circuit_no_condition_2_1_6,38,14,624,1501
loop_2056_circuit_no_condition_2_1_6,38,15,624,1501
loop_2056_circuit_no_condition_2_1_6,38,0,624,1600
loop_2056_circuit_no_condition_2_1_6,38,1,624,1600
loop_2056_circuit_no_condition_2_1_6,38,2,624,1600
loop_2056_circuit_no_condition_2_1_6,38,3,624,1600
loop_2056_circuit_no_condition_2_1_6,38,4,624,1600
loop_2056_circuit_no_condition_2_1_6,38,5,5426,1600
loop_2056_circuit_no_condition_2_1_6,38,6,624,1600
loop_2056_circuit_no_condition_2_1_6,38,7,624,1600
loop_2056_circuit_no_condition_2_1_6,38,8,624,1600
loop_2056_circuit_no_condition_2_1_6,38,9,624,1600
loop_2056_circuit_no_condition_2_1_6,38,10,624,1600
loop_2056_circuit_no_condition_2_1_6,38,11,624,1600
loop_2056_circuit_no_condition_2_1_6,38,12,624,1600
loop_2056_circuit_no_condition_2_1_6,38,13,624,1600
loop_2056_circuit_no_condition_2_1_6,38,14,2916,1600
loop_2056_circuit_no_condition_2_1_6,38,15,624,1600
loop_2056_circuit_no_condition_2_1_6,38,0,624,1701
loop_2056_circuit_no_condition_2_1_6,38,1,624,1701
loop_2056_circuit_no_condition_2_1_6,38,2,624,1701
loop_2056_circuit_no_condition_2_1_6,38,3,624,1701
loop_2056_circuit_no_condition_2_1_6,38,4,624,1701
loop_2056_circuit_no_condition_2_1_6,38,5,5428,1701
loop_2056_circuit_no_condition_2_1_6,38,6,624,1701
loop_2056_circuit_no_condition_2_1_6,38,7,624,1701
loop_2056_circuit_no_condition_2_1_6,38,8,624,1701
loop_2056_circuit_no_condition_2_1_6,38,9,624,1701
loop_2056_circuit_no_condition_2_1_6,38,10,624,1701
loop_2056_circuit_no_condition_2_1_6,38,11,624,1701
loop_2056_circuit_no_condition_2_1_6,38,12,624,1701
loop_2056_circuit_no_condition_2_1_6,38,13,624,1701
loop_2056_circuit_no_condition_2_1_6,38,14,624,1701
loop_2056_circuit_no_condition_2_1_6,38,15,624,1701
loop_2056_circuit_no_condition_2_1_6,38,0,624,1801
loop_2056_circuit_no_condition_2_1_6,38,1,624,1801
loop_2056_circuit_no_condition_2_1_6,38,2,624,1801
loop_2056_circuit_no_condition_2_1_6,38,3,624,1801
loop_2056_circuit_no_condition_2_1_6,38,4,624,1801
loop_2056_circuit_no_condition_2_1_6,38,5,5429,1801
loop_2056_circuit_no_condition_2_1_6,38,6,624,1801
loop_2056_circuit_no_condition_2_1_6,38,7,624,1801
loop_2056_circuit_no_condition_2_1_6,38,8,624,1801
loop_2056_circuit_no_condition_2_1_6,38,9,624,1801
loop_2056_circuit_no_condition_2_1_6,38,10,624,1801
loop_2056_circuit_no_condition_2_1_6,38,11,624,1801
loop_2056_circuit_no_condition_2_1_6,38,12,624,1801
loop_2056_circuit_no_condition_2_1_6,38,13,624,1801
loop_2056_circuit_no_condition_2_1_6,38,14,624,1801
loop_2056_circuit_no_condition_2_1_6,38,15,624,1801
loop_2056_circuit_no_condition_2_1_6,38,0,5432,1901
loop_2056_circuit_no_condition_2_1_6,38,1,5433,1901
loop_2056_circuit_no_condition_2_1_6,38,2,5377,1901
loop_2056_circuit_no_condition_2_1_6,38,3,5423,1901
loop_2056_circuit_no_condition_2_1_6,38,4,5419,1901
loop_2056_circuit_no_condition_2_1_6,38,5,5403,1901
loop_2056_circuit_no_condition_2_1_6,38,6,5331,1901
loop_2056_circuit_no_condition_2_1_6,38,7,5422,1901
loop_2056_circuit_no_condition_2_1_6,38,8,624,1901
loop_2056_circuit_no_condition_2_1_6,38,9,624,1901
loop_2056_circuit_no_condition_2_1_6,38,10,5435,1901
loop_2056_circuit_no_condition_2_1_6,38,11,5321,1901
loop_2056_circuit_no_condition_2_1_6,38,12,5407,1901
loop_2056_circuit_no_condition_2_1_6,38,13,5429,1901
loop_2056_circuit_no_condition_2_1_6,38,14,5423,1901
loop_2056_circuit_no_condition_2_1_6,38,15,624,1901
loop_2056_circuit_no_condition_2_1_6,39,0,5433,1
loop_2056_circuit_no_condition_2_1_6,39,1,5427,1
loop_2056_circuit_no_condition_2_1_6,39,2,5415,1
loop_2056_circuit_no_condition_2_1_6,39,3,5421,1
loop_2056_circuit_no_condition_2_1_6,39,4,5432,1
loop_2056_circuit_no_condition_2_1_6,39,5,5433,1
loop_2056_circuit_no_condition_2_1_6,39,6,5433,1
loop_2056_circuit_no_condition_2_1_6,39,7,624,1
loop_2056_circuit_no_condition_2_1_6,39,8,624,1
loop_2056_circuit_no_condition_2_1_6,39,9,5432,1
loop_2056_circuit_no_condition_2_1_6,39,10,624,1
loop_2056_circuit_no_condition_2_1_6,39,11,5430,1
loop_2056_circuit_no_condition_2_1_6,39,12,5439,1
loop_2056_circuit_no_condition_2_1_6,39,13,624,1
loop_2056_circuit_no_condition_2_1_6,39,14,624,1
loop_2056_circuit_no_condition_2_1_6,39,15,5432,1
loop_2056_circuit_no_condition_2_1_6,39,0,5416,100
loop_2056_circuit_no_condition_2_1_6,39,1,5410,100
loop_2056_circuit_no_condition_2_1_6,39,2,5358,100
loop_2056_circuit_no_condition_2_1_6,39,3,5351,100
loop_2056_circuit_no_condition_2_1_6,39,4,5435,100
loop_2056_circuit_no_condition_2_1_6,39,5,5399,100
loop_2056_circuit_no_condition_2_1_6,39,6,5422,100
loop_2056_circuit_no_condition_2_1_6,39,7,5426,100
loop_2056_circuit_no_condition_2_1_6,39,8,5423,100
loop_2056_circuit_no_condition_2_1_6,39,9,5422,100
loop_2056_circuit_no_condition_2_1_6,39,10,5424,100
loop_2056_circuit_no_condition_2_1_6,39,11,5386,100
loop_2056_circuit_no_condition_2_1_6,39,12,5360,100
loop_2056_circuit_no_condition_2_1_6,39,13,5424,100
loop_2056_circuit_no_condition_2_1_6,39,14,5411,100
loop_2056_circuit_no_condition_2_1_6,39,15,5425,100
loop_2056_circuit_no_condition_2_1_6,39,0,5398,202
loop_2056_circuit_no_condition_2_1_6,39,1,5398,202
loop_2056_circuit_no_condition_2_1_6,39,2,5398,202
loop_2056_circuit_no_condition_2_1_6,39,3,5398,202
loop_2056_circuit_no_condition_2_1_6,39,4,5398,202
loop_2056_circuit_no_condition_2_1_6,39,5,5398,202
loop_2056_circuit_no_condition_2_1_6,39,6,5398,202
loop_2056_circuit_no_condition_2_1_6,39,7,5398,202
loop_2056_circuit_no_condition_2_1_6,39,8,5398,202
loop_2056_circuit_no_condition_2_1_6,39,9,5398,202
loop_2056_circuit_no_condition_2_1_6,39,10,5398,202
loop_2056_circuit_no_condition_2_1_6,39,11,5398,202
loop_2056_circuit_no_condition_2_1_6,39,12,5398,202
loop_2056_circuit_no_condition_2_1_6,39,13,5398,202
loop_2056_circuit_no_condition_2_1_6,39,14,5398,202
loop_2056_circuit_no_condition_2_1_6,39,15,5398,202
loop_2056_circuit_no_condition_2_1_6,39,0,624,300
loop_2056_circuit_no_condition_2_1_6,39,1,624,300
loop_2056_circuit_no_condition_2_1_6,39,2,624,300
loop_2056_circuit_no_condition_2_1_6,39,3,624,300
loop_2056_circuit_no_condition_2_1_6,39,4,5426,300
loop_2056_circuit_no_condition_2_1_6,39,5,624,300
loop_2056_circuit_no_condition_2_1_6,39,6,624,300
loop_2056_circuit_no_condition_2_1_6,39,7,624,300
loop_2056_circuit_no_condition_2_1_6,39,8,624,300
loop_2056_circuit_no_condition_2_1_6,39,9,624,300
loop_2056_circuit_no_condition_2_1_6,39,10,4231,300
loop_2056_circuit_no_condition_2_1_6,39,11,624,300
loop_2056_circuit_no_condition_2_1_6,39,12,624,300
loop_2056_circuit_no_condition_2_1_6,39,13,624,300
loop_2056_circuit_no_condition_2_1_6,39,14,624,300
loop_2056_circuit_no_condition_2_1_6,39,15,624,300
loop_2056_circuit_no_condition_2_1_6,39,0,624,401
loop_2056_circuit_no_condition_2_1_6,39,1,624,401
loop_2056_circuit_no_condition_2_1_6,39,2,624,401
loop_2056_circuit_no_condition_2_1_6,39,3,4523,401
loop_2056_circuit_no_condition_2_1_6,39,4,5432,401
loop_2056_circuit_no_condition_2_1_6,39,5,624,401
loop_2056_circuit_no_condition_2_1_6,39,6,624,401
loop_2056_circuit_no_condition_2_1_6,39,7,624,401
loop_2056_circuit_no_condition_2_1_6,39,8,624,401
loop_2056_circuit_no_condition_2_1_6,39,9,624,401
loop_2056_circuit_no_condition_2_1_6,39,10,624,401
loop_2056_circuit_no_condition_2_1_6,39,11,624,401
loop_2056_circuit_no_condition_2_1_6,39,12,624,401
loop_2056_circuit_no_condition_2_1_6,39,13,624,401
loop_2056_circuit_no_condition_2_1_6,39,14,624,401
loop_2056_circuit_no_condition_2_1_6,39,15,624,401
loop_2056_circuit_no_condition_2_1_6,39,0,624,500
loop_2056_circuit_no_condition_2_1_6,39,1,624,500
loop_2056_circuit_no_condition_2_1_6,39,2,624,500
loop_2056_circuit_no_condition_2_1_6,39,3,624,500
loop_2056_circuit_no_condition_2_1_6,39,4,5423,500
loop_2056_circuit_no_condition_2_1_6,39,5,3232,500
loop_2056_circuit_no_condition_2_1_6,39,6,624,500
loop_2056_circuit_no_condition_2_1_6,39,7,624,500
loop_2056_circuit_no_condition_2_1_6,39,8,624,500
loop_2056_circuit_no_condition_2_1_6,39,9,624,500
loop_2056_circuit_no_condition_2_1_6,39,10,624,500
loop_2056_circuit_no_condition_2_1_6,39,11,624,500
loop_2056_circuit_no_condition_2_1_6,39,12,624,500
loop_2056_circuit_no_condition_2_1_6,39,13,624,500
loop_2056_circuit_no_condition_2_1_6,39,14,624,500
loop_2056_circuit_no_condition_2_1_6,39,15,624,500
loop_2056_circuit_no_condition_2_1_6,39,0,624,601
loop_2056_circuit_no_condition_2_1_6,39,1,624,601
loop_2056_circuit_no_condition_2_1_6,39,2,624,601
loop_2056_circuit_no_condition_2_1_6,39,3,624,601
loop_2056_circuit_no_condition_2_1_6,39,4,5430,601
loop_2056_circuit_no_condition_2_1_6,39,5,624,601
loop_2056_circuit_no_condition_2_1_6,39,6,624,601
loop_2056_circuit_no_condition_2_1_6,39,7,624,601
loop_2056_circuit_no_condition_2_1_6,39,8,624,601
loop_2056_circuit_no_condition_2_1_6,39,9,624,601
loop_2056_circuit_no_condition_2_1_6,39,10,624,601
loop_2056_circuit_no_condition_2_1_6,39,11,624,601
loop_2056_circuit_no_condition_2_1_6,39,12,624,601
loop_2056_circuit_no_condition_2_1_6,39,13,624,601
loop_2056_circuit_no_condition_2_1_6,39,14,624,601
loop_2056_circuit_no_condition_2_1_6,39,15,624,601
loop_2056_circuit_no_condition_2_1_6,39,0,624,700
loop_2056_circuit_no_condition_2_1_6,39,1,624,700
loop_2056_circuit_no_condition_2_1_6,39,2,624,700
loop_2056_circuit_no_condition_2_1_6,39,3,624,700
loop_2056_circuit_no_condition_2_1_6,39,4,5427,700
loop_2056_circuit_no_condition_2_1_6,39,5,624,700
loop_2056_circuit_no_condition_2_1_6,39,6,624,700
loop_2056_circuit_no_condition_2_1_6,39,7,624,700
loop_2056_circuit_no_condition_2_1_6,39,8,624,700
loop_2056_circuit_no_condition_2_1_6,39,9,624,700
loop_2056_circuit_no_condition_2_1_6,39,10,624,700
loop_2056_circuit_no_condition_2_1_6,39,11,624,700
loop_2056_circuit_no_condition_2_1_6,39,12,624,700
loop_2056_circuit_no_condition_2_1_6,39,13,624,700
loop_2056_circuit_no_condition_2_1_6,39,14,624,700
loop_2056_circuit_no_condition_2_1_6,39,15,624,700
loop_2056_circuit_no_condition_2_1_6,39,0,624,800
loop_2056_circuit_no_condition_2_1_6,39,1,624,800
loop_2056_circuit_no_condition_2_1_6,39,2,624,800
loop_2056_circuit_no_condition_2_1_6,39,3,624,800
loop_2056_circuit_no_condition_2_1_6,39,4,5429,800
loop_2056_circuit_no_condition_2_1_6,39,5,624,800
loop_2056_circuit_no_condition_2_1_6,39,6,624,800
loop_2056_circuit_no_condition_2_1_6,39,7,624,800
loop_2056_circuit_no_condition_2_1_6,39,8,624,800
loop_2056_circuit_no_condition_2_1_6,39,9,624,800
loop_2056_circuit_no_condition_2_1_6,39,10,624,800
loop_2056_circuit_no_condition_2_1_6,39,11,624,800
loop_2056_circuit_no_condition_2_1_6,39,12,624,800
loop_2056_circuit_no_condition_2_1_6,39,13,624,800
loop_2056_circuit_no_condition_2_1_6,39,14,624,800
loop_2056_circuit_no_condition_2_1_6,39,15,624,800
loop_2056_circuit_no_condition_2_1_6,39,0,624,900
loop_2056_circuit_no_condition_2_1_6,39,1,624,900
loop_2056_circuit_no_condition_2_1_6,39,2,624,900
loop_2056_circuit_no_condition_2_1_6,39,3,624,900
loop_2056_circuit_no_condition_2_1_6,39,4,5429,900
loop_2056_circuit_no_condition_2_1_6,39,5,624,900
loop_2056_circuit_no_condition_2_1_6,39,6,624,900
loop_2056_circuit_no_condition_2_1_6,39,7,624,900
loop_2056_circuit_no_condition_2_1_6,39,8,624,900
loop_2056_circuit_no_condition_2_1_6,39,9,624,900
loop_2056_circuit_no_condition_2_1_6,39,10,624,900
loop_2056_circuit_no_condition_2_1_6,39,11,624,900
loop_2056_circuit_no_condition_2_1_6,39,12,624,900
loop_2056_circuit_no_condition_2_1_6,39,13,624,900
loop_2056_circuit_no_condition_2_1_6,39,14,624,900
loop_2056_circuit_no_condition_2_1_6,39,15,624,900
loop_2056_circuit_no_condition_2_1_6,39,0,624,1001
loop_2056_circuit_no_condition_2_1_6,39,1,624,1001
loop_2056_circuit_no_condition_2_1_6,39,2,624,1001
loop_2056_circuit_no_condition_2_1_6,39,3,624,1001
loop_2056_circuit_no_condition_2_1_6,39,4,5427,1001
loop_2056_circuit_no_condition_2_1_6,39,5,624,1001
loop_2056_circuit_no_condition_2_1_6,39,6,624,1001
loop_2056_circuit_no_condition_2_1_6,39,7,624,1001
loop_2056_circuit_no_condition_2_1_6,39,8,624,1001
loop_2056_circuit_no_condition_2_1_6,39,9,624,1001
loop_2056_circuit_no_condition_2_1_6,39,10,624,1001
loop_2056_circuit_no_condition_2_1_6,39,11,624,1001
loop_2056_circuit_no_condition_2_1_6,39,12,624,1001
loop_2056_circuit_no_condition_2_1_6,39,13,624,1001
loop_2056_circuit_no_condition_2_1_6,39,14,624,1001
loop_2056_circuit_no_condition_2_1_6,39,15,624,1001
loop_2056_circuit_no_condition_2_1_6,39,0,624,1101
loop_2056_circuit_no_condition_2_1_6,39,1,624,1101
loop_2056_circuit_no_condition_2_1_6,39,2,624,1101
loop_2056_circuit_no_condition_2_1_6,39,3,624,1101
loop_2056_circuit_no_condition_2_1_6,39,4,5426,1101
loop_2056_circuit_no_condition_2_1_6,39,5,624,1101
loop_2056_circuit_no_condition_2_1_6,39,6,624,1101
loop_2056_circuit_no_condition_2_1_6,39,7,624,1101
loop_2056_circuit_no_condition_2_1_6,39,8,624,1101
loop_2056_circuit_no_condition_2_1_6,39,9,624,1101
loop_2056_circuit_no_condition_2_1_6,39,10,624,1101
loop_2056_circuit_no_condition_2_1_6,39,11,624,1101
loop_2056_circuit_no_condition_2_1_6,39,12,624,1101
loop_2056_circuit_no_condition_2_1_6,39,13,624,1101
loop_2056_circuit_no_condition_2_1_6,39,14,624,1101
loop_2056_circuit_no_condition_2_1_6,39,15,624,1101
loop_2056_circuit_no_condition_2_1_6,39,0,624,1200
loop_2056_circuit_no_condition_2_1_6,39,1,624,1200
loop_2056_circuit_no_condition_2_1_6,39,2,624,1200
loop_2056_circuit_no_condition_2_1_6,39,3,624,1200
loop_2056_circuit_no_condition_2_1_6,39,4,5428,1200
loop_2056_circuit_no_condition_2_1_6,39,5,624,1200
loop_2056_circuit_no_condition_2_1_6,39,6,624,1200
loop_2056_circuit_no_condition_2_1_6,39,7,624,1200
loop_2056_circuit_no_condition_2_1_6,39,8,624,1200
loop_2056_circuit_no_condition_2_1_6,39,9,624,1200
loop_2056_circuit_no_condition_2_1_6,39,10,624,1200
loop_2056_circuit_no_condition_2_1_6,39,11,624,1200
loop_2056_circuit_no_condition_2_1_6,39,12,624,1200
loop_2056_circuit_no_condition_2_1_6,39,13,624,1200
loop_2056_circuit_no_condition_2_1_6,39,14,624,1200
loop_2056_circuit_no_condition_2_1_6,39,15,624,1200
loop_2056_circuit_no_condition_2_1_6,39,0,624,1300
loop_2056_circuit_no_condition_2_1_6,39,1,624,1300
loop_2056_circuit_no_condition_2_1_6,39,2,624,1300
loop_2056_circuit_no_condition_2_1_6,39,3,624,1300
loop_2056_circuit_no_condition_2_1_6,39,4,5428,1300
loop_2056_circuit_no_condition_2_1_6,39,5,624,1300
loop_2056_circuit_no_condition_2_1_6,39,6,624,1300
loop_2056_circuit_no_condition_2_1_6,39,7,624,1300
loop_2056_circuit_no_condition_2_1_6,39,8,624,1300
loop_2056_circuit_no_condition_2_1_6,39,9,624,1300
loop_2056_circuit_no_condition_2_1_6,39,10,624,1300
loop_2056_circuit_no_condition_2_1_6,39,11,624,1300
loop_2056_circuit_no_condition_2_1_6,39,12,624,1300
loop_2056_circuit_no_condition_2_1_6,39,13,624,1300
loop_2056_circuit_no_condition_2_1_6,39,14,624,1300
loop_2056_circuit_no_condition_2_1_6,39,15,624,1300
loop_2056_circuit_no_condition_2_1_6,39,0,624,1400
loop_2056_circuit_no_condition_2_1_6,39,1,624,1400
loop_2056_circuit_no_condition_2_1_6,39,2,624,1400
loop_2056_circuit_no_condition_2_1_6,39,3,624,1400
loop_2056_circuit_no_condition_2_1_6,39,4,5427,1400
loop_2056_circuit_no_condition_2_1_6,39,5,624,1400
loop_2056_circuit_no_condition_2_1_6,39,6,624,1400
loop_2056_circuit_no_condition_2_1_6,39,7,624,1400
loop_2056_circuit_no_condition_2_1_6,39,8,624,1400
loop_2056_circuit_no_condition_2_1_6,39,9,624,1400
loop_2056_circuit_no_condition_2_1_6,39,10,624,1400
loop_2056_circuit_no_condition_2_1_6,39,11,624,1400
loop_2056_circuit_no_condition_2_1_6,39,12,624,1400
loop_2056_circuit_no_condition_2_1_6,39,13,624,1400
loop_2056_circuit_no_condition_2_1_6,39,14,624,1400
loop_2056_circuit_no_condition_2_1_6,39,15,624,1400
loop_2056_circuit_no_condition_2_1_6,39,0,624,1500
loop_2056_circuit_no_condition_2_1_6,39,1,624,1500
loop_2056_circuit_no_condition_2_1_6,39,2,624,1500
loop_2056_circuit_no_condition_2_1_6,39,3,624,1501
loop_2056_circuit_no_condition_2_1_6,39,4,5428,1501
loop_2056_circuit_no_condition_2_1_6,39,5,624,1501
loop_2056_circuit_no_condition_2_1_6,39,6,624,1501
loop_2056_circuit_no_condition_2_1_6,39,7,624,1501
loop_2056_circuit_no_condition_2_1_6,39,8,624,1501
loop_2056_circuit_no_condition_2_1_6,39,9,624,1501
loop_2056_circuit_no_condition_2_1_6,39,10,624,1501
loop_2056_circuit_no_condition_2_1_6,39,11,624,1501
loop_2056_circuit_no_condition_2_1_6,39,12,624,1501
loop_2056_circuit_no_condition_2_1_6,39,13,624,1501
loop_2056_circuit_no_condition_2_1_6,39,14,624,1501
loop_2056_circuit_no_condition_2_1_6,39,15,624,1501
loop_2056_circuit_no_condition_2_1_6,39,0,624,1601
loop_2056_circuit_no_condition_2_1_6,39,1,624,1601
loop_2056_circuit_no_condition_2_1_6,39,2,624,1601
loop_2056_circuit_no_condition_2_1_6,39,3,624,1601
loop_2056_circuit_no_condition_2_1_6,39,4,5428,1601
loop_2056_circuit_no_condition_2_1_6,39,5,624,1601
loop_2056_circuit_no_condition_2_1_6,39,6,624,1601
loop_2056_circuit_no_condition_2_1_6,39,7,624,1601
loop_2056_circuit_no_condition_2_1_6,39,8,624,1601
loop_2056_circuit_no_condition_2_1_6,39,9,624,1601
loop_2056_circuit_no_condition_2_1_6,39,10,624,1601
loop_2056_circuit_no_condition_2_1_6,39,11,624,1601
loop_2056_circuit_no_condition_2_1_6,39,12,624,1601
loop_2056_circuit_no_condition_2_1_6,39,13,624,1601
loop_2056_circuit_no_condition_2_1_6,39,14,624,1601
loop_2056_circuit_no_condition_2_1_6,39,15,624,1601
loop_2056_circuit_no_condition_2_1_6,39,0,624,1700
loop_2056_circuit_no_condition_2_1_6,39,1,3564,1700
loop_2056_circuit_no_condition_2_1_6,39,2,624,1700
loop_2056_circuit_no_condition_2_1_6,39,3,624,1700
loop_2056_circuit_no_condition_2_1_6,39,4,5428,1700
loop_2056_circuit_no_condition_2_1_6,39,5,624,1700
loop_2056_circuit_no_condition_2_1_6,39,6,624,1700
loop_2056_circuit_no_condition_2_1_6,39,7,624,1700
loop_2056_circuit_no_condition_2_1_6,39,8,624,1700
loop_2056_circuit_no_condition_2_1_6,39,9,4834,1700
loop_2056_circuit_no_condition_2_1_6,39,10,624,1700
loop_2056_circuit_no_condition_2_1_6,39,11,624,1700
loop_2056_circuit_no_condition_2_1_6,39,12,624,1700
loop_2056_circuit_no_condition_2_1_6,39,13,624,1700
loop_2056_circuit_no_condition_2_1_6,39,14,624,1700
loop_2056_circuit_no_condition_2_1_6,39,15,624,1700
loop_2056_circuit_no_condition_2_1_6,39,0,624,1800
loop_2056_circuit_no_condition_2_1_6,39,1,624,1800
loop_2056_circuit_no_condition_2_1_6,39,2,624,1800
loop_2056_circuit_no_condition_2_1_6,39,3,624,1800
loop_2056_circuit_no_condition_2_1_6,39,4,5428,1800
loop_2056_circuit_no_condition_2_1_6,39,5,624,1800
loop_2056_circuit_no_condition_2_1_6,39,6,624,1800
loop_2056_circuit_no_condition_2_1_6,39,7,624,1800
loop_2056_circuit_no_condition_2_1_6,39,8,624,1800
loop_2056_circuit_no_condition_2_1_6,39,9,624,1800
loop_2056_circuit_no_condition_2_1_6,39,10,624,1800
loop_2056_circuit_no_condition_2_1_6,39,11,624,1800
loop_2056_circuit_no_condition_2_1_6,39,12,624,1800
loop_2056_circuit_no_condition_2_1_6,39,13,624,1800
loop_2056_circuit_no_condition_2_1_6,39,14,624,1800
loop_2056_circuit_no_condition_2_1_6,39,15,624,1800
loop_2056_circuit_no_condition_2_1_6,39,0,5422,1900
loop_2056_circuit_no_condition_2_1_6,39,1,5413,1900
loop_2056_circuit_no_condition_2_1_6,39,2,624,1900
loop_2056_circuit_no_condition_2_1_6,39,3,5374,1900
loop_2056_circuit_no_condition_2_1_6,39,4,5416,1900
loop_2056_circuit_no_condition_2_1_6,39,5,5411,1900
loop_2056_circuit_no_condition_2_1_6,39,6,5424,1900
loop_2056_circuit_no_condition_2_1_6,39,7,5420,1900
loop_2056_circuit_no_condition_2_1_6,39,8,5416,1900
loop_2056_circuit_no_condition_2_1_6,39,9,5423,1900
loop_2056_circuit_no_condition_2_1_6,39,10,5411,1900
loop_2056_circuit_no_condition_2_1_6,39,11,5408,1900
loop_2056_circuit_no_condition_2_1_6,39,12,5416,1900
loop_2056_circuit_no_condition_2_1_6,39,13,5423,1900
loop_2056_circuit_no_condition_2_1_6,39,14,5410,1900
loop_2056_circuit_no_condition_2_1_6,39,15,5346,1900
loop_2056_circuit_no_condition_2_1_6,40,0,5432,1
loop_2056_circuit_no_condition_2_1_6,40,1,624,1
loop_2056_circuit_no_condition_2_1_6,40,2,624,1
loop_2056_circuit_no_condition_2_1_6,40,3,624,1
loop_2056_circuit_no_condition_2_1_6,40,4,5430,1
loop_2056_circuit_no_condition_2_1_6,40,5,624,1
loop_2056_circuit_no_condition_2_1_6,40,6,5423,1
loop_2056_circuit_no_condition_2_1_6,40,7,624,1
loop_2056_circuit_no_condition_2_1_6,40,8,624,1
loop_2056_circuit_no_condition_2_1_6,40,9,624,1
loop_2056_circuit_no_condition_2_1_6,40,10,5430,1
loop_2056_circuit_no_condition_2_1_6,40,11,5405,1
loop_2056_circuit_no_condition_2_1_6,40,12,5397,1
loop_2056_circuit_no_condition_2_1_6,40,13,5387,1
loop_2056_circuit_no_condition_2_1_6,40,14,5393,1
loop_2056_circuit_no_condition_2_1_6,40,15,5420,1
loop_2056_circuit_no_condition_2_1_6,40,0,5408,100
loop_2056_circuit_no_condition_2_1_6,40,1,5378,100
loop_2056_circuit_no_condition_2_1_6,40,2,5407,100
loop_2056_circuit_no_condition_2_1_6,40,3,5423,100
loop_2056_circuit_no_condition_2_1_6,40,4,5429,100
loop_2056_circuit_no_condition_2_1_6,40,5,5406,100
loop_2056_circuit_no_condition_2_1_6,40,6,5371,100
loop_2056_circuit_no_condition_2_1_6,40,7,5422,100
loop_2056_circuit_no_condition_2_1_6,40,8,5376,100
loop_2056_circuit_no_condition_2_1_6,40,9,624,100
loop_2056_circuit_no_condition_2_1_6,40,10,5418,100
loop_2056_circuit_no_condition_2_1_6,40,11,5364,100
loop_2056_circuit_no_condition_2_1_6,40,12,5423,100
loop_2056_circuit_no_condition_2_1_6,40,13,5405,100
loop_2056_circuit_no_condition_2_1_6,40,14,5376,100
loop_2056_circuit_no_condition_2_1_6,40,15,5419,100
loop_2056_circuit_no_condition_2_1_6,40,0,5395,201
loop_2056_circuit_no_condition_2_1_6,40,1,5377,201
loop_2056_circuit_no_condition_2_1_6,40,2,5421,201
loop_2056_circuit_no_condition_2_1_6,40,3,5432,201
loop_2056_circuit_no_condition_2_1_6,40,4,5434,201
loop_2056_circuit_no_condition_2_1_6,40,5,5387,201
loop_2056_circuit_no_condition_2_1_6,40,6,5417,201
loop_2056_circuit_no_condition_2_1_6,40,7,5417,201
loop_2056_circuit_no_condition_2_1_6,40,8,5422,201
loop_2056_circuit_no_condition_2_1_6,40,9,5387,201
loop_2056_circuit_no_condition_2_1_6,40,10,5392,201
loop_2056_circuit_no_condition_2_1_6,40,11,5401,201
loop_2056_circuit_no_condition_2_1_6,40,12,5398,201
loop_2056_circuit_no_condition_2_1_6,40,13,5388,201
loop_2056_circuit_no_condition_2_1_6,40,14,5422,201
loop_2056_circuit_no_condition_2_1_6,40,15,5367,201
loop_2056_circuit_no_condition_2_1_6,40,0,624,301
loop_2056_circuit_no_condition_2_1_6,40,1,624,301
loop_2056_circuit_no_condition_2_1_6,40,2,624,301
loop_2056_circuit_no_condition_2_1_6,40,3,624,301
loop_2056_circuit_no_condition_2_1_6,40,4,624,301
loop_2056_circuit_no_condition_2_1_6,40,5,624,301
loop_2056_circuit_no_condition_2_1_6,40,6,624,301
loop_2056_circuit_no_condition_2_1_6,40,7,624,301
loop_2056_circuit_no_condition_2_1_6,40,8,624,301
loop_2056_circuit_no_condition_2_1_6,40,9,624,301
loop_2056_circuit_no_condition_2_1_6,40,10,624,301
loop_2056_circuit_no_condition_2_1_6,40,11,624,301
loop_2056_circuit_no_condition_2_1_6,40,12,5427,301
loop_2056_circuit_no_condition_2_1_6,40,13,624,301
loop_2056_circuit_no_condition_2_1_6,40,14,624,301
loop_2056_circuit_no_condition_2_1_6,40,15,624,301
loop_2056_circuit_no_condition_2_1_6,40,0,624,400
loop_2056_circuit_no_condition_2_1_6,40,1,624,400
loop_2056_circuit_no_condition_2_1_6,40,2,624,400
loop_2056_circuit_no_condition_2_1_6,40,3,624,400
loop_2056_circuit_no_condition_2_1_6,40,4,624,400
loop_2056_circuit_no_condition_2_1_6,40,5,624,400
loop_2056_circuit_no_condition_2_1_6,40,6,624,400
loop_2056_circuit_no_condition_2_1_6,40,7,624,400
loop_2056_circuit_no_condition_2_1_6,40,8,624,400
loop_2056_circuit_no_condition_2_1_6,40,9,624,400
loop_2056_circuit_no_condition_2_1_6,40,10,624,400
loop_2056_circuit_no_condition_2_1_6,40,11,624,400
loop_2056_circuit_no_condition_2_1_6,40,12,5428,400
loop_2056_circuit_no_condition_2_1_6,40,13,624,400
loop_2056_circuit_no_condition_2_1_6,40,14,624,400
loop_2056_circuit_no_condition_2_1_6,40,15,624,400
loop_2056_circuit_no_condition_2_1_6,40,0,4634,501
loop_2056_circuit_no_condition_2_1_6,40,1,624,501
loop_2056_circuit_no_condition_2_1_6,40,2,624,501
loop_2056_circuit_no_condition_2_1_6,40,3,624,501
loop_2056_circuit_no_condition_2_1_6,40,4,624,501
loop_2056_circuit_no_condition_2_1_6,40,5,4536,501
loop_2056_circuit_no_condition_2_1_6,40,6,624,501
loop_2056_circuit_no_condition_2_1_6,40,7,624,501
loop_2056_circuit_no_condition_2_1_6,40,8,624,501
loop_2056_circuit_no_condition_2_1_6,40,9,624,501
loop_2056_circuit_no_condition_2_1_6,40,10,624,501
loop_2056_circuit_no_condition_2_1_6,40,11,624,501
loop_2056_circuit_no_condition_2_1_6,40,12,5433,501
loop_2056_circuit_no_condition_2_1_6,40,13,624,501
loop_2056_circuit_no_condition_2_1_6,40,14,624,501
loop_2056_circuit_no_condition_2_1_6,40,15,624,501
loop_2056_circuit_no_condition_2_1_6,40,0,624,601
loop_2056_circuit_no_condition_2_1_6,40,1,624,601
loop_2056_circuit_no_condition_2_1_6,40,2,624,601
loop_2056_circuit_no_condition_2_1_6,40,3,624,601
loop_2056_circuit_no_condition_2_1_6,40,4,5425,601
loop_2056_circuit_no_condition_2_1_6,40,5,624,601
loop_2056_circuit_no_condition_2_1_6,40,6,4731,601
loop_2056_circuit_no_condition_2_1_6,40,7,624,601
loop_2056_circuit_no_condition_2_1_6,40,8,624,601
loop_2056_circuit_no_condition_2_1_6,40,9,624,601
loop_2056_circuit_no_condition_2_1_6,40,10,624,601
loop_2056_circuit_no_condition_2_1_6,40,11,624,601
loop_2056_circuit_no_condition_2_1_6,40,12,5432,601
loop_2056_circuit_no_condition_2_1_6,40,13,624,601
loop_2056_circuit_no_condition_2_1_6,40,14,624,601
loop_2056_circuit_no_condition_2_1_6,40,15,624,601
loop_2056_circuit_no_condition_2_1_6,40,0,624,701
loop_2056_circuit_no_condition_2_1_6,40,1,624,701
loop_2056_circuit_no_condition_2_1_6,40,2,624,701
loop_2056_circuit_no_condition_2_1_6,40,3,624,701
loop_2056_circuit_no_condition_2_1_6,40,4,5430,701
loop_2056_circuit_no_condition_2_1_6,40,5,624,701
loop_2056_circuit_no_condition_2_1_6,40,6,624,701
loop_2056_circuit_no_condition_2_1_6,40,7,624,701
loop_2056_circuit_no_condition_2_1_6,40,8,624,701
loop_2056_circuit_no_condition_2_1_6,40,9,624,701
loop_2056_circuit_no_condition_2_1_6,40,10,624,701
loop_2056_circuit_no_condition_2_1_6,40,11,624,701
loop_2056_circuit_no_condition_2_1_6,40,12,5424,701
loop_2056_circuit_no_condition_2_1_6,40,13,624,701
loop_2056_circuit_no_condition_2_1_6,40,14,624,701
loop_2056_circuit_no_condition_2_1_6,40,15,624,701
loop_2056_circuit_no_condition_2_1_6,40,0,624,800
loop_2056_circuit_no_condition_2_1_6,40,1,624,800
loop_2056_circuit_no_condition_2_1_6,40,2,624,800
loop_2056_circuit_no_condition_2_1_6,40,3,624,800
loop_2056_circuit_no_condition_2_1_6,40,4,624,800
loop_2056_circuit_no_condition_2_1_6,40,5,624,800
loop_2056_circuit_no_condition_2_1_6,40,6,624,800
loop_2056_circuit_no_condition_2_1_6,40,7,624,800
loop_2056_circuit_no_condition_2_1_6,40,8,624,800
loop_2056_circuit_no_condition_2_1_6,40,9,624,800
loop_2056_circuit_no_condition_2_1_6,40,10,624,800
loop_2056_circuit_no_condition_2_1_6,40,11,624,800
loop_2056_circuit_no_condition_2_1_6,40,12,5425,800
loop_2056_circuit_no_condition_2_1_6,40,13,624,800
loop_2056_circuit_no_condition_2_1_6,40,14,624,800
loop_2056_circuit_no_condition_2_1_6,40,15,624,800
loop_2056_circuit_no_condition_2_1_6,40,0,624,900
loop_2056_circuit_no_condition_2_1_6,40,1,624,900
loop_2056_circuit_no_condition_2_1_6,40,2,624,900
loop_2056_circuit_no_condition_2_1_6,40,3,624,900
loop_2056_circuit_no_condition_2_1_6,40,4,624,900
loop_2056_circuit_no_condition_2_1_6,40,5,624,900
loop_2056_circuit_no_condition_2_1_6,40,6,624,900
loop_2056_circuit_no_condition_2_1_6,40,7,624,900
loop_2056_circuit_no_condition_2_1_6,40,8,624,900
loop_2056_circuit_no_condition_2_1_6,40,9,624,900
loop_2056_circuit_no_condition_2_1_6,40,10,624,900
loop_2056_circuit_no_condition_2_1_6,40,11,624,900
loop_2056_circuit_no_condition_2_1_6,40,12,5427,900
loop_2056_circuit_no_condition_2_1_6,40,13,624,900
loop_2056_circuit_no_condition_2_1_6,40,14,624,900
loop_2056_circuit_no_condition_2_1_6,40,15,624,900
loop_2056_circuit_no_condition_2_1_6,40,0,624,1001
loop_2056_circuit_no_condition_2_1_6,40,1,624,1001
loop_2056_circuit_no_condition_2_1_6,40,2,624,1001
loop_2056_circuit_no_condition_2_1_6,40,3,624,1001
loop_2056_circuit_no_condition_2_1_6,40,4,624,1001
loop_2056_circuit_no_condition_2_1_6,40,5,624,1001
loop_2056_circuit_no_condition_2_1_6,40,6,624,1001
loop_2056_circuit_no_condition_2_1_6,40,7,624,1001
loop_2056_circuit_no_condition_2_1_6,40,8,624,1001
loop_2056_circuit_no_condition_2_1_6,40,9,624,1001
loop_2056_circuit_no_condition_2_1_6,40,10,624,1001
loop_2056_circuit_no_condition_2_1_6,40,11,624,1001
loop_2056_circuit_no_condition_2_1_6,40,12,5426,1001
loop_2056_circuit_no_condition_2_1_6,40,13,624,1001
loop_2056_circuit_no_condition_2_1_6,40,14,624,1001
loop_2056_circuit_no_condition_2_1_6,40,15,624,1001
loop_2056_circuit_no_condition_2_1_6,40,0,624,1101
loop_2056_circuit_no_condition_2_1_6,40,1,624,1101
loop_2056_circuit_no_condition_2_1_6,40,2,624,1101
loop_2056_circuit_no_condition_2_1_6,40,3,624,1101
loop_2056_circuit_no_condition_2_1_6,40,4,624,1101
loop_2056_circuit_no_condition_2_1_6,40,5,624,1101
loop_2056_circuit_no_condition_2_1_6,40,6,624,1101
loop_2056_circuit_no_condition_2_1_6,40,7,624,1101
loop_2056_circuit_no_condition_2_1_6,40,8,624,1101
loop_2056_circuit_no_condition_2_1_6,40,9,624,1101
loop_2056_circuit_no_condition_2_1_6,40,10,624,1101
loop_2056_circuit_no_condition_2_1_6,40,11,624,1101
loop_2056_circuit_no_condition_2_1_6,40,12,5425,1101
loop_2056_circuit_no_condition_2_1_6,40,13,624,1101
loop_2056_circuit_no_condition_2_1_6,40,14,624,1101
loop_2056_circuit_no_condition_2_1_6,40,15,624,1101
loop_2056_circuit_no_condition_2_1_6,40,0,624,1200
loop_2056_circuit_no_condition_2_1_6,40,1,624,1200
loop_2056_circuit_no_condition_2_1_6,40,2,624,1200
loop_2056_circuit_no_condition_2_1_6,40,3,624,1200
loop_2056_circuit_no_condition_2_1_6,40,4,624,1200
loop_2056_circuit_no_condition_2_1_6,40,5,624,1200
loop_2056_circuit_no_condition_2_1_6,40,6,624,1200
loop_2056_circuit_no_condition_2_1_6,40,7,624,1200
loop_2056_circuit_no_condition_2_1_6,40,8,624,1200
loop_2056_circuit_no_condition_2_1_6,40,9,624,1200
loop_2056_circuit_no_condition_2_1_6,40,10,624,1200
loop_2056_circuit_no_condition_2_1_6,40,11,624,1200
loop_2056_circuit_no_condition_2_1_6,40,12,5427,1200
loop_2056_circuit_no_condition_2_1_6,40,13,624,1200
loop_2056_circuit_no_condition_2_1_6,40,14,624,1200
loop_2056_circuit_no_condition_2_1_6,40,15,624,1200
loop_2056_circuit_no_condition_2_1_6,40,0,624,1300
loop_2056_circuit_no_condition_2_1_6,40,1,624,1300
loop_2056_circuit_no_condition_2_1_6,40,2,624,1300
loop_2056_circuit_no_condition_2_1_6,40,3,624,1300
loop_2056_circuit_no_condition_2_1_6,40,4,624,1300
loop_2056_circuit_no_condition_2_1_6,40,5,624,1300
loop_2056_circuit_no_condition_2_1_6,40,6,5429,1300
loop_2056_circuit_no_condition_2_1_6,40,7,624,1300
loop_2056_circuit_no_condition_2_1_6,40,8,624,1300
loop_2056_circuit_no_condition_2_1_6,40,9,624,1300
loop_2056_circuit_no_condition_2_1_6,40,10,624,1300
loop_2056_circuit_no_condition_2_1_6,40,11,624,1300
loop_2056_circuit_no_condition_2_1_6,40,12,5427,1300
loop_2056_circuit_no_condition_2_1_6,40,13,624,1300
loop_2056_circuit_no_condition_2_1_6,40,14,624,1300
loop_2056_circuit_no_condition_2_1_6,40,15,624,1300
loop_2056_circuit_no_condition_2_1_6,40,0,624,1400
loop_2056_circuit_no_condition_2_1_6,40,1,624,1400
loop_2056_circuit_no_condition_2_1_6,40,2,624,1400
loop_2056_circuit_no_condition_2_1_6,40,3,624,1400
loop_2056_circuit_no_condition_2_1_6,40,4,624,1400
loop_2056_circuit_no_condition_2_1_6,40,5,624,1400
loop_2056_circuit_no_condition_2_1_6,40,6,624,1400
loop_2056_circuit_no_condition_2_1_6,40,7,624,1400
loop_2056_circuit_no_condition_2_1_6,40,8,624,1400
loop_2056_circuit_no_condition_2_1_6,40,9,624,1400
loop_2056_circuit_no_condition_2_1_6,40,10,624,1400
loop_2056_circuit_no_condition_2_1_6,40,11,624,1400
loop_2056_circuit_no_condition_2_1_6,40,12,5430,1400
loop_2056_circuit_no_condition_2_1_6,40,13,624,1400
loop_2056_circuit_no_condition_2_1_6,40,14,624,1400
loop_2056_circuit_no_condition_2_1_6,40,15,624,1400
loop_2056_circuit_no_condition_2_1_6,40,0,624,1501
loop_2056_circuit_no_condition_2_1_6,40,1,624,1501
loop_2056_circuit_no_condition_2_1_6,40,2,624,1501
loop_2056_circuit_no_condition_2_1_6,40,3,624,1501
loop_2056_circuit_no_condition_2_1_6,40,4,624,1501
loop_2056_circuit_no_condition_2_1_6,40,5,624,1501
loop_2056_circuit_no_condition_2_1_6,40,6,624,1501
loop_2056_circuit_no_condition_2_1_6,40,7,624,1501
loop_2056_circuit_no_condition_2_1_6,40,8,624,1501
loop_2056_circuit_no_condition_2_1_6,40,9,624,1501
loop_2056_circuit_no_condition_2_1_6,40,10,624,1501
loop_2056_circuit_no_condition_2_1_6,40,11,624,1501
loop_2056_circuit_no_condition_2_1_6,40,12,5424,1501
loop_2056_circuit_no_condition_2_1_6,40,13,624,1501
loop_2056_circuit_no_condition_2_1_6,40,14,624,1501
loop_2056_circuit_no_condition_2_1_6,40,15,624,1501
loop_2056_circuit_no_condition_2_1_6,40,0,624,1601
loop_2056_circuit_no_condition_2_1_6,40,1,624,1601
loop_2056_circuit_no_condition_2_1_6,40,2,624,1601
loop_2056_circuit_no_condition_2_1_6,40,3,624,1601
loop_2056_circuit_no_condition_2_1_6,40,4,624,1601
loop_2056_circuit_no_condition_2_1_6,40,5,624,1601
loop_2056_circuit_no_condition_2_1_6,40,6,624,1601
loop_2056_circuit_no_condition_2_1_6,40,7,624,1601
loop_2056_circuit_no_condition_2_1_6,40,8,624,1601
loop_2056_circuit_no_condition_2_1_6,40,9,624,1601
loop_2056_circuit_no_condition_2_1_6,40,10,624,1601
loop_2056_circuit_no_condition_2_1_6,40,11,624,1601
loop_2056_circuit_no_condition_2_1_6,40,12,5429,1601
loop_2056_circuit_no_condition_2_1_6,40,13,4483,1601
loop_2056_circuit_no_condition_2_1_6,40,14,624,1601
loop_2056_circuit_no_condition_2_1_6,40,15,624,1601
loop_2056_circuit_no_condition_2_1_6,40,0,624,1700
loop_2056_circuit_no_condition_2_1_6,40,1,624,1700
loop_2056_circuit_no_condition_2_1_6,40,2,624,1700
loop_2056_circuit_no_condition_2_1_6,40,3,624,1700
loop_2056_circuit_no_condition_2_1_6,40,4,624,1700
loop_2056_circuit_no_condition_2_1_6,40,5,624,1700
loop_2056_circuit_no_condition_2_1_6,40,6,624,1700
loop_2056_circuit_no_condition_2_1_6,40,7,624,1700
loop_2056_circuit_no_condition_2_1_6,40,8,624,1700
loop_2056_circuit_no_condition_2_1_6,40,9,624,1700
loop_2056_circuit_no_condition_2_1_6,40,10,624,1700
loop_2056_circuit_no_condition_2_1_6,40,11,624,1700
loop_2056_circuit_no_condition_2_1_6,40,12,5428,1700
loop_2056_circuit_no_condition_2_1_6,40,13,624,1700
loop_2056_circuit_no_condition_2_1_6,40,14,624,1700
loop_2056_circuit_no_condition_2_1_6,40,15,624,1700
loop_2056_circuit_no_condition_2_1_6,40,0,624,1800
loop_2056_circuit_no_condition_2_1_6,40,1,624,1800
loop_2056_circuit_no_condition_2_1_6,40,2,624,1800
loop_2056_circuit_no_condition_2_1_6,40,3,624,1800
loop_2056_circuit_no_condition_2_1_6,40,4,624,1800
loop_2056_circuit_no_condition_2_1_6,40,5,624,1800
loop_2056_circuit_no_condition_2_1_6,40,6,624,1800
loop_2056_circuit_no_condition_2_1_6,40,7,624,1800
loop_2056_circuit_no_condition_2_1_6,40,8,624,1800
loop_2056_circuit_no_condition_2_1_6,40,9,624,1800
loop_2056_circuit_no_condition_2_1_6,40,10,624,1800
loop_2056_circuit_no_condition_2_1_6,40,11,624,1800
loop_2056_circuit_no_condition_2_1_6,40,12,5428,1800
loop_2056_circuit_no_condition_2_1_6,40,13,624,1800
loop_2056_circuit_no_condition_2_1_6,40,14,624,1800
loop_2056_circuit_no_condition_2_1_6,40,15,624,1800
loop_2056_circuit_no_condition_2_1_6,40,0,5363,1900
loop_2056_circuit_no_condition_2_1_6,40,1,5395,1900
loop_2056_circuit_no_condition_2_1_6,40,2,5439,1900
loop_2056_circuit_no_condition_2_1_6,40,3,624,1900
loop_2056_circuit_no_condition_2_1_6,40,4,5419,1900
loop_2056_circuit_no_condition_2_1_6,40,5,5389,1900
loop_2056_circuit_no_condition_2_1_6,40,6,5379,1900
loop_2056_circuit_no_condition_2_1_6,40,7,4592,1900
loop_2056_circuit_no_condition_2_1_6,40,8,624,1900
loop_2056_circuit_no_condition_2_1_6,40,9,624,1900
loop_2056_circuit_no_condition_2_1_6,40,10,5435,1900
loop_2056_circuit_no_condition_2_1_6,40,11,5421,1900
loop_2056_circuit_no_condition_2_1_6,40,12,5299,1900
loop_2056_circuit_no_condition_2_1_6,40,13,5328,1900
loop_2056_circuit_no_condition_2_1_6,40,14,5354,1900
loop_2056_circuit_no_condition_2_1_6,40,15,5343,1900
loop_2056_circuit_no_condition_2_1_6,41,0,5430,1
loop_2056_circuit_no_condition_2_1_6,41,1,5425,1
loop_2056_circuit_no_condition_2_1_6,41,2,5429,1
loop_2056_circuit_no_condition_2_1_6,41,3,2906,1
loop_2056_circuit_no_condition_2_1_6,41,4,5430,1
loop_2056_circuit_no_condition_2_1_6,41,5,5409,1
loop_2056_circuit_no_condition_2_1_6,41,6,5430,1
loop_2056_circuit_no_condition_2_1_6,41,7,5424,1
loop_2056_circuit_no_condition_2_1_6,41,8,624,1
loop_2056_circuit_no_condition_2_1_6,41,9,5424,1
loop_2056_circuit_no_condition_2_1_6,41,10,624,1
loop_2056_circuit_no_condition_2_1_6,41,11,624,1
loop_2056_circuit_no_condition_2_1_6,41,12,624,1
loop_2056_circuit_no_condition_2_1_6,41,13,5426,1
loop_2056_circuit_no_condition_2_1_6,41,14,624,1
loop_2056_circuit_no_condition_2_1_6,41,15,5433,1
loop_2056_circuit_no_condition_2_1_6,41,0,5422,101
loop_2056_circuit_no_condition_2_1_6,41,1,5416,101
loop_2056_circuit_no_condition_2_1_6,41,2,5422,101
loop_2056_circuit_no_condition_2_1_6,41,3,5420,101
loop_2056_circuit_no_condition_2_1_6,41,4,5423,101
loop_2056_circuit_no_condition_2_1_6,41,5,5435,101
loop_2056_circuit_no_condition_2_1_6,41,6,5405,101
loop_2056_circuit_no_condition_2_1_6,41,7,5425,101
loop_2056_circuit_no_condition_2_1_6,41,8,5430,101
loop_2056_circuit_no_condition_2_1_6,41,9,5431,101
loop_2056_circuit_no_condition_2_1_6,41,10,5429,101
loop_2056_circuit_no_condition_2_1_6,41,11,5366,101
loop_2056_circuit_no_condition_2_1_6,41,12,5428,101
loop_2056_circuit_no_condition_2_1_6,41,13,5372,101
loop_2056_circuit_no_condition_2_1_6,41,14,5421,101
loop_2056_circuit_no_condition_2_1_6,41,15,5434,101
loop_2056_circuit_no_condition_2_1_6,41,0,5399,203
loop_2056_circuit_no_condition_2_1_6,41,1,5399,203
loop_2056_circuit_no_condition_2_1_6,41,2,5399,203
loop_2056_circuit_no_condition_2_1_6,41,3,5398,203
loop_2056_circuit_no_condition_2_1_6,41,4,5399,203
loop_2056_circuit_no_condition_2_1_6,41,5,5399,203
loop_2056_circuit_no_condition_2_1_6,41,6,5398,203
loop_2056_circuit_no_condition_2_1_6,41,7,5399,203
loop_2056_circuit_no_condition_2_1_6,41,8,5399,203
loop_2056_circuit_no_condition_2_1_6,41,9,5399,203
loop_2056_circuit_no_condition_2_1_6,41,10,5398,203
loop_2056_circuit_no_condition_2_1_6,41,11,5399,203
loop_2056_circuit_no_condition_2_1_6,41,12,5399,203
loop_2056_circuit_no_condition_2_1_6,41,13,5399,203
loop_2056_circuit_no_condition_2_1_6,41,14,5399,203
loop_2056_circuit_no_condition_2_1_6,41,15,5399,203
loop_2056_circuit_no_condition_2_1_6,41,0,624,301
loop_2056_circuit_no_condition_2_1_6,41,1,4383,301
loop_2056_circuit_no_condition_2_1_6,41,2,624,301
loop_2056_circuit_no_condition_2_1_6,41,3,624,301
loop_2056_circuit_no_condition_2_1_6,41,4,5430,301
loop_2056_circuit_no_condition_2_1_6,41,5,4181,301
loop_2056_circuit_no_condition_2_1_6,41,6,624,301
loop_2056_circuit_no_condition_2_1_6,41,7,624,301
loop_2056_circuit_no_condition_2_1_6,41,8,624,301
loop_2056_circuit_no_condition_2_1_6,41,9,624,301
loop_2056_circuit_no_condition_2_1_6,41,10,624,301
loop_2056_circuit_no_condition_2_1_6,41,11,624,301
loop_2056_circuit_no_condition_2_1_6,41,12,624,301
loop_2056_circuit_no_condition_2_1_6,41,13,624,301
loop_2056_circuit_no_condition_2_1_6,41,14,624,301
loop_2056_circuit_no_condition_2_1_6,41,15,624,301
loop_2056_circuit_no_condition_2_1_6,41,0,624,401
loop_2056_circuit_no_condition_2_1_6,41,1,624,401
loop_2056_circuit_no_condition_2_1_6,41,2,624,401
loop_2056_circuit_no_condition_2_1_6,41,3,624,401
loop_2056_circuit_no_condition_2_1_6,41,4,5431,401
loop_2056_circuit_no_condition_2_1_6,41,5,3705,401
loop_2056_circuit_no_condition_2_1_6,41,6,624,401
loop_2056_circuit_no_condition_2_1_6,41,7,624,401
loop_2056_circuit_no_condition_2_1_6,41,8,624,401
loop_2056_circuit_no_condition_2_1_6,41,9,624,401
loop_2056_circuit_no_condition_2_1_6,41,10,624,401
loop_2056_circuit_no_condition_2_1_6,41,11,624,401
loop_2056_circuit_no_condition_2_1_6,41,12,624,401
loop_2056_circuit_no_condition_2_1_6,41,13,624,401
loop_2056_circuit_no_condition_2_1_6,41,14,624,401
loop_2056_circuit_no_condition_2_1_6,41,15,624,401
loop_2056_circuit_no_condition_2_1_6,41,0,624,500
loop_2056_circuit_no_condition_2_1_6,41,1,624,500
loop_2056_circuit_no_condition_2_1_6,41,2,624,500
loop_2056_circuit_no_condition_2_1_6,41,3,624,500
loop_2056_circuit_no_condition_2_1_6,41,4,5429,500
loop_2056_circuit_no_condition_2_1_6,41,5,5432,500
loop_2056_circuit_no_condition_2_1_6,41,6,2892,500
loop_2056_circuit_no_condition_2_1_6,41,7,624,500
loop_2056_circuit_no_condition_2_1_6,41,8,624,500
loop_2056_circuit_no_condition_2_1_6,41,9,624,500
loop_2056_circuit_no_condition_2_1_6,41,10,624,500
loop_2056_circuit_no_condition_2_1_6,41,11,624,500
loop_2056_circuit_no_condition_2_1_6,41,12,624,500
loop_2056_circuit_no_condition_2_1_6,41,13,624,500
loop_2056_circuit_no_condition_2_1_6,41,14,624,500
loop_2056_circuit_no_condition_2_1_6,41,15,4957,500
loop_2056_circuit_no_condition_2_1_6,41,0,624,601
loop_2056_circuit_no_condition_2_1_6,41,1,4590,601
loop_2056_circuit_no_condition_2_1_6,41,2,624,601
loop_2056_circuit_no_condition_2_1_6,41,3,624,601
loop_2056_circuit_no_condition_2_1_6,41,4,4478,601
loop_2056_circuit_no_condition_2_1_6,41,5,5430,601
loop_2056_circuit_no_condition_2_1_6,41,6,624,601
loop_2056_circuit_no_condition_2_1_6,41,7,624,601
loop_2056_circuit_no_condition_2_1_6,41,8,624,601
loop_2056_circuit_no_condition_2_1_6,41,9,624,601
loop_2056_circuit_no_condition_2_1_6,41,10,624,601
loop_2056_circuit_no_condition_2_1_6,41,11,624,601
loop_2056_circuit_no_condition_2_1_6,41,12,624,601
loop_2056_circuit_no_condition_2_1_6,41,13,624,601
loop_2056_circuit_no_condition_2_1_6,41,14,624,601
loop_2056_circuit_no_condition_2_1_6,41,15,624,601
loop_2056_circuit_no_condition_2_1_6,41,0,624,701
loop_2056_circuit_no_condition_2_1_6,41,1,624,701
loop_2056_circuit_no_condition_2_1_6,41,2,624,701
loop_2056_circuit_no_condition_2_1_6,41,3,624,701
loop_2056_circuit_no_condition_2_1_6,41,4,3328,701
loop_2056_circuit_no_condition_2_1_6,41,5,5429,701
loop_2056_circuit_no_condition_2_1_6,41,6,624,701
loop_2056_circuit_no_condition_2_1_6,41,7,624,701
loop_2056_circuit_no_condition_2_1_6,41,8,624,701
loop_2056_circuit_no_condition_2_1_6,41,9,624,701
loop_2056_circuit_no_condition_2_1_6,41,10,624,701
loop_2056_circuit_no_condition_2_1_6,41,11,624,701
loop_2056_circuit_no_condition_2_1_6,41,12,624,701
loop_2056_circuit_no_condition_2_1_6,41,13,624,701
loop_2056_circuit_no_condition_2_1_6,41,14,624,701
loop_2056_circuit_no_condition_2_1_6,41,15,624,701
loop_2056_circuit_no_condition_2_1_6,41,0,624,800
loop_2056_circuit_no_condition_2_1_6,41,1,624,800
loop_2056_circuit_no_condition_2_1_6,41,2,624,800
loop_2056_circuit_no_condition_2_1_6,41,3,624,800
loop_2056_circuit_no_condition_2_1_6,41,4,5413,800
loop_2056_circuit_no_condition_2_1_6,41,5,5428,800
loop_2056_circuit_no_condition_2_1_6,41,6,624,800
loop_2056_circuit_no_condition_2_1_6,41,7,624,800
loop_2056_circuit_no_condition_2_1_6,41,8,624,800
loop_2056_circuit_no_condition_2_1_6,41,9,624,800
loop_2056_circuit_no_condition_2_1_6,41,10,624,800
loop_2056_circuit_no_condition_2_1_6,41,11,624,800
loop_2056_circuit_no_condition_2_1_6,41,12,624,800
loop_2056_circuit_no_condition_2_1_6,41,13,624,800
loop_2056_circuit_no_condition_2_1_6,41,14,624,800
loop_2056_circuit_no_condition_2_1_6,41,15,4950,800
loop_2056_circuit_no_condition_2_1_6,41,0,624,900
loop_2056_circuit_no_condition_2_1_6,41,1,4501,900
loop_2056_circuit_no_condition_2_1_6,41,2,624,900
loop_2056_circuit_no_condition_2_1_6,41,3,624,900
loop_2056_circuit_no_condition_2_1_6,41,4,4180,900
loop_2056_circuit_no_condition_2_1_6,41,5,5428,900
loop_2056_circuit_no_condition_2_1_6,41,6,624,900
loop_2056_circuit_no_condition_2_1_6,41,7,624,900
loop_2056_circuit_no_condition_2_1_6,41,8,624,900
loop_2056_circuit_no_condition_2_1_6,41,9,624,900
loop_2056_circuit_no_condition_2_1_6,41,10,624,900
loop_2056_circuit_no_condition_2_1_6,41,11,624,900
loop_2056_circuit_no_condition_2_1_6,41,12,624,900
loop_2056_circuit_no_condition_2_1_6,41,13,624,900
loop_2056_circuit_no_condition_2_1_6,41,14,624,900
loop_2056_circuit_no_condition_2_1_6,41,15,5184,900
loop_2056_circuit_no_condition_2_1_6,41,0,624,1000
loop_2056_circuit_no_condition_2_1_6,41,1,624,1000
loop_2056_circuit_no_condition_2_1_6,41,2,624,1000
loop_2056_circuit_no_condition_2_1_6,41,3,624,1000
loop_2056_circuit_no_condition_2_1_6,41,4,4182,1000
loop_2056_circuit_no_condition_2_1_6,41,5,5427,1000
loop_2056_circuit_no_condition_2_1_6,41,6,624,1000
loop_2056_circuit_no_condition_2_1_6,41,7,624,1000
loop_2056_circuit_no_condition_2_1_6,41,8,624,1000
loop_2056_circuit_no_condition_2_1_6,41,9,624,1000
loop_2056_circuit_no_condition_2_1_6,41,10,624,1000
loop_2056_circuit_no_condition_2_1_6,41,11,624,1000
loop_2056_circuit_no_condition_2_1_6,41,12,624,1000
loop_2056_circuit_no_condition_2_1_6,41,13,624,1000
loop_2056_circuit_no_condition_2_1_6,41,14,624,1000
loop_2056_circuit_no_condition_2_1_6,41,15,624,1000
loop_2056_circuit_no_condition_2_1_6,41,0,624,1101
loop_2056_circuit_no_condition_2_1_6,41,1,624,1101
loop_2056_circuit_no_condition_2_1_6,41,2,624,1101
loop_2056_circuit_no_condition_2_1_6,41,3,624,1101
loop_2056_circuit_no_condition_2_1_6,41,4,3456,1101
loop_2056_circuit_no_condition_2_1_6,41,5,5428,1101
loop_2056_circuit_no_condition_2_1_6,41,6,624,1101
loop_2056_circuit_no_condition_2_1_6,41,7,624,1101
loop_2056_circuit_no_condition_2_1_6,41,8,624,1101
loop_2056_circuit_no_condition_2_1_6,41,9,624,1101
loop_2056_circuit_no_condition_2_1_6,41,10,624,1101
loop_2056_circuit_no_condition_2_1_6,41,11,624,1101
loop_2056_circuit_no_condition_2_1_6,41,12,624,1101
loop_2056_circuit_no_condition_2_1_6,41,13,624,1101
loop_2056_circuit_no_condition_2_1_6,41,14,624,1101
loop_2056_circuit_no_condition_2_1_6,41,15,624,1101
loop_2056_circuit_no_condition_2_1_6,41,0,624,1201
loop_2056_circuit_no_condition_2_1_6,41,1,624,1201
loop_2056_circuit_no_condition_2_1_6,41,2,624,1201
loop_2056_circuit_no_condition_2_1_6,41,3,624,1201
loop_2056_circuit_no_condition_2_1_6,41,4,4342,1201
loop_2056_circuit_no_condition_2_1_6,41,5,5429,1201
loop_2056_circuit_no_condition_2_1_6,41,6,624,1201
loop_2056_circuit_no_condition_2_1_6,41,7,624,1201
loop_2056_circuit_no_condition_2_1_6,41,8,624,1201
loop_2056_circuit_no_condition_2_1_6,41,9,624,1201
loop_2056_circuit_no_condition_2_1_6,41,10,624,1201
loop_2056_circuit_no_condition_2_1_6,41,11,624,1201
loop_2056_circuit_no_condition_2_1_6,41,12,624,1201
loop_2056_circuit_no_condition_2_1_6,41,13,624,1201
loop_2056_circuit_no_condition_2_1_6,41,14,624,1201
loop_2056_circuit_no_condition_2_1_6,41,15,624,1201
loop_2056_circuit_no_condition_2_1_6,41,0,624,1300
loop_2056_circuit_no_condition_2_1_6,41,1,624,1300
loop_2056_circuit_no_condition_2_1_6,41,2,624,1300
loop_2056_circuit_no_condition_2_1_6,41,3,3853,1300
loop_2056_circuit_no_condition_2_1_6,41,4,2909,1300
loop_2056_circuit_no_condition_2_1_6,41,5,5428,1300
loop_2056_circuit_no_condition_2_1_6,41,6,624,1300
loop_2056_circuit_no_condition_2_1_6,41,7,624,1300
loop_2056_circuit_no_condition_2_1_6,41,8,624,1300
loop_2056_circuit_no_condition_2_1_6,41,9,624,1300
loop_2056_circuit_no_condition_2_1_6,41,10,624,1300
loop_2056_circuit_no_condition_2_1_6,41,11,624,1300
loop_2056_circuit_no_condition_2_1_6,41,12,624,1300
loop_2056_circuit_no_condition_2_1_6,41,13,624,1300
loop_2056_circuit_no_condition_2_1_6,41,14,624,1300
loop_2056_circuit_no_condition_2_1_6,41,15,624,1300
loop_2056_circuit_no_condition_2_1_6,41,0,624,1400
loop_2056_circuit_no_condition_2_1_6,41,1,624,1400
loop_2056_circuit_no_condition_2_1_6,41,2,624,1400
loop_2056_circuit_no_condition_2_1_6,41,3,624,1400
loop_2056_circuit_no_condition_2_1_6,41,4,2931,1400
loop_2056_circuit_no_condition_2_1_6,41,5,5425,1400
loop_2056_circuit_no_condition_2_1_6,41,6,624,1400
loop_2056_circuit_no_condition_2_1_6,41,7,624,1400
loop_2056_circuit_no_condition_2_1_6,41,8,624,1400
loop_2056_circuit_no_condition_2_1_6,41,9,624,1400
loop_2056_circuit_no_condition_2_1_6,41,10,624,1400
loop_2056_circuit_no_condition_2_1_6,41,11,624,1400
loop_2056_circuit_no_condition_2_1_6,41,12,624,1400
loop_2056_circuit_no_condition_2_1_6,41,13,624,1400
loop_2056_circuit_no_condition_2_1_6,41,14,624,1400
loop_2056_circuit_no_condition_2_1_6,41,15,624,1400
loop_2056_circuit_no_condition_2_1_6,41,0,624,1500
loop_2056_circuit_no_condition_2_1_6,41,1,624,1500
loop_2056_circuit_no_condition_2_1_6,41,2,624,1500
loop_2056_circuit_no_condition_2_1_6,41,3,624,1500
loop_2056_circuit_no_condition_2_1_6,41,4,3679,1500
loop_2056_circuit_no_condition_2_1_6,41,5,5425,1500
loop_2056_circuit_no_condition_2_1_6,41,6,624,1500
loop_2056_circuit_no_condition_2_1_6,41,7,4613,1500
loop_2056_circuit_no_condition_2_1_6,41,8,624,1500
loop_2056_circuit_no_condition_2_1_6,41,9,624,1500
loop_2056_circuit_no_condition_2_1_6,41,10,624,1500
loop_2056_circuit_no_condition_2_1_6,41,11,624,1500
loop_2056_circuit_no_condition_2_1_6,41,12,624,1500
loop_2056_circuit_no_condition_2_1_6,41,13,624,1500
loop_2056_circuit_no_condition_2_1_6,41,14,624,1500
loop_2056_circuit_no_condition_2_1_6,41,15,624,1500
loop_2056_circuit_no_condition_2_1_6,41,0,624,1601
loop_2056_circuit_no_condition_2_1_6,41,1,4444,1601
loop_2056_circuit_no_condition_2_1_6,41,2,624,1601
loop_2056_circuit_no_condition_2_1_6,41,3,624,1601
loop_2056_circuit_no_condition_2_1_6,41,4,3973,1601
loop_2056_circuit_no_condition_2_1_6,41,5,5428,1601
loop_2056_circuit_no_condition_2_1_6,41,6,624,1601
loop_2056_circuit_no_condition_2_1_6,41,7,624,1601
loop_2056_circuit_no_condition_2_1_6,41,8,624,1601
loop_2056_circuit_no_condition_2_1_6,41,9,624,1601
loop_2056_circuit_no_condition_2_1_6,41,10,624,1601
loop_2056_circuit_no_condition_2_1_6,41,11,624,1601
loop_2056_circuit_no_condition_2_1_6,41,12,624,1601
loop_2056_circuit_no_condition_2_1_6,41,13,624,1601
loop_2056_circuit_no_condition_2_1_6,41,14,624,1601
loop_2056_circuit_no_condition_2_1_6,41,15,624,1601
loop_2056_circuit_no_condition_2_1_6,41,0,624,1701
loop_2056_circuit_no_condition_2_1_6,41,1,624,1701
loop_2056_circuit_no_condition_2_1_6,41,2,624,1701
loop_2056_circuit_no_condition_2_1_6,41,3,624,1701
loop_2056_circuit_no_condition_2_1_6,41,4,4259,1701
loop_2056_circuit_no_condition_2_1_6,41,5,5429,1701
loop_2056_circuit_no_condition_2_1_6,41,6,624,1701
loop_2056_circuit_no_condition_2_1_6,41,7,624,1701
loop_2056_circuit_no_condition_2_1_6,41,8,624,1701
loop_2056_circuit_no_condition_2_1_6,41,9,624,1701
loop_2056_circuit_no_condition_2_1_6,41,10,624,1701
loop_2056_circuit_no_condition_2_1_6,41,11,624,1701
loop_2056_circuit_no_condition_2_1_6,41,12,624,1701
loop_2056_circuit_no_condition_2_1_6,41,13,624,1701
loop_2056_circuit_no_condition_2_1_6,41,14,624,1701
loop_2056_circuit_no_condition_2_1_6,41,15,624,1701
loop_2056_circuit_no_condition_2_1_6,41,0,624,1800
loop_2056_circuit_no_condition_2_1_6,41,1,624,1800
loop_2056_circuit_no_condition_2_1_6,41,2,624,1800
loop_2056_circuit_no_condition_2_1_6,41,3,624,1800
loop_2056_circuit_no_condition_2_1_6,41,4,5418,1800
loop_2056_circuit_no_condition_2_1_6,41,5,5429,1800
loop_2056_circuit_no_condition_2_1_6,41,6,624,1800
loop_2056_circuit_no_condition_2_1_6,41,7,624,1800
loop_2056_circuit_no_condition_2_1_6,41,8,624,1800
loop_2056_circuit_no_condition_2_1_6,41,9,624,1800
loop_2056_circuit_no_condition_2_1_6,41,10,624,1800
loop_2056_circuit_no_condition_2_1_6,41,11,624,1800
loop_2056_circuit_no_condition_2_1_6,41,12,624,1800
loop_2056_circuit_no_condition_2_1_6,41,13,624,1800
loop_2056_circuit_no_condition_2_1_6,41,14,624,1800
loop_2056_circuit_no_condition_2_1_6,41,15,624,1800
loop_2056_circuit_no_condition_2_1_6,41,0,5426,1901
loop_2056_circuit_no_condition_2_1_6,41,1,5426,1901
loop_2056_circuit_no_condition_2_1_6,41,2,5428,1901
loop_2056_circuit_no_condition_2_1_6,41,3,5398,1901
loop_2056_circuit_no_condition_2_1_6,41,4,5428,1901
loop_2056_circuit_no_condition_2_1_6,41,5,5368,1901
loop_2056_circuit_no_condition_2_1_6,41,6,624,1901
loop_2056_circuit_no_condition_2_1_6,41,7,5379,1901
loop_2056_circuit_no_condition_2_1_6,41,8,624,1901
loop_2056_circuit_no_condition_2_1_6,41,9,5364,1901
loop_2056_circuit_no_condition_2_1_6,41,10,5425,1901
loop_2056_circuit_no_condition_2_1_6,41,11,5428,1901
loop_2056_circuit_no_condition_2_1_6,41,12,624,1901
loop_2056_circuit_no_condition_2_1_6,41,13,5416,1901
loop_2056_circuit_no_condition_2_1_6,41,14,5370,1901
loop_2056_circuit_no_condition_2_1_6,41,15,5369,1901
loop_2056_circuit_no_condition_2_1_6,42,0,5427,1
loop_2056_circuit_no_condition_2_1_6,42,1,5407,1
loop_2056_circuit_no_condition_2_1_6,42,2,5401,1
loop_2056_circuit_no_condition_2_1_6,42,3,5422,1
loop_2056_circuit_no_condition_2_1_6,42,4,5427,1
loop_2056_circuit_no_condition_2_1_6,42,5,5431,1
loop_2056_circuit_no_condition_2_1_6,42,6,5422,1
loop_2056_circuit_no_condition_2_1_6,42,7,5421,1
loop_2056_circuit_no_condition_2_1_6,42,8,5431,1
loop_2056_circuit_no_condition_2_1_6,42,9,624,1
loop_2056_circuit_no_condition_2_1_6,42,10,5427,1
loop_2056_circuit_no_condition_2_1_6,42,11,5420,1
loop_2056_circuit_no_condition_2_1_6,42,12,5431,1
loop_2056_circuit_no_condition_2_1_6,42,13,624,1
loop_2056_circuit_no_condition_2_1_6,42,14,5421,1
loop_2056_circuit_no_condition_2_1_6,42,15,624,1
loop_2056_circuit_no_condition_2_1_6,42,0,5392,100
loop_2056_circuit_no_condition_2_1_6,42,1,5320,100
loop_2056_circuit_no_condition_2_1_6,42,2,5392,100
loop_2056_circuit_no_condition_2_1_6,42,3,5400,100
loop_2056_circuit_no_condition_2_1_6,42,4,5386,100
loop_2056_circuit_no_condition_2_1_6,42,5,5430,100
loop_2056_circuit_no_condition_2_1_6,42,6,5367,100
loop_2056_circuit_no_condition_2_1_6,42,7,5388,100
loop_2056_circuit_no_condition_2_1_6,42,8,5384,100
loop_2056_circuit_no_condition_2_1_6,42,9,5412,100
loop_2056_circuit_no_condition_2_1_6,42,10,5352,100
loop_2056_circuit_no_condition_2_1_6,42,11,5399,100
loop_2056_circuit_no_condition_2_1_6,42,12,5340,100
loop_2056_circuit_no_condition_2_1_6,42,13,5384,100
loop_2056_circuit_no_condition_2_1_6,42,14,5350,100
loop_2056_circuit_no_condition_2_1_6,42,15,5410,100
loop_2056_circuit_no_condition_2_1_6,42,0,5435,200
loop_2056_circuit_no_condition_2_1_6,42,1,5399,200
loop_2056_circuit_no_condition_2_1_6,42,2,5412,200
loop_2056_circuit_no_condition_2_1_6,42,3,5419,200
loop_2056_circuit_no_condition_2_1_6,42,4,5415,200
loop_2056_circuit_no_condition_2_1_6,42,5,5430,200
loop_2056_circuit_no_condition_2_1_6,42,6,5427,200
loop_2056_circuit_no_condition_2_1_6,42,7,5427,200
loop_2056_circuit_no_condition_2_1_6,42,8,5426,200
loop_2056_circuit_no_condition_2_1_6,42,9,5422,200
loop_2056_circuit_no_condition_2_1_6,42,10,5415,200
loop_2056_circuit_no_condition_2_1_6,42,11,5382,200
loop_2056_circuit_no_condition_2_1_6,42,12,5382,200
loop_2056_circuit_no_condition_2_1_6,42,13,5426,200
loop_2056_circuit_no_condition_2_1_6,42,14,5362,200
loop_2056_circuit_no_condition_2_1_6,42,15,5333,200
loop_2056_circuit_no_condition_2_1_6,42,0,5422,300
loop_2056_circuit_no_condition_2_1_6,42,1,624,300
loop_2056_circuit_no_condition_2_1_6,42,2,624,300
loop_2056_circuit_no_condition_2_1_6,42,3,624,300
loop_2056_circuit_no_condition_2_1_6,42,4,5442,300
loop_2056_circuit_no_condition_2_1_6,42,5,5430,300
loop_2056_circuit_no_condition_2_1_6,42,6,624,300
loop_2056_circuit_no_condition_2_1_6,42,7,624,300
loop_2056_circuit_no_condition_2_1_6,42,8,624,300
loop_2056_circuit_no_condition_2_1_6,42,9,624,300
loop_2056_circuit_no_condition_2_1_6,42,10,624,300
loop_2056_circuit_no_condition_2_1_6,42,11,5410,300
loop_2056_circuit_no_condition_2_1_6,42,12,624,300
loop_2056_circuit_no_condition_2_1_6,42,13,624,300
loop_2056_circuit_no_condition_2_1_6,42,14,624,300
loop_2056_circuit_no_condition_2_1_6,42,15,624,300
loop_2056_circuit_no_condition_2_1_6,42,0,624,400
loop_2056_circuit_no_condition_2_1_6,42,1,624,400
loop_2056_circuit_no_condition_2_1_6,42,2,624,400
loop_2056_circuit_no_condition_2_1_6,42,3,624,400
loop_2056_circuit_no_condition_2_1_6,42,4,624,400
loop_2056_circuit_no_condition_2_1_6,42,5,5426,400
loop_2056_circuit_no_condition_2_1_6,42,6,624,400
loop_2056_circuit_no_condition_2_1_6,42,7,624,400
loop_2056_circuit_no_condition_2_1_6,42,8,624,400
loop_2056_circuit_no_condition_2_1_6,42,9,624,400
loop_2056_circuit_no_condition_2_1_6,42,10,624,400
loop_2056_circuit_no_condition_2_1_6,42,11,624,400
loop_2056_circuit_no_condition_2_1_6,42,12,624,400
loop_2056_circuit_no_condition_2_1_6,42,13,624,400
loop_2056_circuit_no_condition_2_1_6,42,14,624,400
loop_2056_circuit_no_condition_2_1_6,42,15,624,400
loop_2056_circuit_no_condition_2_1_6,42,0,5269,500
loop_2056_circuit_no_condition_2_1_6,42,1,624,500
loop_2056_circuit_no_condition_2_1_6,42,2,4772,500
loop_2056_circuit_no_condition_2_1_6,42,3,624,500
loop_2056_circuit_no_condition_2_1_6,42,4,624,500
loop_2056_circuit_no_condition_2_1_6,42,5,5432,500
loop_2056_circuit_no_condition_2_1_6,42,6,624,500
loop_2056_circuit_no_condition_2_1_6,42,7,624,500
loop_2056_circuit_no_condition_2_1_6,42,8,624,500
loop_2056_circuit_no_condition_2_1_6,42,9,624,500
loop_2056_circuit_no_condition_2_1_6,42,10,624,500
loop_2056_circuit_no_condition_2_1_6,42,11,624,500
loop_2056_circuit_no_condition_2_1_6,42,12,624,500
loop_2056_circuit_no_condition_2_1_6,42,13,624,500
loop_2056_circuit_no_condition_2_1_6,42,14,624,500
loop_2056_circuit_no_condition_2_1_6,42,15,624,500
loop_2056_circuit_no_condition_2_1_6,42,0,624,601
loop_2056_circuit_no_condition_2_1_6,42,1,624,601
loop_2056_circuit_no_condition_2_1_6,42,2,624,601
loop_2056_circuit_no_condition_2_1_6,42,3,624,601
loop_2056_circuit_no_condition_2_1_6,42,4,624,601
loop_2056_circuit_no_condition_2_1_6,42,5,5430,601
loop_2056_circuit_no_condition_2_1_6,42,6,3461,601
loop_2056_circuit_no_condition_2_1_6,42,7,3738,601
loop_2056_circuit_no_condition_2_1_6,42,8,624,601
loop_2056_circuit_no_condition_2_1_6,42,9,624,601
loop_2056_circuit_no_condition_2_1_6,42,10,624,601
loop_2056_circuit_no_condition_2_1_6,42,11,624,601
loop_2056_circuit_no_condition_2_1_6,42,12,624,601
loop_2056_circuit_no_condition_2_1_6,42,13,624,601
loop_2056_circuit_no_condition_2_1_6,42,14,624,601
loop_2056_circuit_no_condition_2_1_6,42,15,624,601
loop_2056_circuit_no_condition_2_1_6,42,0,624,700
loop_2056_circuit_no_condition_2_1_6,42,1,624,700
loop_2056_circuit_no_condition_2_1_6,42,2,624,700
loop_2056_circuit_no_condition_2_1_6,42,3,624,700
loop_2056_circuit_no_condition_2_1_6,42,4,624,700
loop_2056_circuit_no_condition_2_1_6,42,5,5432,700
loop_2056_circuit_no_condition_2_1_6,42,6,3259,700
loop_2056_circuit_no_condition_2_1_6,42,7,624,700
loop_2056_circuit_no_condition_2_1_6,42,8,624,700
loop_2056_circuit_no_condition_2_1_6,42,9,624,700
loop_2056_circuit_no_condition_2_1_6,42,10,624,700
loop_2056_circuit_no_condition_2_1_6,42,11,624,700
loop_2056_circuit_no_condition_2_1_6,42,12,624,700
loop_2056_circuit_no_condition_2_1_6,42,13,624,700
loop_2056_circuit_no_condition_2_1_6,42,14,624,700
loop_2056_circuit_no_condition_2_1_6,42,15,624,700
loop_2056_circuit_no_condition_2_1_6,42,0,624,800
loop_2056_circuit_no_condition_2_1_6,42,1,624,800
loop_2056_circuit_no_condition_2_1_6,42,2,624,800
loop_2056_circuit_no_condition_2_1_6,42,3,624,800
loop_2056_circuit_no_condition_2_1_6,42,4,624,800
loop_2056_circuit_no_condition_2_1_6,42,5,5428,800
loop_2056_circuit_no_condition_2_1_6,42,6,624,800
loop_2056_circuit_no_condition_2_1_6,42,7,624,800
loop_2056_circuit_no_condition_2_1_6,42,8,624,800
loop_2056_circuit_no_condition_2_1_6,42,9,624,800
loop_2056_circuit_no_condition_2_1_6,42,10,624,800
loop_2056_circuit_no_condition_2_1_6,42,11,624,800
loop_2056_circuit_no_condition_2_1_6,42,12,624,800
loop_2056_circuit_no_condition_2_1_6,42,13,624,800
loop_2056_circuit_no_condition_2_1_6,42,14,624,800
loop_2056_circuit_no_condition_2_1_6,42,15,624,800
loop_2056_circuit_no_condition_2_1_6,42,0,624,901
loop_2056_circuit_no_condition_2_1_6,42,1,624,901
loop_2056_circuit_no_condition_2_1_6,42,2,624,901
loop_2056_circuit_no_condition_2_1_6,42,3,624,901
loop_2056_circuit_no_condition_2_1_6,42,4,624,901
loop_2056_circuit_no_condition_2_1_6,42,5,5429,901
loop_2056_circuit_no_condition_2_1_6,42,6,3750,901
loop_2056_circuit_no_condition_2_1_6,42,7,624,901
loop_2056_circuit_no_condition_2_1_6,42,8,624,901
loop_2056_circuit_no_condition_2_1_6,42,9,624,901
loop_2056_circuit_no_condition_2_1_6,42,10,624,901
loop_2056_circuit_no_condition_2_1_6,42,11,624,901
loop_2056_circuit_no_condition_2_1_6,42,12,624,901
loop_2056_circuit_no_condition_2_1_6,42,13,624,901
loop_2056_circuit_no_condition_2_1_6,42,14,624,901
loop_2056_circuit_no_condition_2_1_6,42,15,624,901
loop_2056_circuit_no_condition_2_1_6,42,0,624,1001
loop_2056_circuit_no_condition_2_1_6,42,1,624,1001
loop_2056_circuit_no_condition_2_1_6,42,2,624,1001
loop_2056_circuit_no_condition_2_1_6,42,3,624,1001
loop_2056_circuit_no_condition_2_1_6,42,4,624,1001
loop_2056_circuit_no_condition_2_1_6,42,5,5426,1001
loop_2056_circuit_no_condition_2_1_6,42,6,624,1001
loop_2056_circuit_no_condition_2_1_6,42,7,624,1001
loop_2056_circuit_no_condition_2_1_6,42,8,624,1001
loop_2056_circuit_no_condition_2_1_6,42,9,624,1001
loop_2056_circuit_no_condition_2_1_6,42,10,624,1001
loop_2056_circuit_no_condition_2_1_6,42,11,624,1001
loop_2056_circuit_no_condition_2_1_6,42,12,624,1001
loop_2056_circuit_no_condition_2_1_6,42,13,624,1001
loop_2056_circuit_no_condition_2_1_6,42,14,624,1001
loop_2056_circuit_no_condition_2_1_6,42,15,624,1001
loop_2056_circuit_no_condition_2_1_6,42,0,624,1100
loop_2056_circuit_no_condition_2_1_6,42,1,624,1100
loop_2056_circuit_no_condition_2_1_6,42,2,624,1100
loop_2056_circuit_no_condition_2_1_6,42,3,624,1100
loop_2056_circuit_no_condition_2_1_6,42,4,624,1100
loop_2056_circuit_no_condition_2_1_6,42,5,5428,1100
loop_2056_circuit_no_condition_2_1_6,42,6,624,1100
loop_2056_circuit_no_condition_2_1_6,42,7,624,1100
loop_2056_circuit_no_condition_2_1_6,42,8,624,1100
loop_2056_circuit_no_condition_2_1_6,42,9,624,1100
loop_2056_circuit_no_condition_2_1_6,42,10,624,1100
loop_2056_circuit_no_condition_2_1_6,42,11,624,1100
loop_2056_circuit_no_condition_2_1_6,42,12,624,1100
loop_2056_circuit_no_condition_2_1_6,42,13,624,1100
loop_2056_circuit_no_condition_2_1_6,42,14,624,1100
loop_2056_circuit_no_condition_2_1_6,42,15,624,1100
loop_2056_circuit_no_condition_2_1_6,42,0,624,1200
loop_2056_circuit_no_condition_2_1_6,42,1,624,1200
loop_2056_circuit_no_condition_2_1_6,42,2,624,1200
loop_2056_circuit_no_condition_2_1_6,42,3,624,1200
loop_2056_circuit_no_condition_2_1_6,42,4,624,1200
loop_2056_circuit_no_condition_2_1_6,42,5,5427,1200
loop_2056_circuit_no_condition_2_1_6,42,6,624,1200
loop_2056_circuit_no_condition_2_1_6,42,7,624,1200
loop_2056_circuit_no_condition_2_1_6,42,8,624,1200
loop_2056_circuit_no_condition_2_1_6,42,9,624,1200
loop_2056_circuit_no_condition_2_1_6,42,10,624,1200
loop_2056_circuit_no_condition_2_1_6,42,11,624,1200
loop_2056_circuit_no_condition_2_1_6,42,12,624,1200
loop_2056_circuit_no_condition_2_1_6,42,13,624,1200
loop_2056_circuit_no_condition_2_1_6,42,14,624,1200
loop_2056_circuit_no_condition_2_1_6,42,15,624,1200
loop_2056_circuit_no_condition_2_1_6,42,0,624,1300
loop_2056_circuit_no_condition_2_1_6,42,1,624,1300
loop_2056_circuit_no_condition_2_1_6,42,2,624,1300
loop_2056_circuit_no_condition_2_1_6,42,3,624,1300
loop_2056_circuit_no_condition_2_1_6,42,4,624,1300
loop_2056_circuit_no_condition_2_1_6,42,5,5427,1300
loop_2056_circuit_no_condition_2_1_6,42,6,624,1300
loop_2056_circuit_no_condition_2_1_6,42,7,624,1300
loop_2056_circuit_no_condition_2_1_6,42,8,624,1300
loop_2056_circuit_no_condition_2_1_6,42,9,624,1300
loop_2056_circuit_no_condition_2_1_6,42,10,624,1300
loop_2056_circuit_no_condition_2_1_6,42,11,624,1300
loop_2056_circuit_no_condition_2_1_6,42,12,624,1300
loop_2056_circuit_no_condition_2_1_6,42,13,624,1300
loop_2056_circuit_no_condition_2_1_6,42,14,624,1300
loop_2056_circuit_no_condition_2_1_6,42,15,624,1300
loop_2056_circuit_no_condition_2_1_6,42,0,624,1401
loop_2056_circuit_no_condition_2_1_6,42,1,624,1401
loop_2056_circuit_no_condition_2_1_6,42,2,624,1401
loop_2056_circuit_no_condition_2_1_6,42,3,624,1401
loop_2056_circuit_no_condition_2_1_6,42,4,624,1401
loop_2056_circuit_no_condition_2_1_6,42,5,5427,1401
loop_2056_circuit_no_condition_2_1_6,42,6,624,1401
loop_2056_circuit_no_condition_2_1_6,42,7,624,1401
loop_2056_circuit_no_condition_2_1_6,42,8,624,1401
loop_2056_circuit_no_condition_2_1_6,42,9,624,1401
loop_2056_circuit_no_condition_2_1_6,42,10,624,1401
loop_2056_circuit_no_condition_2_1_6,42,11,624,1401
loop_2056_circuit_no_condition_2_1_6,42,12,624,1401
loop_2056_circuit_no_condition_2_1_6,42,13,624,1401
loop_2056_circuit_no_condition_2_1_6,42,14,624,1401
loop_2056_circuit_no_condition_2_1_6,42,15,624,1401
loop_2056_circuit_no_condition_2_1_6,42,0,624,1501
loop_2056_circuit_no_condition_2_1_6,42,1,624,1501
loop_2056_circuit_no_condition_2_1_6,42,2,624,1501
loop_2056_circuit_no_condition_2_1_6,42,3,624,1501
loop_2056_circuit_no_condition_2_1_6,42,4,624,1501
loop_2056_circuit_no_condition_2_1_6,42,5,5429,1501
loop_2056_circuit_no_condition_2_1_6,42,6,624,1501
loop_2056_circuit_no_condition_2_1_6,42,7,624,1501
loop_2056_circuit_no_condition_2_1_6,42,8,624,1501
loop_2056_circuit_no_condition_2_1_6,42,9,624,1501
loop_2056_circuit_no_condition_2_1_6,42,10,624,1501
loop_2056_circuit_no_condition_2_1_6,42,11,624,1501
loop_2056_circuit_no_condition_2_1_6,42,12,624,1501
loop_2056_circuit_no_condition_2_1_6,42,13,624,1501
loop_2056_circuit_no_condition_2_1_6,42,14,624,1501
loop_2056_circuit_no_condition_2_1_6,42,15,624,1501
loop_2056_circuit_no_condition_2_1_6,42,0,624,1600
loop_2056_circuit_no_condition_2_1_6,42,1,624,1600
loop_2056_circuit_no_condition_2_1_6,42,2,624,1600
loop_2056_circuit_no_condition_2_1_6,42,3,624,1600
loop_2056_circuit_no_condition_2_1_6,42,4,624,1600
loop_2056_circuit_no_condition_2_1_6,42,5,5427,1600
loop_2056_circuit_no_condition_2_1_6,42,6,624,1600
loop_2056_circuit_no_condition_2_1_6,42,7,624,1600
loop_2056_circuit_no_condition_2_1_6,42,8,624,1600
loop_2056_circuit_no_condition_2_1_6,42,9,624,1600
loop_2056_circuit_no_condition_2_1_6,42,10,624,1600
loop_2056_circuit_no_condition_2_1_6,42,11,624,1600
loop_2056_circuit_no_condition_2_1_6,42,12,624,1600
loop_2056_circuit_no_condition_2_1_6,42,13,624,1600
loop_2056_circuit_no_condition_2_1_6,42,14,624,1600
loop_2056_circuit_no_condition_2_1_6,42,15,624,1600
loop_2056_circuit_no_condition_2_1_6,42,0,624,1700
loop_2056_circuit_no_condition_2_1_6,42,1,624,1700
loop_2056_circuit_no_condition_2_1_6,42,2,624,1700
loop_2056_circuit_no_condition_2_1_6,42,3,624,1700
loop_2056_circuit_no_condition_2_1_6,42,4,624,1700
loop_2056_circuit_no_condition_2_1_6,42,5,5427,1700
loop_2056_circuit_no_condition_2_1_6,42,6,624,1700
loop_2056_circuit_no_condition_2_1_6,42,7,624,1700
loop_2056_circuit_no_condition_2_1_6,42,8,624,1700
loop_2056_circuit_no_condition_2_1_6,42,9,624,1700
loop_2056_circuit_no_condition_2_1_6,42,10,624,1700
loop_2056_circuit_no_condition_2_1_6,42,11,624,1700
loop_2056_circuit_no_condition_2_1_6,42,12,624,1700
loop_2056_circuit_no_condition_2_1_6,42,13,624,1700
loop_2056_circuit_no_condition_2_1_6,42,14,624,1700
loop_2056_circuit_no_condition_2_1_6,42,15,624,1700
loop_2056_circuit_no_condition_2_1_6,42,0,624,1800
loop_2056_circuit_no_condition_2_1_6,42,1,624,1800
loop_2056_circuit_no_condition_2_1_6,42,2,624,1800
loop_2056_circuit_no_condition_2_1_6,42,3,624,1800
loop_2056_circuit_no_condition_2_1_6,42,4,624,1800
loop_2056_circuit_no_condition_2_1_6,42,5,5427,1800
loop_2056_circuit_no_condition_2_1_6,42,6,624,1800
loop_2056_circuit_no_condition_2_1_6,42,7,624,1800
loop_2056_circuit_no_condition_2_1_6,42,8,624,1800
loop_2056_circuit_no_condition_2_1_6,42,9,624,1800
loop_2056_circuit_no_condition_2_1_6,42,10,624,1800
loop_2056_circuit_no_condition_2_1_6,42,11,624,1800
loop_2056_circuit_no_condition_2_1_6,42,12,624,1800
loop_2056_circuit_no_condition_2_1_6,42,13,624,1800
loop_2056_circuit_no_condition_2_1_6,42,14,624,1800
loop_2056_circuit_no_condition_2_1_6,42,15,624,1800
loop_2056_circuit_no_condition_2_1_6,42,0,5422,1900
loop_2056_circuit_no_condition_2_1_6,42,1,5397,1900
loop_2056_circuit_no_condition_2_1_6,42,2,624,1900
loop_2056_circuit_no_condition_2_1_6,42,3,624,1900
loop_2056_circuit_no_condition_2_1_6,42,4,5428,1900
loop_2056_circuit_no_condition_2_1_6,42,5,5411,1900
loop_2056_circuit_no_condition_2_1_6,42,6,4385,1900
loop_2056_circuit_no_condition_2_1_6,42,7,5421,1900
loop_2056_circuit_no_condition_2_1_6,42,8,624,1900
loop_2056_circuit_no_condition_2_1_6,42,9,5430,1900
loop_2056_circuit_no_condition_2_1_6,42,10,5421,1900
loop_2056_circuit_no_condition_2_1_6,42,11,5424,1900
loop_2056_circuit_no_condition_2_1_6,42,12,5422,1900
loop_2056_circuit_no_condition_2_1_6,42,13,5424,1900
loop_2056_circuit_no_condition_2_1_6,42,14,5421,1900
loop_2056_circuit_no_condition_2_1_6,42,15,5426,1900
loop_2056_circuit_no_condition_2_1_6,43,0,5428,1
loop_2056_circuit_no_condition_2_1_6,43,1,5407,1
loop_2056_circuit_no_condition_2_1_6,43,2,5411,1
loop_2056_circuit_no_condition_2_1_6,43,3,4587,1
loop_2056_circuit_no_condition_2_1_6,43,4,5431,1
loop_2056_circuit_no_condition_2_1_6,43,5,5430,1
loop_2056_circuit_no_condition_2_1_6,43,6,5430,1
loop_2056_circuit_no_condition_2_1_6,43,7,5428,1
loop_2056_circuit_no_condition_2_1_6,43,8,624,1
loop_2056_circuit_no_condition_2_1_6,43,9,5420,1
loop_2056_circuit_no_condition_2_1_6,43,10,624,1
loop_2056_circuit_no_condition_2_1_6,43,11,624,1
loop_2056_circuit_no_condition_2_1_6,43,12,624,1
loop_2056_circuit_no_condition_2_1_6,43,13,624,1
loop_2056_circuit_no_condition_2_1_6,43,14,5424,1
loop_2056_circuit_no_condition_2_1_6,43,15,624,1
loop_2056_circuit_no_condition_2_1_6,43,0,5416,101
loop_2056_circuit_no_condition_2_1_6,43,1,5425,101
loop_2056_circuit_no_condition_2_1_6,43,2,5396,101
loop_2056_circuit_no_condition_2_1_6,43,3,5415,101
loop_2056_circuit_no_condition_2_1_6,43,4,5429,101
loop_2056_circuit_no_condition_2_1_6,43,5,5424,101
loop_2056_circuit_no_condition_2_1_6,43,6,5374,101
loop_2056_circuit_no_condition_2_1_6,43,7,5345,101
loop_2056_circuit_no_condition_2_1_6,43,8,5419,101
loop_2056_circuit_no_condition_2_1_6,43,9,5424,101
loop_2056_circuit_no_condition_2_1_6,43,10,5396,101
loop_2056_circuit_no_condition_2_1_6,43,11,5389,101
loop_2056_circuit_no_condition_2_1_6,43,12,5425,101
loop_2056_circuit_no_condition_2_1_6,43,13,5425,101
loop_2056_circuit_no_condition_2_1_6,43,14,5355,101
loop_2056_circuit_no_condition_2_1_6,43,15,5423,101
loop_2056_circuit_no_condition_2_1_6,43,0,5376,200
loop_2056_circuit_no_condition_2_1_6,43,1,624,200
loop_2056_circuit_no_condition_2_1_6,43,2,624,200
loop_2056_circuit_no_condition_2_1_6,43,3,5349,200
loop_2056_circuit_no_condition_2_1_6,43,4,5426,200
loop_2056_circuit_no_condition_2_1_6,43,5,624,200
loop_2056_circuit_no_condition_2_1_6,43,6,5432,200
loop_2056_circuit_no_condition_2_1_6,43,7,624,200
loop_2056_circuit_no_condition_2_1_6,43,8,5344,200
loop_2056_circuit_no_condition_2_1_6,43,9,5365,200
loop_2056_circuit_no_condition_2_1_6,43,10,624,200
loop_2056_circuit_no_condition_2_1_6,43,11,5398,200
loop_2056_circuit_no_condition_2_1_6,43,12,624,200
loop_2056_circuit_no_condition_2_1_6,43,13,624,200
loop_2056_circuit_no_condition_2_1_6,43,14,624,200
loop_2056_circuit_no_condition_2_1_6,43,15,5403,200
loop_2056_circuit_no_condition_2_1_6,43,0,624,300
loop_2056_circuit_no_condition_2_1_6,43,1,624,300
loop_2056_circuit_no_condition_2_1_6,43,2,624,300
loop_2056_circuit_no_condition_2_1_6,43,3,624,300
loop_2056_circuit_no_condition_2_1_6,43,4,5428,300
loop_2056_circuit_no_condition_2_1_6,43,5,624,300
loop_2056_circuit_no_condition_2_1_6,43,6,624,300
loop_2056_circuit_no_condition_2_1_6,43,7,624,300
loop_2056_circuit_no_condition_2_1_6,43,8,624,300
loop_2056_circuit_no_condition_2_1_6,43,9,624,300
loop_2056_circuit_no_condition_2_1_6,43,10,624,300
loop_2056_circuit_no_condition_2_1_6,43,11,624,300
loop_2056_circuit_no_condition_2_1_6,43,12,624,300
loop_2056_circuit_no_condition_2_1_6,43,13,624,300
loop_2056_circuit_no_condition_2_1_6,43,14,624,300
loop_2056_circuit_no_condition_2_1_6,43,15,624,300
loop_2056_circuit_no_condition_2_1_6,43,0,624,401
loop_2056_circuit_no_condition_2_1_6,43,1,624,401
loop_2056_circuit_no_condition_2_1_6,43,2,624,401
loop_2056_circuit_no_condition_2_1_6,43,3,624,401
loop_2056_circuit_no_condition_2_1_6,43,4,5432,401
loop_2056_circuit_no_condition_2_1_6,43,5,624,401
loop_2056_circuit_no_condition_2_1_6,43,6,624,401
loop_2056_circuit_no_condition_2_1_6,43,7,624,401
loop_2056_circuit_no_condition_2_1_6,43,8,624,401
loop_2056_circuit_no_condition_2_1_6,43,9,624,401
loop_2056_circuit_no_condition_2_1_6,43,10,624,401
loop_2056_circuit_no_condition_2_1_6,43,11,624,401
loop_2056_circuit_no_condition_2_1_6,43,12,624,401
loop_2056_circuit_no_condition_2_1_6,43,13,624,401
loop_2056_circuit_no_condition_2_1_6,43,14,624,401
loop_2056_circuit_no_condition_2_1_6,43,15,624,401
loop_2056_circuit_no_condition_2_1_6,43,0,624,501
loop_2056_circuit_no_condition_2_1_6,43,1,624,501
loop_2056_circuit_no_condition_2_1_6,43,2,624,501
loop_2056_circuit_no_condition_2_1_6,43,3,624,501
loop_2056_circuit_no_condition_2_1_6,43,4,4646,501
loop_2056_circuit_no_condition_2_1_6,43,5,5425,501
loop_2056_circuit_no_condition_2_1_6,43,6,624,501
loop_2056_circuit_no_condition_2_1_6,43,7,624,501
loop_2056_circuit_no_condition_2_1_6,43,8,4169,501
loop_2056_circuit_no_condition_2_1_6,43,9,624,501
loop_2056_circuit_no_condition_2_1_6,43,10,624,501
loop_2056_circuit_no_condition_2_1_6,43,11,624,501
loop_2056_circuit_no_condition_2_1_6,43,12,624,501
loop_2056_circuit_no_condition_2_1_6,43,13,624,501
loop_2056_circuit_no_condition_2_1_6,43,14,624,501
loop_2056_circuit_no_condition_2_1_6,43,15,624,501
loop_2056_circuit_no_condition_2_1_6,43,0,624,601
loop_2056_circuit_no_condition_2_1_6,43,1,624,601
loop_2056_circuit_no_condition_2_1_6,43,2,624,601
loop_2056_circuit_no_condition_2_1_6,43,3,624,601
loop_2056_circuit_no_condition_2_1_6,43,4,624,601
loop_2056_circuit_no_condition_2_1_6,43,5,5431,601
loop_2056_circuit_no_condition_2_1_6,43,6,624,601
loop_2056_circuit_no_condition_2_1_6,43,7,624,601
loop_2056_circuit_no_condition_2_1_6,43,8,4476,601
loop_2056_circuit_no_condition_2_1_6,43,9,624,601
loop_2056_circuit_no_condition_2_1_6,43,10,624,601
loop_2056_circuit_no_condition_2_1_6,43,11,624,601
loop_2056_circuit_no_condition_2_1_6,43,12,624,601
loop_2056_circuit_no_condition_2_1_6,43,13,624,601
loop_2056_circuit_no_condition_2_1_6,43,14,624,601
loop_2056_circuit_no_condition_2_1_6,43,15,624,601
loop_2056_circuit_no_condition_2_1_6,43,0,624,700
loop_2056_circuit_no_condition_2_1_6,43,1,624,700
loop_2056_circuit_no_condition_2_1_6,43,2,624,700
loop_2056_circuit_no_condition_2_1_6,43,3,624,700
loop_2056_circuit_no_condition_2_1_6,43,4,624,700
loop_2056_circuit_no_condition_2_1_6,43,5,5430,700
loop_2056_circuit_no_condition_2_1_6,43,6,624,700
loop_2056_circuit_no_condition_2_1_6,43,7,624,700
loop_2056_circuit_no_condition_2_1_6,43,8,624,700
loop_2056_circuit_no_condition_2_1_6,43,9,624,700
loop_2056_circuit_no_condition_2_1_6,43,10,624,700
loop_2056_circuit_no_condition_2_1_6,43,11,624,700
loop_2056_circuit_no_condition_2_1_6,43,12,624,700
loop_2056_circuit_no_condition_2_1_6,43,13,624,700
loop_2056_circuit_no_condition_2_1_6,43,14,624,700
loop_2056_circuit_no_condition_2_1_6,43,15,624,700
loop_2056_circuit_no_condition_2_1_6,43,0,624,801
loop_2056_circuit_no_condition_2_1_6,43,1,624,801
loop_2056_circuit_no_condition_2_1_6,43,2,624,801
loop_2056_circuit_no_condition_2_1_6,43,3,624,801
loop_2056_circuit_no_condition_2_1_6,43,4,624,801
loop_2056_circuit_no_condition_2_1_6,43,5,5427,801
loop_2056_circuit_no_condition_2_1_6,43,6,624,801
loop_2056_circuit_no_condition_2_1_6,43,7,624,801
loop_2056_circuit_no_condition_2_1_6,43,8,624,801
loop_2056_circuit_no_condition_2_1_6,43,9,624,801
loop_2056_circuit_no_condition_2_1_6,43,10,624,801
loop_2056_circuit_no_condition_2_1_6,43,11,624,801
loop_2056_circuit_no_condition_2_1_6,43,12,624,801
loop_2056_circuit_no_condition_2_1_6,43,13,624,801
loop_2056_circuit_no_condition_2_1_6,43,14,624,801
loop_2056_circuit_no_condition_2_1_6,43,15,624,801
loop_2056_circuit_no_condition_2_1_6,43,0,624,901
loop_2056_circuit_no_condition_2_1_6,43,1,624,901
loop_2056_circuit_no_condition_2_1_6,43,2,624,901
loop_2056_circuit_no_condition_2_1_6,43,3,624,901
loop_2056_circuit_no_condition_2_1_6,43,4,624,901
loop_2056_circuit_no_condition_2_1_6,43,5,5431,901
loop_2056_circuit_no_condition_2_1_6,43,6,624,901
loop_2056_circuit_no_condition_2_1_6,43,7,624,901
loop_2056_circuit_no_condition_2_1_6,43,8,624,901
loop_2056_circuit_no_condition_2_1_6,43,9,624,901
loop_2056_circuit_no_condition_2_1_6,43,10,624,901
loop_2056_circuit_no_condition_2_1_6,43,11,624,901
loop_2056_circuit_no_condition_2_1_6,43,12,624,901
loop_2056_circuit_no_condition_2_1_6,43,13,624,901
loop_2056_circuit_no_condition_2_1_6,43,14,624,901
loop_2056_circuit_no_condition_2_1_6,43,15,624,901
loop_2056_circuit_no_condition_2_1_6,43,0,624,1001
loop_2056_circuit_no_condition_2_1_6,43,1,624,1001
loop_2056_circuit_no_condition_2_1_6,43,2,624,1001
loop_2056_circuit_no_condition_2_1_6,43,3,624,1001
loop_2056_circuit_no_condition_2_1_6,43,4,624,1001
loop_2056_circuit_no_condition_2_1_6,43,5,5427,1001
loop_2056_circuit_no_condition_2_1_6,43,6,624,1001
loop_2056_circuit_no_condition_2_1_6,43,7,624,1001
loop_2056_circuit_no_condition_2_1_6,43,8,624,1001
loop_2056_circuit_no_condition_2_1_6,43,9,624,1001
loop_2056_circuit_no_condition_2_1_6,43,10,624,1001
loop_2056_circuit_no_condition_2_1_6,43,11,624,1001
loop_2056_circuit_no_condition_2_1_6,43,12,624,1001
loop_2056_circuit_no_condition_2_1_6,43,13,624,1001
loop_2056_circuit_no_condition_2_1_6,43,14,624,1001
loop_2056_circuit_no_condition_2_1_6,43,15,624,1001
loop_2056_circuit_no_condition_2_1_6,43,0,624,1100
loop_2056_circuit_no_condition_2_1_6,43,1,624,1100
loop_2056_circuit_no_condition_2_1_6,43,2,624,1100
loop_2056_circuit_no_condition_2_1_6,43,3,624,1100
loop_2056_circuit_no_condition_2_1_6,43,4,624,1100
loop_2056_circuit_no_condition_2_1_6,43,5,5432,1100
loop_2056_circuit_no_condition_2_1_6,43,6,4229,1100
loop_2056_circuit_no_condition_2_1_6,43,7,624,1100
loop_2056_circuit_no_condition_2_1_6,43,8,624,1100
loop_2056_circuit_no_condition_2_1_6,43,9,624,1100
loop_2056_circuit_no_condition_2_1_6,43,10,624,1100
loop_2056_circuit_no_condition_2_1_6,43,11,624,1100
loop_2056_circuit_no_condition_2_1_6,43,12,624,1100
loop_2056_circuit_no_condition_2_1_6,43,13,624,1100
loop_2056_circuit_no_condition_2_1_6,43,14,624,1100
loop_2056_circuit_no_condition_2_1_6,43,15,624,1100
loop_2056_circuit_no_condition_2_1_6,43,0,624,1200
loop_2056_circuit_no_condition_2_1_6,43,1,624,1200
loop_2056_circuit_no_condition_2_1_6,43,2,624,1200
loop_2056_circuit_no_condition_2_1_6,43,3,624,1200
loop_2056_circuit_no_condition_2_1_6,43,4,624,1200
loop_2056_circuit_no_condition_2_1_6,43,5,5428,1200
loop_2056_circuit_no_condition_2_1_6,43,6,624,1200
loop_2056_circuit_no_condition_2_1_6,43,7,624,1200
loop_2056_circuit_no_condition_2_1_6,43,8,624,1200
loop_2056_circuit_no_condition_2_1_6,43,9,624,1200
loop_2056_circuit_no_condition_2_1_6,43,10,624,1200
loop_2056_circuit_no_condition_2_1_6,43,11,624,1200
loop_2056_circuit_no_condition_2_1_6,43,12,624,1200
loop_2056_circuit_no_condition_2_1_6,43,13,624,1200
loop_2056_circuit_no_condition_2_1_6,43,14,624,1200
loop_2056_circuit_no_condition_2_1_6,43,15,624,1200
loop_2056_circuit_no_condition_2_1_6,43,0,624,1301
loop_2056_circuit_no_condition_2_1_6,43,1,624,1301
loop_2056_circuit_no_condition_2_1_6,43,2,624,1301
loop_2056_circuit_no_condition_2_1_6,43,3,624,1301
loop_2056_circuit_no_condition_2_1_6,43,4,624,1301
loop_2056_circuit_no_condition_2_1_6,43,5,5432,1301
loop_2056_circuit_no_condition_2_1_6,43,6,624,1301
loop_2056_circuit_no_condition_2_1_6,43,7,624,1301
loop_2056_circuit_no_condition_2_1_6,43,8,624,1301
loop_2056_circuit_no_condition_2_1_6,43,9,624,1301
loop_2056_circuit_no_condition_2_1_6,43,10,624,1301
loop_2056_circuit_no_condition_2_1_6,43,11,624,1301
loop_2056_circuit_no_condition_2_1_6,43,12,624,1301
loop_2056_circuit_no_condition_2_1_6,43,13,624,1301
loop_2056_circuit_no_condition_2_1_6,43,14,624,1301
loop_2056_circuit_no_condition_2_1_6,43,15,624,1301
loop_2056_circuit_no_condition_2_1_6,43,0,624,1401
loop_2056_circuit_no_condition_2_1_6,43,1,624,1401
loop_2056_circuit_no_condition_2_1_6,43,2,624,1401
loop_2056_circuit_no_condition_2_1_6,43,3,624,1401
loop_2056_circuit_no_condition_2_1_6,43,4,624,1401
loop_2056_circuit_no_condition_2_1_6,43,5,5427,1401
loop_2056_circuit_no_condition_2_1_6,43,6,624,1401
loop_2056_circuit_no_condition_2_1_6,43,7,624,1401
loop_2056_circuit_no_condition_2_1_6,43,8,624,1401
loop_2056_circuit_no_condition_2_1_6,43,9,624,1401
loop_2056_circuit_no_condition_2_1_6,43,10,624,1401
loop_2056_circuit_no_condition_2_1_6,43,11,624,1401
loop_2056_circuit_no_condition_2_1_6,43,12,624,1401
loop_2056_circuit_no_condition_2_1_6,43,13,624,1401
loop_2056_circuit_no_condition_2_1_6,43,14,624,1401
loop_2056_circuit_no_condition_2_1_6,43,15,624,1401
loop_2056_circuit_no_condition_2_1_6,43,0,624,1501
loop_2056_circuit_no_condition_2_1_6,43,1,624,1501
loop_2056_circuit_no_condition_2_1_6,43,2,624,1501
loop_2056_circuit_no_condition_2_1_6,43,3,624,1501
loop_2056_circuit_no_condition_2_1_6,43,4,624,1501
loop_2056_circuit_no_condition_2_1_6,43,5,5427,1501
loop_2056_circuit_no_condition_2_1_6,43,6,624,1501
loop_2056_circuit_no_condition_2_1_6,43,7,624,1501
loop_2056_circuit_no_condition_2_1_6,43,8,624,1501
loop_2056_circuit_no_condition_2_1_6,43,9,624,1501
loop_2056_circuit_no_condition_2_1_6,43,10,624,1501
loop_2056_circuit_no_condition_2_1_6,43,11,624,1501
loop_2056_circuit_no_condition_2_1_6,43,12,624,1501
loop_2056_circuit_no_condition_2_1_6,43,13,624,1501
loop_2056_circuit_no_condition_2_1_6,43,14,624,1501
loop_2056_circuit_no_condition_2_1_6,43,15,624,1501
loop_2056_circuit_no_condition_2_1_6,43,0,624,1600
loop_2056_circuit_no_condition_2_1_6,43,1,624,1600
loop_2056_circuit_no_condition_2_1_6,43,2,624,1600
loop_2056_circuit_no_condition_2_1_6,43,3,624,1600
loop_2056_circuit_no_condition_2_1_6,43,4,4368,1600
loop_2056_circuit_no_condition_2_1_6,43,5,5432,1600
loop_2056_circuit_no_condition_2_1_6,43,6,624,1600
loop_2056_circuit_no_condition_2_1_6,43,7,4605,1600
loop_2056_circuit_no_condition_2_1_6,43,8,624,1600
loop_2056_circuit_no_condition_2_1_6,43,9,624,1600
loop_2056_circuit_no_condition_2_1_6,43,10,624,1600
loop_2056_circuit_no_condition_2_1_6,43,11,624,1600
loop_2056_circuit_no_condition_2_1_6,43,12,624,1600
loop_2056_circuit_no_condition_2_1_6,43,13,624,1600
loop_2056_circuit_no_condition_2_1_6,43,14,624,1600
loop_2056_circuit_no_condition_2_1_6,43,15,624,1600
loop_2056_circuit_no_condition_2_1_6,43,0,624,1700
loop_2056_circuit_no_condition_2_1_6,43,1,624,1700
loop_2056_circuit_no_condition_2_1_6,43,2,624,1700
loop_2056_circuit_no_condition_2_1_6,43,3,624,1700
loop_2056_circuit_no_condition_2_1_6,43,4,624,1700
loop_2056_circuit_no_condition_2_1_6,43,5,5428,1700
loop_2056_circuit_no_condition_2_1_6,43,6,624,1700
loop_2056_circuit_no_condition_2_1_6,43,7,624,1700
loop_2056_circuit_no_condition_2_1_6,43,8,624,1700
loop_2056_circuit_no_condition_2_1_6,43,9,624,1700
loop_2056_circuit_no_condition_2_1_6,43,10,624,1700
loop_2056_circuit_no_condition_2_1_6,43,11,624,1700
loop_2056_circuit_no_condition_2_1_6,43,12,624,1700
loop_2056_circuit_no_condition_2_1_6,43,13,624,1700
loop_2056_circuit_no_condition_2_1_6,43,14,624,1700
loop_2056_circuit_no_condition_2_1_6,43,15,624,1700
loop_2056_circuit_no_condition_2_1_6,43,0,624,1801
loop_2056_circuit_no_condition_2_1_6,43,1,624,1801
loop_2056_circuit_no_condition_2_1_6,43,2,624,1801
loop_2056_circuit_no_condition_2_1_6,43,3,624,1801
loop_2056_circuit_no_condition_2_1_6,43,4,624,1801
loop_2056_circuit_no_condition_2_1_6,43,5,5428,1801
loop_2056_circuit_no_condition_2_1_6,43,6,3814,1801
loop_2056_circuit_no_condition_2_1_6,43,7,624,1801
loop_2056_circuit_no_condition_2_1_6,43,8,624,1801
loop_2056_circuit_no_condition_2_1_6,43,9,624,1801
loop_2056_circuit_no_condition_2_1_6,43,10,624,1801
loop_2056_circuit_no_condition_2_1_6,43,11,624,1801
loop_2056_circuit_no_condition_2_1_6,43,12,624,1801
loop_2056_circuit_no_condition_2_1_6,43,13,624,1801
loop_2056_circuit_no_condition_2_1_6,43,14,3652,1801
loop_2056_circuit_no_condition_2_1_6,43,15,624,1801
loop_2056_circuit_no_condition_2_1_6,43,0,5424,1901
loop_2056_circuit_no_condition_2_1_6,43,1,5369,1901
loop_2056_circuit_no_condition_2_1_6,43,2,5422,1901
loop_2056_circuit_no_condition_2_1_6,43,3,624,1901
loop_2056_circuit_no_condition_2_1_6,43,4,5335,1901
loop_2056_circuit_no_condition_2_1_6,43,5,5424,1901
loop_2056_circuit_no_condition_2_1_6,43,6,5428,1901
loop_2056_circuit_no_condition_2_1_6,43,7,5419,1901
loop_2056_circuit_no_condition_2_1_6,43,8,5389,1901
loop_2056_circuit_no_condition_2_1_6,43,9,5433,1901
loop_2056_circuit_no_condition_2_1_6,43,10,5425,1901
loop_2056_circuit_no_condition_2_1_6,43,11,5423,1901
loop_2056_circuit_no_condition_2_1_6,43,12,5425,1901
loop_2056_circuit_no_condition_2_1_6,43,13,5368,1901
loop_2056_circuit_no_condition_2_1_6,43,14,5426,1901
loop_2056_circuit_no_condition_2_1_6,43,15,5396,1901
loop_2056_circuit_no_condition_2_1_6,44,0,5389,1
loop_2056_circuit_no_condition_2_1_6,44,1,624,1
loop_2056_circuit_no_condition_2_1_6,44,2,5408,1
loop_2056_circuit_no_condition_2_1_6,44,3,624,1
loop_2056_circuit_no_condition_2_1_6,44,4,5425,1
loop_2056_circuit_no_condition_2_1_6,44,5,5426,1
loop_2056_circuit_no_condition_2_1_6,44,6,5426,1
loop_2056_circuit_no_condition_2_1_6,44,7,5424,1
loop_2056_circuit_no_condition_2_1_6,44,8,5427,1
loop_2056_circuit_no_condition_2_1_6,44,9,5416,1
loop_2056_circuit_no_condition_2_1_6,44,10,624,1
loop_2056_circuit_no_condition_2_1_6,44,11,5374,1
loop_2056_circuit_no_condition_2_1_6,44,12,624,1
loop_2056_circuit_no_condition_2_1_6,44,13,5390,1
loop_2056_circuit_no_condition_2_1_6,44,14,5409,1
loop_2056_circuit_no_condition_2_1_6,44,15,5407,1
loop_2056_circuit_no_condition_2_1_6,44,0,5420,101
loop_2056_circuit_no_condition_2_1_6,44,1,5420,101
loop_2056_circuit_no_condition_2_1_6,44,2,5419,101
loop_2056_circuit_no_condition_2_1_6,44,3,5324,101
loop_2056_circuit_no_condition_2_1_6,44,4,5343,101
loop_2056_circuit_no_condition_2_1_6,44,5,5432,101
loop_2056_circuit_no_condition_2_1_6,44,6,5419,101
loop_2056_circuit_no_condition_2_1_6,44,7,5420,101
loop_2056_circuit_no_condition_2_1_6,44,8,5356,101
loop_2056_circuit_no_condition_2_1_6,44,9,5399,101
loop_2056_circuit_no_condition_2_1_6,44,10,5417,101
loop_2056_circuit_no_condition_2_1_6,44,11,5424,101
loop_2056_circuit_no_condition_2_1_6,44,12,5432,101
loop_2056_circuit_no_condition_2_1_6,44,13,5424,101
loop_2056_circuit_no_condition_2_1_6,44,14,5427,101
loop_2056_circuit_no_condition_2_1_6,44,15,5427,101
loop_2056_circuit_no_condition_2_1_6,44,0,5391,201
loop_2056_circuit_no_condition_2_1_6,44,1,5391,201
loop_2056_circuit_no_condition_2_1_6,44,2,5391,201
loop_2056_circuit_no_condition_2_1_6,44,3,5391,201
loop_2056_circuit_no_condition_2_1_6,44,4,5391,201
loop_2056_circuit_no_condition_2_1_6,44,5,5391,201
loop_2056_circuit_no_condition_2_1_6,44,6,5391,201
loop_2056_circuit_no_condition_2_1_6,44,7,5391,201
loop_2056_circuit_no_condition_2_1_6,44,8,5391,201
loop_2056_circuit_no_condition_2_1_6,44,9,5391,201
loop_2056_circuit_no_condition_2_1_6,44,10,5391,201
loop_2056_circuit_no_condition_2_1_6,44,11,5391,201
loop_2056_circuit_no_condition_2_1_6,44,12,5391,201
loop_2056_circuit_no_condition_2_1_6,44,13,5391,201
loop_2056_circuit_no_condition_2_1_6,44,14,5391,201
loop_2056_circuit_no_condition_2_1_6,44,15,5391,201
loop_2056_circuit_no_condition_2_1_6,44,0,624,300
loop_2056_circuit_no_condition_2_1_6,44,1,624,300
loop_2056_circuit_no_condition_2_1_6,44,2,624,300
loop_2056_circuit_no_condition_2_1_6,44,3,624,300
loop_2056_circuit_no_condition_2_1_6,44,4,5428,300
loop_2056_circuit_no_condition_2_1_6,44,5,624,300
loop_2056_circuit_no_condition_2_1_6,44,6,624,300
loop_2056_circuit_no_condition_2_1_6,44,7,624,300
loop_2056_circuit_no_condition_2_1_6,44,8,624,300
loop_2056_circuit_no_condition_2_1_6,44,9,624,300
loop_2056_circuit_no_condition_2_1_6,44,10,624,300
loop_2056_circuit_no_condition_2_1_6,44,11,624,300
loop_2056_circuit_no_condition_2_1_6,44,12,624,300
loop_2056_circuit_no_condition_2_1_6,44,13,624,300
loop_2056_circuit_no_condition_2_1_6,44,14,624,300
loop_2056_circuit_no_condition_2_1_6,44,15,624,300
loop_2056_circuit_no_condition_2_1_6,44,0,624,401
loop_2056_circuit_no_condition_2_1_6,44,1,624,401
loop_2056_circuit_no_condition_2_1_6,44,2,624,401
loop_2056_circuit_no_condition_2_1_6,44,3,624,401
loop_2056_circuit_no_condition_2_1_6,44,4,5430,401
loop_2056_circuit_no_condition_2_1_6,44,5,624,401
loop_2056_circuit_no_condition_2_1_6,44,6,624,401
loop_2056_circuit_no_condition_2_1_6,44,7,4615,401
loop_2056_circuit_no_condition_2_1_6,44,8,624,401
loop_2056_circuit_no_condition_2_1_6,44,9,624,401
loop_2056_circuit_no_condition_2_1_6,44,10,624,401
loop_2056_circuit_no_condition_2_1_6,44,11,624,401
loop_2056_circuit_no_condition_2_1_6,44,12,624,401
loop_2056_circuit_no_condition_2_1_6,44,13,624,401
loop_2056_circuit_no_condition_2_1_6,44,14,624,401
loop_2056_circuit_no_condition_2_1_6,44,15,624,401
loop_2056_circuit_no_condition_2_1_6,44,0,624,501
loop_2056_circuit_no_condition_2_1_6,44,1,624,501
loop_2056_circuit_no_condition_2_1_6,44,2,624,501
loop_2056_circuit_no_condition_2_1_6,44,3,624,501
loop_2056_circuit_no_condition_2_1_6,44,4,3800,501
loop_2056_circuit_no_condition_2_1_6,44,5,5431,501
loop_2056_circuit_no_condition_2_1_6,44,6,624,501
loop_2056_circuit_no_condition_2_1_6,44,7,624,501
loop_2056_circuit_no_condition_2_1_6,44,8,624,501
loop_2056_circuit_no_condition_2_1_6,44,9,624,501
loop_2056_circuit_no_condition_2_1_6,44,10,624,501
loop_2056_circuit_no_condition_2_1_6,44,11,624,501
loop_2056_circuit_no_condition_2_1_6,44,12,624,501
loop_2056_circuit_no_condition_2_1_6,44,13,624,501
loop_2056_circuit_no_condition_2_1_6,44,14,624,501
loop_2056_circuit_no_condition_2_1_6,44,15,624,501
loop_2056_circuit_no_condition_2_1_6,44,0,624,600
loop_2056_circuit_no_condition_2_1_6,44,1,624,600
loop_2056_circuit_no_condition_2_1_6,44,2,624,600
loop_2056_circuit_no_condition_2_1_6,44,3,624,600
loop_2056_circuit_no_condition_2_1_6,44,4,624,600
loop_2056_circuit_no_condition_2_1_6,44,5,5419,600
loop_2056_circuit_no_condition_2_1_6,44,6,624,600
loop_2056_circuit_no_condition_2_1_6,44,7,624,600
loop_2056_circuit_no_condition_2_1_6,44,8,624,600
loop_2056_circuit_no_condition_2_1_6,44,9,624,600
loop_2056_circuit_no_condition_2_1_6,44,10,624,600
loop_2056_circuit_no_condition_2_1_6,44,11,624,600
loop_2056_circuit_no_condition_2_1_6,44,12,624,600
loop_2056_circuit_no_condition_2_1_6,44,13,624,600
loop_2056_circuit_no_condition_2_1_6,44,14,624,600
loop_2056_circuit_no_condition_2_1_6,44,15,624,600
loop_2056_circuit_no_condition_2_1_6,44,0,624,700
loop_2056_circuit_no_condition_2_1_6,44,1,624,700
loop_2056_circuit_no_condition_2_1_6,44,2,624,700
loop_2056_circuit_no_condition_2_1_6,44,3,624,700
loop_2056_circuit_no_condition_2_1_6,44,4,624,700
loop_2056_circuit_no_condition_2_1_6,44,5,5428,700
loop_2056_circuit_no_condition_2_1_6,44,6,624,700
loop_2056_circuit_no_condition_2_1_6,44,7,624,700
loop_2056_circuit_no_condition_2_1_6,44,8,624,700
loop_2056_circuit_no_condition_2_1_6,44,9,624,700
loop_2056_circuit_no_condition_2_1_6,44,10,624,700
loop_2056_circuit_no_condition_2_1_6,44,11,624,700
loop_2056_circuit_no_condition_2_1_6,44,12,624,700
loop_2056_circuit_no_condition_2_1_6,44,13,624,700
loop_2056_circuit_no_condition_2_1_6,44,14,624,700
loop_2056_circuit_no_condition_2_1_6,44,15,624,700
loop_2056_circuit_no_condition_2_1_6,44,0,624,800
loop_2056_circuit_no_condition_2_1_6,44,1,624,800
loop_2056_circuit_no_condition_2_1_6,44,2,624,800
loop_2056_circuit_no_condition_2_1_6,44,3,624,800
loop_2056_circuit_no_condition_2_1_6,44,4,624,800
loop_2056_circuit_no_condition_2_1_6,44,5,5431,800
loop_2056_circuit_no_condition_2_1_6,44,6,624,800
loop_2056_circuit_no_condition_2_1_6,44,7,624,800
loop_2056_circuit_no_condition_2_1_6,44,8,624,800
loop_2056_circuit_no_condition_2_1_6,44,9,624,800
loop_2056_circuit_no_condition_2_1_6,44,10,624,800
loop_2056_circuit_no_condition_2_1_6,44,11,624,800
loop_2056_circuit_no_condition_2_1_6,44,12,624,800
loop_2056_circuit_no_condition_2_1_6,44,13,624,800
loop_2056_circuit_no_condition_2_1_6,44,14,624,800
loop_2056_circuit_no_condition_2_1_6,44,15,624,800
loop_2056_circuit_no_condition_2_1_6,44,0,624,901
loop_2056_circuit_no_condition_2_1_6,44,1,624,901
loop_2056_circuit_no_condition_2_1_6,44,2,624,901
loop_2056_circuit_no_condition_2_1_6,44,3,624,901
loop_2056_circuit_no_condition_2_1_6,44,4,624,901
loop_2056_circuit_no_condition_2_1_6,44,5,5428,901
loop_2056_circuit_no_condition_2_1_6,44,6,624,901
loop_2056_circuit_no_condition_2_1_6,44,7,624,901
loop_2056_circuit_no_condition_2_1_6,44,8,624,901
loop_2056_circuit_no_condition_2_1_6,44,9,624,901
loop_2056_circuit_no_condition_2_1_6,44,10,624,901
loop_2056_circuit_no_condition_2_1_6,44,11,624,901
loop_2056_circuit_no_condition_2_1_6,44,12,624,901
loop_2056_circuit_no_condition_2_1_6,44,13,624,901
loop_2056_circuit_no_condition_2_1_6,44,14,624,901
loop_2056_circuit_no_condition_2_1_6,44,15,624,901
loop_2056_circuit_no_condition_2_1_6,44,0,624,1001
loop_2056_circuit_no_condition_2_1_6,44,1,624,1001
loop_2056_circuit_no_condition_2_1_6,44,2,624,1001
loop_2056_circuit_no_condition_2_1_6,44,3,624,1001
loop_2056_circuit_no_condition_2_1_6,44,4,624,1001
loop_2056_circuit_no_condition_2_1_6,44,5,5431,1001
loop_2056_circuit_no_condition_2_1_6,44,6,624,1001
loop_2056_circuit_no_condition_2_1_6,44,7,624,1001
loop_2056_circuit_no_condition_2_1_6,44,8,624,1001
loop_2056_circuit_no_condition_2_1_6,44,9,624,1001
loop_2056_circuit_no_condition_2_1_6,44,10,624,1001
loop_2056_circuit_no_condition_2_1_6,44,11,624,1001
loop_2056_circuit_no_condition_2_1_6,44,12,624,1001
loop_2056_circuit_no_condition_2_1_6,44,13,624,1001
loop_2056_circuit_no_condition_2_1_6,44,14,624,1001
loop_2056_circuit_no_condition_2_1_6,44,15,624,1001
loop_2056_circuit_no_condition_2_1_6,44,0,624,1100
loop_2056_circuit_no_condition_2_1_6,44,1,624,1100
loop_2056_circuit_no_condition_2_1_6,44,2,624,1100
loop_2056_circuit_no_condition_2_1_6,44,3,624,1100
loop_2056_circuit_no_condition_2_1_6,44,4,624,1100
loop_2056_circuit_no_condition_2_1_6,44,5,5432,1100
loop_2056_circuit_no_condition_2_1_6,44,6,624,1100
loop_2056_circuit_no_condition_2_1_6,44,7,624,1100
loop_2056_circuit_no_condition_2_1_6,44,8,624,1100
loop_2056_circuit_no_condition_2_1_6,44,9,624,1100
loop_2056_circuit_no_condition_2_1_6,44,10,624,1100
loop_2056_circuit_no_condition_2_1_6,44,11,624,1100
loop_2056_circuit_no_condition_2_1_6,44,12,624,1100
loop_2056_circuit_no_condition_2_1_6,44,13,624,1100
loop_2056_circuit_no_condition_2_1_6,44,14,624,1100
loop_2056_circuit_no_condition_2_1_6,44,15,624,1100
loop_2056_circuit_no_condition_2_1_6,44,0,624,1200
loop_2056_circuit_no_condition_2_1_6,44,1,624,1200
loop_2056_circuit_no_condition_2_1_6,44,2,624,1200
loop_2056_circuit_no_condition_2_1_6,44,3,624,1200
loop_2056_circuit_no_condition_2_1_6,44,4,624,1200
loop_2056_circuit_no_condition_2_1_6,44,5,5427,1200
loop_2056_circuit_no_condition_2_1_6,44,6,624,1200
loop_2056_circuit_no_condition_2_1_6,44,7,624,1200
loop_2056_circuit_no_condition_2_1_6,44,8,624,1200
loop_2056_circuit_no_condition_2_1_6,44,9,624,1200
loop_2056_circuit_no_condition_2_1_6,44,10,624,1200
loop_2056_circuit_no_condition_2_1_6,44,11,624,1200
loop_2056_circuit_no_condition_2_1_6,44,12,624,1200
loop_2056_circuit_no_condition_2_1_6,44,13,624,1200
loop_2056_circuit_no_condition_2_1_6,44,14,624,1200
loop_2056_circuit_no_condition_2_1_6,44,15,624,1200
loop_2056_circuit_no_condition_2_1_6,44,0,624,1300
loop_2056_circuit_no_condition_2_1_6,44,1,624,1300
loop_2056_circuit_no_condition_2_1_6,44,2,624,1300
loop_2056_circuit_no_condition_2_1_6,44,3,624,1300
loop_2056_circuit_no_condition_2_1_6,44,4,624,1300
loop_2056_circuit_no_condition_2_1_6,44,5,5430,1300
loop_2056_circuit_no_condition_2_1_6,44,6,624,1300
loop_2056_circuit_no_condition_2_1_6,44,7,624,1300
loop_2056_circuit_no_condition_2_1_6,44,8,624,1300
loop_2056_circuit_no_condition_2_1_6,44,9,624,1300
loop_2056_circuit_no_condition_2_1_6,44,10,624,1300
loop_2056_circuit_no_condition_2_1_6,44,11,624,1300
loop_2056_circuit_no_condition_2_1_6,44,12,624,1300
loop_2056_circuit_no_condition_2_1_6,44,13,624,1300
loop_2056_circuit_no_condition_2_1_6,44,14,624,1300
loop_2056_circuit_no_condition_2_1_6,44,15,624,1300
loop_2056_circuit_no_condition_2_1_6,44,0,624,1401
loop_2056_circuit_no_condition_2_1_6,44,1,624,1401
loop_2056_circuit_no_condition_2_1_6,44,2,624,1401
loop_2056_circuit_no_condition_2_1_6,44,3,624,1401
loop_2056_circuit_no_condition_2_1_6,44,4,624,1401
loop_2056_circuit_no_condition_2_1_6,44,5,5432,1401
loop_2056_circuit_no_condition_2_1_6,44,6,624,1401
loop_2056_circuit_no_condition_2_1_6,44,7,624,1401
loop_2056_circuit_no_condition_2_1_6,44,8,624,1401
loop_2056_circuit_no_condition_2_1_6,44,9,624,1401
loop_2056_circuit_no_condition_2_1_6,44,10,624,1401
loop_2056_circuit_no_condition_2_1_6,44,11,624,1401
loop_2056_circuit_no_condition_2_1_6,44,12,624,1401
loop_2056_circuit_no_condition_2_1_6,44,13,624,1401
loop_2056_circuit_no_condition_2_1_6,44,14,624,1401
loop_2056_circuit_no_condition_2_1_6,44,15,624,1401
loop_2056_circuit_no_condition_2_1_6,44,0,624,1501
loop_2056_circuit_no_condition_2_1_6,44,1,624,1501
loop_2056_circuit_no_condition_2_1_6,44,2,624,1501
loop_2056_circuit_no_condition_2_1_6,44,3,624,1501
loop_2056_circuit_no_condition_2_1_6,44,4,624,1501
loop_2056_circuit_no_condition_2_1_6,44,5,5428,1501
loop_2056_circuit_no_condition_2_1_6,44,6,624,1501
loop_2056_circuit_no_condition_2_1_6,44,7,624,1501
loop_2056_circuit_no_condition_2_1_6,44,8,624,1501
loop_2056_circuit_no_condition_2_1_6,44,9,624,1501
loop_2056_circuit_no_condition_2_1_6,44,10,624,1501
loop_2056_circuit_no_condition_2_1_6,44,11,624,1501
loop_2056_circuit_no_condition_2_1_6,44,12,624,1501
loop_2056_circuit_no_condition_2_1_6,44,13,624,1501
loop_2056_circuit_no_condition_2_1_6,44,14,624,1501
loop_2056_circuit_no_condition_2_1_6,44,15,624,1501
loop_2056_circuit_no_condition_2_1_6,44,0,624,1600
loop_2056_circuit_no_condition_2_1_6,44,1,624,1600
loop_2056_circuit_no_condition_2_1_6,44,2,624,1600
loop_2056_circuit_no_condition_2_1_6,44,3,624,1600
loop_2056_circuit_no_condition_2_1_6,44,4,624,1600
loop_2056_circuit_no_condition_2_1_6,44,5,5428,1600
loop_2056_circuit_no_condition_2_1_6,44,6,5422,1600
loop_2056_circuit_no_condition_2_1_6,44,7,624,1600
loop_2056_circuit_no_condition_2_1_6,44,8,624,1600
loop_2056_circuit_no_condition_2_1_6,44,9,624,1600
loop_2056_circuit_no_condition_2_1_6,44,10,624,1600
loop_2056_circuit_no_condition_2_1_6,44,11,624,1600
loop_2056_circuit_no_condition_2_1_6,44,12,624,1600
loop_2056_circuit_no_condition_2_1_6,44,13,624,1600
loop_2056_circuit_no_condition_2_1_6,44,14,624,1600
loop_2056_circuit_no_condition_2_1_6,44,15,624,1600
loop_2056_circuit_no_condition_2_1_6,44,0,624,1700
loop_2056_circuit_no_condition_2_1_6,44,1,624,1700
loop_2056_circuit_no_condition_2_1_6,44,2,624,1700
loop_2056_circuit_no_condition_2_1_6,44,3,624,1700
loop_2056_circuit_no_condition_2_1_6,44,4,624,1700
loop_2056_circuit_no_condition_2_1_6,44,5,5432,1700
loop_2056_circuit_no_condition_2_1_6,44,6,624,1700
loop_2056_circuit_no_condition_2_1_6,44,7,624,1700
loop_2056_circuit_no_condition_2_1_6,44,8,624,1700
loop_2056_circuit_no_condition_2_1_6,44,9,624,1700
loop_2056_circuit_no_condition_2_1_6,44,10,624,1700
loop_2056_circuit_no_condition_2_1_6,44,11,624,1700
loop_2056_circuit_no_condition_2_1_6,44,12,624,1700
loop_2056_circuit_no_condition_2_1_6,44,13,624,1700
loop_2056_circuit_no_condition_2_1_6,44,14,624,1700
loop_2056_circuit_no_condition_2_1_6,44,15,624,1700
loop_2056_circuit_no_condition_2_1_6,44,0,624,1801
loop_2056_circuit_no_condition_2_1_6,44,1,624,1801
loop_2056_circuit_no_condition_2_1_6,44,2,624,1801
loop_2056_circuit_no_condition_2_1_6,44,3,624,1801
loop_2056_circuit_no_condition_2_1_6,44,4,624,1801
loop_2056_circuit_no_condition_2_1_6,44,5,5430,1801
loop_2056_circuit_no_condition_2_1_6,44,6,624,1801
loop_2056_circuit_no_condition_2_1_6,44,7,624,1801
loop_2056_circuit_no_condition_2_1_6,44,8,624,1801
loop_2056_circuit_no_condition_2_1_6,44,9,624,1801
loop_2056_circuit_no_condition_2_1_6,44,10,624,1801
loop_2056_circuit_no_condition_2_1_6,44,11,624,1801
loop_2056_circuit_no_condition_2_1_6,44,12,624,1801
loop_2056_circuit_no_condition_2_1_6,44,13,624,1801
loop_2056_circuit_no_condition_2_1_6,44,14,624,1801
loop_2056_circuit_no_condition_2_1_6,44,15,624,1801
loop_2056_circuit_no_condition_2_1_6,44,0,5403,1900
loop_2056_circuit_no_condition_2_1_6,44,1,5358,1900
loop_2056_circuit_no_condition_2_1_6,44,2,5377,1900
loop_2056_circuit_no_condition_2_1_6,44,3,5421,1900
loop_2056_circuit_no_condition_2_1_6,44,4,5418,1900
loop_2056_circuit_no_condition_2_1_6,44,5,5405,1900
loop_2056_circuit_no_condition_2_1_6,44,6,5405,1900
loop_2056_circuit_no_condition_2_1_6,44,7,5416,1900
loop_2056_circuit_no_condition_2_1_6,44,8,5423,1900
loop_2056_circuit_no_condition_2_1_6,44,9,5410,1900
loop_2056_circuit_no_condition_2_1_6,44,10,5417,1900
loop_2056_circuit_no_condition_2_1_6,44,11,5416,1900
loop_2056_circuit_no_condition_2_1_6,44,12,5419,1900
loop_2056_circuit_no_condition_2_1_6,44,13,5368,1900
loop_2056_circuit_no_condition_2_1_6,44,14,5410,1900
loop_2056_circuit_no_condition_2_1_6,44,15,5379,1900
loop_2056_circuit_no_condition_2_1_6,45,0,5430,1
loop_2056_circuit_no_condition_2_1_6,45,1,624,1
loop_2056_circuit_no_condition_2_1_6,45,2,5425,1
loop_2056_circuit_no_condition_2_1_6,45,3,5418,1
loop_2056_circuit_no_condition_2_1_6,45,4,5428,1
loop_2056_circuit_no_condition_2_1_6,45,5,5422,1
loop_2056_circuit_no_condition_2_1_6,45,6,5429,1
loop_2056_circuit_no_condition_2_1_6,45,7,5430,1
loop_2056_circuit_no_condition_2_1_6,45,8,5426,1
loop_2056_circuit_no_condition_2_1_6,45,9,5231,1
loop_2056_circuit_no_condition_2_1_6,45,10,5421,1
loop_2056_circuit_no_condition_2_1_6,45,11,624,1
loop_2056_circuit_no_condition_2_1_6,45,12,5401,1
loop_2056_circuit_no_condition_2_1_6,45,13,624,1
loop_2056_circuit_no_condition_2_1_6,45,14,5423,1
loop_2056_circuit_no_condition_2_1_6,45,15,5426,1
loop_2056_circuit_no_condition_2_1_6,45,0,5395,101
loop_2056_circuit_no_condition_2_1_6,45,1,5421,101
loop_2056_circuit_no_condition_2_1_6,45,2,5353,101
loop_2056_circuit_no_condition_2_1_6,45,3,5405,101
loop_2056_circuit_no_condition_2_1_6,45,4,5421,101
loop_2056_circuit_no_condition_2_1_6,45,5,5432,101
loop_2056_circuit_no_condition_2_1_6,45,6,5411,101
loop_2056_circuit_no_condition_2_1_6,45,7,5392,101
loop_2056_circuit_no_condition_2_1_6,45,8,5396,101
loop_2056_circuit_no_condition_2_1_6,45,9,5340,101
loop_2056_circuit_no_condition_2_1_6,45,10,5428,101
loop_2056_circuit_no_condition_2_1_6,45,11,5372,101
loop_2056_circuit_no_condition_2_1_6,45,12,5420,101
loop_2056_circuit_no_condition_2_1_6,45,13,5419,101
loop_2056_circuit_no_condition_2_1_6,45,14,5398,101
loop_2056_circuit_no_condition_2_1_6,45,15,5426,101
loop_2056_circuit_no_condition_2_1_6,45,0,5408,200
loop_2056_circuit_no_condition_2_1_6,45,1,5407,200
loop_2056_circuit_no_condition_2_1_6,45,2,5407,200
loop_2056_circuit_no_condition_2_1_6,45,3,5408,200
loop_2056_circuit_no_condition_2_1_6,45,4,5407,200
loop_2056_circuit_no_condition_2_1_6,45,5,5400,200
loop_2056_circuit_no_condition_2_1_6,45,6,5407,200
loop_2056_circuit_no_condition_2_1_6,45,7,5407,200
loop_2056_circuit_no_condition_2_1_6,45,8,5407,200
loop_2056_circuit_no_condition_2_1_6,45,9,5407,200
loop_2056_circuit_no_condition_2_1_6,45,10,5407,200
loop_2056_circuit_no_condition_2_1_6,45,11,5407,200
loop_2056_circuit_no_condition_2_1_6,45,12,5407,200
loop_2056_circuit_no_condition_2_1_6,45,13,5407,200
loop_2056_circuit_no_condition_2_1_6,45,14,5407,200
loop_2056_circuit_no_condition_2_1_6,45,15,5407,200
loop_2056_circuit_no_condition_2_1_6,45,0,624,301
loop_2056_circuit_no_condition_2_1_6,45,1,4649,301
loop_2056_circuit_no_condition_2_1_6,45,2,4674,301
loop_2056_circuit_no_condition_2_1_6,45,3,624,301
loop_2056_circuit_no_condition_2_1_6,45,4,4260,301
loop_2056_circuit_no_condition_2_1_6,45,5,5420,301
loop_2056_circuit_no_condition_2_1_6,45,6,624,301
loop_2056_circuit_no_condition_2_1_6,45,7,624,301
loop_2056_circuit_no_condition_2_1_6,45,8,624,301
loop_2056_circuit_no_condition_2_1_6,45,9,624,301
loop_2056_circuit_no_condition_2_1_6,45,10,624,301
loop_2056_circuit_no_condition_2_1_6,45,11,624,301
loop_2056_circuit_no_condition_2_1_6,45,12,4666,301
loop_2056_circuit_no_condition_2_1_6,45,13,5428,301
loop_2056_circuit_no_condition_2_1_6,45,14,624,301
loop_2056_circuit_no_condition_2_1_6,45,15,4659,301
loop_2056_circuit_no_condition_2_1_6,45,0,624,401
loop_2056_circuit_no_condition_2_1_6,45,1,624,401
loop_2056_circuit_no_condition_2_1_6,45,2,624,401
loop_2056_circuit_no_condition_2_1_6,45,3,624,401
loop_2056_circuit_no_condition_2_1_6,45,4,4307,401
loop_2056_circuit_no_condition_2_1_6,45,5,624,401
loop_2056_circuit_no_condition_2_1_6,45,6,624,401
loop_2056_circuit_no_condition_2_1_6,45,7,624,401
loop_2056_circuit_no_condition_2_1_6,45,8,624,401
loop_2056_circuit_no_condition_2_1_6,45,9,624,401
loop_2056_circuit_no_condition_2_1_6,45,10,624,401
loop_2056_circuit_no_condition_2_1_6,45,11,624,401
loop_2056_circuit_no_condition_2_1_6,45,12,624,401
loop_2056_circuit_no_condition_2_1_6,45,13,5435,401
loop_2056_circuit_no_condition_2_1_6,45,14,624,401
loop_2056_circuit_no_condition_2_1_6,45,15,624,401
loop_2056_circuit_no_condition_2_1_6,45,0,624,500
loop_2056_circuit_no_condition_2_1_6,45,1,624,500
loop_2056_circuit_no_condition_2_1_6,45,2,624,500
loop_2056_circuit_no_condition_2_1_6,45,3,624,500
loop_2056_circuit_no_condition_2_1_6,45,4,3627,500
loop_2056_circuit_no_condition_2_1_6,45,5,624,500
loop_2056_circuit_no_condition_2_1_6,45,6,4614,500
loop_2056_circuit_no_condition_2_1_6,45,7,624,500
loop_2056_circuit_no_condition_2_1_6,45,8,624,500
loop_2056_circuit_no_condition_2_1_6,45,9,624,500
loop_2056_circuit_no_condition_2_1_6,45,10,624,500
loop_2056_circuit_no_condition_2_1_6,45,11,624,500
loop_2056_circuit_no_condition_2_1_6,45,12,4527,500
loop_2056_circuit_no_condition_2_1_6,45,13,5428,500
loop_2056_circuit_no_condition_2_1_6,45,14,624,500
loop_2056_circuit_no_condition_2_1_6,45,15,4622,500
loop_2056_circuit_no_condition_2_1_6,45,0,4464,601
loop_2056_circuit_no_condition_2_1_6,45,1,4475,601
loop_2056_circuit_no_condition_2_1_6,45,2,624,601
loop_2056_circuit_no_condition_2_1_6,45,3,624,601
loop_2056_circuit_no_condition_2_1_6,45,4,3568,601
loop_2056_circuit_no_condition_2_1_6,45,5,624,601
loop_2056_circuit_no_condition_2_1_6,45,6,624,601
loop_2056_circuit_no_condition_2_1_6,45,7,624,601
loop_2056_circuit_no_condition_2_1_6,45,8,624,601
loop_2056_circuit_no_condition_2_1_6,45,9,624,601
loop_2056_circuit_no_condition_2_1_6,45,10,624,601
loop_2056_circuit_no_condition_2_1_6,45,11,624,601
loop_2056_circuit_no_condition_2_1_6,45,12,4776,601
loop_2056_circuit_no_condition_2_1_6,45,13,5424,601
loop_2056_circuit_no_condition_2_1_6,45,14,624,601
loop_2056_circuit_no_condition_2_1_6,45,15,4602,601
loop_2056_circuit_no_condition_2_1_6,45,0,624,701
loop_2056_circuit_no_condition_2_1_6,45,1,4279,701
loop_2056_circuit_no_condition_2_1_6,45,2,624,701
loop_2056_circuit_no_condition_2_1_6,45,3,624,701
loop_2056_circuit_no_condition_2_1_6,45,4,4244,701
loop_2056_circuit_no_condition_2_1_6,45,5,624,701
loop_2056_circuit_no_condition_2_1_6,45,6,624,701
loop_2056_circuit_no_condition_2_1_6,45,7,624,701
loop_2056_circuit_no_condition_2_1_6,45,8,624,701
loop_2056_circuit_no_condition_2_1_6,45,9,624,701
loop_2056_circuit_no_condition_2_1_6,45,10,624,701
loop_2056_circuit_no_condition_2_1_6,45,11,624,701
loop_2056_circuit_no_condition_2_1_6,45,12,624,701
loop_2056_circuit_no_condition_2_1_6,45,13,5425,701
loop_2056_circuit_no_condition_2_1_6,45,14,624,701
loop_2056_circuit_no_condition_2_1_6,45,15,624,701
loop_2056_circuit_no_condition_2_1_6,45,0,624,800
loop_2056_circuit_no_condition_2_1_6,45,1,4517,800
loop_2056_circuit_no_condition_2_1_6,45,2,624,800
loop_2056_circuit_no_condition_2_1_6,45,3,624,800
loop_2056_circuit_no_condition_2_1_6,45,4,4363,800
loop_2056_circuit_no_condition_2_1_6,45,5,624,800
loop_2056_circuit_no_condition_2_1_6,45,6,624,800
loop_2056_circuit_no_condition_2_1_6,45,7,624,800
loop_2056_circuit_no_condition_2_1_6,45,8,624,800
loop_2056_circuit_no_condition_2_1_6,45,9,624,800
loop_2056_circuit_no_condition_2_1_6,45,10,624,800
loop_2056_circuit_no_condition_2_1_6,45,11,624,800
loop_2056_circuit_no_condition_2_1_6,45,12,624,800
loop_2056_circuit_no_condition_2_1_6,45,13,5425,800
loop_2056_circuit_no_condition_2_1_6,45,14,624,800
loop_2056_circuit_no_condition_2_1_6,45,15,624,800
loop_2056_circuit_no_condition_2_1_6,45,0,624,900
loop_2056_circuit_no_condition_2_1_6,45,1,4235,900
loop_2056_circuit_no_condition_2_1_6,45,2,624,900
loop_2056_circuit_no_condition_2_1_6,45,3,624,900
loop_2056_circuit_no_condition_2_1_6,45,4,4071,900
loop_2056_circuit_no_condition_2_1_6,45,5,624,900
loop_2056_circuit_no_condition_2_1_6,45,6,624,900
loop_2056_circuit_no_condition_2_1_6,45,7,624,900
loop_2056_circuit_no_condition_2_1_6,45,8,624,900
loop_2056_circuit_no_condition_2_1_6,45,9,624,900
loop_2056_circuit_no_condition_2_1_6,45,10,624,900
loop_2056_circuit_no_condition_2_1_6,45,11,624,900
loop_2056_circuit_no_condition_2_1_6,45,12,624,900
loop_2056_circuit_no_condition_2_1_6,45,13,5423,900
loop_2056_circuit_no_condition_2_1_6,45,14,624,900
loop_2056_circuit_no_condition_2_1_6,45,15,4606,900
loop_2056_circuit_no_condition_2_1_6,45,0,624,1000
loop_2056_circuit_no_condition_2_1_6,45,1,624,1000
loop_2056_circuit_no_condition_2_1_6,45,2,624,1000
loop_2056_circuit_no_condition_2_1_6,45,3,624,1000
loop_2056_circuit_no_condition_2_1_6,45,4,4172,1000
loop_2056_circuit_no_condition_2_1_6,45,5,624,1000
loop_2056_circuit_no_condition_2_1_6,45,6,624,1000
loop_2056_circuit_no_condition_2_1_6,45,7,624,1000
loop_2056_circuit_no_condition_2_1_6,45,8,624,1000
loop_2056_circuit_no_condition_2_1_6,45,9,624,1000
loop_2056_circuit_no_condition_2_1_6,45,10,624,1000
loop_2056_circuit_no_condition_2_1_6,45,11,624,1000
loop_2056_circuit_no_condition_2_1_6,45,12,624,1000
loop_2056_circuit_no_condition_2_1_6,45,13,5421,1000
loop_2056_circuit_no_condition_2_1_6,45,14,624,1000
loop_2056_circuit_no_condition_2_1_6,45,15,4796,1000
loop_2056_circuit_no_condition_2_1_6,45,0,624,1101
loop_2056_circuit_no_condition_2_1_6,45,1,4444,1101
loop_2056_circuit_no_condition_2_1_6,45,2,624,1101
loop_2056_circuit_no_condition_2_1_6,45,3,624,1101
loop_2056_circuit_no_condition_2_1_6,45,4,3689,1101
loop_2056_circuit_no_condition_2_1_6,45,5,624,1101
loop_2056_circuit_no_condition_2_1_6,45,6,624,1101
loop_2056_circuit_no_condition_2_1_6,45,7,4598,1101
loop_2056_circuit_no_condition_2_1_6,45,8,624,1101
loop_2056_circuit_no_condition_2_1_6,45,9,624,1101
loop_2056_circuit_no_condition_2_1_6,45,10,624,1101
loop_2056_circuit_no_condition_2_1_6,45,11,624,1101
loop_2056_circuit_no_condition_2_1_6,45,12,624,1101
loop_2056_circuit_no_condition_2_1_6,45,13,5420,1101
loop_2056_circuit_no_condition_2_1_6,45,14,624,1101
loop_2056_circuit_no_condition_2_1_6,45,15,4927,1101
loop_2056_circuit_no_condition_2_1_6,45,0,624,1201
loop_2056_circuit_no_condition_2_1_6,45,1,4420,1201
loop_2056_circuit_no_condition_2_1_6,45,2,624,1201
loop_2056_circuit_no_condition_2_1_6,45,3,624,1201
loop_2056_circuit_no_condition_2_1_6,45,4,4203,1201
loop_2056_circuit_no_condition_2_1_6,45,5,624,1201
loop_2056_circuit_no_condition_2_1_6,45,6,624,1201
loop_2056_circuit_no_condition_2_1_6,45,7,624,1201
loop_2056_circuit_no_condition_2_1_6,45,8,624,1201
loop_2056_circuit_no_condition_2_1_6,45,9,624,1201
loop_2056_circuit_no_condition_2_1_6,45,10,624,1201
loop_2056_circuit_no_condition_2_1_6,45,11,624,1201
loop_2056_circuit_no_condition_2_1_6,45,12,624,1201
loop_2056_circuit_no_condition_2_1_6,45,13,5423,1201
loop_2056_circuit_no_condition_2_1_6,45,14,624,1201
loop_2056_circuit_no_condition_2_1_6,45,15,5031,1201
loop_2056_circuit_no_condition_2_1_6,45,0,624,1300
loop_2056_circuit_no_condition_2_1_6,45,1,4319,1300
loop_2056_circuit_no_condition_2_1_6,45,2,624,1300
loop_2056_circuit_no_condition_2_1_6,45,3,624,1300
loop_2056_circuit_no_condition_2_1_6,45,4,4165,1300
loop_2056_circuit_no_condition_2_1_6,45,5,624,1300
loop_2056_circuit_no_condition_2_1_6,45,6,624,1300
loop_2056_circuit_no_condition_2_1_6,45,7,624,1300
loop_2056_circuit_no_condition_2_1_6,45,8,624,1300
loop_2056_circuit_no_condition_2_1_6,45,9,624,1300
loop_2056_circuit_no_condition_2_1_6,45,10,624,1300
loop_2056_circuit_no_condition_2_1_6,45,11,624,1300
loop_2056_circuit_no_condition_2_1_6,45,12,624,1300
loop_2056_circuit_no_condition_2_1_6,45,13,5425,1300
loop_2056_circuit_no_condition_2_1_6,45,14,624,1300
loop_2056_circuit_no_condition_2_1_6,45,15,4749,1300
loop_2056_circuit_no_condition_2_1_6,45,0,624,1400
loop_2056_circuit_no_condition_2_1_6,45,1,4271,1400
loop_2056_circuit_no_condition_2_1_6,45,2,624,1400
loop_2056_circuit_no_condition_2_1_6,45,3,624,1400
loop_2056_circuit_no_condition_2_1_6,45,4,3958,1400
loop_2056_circuit_no_condition_2_1_6,45,5,624,1400
loop_2056_circuit_no_condition_2_1_6,45,6,624,1400
loop_2056_circuit_no_condition_2_1_6,45,7,624,1400
loop_2056_circuit_no_condition_2_1_6,45,8,624,1400
loop_2056_circuit_no_condition_2_1_6,45,9,624,1400
loop_2056_circuit_no_condition_2_1_6,45,10,624,1400
loop_2056_circuit_no_condition_2_1_6,45,11,624,1400
loop_2056_circuit_no_condition_2_1_6,45,12,624,1400
loop_2056_circuit_no_condition_2_1_6,45,13,5426,1400
loop_2056_circuit_no_condition_2_1_6,45,14,624,1400
loop_2056_circuit_no_condition_2_1_6,45,15,4841,1400
loop_2056_circuit_no_condition_2_1_6,45,0,624,1500
loop_2056_circuit_no_condition_2_1_6,45,1,624,1500
loop_2056_circuit_no_condition_2_1_6,45,2,624,1500
loop_2056_circuit_no_condition_2_1_6,45,3,624,1500
loop_2056_circuit_no_condition_2_1_6,45,4,3312,1500
loop_2056_circuit_no_condition_2_1_6,45,5,624,1500
loop_2056_circuit_no_condition_2_1_6,45,6,624,1500
loop_2056_circuit_no_condition_2_1_6,45,7,624,1500
loop_2056_circuit_no_condition_2_1_6,45,8,624,1500
loop_2056_circuit_no_condition_2_1_6,45,9,624,1500
loop_2056_circuit_no_condition_2_1_6,45,10,624,1500
loop_2056_circuit_no_condition_2_1_6,45,11,624,1500
loop_2056_circuit_no_condition_2_1_6,45,12,624,1500
loop_2056_circuit_no_condition_2_1_6,45,13,5420,1500
loop_2056_circuit_no_condition_2_1_6,45,14,624,1500
loop_2056_circuit_no_condition_2_1_6,45,15,624,1500
loop_2056_circuit_no_condition_2_1_6,45,0,624,1601
loop_2056_circuit_no_condition_2_1_6,45,1,4273,1601
loop_2056_circuit_no_condition_2_1_6,45,2,624,1601
loop_2056_circuit_no_condition_2_1_6,45,3,624,1601
loop_2056_circuit_no_condition_2_1_6,45,4,4037,1601
loop_2056_circuit_no_condition_2_1_6,45,5,624,1601
loop_2056_circuit_no_condition_2_1_6,45,6,624,1601
loop_2056_circuit_no_condition_2_1_6,45,7,624,1601
loop_2056_circuit_no_condition_2_1_6,45,8,624,1601
loop_2056_circuit_no_condition_2_1_6,45,9,624,1601
loop_2056_circuit_no_condition_2_1_6,45,10,624,1601
loop_2056_circuit_no_condition_2_1_6,45,11,624,1601
loop_2056_circuit_no_condition_2_1_6,45,12,624,1601
loop_2056_circuit_no_condition_2_1_6,45,13,5420,1601
loop_2056_circuit_no_condition_2_1_6,45,14,624,1601
loop_2056_circuit_no_condition_2_1_6,45,15,624,1601
loop_2056_circuit_no_condition_2_1_6,45,0,624,1701
loop_2056_circuit_no_condition_2_1_6,45,1,624,1701
loop_2056_circuit_no_condition_2_1_6,45,2,624,1701
loop_2056_circuit_no_condition_2_1_6,45,3,624,1701
loop_2056_circuit_no_condition_2_1_6,45,4,3247,1701
loop_2056_circuit_no_condition_2_1_6,45,5,624,1701
loop_2056_circuit_no_condition_2_1_6,45,6,624,1701
loop_2056_circuit_no_condition_2_1_6,45,7,624,1701
loop_2056_circuit_no_condition_2_1_6,45,8,624,1701
loop_2056_circuit_no_condition_2_1_6,45,9,624,1701
loop_2056_circuit_no_condition_2_1_6,45,10,624,1701
loop_2056_circuit_no_condition_2_1_6,45,11,624,1701
loop_2056_circuit_no_condition_2_1_6,45,12,624,1701
loop_2056_circuit_no_condition_2_1_6,45,13,5423,1701
loop_2056_circuit_no_condition_2_1_6,45,14,624,1701
loop_2056_circuit_no_condition_2_1_6,45,15,624,1701
loop_2056_circuit_no_condition_2_1_6,45,0,624,1800
loop_2056_circuit_no_condition_2_1_6,45,1,624,1800
loop_2056_circuit_no_condition_2_1_6,45,2,624,1800
loop_2056_circuit_no_condition_2_1_6,45,3,624,1800
loop_2056_circuit_no_condition_2_1_6,45,4,4309,1800
loop_2056_circuit_no_condition_2_1_6,45,5,624,1800
loop_2056_circuit_no_condition_2_1_6,45,6,624,1800
loop_2056_circuit_no_condition_2_1_6,45,7,624,1800
loop_2056_circuit_no_condition_2_1_6,45,8,624,1800
loop_2056_circuit_no_condition_2_1_6,45,9,624,1800
loop_2056_circuit_no_condition_2_1_6,45,10,624,1800
loop_2056_circuit_no_condition_2_1_6,45,11,624,1800
loop_2056_circuit_no_condition_2_1_6,45,12,624,1800
loop_2056_circuit_no_condition_2_1_6,45,13,5424,1800
loop_2056_circuit_no_condition_2_1_6,45,14,624,1800
loop_2056_circuit_no_condition_2_1_6,45,15,624,1800
loop_2056_circuit_no_condition_2_1_6,45,0,5381,1900
loop_2056_circuit_no_condition_2_1_6,45,1,5407,1900
loop_2056_circuit_no_condition_2_1_6,45,2,624,1900
loop_2056_circuit_no_condition_2_1_6,45,3,5421,1900
loop_2056_circuit_no_condition_2_1_6,45,4,5339,1900
loop_2056_circuit_no_condition_2_1_6,45,5,5383,1900
loop_2056_circuit_no_condition_2_1_6,45,6,5422,1900
loop_2056_circuit_no_condition_2_1_6,45,7,5367,1900
loop_2056_circuit_no_condition_2_1_6,45,8,4335,1900
loop_2056_circuit_no_condition_2_1_6,45,9,624,1900
loop_2056_circuit_no_condition_2_1_6,45,10,5358,1900
loop_2056_circuit_no_condition_2_1_6,45,11,5372,1900
loop_2056_circuit_no_condition_2_1_6,45,12,5365,1900
loop_2056_circuit_no_condition_2_1_6,45,13,5416,1900
loop_2056_circuit_no_condition_2_1_6,45,14,624,1900
loop_2056_circuit_no_condition_2_1_6,45,15,4811,1900
loop_2056_circuit_no_condition_2_1_6,46,0,5423,1
loop_2056_circuit_no_condition_2_1_6,46,1,5374,1
loop_2056_circuit_no_condition_2_1_6,46,2,624,1
loop_2056_circuit_no_condition_2_1_6,46,3,624,1
loop_2056_circuit_no_condition_2_1_6,46,4,624,1
loop_2056_circuit_no_condition_2_1_6,46,5,5431,1
loop_2056_circuit_no_condition_2_1_6,46,6,3619,1
loop_2056_circuit_no_condition_2_1_6,46,7,5426,1
loop_2056_circuit_no_condition_2_1_6,46,8,5392,1
loop_2056_circuit_no_condition_2_1_6,46,9,5428,1
loop_2056_circuit_no_condition_2_1_6,46,10,5425,1
loop_2056_circuit_no_condition_2_1_6,46,11,5401,1
loop_2056_circuit_no_condition_2_1_6,46,12,5430,1
loop_2056_circuit_no_condition_2_1_6,46,13,624,1
loop_2056_circuit_no_condition_2_1_6,46,14,624,1
loop_2056_circuit_no_condition_2_1_6,46,15,5430,1
loop_2056_circuit_no_condition_2_1_6,46,0,5397,101
loop_2056_circuit_no_condition_2_1_6,46,1,5428,101
loop_2056_circuit_no_condition_2_1_6,46,2,5434,101
loop_2056_circuit_no_condition_2_1_6,46,3,5426,101
loop_2056_circuit_no_condition_2_1_6,46,4,5432,101
loop_2056_circuit_no_condition_2_1_6,46,5,5436,101
loop_2056_circuit_no_condition_2_1_6,46,6,5411,101
loop_2056_circuit_no_condition_2_1_6,46,7,5355,101
loop_2056_circuit_no_condition_2_1_6,46,8,5422,101
loop_2056_circuit_no_condition_2_1_6,46,9,5432,101
loop_2056_circuit_no_condition_2_1_6,46,10,5410,101
loop_2056_circuit_no_condition_2_1_6,46,11,5425,101
loop_2056_circuit_no_condition_2_1_6,46,12,5365,101
loop_2056_circuit_no_condition_2_1_6,46,13,5427,101
loop_2056_circuit_no_condition_2_1_6,46,14,5424,101
loop_2056_circuit_no_condition_2_1_6,46,15,5429,101
loop_2056_circuit_no_condition_2_1_6,46,0,5402,201
loop_2056_circuit_no_condition_2_1_6,46,1,5402,201
loop_2056_circuit_no_condition_2_1_6,46,2,5168,201
loop_2056_circuit_no_condition_2_1_6,46,3,5169,201
loop_2056_circuit_no_condition_2_1_6,46,4,5402,201
loop_2056_circuit_no_condition_2_1_6,46,5,5402,201
loop_2056_circuit_no_condition_2_1_6,46,6,5402,201
loop_2056_circuit_no_condition_2_1_6,46,7,5402,201
loop_2056_circuit_no_condition_2_1_6,46,8,5402,201
loop_2056_circuit_no_condition_2_1_6,46,9,5402,201
loop_2056_circuit_no_condition_2_1_6,46,10,5168,201
loop_2056_circuit_no_condition_2_1_6,46,11,5169,201
loop_2056_circuit_no_condition_2_1_6,46,12,5402,201
loop_2056_circuit_no_condition_2_1_6,46,13,5402,201
loop_2056_circuit_no_condition_2_1_6,46,14,5402,201
loop_2056_circuit_no_condition_2_1_6,46,15,5402,201
loop_2056_circuit_no_condition_2_1_6,46,0,624,302
loop_2056_circuit_no_condition_2_1_6,46,1,624,302
loop_2056_circuit_no_condition_2_1_6,46,2,3705,302
loop_2056_circuit_no_condition_2_1_6,46,3,624,302
loop_2056_circuit_no_condition_2_1_6,46,4,2705,302
loop_2056_circuit_no_condition_2_1_6,46,5,5431,302
loop_2056_circuit_no_condition_2_1_6,46,6,624,302
loop_2056_circuit_no_condition_2_1_6,46,7,4065,302
loop_2056_circuit_no_condition_2_1_6,46,8,624,302
loop_2056_circuit_no_condition_2_1_6,46,9,624,302
loop_2056_circuit_no_condition_2_1_6,46,10,624,302
loop_2056_circuit_no_condition_2_1_6,46,11,5418,302
loop_2056_circuit_no_condition_2_1_6,46,12,624,302
loop_2056_circuit_no_condition_2_1_6,46,13,624,302
loop_2056_circuit_no_condition_2_1_6,46,14,624,302
loop_2056_circuit_no_condition_2_1_6,46,15,5349,302
loop_2056_circuit_no_condition_2_1_6,46,0,624,401
loop_2056_circuit_no_condition_2_1_6,46,1,624,401
loop_2056_circuit_no_condition_2_1_6,46,2,624,401
loop_2056_circuit_no_condition_2_1_6,46,3,4608,401
loop_2056_circuit_no_condition_2_1_6,46,4,624,401
loop_2056_circuit_no_condition_2_1_6,46,5,5425,401
loop_2056_circuit_no_condition_2_1_6,46,6,624,401
loop_2056_circuit_no_condition_2_1_6,46,7,624,401
loop_2056_circuit_no_condition_2_1_6,46,8,624,401
loop_2056_circuit_no_condition_2_1_6,46,9,624,401
loop_2056_circuit_no_condition_2_1_6,46,10,624,401
loop_2056_circuit_no_condition_2_1_6,46,11,624,401
loop_2056_circuit_no_condition_2_1_6,46,12,624,401
loop_2056_circuit_no_condition_2_1_6,46,13,624,401
loop_2056_circuit_no_condition_2_1_6,46,14,624,401
loop_2056_circuit_no_condition_2_1_6,46,15,624,401
loop_2056_circuit_no_condition_2_1_6,46,0,624,501
loop_2056_circuit_no_condition_2_1_6,46,1,624,501
loop_2056_circuit_no_condition_2_1_6,46,2,624,501
loop_2056_circuit_no_condition_2_1_6,46,3,624,501
loop_2056_circuit_no_condition_2_1_6,46,4,3936,501
loop_2056_circuit_no_condition_2_1_6,46,5,5432,501
loop_2056_circuit_no_condition_2_1_6,46,6,624,501
loop_2056_circuit_no_condition_2_1_6,46,7,624,501
loop_2056_circuit_no_condition_2_1_6,46,8,624,501
loop_2056_circuit_no_condition_2_1_6,46,9,624,501
loop_2056_circuit_no_condition_2_1_6,46,10,624,501
loop_2056_circuit_no_condition_2_1_6,46,11,624,501
loop_2056_circuit_no_condition_2_1_6,46,12,624,501
loop_2056_circuit_no_condition_2_1_6,46,13,624,501
loop_2056_circuit_no_condition_2_1_6,46,14,624,501
loop_2056_circuit_no_condition_2_1_6,46,15,624,501
loop_2056_circuit_no_condition_2_1_6,46,0,624,601
loop_2056_circuit_no_condition_2_1_6,46,1,624,601
loop_2056_circuit_no_condition_2_1_6,46,2,624,601
loop_2056_circuit_no_condition_2_1_6,46,3,624,601
loop_2056_circuit_no_condition_2_1_6,46,4,624,601
loop_2056_circuit_no_condition_2_1_6,46,5,5431,601
loop_2056_circuit_no_condition_2_1_6,46,6,3250,601
loop_2056_circuit_no_condition_2_1_6,46,7,624,601
loop_2056_circuit_no_condition_2_1_6,46,8,624,601
loop_2056_circuit_no_condition_2_1_6,46,9,624,601
loop_2056_circuit_no_condition_2_1_6,46,10,624,601
loop_2056_circuit_no_condition_2_1_6,46,11,624,601
loop_2056_circuit_no_condition_2_1_6,46,12,624,601
loop_2056_circuit_no_condition_2_1_6,46,13,624,601
loop_2056_circuit_no_condition_2_1_6,46,14,624,601
loop_2056_circuit_no_condition_2_1_6,46,15,624,601
loop_2056_circuit_no_condition_2_1_6,46,0,624,701
loop_2056_circuit_no_condition_2_1_6,46,1,624,701
loop_2056_circuit_no_condition_2_1_6,46,2,624,701
loop_2056_circuit_no_condition_2_1_6,46,3,624,701
loop_2056_circuit_no_condition_2_1_6,46,4,624,701
loop_2056_circuit_no_condition_2_1_6,46,5,5426,701
loop_2056_circuit_no_condition_2_1_6,46,6,4037,701
loop_2056_circuit_no_condition_2_1_6,46,7,624,701
loop_2056_circuit_no_condition_2_1_6,46,8,624,701
loop_2056_circuit_no_condition_2_1_6,46,9,624,701
loop_2056_circuit_no_condition_2_1_6,46,10,624,701
loop_2056_circuit_no_condition_2_1_6,46,11,624,701
loop_2056_circuit_no_condition_2_1_6,46,12,624,701
loop_2056_circuit_no_condition_2_1_6,46,13,624,701
loop_2056_circuit_no_condition_2_1_6,46,14,624,701
loop_2056_circuit_no_condition_2_1_6,46,15,624,701
loop_2056_circuit_no_condition_2_1_6,46,0,624,801
loop_2056_circuit_no_condition_2_1_6,46,1,624,801
loop_2056_circuit_no_condition_2_1_6,46,2,624,801
loop_2056_circuit_no_condition_2_1_6,46,3,624,801
loop_2056_circuit_no_condition_2_1_6,46,4,624,801
loop_2056_circuit_no_condition_2_1_6,46,5,5431,801
loop_2056_circuit_no_condition_2_1_6,46,6,624,801
loop_2056_circuit_no_condition_2_1_6,46,7,624,801
loop_2056_circuit_no_condition_2_1_6,46,8,624,801
loop_2056_circuit_no_condition_2_1_6,46,9,624,801
loop_2056_circuit_no_condition_2_1_6,46,10,624,801
loop_2056_circuit_no_condition_2_1_6,46,11,624,801
loop_2056_circuit_no_condition_2_1_6,46,12,624,801
loop_2056_circuit_no_condition_2_1_6,46,13,624,801
loop_2056_circuit_no_condition_2_1_6,46,14,624,801
loop_2056_circuit_no_condition_2_1_6,46,15,624,801
loop_2056_circuit_no_condition_2_1_6,46,0,624,901
loop_2056_circuit_no_condition_2_1_6,46,1,624,901
loop_2056_circuit_no_condition_2_1_6,46,2,624,901
loop_2056_circuit_no_condition_2_1_6,46,3,624,901
loop_2056_circuit_no_condition_2_1_6,46,4,624,901
loop_2056_circuit_no_condition_2_1_6,46,5,5428,901
loop_2056_circuit_no_condition_2_1_6,46,6,624,901
loop_2056_circuit_no_condition_2_1_6,46,7,624,901
loop_2056_circuit_no_condition_2_1_6,46,8,624,901
loop_2056_circuit_no_condition_2_1_6,46,9,624,901
loop_2056_circuit_no_condition_2_1_6,46,10,624,901
loop_2056_circuit_no_condition_2_1_6,46,11,624,901
loop_2056_circuit_no_condition_2_1_6,46,12,624,901
loop_2056_circuit_no_condition_2_1_6,46,13,624,901
loop_2056_circuit_no_condition_2_1_6,46,14,624,901
loop_2056_circuit_no_condition_2_1_6,46,15,624,901
loop_2056_circuit_no_condition_2_1_6,46,0,624,1001
loop_2056_circuit_no_condition_2_1_6,46,1,624,1001
loop_2056_circuit_no_condition_2_1_6,46,2,624,1001
loop_2056_circuit_no_condition_2_1_6,46,3,624,1001
loop_2056_circuit_no_condition_2_1_6,46,4,624,1001
loop_2056_circuit_no_condition_2_1_6,46,5,5430,1001
loop_2056_circuit_no_condition_2_1_6,46,6,624,1001
loop_2056_circuit_no_condition_2_1_6,46,7,624,1001
loop_2056_circuit_no_condition_2_1_6,46,8,624,1001
loop_2056_circuit_no_condition_2_1_6,46,9,624,1001
loop_2056_circuit_no_condition_2_1_6,46,10,624,1001
loop_2056_circuit_no_condition_2_1_6,46,11,624,1001
loop_2056_circuit_no_condition_2_1_6,46,12,624,1001
loop_2056_circuit_no_condition_2_1_6,46,13,624,1001
loop_2056_circuit_no_condition_2_1_6,46,14,624,1001
loop_2056_circuit_no_condition_2_1_6,46,15,624,1001
loop_2056_circuit_no_condition_2_1_6,46,0,624,1101
loop_2056_circuit_no_condition_2_1_6,46,1,624,1101
loop_2056_circuit_no_condition_2_1_6,46,2,624,1101
loop_2056_circuit_no_condition_2_1_6,46,3,624,1101
loop_2056_circuit_no_condition_2_1_6,46,4,624,1101
loop_2056_circuit_no_condition_2_1_6,46,5,5430,1101
loop_2056_circuit_no_condition_2_1_6,46,6,624,1101
loop_2056_circuit_no_condition_2_1_6,46,7,4581,1101
loop_2056_circuit_no_condition_2_1_6,46,8,624,1101
loop_2056_circuit_no_condition_2_1_6,46,9,624,1101
loop_2056_circuit_no_condition_2_1_6,46,10,624,1101
loop_2056_circuit_no_condition_2_1_6,46,11,624,1101
loop_2056_circuit_no_condition_2_1_6,46,12,624,1101
loop_2056_circuit_no_condition_2_1_6,46,13,624,1101
loop_2056_circuit_no_condition_2_1_6,46,14,624,1101
loop_2056_circuit_no_condition_2_1_6,46,15,624,1101
loop_2056_circuit_no_condition_2_1_6,46,0,624,1202
loop_2056_circuit_no_condition_2_1_6,46,1,624,1202
loop_2056_circuit_no_condition_2_1_6,46,2,624,1202
loop_2056_circuit_no_condition_2_1_6,46,3,624,1202
loop_2056_circuit_no_condition_2_1_6,46,4,3456,1202
loop_2056_circuit_no_condition_2_1_6,46,5,5430,1202
loop_2056_circuit_no_condition_2_1_6,46,6,624,1202
loop_2056_circuit_no_condition_2_1_6,46,7,624,1202
loop_2056_circuit_no_condition_2_1_6,46,8,624,1202
loop_2056_circuit_no_condition_2_1_6,46,9,624,1202
loop_2056_circuit_no_condition_2_1_6,46,10,624,1202
loop_2056_circuit_no_condition_2_1_6,46,11,624,1202
loop_2056_circuit_no_condition_2_1_6,46,12,624,1202
loop_2056_circuit_no_condition_2_1_6,46,13,624,1202
loop_2056_circuit_no_condition_2_1_6,46,14,624,1202
loop_2056_circuit_no_condition_2_1_6,46,15,624,1202
loop_2056_circuit_no_condition_2_1_6,46,0,624,1301
loop_2056_circuit_no_condition_2_1_6,46,1,624,1301
loop_2056_circuit_no_condition_2_1_6,46,2,624,1301
loop_2056_circuit_no_condition_2_1_6,46,3,624,1301
loop_2056_circuit_no_condition_2_1_6,46,4,624,1301
loop_2056_circuit_no_condition_2_1_6,46,5,5428,1301
loop_2056_circuit_no_condition_2_1_6,46,6,624,1301
loop_2056_circuit_no_condition_2_1_6,46,7,624,1301
loop_2056_circuit_no_condition_2_1_6,46,8,624,1301
loop_2056_circuit_no_condition_2_1_6,46,9,624,1301
loop_2056_circuit_no_condition_2_1_6,46,10,624,1301
loop_2056_circuit_no_condition_2_1_6,46,11,624,1301
loop_2056_circuit_no_condition_2_1_6,46,12,624,1301
loop_2056_circuit_no_condition_2_1_6,46,13,624,1301
loop_2056_circuit_no_condition_2_1_6,46,14,624,1301
loop_2056_circuit_no_condition_2_1_6,46,15,624,1301
loop_2056_circuit_no_condition_2_1_6,46,0,624,1401
loop_2056_circuit_no_condition_2_1_6,46,1,624,1401
loop_2056_circuit_no_condition_2_1_6,46,2,624,1401
loop_2056_circuit_no_condition_2_1_6,46,3,624,1401
loop_2056_circuit_no_condition_2_1_6,46,4,624,1401
loop_2056_circuit_no_condition_2_1_6,46,5,5429,1401
loop_2056_circuit_no_condition_2_1_6,46,6,624,1401
loop_2056_circuit_no_condition_2_1_6,46,7,4577,1401
loop_2056_circuit_no_condition_2_1_6,46,8,624,1401
loop_2056_circuit_no_condition_2_1_6,46,9,624,1401
loop_2056_circuit_no_condition_2_1_6,46,10,624,1401
loop_2056_circuit_no_condition_2_1_6,46,11,624,1401
loop_2056_circuit_no_condition_2_1_6,46,12,624,1401
loop_2056_circuit_no_condition_2_1_6,46,13,624,1401
loop_2056_circuit_no_condition_2_1_6,46,14,4043,1401
loop_2056_circuit_no_condition_2_1_6,46,15,624,1401
loop_2056_circuit_no_condition_2_1_6,46,0,624,1501
loop_2056_circuit_no_condition_2_1_6,46,1,624,1501
loop_2056_circuit_no_condition_2_1_6,46,2,624,1501
loop_2056_circuit_no_condition_2_1_6,46,3,624,1501
loop_2056_circuit_no_condition_2_1_6,46,4,624,1501
loop_2056_circuit_no_condition_2_1_6,46,5,5429,1501
loop_2056_circuit_no_condition_2_1_6,46,6,624,1501
loop_2056_circuit_no_condition_2_1_6,46,7,624,1501
loop_2056_circuit_no_condition_2_1_6,46,8,624,1501
loop_2056_circuit_no_condition_2_1_6,46,9,624,1501
loop_2056_circuit_no_condition_2_1_6,46,10,624,1501
loop_2056_circuit_no_condition_2_1_6,46,11,624,1501
loop_2056_circuit_no_condition_2_1_6,46,12,624,1501
loop_2056_circuit_no_condition_2_1_6,46,13,624,1501
loop_2056_circuit_no_condition_2_1_6,46,14,624,1501
loop_2056_circuit_no_condition_2_1_6,46,15,624,1501
loop_2056_circuit_no_condition_2_1_6,46,0,624,1601
loop_2056_circuit_no_condition_2_1_6,46,1,624,1601
loop_2056_circuit_no_condition_2_1_6,46,2,624,1601
loop_2056_circuit_no_condition_2_1_6,46,3,624,1601
loop_2056_circuit_no_condition_2_1_6,46,4,624,1601
loop_2056_circuit_no_condition_2_1_6,46,5,5429,1601
loop_2056_circuit_no_condition_2_1_6,46,6,624,1601
loop_2056_circuit_no_condition_2_1_6,46,7,624,1601
loop_2056_circuit_no_condition_2_1_6,46,8,624,1601
loop_2056_circuit_no_condition_2_1_6,46,9,624,1601
loop_2056_circuit_no_condition_2_1_6,46,10,624,1601
loop_2056_circuit_no_condition_2_1_6,46,11,624,1601
loop_2056_circuit_no_condition_2_1_6,46,12,624,1601
loop_2056_circuit_no_condition_2_1_6,46,13,624,1601
loop_2056_circuit_no_condition_2_1_6,46,14,624,1601
loop_2056_circuit_no_condition_2_1_6,46,15,4575,1601
loop_2056_circuit_no_condition_2_1_6,46,0,624,1701
loop_2056_circuit_no_condition_2_1_6,46,1,624,1701
loop_2056_circuit_no_condition_2_1_6,46,2,624,1701
loop_2056_circuit_no_condition_2_1_6,46,3,624,1701
loop_2056_circuit_no_condition_2_1_6,46,4,624,1701
loop_2056_circuit_no_condition_2_1_6,46,5,5429,1701
loop_2056_circuit_no_condition_2_1_6,46,6,624,1701
loop_2056_circuit_no_condition_2_1_6,46,7,624,1701
loop_2056_circuit_no_condition_2_1_6,46,8,624,1701
loop_2056_circuit_no_condition_2_1_6,46,9,624,1701
loop_2056_circuit_no_condition_2_1_6,46,10,624,1701
loop_2056_circuit_no_condition_2_1_6,46,11,624,1701
loop_2056_circuit_no_condition_2_1_6,46,12,624,1701
loop_2056_circuit_no_condition_2_1_6,46,13,624,1701
loop_2056_circuit_no_condition_2_1_6,46,14,624,1701
loop_2056_circuit_no_condition_2_1_6,46,15,624,1701
loop_2056_circuit_no_condition_2_1_6,46,0,624,1801
loop_2056_circuit_no_condition_2_1_6,46,1,624,1801
loop_2056_circuit_no_condition_2_1_6,46,2,624,1801
loop_2056_circuit_no_condition_2_1_6,46,3,624,1801
loop_2056_circuit_no_condition_2_1_6,46,4,624,1801
loop_2056_circuit_no_condition_2_1_6,46,5,5430,1801
loop_2056_circuit_no_condition_2_1_6,46,6,624,1801
loop_2056_circuit_no_condition_2_1_6,46,7,624,1801
loop_2056_circuit_no_condition_2_1_6,46,8,624,1801
loop_2056_circuit_no_condition_2_1_6,46,9,624,1801
loop_2056_circuit_no_condition_2_1_6,46,10,624,1801
loop_2056_circuit_no_condition_2_1_6,46,11,624,1801
loop_2056_circuit_no_condition_2_1_6,46,12,624,1801
loop_2056_circuit_no_condition_2_1_6,46,13,624,1801
loop_2056_circuit_no_condition_2_1_6,46,14,624,1801
loop_2056_circuit_no_condition_2_1_6,46,15,624,1801
loop_2056_circuit_no_condition_2_1_6,46,0,5393,1901
loop_2056_circuit_no_condition_2_1_6,46,1,624,1901
loop_2056_circuit_no_condition_2_1_6,46,2,5349,1901
loop_2056_circuit_no_condition_2_1_6,46,3,5390,1901
loop_2056_circuit_no_condition_2_1_6,46,4,624,1901
loop_2056_circuit_no_condition_2_1_6,46,5,5389,1901
loop_2056_circuit_no_condition_2_1_6,46,6,5337,1901
loop_2056_circuit_no_condition_2_1_6,46,7,5422,1901
loop_2056_circuit_no_condition_2_1_6,46,8,5363,1901
loop_2056_circuit_no_condition_2_1_6,46,9,5425,1901
loop_2056_circuit_no_condition_2_1_6,46,10,5416,1901
loop_2056_circuit_no_condition_2_1_6,46,11,5394,1901
loop_2056_circuit_no_condition_2_1_6,46,12,5417,1901
loop_2056_circuit_no_condition_2_1_6,46,13,5353,1901
loop_2056_circuit_no_condition_2_1_6,46,14,5399,1901
loop_2056_circuit_no_condition_2_1_6,46,15,5422,1901
loop_2056_circuit_no_condition_2_1_6,47,0,5086,0
loop_2056_circuit_no_condition_2_1_6,47,1,5419,0
loop_2056_circuit_no_condition_2_1_6,47,2,5421,0
loop_2056_circuit_no_condition_2_1_6,47,3,5417,0
loop_2056_circuit_no_condition_2_1_6,47,4,5428,0
loop_2056_circuit_no_condition_2_1_6,47,5,5428,0
loop_2056_circuit_no_condition_2_1_6,47,6,5431,0
loop_2056_circuit_no_condition_2_1_6,47,7,624,0
loop_2056_circuit_no_condition_2_1_6,47,8,624,0
loop_2056_circuit_no_condition_2_1_6,47,9,624,0
loop_2056_circuit_no_condition_2_1_6,47,10,624,0
loop_2056_circuit_no_condition_2_1_6,47,11,5415,0
loop_2056_circuit_no_condition_2_1_6,47,12,624,0
loop_2056_circuit_no_condition_2_1_6,47,13,624,0
loop_2056_circuit_no_condition_2_1_6,47,14,624,0
loop_2056_circuit_no_condition_2_1_6,47,15,5421,0
loop_2056_circuit_no_condition_2_1_6,47,0,5417,100
loop_2056_circuit_no_condition_2_1_6,47,1,5369,100
loop_2056_circuit_no_condition_2_1_6,47,2,5375,100
loop_2056_circuit_no_condition_2_1_6,47,3,5401,100
loop_2056_circuit_no_condition_2_1_6,47,4,5427,100
loop_2056_circuit_no_condition_2_1_6,47,5,5420,100
loop_2056_circuit_no_condition_2_1_6,47,6,5407,100
loop_2056_circuit_no_condition_2_1_6,47,7,5422,100
loop_2056_circuit_no_condition_2_1_6,47,8,5411,100
loop_2056_circuit_no_condition_2_1_6,47,9,5322,100
loop_2056_circuit_no_condition_2_1_6,47,10,5418,100
loop_2056_circuit_no_condition_2_1_6,47,11,5418,100
loop_2056_circuit_no_condition_2_1_6,47,12,5414,100
loop_2056_circuit_no_condition_2_1_6,47,13,5313,100
loop_2056_circuit_no_condition_2_1_6,47,14,5362,100
loop_2056_circuit_no_condition_2_1_6,47,15,5405,100
loop_2056_circuit_no_condition_2_1_6,47,0,5400,200
loop_2056_circuit_no_condition_2_1_6,47,1,5407,200
loop_2056_circuit_no_condition_2_1_6,47,2,5428,200
loop_2056_circuit_no_condition_2_1_6,47,3,5426,200
loop_2056_circuit_no_condition_2_1_6,47,4,5435,200
loop_2056_circuit_no_condition_2_1_6,47,5,5410,200
loop_2056_circuit_no_condition_2_1_6,47,6,5189,200
loop_2056_circuit_no_condition_2_1_6,47,7,5411,200
loop_2056_circuit_no_condition_2_1_6,47,8,5411,200
loop_2056_circuit_no_condition_2_1_6,47,9,5411,200
loop_2056_circuit_no_condition_2_1_6,47,10,5413,200
loop_2056_circuit_no_condition_2_1_6,47,11,5411,200
loop_2056_circuit_no_condition_2_1_6,47,12,5412,200
loop_2056_circuit_no_condition_2_1_6,47,13,5411,200
loop_2056_circuit_no_condition_2_1_6,47,14,5411,200
loop_2056_circuit_no_condition_2_1_6,47,15,5412,200
loop_2056_circuit_no_condition_2_1_6,47,0,624,301
loop_2056_circuit_no_condition_2_1_6,47,1,624,301
loop_2056_circuit_no_condition_2_1_6,47,2,5418,301
loop_2056_circuit_no_condition_2_1_6,47,3,624,301
loop_2056_circuit_no_condition_2_1_6,47,4,5429,301
loop_2056_circuit_no_condition_2_1_6,47,5,5420,301
loop_2056_circuit_no_condition_2_1_6,47,6,624,301
loop_2056_circuit_no_condition_2_1_6,47,7,5427,301
loop_2056_circuit_no_condition_2_1_6,47,8,624,301
loop_2056_circuit_no_condition_2_1_6,47,9,5399,301
loop_2056_circuit_no_condition_2_1_6,47,10,624,301
loop_2056_circuit_no_condition_2_1_6,47,11,5423,301
loop_2056_circuit_no_condition_2_1_6,47,12,624,301
loop_2056_circuit_no_condition_2_1_6,47,13,624,301
loop_2056_circuit_no_condition_2_1_6,47,14,624,301
loop_2056_circuit_no_condition_2_1_6,47,15,624,301
loop_2056_circuit_no_condition_2_1_6,47,0,624,400
loop_2056_circuit_no_condition_2_1_6,47,1,624,400
loop_2056_circuit_no_condition_2_1_6,47,2,624,400
loop_2056_circuit_no_condition_2_1_6,47,3,624,400
loop_2056_circuit_no_condition_2_1_6,47,4,5430,400
loop_2056_circuit_no_condition_2_1_6,47,5,624,400
loop_2056_circuit_no_condition_2_1_6,47,6,624,400
loop_2056_circuit_no_condition_2_1_6,47,7,4596,400
loop_2056_circuit_no_condition_2_1_6,47,8,624,400
loop_2056_circuit_no_condition_2_1_6,47,9,624,400
loop_2056_circuit_no_condition_2_1_6,47,10,624,400
loop_2056_circuit_no_condition_2_1_6,47,11,624,400
loop_2056_circuit_no_condition_2_1_6,47,12,624,400
loop_2056_circuit_no_condition_2_1_6,47,13,624,400
loop_2056_circuit_no_condition_2_1_6,47,14,624,400
loop_2056_circuit_no_condition_2_1_6,47,15,624,400
loop_2056_circuit_no_condition_2_1_6,47,0,5414,500
loop_2056_circuit_no_condition_2_1_6,47,1,624,500
loop_2056_circuit_no_condition_2_1_6,47,2,624,500
loop_2056_circuit_no_condition_2_1_6,47,3,4657,500
loop_2056_circuit_no_condition_2_1_6,47,4,5426,500
loop_2056_circuit_no_condition_2_1_6,47,5,624,500
loop_2056_circuit_no_condition_2_1_6,47,6,624,500
loop_2056_circuit_no_condition_2_1_6,47,7,624,500
loop_2056_circuit_no_condition_2_1_6,47,8,624,500
loop_2056_circuit_no_condition_2_1_6,47,9,624,500
loop_2056_circuit_no_condition_2_1_6,47,10,624,500
loop_2056_circuit_no_condition_2_1_6,47,11,624,500
loop_2056_circuit_no_condition_2_1_6,47,12,624,500
loop_2056_circuit_no_condition_2_1_6,47,13,624,500
loop_2056_circuit_no_condition_2_1_6,47,14,624,500
loop_2056_circuit_no_condition_2_1_6,47,15,624,500
loop_2056_circuit_no_condition_2_1_6,47,0,624,600
loop_2056_circuit_no_condition_2_1_6,47,1,624,600
loop_2056_circuit_no_condition_2_1_6,47,2,624,600
loop_2056_circuit_no_condition_2_1_6,47,3,624,600
loop_2056_circuit_no_condition_2_1_6,47,4,5433,600
loop_2056_circuit_no_condition_2_1_6,47,5,624,600
loop_2056_circuit_no_condition_2_1_6,47,6,624,600
loop_2056_circuit_no_condition_2_1_6,47,7,624,600
loop_2056_circuit_no_condition_2_1_6,47,8,624,600
loop_2056_circuit_no_condition_2_1_6,47,9,624,600
loop_2056_circuit_no_condition_2_1_6,47,10,624,600
loop_2056_circuit_no_condition_2_1_6,47,11,624,600
loop_2056_circuit_no_condition_2_1_6,47,12,624,600
loop_2056_circuit_no_condition_2_1_6,47,13,624,600
loop_2056_circuit_no_condition_2_1_6,47,14,624,600
loop_2056_circuit_no_condition_2_1_6,47,15,624,600
loop_2056_circuit_no_condition_2_1_6,47,0,624,700
loop_2056_circuit_no_condition_2_1_6,47,1,624,700
loop_2056_circuit_no_condition_2_1_6,47,2,624,700
loop_2056_circuit_no_condition_2_1_6,47,3,624,700
loop_2056_circuit_no_condition_2_1_6,47,4,5431,700
loop_2056_circuit_no_condition_2_1_6,47,5,624,700
loop_2056_circuit_no_condition_2_1_6,47,6,624,700
loop_2056_circuit_no_condition_2_1_6,47,7,624,700
loop_2056_circuit_no_condition_2_1_6,47,8,624,700
loop_2056_circuit_no_condition_2_1_6,47,9,624,700
loop_2056_circuit_no_condition_2_1_6,47,10,624,700
loop_2056_circuit_no_condition_2_1_6,47,11,624,700
loop_2056_circuit_no_condition_2_1_6,47,12,624,700
loop_2056_circuit_no_condition_2_1_6,47,13,624,700
loop_2056_circuit_no_condition_2_1_6,47,14,624,700
loop_2056_circuit_no_condition_2_1_6,47,15,624,700
loop_2056_circuit_no_condition_2_1_6,47,0,624,800
loop_2056_circuit_no_condition_2_1_6,47,1,624,800
loop_2056_circuit_no_condition_2_1_6,47,2,624,800
loop_2056_circuit_no_condition_2_1_6,47,3,624,800
loop_2056_circuit_no_condition_2_1_6,47,4,5430,800
loop_2056_circuit_no_condition_2_1_6,47,5,624,800
loop_2056_circuit_no_condition_2_1_6,47,6,624,800
loop_2056_circuit_no_condition_2_1_6,47,7,624,800
loop_2056_circuit_no_condition_2_1_6,47,8,624,800
loop_2056_circuit_no_condition_2_1_6,47,9,624,800
loop_2056_circuit_no_condition_2_1_6,47,10,624,800
loop_2056_circuit_no_condition_2_1_6,47,11,624,800
loop_2056_circuit_no_condition_2_1_6,47,12,624,800
loop_2056_circuit_no_condition_2_1_6,47,13,624,800
loop_2056_circuit_no_condition_2_1_6,47,14,624,800
loop_2056_circuit_no_condition_2_1_6,47,15,624,800
loop_2056_circuit_no_condition_2_1_6,47,0,624,900
loop_2056_circuit_no_condition_2_1_6,47,1,624,900
loop_2056_circuit_no_condition_2_1_6,47,2,624,900
loop_2056_circuit_no_condition_2_1_6,47,3,624,900
loop_2056_circuit_no_condition_2_1_6,47,4,5430,900
loop_2056_circuit_no_condition_2_1_6,47,5,624,900
loop_2056_circuit_no_condition_2_1_6,47,6,624,900
loop_2056_circuit_no_condition_2_1_6,47,7,624,900
loop_2056_circuit_no_condition_2_1_6,47,8,624,900
loop_2056_circuit_no_condition_2_1_6,47,9,624,900
loop_2056_circuit_no_condition_2_1_6,47,10,624,900
loop_2056_circuit_no_condition_2_1_6,47,11,624,900
loop_2056_circuit_no_condition_2_1_6,47,12,624,900
loop_2056_circuit_no_condition_2_1_6,47,13,624,900
loop_2056_circuit_no_condition_2_1_6,47,14,624,900
loop_2056_circuit_no_condition_2_1_6,47,15,624,900
loop_2056_circuit_no_condition_2_1_6,47,0,624,1000
loop_2056_circuit_no_condition_2_1_6,47,1,624,1000
loop_2056_circuit_no_condition_2_1_6,47,2,624,1000
loop_2056_circuit_no_condition_2_1_6,47,3,624,1000
loop_2056_circuit_no_condition_2_1_6,47,4,5429,1000
loop_2056_circuit_no_condition_2_1_6,47,5,624,1000
loop_2056_circuit_no_condition_2_1_6,47,6,624,1000
loop_2056_circuit_no_condition_2_1_6,47,7,624,1000
loop_2056_circuit_no_condition_2_1_6,47,8,624,1000
loop_2056_circuit_no_condition_2_1_6,47,9,624,1000
loop_2056_circuit_no_condition_2_1_6,47,10,624,1000
loop_2056_circuit_no_condition_2_1_6,47,11,624,1000
loop_2056_circuit_no_condition_2_1_6,47,12,624,1000
loop_2056_circuit_no_condition_2_1_6,47,13,624,1000
loop_2056_circuit_no_condition_2_1_6,47,14,624,1000
loop_2056_circuit_no_condition_2_1_6,47,15,624,1000
loop_2056_circuit_no_condition_2_1_6,47,0,624,1101
loop_2056_circuit_no_condition_2_1_6,47,1,624,1101
loop_2056_circuit_no_condition_2_1_6,47,2,624,1101
loop_2056_circuit_no_condition_2_1_6,47,3,624,1101
loop_2056_circuit_no_condition_2_1_6,47,4,5431,1101
loop_2056_circuit_no_condition_2_1_6,47,5,624,1101
loop_2056_circuit_no_condition_2_1_6,47,6,624,1101
loop_2056_circuit_no_condition_2_1_6,47,7,624,1101
loop_2056_circuit_no_condition_2_1_6,47,8,624,1101
loop_2056_circuit_no_condition_2_1_6,47,9,624,1101
loop_2056_circuit_no_condition_2_1_6,47,10,624,1101
loop_2056_circuit_no_condition_2_1_6,47,11,624,1101
loop_2056_circuit_no_condition_2_1_6,47,12,624,1101
loop_2056_circuit_no_condition_2_1_6,47,13,624,1101
loop_2056_circuit_no_condition_2_1_6,47,14,624,1101
loop_2056_circuit_no_condition_2_1_6,47,15,624,1101
loop_2056_circuit_no_condition_2_1_6,47,0,624,1200
loop_2056_circuit_no_condition_2_1_6,47,1,624,1200
loop_2056_circuit_no_condition_2_1_6,47,2,624,1200
loop_2056_circuit_no_condition_2_1_6,47,3,624,1200
loop_2056_circuit_no_condition_2_1_6,47,4,5429,1200
loop_2056_circuit_no_condition_2_1_6,47,5,3599,1200
loop_2056_circuit_no_condition_2_1_6,47,6,624,1200
loop_2056_circuit_no_condition_2_1_6,47,7,624,1200
loop_2056_circuit_no_condition_2_1_6,47,8,624,1200
loop_2056_circuit_no_condition_2_1_6,47,9,624,1200
loop_2056_circuit_no_condition_2_1_6,47,10,624,1200
loop_2056_circuit_no_condition_2_1_6,47,11,624,1200
loop_2056_circuit_no_condition_2_1_6,47,12,624,1200
loop_2056_circuit_no_condition_2_1_6,47,13,624,1200
loop_2056_circuit_no_condition_2_1_6,47,14,624,1200
loop_2056_circuit_no_condition_2_1_6,47,15,624,1200
loop_2056_circuit_no_condition_2_1_6,47,0,624,1300
loop_2056_circuit_no_condition_2_1_6,47,1,624,1300
loop_2056_circuit_no_condition_2_1_6,47,2,624,1300
loop_2056_circuit_no_condition_2_1_6,47,3,624,1300
loop_2056_circuit_no_condition_2_1_6,47,4,5429,1300
loop_2056_circuit_no_condition_2_1_6,47,5,624,1300
loop_2056_circuit_no_condition_2_1_6,47,6,624,1300
loop_2056_circuit_no_condition_2_1_6,47,7,624,1300
loop_2056_circuit_no_condition_2_1_6,47,8,624,1300
loop_2056_circuit_no_condition_2_1_6,47,9,624,1300
loop_2056_circuit_no_condition_2_1_6,47,10,624,1300
loop_2056_circuit_no_condition_2_1_6,47,11,624,1300
loop_2056_circuit_no_condition_2_1_6,47,12,624,1300
loop_2056_circuit_no_condition_2_1_6,47,13,624,1300
loop_2056_circuit_no_condition_2_1_6,47,14,624,1300
loop_2056_circuit_no_condition_2_1_6,47,15,624,1300
loop_2056_circuit_no_condition_2_1_6,47,0,624,1400
loop_2056_circuit_no_condition_2_1_6,47,1,624,1400
loop_2056_circuit_no_condition_2_1_6,47,2,624,1400
loop_2056_circuit_no_condition_2_1_6,47,3,624,1400
loop_2056_circuit_no_condition_2_1_6,47,4,5429,1400
loop_2056_circuit_no_condition_2_1_6,47,5,624,1400
loop_2056_circuit_no_condition_2_1_6,47,6,624,1400
loop_2056_circuit_no_condition_2_1_6,47,7,4591,1400
loop_2056_circuit_no_condition_2_1_6,47,8,624,1400
loop_2056_circuit_no_condition_2_1_6,47,9,624,1400
loop_2056_circuit_no_condition_2_1_6,47,10,624,1400
loop_2056_circuit_no_condition_2_1_6,47,11,624,1400
loop_2056_circuit_no_condition_2_1_6,47,12,624,1400
loop_2056_circuit_no_condition_2_1_6,47,13,624,1400
loop_2056_circuit_no_condition_2_1_6,47,14,624,1400
loop_2056_circuit_no_condition_2_1_6,47,15,624,1400
loop_2056_circuit_no_condition_2_1_6,47,0,624,1500
loop_2056_circuit_no_condition_2_1_6,47,1,624,1500
loop_2056_circuit_no_condition_2_1_6,47,2,624,1500
loop_2056_circuit_no_condition_2_1_6,47,3,624,1500
loop_2056_circuit_no_condition_2_1_6,47,4,5429,1500
loop_2056_circuit_no_condition_2_1_6,47,5,624,1500
loop_2056_circuit_no_condition_2_1_6,47,6,624,1500
loop_2056_circuit_no_condition_2_1_6,47,7,624,1500
loop_2056_circuit_no_condition_2_1_6,47,8,624,1500
loop_2056_circuit_no_condition_2_1_6,47,9,624,1500
loop_2056_circuit_no_condition_2_1_6,47,10,624,1500
loop_2056_circuit_no_condition_2_1_6,47,11,624,1500
loop_2056_circuit_no_condition_2_1_6,47,12,624,1500
loop_2056_circuit_no_condition_2_1_6,47,13,624,1500
loop_2056_circuit_no_condition_2_1_6,47,14,624,1500
loop_2056_circuit_no_condition_2_1_6,47,15,624,1500
loop_2056_circuit_no_condition_2_1_6,47,0,624,1601
loop_2056_circuit_no_condition_2_1_6,47,1,624,1601
loop_2056_circuit_no_condition_2_1_6,47,2,624,1601
loop_2056_circuit_no_condition_2_1_6,47,3,624,1601
loop_2056_circuit_no_condition_2_1_6,47,4,5429,1601
loop_2056_circuit_no_condition_2_1_6,47,5,624,1601
loop_2056_circuit_no_condition_2_1_6,47,6,4229,1601
loop_2056_circuit_no_condition_2_1_6,47,7,624,1601
loop_2056_circuit_no_condition_2_1_6,47,8,624,1601
loop_2056_circuit_no_condition_2_1_6,47,9,624,1601
loop_2056_circuit_no_condition_2_1_6,47,10,624,1601
loop_2056_circuit_no_condition_2_1_6,47,11,624,1601
loop_2056_circuit_no_condition_2_1_6,47,12,624,1601
loop_2056_circuit_no_condition_2_1_6,47,13,624,1601
loop_2056_circuit_no_condition_2_1_6,47,14,624,1601
loop_2056_circuit_no_condition_2_1_6,47,15,624,1601
loop_2056_circuit_no_condition_2_1_6,47,0,624,1700
loop_2056_circuit_no_condition_2_1_6,47,1,624,1700
loop_2056_circuit_no_condition_2_1_6,47,2,624,1700
loop_2056_circuit_no_condition_2_1_6,47,3,624,1700
loop_2056_circuit_no_condition_2_1_6,47,4,5432,1700
loop_2056_circuit_no_condition_2_1_6,47,5,624,1700
loop_2056_circuit_no_condition_2_1_6,47,6,624,1700
loop_2056_circuit_no_condition_2_1_6,47,7,624,1700
loop_2056_circuit_no_condition_2_1_6,47,8,624,1700
loop_2056_circuit_no_condition_2_1_6,47,9,624,1700
loop_2056_circuit_no_condition_2_1_6,47,10,624,1700
loop_2056_circuit_no_condition_2_1_6,47,11,624,1700
loop_2056_circuit_no_condition_2_1_6,47,12,624,1700
loop_2056_circuit_no_condition_2_1_6,47,13,624,1700
loop_2056_circuit_no_condition_2_1_6,47,14,624,1700
loop_2056_circuit_no_condition_2_1_6,47,15,624,1700
loop_2056_circuit_no_condition_2_1_6,47,0,624,1800
loop_2056_circuit_no_condition_2_1_6,47,1,624,1800
loop_2056_circuit_no_condition_2_1_6,47,2,624,1800
loop_2056_circuit_no_condition_2_1_6,47,3,624,1800
loop_2056_circuit_no_condition_2_1_6,47,4,5429,1800
loop_2056_circuit_no_condition_2_1_6,47,5,624,1800
loop_2056_circuit_no_condition_2_1_6,47,6,5422,1800
loop_2056_circuit_no_condition_2_1_6,47,7,624,1800
loop_2056_circuit_no_condition_2_1_6,47,8,624,1800
loop_2056_circuit_no_condition_2_1_6,47,9,624,1800
loop_2056_circuit_no_condition_2_1_6,47,10,624,1800
loop_2056_circuit_no_condition_2_1_6,47,11,624,1800
loop_2056_circuit_no_condition_2_1_6,47,12,624,1800
loop_2056_circuit_no_condition_2_1_6,47,13,624,1800
loop_2056_circuit_no_condition_2_1_6,47,14,624,1800
loop_2056_circuit_no_condition_2_1_6,47,15,624,1800
loop_2056_circuit_no_condition_2_1_6,47,0,5435,1900
loop_2056_circuit_no_condition_2_1_6,47,1,5427,1900
loop_2056_circuit_no_condition_2_1_6,47,2,5391,1900
loop_2056_circuit_no_condition_2_1_6,47,3,624,1900
loop_2056_circuit_no_condition_2_1_6,47,4,5435,1900
loop_2056_circuit_no_condition_2_1_6,47,5,5431,1900
loop_2056_circuit_no_condition_2_1_6,47,6,5427,1900
loop_2056_circuit_no_condition_2_1_6,47,7,624,1900
loop_2056_circuit_no_condition_2_1_6,47,8,624,1900
loop_2056_circuit_no_condition_2_1_6,47,9,624,1900
loop_2056_circuit_no_condition_2_1_6,47,10,5421,1900
loop_2056_circuit_no_condition_2_1_6,47,11,5417,1900
loop_2056_circuit_no_condition_2_1_6,47,12,5430,1900
loop_2056_circuit_no_condition_2_1_6,47,13,5420,1900
loop_2056_circuit_no_condition_2_1_6,47,14,5423,1900
loop_2056_circuit_no_condition_2_1_6,47,15,5434,1900
loop_2056_circuit_no_condition_2_1_6,48,0,5426,1
loop_2056_circuit_no_condition_2_1_6,48,1,5417,1
loop_2056_circuit_no_condition_2_1_6,48,2,3207,1
loop_2056_circuit_no_condition_2_1_6,48,3,624,1
loop_2056_circuit_no_condition_2_1_6,48,4,5430,1
loop_2056_circuit_no_condition_2_1_6,48,5,5386,1
loop_2056_circuit_no_condition_2_1_6,48,6,5394,1
loop_2056_circuit_no_condition_2_1_6,48,7,5414,1
loop_2056_circuit_no_condition_2_1_6,48,8,624,1
loop_2056_circuit_no_condition_2_1_6,48,9,5421,1
loop_2056_circuit_no_condition_2_1_6,48,10,624,1
loop_2056_circuit_no_condition_2_1_6,48,11,5420,1
loop_2056_circuit_no_condition_2_1_6,48,12,5421,1
loop_2056_circuit_no_condition_2_1_6,48,13,624,1
loop_2056_circuit_no_condition_2_1_6,48,14,624,1
loop_2056_circuit_no_condition_2_1_6,48,15,624,1
loop_2056_circuit_no_condition_2_1_6,48,0,5361,100
loop_2056_circuit_no_condition_2_1_6,48,1,5395,100
loop_2056_circuit_no_condition_2_1_6,48,2,5381,100
loop_2056_circuit_no_condition_2_1_6,48,3,5373,100
loop_2056_circuit_no_condition_2_1_6,48,4,5426,100
loop_2056_circuit_no_condition_2_1_6,48,5,5405,100
loop_2056_circuit_no_condition_2_1_6,48,6,5418,100
loop_2056_circuit_no_condition_2_1_6,48,7,5359,100
loop_2056_circuit_no_condition_2_1_6,48,8,5380,100
loop_2056_circuit_no_condition_2_1_6,48,9,5422,100
loop_2056_circuit_no_condition_2_1_6,48,10,5417,100
loop_2056_circuit_no_condition_2_1_6,48,11,5417,100
loop_2056_circuit_no_condition_2_1_6,48,12,5418,100
loop_2056_circuit_no_condition_2_1_6,48,13,5426,100
loop_2056_circuit_no_condition_2_1_6,48,14,5420,100
loop_2056_circuit_no_condition_2_1_6,48,15,5425,100
loop_2056_circuit_no_condition_2_1_6,48,0,5107,201
loop_2056_circuit_no_condition_2_1_6,48,1,5102,201
loop_2056_circuit_no_condition_2_1_6,48,2,5107,201
loop_2056_circuit_no_condition_2_1_6,48,3,5103,201
loop_2056_circuit_no_condition_2_1_6,48,4,5413,201
loop_2056_circuit_no_condition_2_1_6,48,5,5101,201
loop_2056_circuit_no_condition_2_1_6,48,6,5101,201
loop_2056_circuit_no_condition_2_1_6,48,7,5098,201
loop_2056_circuit_no_condition_2_1_6,48,8,5103,201
loop_2056_circuit_no_condition_2_1_6,48,9,5102,201
loop_2056_circuit_no_condition_2_1_6,48,10,5107,201
loop_2056_circuit_no_condition_2_1_6,48,11,5103,201
loop_2056_circuit_no_condition_2_1_6,48,12,5404,201
loop_2056_circuit_no_condition_2_1_6,48,13,5101,201
loop_2056_circuit_no_condition_2_1_6,48,14,5101,201
loop_2056_circuit_no_condition_2_1_6,48,15,5098,201
loop_2056_circuit_no_condition_2_1_6,48,0,624,301
loop_2056_circuit_no_condition_2_1_6,48,1,624,301
loop_2056_circuit_no_condition_2_1_6,48,2,624,301
loop_2056_circuit_no_condition_2_1_6,48,3,624,301
loop_2056_circuit_no_condition_2_1_6,48,4,5426,301
loop_2056_circuit_no_condition_2_1_6,48,5,5428,301
loop_2056_circuit_no_condition_2_1_6,48,6,624,301
loop_2056_circuit_no_condition_2_1_6,48,7,624,301
loop_2056_circuit_no_condition_2_1_6,48,8,624,301
loop_2056_circuit_no_condition_2_1_6,48,9,624,301
loop_2056_circuit_no_condition_2_1_6,48,10,624,301
loop_2056_circuit_no_condition_2_1_6,48,11,624,301
loop_2056_circuit_no_condition_2_1_6,48,12,624,301
loop_2056_circuit_no_condition_2_1_6,48,13,624,301
loop_2056_circuit_no_condition_2_1_6,48,14,624,301
loop_2056_circuit_no_condition_2_1_6,48,15,624,301
loop_2056_circuit_no_condition_2_1_6,48,0,624,401
loop_2056_circuit_no_condition_2_1_6,48,1,624,401
loop_2056_circuit_no_condition_2_1_6,48,2,624,401
loop_2056_circuit_no_condition_2_1_6,48,3,624,401
loop_2056_circuit_no_condition_2_1_6,48,4,5435,401
loop_2056_circuit_no_condition_2_1_6,48,5,624,401
loop_2056_circuit_no_condition_2_1_6,48,6,624,401
loop_2056_circuit_no_condition_2_1_6,48,7,624,401
loop_2056_circuit_no_condition_2_1_6,48,8,624,401
loop_2056_circuit_no_condition_2_1_6,48,9,624,401
loop_2056_circuit_no_condition_2_1_6,48,10,624,401
loop_2056_circuit_no_condition_2_1_6,48,11,624,401
loop_2056_circuit_no_condition_2_1_6,48,12,624,401
loop_2056_circuit_no_condition_2_1_6,48,13,624,401
loop_2056_circuit_no_condition_2_1_6,48,14,624,401
loop_2056_circuit_no_condition_2_1_6,48,15,624,401
loop_2056_circuit_no_condition_2_1_6,48,0,624,501
loop_2056_circuit_no_condition_2_1_6,48,1,624,501
loop_2056_circuit_no_condition_2_1_6,48,2,624,501
loop_2056_circuit_no_condition_2_1_6,48,3,624,501
loop_2056_circuit_no_condition_2_1_6,48,4,5114,501
loop_2056_circuit_no_condition_2_1_6,48,5,5422,501
loop_2056_circuit_no_condition_2_1_6,48,6,624,501
loop_2056_circuit_no_condition_2_1_6,48,7,624,501
loop_2056_circuit_no_condition_2_1_6,48,8,624,501
loop_2056_circuit_no_condition_2_1_6,48,9,624,501
loop_2056_circuit_no_condition_2_1_6,48,10,624,501
loop_2056_circuit_no_condition_2_1_6,48,11,624,501
loop_2056_circuit_no_condition_2_1_6,48,12,624,501
loop_2056_circuit_no_condition_2_1_6,48,13,624,501
loop_2056_circuit_no_condition_2_1_6,48,14,624,501
loop_2056_circuit_no_condition_2_1_6,48,15,624,501
loop_2056_circuit_no_condition_2_1_6,48,0,624,600
loop_2056_circuit_no_condition_2_1_6,48,1,624,600
loop_2056_circuit_no_condition_2_1_6,48,2,624,600
loop_2056_circuit_no_condition_2_1_6,48,3,624,600
loop_2056_circuit_no_condition_2_1_6,48,4,624,600
loop_2056_circuit_no_condition_2_1_6,48,5,5431,600
loop_2056_circuit_no_condition_2_1_6,48,6,624,600
loop_2056_circuit_no_condition_2_1_6,48,7,624,600
loop_2056_circuit_no_condition_2_1_6,48,8,624,600
loop_2056_circuit_no_condition_2_1_6,48,9,624,600
loop_2056_circuit_no_condition_2_1_6,48,10,624,600
loop_2056_circuit_no_condition_2_1_6,48,11,624,600
loop_2056_circuit_no_condition_2_1_6,48,12,624,600
loop_2056_circuit_no_condition_2_1_6,48,13,624,600
loop_2056_circuit_no_condition_2_1_6,48,14,624,600
loop_2056_circuit_no_condition_2_1_6,48,15,624,600
loop_2056_circuit_no_condition_2_1_6,48,0,624,701
loop_2056_circuit_no_condition_2_1_6,48,1,624,701
loop_2056_circuit_no_condition_2_1_6,48,2,624,701
loop_2056_circuit_no_condition_2_1_6,48,3,624,701
loop_2056_circuit_no_condition_2_1_6,48,4,624,701
loop_2056_circuit_no_condition_2_1_6,48,5,5430,701
loop_2056_circuit_no_condition_2_1_6,48,6,624,701
loop_2056_circuit_no_condition_2_1_6,48,7,624,701
loop_2056_circuit_no_condition_2_1_6,48,8,624,701
loop_2056_circuit_no_condition_2_1_6,48,9,624,701
loop_2056_circuit_no_condition_2_1_6,48,10,624,701
loop_2056_circuit_no_condition_2_1_6,48,11,624,701
loop_2056_circuit_no_condition_2_1_6,48,12,624,701
loop_2056_circuit_no_condition_2_1_6,48,13,624,701
loop_2056_circuit_no_condition_2_1_6,48,14,624,701
loop_2056_circuit_no_condition_2_1_6,48,15,624,701
loop_2056_circuit_no_condition_2_1_6,48,0,624,801
loop_2056_circuit_no_condition_2_1_6,48,1,624,801
loop_2056_circuit_no_condition_2_1_6,48,2,624,801
loop_2056_circuit_no_condition_2_1_6,48,3,624,801
loop_2056_circuit_no_condition_2_1_6,48,4,624,801
loop_2056_circuit_no_condition_2_1_6,48,5,5424,801
loop_2056_circuit_no_condition_2_1_6,48,6,624,801
loop_2056_circuit_no_condition_2_1_6,48,7,624,801
loop_2056_circuit_no_condition_2_1_6,48,8,624,801
loop_2056_circuit_no_condition_2_1_6,48,9,624,801
loop_2056_circuit_no_condition_2_1_6,48,10,624,801
loop_2056_circuit_no_condition_2_1_6,48,11,624,801
loop_2056_circuit_no_condition_2_1_6,48,12,624,801
loop_2056_circuit_no_condition_2_1_6,48,13,624,801
loop_2056_circuit_no_condition_2_1_6,48,14,624,801
loop_2056_circuit_no_condition_2_1_6,48,15,624,801
loop_2056_circuit_no_condition_2_1_6,48,0,624,901
loop_2056_circuit_no_condition_2_1_6,48,1,624,901
loop_2056_circuit_no_condition_2_1_6,48,2,624,901
loop_2056_circuit_no_condition_2_1_6,48,3,624,901
loop_2056_circuit_no_condition_2_1_6,48,4,624,901
loop_2056_circuit_no_condition_2_1_6,48,5,5428,901
loop_2056_circuit_no_condition_2_1_6,48,6,624,901
loop_2056_circuit_no_condition_2_1_6,48,7,624,901
loop_2056_circuit_no_condition_2_1_6,48,8,624,901
loop_2056_circuit_no_condition_2_1_6,48,9,624,901
loop_2056_circuit_no_condition_2_1_6,48,10,624,901
loop_2056_circuit_no_condition_2_1_6,48,11,624,901
loop_2056_circuit_no_condition_2_1_6,48,12,624,901
loop_2056_circuit_no_condition_2_1_6,48,13,624,901
loop_2056_circuit_no_condition_2_1_6,48,14,624,901
loop_2056_circuit_no_condition_2_1_6,48,15,624,901
loop_2056_circuit_no_condition_2_1_6,48,0,624,1001
loop_2056_circuit_no_condition_2_1_6,48,1,624,1001
loop_2056_circuit_no_condition_2_1_6,48,2,624,1001
loop_2056_circuit_no_condition_2_1_6,48,3,624,1001
loop_2056_circuit_no_condition_2_1_6,48,4,624,1001
loop_2056_circuit_no_condition_2_1_6,48,5,5430,1001
loop_2056_circuit_no_condition_2_1_6,48,6,624,1001
loop_2056_circuit_no_condition_2_1_6,48,7,624,1001
loop_2056_circuit_no_condition_2_1_6,48,8,624,1001
loop_2056_circuit_no_condition_2_1_6,48,9,624,1001
loop_2056_circuit_no_condition_2_1_6,48,10,624,1001
loop_2056_circuit_no_condition_2_1_6,48,11,624,1001
loop_2056_circuit_no_condition_2_1_6,48,12,624,1001
loop_2056_circuit_no_condition_2_1_6,48,13,624,1001
loop_2056_circuit_no_condition_2_1_6,48,14,624,1001
loop_2056_circuit_no_condition_2_1_6,48,15,624,1001
loop_2056_circuit_no_condition_2_1_6,48,0,624,1101
loop_2056_circuit_no_condition_2_1_6,48,1,624,1101
loop_2056_circuit_no_condition_2_1_6,48,2,624,1101
loop_2056_circuit_no_condition_2_1_6,48,3,624,1101
loop_2056_circuit_no_condition_2_1_6,48,4,624,1101
loop_2056_circuit_no_condition_2_1_6,48,5,5429,1101
loop_2056_circuit_no_condition_2_1_6,48,6,624,1101
loop_2056_circuit_no_condition_2_1_6,48,7,624,1101
loop_2056_circuit_no_condition_2_1_6,48,8,624,1101
loop_2056_circuit_no_condition_2_1_6,48,9,624,1101
loop_2056_circuit_no_condition_2_1_6,48,10,624,1101
loop_2056_circuit_no_condition_2_1_6,48,11,624,1101
loop_2056_circuit_no_condition_2_1_6,48,12,624,1101
loop_2056_circuit_no_condition_2_1_6,48,13,624,1101
loop_2056_circuit_no_condition_2_1_6,48,14,624,1101
loop_2056_circuit_no_condition_2_1_6,48,15,624,1101
loop_2056_circuit_no_condition_2_1_6,48,0,624,1201
loop_2056_circuit_no_condition_2_1_6,48,1,624,1201
loop_2056_circuit_no_condition_2_1_6,48,2,624,1201
loop_2056_circuit_no_condition_2_1_6,48,3,624,1201
loop_2056_circuit_no_condition_2_1_6,48,4,624,1201
loop_2056_circuit_no_condition_2_1_6,48,5,5430,1201
loop_2056_circuit_no_condition_2_1_6,48,6,624,1201
loop_2056_circuit_no_condition_2_1_6,48,7,624,1201
loop_2056_circuit_no_condition_2_1_6,48,8,624,1201
loop_2056_circuit_no_condition_2_1_6,48,9,624,1201
loop_2056_circuit_no_condition_2_1_6,48,10,624,1201
loop_2056_circuit_no_condition_2_1_6,48,11,624,1201
loop_2056_circuit_no_condition_2_1_6,48,12,624,1201
loop_2056_circuit_no_condition_2_1_6,48,13,624,1201
loop_2056_circuit_no_condition_2_1_6,48,14,624,1201
loop_2056_circuit_no_condition_2_1_6,48,15,624,1201
loop_2056_circuit_no_condition_2_1_6,48,0,624,1301
loop_2056_circuit_no_condition_2_1_6,48,1,624,1301
loop_2056_circuit_no_condition_2_1_6,48,2,624,1301
loop_2056_circuit_no_condition_2_1_6,48,3,624,1301
loop_2056_circuit_no_condition_2_1_6,48,4,624,1301
loop_2056_circuit_no_condition_2_1_6,48,5,5430,1301
loop_2056_circuit_no_condition_2_1_6,48,6,624,1301
loop_2056_circuit_no_condition_2_1_6,48,7,624,1301
loop_2056_circuit_no_condition_2_1_6,48,8,624,1301
loop_2056_circuit_no_condition_2_1_6,48,9,624,1301
loop_2056_circuit_no_condition_2_1_6,48,10,624,1301
loop_2056_circuit_no_condition_2_1_6,48,11,624,1301
loop_2056_circuit_no_condition_2_1_6,48,12,624,1301
loop_2056_circuit_no_condition_2_1_6,48,13,624,1301
loop_2056_circuit_no_condition_2_1_6,48,14,624,1301
loop_2056_circuit_no_condition_2_1_6,48,15,624,1301
loop_2056_circuit_no_condition_2_1_6,48,0,624,1401
loop_2056_circuit_no_condition_2_1_6,48,1,624,1401
loop_2056_circuit_no_condition_2_1_6,48,2,624,1401
loop_2056_circuit_no_condition_2_1_6,48,3,624,1401
loop_2056_circuit_no_condition_2_1_6,48,4,624,1401
loop_2056_circuit_no_condition_2_1_6,48,5,5426,1401
loop_2056_circuit_no_condition_2_1_6,48,6,624,1401
loop_2056_circuit_no_condition_2_1_6,48,7,624,1401
loop_2056_circuit_no_condition_2_1_6,48,8,624,1401
loop_2056_circuit_no_condition_2_1_6,48,9,624,1401
loop_2056_circuit_no_condition_2_1_6,48,10,624,1401
loop_2056_circuit_no_condition_2_1_6,48,11,624,1401
loop_2056_circuit_no_condition_2_1_6,48,12,624,1401
loop_2056_circuit_no_condition_2_1_6,48,13,624,1401
loop_2056_circuit_no_condition_2_1_6,48,14,624,1401
loop_2056_circuit_no_condition_2_1_6,48,15,624,1401
loop_2056_circuit_no_condition_2_1_6,48,0,624,1501
loop_2056_circuit_no_condition_2_1_6,48,1,624,1501
loop_2056_circuit_no_condition_2_1_6,48,2,624,1501
loop_2056_circuit_no_condition_2_1_6,48,3,624,1501
loop_2056_circuit_no_condition_2_1_6,48,4,624,1501
loop_2056_circuit_no_condition_2_1_6,48,5,5434,1501
loop_2056_circuit_no_condition_2_1_6,48,6,624,1501
loop_2056_circuit_no_condition_2_1_6,48,7,624,1501
loop_2056_circuit_no_condition_2_1_6,48,8,624,1501
loop_2056_circuit_no_condition_2_1_6,48,9,624,1501
loop_2056_circuit_no_condition_2_1_6,48,10,624,1501
loop_2056_circuit_no_condition_2_1_6,48,11,624,1501
loop_2056_circuit_no_condition_2_1_6,48,12,624,1501
loop_2056_circuit_no_condition_2_1_6,48,13,624,1501
loop_2056_circuit_no_condition_2_1_6,48,14,624,1501
loop_2056_circuit_no_condition_2_1_6,48,15,624,1501
loop_2056_circuit_no_condition_2_1_6,48,0,624,1601
loop_2056_circuit_no_condition_2_1_6,48,1,624,1601
loop_2056_circuit_no_condition_2_1_6,48,2,624,1601
loop_2056_circuit_no_condition_2_1_6,48,3,624,1601
loop_2056_circuit_no_condition_2_1_6,48,4,624,1601
loop_2056_circuit_no_condition_2_1_6,48,5,5429,1601
loop_2056_circuit_no_condition_2_1_6,48,6,624,1601
loop_2056_circuit_no_condition_2_1_6,48,7,624,1601
loop_2056_circuit_no_condition_2_1_6,48,8,624,1601
loop_2056_circuit_no_condition_2_1_6,48,9,624,1601
loop_2056_circuit_no_condition_2_1_6,48,10,624,1601
loop_2056_circuit_no_condition_2_1_6,48,11,624,1601
loop_2056_circuit_no_condition_2_1_6,48,12,624,1601
loop_2056_circuit_no_condition_2_1_6,48,13,624,1601
loop_2056_circuit_no_condition_2_1_6,48,14,624,1601
loop_2056_circuit_no_condition_2_1_6,48,15,624,1601
loop_2056_circuit_no_condition_2_1_6,48,0,624,1701
loop_2056_circuit_no_condition_2_1_6,48,1,624,1701
loop_2056_circuit_no_condition_2_1_6,48,2,624,1701
loop_2056_circuit_no_condition_2_1_6,48,3,624,1701
loop_2056_circuit_no_condition_2_1_6,48,4,624,1701
loop_2056_circuit_no_condition_2_1_6,48,5,5429,1701
loop_2056_circuit_no_condition_2_1_6,48,6,624,1701
loop_2056_circuit_no_condition_2_1_6,48,7,624,1701
loop_2056_circuit_no_condition_2_1_6,48,8,624,1701
loop_2056_circuit_no_condition_2_1_6,48,9,624,1701
loop_2056_circuit_no_condition_2_1_6,48,10,624,1701
loop_2056_circuit_no_condition_2_1_6,48,11,624,1701
loop_2056_circuit_no_condition_2_1_6,48,12,624,1701
loop_2056_circuit_no_condition_2_1_6,48,13,624,1701
loop_2056_circuit_no_condition_2_1_6,48,14,624,1701
loop_2056_circuit_no_condition_2_1_6,48,15,624,1701
loop_2056_circuit_no_condition_2_1_6,48,0,624,1801
loop_2056_circuit_no_condition_2_1_6,48,1,624,1801
loop_2056_circuit_no_condition_2_1_6,48,2,624,1801
loop_2056_circuit_no_condition_2_1_6,48,3,624,1801
loop_2056_circuit_no_condition_2_1_6,48,4,624,1801
loop_2056_circuit_no_condition_2_1_6,48,5,5427,1801
loop_2056_circuit_no_condition_2_1_6,48,6,624,1801
loop_2056_circuit_no_condition_2_1_6,48,7,624,1801
loop_2056_circuit_no_condition_2_1_6,48,8,624,1801
loop_2056_circuit_no_condition_2_1_6,48,9,624,1801
loop_2056_circuit_no_condition_2_1_6,48,10,624,1801
loop_2056_circuit_no_condition_2_1_6,48,11,624,1801
loop_2056_circuit_no_condition_2_1_6,48,12,624,1801
loop_2056_circuit_no_condition_2_1_6,48,13,624,1801
loop_2056_circuit_no_condition_2_1_6,48,14,624,1801
loop_2056_circuit_no_condition_2_1_6,48,15,624,1801
loop_2056_circuit_no_condition_2_1_6,48,0,5432,1901
loop_2056_circuit_no_condition_2_1_6,48,1,5418,1901
loop_2056_circuit_no_condition_2_1_6,48,2,624,1901
loop_2056_circuit_no_condition_2_1_6,48,3,5426,1901
loop_2056_circuit_no_condition_2_1_6,48,4,5430,1901
loop_2056_circuit_no_condition_2_1_6,48,5,5429,1901
loop_2056_circuit_no_condition_2_1_6,48,6,5428,1901
loop_2056_circuit_no_condition_2_1_6,48,7,5421,1901
loop_2056_circuit_no_condition_2_1_6,48,8,624,1901
loop_2056_circuit_no_condition_2_1_6,48,9,5430,1901
loop_2056_circuit_no_condition_2_1_6,48,10,5432,1901
loop_2056_circuit_no_condition_2_1_6,48,11,5420,1901
loop_2056_circuit_no_condition_2_1_6,48,12,5421,1901
loop_2056_circuit_no_condition_2_1_6,48,13,5432,1901
loop_2056_circuit_no_condition_2_1_6,48,14,624,1901
loop_2056_circuit_no_condition_2_1_6,48,15,5427,1901
loop_2056_circuit_no_condition_2_1_6,49,0,624,1
loop_2056_circuit_no_condition_2_1_6,49,1,5423,1
loop_2056_circuit_no_condition_2_1_6,49,2,5423,1
loop_2056_circuit_no_condition_2_1_6,49,3,5434,1
loop_2056_circuit_no_condition_2_1_6,49,4,5435,1
loop_2056_circuit_no_condition_2_1_6,49,5,5435,1
loop_2056_circuit_no_condition_2_1_6,49,6,5435,1
loop_2056_circuit_no_condition_2_1_6,49,7,5435,1
loop_2056_circuit_no_condition_2_1_6,49,8,5413,1
loop_2056_circuit_no_condition_2_1_6,49,9,5432,1
loop_2056_circuit_no_condition_2_1_6,49,10,624,1
loop_2056_circuit_no_condition_2_1_6,49,11,624,1
loop_2056_circuit_no_condition_2_1_6,49,12,5419,1
loop_2056_circuit_no_condition_2_1_6,49,13,624,1
loop_2056_circuit_no_condition_2_1_6,49,14,624,1
loop_2056_circuit_no_condition_2_1_6,49,15,624,1
loop_2056_circuit_no_condition_2_1_6,49,0,5432,100
loop_2056_circuit_no_condition_2_1_6,49,1,5424,100
loop_2056_circuit_no_condition_2_1_6,49,2,5420,100
loop_2056_circuit_no_condition_2_1_6,49,3,4836,100
loop_2056_circuit_no_condition_2_1_6,49,4,5422,100
loop_2056_circuit_no_condition_2_1_6,49,5,5426,100
loop_2056_circuit_no_condition_2_1_6,49,6,5419,100
loop_2056_circuit_no_condition_2_1_6,49,7,5423,100
loop_2056_circuit_no_condition_2_1_6,49,8,5429,100
loop_2056_circuit_no_condition_2_1_6,49,9,5416,100
loop_2056_circuit_no_condition_2_1_6,49,10,5422,100
loop_2056_circuit_no_condition_2_1_6,49,11,5420,100
loop_2056_circuit_no_condition_2_1_6,49,12,5423,100
loop_2056_circuit_no_condition_2_1_6,49,13,5426,100
loop_2056_circuit_no_condition_2_1_6,49,14,5399,100
loop_2056_circuit_no_condition_2_1_6,49,15,5414,100
loop_2056_circuit_no_condition_2_1_6,49,0,5420,200
loop_2056_circuit_no_condition_2_1_6,49,1,5411,200
loop_2056_circuit_no_condition_2_1_6,49,2,5425,200
loop_2056_circuit_no_condition_2_1_6,49,3,5424,200
loop_2056_circuit_no_condition_2_1_6,49,4,5373,200
loop_2056_circuit_no_condition_2_1_6,49,5,5433,200
loop_2056_circuit_no_condition_2_1_6,49,6,5436,200
loop_2056_circuit_no_condition_2_1_6,49,7,5408,200
loop_2056_circuit_no_condition_2_1_6,49,8,5426,200
loop_2056_circuit_no_condition_2_1_6,49,9,5431,200
loop_2056_circuit_no_condition_2_1_6,49,10,5399,200
loop_2056_circuit_no_condition_2_1_6,49,11,5432,200
loop_2056_circuit_no_condition_2_1_6,49,12,5412,200
loop_2056_circuit_no_condition_2_1_6,49,13,5427,200
loop_2056_circuit_no_condition_2_1_6,49,14,5429,200
loop_2056_circuit_no_condition_2_1_6,49,15,5425,200
loop_2056_circuit_no_condition_2_1_6,49,0,624,301
loop_2056_circuit_no_condition_2_1_6,49,1,624,301
loop_2056_circuit_no_condition_2_1_6,49,2,624,301
loop_2056_circuit_no_condition_2_1_6,49,3,624,301
loop_2056_circuit_no_condition_2_1_6,49,4,5423,301
loop_2056_circuit_no_condition_2_1_6,49,5,624,301
loop_2056_circuit_no_condition_2_1_6,49,6,624,301
loop_2056_circuit_no_condition_2_1_6,49,7,624,301
loop_2056_circuit_no_condition_2_1_6,49,8,624,301
loop_2056_circuit_no_condition_2_1_6,49,9,624,301
loop_2056_circuit_no_condition_2_1_6,49,10,624,301
loop_2056_circuit_no_condition_2_1_6,49,11,4747,301
loop_2056_circuit_no_condition_2_1_6,49,12,624,301
loop_2056_circuit_no_condition_2_1_6,49,13,624,301
loop_2056_circuit_no_condition_2_1_6,49,14,624,301
loop_2056_circuit_no_condition_2_1_6,49,15,624,301
loop_2056_circuit_no_condition_2_1_6,49,0,624,400
loop_2056_circuit_no_condition_2_1_6,49,1,624,400
loop_2056_circuit_no_condition_2_1_6,49,2,624,400
loop_2056_circuit_no_condition_2_1_6,49,3,624,400
loop_2056_circuit_no_condition_2_1_6,49,4,5427,400
loop_2056_circuit_no_condition_2_1_6,49,5,624,400
loop_2056_circuit_no_condition_2_1_6,49,6,624,400
loop_2056_circuit_no_condition_2_1_6,49,7,624,400
loop_2056_circuit_no_condition_2_1_6,49,8,624,400
loop_2056_circuit_no_condition_2_1_6,49,9,624,400
loop_2056_circuit_no_condition_2_1_6,49,10,624,400
loop_2056_circuit_no_condition_2_1_6,49,11,624,400
loop_2056_circuit_no_condition_2_1_6,49,12,624,400
loop_2056_circuit_no_condition_2_1_6,49,13,624,400
loop_2056_circuit_no_condition_2_1_6,49,14,624,400
loop_2056_circuit_no_condition_2_1_6,49,15,624,400
loop_2056_circuit_no_condition_2_1_6,49,0,624,501
loop_2056_circuit_no_condition_2_1_6,49,1,4874,501
loop_2056_circuit_no_condition_2_1_6,49,2,624,501
loop_2056_circuit_no_condition_2_1_6,49,3,4811,501
loop_2056_circuit_no_condition_2_1_6,49,4,5432,501
loop_2056_circuit_no_condition_2_1_6,49,5,624,501
loop_2056_circuit_no_condition_2_1_6,49,6,624,501
loop_2056_circuit_no_condition_2_1_6,49,7,624,501
loop_2056_circuit_no_condition_2_1_6,49,8,624,501
loop_2056_circuit_no_condition_2_1_6,49,9,624,501
loop_2056_circuit_no_condition_2_1_6,49,10,624,501
loop_2056_circuit_no_condition_2_1_6,49,11,624,501
loop_2056_circuit_no_condition_2_1_6,49,12,624,501
loop_2056_circuit_no_condition_2_1_6,49,13,624,501
loop_2056_circuit_no_condition_2_1_6,49,14,624,501
loop_2056_circuit_no_condition_2_1_6,49,15,624,501
loop_2056_circuit_no_condition_2_1_6,49,0,624,600
loop_2056_circuit_no_condition_2_1_6,49,1,624,600
loop_2056_circuit_no_condition_2_1_6,49,2,624,600
loop_2056_circuit_no_condition_2_1_6,49,3,624,600
loop_2056_circuit_no_condition_2_1_6,49,4,5425,600
loop_2056_circuit_no_condition_2_1_6,49,5,624,600
loop_2056_circuit_no_condition_2_1_6,49,6,624,600
loop_2056_circuit_no_condition_2_1_6,49,7,624,600
loop_2056_circuit_no_condition_2_1_6,49,8,624,600
loop_2056_circuit_no_condition_2_1_6,49,9,624,600
loop_2056_circuit_no_condition_2_1_6,49,10,624,600
loop_2056_circuit_no_condition_2_1_6,49,11,624,600
loop_2056_circuit_no_condition_2_1_6,49,12,624,600
loop_2056_circuit_no_condition_2_1_6,49,13,624,600
loop_2056_circuit_no_condition_2_1_6,49,14,624,600
loop_2056_circuit_no_condition_2_1_6,49,15,624,600
loop_2056_circuit_no_condition_2_1_6,49,0,624,700
loop_2056_circuit_no_condition_2_1_6,49,1,624,700
loop_2056_circuit_no_condition_2_1_6,49,2,624,700
loop_2056_circuit_no_condition_2_1_6,49,3,624,700
loop_2056_circuit_no_condition_2_1_6,49,4,5431,700
loop_2056_circuit_no_condition_2_1_6,49,5,624,700
loop_2056_circuit_no_condition_2_1_6,49,6,624,700
loop_2056_circuit_no_condition_2_1_6,49,7,624,700
loop_2056_circuit_no_condition_2_1_6,49,8,624,700
loop_2056_circuit_no_condition_2_1_6,49,9,624,700
loop_2056_circuit_no_condition_2_1_6,49,10,624,700
loop_2056_circuit_no_condition_2_1_6,49,11,624,700
loop_2056_circuit_no_condition_2_1_6,49,12,624,700
loop_2056_circuit_no_condition_2_1_6,49,13,624,700
loop_2056_circuit_no_condition_2_1_6,49,14,624,700
loop_2056_circuit_no_condition_2_1_6,49,15,624,700
loop_2056_circuit_no_condition_2_1_6,49,0,624,801
loop_2056_circuit_no_condition_2_1_6,49,1,624,801
loop_2056_circuit_no_condition_2_1_6,49,2,624,801
loop_2056_circuit_no_condition_2_1_6,49,3,624,801
loop_2056_circuit_no_condition_2_1_6,49,4,5429,801
loop_2056_circuit_no_condition_2_1_6,49,5,624,801
loop_2056_circuit_no_condition_2_1_6,49,6,624,801
loop_2056_circuit_no_condition_2_1_6,49,7,624,801
loop_2056_circuit_no_condition_2_1_6,49,8,624,801
loop_2056_circuit_no_condition_2_1_6,49,9,624,801
loop_2056_circuit_no_condition_2_1_6,49,10,624,801
loop_2056_circuit_no_condition_2_1_6,49,11,624,801
loop_2056_circuit_no_condition_2_1_6,49,12,624,801
loop_2056_circuit_no_condition_2_1_6,49,13,624,801
loop_2056_circuit_no_condition_2_1_6,49,14,624,801
loop_2056_circuit_no_condition_2_1_6,49,15,624,801
loop_2056_circuit_no_condition_2_1_6,49,0,624,901
loop_2056_circuit_no_condition_2_1_6,49,1,624,901
loop_2056_circuit_no_condition_2_1_6,49,2,624,901
loop_2056_circuit_no_condition_2_1_6,49,3,624,901
loop_2056_circuit_no_condition_2_1_6,49,4,5428,901
loop_2056_circuit_no_condition_2_1_6,49,5,624,901
loop_2056_circuit_no_condition_2_1_6,49,6,624,901
loop_2056_circuit_no_condition_2_1_6,49,7,624,901
loop_2056_circuit_no_condition_2_1_6,49,8,624,901
loop_2056_circuit_no_condition_2_1_6,49,9,624,901
loop_2056_circuit_no_condition_2_1_6,49,10,624,901
loop_2056_circuit_no_condition_2_1_6,49,11,624,901
loop_2056_circuit_no_condition_2_1_6,49,12,624,901
loop_2056_circuit_no_condition_2_1_6,49,13,624,901
loop_2056_circuit_no_condition_2_1_6,49,14,624,901
loop_2056_circuit_no_condition_2_1_6,49,15,624,901
loop_2056_circuit_no_condition_2_1_6,49,0,624,1000
loop_2056_circuit_no_condition_2_1_6,49,1,624,1000
loop_2056_circuit_no_condition_2_1_6,49,2,624,1000
loop_2056_circuit_no_condition_2_1_6,49,3,624,1000
loop_2056_circuit_no_condition_2_1_6,49,4,5427,1000
loop_2056_circuit_no_condition_2_1_6,49,5,624,1000
loop_2056_circuit_no_condition_2_1_6,49,6,4149,1000
loop_2056_circuit_no_condition_2_1_6,49,7,624,1000
loop_2056_circuit_no_condition_2_1_6,49,8,624,1000
loop_2056_circuit_no_condition_2_1_6,49,9,624,1000
loop_2056_circuit_no_condition_2_1_6,49,10,624,1000
loop_2056_circuit_no_condition_2_1_6,49,11,624,1000
loop_2056_circuit_no_condition_2_1_6,49,12,624,1000
loop_2056_circuit_no_condition_2_1_6,49,13,624,1000
loop_2056_circuit_no_condition_2_1_6,49,14,624,1000
loop_2056_circuit_no_condition_2_1_6,49,15,624,1000
loop_2056_circuit_no_condition_2_1_6,49,0,624,1100
loop_2056_circuit_no_condition_2_1_6,49,1,624,1100
loop_2056_circuit_no_condition_2_1_6,49,2,624,1100
loop_2056_circuit_no_condition_2_1_6,49,3,624,1100
loop_2056_circuit_no_condition_2_1_6,49,4,5427,1100
loop_2056_circuit_no_condition_2_1_6,49,5,624,1100
loop_2056_circuit_no_condition_2_1_6,49,6,624,1100
loop_2056_circuit_no_condition_2_1_6,49,7,624,1100
loop_2056_circuit_no_condition_2_1_6,49,8,624,1100
loop_2056_circuit_no_condition_2_1_6,49,9,624,1100
loop_2056_circuit_no_condition_2_1_6,49,10,624,1100
loop_2056_circuit_no_condition_2_1_6,49,11,624,1100
loop_2056_circuit_no_condition_2_1_6,49,12,624,1100
loop_2056_circuit_no_condition_2_1_6,49,13,624,1100
loop_2056_circuit_no_condition_2_1_6,49,14,624,1100
loop_2056_circuit_no_condition_2_1_6,49,15,624,1100
loop_2056_circuit_no_condition_2_1_6,49,0,624,1200
loop_2056_circuit_no_condition_2_1_6,49,1,624,1200
loop_2056_circuit_no_condition_2_1_6,49,2,624,1200
loop_2056_circuit_no_condition_2_1_6,49,3,624,1200
loop_2056_circuit_no_condition_2_1_6,49,4,624,1200
loop_2056_circuit_no_condition_2_1_6,49,5,5431,1200
loop_2056_circuit_no_condition_2_1_6,49,6,624,1200
loop_2056_circuit_no_condition_2_1_6,49,7,624,1200
loop_2056_circuit_no_condition_2_1_6,49,8,624,1200
loop_2056_circuit_no_condition_2_1_6,49,9,624,1200
loop_2056_circuit_no_condition_2_1_6,49,10,624,1200
loop_2056_circuit_no_condition_2_1_6,49,11,624,1200
loop_2056_circuit_no_condition_2_1_6,49,12,624,1200
loop_2056_circuit_no_condition_2_1_6,49,13,624,1200
loop_2056_circuit_no_condition_2_1_6,49,14,624,1200
loop_2056_circuit_no_condition_2_1_6,49,15,624,1200
loop_2056_circuit_no_condition_2_1_6,49,0,624,1301
loop_2056_circuit_no_condition_2_1_6,49,1,624,1301
loop_2056_circuit_no_condition_2_1_6,49,2,624,1301
loop_2056_circuit_no_condition_2_1_6,49,3,624,1301
loop_2056_circuit_no_condition_2_1_6,49,4,624,1301
loop_2056_circuit_no_condition_2_1_6,49,5,5428,1301
loop_2056_circuit_no_condition_2_1_6,49,6,624,1301
loop_2056_circuit_no_condition_2_1_6,49,7,624,1301
loop_2056_circuit_no_condition_2_1_6,49,8,624,1301
loop_2056_circuit_no_condition_2_1_6,49,9,624,1301
loop_2056_circuit_no_condition_2_1_6,49,10,624,1301
loop_2056_circuit_no_condition_2_1_6,49,11,624,1301
loop_2056_circuit_no_condition_2_1_6,49,12,624,1301
loop_2056_circuit_no_condition_2_1_6,49,13,624,1301
loop_2056_circuit_no_condition_2_1_6,49,14,624,1301
loop_2056_circuit_no_condition_2_1_6,49,15,624,1301
loop_2056_circuit_no_condition_2_1_6,49,0,624,1401
loop_2056_circuit_no_condition_2_1_6,49,1,624,1401
loop_2056_circuit_no_condition_2_1_6,49,2,624,1401
loop_2056_circuit_no_condition_2_1_6,49,3,624,1401
loop_2056_circuit_no_condition_2_1_6,49,4,624,1401
loop_2056_circuit_no_condition_2_1_6,49,5,5430,1401
loop_2056_circuit_no_condition_2_1_6,49,6,624,1401
loop_2056_circuit_no_condition_2_1_6,49,7,624,1401
loop_2056_circuit_no_condition_2_1_6,49,8,624,1401
loop_2056_circuit_no_condition_2_1_6,49,9,624,1401
loop_2056_circuit_no_condition_2_1_6,49,10,624,1401
loop_2056_circuit_no_condition_2_1_6,49,11,624,1401
loop_2056_circuit_no_condition_2_1_6,49,12,624,1401
loop_2056_circuit_no_condition_2_1_6,49,13,624,1401
loop_2056_circuit_no_condition_2_1_6,49,14,624,1401
loop_2056_circuit_no_condition_2_1_6,49,15,624,1401
loop_2056_circuit_no_condition_2_1_6,49,0,624,1500
loop_2056_circuit_no_condition_2_1_6,49,1,624,1500
loop_2056_circuit_no_condition_2_1_6,49,2,624,1500
loop_2056_circuit_no_condition_2_1_6,49,3,624,1500
loop_2056_circuit_no_condition_2_1_6,49,4,624,1500
loop_2056_circuit_no_condition_2_1_6,49,5,5429,1500
loop_2056_circuit_no_condition_2_1_6,49,6,624,1500
loop_2056_circuit_no_condition_2_1_6,49,7,624,1500
loop_2056_circuit_no_condition_2_1_6,49,8,624,1500
loop_2056_circuit_no_condition_2_1_6,49,9,624,1500
loop_2056_circuit_no_condition_2_1_6,49,10,624,1500
loop_2056_circuit_no_condition_2_1_6,49,11,624,1500
loop_2056_circuit_no_condition_2_1_6,49,12,624,1500
loop_2056_circuit_no_condition_2_1_6,49,13,624,1500
loop_2056_circuit_no_condition_2_1_6,49,14,624,1500
loop_2056_circuit_no_condition_2_1_6,49,15,624,1500
loop_2056_circuit_no_condition_2_1_6,49,0,624,1600
loop_2056_circuit_no_condition_2_1_6,49,1,624,1600
loop_2056_circuit_no_condition_2_1_6,49,2,624,1600
loop_2056_circuit_no_condition_2_1_6,49,3,624,1600
loop_2056_circuit_no_condition_2_1_6,49,4,624,1600
loop_2056_circuit_no_condition_2_1_6,49,5,5429,1600
loop_2056_circuit_no_condition_2_1_6,49,6,624,1600
loop_2056_circuit_no_condition_2_1_6,49,7,624,1600
loop_2056_circuit_no_condition_2_1_6,49,8,624,1600
loop_2056_circuit_no_condition_2_1_6,49,9,624,1600
loop_2056_circuit_no_condition_2_1_6,49,10,624,1600
loop_2056_circuit_no_condition_2_1_6,49,11,624,1600
loop_2056_circuit_no_condition_2_1_6,49,12,624,1600
loop_2056_circuit_no_condition_2_1_6,49,13,624,1600
loop_2056_circuit_no_condition_2_1_6,49,14,624,1600
loop_2056_circuit_no_condition_2_1_6,49,15,624,1600
loop_2056_circuit_no_condition_2_1_6,49,0,624,1700
loop_2056_circuit_no_condition_2_1_6,49,1,624,1700
loop_2056_circuit_no_condition_2_1_6,49,2,624,1700
loop_2056_circuit_no_condition_2_1_6,49,3,624,1700
loop_2056_circuit_no_condition_2_1_6,49,4,624,1700
loop_2056_circuit_no_condition_2_1_6,49,5,5428,1700
loop_2056_circuit_no_condition_2_1_6,49,6,624,1700
loop_2056_circuit_no_condition_2_1_6,49,7,624,1700
loop_2056_circuit_no_condition_2_1_6,49,8,624,1700
loop_2056_circuit_no_condition_2_1_6,49,9,624,1700
loop_2056_circuit_no_condition_2_1_6,49,10,624,1700
loop_2056_circuit_no_condition_2_1_6,49,11,624,1700
loop_2056_circuit_no_condition_2_1_6,49,12,624,1700
loop_2056_circuit_no_condition_2_1_6,49,13,624,1700
loop_2056_circuit_no_condition_2_1_6,49,14,624,1700
loop_2056_circuit_no_condition_2_1_6,49,15,624,1700
loop_2056_circuit_no_condition_2_1_6,49,0,624,1801
loop_2056_circuit_no_condition_2_1_6,49,1,624,1801
loop_2056_circuit_no_condition_2_1_6,49,2,624,1801
loop_2056_circuit_no_condition_2_1_6,49,3,624,1801
loop_2056_circuit_no_condition_2_1_6,49,4,624,1801
loop_2056_circuit_no_condition_2_1_6,49,5,5429,1801
loop_2056_circuit_no_condition_2_1_6,49,6,624,1801
loop_2056_circuit_no_condition_2_1_6,49,7,624,1801
loop_2056_circuit_no_condition_2_1_6,49,8,624,1801
loop_2056_circuit_no_condition_2_1_6,49,9,624,1801
loop_2056_circuit_no_condition_2_1_6,49,10,624,1801
loop_2056_circuit_no_condition_2_1_6,49,11,624,1801
loop_2056_circuit_no_condition_2_1_6,49,12,624,1801
loop_2056_circuit_no_condition_2_1_6,49,13,624,1801
loop_2056_circuit_no_condition_2_1_6,49,14,3995,1801
loop_2056_circuit_no_condition_2_1_6,49,15,624,1801
loop_2056_circuit_no_condition_2_1_6,49,0,624,1900
loop_2056_circuit_no_condition_2_1_6,49,1,624,1900
loop_2056_circuit_no_condition_2_1_6,49,2,624,1900
loop_2056_circuit_no_condition_2_1_6,49,3,5426,1900
loop_2056_circuit_no_condition_2_1_6,49,4,5409,1900
loop_2056_circuit_no_condition_2_1_6,49,5,5422,1900
loop_2056_circuit_no_condition_2_1_6,49,6,5432,1900
loop_2056_circuit_no_condition_2_1_6,49,7,5422,1900
loop_2056_circuit_no_condition_2_1_6,49,8,5424,1900
loop_2056_circuit_no_condition_2_1_6,49,9,5419,1900
loop_2056_circuit_no_condition_2_1_6,49,10,5425,1900
loop_2056_circuit_no_condition_2_1_6,49,11,624,1900
loop_2056_circuit_no_condition_2_1_6,49,12,624,1900
loop_2056_circuit_no_condition_2_1_6,49,13,624,1900
loop_2056_circuit_no_condition_2_1_6,49,14,624,1900
loop_2056_circuit_no_condition_2_1_6,49,15,624,1900
