save_name,run_index,core_index,cpu_frequency,timestamp
loop_2056_circuit_no_condition_2_1_6,0,0,5418,1
loop_2056_circuit_no_condition_2_1_6,0,1,5099,1
loop_2056_circuit_no_condition_2_1_6,0,2,5414,1
loop_2056_circuit_no_condition_2_1_6,0,3,5354,1
loop_2056_circuit_no_condition_2_1_6,0,4,5418,1
loop_2056_circuit_no_condition_2_1_6,0,5,5419,1
loop_2056_circuit_no_condition_2_1_6,0,6,624,1
loop_2056_circuit_no_condition_2_1_6,0,7,5424,1
loop_2056_circuit_no_condition_2_1_6,0,8,5426,1
loop_2056_circuit_no_condition_2_1_6,0,9,5416,1
loop_2056_circuit_no_condition_2_1_6,0,10,5418,1
loop_2056_circuit_no_condition_2_1_6,0,11,5413,1
loop_2056_circuit_no_condition_2_1_6,0,12,5378,1
loop_2056_circuit_no_condition_2_1_6,0,13,624,1
loop_2056_circuit_no_condition_2_1_6,0,14,5418,1
loop_2056_circuit_no_condition_2_1_6,0,15,5427,1
loop_2056_circuit_no_condition_2_1_6,0,0,5429,101
loop_2056_circuit_no_condition_2_1_6,0,1,5416,101
loop_2056_circuit_no_condition_2_1_6,0,2,5412,101
loop_2056_circuit_no_condition_2_1_6,0,3,5418,101
loop_2056_circuit_no_condition_2_1_6,0,4,5419,101
loop_2056_circuit_no_condition_2_1_6,0,5,5423,101
loop_2056_circuit_no_condition_2_1_6,0,6,5384,101
loop_2056_circuit_no_condition_2_1_6,0,7,5416,101
loop_2056_circuit_no_condition_2_1_6,0,8,5420,101
loop_2056_circuit_no_condition_2_1_6,0,9,5424,101
loop_2056_circuit_no_condition_2_1_6,0,10,5383,101
loop_2056_circuit_no_condition_2_1_6,0,11,5419,101
loop_2056_circuit_no_condition_2_1_6,0,12,5449,101
loop_2056_circuit_no_condition_2_1_6,0,13,5432,101
loop_2056_circuit_no_condition_2_1_6,0,14,5419,101
loop_2056_circuit_no_condition_2_1_6,0,15,5425,101
loop_2056_circuit_no_condition_2_1_6,0,0,5406,200
loop_2056_circuit_no_condition_2_1_6,0,1,5406,200
loop_2056_circuit_no_condition_2_1_6,0,2,5406,200
loop_2056_circuit_no_condition_2_1_6,0,3,5406,200
loop_2056_circuit_no_condition_2_1_6,0,4,5409,200
loop_2056_circuit_no_condition_2_1_6,0,5,5408,200
loop_2056_circuit_no_condition_2_1_6,0,6,5406,200
loop_2056_circuit_no_condition_2_1_6,0,7,5406,200
loop_2056_circuit_no_condition_2_1_6,0,8,5406,200
loop_2056_circuit_no_condition_2_1_6,0,9,5406,200
loop_2056_circuit_no_condition_2_1_6,0,10,5406,200
loop_2056_circuit_no_condition_2_1_6,0,11,5407,200
loop_2056_circuit_no_condition_2_1_6,0,12,5406,200
loop_2056_circuit_no_condition_2_1_6,0,13,5406,200
loop_2056_circuit_no_condition_2_1_6,0,14,5407,200
loop_2056_circuit_no_condition_2_1_6,0,15,5406,200
loop_2056_circuit_no_condition_2_1_6,0,0,5449,301
loop_2056_circuit_no_condition_2_1_6,0,1,4517,301
loop_2056_circuit_no_condition_2_1_6,0,2,624,301
loop_2056_circuit_no_condition_2_1_6,0,3,4858,301
loop_2056_circuit_no_condition_2_1_6,0,4,624,301
loop_2056_circuit_no_condition_2_1_6,0,5,5425,301
loop_2056_circuit_no_condition_2_1_6,0,6,624,301
loop_2056_circuit_no_condition_2_1_6,0,7,3501,301
loop_2056_circuit_no_condition_2_1_6,0,8,624,301
loop_2056_circuit_no_condition_2_1_6,0,9,4956,301
loop_2056_circuit_no_condition_2_1_6,0,10,4153,301
loop_2056_circuit_no_condition_2_1_6,0,11,624,301
loop_2056_circuit_no_condition_2_1_6,0,12,624,301
loop_2056_circuit_no_condition_2_1_6,0,13,624,301
loop_2056_circuit_no_condition_2_1_6,0,14,624,301
loop_2056_circuit_no_condition_2_1_6,0,15,624,301
loop_2056_circuit_no_condition_2_1_6,0,0,5417,401
loop_2056_circuit_no_condition_2_1_6,0,1,624,401
loop_2056_circuit_no_condition_2_1_6,0,2,624,401
loop_2056_circuit_no_condition_2_1_6,0,3,4240,401
loop_2056_circuit_no_condition_2_1_6,0,4,624,401
loop_2056_circuit_no_condition_2_1_6,0,5,5427,401
loop_2056_circuit_no_condition_2_1_6,0,6,624,401
loop_2056_circuit_no_condition_2_1_6,0,7,624,401
loop_2056_circuit_no_condition_2_1_6,0,8,624,401
loop_2056_circuit_no_condition_2_1_6,0,9,624,401
loop_2056_circuit_no_condition_2_1_6,0,10,3528,401
loop_2056_circuit_no_condition_2_1_6,0,11,624,401
loop_2056_circuit_no_condition_2_1_6,0,12,624,401
loop_2056_circuit_no_condition_2_1_6,0,13,624,401
loop_2056_circuit_no_condition_2_1_6,0,14,624,401
loop_2056_circuit_no_condition_2_1_6,0,15,624,401
loop_2056_circuit_no_condition_2_1_6,0,0,4852,501
loop_2056_circuit_no_condition_2_1_6,0,1,624,501
loop_2056_circuit_no_condition_2_1_6,0,2,624,501
loop_2056_circuit_no_condition_2_1_6,0,3,624,501
loop_2056_circuit_no_condition_2_1_6,0,4,5432,501
loop_2056_circuit_no_condition_2_1_6,0,5,4252,501
loop_2056_circuit_no_condition_2_1_6,0,6,624,501
loop_2056_circuit_no_condition_2_1_6,0,7,624,501
loop_2056_circuit_no_condition_2_1_6,0,8,624,501
loop_2056_circuit_no_condition_2_1_6,0,9,624,501
loop_2056_circuit_no_condition_2_1_6,0,10,624,501
loop_2056_circuit_no_condition_2_1_6,0,11,624,501
loop_2056_circuit_no_condition_2_1_6,0,12,624,501
loop_2056_circuit_no_condition_2_1_6,0,13,624,501
loop_2056_circuit_no_condition_2_1_6,0,14,624,501
loop_2056_circuit_no_condition_2_1_6,0,15,624,501
loop_2056_circuit_no_condition_2_1_6,0,0,5413,600
loop_2056_circuit_no_condition_2_1_6,0,1,5414,600
loop_2056_circuit_no_condition_2_1_6,0,2,5414,600
loop_2056_circuit_no_condition_2_1_6,0,3,5413,600
loop_2056_circuit_no_condition_2_1_6,0,4,5414,600
loop_2056_circuit_no_condition_2_1_6,0,5,5422,600
loop_2056_circuit_no_condition_2_1_6,0,6,5413,600
loop_2056_circuit_no_condition_2_1_6,0,7,5413,600
loop_2056_circuit_no_condition_2_1_6,0,8,5414,600
loop_2056_circuit_no_condition_2_1_6,0,9,5413,600
loop_2056_circuit_no_condition_2_1_6,0,10,5413,600
loop_2056_circuit_no_condition_2_1_6,0,11,5413,600
loop_2056_circuit_no_condition_2_1_6,0,12,5413,600
loop_2056_circuit_no_condition_2_1_6,0,13,5414,600
loop_2056_circuit_no_condition_2_1_6,0,14,5413,600
loop_2056_circuit_no_condition_2_1_6,0,15,5413,600
loop_2056_circuit_no_condition_2_1_6,0,0,5419,701
loop_2056_circuit_no_condition_2_1_6,0,1,5420,701
loop_2056_circuit_no_condition_2_1_6,0,2,5420,701
loop_2056_circuit_no_condition_2_1_6,0,3,5418,701
loop_2056_circuit_no_condition_2_1_6,0,4,5417,701
loop_2056_circuit_no_condition_2_1_6,0,5,5417,701
loop_2056_circuit_no_condition_2_1_6,0,6,5421,701
loop_2056_circuit_no_condition_2_1_6,0,7,5418,701
loop_2056_circuit_no_condition_2_1_6,0,8,5419,701
loop_2056_circuit_no_condition_2_1_6,0,9,5424,701
loop_2056_circuit_no_condition_2_1_6,0,10,5418,701
loop_2056_circuit_no_condition_2_1_6,0,11,5418,701
loop_2056_circuit_no_condition_2_1_6,0,12,5420,701
loop_2056_circuit_no_condition_2_1_6,0,13,5419,701
loop_2056_circuit_no_condition_2_1_6,0,14,5417,701
loop_2056_circuit_no_condition_2_1_6,0,15,5418,701
loop_2056_circuit_no_condition_2_1_6,0,0,5414,800
loop_2056_circuit_no_condition_2_1_6,0,1,5413,800
loop_2056_circuit_no_condition_2_1_6,0,2,5414,800
loop_2056_circuit_no_condition_2_1_6,0,3,5415,800
loop_2056_circuit_no_condition_2_1_6,0,4,5414,800
loop_2056_circuit_no_condition_2_1_6,0,5,5413,800
loop_2056_circuit_no_condition_2_1_6,0,6,5413,800
loop_2056_circuit_no_condition_2_1_6,0,7,5415,800
loop_2056_circuit_no_condition_2_1_6,0,8,5416,800
loop_2056_circuit_no_condition_2_1_6,0,9,5413,800
loop_2056_circuit_no_condition_2_1_6,0,10,5416,800
loop_2056_circuit_no_condition_2_1_6,0,11,5419,800
loop_2056_circuit_no_condition_2_1_6,0,12,5415,800
loop_2056_circuit_no_condition_2_1_6,0,13,5415,800
loop_2056_circuit_no_condition_2_1_6,0,14,5422,800
loop_2056_circuit_no_condition_2_1_6,0,15,5415,800
loop_2056_circuit_no_condition_2_1_6,0,0,5417,900
loop_2056_circuit_no_condition_2_1_6,0,1,5414,900
loop_2056_circuit_no_condition_2_1_6,0,2,5415,900
loop_2056_circuit_no_condition_2_1_6,0,3,5415,900
loop_2056_circuit_no_condition_2_1_6,0,4,5415,900
loop_2056_circuit_no_condition_2_1_6,0,5,5422,900
loop_2056_circuit_no_condition_2_1_6,0,6,5416,900
loop_2056_circuit_no_condition_2_1_6,0,7,5414,900
loop_2056_circuit_no_condition_2_1_6,0,8,5418,900
loop_2056_circuit_no_condition_2_1_6,0,9,5416,900
loop_2056_circuit_no_condition_2_1_6,0,10,5415,900
loop_2056_circuit_no_condition_2_1_6,0,11,5415,900
loop_2056_circuit_no_condition_2_1_6,0,12,5415,900
loop_2056_circuit_no_condition_2_1_6,0,13,5414,900
loop_2056_circuit_no_condition_2_1_6,0,14,5415,900
loop_2056_circuit_no_condition_2_1_6,0,15,5416,900
loop_2056_circuit_no_condition_2_1_6,0,0,5414,1000
loop_2056_circuit_no_condition_2_1_6,0,1,5417,1000
loop_2056_circuit_no_condition_2_1_6,0,2,5415,1000
loop_2056_circuit_no_condition_2_1_6,0,3,5413,1000
loop_2056_circuit_no_condition_2_1_6,0,4,5421,1000
loop_2056_circuit_no_condition_2_1_6,0,5,5415,1000
loop_2056_circuit_no_condition_2_1_6,0,6,5413,1000
loop_2056_circuit_no_condition_2_1_6,0,7,5413,1000
loop_2056_circuit_no_condition_2_1_6,0,8,5418,1000
loop_2056_circuit_no_condition_2_1_6,0,9,5416,1000
loop_2056_circuit_no_condition_2_1_6,0,10,5414,1000
loop_2056_circuit_no_condition_2_1_6,0,11,5414,1000
loop_2056_circuit_no_condition_2_1_6,0,12,5413,1000
loop_2056_circuit_no_condition_2_1_6,0,13,5418,1000
loop_2056_circuit_no_condition_2_1_6,0,14,5414,1000
loop_2056_circuit_no_condition_2_1_6,0,15,5414,1000
loop_2056_circuit_no_condition_2_1_6,0,0,5417,1101
loop_2056_circuit_no_condition_2_1_6,0,1,5414,1101
loop_2056_circuit_no_condition_2_1_6,0,2,5413,1101
loop_2056_circuit_no_condition_2_1_6,0,3,5414,1101
loop_2056_circuit_no_condition_2_1_6,0,4,5413,1101
loop_2056_circuit_no_condition_2_1_6,0,5,5419,1101
loop_2056_circuit_no_condition_2_1_6,0,6,5413,1101
loop_2056_circuit_no_condition_2_1_6,0,7,5413,1101
loop_2056_circuit_no_condition_2_1_6,0,8,5414,1101
loop_2056_circuit_no_condition_2_1_6,0,9,5415,1101
loop_2056_circuit_no_condition_2_1_6,0,10,5412,1101
loop_2056_circuit_no_condition_2_1_6,0,11,5414,1101
loop_2056_circuit_no_condition_2_1_6,0,12,5413,1101
loop_2056_circuit_no_condition_2_1_6,0,13,5413,1101
loop_2056_circuit_no_condition_2_1_6,0,14,5413,1101
loop_2056_circuit_no_condition_2_1_6,0,15,5413,1101
loop_2056_circuit_no_condition_2_1_6,0,0,5417,1200
loop_2056_circuit_no_condition_2_1_6,0,1,5419,1200
loop_2056_circuit_no_condition_2_1_6,0,2,5418,1200
loop_2056_circuit_no_condition_2_1_6,0,3,5420,1200
loop_2056_circuit_no_condition_2_1_6,0,4,5422,1200
loop_2056_circuit_no_condition_2_1_6,0,5,5420,1200
loop_2056_circuit_no_condition_2_1_6,0,6,5418,1200
loop_2056_circuit_no_condition_2_1_6,0,7,5420,1200
loop_2056_circuit_no_condition_2_1_6,0,8,5419,1200
loop_2056_circuit_no_condition_2_1_6,0,9,5420,1200
loop_2056_circuit_no_condition_2_1_6,0,10,5418,1200
loop_2056_circuit_no_condition_2_1_6,0,11,5419,1200
loop_2056_circuit_no_condition_2_1_6,0,12,5419,1200
loop_2056_circuit_no_condition_2_1_6,0,13,5418,1200
loop_2056_circuit_no_condition_2_1_6,0,14,5419,1200
loop_2056_circuit_no_condition_2_1_6,0,15,5418,1200
loop_2056_circuit_no_condition_2_1_6,0,0,5412,1300
loop_2056_circuit_no_condition_2_1_6,0,1,5412,1300
loop_2056_circuit_no_condition_2_1_6,0,2,5415,1300
loop_2056_circuit_no_condition_2_1_6,0,3,5414,1300
loop_2056_circuit_no_condition_2_1_6,0,4,5411,1300
loop_2056_circuit_no_condition_2_1_6,0,5,5414,1300
loop_2056_circuit_no_condition_2_1_6,0,6,5412,1300
loop_2056_circuit_no_condition_2_1_6,0,7,5413,1300
loop_2056_circuit_no_condition_2_1_6,0,8,5412,1300
loop_2056_circuit_no_condition_2_1_6,0,9,5414,1300
loop_2056_circuit_no_condition_2_1_6,0,10,5412,1300
loop_2056_circuit_no_condition_2_1_6,0,11,5416,1300
loop_2056_circuit_no_condition_2_1_6,0,12,5419,1300
loop_2056_circuit_no_condition_2_1_6,0,13,5416,1300
loop_2056_circuit_no_condition_2_1_6,0,14,5412,1300
loop_2056_circuit_no_condition_2_1_6,0,15,5412,1300
loop_2056_circuit_no_condition_2_1_6,0,0,5418,1400
loop_2056_circuit_no_condition_2_1_6,0,1,5419,1400
loop_2056_circuit_no_condition_2_1_6,0,2,5421,1400
loop_2056_circuit_no_condition_2_1_6,0,3,5420,1400
loop_2056_circuit_no_condition_2_1_6,0,4,5419,1400
loop_2056_circuit_no_condition_2_1_6,0,5,5416,1400
loop_2056_circuit_no_condition_2_1_6,0,6,5419,1400
loop_2056_circuit_no_condition_2_1_6,0,7,5419,1400
loop_2056_circuit_no_condition_2_1_6,0,8,5418,1400
loop_2056_circuit_no_condition_2_1_6,0,9,5422,1400
loop_2056_circuit_no_condition_2_1_6,0,10,5414,1400
loop_2056_circuit_no_condition_2_1_6,0,11,5419,1400
loop_2056_circuit_no_condition_2_1_6,0,12,5421,1400
loop_2056_circuit_no_condition_2_1_6,0,13,5418,1400
loop_2056_circuit_no_condition_2_1_6,0,14,5419,1400
loop_2056_circuit_no_condition_2_1_6,0,15,5414,1400
loop_2056_circuit_no_condition_2_1_6,0,0,5421,1500
loop_2056_circuit_no_condition_2_1_6,0,1,5418,1500
loop_2056_circuit_no_condition_2_1_6,0,2,5425,1500
loop_2056_circuit_no_condition_2_1_6,0,3,5422,1500
loop_2056_circuit_no_condition_2_1_6,0,4,5421,1500
loop_2056_circuit_no_condition_2_1_6,0,5,5427,1500
loop_2056_circuit_no_condition_2_1_6,0,6,5421,1500
loop_2056_circuit_no_condition_2_1_6,0,7,5421,1500
loop_2056_circuit_no_condition_2_1_6,0,8,5421,1500
loop_2056_circuit_no_condition_2_1_6,0,9,5424,1500
loop_2056_circuit_no_condition_2_1_6,0,10,5422,1500
loop_2056_circuit_no_condition_2_1_6,0,11,5421,1500
loop_2056_circuit_no_condition_2_1_6,0,12,5421,1500
loop_2056_circuit_no_condition_2_1_6,0,13,5421,1500
loop_2056_circuit_no_condition_2_1_6,0,14,5421,1500
loop_2056_circuit_no_condition_2_1_6,0,15,5422,1500
loop_2056_circuit_no_condition_2_1_6,0,0,5419,1600
loop_2056_circuit_no_condition_2_1_6,0,1,5417,1600
loop_2056_circuit_no_condition_2_1_6,0,2,5417,1600
loop_2056_circuit_no_condition_2_1_6,0,3,5419,1600
loop_2056_circuit_no_condition_2_1_6,0,4,5425,1600
loop_2056_circuit_no_condition_2_1_6,0,5,5417,1600
loop_2056_circuit_no_condition_2_1_6,0,6,5418,1600
loop_2056_circuit_no_condition_2_1_6,0,7,5418,1600
loop_2056_circuit_no_condition_2_1_6,0,8,5419,1600
loop_2056_circuit_no_condition_2_1_6,0,9,5419,1600
loop_2056_circuit_no_condition_2_1_6,0,10,5419,1600
loop_2056_circuit_no_condition_2_1_6,0,11,5416,1600
loop_2056_circuit_no_condition_2_1_6,0,12,5418,1600
loop_2056_circuit_no_condition_2_1_6,0,13,5419,1600
loop_2056_circuit_no_condition_2_1_6,0,14,5419,1600
loop_2056_circuit_no_condition_2_1_6,0,15,5418,1600
loop_2056_circuit_no_condition_2_1_6,0,0,5414,1700
loop_2056_circuit_no_condition_2_1_6,0,1,5416,1700
loop_2056_circuit_no_condition_2_1_6,0,2,5418,1700
loop_2056_circuit_no_condition_2_1_6,0,3,5415,1700
loop_2056_circuit_no_condition_2_1_6,0,4,5415,1700
loop_2056_circuit_no_condition_2_1_6,0,5,5416,1700
loop_2056_circuit_no_condition_2_1_6,0,6,5415,1700
loop_2056_circuit_no_condition_2_1_6,0,7,5414,1700
loop_2056_circuit_no_condition_2_1_6,0,8,5415,1700
loop_2056_circuit_no_condition_2_1_6,0,9,5414,1700
loop_2056_circuit_no_condition_2_1_6,0,10,5414,1700
loop_2056_circuit_no_condition_2_1_6,0,11,5414,1700
loop_2056_circuit_no_condition_2_1_6,0,12,5416,1700
loop_2056_circuit_no_condition_2_1_6,0,13,5418,1700
loop_2056_circuit_no_condition_2_1_6,0,14,5415,1700
loop_2056_circuit_no_condition_2_1_6,0,15,5415,1700
loop_2056_circuit_no_condition_2_1_6,0,0,5420,1801
loop_2056_circuit_no_condition_2_1_6,0,1,5420,1801
loop_2056_circuit_no_condition_2_1_6,0,2,5421,1801
loop_2056_circuit_no_condition_2_1_6,0,3,5424,1801
loop_2056_circuit_no_condition_2_1_6,0,4,5429,1801
loop_2056_circuit_no_condition_2_1_6,0,5,5420,1801
loop_2056_circuit_no_condition_2_1_6,0,6,5422,1801
loop_2056_circuit_no_condition_2_1_6,0,7,5420,1801
loop_2056_circuit_no_condition_2_1_6,0,8,5420,1801
loop_2056_circuit_no_condition_2_1_6,0,9,5423,1801
loop_2056_circuit_no_condition_2_1_6,0,10,5422,1801
loop_2056_circuit_no_condition_2_1_6,0,11,5422,1801
loop_2056_circuit_no_condition_2_1_6,0,12,5420,1801
loop_2056_circuit_no_condition_2_1_6,0,13,5420,1801
loop_2056_circuit_no_condition_2_1_6,0,14,5422,1801
loop_2056_circuit_no_condition_2_1_6,0,15,5420,1801
loop_2056_circuit_no_condition_2_1_6,0,0,624,1900
loop_2056_circuit_no_condition_2_1_6,0,1,5428,1900
loop_2056_circuit_no_condition_2_1_6,0,2,624,1900
loop_2056_circuit_no_condition_2_1_6,0,3,5008,1900
loop_2056_circuit_no_condition_2_1_6,0,4,5430,1900
loop_2056_circuit_no_condition_2_1_6,0,5,5430,1900
loop_2056_circuit_no_condition_2_1_6,0,6,624,1900
loop_2056_circuit_no_condition_2_1_6,0,7,624,1900
loop_2056_circuit_no_condition_2_1_6,0,8,624,1900
loop_2056_circuit_no_condition_2_1_6,0,9,624,1900
loop_2056_circuit_no_condition_2_1_6,0,10,624,1900
loop_2056_circuit_no_condition_2_1_6,0,11,624,1900
loop_2056_circuit_no_condition_2_1_6,0,12,624,1900
loop_2056_circuit_no_condition_2_1_6,0,13,5426,1900
loop_2056_circuit_no_condition_2_1_6,0,14,624,1900
loop_2056_circuit_no_condition_2_1_6,0,15,5254,1900
loop_2056_circuit_no_condition_2_1_6,1,0,5426,1
loop_2056_circuit_no_condition_2_1_6,1,1,5220,1
loop_2056_circuit_no_condition_2_1_6,1,2,624,1
loop_2056_circuit_no_condition_2_1_6,1,3,5421,1
loop_2056_circuit_no_condition_2_1_6,1,4,5406,1
loop_2056_circuit_no_condition_2_1_6,1,5,5416,1
loop_2056_circuit_no_condition_2_1_6,1,6,624,1
loop_2056_circuit_no_condition_2_1_6,1,7,5426,1
loop_2056_circuit_no_condition_2_1_6,1,8,5426,1
loop_2056_circuit_no_condition_2_1_6,1,9,5404,1
loop_2056_circuit_no_condition_2_1_6,1,10,5412,1
loop_2056_circuit_no_condition_2_1_6,1,11,5419,1
loop_2056_circuit_no_condition_2_1_6,1,12,624,1
loop_2056_circuit_no_condition_2_1_6,1,13,5423,1
loop_2056_circuit_no_condition_2_1_6,1,14,5422,1
loop_2056_circuit_no_condition_2_1_6,1,15,3819,1
loop_2056_circuit_no_condition_2_1_6,1,0,5415,101
loop_2056_circuit_no_condition_2_1_6,1,1,5388,101
loop_2056_circuit_no_condition_2_1_6,1,2,5364,101
loop_2056_circuit_no_condition_2_1_6,1,3,5418,101
loop_2056_circuit_no_condition_2_1_6,1,4,5411,101
loop_2056_circuit_no_condition_2_1_6,1,5,5428,101
loop_2056_circuit_no_condition_2_1_6,1,6,5418,101
loop_2056_circuit_no_condition_2_1_6,1,7,5398,101
loop_2056_circuit_no_condition_2_1_6,1,8,5419,101
loop_2056_circuit_no_condition_2_1_6,1,9,5417,101
loop_2056_circuit_no_condition_2_1_6,1,10,5416,101
loop_2056_circuit_no_condition_2_1_6,1,11,5415,101
loop_2056_circuit_no_condition_2_1_6,1,12,5398,101
loop_2056_circuit_no_condition_2_1_6,1,13,5424,101
loop_2056_circuit_no_condition_2_1_6,1,14,5404,101
loop_2056_circuit_no_condition_2_1_6,1,15,5411,101
loop_2056_circuit_no_condition_2_1_6,1,0,5425,200
loop_2056_circuit_no_condition_2_1_6,1,1,5424,200
loop_2056_circuit_no_condition_2_1_6,1,2,5413,200
loop_2056_circuit_no_condition_2_1_6,1,3,5419,200
loop_2056_circuit_no_condition_2_1_6,1,4,5401,200
loop_2056_circuit_no_condition_2_1_6,1,5,5427,200
loop_2056_circuit_no_condition_2_1_6,1,6,5418,200
loop_2056_circuit_no_condition_2_1_6,1,7,5243,200
loop_2056_circuit_no_condition_2_1_6,1,8,5422,200
loop_2056_circuit_no_condition_2_1_6,1,9,5421,200
loop_2056_circuit_no_condition_2_1_6,1,10,5346,200
loop_2056_circuit_no_condition_2_1_6,1,11,5387,200
loop_2056_circuit_no_condition_2_1_6,1,12,5425,200
loop_2056_circuit_no_condition_2_1_6,1,13,5426,200
loop_2056_circuit_no_condition_2_1_6,1,14,5351,200
loop_2056_circuit_no_condition_2_1_6,1,15,5200,200
loop_2056_circuit_no_condition_2_1_6,1,0,4820,300
loop_2056_circuit_no_condition_2_1_6,1,1,624,300
loop_2056_circuit_no_condition_2_1_6,1,2,4297,300
loop_2056_circuit_no_condition_2_1_6,1,3,4651,300
loop_2056_circuit_no_condition_2_1_6,1,4,624,300
loop_2056_circuit_no_condition_2_1_6,1,5,5425,300
loop_2056_circuit_no_condition_2_1_6,1,6,4125,300
loop_2056_circuit_no_condition_2_1_6,1,7,624,300
loop_2056_circuit_no_condition_2_1_6,1,8,624,300
loop_2056_circuit_no_condition_2_1_6,1,9,624,300
loop_2056_circuit_no_condition_2_1_6,1,10,624,300
loop_2056_circuit_no_condition_2_1_6,1,11,624,300
loop_2056_circuit_no_condition_2_1_6,1,12,624,300
loop_2056_circuit_no_condition_2_1_6,1,13,624,300
loop_2056_circuit_no_condition_2_1_6,1,14,624,300
loop_2056_circuit_no_condition_2_1_6,1,15,624,300
loop_2056_circuit_no_condition_2_1_6,1,0,624,401
loop_2056_circuit_no_condition_2_1_6,1,1,624,401
loop_2056_circuit_no_condition_2_1_6,1,2,624,401
loop_2056_circuit_no_condition_2_1_6,1,3,4219,401
loop_2056_circuit_no_condition_2_1_6,1,4,624,401
loop_2056_circuit_no_condition_2_1_6,1,5,5430,401
loop_2056_circuit_no_condition_2_1_6,1,6,624,401
loop_2056_circuit_no_condition_2_1_6,1,7,624,401
loop_2056_circuit_no_condition_2_1_6,1,8,624,401
loop_2056_circuit_no_condition_2_1_6,1,9,624,401
loop_2056_circuit_no_condition_2_1_6,1,10,624,401
loop_2056_circuit_no_condition_2_1_6,1,11,624,401
loop_2056_circuit_no_condition_2_1_6,1,12,624,401
loop_2056_circuit_no_condition_2_1_6,1,13,624,401
loop_2056_circuit_no_condition_2_1_6,1,14,624,401
loop_2056_circuit_no_condition_2_1_6,1,15,4609,401
loop_2056_circuit_no_condition_2_1_6,1,0,624,501
loop_2056_circuit_no_condition_2_1_6,1,1,624,501
loop_2056_circuit_no_condition_2_1_6,1,2,624,501
loop_2056_circuit_no_condition_2_1_6,1,3,4273,501
loop_2056_circuit_no_condition_2_1_6,1,4,5436,501
loop_2056_circuit_no_condition_2_1_6,1,5,4874,501
loop_2056_circuit_no_condition_2_1_6,1,6,624,501
loop_2056_circuit_no_condition_2_1_6,1,7,624,501
loop_2056_circuit_no_condition_2_1_6,1,8,5231,501
loop_2056_circuit_no_condition_2_1_6,1,9,624,501
loop_2056_circuit_no_condition_2_1_6,1,10,5430,501
loop_2056_circuit_no_condition_2_1_6,1,11,624,501
loop_2056_circuit_no_condition_2_1_6,1,12,5422,501
loop_2056_circuit_no_condition_2_1_6,1,13,624,501
loop_2056_circuit_no_condition_2_1_6,1,14,624,501
loop_2056_circuit_no_condition_2_1_6,1,15,624,501
loop_2056_circuit_no_condition_2_1_6,1,0,5395,601
loop_2056_circuit_no_condition_2_1_6,1,1,5416,601
loop_2056_circuit_no_condition_2_1_6,1,2,5412,601
loop_2056_circuit_no_condition_2_1_6,1,3,5413,601
loop_2056_circuit_no_condition_2_1_6,1,4,5405,601
loop_2056_circuit_no_condition_2_1_6,1,5,5420,601
loop_2056_circuit_no_condition_2_1_6,1,6,5413,601
loop_2056_circuit_no_condition_2_1_6,1,7,5407,601
loop_2056_circuit_no_condition_2_1_6,1,8,5408,601
loop_2056_circuit_no_condition_2_1_6,1,9,5411,601
loop_2056_circuit_no_condition_2_1_6,1,10,5395,601
loop_2056_circuit_no_condition_2_1_6,1,11,5407,601
loop_2056_circuit_no_condition_2_1_6,1,12,5408,601
loop_2056_circuit_no_condition_2_1_6,1,13,5396,601
loop_2056_circuit_no_condition_2_1_6,1,14,5407,601
loop_2056_circuit_no_condition_2_1_6,1,15,5398,601
loop_2056_circuit_no_condition_2_1_6,1,0,5403,701
loop_2056_circuit_no_condition_2_1_6,1,1,5400,701
loop_2056_circuit_no_condition_2_1_6,1,2,5407,701
loop_2056_circuit_no_condition_2_1_6,1,3,5402,701
loop_2056_circuit_no_condition_2_1_6,1,4,5405,701
loop_2056_circuit_no_condition_2_1_6,1,5,5403,701
loop_2056_circuit_no_condition_2_1_6,1,6,5420,701
loop_2056_circuit_no_condition_2_1_6,1,7,5399,701
loop_2056_circuit_no_condition_2_1_6,1,8,5411,701
loop_2056_circuit_no_condition_2_1_6,1,9,5406,701
loop_2056_circuit_no_condition_2_1_6,1,10,5397,701
loop_2056_circuit_no_condition_2_1_6,1,11,5405,701
loop_2056_circuit_no_condition_2_1_6,1,12,5402,701
loop_2056_circuit_no_condition_2_1_6,1,13,5400,701
loop_2056_circuit_no_condition_2_1_6,1,14,5398,701
loop_2056_circuit_no_condition_2_1_6,1,15,5394,701
loop_2056_circuit_no_condition_2_1_6,1,0,5404,800
loop_2056_circuit_no_condition_2_1_6,1,1,5402,800
loop_2056_circuit_no_condition_2_1_6,1,2,5403,800
loop_2056_circuit_no_condition_2_1_6,1,3,5408,800
loop_2056_circuit_no_condition_2_1_6,1,4,5421,800
loop_2056_circuit_no_condition_2_1_6,1,5,5407,800
loop_2056_circuit_no_condition_2_1_6,1,6,5400,800
loop_2056_circuit_no_condition_2_1_6,1,7,5402,800
loop_2056_circuit_no_condition_2_1_6,1,8,5402,800
loop_2056_circuit_no_condition_2_1_6,1,9,5400,800
loop_2056_circuit_no_condition_2_1_6,1,10,5402,800
loop_2056_circuit_no_condition_2_1_6,1,11,5405,800
loop_2056_circuit_no_condition_2_1_6,1,12,5400,800
loop_2056_circuit_no_condition_2_1_6,1,13,5405,800
loop_2056_circuit_no_condition_2_1_6,1,14,5406,800
loop_2056_circuit_no_condition_2_1_6,1,15,5406,800
loop_2056_circuit_no_condition_2_1_6,1,0,5412,900
loop_2056_circuit_no_condition_2_1_6,1,1,5408,900
loop_2056_circuit_no_condition_2_1_6,1,2,5406,900
loop_2056_circuit_no_condition_2_1_6,1,3,5407,900
loop_2056_circuit_no_condition_2_1_6,1,4,5417,900
loop_2056_circuit_no_condition_2_1_6,1,5,5426,900
loop_2056_circuit_no_condition_2_1_6,1,6,5405,900
loop_2056_circuit_no_condition_2_1_6,1,7,5406,900
loop_2056_circuit_no_condition_2_1_6,1,8,5413,900
loop_2056_circuit_no_condition_2_1_6,1,9,5406,900
loop_2056_circuit_no_condition_2_1_6,1,10,5409,900
loop_2056_circuit_no_condition_2_1_6,1,11,5414,900
loop_2056_circuit_no_condition_2_1_6,1,12,5410,900
loop_2056_circuit_no_condition_2_1_6,1,13,5407,900
loop_2056_circuit_no_condition_2_1_6,1,14,5405,900
loop_2056_circuit_no_condition_2_1_6,1,15,5406,900
loop_2056_circuit_no_condition_2_1_6,1,0,5415,1000
loop_2056_circuit_no_condition_2_1_6,1,1,5409,1000
loop_2056_circuit_no_condition_2_1_6,1,2,5411,1000
loop_2056_circuit_no_condition_2_1_6,1,3,5409,1000
loop_2056_circuit_no_condition_2_1_6,1,4,5429,1000
loop_2056_circuit_no_condition_2_1_6,1,5,5417,1000
loop_2056_circuit_no_condition_2_1_6,1,6,5407,1000
loop_2056_circuit_no_condition_2_1_6,1,7,5411,1000
loop_2056_circuit_no_condition_2_1_6,1,8,5417,1000
loop_2056_circuit_no_condition_2_1_6,1,9,5408,1000
loop_2056_circuit_no_condition_2_1_6,1,10,5413,1000
loop_2056_circuit_no_condition_2_1_6,1,11,5420,1000
loop_2056_circuit_no_condition_2_1_6,1,12,5411,1000
loop_2056_circuit_no_condition_2_1_6,1,13,5408,1000
loop_2056_circuit_no_condition_2_1_6,1,14,5408,1000
loop_2056_circuit_no_condition_2_1_6,1,15,5411,1000
loop_2056_circuit_no_condition_2_1_6,1,0,5427,1101
loop_2056_circuit_no_condition_2_1_6,1,1,5406,1101
loop_2056_circuit_no_condition_2_1_6,1,2,5409,1101
loop_2056_circuit_no_condition_2_1_6,1,3,5408,1101
loop_2056_circuit_no_condition_2_1_6,1,4,5409,1101
loop_2056_circuit_no_condition_2_1_6,1,5,5416,1101
loop_2056_circuit_no_condition_2_1_6,1,6,5398,1101
loop_2056_circuit_no_condition_2_1_6,1,7,5410,1101
loop_2056_circuit_no_condition_2_1_6,1,8,5412,1101
loop_2056_circuit_no_condition_2_1_6,1,9,5408,1101
loop_2056_circuit_no_condition_2_1_6,1,10,5409,1101
loop_2056_circuit_no_condition_2_1_6,1,11,5407,1101
loop_2056_circuit_no_condition_2_1_6,1,12,5414,1101
loop_2056_circuit_no_condition_2_1_6,1,13,5411,1101
loop_2056_circuit_no_condition_2_1_6,1,14,5416,1101
loop_2056_circuit_no_condition_2_1_6,1,15,5417,1101
loop_2056_circuit_no_condition_2_1_6,1,0,5401,1201
loop_2056_circuit_no_condition_2_1_6,1,1,5400,1201
loop_2056_circuit_no_condition_2_1_6,1,2,5408,1201
loop_2056_circuit_no_condition_2_1_6,1,3,5399,1201
loop_2056_circuit_no_condition_2_1_6,1,4,5411,1201
loop_2056_circuit_no_condition_2_1_6,1,5,5420,1201
loop_2056_circuit_no_condition_2_1_6,1,6,5399,1201
loop_2056_circuit_no_condition_2_1_6,1,7,5399,1201
loop_2056_circuit_no_condition_2_1_6,1,8,5400,1201
loop_2056_circuit_no_condition_2_1_6,1,9,5397,1201
loop_2056_circuit_no_condition_2_1_6,1,10,5400,1201
loop_2056_circuit_no_condition_2_1_6,1,11,5397,1201
loop_2056_circuit_no_condition_2_1_6,1,12,5400,1201
loop_2056_circuit_no_condition_2_1_6,1,13,5399,1201
loop_2056_circuit_no_condition_2_1_6,1,14,5400,1201
loop_2056_circuit_no_condition_2_1_6,1,15,5406,1201
loop_2056_circuit_no_condition_2_1_6,1,0,5410,1300
loop_2056_circuit_no_condition_2_1_6,1,1,5411,1300
loop_2056_circuit_no_condition_2_1_6,1,2,5409,1300
loop_2056_circuit_no_condition_2_1_6,1,3,5406,1300
loop_2056_circuit_no_condition_2_1_6,1,4,5408,1300
loop_2056_circuit_no_condition_2_1_6,1,5,5426,1300
loop_2056_circuit_no_condition_2_1_6,1,6,5413,1300
loop_2056_circuit_no_condition_2_1_6,1,7,5405,1300
loop_2056_circuit_no_condition_2_1_6,1,8,5408,1300
loop_2056_circuit_no_condition_2_1_6,1,9,5407,1300
loop_2056_circuit_no_condition_2_1_6,1,10,5406,1300
loop_2056_circuit_no_condition_2_1_6,1,11,5411,1300
loop_2056_circuit_no_condition_2_1_6,1,12,5409,1300
loop_2056_circuit_no_condition_2_1_6,1,13,5406,1300
loop_2056_circuit_no_condition_2_1_6,1,14,5414,1300
loop_2056_circuit_no_condition_2_1_6,1,15,5407,1300
loop_2056_circuit_no_condition_2_1_6,1,0,5410,1400
loop_2056_circuit_no_condition_2_1_6,1,1,5409,1400
loop_2056_circuit_no_condition_2_1_6,1,2,5411,1400
loop_2056_circuit_no_condition_2_1_6,1,3,5413,1400
loop_2056_circuit_no_condition_2_1_6,1,4,5428,1400
loop_2056_circuit_no_condition_2_1_6,1,5,5411,1400
loop_2056_circuit_no_condition_2_1_6,1,6,5406,1400
loop_2056_circuit_no_condition_2_1_6,1,7,5407,1400
loop_2056_circuit_no_condition_2_1_6,1,8,5410,1400
loop_2056_circuit_no_condition_2_1_6,1,9,5410,1400
loop_2056_circuit_no_condition_2_1_6,1,10,5412,1400
loop_2056_circuit_no_condition_2_1_6,1,11,5410,1400
loop_2056_circuit_no_condition_2_1_6,1,12,5411,1400
loop_2056_circuit_no_condition_2_1_6,1,13,5412,1400
loop_2056_circuit_no_condition_2_1_6,1,14,5418,1400
loop_2056_circuit_no_condition_2_1_6,1,15,5411,1400
loop_2056_circuit_no_condition_2_1_6,1,0,624,1501
loop_2056_circuit_no_condition_2_1_6,1,1,624,1501
loop_2056_circuit_no_condition_2_1_6,1,2,624,1501
loop_2056_circuit_no_condition_2_1_6,1,3,5418,1501
loop_2056_circuit_no_condition_2_1_6,1,4,5429,1501
loop_2056_circuit_no_condition_2_1_6,1,5,5425,1501
loop_2056_circuit_no_condition_2_1_6,1,6,624,1501
loop_2056_circuit_no_condition_2_1_6,1,7,624,1501
loop_2056_circuit_no_condition_2_1_6,1,8,5429,1501
loop_2056_circuit_no_condition_2_1_6,1,9,624,1501
loop_2056_circuit_no_condition_2_1_6,1,10,624,1501
loop_2056_circuit_no_condition_2_1_6,1,11,624,1501
loop_2056_circuit_no_condition_2_1_6,1,12,624,1501
loop_2056_circuit_no_condition_2_1_6,1,13,624,1501
loop_2056_circuit_no_condition_2_1_6,1,14,624,1501
loop_2056_circuit_no_condition_2_1_6,1,15,5429,1501
loop_2056_circuit_no_condition_2_1_6,2,0,5431,1
loop_2056_circuit_no_condition_2_1_6,2,1,5424,1
loop_2056_circuit_no_condition_2_1_6,2,2,5424,1
loop_2056_circuit_no_condition_2_1_6,2,3,5431,1
loop_2056_circuit_no_condition_2_1_6,2,4,5431,1
loop_2056_circuit_no_condition_2_1_6,2,5,5398,1
loop_2056_circuit_no_condition_2_1_6,2,6,624,1
loop_2056_circuit_no_condition_2_1_6,2,7,5428,1
loop_2056_circuit_no_condition_2_1_6,2,8,624,1
loop_2056_circuit_no_condition_2_1_6,2,9,5418,1
loop_2056_circuit_no_condition_2_1_6,2,10,5417,1
loop_2056_circuit_no_condition_2_1_6,2,11,624,1
loop_2056_circuit_no_condition_2_1_6,2,12,624,1
loop_2056_circuit_no_condition_2_1_6,2,13,5411,1
loop_2056_circuit_no_condition_2_1_6,2,14,5424,1
loop_2056_circuit_no_condition_2_1_6,2,15,5427,1
loop_2056_circuit_no_condition_2_1_6,2,0,5419,100
loop_2056_circuit_no_condition_2_1_6,2,1,5426,100
loop_2056_circuit_no_condition_2_1_6,2,2,5413,100
loop_2056_circuit_no_condition_2_1_6,2,3,5419,100
loop_2056_circuit_no_condition_2_1_6,2,4,5424,100
loop_2056_circuit_no_condition_2_1_6,2,5,5419,100
loop_2056_circuit_no_condition_2_1_6,2,6,5421,100
loop_2056_circuit_no_condition_2_1_6,2,7,5427,100
loop_2056_circuit_no_condition_2_1_6,2,8,5424,100
loop_2056_circuit_no_condition_2_1_6,2,9,5419,100
loop_2056_circuit_no_condition_2_1_6,2,10,5407,100
loop_2056_circuit_no_condition_2_1_6,2,11,5428,100
loop_2056_circuit_no_condition_2_1_6,2,12,5407,100
loop_2056_circuit_no_condition_2_1_6,2,13,5415,100
loop_2056_circuit_no_condition_2_1_6,2,14,5338,100
loop_2056_circuit_no_condition_2_1_6,2,15,5417,100
loop_2056_circuit_no_condition_2_1_6,2,0,5429,200
loop_2056_circuit_no_condition_2_1_6,2,1,5406,200
loop_2056_circuit_no_condition_2_1_6,2,2,5433,200
loop_2056_circuit_no_condition_2_1_6,2,3,5427,200
loop_2056_circuit_no_condition_2_1_6,2,4,5433,200
loop_2056_circuit_no_condition_2_1_6,2,5,5430,200
loop_2056_circuit_no_condition_2_1_6,2,6,5380,200
loop_2056_circuit_no_condition_2_1_6,2,7,5421,200
loop_2056_circuit_no_condition_2_1_6,2,8,5388,200
loop_2056_circuit_no_condition_2_1_6,2,9,5329,200
loop_2056_circuit_no_condition_2_1_6,2,10,5404,200
loop_2056_circuit_no_condition_2_1_6,2,11,5426,200
loop_2056_circuit_no_condition_2_1_6,2,12,5428,200
loop_2056_circuit_no_condition_2_1_6,2,13,5399,200
loop_2056_circuit_no_condition_2_1_6,2,14,5431,200
loop_2056_circuit_no_condition_2_1_6,2,15,5420,200
loop_2056_circuit_no_condition_2_1_6,2,0,624,300
loop_2056_circuit_no_condition_2_1_6,2,1,624,300
loop_2056_circuit_no_condition_2_1_6,2,2,624,300
loop_2056_circuit_no_condition_2_1_6,2,3,624,300
loop_2056_circuit_no_condition_2_1_6,2,4,5424,300
loop_2056_circuit_no_condition_2_1_6,2,5,5417,300
loop_2056_circuit_no_condition_2_1_6,2,6,624,300
loop_2056_circuit_no_condition_2_1_6,2,7,624,300
loop_2056_circuit_no_condition_2_1_6,2,8,5407,300
loop_2056_circuit_no_condition_2_1_6,2,9,624,300
loop_2056_circuit_no_condition_2_1_6,2,10,624,300
loop_2056_circuit_no_condition_2_1_6,2,11,624,300
loop_2056_circuit_no_condition_2_1_6,2,12,624,300
loop_2056_circuit_no_condition_2_1_6,2,13,624,300
loop_2056_circuit_no_condition_2_1_6,2,14,624,300
loop_2056_circuit_no_condition_2_1_6,2,15,5426,300
loop_2056_circuit_no_condition_2_1_6,2,0,624,400
loop_2056_circuit_no_condition_2_1_6,2,1,624,400
loop_2056_circuit_no_condition_2_1_6,2,2,624,400
loop_2056_circuit_no_condition_2_1_6,2,3,624,400
loop_2056_circuit_no_condition_2_1_6,2,4,5431,400
loop_2056_circuit_no_condition_2_1_6,2,5,5453,400
loop_2056_circuit_no_condition_2_1_6,2,6,624,400
loop_2056_circuit_no_condition_2_1_6,2,7,5427,400
loop_2056_circuit_no_condition_2_1_6,2,8,624,400
loop_2056_circuit_no_condition_2_1_6,2,9,624,400
loop_2056_circuit_no_condition_2_1_6,2,10,624,400
loop_2056_circuit_no_condition_2_1_6,2,11,624,400
loop_2056_circuit_no_condition_2_1_6,2,12,624,400
loop_2056_circuit_no_condition_2_1_6,2,13,624,400
loop_2056_circuit_no_condition_2_1_6,2,14,624,400
loop_2056_circuit_no_condition_2_1_6,2,15,5189,400
loop_2056_circuit_no_condition_2_1_6,2,0,5417,500
loop_2056_circuit_no_condition_2_1_6,2,1,624,500
loop_2056_circuit_no_condition_2_1_6,2,2,624,500
loop_2056_circuit_no_condition_2_1_6,2,3,624,500
loop_2056_circuit_no_condition_2_1_6,2,4,4459,500
loop_2056_circuit_no_condition_2_1_6,2,5,5425,500
loop_2056_circuit_no_condition_2_1_6,2,6,624,500
loop_2056_circuit_no_condition_2_1_6,2,7,624,500
loop_2056_circuit_no_condition_2_1_6,2,8,4438,500
loop_2056_circuit_no_condition_2_1_6,2,9,624,500
loop_2056_circuit_no_condition_2_1_6,2,10,624,500
loop_2056_circuit_no_condition_2_1_6,2,11,624,500
loop_2056_circuit_no_condition_2_1_6,2,12,4734,500
loop_2056_circuit_no_condition_2_1_6,2,13,624,500
loop_2056_circuit_no_condition_2_1_6,2,14,624,500
loop_2056_circuit_no_condition_2_1_6,2,15,624,500
loop_2056_circuit_no_condition_2_1_6,2,0,5417,600
loop_2056_circuit_no_condition_2_1_6,2,1,5417,600
loop_2056_circuit_no_condition_2_1_6,2,2,5418,600
loop_2056_circuit_no_condition_2_1_6,2,3,5420,600
loop_2056_circuit_no_condition_2_1_6,2,4,5418,600
loop_2056_circuit_no_condition_2_1_6,2,5,5420,600
loop_2056_circuit_no_condition_2_1_6,2,6,5417,600
loop_2056_circuit_no_condition_2_1_6,2,7,5417,600
loop_2056_circuit_no_condition_2_1_6,2,8,5418,600
loop_2056_circuit_no_condition_2_1_6,2,9,5418,600
loop_2056_circuit_no_condition_2_1_6,2,10,5417,600
loop_2056_circuit_no_condition_2_1_6,2,11,5419,600
loop_2056_circuit_no_condition_2_1_6,2,12,5419,600
loop_2056_circuit_no_condition_2_1_6,2,13,5417,600
loop_2056_circuit_no_condition_2_1_6,2,14,5417,600
loop_2056_circuit_no_condition_2_1_6,2,15,5417,600
loop_2056_circuit_no_condition_2_1_6,2,0,5424,701
loop_2056_circuit_no_condition_2_1_6,2,1,5424,701
loop_2056_circuit_no_condition_2_1_6,2,2,5423,701
loop_2056_circuit_no_condition_2_1_6,2,3,5428,701
loop_2056_circuit_no_condition_2_1_6,2,4,5431,701
loop_2056_circuit_no_condition_2_1_6,2,5,5426,701
loop_2056_circuit_no_condition_2_1_6,2,6,5424,701
loop_2056_circuit_no_condition_2_1_6,2,7,5424,701
loop_2056_circuit_no_condition_2_1_6,2,8,5424,701
loop_2056_circuit_no_condition_2_1_6,2,9,5424,701
loop_2056_circuit_no_condition_2_1_6,2,10,5424,701
loop_2056_circuit_no_condition_2_1_6,2,11,5424,701
loop_2056_circuit_no_condition_2_1_6,2,12,5423,701
loop_2056_circuit_no_condition_2_1_6,2,13,5420,701
loop_2056_circuit_no_condition_2_1_6,2,14,5419,701
loop_2056_circuit_no_condition_2_1_6,2,15,5424,701
loop_2056_circuit_no_condition_2_1_6,2,0,5416,801
loop_2056_circuit_no_condition_2_1_6,2,1,5415,801
loop_2056_circuit_no_condition_2_1_6,2,2,5416,801
loop_2056_circuit_no_condition_2_1_6,2,3,5416,801
loop_2056_circuit_no_condition_2_1_6,2,4,5415,801
loop_2056_circuit_no_condition_2_1_6,2,5,5422,801
loop_2056_circuit_no_condition_2_1_6,2,6,5416,801
loop_2056_circuit_no_condition_2_1_6,2,7,5416,801
loop_2056_circuit_no_condition_2_1_6,2,8,5415,801
loop_2056_circuit_no_condition_2_1_6,2,9,5415,801
loop_2056_circuit_no_condition_2_1_6,2,10,5415,801
loop_2056_circuit_no_condition_2_1_6,2,11,5417,801
loop_2056_circuit_no_condition_2_1_6,2,12,5416,801
loop_2056_circuit_no_condition_2_1_6,2,13,5415,801
loop_2056_circuit_no_condition_2_1_6,2,14,5415,801
loop_2056_circuit_no_condition_2_1_6,2,15,5415,801
loop_2056_circuit_no_condition_2_1_6,2,0,5417,900
loop_2056_circuit_no_condition_2_1_6,2,1,5418,900
loop_2056_circuit_no_condition_2_1_6,2,2,5418,900
loop_2056_circuit_no_condition_2_1_6,2,3,5419,900
loop_2056_circuit_no_condition_2_1_6,2,4,5421,900
loop_2056_circuit_no_condition_2_1_6,2,5,5425,900
loop_2056_circuit_no_condition_2_1_6,2,6,5419,900
loop_2056_circuit_no_condition_2_1_6,2,7,5419,900
loop_2056_circuit_no_condition_2_1_6,2,8,5420,900
loop_2056_circuit_no_condition_2_1_6,2,9,5417,900
loop_2056_circuit_no_condition_2_1_6,2,10,5418,900
loop_2056_circuit_no_condition_2_1_6,2,11,5418,900
loop_2056_circuit_no_condition_2_1_6,2,12,5420,900
loop_2056_circuit_no_condition_2_1_6,2,13,5419,900
loop_2056_circuit_no_condition_2_1_6,2,14,5420,900
loop_2056_circuit_no_condition_2_1_6,2,15,5419,900
loop_2056_circuit_no_condition_2_1_6,2,0,5415,1000
loop_2056_circuit_no_condition_2_1_6,2,1,5415,1000
loop_2056_circuit_no_condition_2_1_6,2,2,5415,1000
loop_2056_circuit_no_condition_2_1_6,2,3,5415,1000
loop_2056_circuit_no_condition_2_1_6,2,4,5415,1000
loop_2056_circuit_no_condition_2_1_6,2,5,5415,1000
loop_2056_circuit_no_condition_2_1_6,2,6,5423,1000
loop_2056_circuit_no_condition_2_1_6,2,7,5416,1000
loop_2056_circuit_no_condition_2_1_6,2,8,5421,1000
loop_2056_circuit_no_condition_2_1_6,2,9,5416,1000
loop_2056_circuit_no_condition_2_1_6,2,10,5415,1000
loop_2056_circuit_no_condition_2_1_6,2,11,5419,1000
loop_2056_circuit_no_condition_2_1_6,2,12,5415,1000
loop_2056_circuit_no_condition_2_1_6,2,13,5415,1000
loop_2056_circuit_no_condition_2_1_6,2,14,5415,1000
loop_2056_circuit_no_condition_2_1_6,2,15,5415,1000
loop_2056_circuit_no_condition_2_1_6,2,0,5412,1101
loop_2056_circuit_no_condition_2_1_6,2,1,5412,1101
loop_2056_circuit_no_condition_2_1_6,2,2,5412,1101
loop_2056_circuit_no_condition_2_1_6,2,3,5413,1101
loop_2056_circuit_no_condition_2_1_6,2,4,5412,1101
loop_2056_circuit_no_condition_2_1_6,2,5,5412,1101
loop_2056_circuit_no_condition_2_1_6,2,6,5412,1101
loop_2056_circuit_no_condition_2_1_6,2,7,5413,1101
loop_2056_circuit_no_condition_2_1_6,2,8,5412,1101
loop_2056_circuit_no_condition_2_1_6,2,9,5412,1101
loop_2056_circuit_no_condition_2_1_6,2,10,5413,1101
loop_2056_circuit_no_condition_2_1_6,2,11,5413,1101
loop_2056_circuit_no_condition_2_1_6,2,12,5414,1101
loop_2056_circuit_no_condition_2_1_6,2,13,5418,1101
loop_2056_circuit_no_condition_2_1_6,2,14,5412,1101
loop_2056_circuit_no_condition_2_1_6,2,15,5413,1101
loop_2056_circuit_no_condition_2_1_6,2,0,5419,1201
loop_2056_circuit_no_condition_2_1_6,2,1,5419,1201
loop_2056_circuit_no_condition_2_1_6,2,2,5419,1201
loop_2056_circuit_no_condition_2_1_6,2,3,5423,1201
loop_2056_circuit_no_condition_2_1_6,2,4,5419,1201
loop_2056_circuit_no_condition_2_1_6,2,5,5419,1201
loop_2056_circuit_no_condition_2_1_6,2,6,5428,1201
loop_2056_circuit_no_condition_2_1_6,2,7,5419,1201
loop_2056_circuit_no_condition_2_1_6,2,8,5415,1201
loop_2056_circuit_no_condition_2_1_6,2,9,5413,1201
loop_2056_circuit_no_condition_2_1_6,2,10,5418,1201
loop_2056_circuit_no_condition_2_1_6,2,11,5419,1201
loop_2056_circuit_no_condition_2_1_6,2,12,5414,1201
loop_2056_circuit_no_condition_2_1_6,2,13,5418,1201
loop_2056_circuit_no_condition_2_1_6,2,14,5419,1201
loop_2056_circuit_no_condition_2_1_6,2,15,5420,1201
loop_2056_circuit_no_condition_2_1_6,2,0,5421,1300
loop_2056_circuit_no_condition_2_1_6,2,1,5426,1300
loop_2056_circuit_no_condition_2_1_6,2,2,5420,1300
loop_2056_circuit_no_condition_2_1_6,2,3,5419,1300
loop_2056_circuit_no_condition_2_1_6,2,4,5421,1300
loop_2056_circuit_no_condition_2_1_6,2,5,5420,1300
loop_2056_circuit_no_condition_2_1_6,2,6,5419,1300
loop_2056_circuit_no_condition_2_1_6,2,7,5420,1300
loop_2056_circuit_no_condition_2_1_6,2,8,5422,1300
loop_2056_circuit_no_condition_2_1_6,2,9,5419,1300
loop_2056_circuit_no_condition_2_1_6,2,10,5419,1300
loop_2056_circuit_no_condition_2_1_6,2,11,5420,1300
loop_2056_circuit_no_condition_2_1_6,2,12,5422,1300
loop_2056_circuit_no_condition_2_1_6,2,13,5420,1300
loop_2056_circuit_no_condition_2_1_6,2,14,5421,1300
loop_2056_circuit_no_condition_2_1_6,2,15,5420,1300
loop_2056_circuit_no_condition_2_1_6,2,0,5413,1400
loop_2056_circuit_no_condition_2_1_6,2,1,5420,1400
loop_2056_circuit_no_condition_2_1_6,2,2,5419,1400
loop_2056_circuit_no_condition_2_1_6,2,3,5420,1400
loop_2056_circuit_no_condition_2_1_6,2,4,5424,1400
loop_2056_circuit_no_condition_2_1_6,2,5,5419,1400
loop_2056_circuit_no_condition_2_1_6,2,6,5418,1400
loop_2056_circuit_no_condition_2_1_6,2,7,5419,1400
loop_2056_circuit_no_condition_2_1_6,2,8,5422,1400
loop_2056_circuit_no_condition_2_1_6,2,9,5419,1400
loop_2056_circuit_no_condition_2_1_6,2,10,5414,1400
loop_2056_circuit_no_condition_2_1_6,2,11,5418,1400
loop_2056_circuit_no_condition_2_1_6,2,12,5419,1400
loop_2056_circuit_no_condition_2_1_6,2,13,5418,1400
loop_2056_circuit_no_condition_2_1_6,2,14,5418,1400
loop_2056_circuit_no_condition_2_1_6,2,15,5416,1400
loop_2056_circuit_no_condition_2_1_6,2,0,5422,1500
loop_2056_circuit_no_condition_2_1_6,2,1,5422,1500
loop_2056_circuit_no_condition_2_1_6,2,2,5422,1500
loop_2056_circuit_no_condition_2_1_6,2,3,5421,1500
loop_2056_circuit_no_condition_2_1_6,2,4,5422,1500
loop_2056_circuit_no_condition_2_1_6,2,5,5427,1500
loop_2056_circuit_no_condition_2_1_6,2,6,5423,1500
loop_2056_circuit_no_condition_2_1_6,2,7,5423,1500
loop_2056_circuit_no_condition_2_1_6,2,8,5422,1500
loop_2056_circuit_no_condition_2_1_6,2,9,5423,1500
loop_2056_circuit_no_condition_2_1_6,2,10,5424,1500
loop_2056_circuit_no_condition_2_1_6,2,11,5421,1500
loop_2056_circuit_no_condition_2_1_6,2,12,5420,1500
loop_2056_circuit_no_condition_2_1_6,2,13,5422,1500
loop_2056_circuit_no_condition_2_1_6,2,14,5422,1500
loop_2056_circuit_no_condition_2_1_6,2,15,5423,1500
loop_2056_circuit_no_condition_2_1_6,2,0,5422,1601
loop_2056_circuit_no_condition_2_1_6,2,1,5418,1601
loop_2056_circuit_no_condition_2_1_6,2,2,5418,1601
loop_2056_circuit_no_condition_2_1_6,2,3,5421,1601
loop_2056_circuit_no_condition_2_1_6,2,4,5425,1601
loop_2056_circuit_no_condition_2_1_6,2,5,5418,1601
loop_2056_circuit_no_condition_2_1_6,2,6,5419,1601
loop_2056_circuit_no_condition_2_1_6,2,7,5419,1601
loop_2056_circuit_no_condition_2_1_6,2,8,5419,1601
loop_2056_circuit_no_condition_2_1_6,2,9,5418,1601
loop_2056_circuit_no_condition_2_1_6,2,10,5419,1601
loop_2056_circuit_no_condition_2_1_6,2,11,5423,1601
loop_2056_circuit_no_condition_2_1_6,2,12,5418,1601
loop_2056_circuit_no_condition_2_1_6,2,13,5418,1601
loop_2056_circuit_no_condition_2_1_6,2,14,5419,1601
loop_2056_circuit_no_condition_2_1_6,2,15,5421,1601
loop_2056_circuit_no_condition_2_1_6,2,0,5414,1700
loop_2056_circuit_no_condition_2_1_6,2,1,5421,1700
loop_2056_circuit_no_condition_2_1_6,2,2,5414,1700
loop_2056_circuit_no_condition_2_1_6,2,3,5418,1700
loop_2056_circuit_no_condition_2_1_6,2,4,5416,1700
loop_2056_circuit_no_condition_2_1_6,2,5,5415,1700
loop_2056_circuit_no_condition_2_1_6,2,6,5416,1700
loop_2056_circuit_no_condition_2_1_6,2,7,5415,1700
loop_2056_circuit_no_condition_2_1_6,2,8,5415,1700
loop_2056_circuit_no_condition_2_1_6,2,9,5415,1700
loop_2056_circuit_no_condition_2_1_6,2,10,5421,1700
loop_2056_circuit_no_condition_2_1_6,2,11,5415,1700
loop_2056_circuit_no_condition_2_1_6,2,12,5425,1700
loop_2056_circuit_no_condition_2_1_6,2,13,5421,1700
loop_2056_circuit_no_condition_2_1_6,2,14,5418,1700
loop_2056_circuit_no_condition_2_1_6,2,15,5414,1700
loop_2056_circuit_no_condition_2_1_6,2,0,5417,1800
loop_2056_circuit_no_condition_2_1_6,2,1,5416,1800
loop_2056_circuit_no_condition_2_1_6,2,2,5418,1800
loop_2056_circuit_no_condition_2_1_6,2,3,5422,1800
loop_2056_circuit_no_condition_2_1_6,2,4,5418,1800
loop_2056_circuit_no_condition_2_1_6,2,5,5424,1800
loop_2056_circuit_no_condition_2_1_6,2,6,5418,1800
loop_2056_circuit_no_condition_2_1_6,2,7,5416,1800
loop_2056_circuit_no_condition_2_1_6,2,8,5416,1800
loop_2056_circuit_no_condition_2_1_6,2,9,5416,1800
loop_2056_circuit_no_condition_2_1_6,2,10,5418,1800
loop_2056_circuit_no_condition_2_1_6,2,11,5421,1800
loop_2056_circuit_no_condition_2_1_6,2,12,5421,1800
loop_2056_circuit_no_condition_2_1_6,2,13,5417,1800
loop_2056_circuit_no_condition_2_1_6,2,14,5417,1800
loop_2056_circuit_no_condition_2_1_6,2,15,5417,1800
loop_2056_circuit_no_condition_2_1_6,2,0,5415,1900
loop_2056_circuit_no_condition_2_1_6,2,1,5421,1900
loop_2056_circuit_no_condition_2_1_6,2,2,5420,1900
loop_2056_circuit_no_condition_2_1_6,2,3,5421,1900
loop_2056_circuit_no_condition_2_1_6,2,4,5420,1900
loop_2056_circuit_no_condition_2_1_6,2,5,5424,1900
loop_2056_circuit_no_condition_2_1_6,2,6,5417,1900
loop_2056_circuit_no_condition_2_1_6,2,7,5420,1900
loop_2056_circuit_no_condition_2_1_6,2,8,5421,1900
loop_2056_circuit_no_condition_2_1_6,2,9,5420,1900
loop_2056_circuit_no_condition_2_1_6,2,10,5420,1900
loop_2056_circuit_no_condition_2_1_6,2,11,5419,1900
loop_2056_circuit_no_condition_2_1_6,2,12,5416,1900
loop_2056_circuit_no_condition_2_1_6,2,13,5419,1900
loop_2056_circuit_no_condition_2_1_6,2,14,5420,1900
loop_2056_circuit_no_condition_2_1_6,2,15,5421,1900
loop_2056_circuit_no_condition_2_1_6,2,0,5418,2000
loop_2056_circuit_no_condition_2_1_6,2,1,5334,2000
loop_2056_circuit_no_condition_2_1_6,2,2,5418,2000
loop_2056_circuit_no_condition_2_1_6,2,3,5371,2000
loop_2056_circuit_no_condition_2_1_6,2,4,5416,2000
loop_2056_circuit_no_condition_2_1_6,2,5,5426,2000
loop_2056_circuit_no_condition_2_1_6,2,6,5419,2000
loop_2056_circuit_no_condition_2_1_6,2,7,5416,2000
loop_2056_circuit_no_condition_2_1_6,2,8,5418,2000
loop_2056_circuit_no_condition_2_1_6,2,9,5415,2000
loop_2056_circuit_no_condition_2_1_6,2,10,5406,2000
loop_2056_circuit_no_condition_2_1_6,2,11,5420,2000
loop_2056_circuit_no_condition_2_1_6,2,12,5419,2000
loop_2056_circuit_no_condition_2_1_6,2,13,5415,2000
loop_2056_circuit_no_condition_2_1_6,2,14,5413,2000
loop_2056_circuit_no_condition_2_1_6,2,15,5417,2000
loop_2056_circuit_no_condition_2_1_6,3,0,5427,0
loop_2056_circuit_no_condition_2_1_6,3,1,4921,0
loop_2056_circuit_no_condition_2_1_6,3,2,5436,0
loop_2056_circuit_no_condition_2_1_6,3,3,624,0
loop_2056_circuit_no_condition_2_1_6,3,4,5432,0
loop_2056_circuit_no_condition_2_1_6,3,5,5430,0
loop_2056_circuit_no_condition_2_1_6,3,6,624,0
loop_2056_circuit_no_condition_2_1_6,3,7,5428,0
loop_2056_circuit_no_condition_2_1_6,3,8,624,0
loop_2056_circuit_no_condition_2_1_6,3,9,5426,0
loop_2056_circuit_no_condition_2_1_6,3,10,5426,0
loop_2056_circuit_no_condition_2_1_6,3,11,5429,0
loop_2056_circuit_no_condition_2_1_6,3,12,5408,0
loop_2056_circuit_no_condition_2_1_6,3,13,5427,0
loop_2056_circuit_no_condition_2_1_6,3,14,624,0
loop_2056_circuit_no_condition_2_1_6,3,15,624,0
loop_2056_circuit_no_condition_2_1_6,3,0,5367,100
loop_2056_circuit_no_condition_2_1_6,3,1,5389,100
loop_2056_circuit_no_condition_2_1_6,3,2,5402,100
loop_2056_circuit_no_condition_2_1_6,3,3,5369,100
loop_2056_circuit_no_condition_2_1_6,3,4,5432,100
loop_2056_circuit_no_condition_2_1_6,3,5,5387,100
loop_2056_circuit_no_condition_2_1_6,3,6,5409,100
loop_2056_circuit_no_condition_2_1_6,3,7,5390,100
loop_2056_circuit_no_condition_2_1_6,3,8,5403,100
loop_2056_circuit_no_condition_2_1_6,3,9,5417,100
loop_2056_circuit_no_condition_2_1_6,3,10,5379,100
loop_2056_circuit_no_condition_2_1_6,3,11,5416,100
loop_2056_circuit_no_condition_2_1_6,3,12,5389,100
loop_2056_circuit_no_condition_2_1_6,3,13,5429,100
loop_2056_circuit_no_condition_2_1_6,3,14,5390,100
loop_2056_circuit_no_condition_2_1_6,3,15,5410,100
loop_2056_circuit_no_condition_2_1_6,3,0,5419,200
loop_2056_circuit_no_condition_2_1_6,3,1,5415,200
loop_2056_circuit_no_condition_2_1_6,3,2,5425,200
loop_2056_circuit_no_condition_2_1_6,3,3,624,200
loop_2056_circuit_no_condition_2_1_6,3,4,5431,200
loop_2056_circuit_no_condition_2_1_6,3,5,5421,200
loop_2056_circuit_no_condition_2_1_6,3,6,5424,200
loop_2056_circuit_no_condition_2_1_6,3,7,5422,200
loop_2056_circuit_no_condition_2_1_6,3,8,624,200
loop_2056_circuit_no_condition_2_1_6,3,9,5408,200
loop_2056_circuit_no_condition_2_1_6,3,10,5410,200
loop_2056_circuit_no_condition_2_1_6,3,11,5417,200
loop_2056_circuit_no_condition_2_1_6,3,12,5200,200
loop_2056_circuit_no_condition_2_1_6,3,13,5418,200
loop_2056_circuit_no_condition_2_1_6,3,14,4622,200
loop_2056_circuit_no_condition_2_1_6,3,15,5385,200
loop_2056_circuit_no_condition_2_1_6,3,0,624,301
loop_2056_circuit_no_condition_2_1_6,3,1,624,301
loop_2056_circuit_no_condition_2_1_6,3,2,624,301
loop_2056_circuit_no_condition_2_1_6,3,3,624,301
loop_2056_circuit_no_condition_2_1_6,3,4,5431,301
loop_2056_circuit_no_condition_2_1_6,3,5,5431,301
loop_2056_circuit_no_condition_2_1_6,3,6,5423,301
loop_2056_circuit_no_condition_2_1_6,3,7,4471,301
loop_2056_circuit_no_condition_2_1_6,3,8,4047,301
loop_2056_circuit_no_condition_2_1_6,3,9,624,301
loop_2056_circuit_no_condition_2_1_6,3,10,624,301
loop_2056_circuit_no_condition_2_1_6,3,11,624,301
loop_2056_circuit_no_condition_2_1_6,3,12,624,301
loop_2056_circuit_no_condition_2_1_6,3,13,5430,301
loop_2056_circuit_no_condition_2_1_6,3,14,624,301
loop_2056_circuit_no_condition_2_1_6,3,15,4055,301
loop_2056_circuit_no_condition_2_1_6,3,0,624,400
loop_2056_circuit_no_condition_2_1_6,3,1,624,400
loop_2056_circuit_no_condition_2_1_6,3,2,624,400
loop_2056_circuit_no_condition_2_1_6,3,3,624,400
loop_2056_circuit_no_condition_2_1_6,3,4,5436,400
loop_2056_circuit_no_condition_2_1_6,3,5,624,400
loop_2056_circuit_no_condition_2_1_6,3,6,624,400
loop_2056_circuit_no_condition_2_1_6,3,7,624,400
loop_2056_circuit_no_condition_2_1_6,3,8,624,400
loop_2056_circuit_no_condition_2_1_6,3,9,624,400
loop_2056_circuit_no_condition_2_1_6,3,10,624,400
loop_2056_circuit_no_condition_2_1_6,3,11,624,400
loop_2056_circuit_no_condition_2_1_6,3,12,624,400
loop_2056_circuit_no_condition_2_1_6,3,13,624,400
loop_2056_circuit_no_condition_2_1_6,3,14,624,400
loop_2056_circuit_no_condition_2_1_6,3,15,624,400
loop_2056_circuit_no_condition_2_1_6,3,0,624,500
loop_2056_circuit_no_condition_2_1_6,3,1,624,500
loop_2056_circuit_no_condition_2_1_6,3,2,624,500
loop_2056_circuit_no_condition_2_1_6,3,3,624,500
loop_2056_circuit_no_condition_2_1_6,3,4,5429,500
loop_2056_circuit_no_condition_2_1_6,3,5,4662,500
loop_2056_circuit_no_condition_2_1_6,3,6,624,500
loop_2056_circuit_no_condition_2_1_6,3,7,624,500
loop_2056_circuit_no_condition_2_1_6,3,8,624,500
loop_2056_circuit_no_condition_2_1_6,3,9,624,500
loop_2056_circuit_no_condition_2_1_6,3,10,624,500
loop_2056_circuit_no_condition_2_1_6,3,11,624,500
loop_2056_circuit_no_condition_2_1_6,3,12,624,500
loop_2056_circuit_no_condition_2_1_6,3,13,624,500
loop_2056_circuit_no_condition_2_1_6,3,14,4402,500
loop_2056_circuit_no_condition_2_1_6,3,15,624,500
loop_2056_circuit_no_condition_2_1_6,3,0,5399,600
loop_2056_circuit_no_condition_2_1_6,3,1,5403,600
loop_2056_circuit_no_condition_2_1_6,3,2,5410,600
loop_2056_circuit_no_condition_2_1_6,3,3,5408,600
loop_2056_circuit_no_condition_2_1_6,3,4,5409,600
loop_2056_circuit_no_condition_2_1_6,3,5,5409,600
loop_2056_circuit_no_condition_2_1_6,3,6,5401,600
loop_2056_circuit_no_condition_2_1_6,3,7,5403,600
loop_2056_circuit_no_condition_2_1_6,3,8,5406,600
loop_2056_circuit_no_condition_2_1_6,3,9,5415,600
loop_2056_circuit_no_condition_2_1_6,3,10,5407,600
loop_2056_circuit_no_condition_2_1_6,3,11,5400,600
loop_2056_circuit_no_condition_2_1_6,3,12,5404,600
loop_2056_circuit_no_condition_2_1_6,3,13,5420,600
loop_2056_circuit_no_condition_2_1_6,3,14,5412,600
loop_2056_circuit_no_condition_2_1_6,3,15,5404,600
loop_2056_circuit_no_condition_2_1_6,3,0,5413,700
loop_2056_circuit_no_condition_2_1_6,3,1,5409,700
loop_2056_circuit_no_condition_2_1_6,3,2,5410,700
loop_2056_circuit_no_condition_2_1_6,3,3,5410,700
loop_2056_circuit_no_condition_2_1_6,3,4,5427,700
loop_2056_circuit_no_condition_2_1_6,3,5,5415,700
loop_2056_circuit_no_condition_2_1_6,3,6,5411,700
loop_2056_circuit_no_condition_2_1_6,3,7,5416,700
loop_2056_circuit_no_condition_2_1_6,3,8,5416,700
loop_2056_circuit_no_condition_2_1_6,3,9,5409,700
loop_2056_circuit_no_condition_2_1_6,3,10,5418,700
loop_2056_circuit_no_condition_2_1_6,3,11,5410,700
loop_2056_circuit_no_condition_2_1_6,3,12,5410,700
loop_2056_circuit_no_condition_2_1_6,3,13,5413,700
loop_2056_circuit_no_condition_2_1_6,3,14,5412,700
loop_2056_circuit_no_condition_2_1_6,3,15,5410,700
loop_2056_circuit_no_condition_2_1_6,3,0,5402,800
loop_2056_circuit_no_condition_2_1_6,3,1,5405,800
loop_2056_circuit_no_condition_2_1_6,3,2,5405,800
loop_2056_circuit_no_condition_2_1_6,3,3,5406,800
loop_2056_circuit_no_condition_2_1_6,3,4,5407,800
loop_2056_circuit_no_condition_2_1_6,3,5,5407,800
loop_2056_circuit_no_condition_2_1_6,3,6,5405,800
loop_2056_circuit_no_condition_2_1_6,3,7,5406,800
loop_2056_circuit_no_condition_2_1_6,3,8,5416,800
loop_2056_circuit_no_condition_2_1_6,3,9,5407,800
loop_2056_circuit_no_condition_2_1_6,3,10,5412,800
loop_2056_circuit_no_condition_2_1_6,3,11,5407,800
loop_2056_circuit_no_condition_2_1_6,3,12,5415,800
loop_2056_circuit_no_condition_2_1_6,3,13,5426,800
loop_2056_circuit_no_condition_2_1_6,3,14,5406,800
loop_2056_circuit_no_condition_2_1_6,3,15,5408,800
loop_2056_circuit_no_condition_2_1_6,3,0,5404,900
loop_2056_circuit_no_condition_2_1_6,3,1,5411,900
loop_2056_circuit_no_condition_2_1_6,3,2,5400,900
loop_2056_circuit_no_condition_2_1_6,3,3,5421,900
loop_2056_circuit_no_condition_2_1_6,3,4,5408,900
loop_2056_circuit_no_condition_2_1_6,3,5,5404,900
loop_2056_circuit_no_condition_2_1_6,3,6,5401,900
loop_2056_circuit_no_condition_2_1_6,3,7,5397,900
loop_2056_circuit_no_condition_2_1_6,3,8,5406,900
loop_2056_circuit_no_condition_2_1_6,3,9,5403,900
loop_2056_circuit_no_condition_2_1_6,3,10,5402,900
loop_2056_circuit_no_condition_2_1_6,3,11,5412,900
loop_2056_circuit_no_condition_2_1_6,3,12,5407,900
loop_2056_circuit_no_condition_2_1_6,3,13,5405,900
loop_2056_circuit_no_condition_2_1_6,3,14,5401,900
loop_2056_circuit_no_condition_2_1_6,3,15,5403,900
loop_2056_circuit_no_condition_2_1_6,3,0,5413,1000
loop_2056_circuit_no_condition_2_1_6,3,1,5408,1000
loop_2056_circuit_no_condition_2_1_6,3,2,5411,1000
loop_2056_circuit_no_condition_2_1_6,3,3,5412,1000
loop_2056_circuit_no_condition_2_1_6,3,4,5431,1000
loop_2056_circuit_no_condition_2_1_6,3,5,5412,1000
loop_2056_circuit_no_condition_2_1_6,3,6,5407,1000
loop_2056_circuit_no_condition_2_1_6,3,7,5419,1000
loop_2056_circuit_no_condition_2_1_6,3,8,5416,1000
loop_2056_circuit_no_condition_2_1_6,3,9,5406,1000
loop_2056_circuit_no_condition_2_1_6,3,10,5410,1000
loop_2056_circuit_no_condition_2_1_6,3,11,5411,1000
loop_2056_circuit_no_condition_2_1_6,3,12,5410,1000
loop_2056_circuit_no_condition_2_1_6,3,13,5410,1000
loop_2056_circuit_no_condition_2_1_6,3,14,5412,1000
loop_2056_circuit_no_condition_2_1_6,3,15,5406,1000
loop_2056_circuit_no_condition_2_1_6,3,0,5428,1100
loop_2056_circuit_no_condition_2_1_6,3,1,5410,1100
loop_2056_circuit_no_condition_2_1_6,3,2,5416,1100
loop_2056_circuit_no_condition_2_1_6,3,3,5412,1100
loop_2056_circuit_no_condition_2_1_6,3,4,5411,1100
loop_2056_circuit_no_condition_2_1_6,3,5,5411,1100
loop_2056_circuit_no_condition_2_1_6,3,6,5417,1100
loop_2056_circuit_no_condition_2_1_6,3,7,5401,1100
loop_2056_circuit_no_condition_2_1_6,3,8,5415,1100
loop_2056_circuit_no_condition_2_1_6,3,9,5410,1100
loop_2056_circuit_no_condition_2_1_6,3,10,5410,1100
loop_2056_circuit_no_condition_2_1_6,3,11,5408,1100
loop_2056_circuit_no_condition_2_1_6,3,12,5416,1100
loop_2056_circuit_no_condition_2_1_6,3,13,5414,1100
loop_2056_circuit_no_condition_2_1_6,3,14,5412,1100
loop_2056_circuit_no_condition_2_1_6,3,15,5410,1100
loop_2056_circuit_no_condition_2_1_6,3,0,5399,1200
loop_2056_circuit_no_condition_2_1_6,3,1,5398,1200
loop_2056_circuit_no_condition_2_1_6,3,2,5398,1200
loop_2056_circuit_no_condition_2_1_6,3,3,5407,1200
loop_2056_circuit_no_condition_2_1_6,3,4,5405,1200
loop_2056_circuit_no_condition_2_1_6,3,5,5420,1200
loop_2056_circuit_no_condition_2_1_6,3,6,5400,1200
loop_2056_circuit_no_condition_2_1_6,3,7,5404,1200
loop_2056_circuit_no_condition_2_1_6,3,8,5401,1200
loop_2056_circuit_no_condition_2_1_6,3,9,5398,1200
loop_2056_circuit_no_condition_2_1_6,3,10,5402,1200
loop_2056_circuit_no_condition_2_1_6,3,11,5399,1200
loop_2056_circuit_no_condition_2_1_6,3,12,5407,1200
loop_2056_circuit_no_condition_2_1_6,3,13,5399,1200
loop_2056_circuit_no_condition_2_1_6,3,14,5399,1200
loop_2056_circuit_no_condition_2_1_6,3,15,5401,1200
loop_2056_circuit_no_condition_2_1_6,3,0,5400,1300
loop_2056_circuit_no_condition_2_1_6,3,1,5398,1300
loop_2056_circuit_no_condition_2_1_6,3,2,5410,1300
loop_2056_circuit_no_condition_2_1_6,3,3,5402,1300
loop_2056_circuit_no_condition_2_1_6,3,4,5402,1300
loop_2056_circuit_no_condition_2_1_6,3,5,5420,1300
loop_2056_circuit_no_condition_2_1_6,3,6,5398,1300
loop_2056_circuit_no_condition_2_1_6,3,7,5397,1300
loop_2056_circuit_no_condition_2_1_6,3,8,5396,1300
loop_2056_circuit_no_condition_2_1_6,3,9,5396,1300
loop_2056_circuit_no_condition_2_1_6,3,10,5413,1300
loop_2056_circuit_no_condition_2_1_6,3,11,5399,1300
loop_2056_circuit_no_condition_2_1_6,3,12,5409,1300
loop_2056_circuit_no_condition_2_1_6,3,13,5400,1300
loop_2056_circuit_no_condition_2_1_6,3,14,5398,1300
loop_2056_circuit_no_condition_2_1_6,3,15,5399,1300
loop_2056_circuit_no_condition_2_1_6,3,0,5398,1400
loop_2056_circuit_no_condition_2_1_6,3,1,5399,1400
loop_2056_circuit_no_condition_2_1_6,3,2,5407,1400
loop_2056_circuit_no_condition_2_1_6,3,3,5397,1400
loop_2056_circuit_no_condition_2_1_6,3,4,5407,1400
loop_2056_circuit_no_condition_2_1_6,3,5,5413,1400
loop_2056_circuit_no_condition_2_1_6,3,6,5397,1400
loop_2056_circuit_no_condition_2_1_6,3,7,5406,1400
loop_2056_circuit_no_condition_2_1_6,3,8,5397,1400
loop_2056_circuit_no_condition_2_1_6,3,9,5396,1400
loop_2056_circuit_no_condition_2_1_6,3,10,5408,1400
loop_2056_circuit_no_condition_2_1_6,3,11,5399,1400
loop_2056_circuit_no_condition_2_1_6,3,12,5397,1400
loop_2056_circuit_no_condition_2_1_6,3,13,5396,1400
loop_2056_circuit_no_condition_2_1_6,3,14,5404,1400
loop_2056_circuit_no_condition_2_1_6,3,15,5398,1400
loop_2056_circuit_no_condition_2_1_6,3,0,5418,1500
loop_2056_circuit_no_condition_2_1_6,3,1,5409,1500
loop_2056_circuit_no_condition_2_1_6,3,2,5419,1500
loop_2056_circuit_no_condition_2_1_6,3,3,5396,1500
loop_2056_circuit_no_condition_2_1_6,3,4,5430,1500
loop_2056_circuit_no_condition_2_1_6,3,5,5424,1500
loop_2056_circuit_no_condition_2_1_6,3,6,5410,1500
loop_2056_circuit_no_condition_2_1_6,3,7,5390,1500
loop_2056_circuit_no_condition_2_1_6,3,8,5407,1500
loop_2056_circuit_no_condition_2_1_6,3,9,5408,1500
loop_2056_circuit_no_condition_2_1_6,3,10,5418,1500
loop_2056_circuit_no_condition_2_1_6,3,11,5398,1500
loop_2056_circuit_no_condition_2_1_6,3,12,5417,1500
loop_2056_circuit_no_condition_2_1_6,3,13,5409,1500
loop_2056_circuit_no_condition_2_1_6,3,14,5439,1500
loop_2056_circuit_no_condition_2_1_6,3,15,5397,1500
loop_2056_circuit_no_condition_2_1_6,3,0,5429,1600
loop_2056_circuit_no_condition_2_1_6,3,1,624,1600
loop_2056_circuit_no_condition_2_1_6,3,2,5410,1600
loop_2056_circuit_no_condition_2_1_6,3,3,5397,1600
loop_2056_circuit_no_condition_2_1_6,3,4,5431,1600
loop_2056_circuit_no_condition_2_1_6,3,5,5405,1600
loop_2056_circuit_no_condition_2_1_6,3,6,5430,1600
loop_2056_circuit_no_condition_2_1_6,3,7,5418,1600
loop_2056_circuit_no_condition_2_1_6,3,8,5398,1600
loop_2056_circuit_no_condition_2_1_6,3,9,5414,1600
loop_2056_circuit_no_condition_2_1_6,3,10,5415,1600
loop_2056_circuit_no_condition_2_1_6,3,11,5432,1600
loop_2056_circuit_no_condition_2_1_6,3,12,5423,1600
loop_2056_circuit_no_condition_2_1_6,3,13,5425,1600
loop_2056_circuit_no_condition_2_1_6,3,14,5424,1600
loop_2056_circuit_no_condition_2_1_6,3,15,5424,1600
loop_2056_circuit_no_condition_2_1_6,4,0,5431,1
loop_2056_circuit_no_condition_2_1_6,4,1,5427,1
loop_2056_circuit_no_condition_2_1_6,4,2,5425,1
loop_2056_circuit_no_condition_2_1_6,4,3,5426,1
loop_2056_circuit_no_condition_2_1_6,4,4,5431,1
loop_2056_circuit_no_condition_2_1_6,4,5,5371,1
loop_2056_circuit_no_condition_2_1_6,4,6,5421,1
loop_2056_circuit_no_condition_2_1_6,4,7,5431,1
loop_2056_circuit_no_condition_2_1_6,4,8,624,1
loop_2056_circuit_no_condition_2_1_6,4,9,5428,1
loop_2056_circuit_no_condition_2_1_6,4,10,5398,1
loop_2056_circuit_no_condition_2_1_6,4,11,5403,1
loop_2056_circuit_no_condition_2_1_6,4,12,624,1
loop_2056_circuit_no_condition_2_1_6,4,13,5424,1
loop_2056_circuit_no_condition_2_1_6,4,14,5430,1
loop_2056_circuit_no_condition_2_1_6,4,15,624,1
loop_2056_circuit_no_condition_2_1_6,4,0,5425,101
loop_2056_circuit_no_condition_2_1_6,4,1,5414,101
loop_2056_circuit_no_condition_2_1_6,4,2,5416,101
loop_2056_circuit_no_condition_2_1_6,4,3,5417,101
loop_2056_circuit_no_condition_2_1_6,4,4,5407,101
loop_2056_circuit_no_condition_2_1_6,4,5,5407,101
loop_2056_circuit_no_condition_2_1_6,4,6,5381,101
loop_2056_circuit_no_condition_2_1_6,4,7,5411,101
loop_2056_circuit_no_condition_2_1_6,4,8,5423,101
loop_2056_circuit_no_condition_2_1_6,4,9,5410,101
loop_2056_circuit_no_condition_2_1_6,4,10,5415,101
loop_2056_circuit_no_condition_2_1_6,4,11,5422,101
loop_2056_circuit_no_condition_2_1_6,4,12,5414,101
loop_2056_circuit_no_condition_2_1_6,4,13,5361,101
loop_2056_circuit_no_condition_2_1_6,4,14,5413,101
loop_2056_circuit_no_condition_2_1_6,4,15,5419,101
loop_2056_circuit_no_condition_2_1_6,4,0,624,201
loop_2056_circuit_no_condition_2_1_6,4,1,624,201
loop_2056_circuit_no_condition_2_1_6,4,2,624,201
loop_2056_circuit_no_condition_2_1_6,4,3,5432,201
loop_2056_circuit_no_condition_2_1_6,4,4,624,201
loop_2056_circuit_no_condition_2_1_6,4,5,5430,201
loop_2056_circuit_no_condition_2_1_6,4,6,624,201
loop_2056_circuit_no_condition_2_1_6,4,7,4548,201
loop_2056_circuit_no_condition_2_1_6,4,8,624,201
loop_2056_circuit_no_condition_2_1_6,4,9,624,201
loop_2056_circuit_no_condition_2_1_6,4,10,624,201
loop_2056_circuit_no_condition_2_1_6,4,11,624,201
loop_2056_circuit_no_condition_2_1_6,4,12,4491,201
loop_2056_circuit_no_condition_2_1_6,4,13,624,201
loop_2056_circuit_no_condition_2_1_6,4,14,624,201
loop_2056_circuit_no_condition_2_1_6,4,15,624,201
loop_2056_circuit_no_condition_2_1_6,4,0,624,301
loop_2056_circuit_no_condition_2_1_6,4,1,624,301
loop_2056_circuit_no_condition_2_1_6,4,2,624,301
loop_2056_circuit_no_condition_2_1_6,4,3,624,301
loop_2056_circuit_no_condition_2_1_6,4,4,624,301
loop_2056_circuit_no_condition_2_1_6,4,5,5427,301
loop_2056_circuit_no_condition_2_1_6,4,6,624,301
loop_2056_circuit_no_condition_2_1_6,4,7,4415,301
loop_2056_circuit_no_condition_2_1_6,4,8,624,301
loop_2056_circuit_no_condition_2_1_6,4,9,624,301
loop_2056_circuit_no_condition_2_1_6,4,10,624,301
loop_2056_circuit_no_condition_2_1_6,4,11,624,301
loop_2056_circuit_no_condition_2_1_6,4,12,624,301
loop_2056_circuit_no_condition_2_1_6,4,13,624,301
loop_2056_circuit_no_condition_2_1_6,4,14,624,301
loop_2056_circuit_no_condition_2_1_6,4,15,624,301
loop_2056_circuit_no_condition_2_1_6,4,0,624,400
loop_2056_circuit_no_condition_2_1_6,4,1,624,400
loop_2056_circuit_no_condition_2_1_6,4,2,624,400
loop_2056_circuit_no_condition_2_1_6,4,3,624,400
loop_2056_circuit_no_condition_2_1_6,4,4,624,400
loop_2056_circuit_no_condition_2_1_6,4,5,5428,400
loop_2056_circuit_no_condition_2_1_6,4,6,624,400
loop_2056_circuit_no_condition_2_1_6,4,7,624,400
loop_2056_circuit_no_condition_2_1_6,4,8,624,400
loop_2056_circuit_no_condition_2_1_6,4,9,624,400
loop_2056_circuit_no_condition_2_1_6,4,10,624,400
loop_2056_circuit_no_condition_2_1_6,4,11,624,400
loop_2056_circuit_no_condition_2_1_6,4,12,624,400
loop_2056_circuit_no_condition_2_1_6,4,13,624,400
loop_2056_circuit_no_condition_2_1_6,4,14,624,400
loop_2056_circuit_no_condition_2_1_6,4,15,624,400
loop_2056_circuit_no_condition_2_1_6,4,0,624,501
loop_2056_circuit_no_condition_2_1_6,4,1,624,501
loop_2056_circuit_no_condition_2_1_6,4,2,4645,501
loop_2056_circuit_no_condition_2_1_6,4,3,624,501
loop_2056_circuit_no_condition_2_1_6,4,4,624,501
loop_2056_circuit_no_condition_2_1_6,4,5,5427,501
loop_2056_circuit_no_condition_2_1_6,4,6,624,501
loop_2056_circuit_no_condition_2_1_6,4,7,624,501
loop_2056_circuit_no_condition_2_1_6,4,8,624,501
loop_2056_circuit_no_condition_2_1_6,4,9,624,501
loop_2056_circuit_no_condition_2_1_6,4,10,624,501
loop_2056_circuit_no_condition_2_1_6,4,11,624,501
loop_2056_circuit_no_condition_2_1_6,4,12,624,501
loop_2056_circuit_no_condition_2_1_6,4,13,624,501
loop_2056_circuit_no_condition_2_1_6,4,14,624,501
loop_2056_circuit_no_condition_2_1_6,4,15,624,501
loop_2056_circuit_no_condition_2_1_6,4,0,5417,600
loop_2056_circuit_no_condition_2_1_6,4,1,5417,600
loop_2056_circuit_no_condition_2_1_6,4,2,5418,600
loop_2056_circuit_no_condition_2_1_6,4,3,5416,600
loop_2056_circuit_no_condition_2_1_6,4,4,5417,600
loop_2056_circuit_no_condition_2_1_6,4,5,5424,600
loop_2056_circuit_no_condition_2_1_6,4,6,5418,600
loop_2056_circuit_no_condition_2_1_6,4,7,5417,600
loop_2056_circuit_no_condition_2_1_6,4,8,5413,600
loop_2056_circuit_no_condition_2_1_6,4,9,5418,600
loop_2056_circuit_no_condition_2_1_6,4,10,5420,600
loop_2056_circuit_no_condition_2_1_6,4,11,5413,600
loop_2056_circuit_no_condition_2_1_6,4,12,5415,600
loop_2056_circuit_no_condition_2_1_6,4,13,5412,600
loop_2056_circuit_no_condition_2_1_6,4,14,5413,600
loop_2056_circuit_no_condition_2_1_6,4,15,5417,600
loop_2056_circuit_no_condition_2_1_6,4,0,5412,700
loop_2056_circuit_no_condition_2_1_6,4,1,5413,700
loop_2056_circuit_no_condition_2_1_6,4,2,5416,700
loop_2056_circuit_no_condition_2_1_6,4,3,5411,700
loop_2056_circuit_no_condition_2_1_6,4,4,5412,700
loop_2056_circuit_no_condition_2_1_6,4,5,5419,700
loop_2056_circuit_no_condition_2_1_6,4,6,5411,700
loop_2056_circuit_no_condition_2_1_6,4,7,5413,700
loop_2056_circuit_no_condition_2_1_6,4,8,5414,700
loop_2056_circuit_no_condition_2_1_6,4,9,5413,700
loop_2056_circuit_no_condition_2_1_6,4,10,5421,700
loop_2056_circuit_no_condition_2_1_6,4,11,5411,700
loop_2056_circuit_no_condition_2_1_6,4,12,5414,700
loop_2056_circuit_no_condition_2_1_6,4,13,5412,700
loop_2056_circuit_no_condition_2_1_6,4,14,5412,700
loop_2056_circuit_no_condition_2_1_6,4,15,5413,700
loop_2056_circuit_no_condition_2_1_6,4,0,5422,801
loop_2056_circuit_no_condition_2_1_6,4,1,5414,801
loop_2056_circuit_no_condition_2_1_6,4,2,5423,801
loop_2056_circuit_no_condition_2_1_6,4,3,5413,801
loop_2056_circuit_no_condition_2_1_6,4,4,5421,801
loop_2056_circuit_no_condition_2_1_6,4,5,5413,801
loop_2056_circuit_no_condition_2_1_6,4,6,5413,801
loop_2056_circuit_no_condition_2_1_6,4,7,5413,801
loop_2056_circuit_no_condition_2_1_6,4,8,5423,801
loop_2056_circuit_no_condition_2_1_6,4,9,5413,801
loop_2056_circuit_no_condition_2_1_6,4,10,5422,801
loop_2056_circuit_no_condition_2_1_6,4,11,5413,801
loop_2056_circuit_no_condition_2_1_6,4,12,5413,801
loop_2056_circuit_no_condition_2_1_6,4,13,5413,801
loop_2056_circuit_no_condition_2_1_6,4,14,5413,801
loop_2056_circuit_no_condition_2_1_6,4,15,5413,801
loop_2056_circuit_no_condition_2_1_6,4,0,5420,901
loop_2056_circuit_no_condition_2_1_6,4,1,5421,901
loop_2056_circuit_no_condition_2_1_6,4,2,5420,901
loop_2056_circuit_no_condition_2_1_6,4,3,5421,901
loop_2056_circuit_no_condition_2_1_6,4,4,5425,901
loop_2056_circuit_no_condition_2_1_6,4,5,5421,901
loop_2056_circuit_no_condition_2_1_6,4,6,5413,901
loop_2056_circuit_no_condition_2_1_6,4,7,5421,901
loop_2056_circuit_no_condition_2_1_6,4,8,5420,901
loop_2056_circuit_no_condition_2_1_6,4,9,5421,901
loop_2056_circuit_no_condition_2_1_6,4,10,5421,901
loop_2056_circuit_no_condition_2_1_6,4,11,5418,901
loop_2056_circuit_no_condition_2_1_6,4,12,5421,901
loop_2056_circuit_no_condition_2_1_6,4,13,5420,901
loop_2056_circuit_no_condition_2_1_6,4,14,5421,901
loop_2056_circuit_no_condition_2_1_6,4,15,5417,901
loop_2056_circuit_no_condition_2_1_6,4,0,5420,1000
loop_2056_circuit_no_condition_2_1_6,4,1,5420,1000
loop_2056_circuit_no_condition_2_1_6,4,2,5420,1000
loop_2056_circuit_no_condition_2_1_6,4,3,5419,1000
loop_2056_circuit_no_condition_2_1_6,4,4,5426,1000
loop_2056_circuit_no_condition_2_1_6,4,5,5418,1000
loop_2056_circuit_no_condition_2_1_6,4,6,5418,1000
loop_2056_circuit_no_condition_2_1_6,4,7,5419,1000
loop_2056_circuit_no_condition_2_1_6,4,8,5418,1000
loop_2056_circuit_no_condition_2_1_6,4,9,5418,1000
loop_2056_circuit_no_condition_2_1_6,4,10,5419,1000
loop_2056_circuit_no_condition_2_1_6,4,11,5418,1000
loop_2056_circuit_no_condition_2_1_6,4,12,5422,1000
loop_2056_circuit_no_condition_2_1_6,4,13,5418,1000
loop_2056_circuit_no_condition_2_1_6,4,14,5420,1000
loop_2056_circuit_no_condition_2_1_6,4,15,5423,1000
loop_2056_circuit_no_condition_2_1_6,4,0,5420,1100
loop_2056_circuit_no_condition_2_1_6,4,1,5417,1100
loop_2056_circuit_no_condition_2_1_6,4,2,5418,1100
loop_2056_circuit_no_condition_2_1_6,4,3,5417,1100
loop_2056_circuit_no_condition_2_1_6,4,4,5418,1100
loop_2056_circuit_no_condition_2_1_6,4,5,5423,1100
loop_2056_circuit_no_condition_2_1_6,4,6,5418,1100
loop_2056_circuit_no_condition_2_1_6,4,7,5417,1100
loop_2056_circuit_no_condition_2_1_6,4,8,5417,1100
loop_2056_circuit_no_condition_2_1_6,4,9,5417,1100
loop_2056_circuit_no_condition_2_1_6,4,10,5417,1100
loop_2056_circuit_no_condition_2_1_6,4,11,5417,1100
loop_2056_circuit_no_condition_2_1_6,4,12,5419,1100
loop_2056_circuit_no_condition_2_1_6,4,13,5417,1100
loop_2056_circuit_no_condition_2_1_6,4,14,5422,1100
loop_2056_circuit_no_condition_2_1_6,4,15,5418,1100
loop_2056_circuit_no_condition_2_1_6,4,0,5428,1201
loop_2056_circuit_no_condition_2_1_6,4,1,5422,1201
loop_2056_circuit_no_condition_2_1_6,4,2,5425,1201
loop_2056_circuit_no_condition_2_1_6,4,3,5423,1201
loop_2056_circuit_no_condition_2_1_6,4,4,5425,1201
loop_2056_circuit_no_condition_2_1_6,4,5,5420,1201
loop_2056_circuit_no_condition_2_1_6,4,6,5422,1201
loop_2056_circuit_no_condition_2_1_6,4,7,5425,1201
loop_2056_circuit_no_condition_2_1_6,4,8,5423,1201
loop_2056_circuit_no_condition_2_1_6,4,9,5423,1201
loop_2056_circuit_no_condition_2_1_6,4,10,5421,1201
loop_2056_circuit_no_condition_2_1_6,4,11,5421,1201
loop_2056_circuit_no_condition_2_1_6,4,12,5423,1201
loop_2056_circuit_no_condition_2_1_6,4,13,5424,1201
loop_2056_circuit_no_condition_2_1_6,4,14,5423,1201
loop_2056_circuit_no_condition_2_1_6,4,15,5425,1201
loop_2056_circuit_no_condition_2_1_6,4,0,5414,1301
loop_2056_circuit_no_condition_2_1_6,4,1,5414,1301
loop_2056_circuit_no_condition_2_1_6,4,2,5415,1301
loop_2056_circuit_no_condition_2_1_6,4,3,5413,1301
loop_2056_circuit_no_condition_2_1_6,4,4,5420,1301
loop_2056_circuit_no_condition_2_1_6,4,5,5413,1301
loop_2056_circuit_no_condition_2_1_6,4,6,5414,1301
loop_2056_circuit_no_condition_2_1_6,4,7,5414,1301
loop_2056_circuit_no_condition_2_1_6,4,8,5415,1301
loop_2056_circuit_no_condition_2_1_6,4,9,5414,1301
loop_2056_circuit_no_condition_2_1_6,4,10,5414,1301
loop_2056_circuit_no_condition_2_1_6,4,11,5415,1301
loop_2056_circuit_no_condition_2_1_6,4,12,5413,1301
loop_2056_circuit_no_condition_2_1_6,4,13,5414,1301
loop_2056_circuit_no_condition_2_1_6,4,14,5414,1301
loop_2056_circuit_no_condition_2_1_6,4,15,5415,1301
loop_2056_circuit_no_condition_2_1_6,4,0,5416,1400
loop_2056_circuit_no_condition_2_1_6,4,1,5420,1400
loop_2056_circuit_no_condition_2_1_6,4,2,5415,1400
loop_2056_circuit_no_condition_2_1_6,4,3,5413,1400
loop_2056_circuit_no_condition_2_1_6,4,4,5426,1400
loop_2056_circuit_no_condition_2_1_6,4,5,5420,1400
loop_2056_circuit_no_condition_2_1_6,4,6,5423,1400
loop_2056_circuit_no_condition_2_1_6,4,7,5420,1400
loop_2056_circuit_no_condition_2_1_6,4,8,5413,1400
loop_2056_circuit_no_condition_2_1_6,4,9,5421,1400
loop_2056_circuit_no_condition_2_1_6,4,10,5414,1400
loop_2056_circuit_no_condition_2_1_6,4,11,5420,1400
loop_2056_circuit_no_condition_2_1_6,4,12,5420,1400
loop_2056_circuit_no_condition_2_1_6,4,13,5420,1400
loop_2056_circuit_no_condition_2_1_6,4,14,5421,1400
loop_2056_circuit_no_condition_2_1_6,4,15,5414,1400
loop_2056_circuit_no_condition_2_1_6,4,0,5415,1500
loop_2056_circuit_no_condition_2_1_6,4,1,5417,1500
loop_2056_circuit_no_condition_2_1_6,4,2,5415,1500
loop_2056_circuit_no_condition_2_1_6,4,3,5420,1500
loop_2056_circuit_no_condition_2_1_6,4,4,5426,1500
loop_2056_circuit_no_condition_2_1_6,4,5,5420,1500
loop_2056_circuit_no_condition_2_1_6,4,6,5420,1500
loop_2056_circuit_no_condition_2_1_6,4,7,5422,1500
loop_2056_circuit_no_condition_2_1_6,4,8,5422,1500
loop_2056_circuit_no_condition_2_1_6,4,9,5420,1500
loop_2056_circuit_no_condition_2_1_6,4,10,5423,1500
loop_2056_circuit_no_condition_2_1_6,4,11,5420,1500
loop_2056_circuit_no_condition_2_1_6,4,12,5420,1500
loop_2056_circuit_no_condition_2_1_6,4,13,5420,1500
loop_2056_circuit_no_condition_2_1_6,4,14,5420,1500
loop_2056_circuit_no_condition_2_1_6,4,15,5421,1500
loop_2056_circuit_no_condition_2_1_6,4,0,5419,1600
loop_2056_circuit_no_condition_2_1_6,4,1,5417,1600
loop_2056_circuit_no_condition_2_1_6,4,2,5417,1600
loop_2056_circuit_no_condition_2_1_6,4,3,5416,1600
loop_2056_circuit_no_condition_2_1_6,4,4,5416,1600
loop_2056_circuit_no_condition_2_1_6,4,5,5423,1600
loop_2056_circuit_no_condition_2_1_6,4,6,5417,1600
loop_2056_circuit_no_condition_2_1_6,4,7,5416,1600
loop_2056_circuit_no_condition_2_1_6,4,8,5417,1600
loop_2056_circuit_no_condition_2_1_6,4,9,5417,1600
loop_2056_circuit_no_condition_2_1_6,4,10,5416,1600
loop_2056_circuit_no_condition_2_1_6,4,11,5416,1600
loop_2056_circuit_no_condition_2_1_6,4,12,5416,1600
loop_2056_circuit_no_condition_2_1_6,4,13,5416,1600
loop_2056_circuit_no_condition_2_1_6,4,14,5416,1600
loop_2056_circuit_no_condition_2_1_6,4,15,5417,1600
loop_2056_circuit_no_condition_2_1_6,4,0,5416,1701
loop_2056_circuit_no_condition_2_1_6,4,1,5416,1701
loop_2056_circuit_no_condition_2_1_6,4,2,5422,1701
loop_2056_circuit_no_condition_2_1_6,4,3,5417,1701
loop_2056_circuit_no_condition_2_1_6,4,4,5427,1701
loop_2056_circuit_no_condition_2_1_6,4,5,5417,1701
loop_2056_circuit_no_condition_2_1_6,4,6,5417,1701
loop_2056_circuit_no_condition_2_1_6,4,7,5417,1701
loop_2056_circuit_no_condition_2_1_6,4,8,5417,1701
loop_2056_circuit_no_condition_2_1_6,4,9,5416,1701
loop_2056_circuit_no_condition_2_1_6,4,10,5418,1701
loop_2056_circuit_no_condition_2_1_6,4,11,5418,1701
loop_2056_circuit_no_condition_2_1_6,4,12,5417,1701
loop_2056_circuit_no_condition_2_1_6,4,13,5415,1701
loop_2056_circuit_no_condition_2_1_6,4,14,5417,1701
loop_2056_circuit_no_condition_2_1_6,4,15,5417,1701
loop_2056_circuit_no_condition_2_1_6,4,0,5426,1801
loop_2056_circuit_no_condition_2_1_6,4,1,5426,1801
loop_2056_circuit_no_condition_2_1_6,4,2,5425,1801
loop_2056_circuit_no_condition_2_1_6,4,3,5426,1801
loop_2056_circuit_no_condition_2_1_6,4,4,5426,1801
loop_2056_circuit_no_condition_2_1_6,4,5,5432,1801
loop_2056_circuit_no_condition_2_1_6,4,6,5426,1801
loop_2056_circuit_no_condition_2_1_6,4,7,5426,1801
loop_2056_circuit_no_condition_2_1_6,4,8,5425,1801
loop_2056_circuit_no_condition_2_1_6,4,9,5426,1801
loop_2056_circuit_no_condition_2_1_6,4,10,5426,1801
loop_2056_circuit_no_condition_2_1_6,4,11,5426,1801
loop_2056_circuit_no_condition_2_1_6,4,12,5427,1801
loop_2056_circuit_no_condition_2_1_6,4,13,5427,1801
loop_2056_circuit_no_condition_2_1_6,4,14,5427,1801
loop_2056_circuit_no_condition_2_1_6,4,15,5426,1801
loop_2056_circuit_no_condition_2_1_6,4,0,5388,1900
loop_2056_circuit_no_condition_2_1_6,4,1,5405,1900
loop_2056_circuit_no_condition_2_1_6,4,2,5420,1900
loop_2056_circuit_no_condition_2_1_6,4,3,5414,1900
loop_2056_circuit_no_condition_2_1_6,4,4,5431,1900
loop_2056_circuit_no_condition_2_1_6,4,5,5418,1900
loop_2056_circuit_no_condition_2_1_6,4,6,5414,1900
loop_2056_circuit_no_condition_2_1_6,4,7,5399,1900
loop_2056_circuit_no_condition_2_1_6,4,8,5414,1900
loop_2056_circuit_no_condition_2_1_6,4,9,5409,1900
loop_2056_circuit_no_condition_2_1_6,4,10,5418,1900
loop_2056_circuit_no_condition_2_1_6,4,11,5427,1900
loop_2056_circuit_no_condition_2_1_6,4,12,5414,1900
loop_2056_circuit_no_condition_2_1_6,4,13,5414,1900
loop_2056_circuit_no_condition_2_1_6,4,14,5426,1900
loop_2056_circuit_no_condition_2_1_6,4,15,5424,1900
loop_2056_circuit_no_condition_2_1_6,4,0,5425,2000
loop_2056_circuit_no_condition_2_1_6,4,1,5421,2000
loop_2056_circuit_no_condition_2_1_6,4,2,5349,2000
loop_2056_circuit_no_condition_2_1_6,4,3,5369,2000
loop_2056_circuit_no_condition_2_1_6,4,4,5423,2000
loop_2056_circuit_no_condition_2_1_6,4,5,5426,2000
loop_2056_circuit_no_condition_2_1_6,4,6,5403,2000
loop_2056_circuit_no_condition_2_1_6,4,7,5426,2000
loop_2056_circuit_no_condition_2_1_6,4,8,5433,2000
loop_2056_circuit_no_condition_2_1_6,4,9,5421,2000
loop_2056_circuit_no_condition_2_1_6,4,10,5403,2000
loop_2056_circuit_no_condition_2_1_6,4,11,5429,2000
loop_2056_circuit_no_condition_2_1_6,4,12,5413,2000
loop_2056_circuit_no_condition_2_1_6,4,13,5369,2000
loop_2056_circuit_no_condition_2_1_6,4,14,5392,2000
loop_2056_circuit_no_condition_2_1_6,4,15,624,2000
loop_2056_circuit_no_condition_2_1_6,5,0,5433,1
loop_2056_circuit_no_condition_2_1_6,5,1,5419,1
loop_2056_circuit_no_condition_2_1_6,5,2,5413,1
loop_2056_circuit_no_condition_2_1_6,5,3,5407,1
loop_2056_circuit_no_condition_2_1_6,5,4,5435,1
loop_2056_circuit_no_condition_2_1_6,5,5,5431,1
loop_2056_circuit_no_condition_2_1_6,5,6,624,1
loop_2056_circuit_no_condition_2_1_6,5,7,624,1
loop_2056_circuit_no_condition_2_1_6,5,8,5434,1
loop_2056_circuit_no_condition_2_1_6,5,9,5422,1
loop_2056_circuit_no_condition_2_1_6,5,10,5429,1
loop_2056_circuit_no_condition_2_1_6,5,11,5426,1
loop_2056_circuit_no_condition_2_1_6,5,12,624,1
loop_2056_circuit_no_condition_2_1_6,5,13,5426,1
loop_2056_circuit_no_condition_2_1_6,5,14,5439,1
loop_2056_circuit_no_condition_2_1_6,5,15,5433,1
loop_2056_circuit_no_condition_2_1_6,5,0,5413,101
loop_2056_circuit_no_condition_2_1_6,5,1,5410,101
loop_2056_circuit_no_condition_2_1_6,5,2,5350,101
loop_2056_circuit_no_condition_2_1_6,5,3,5357,101
loop_2056_circuit_no_condition_2_1_6,5,4,5430,101
loop_2056_circuit_no_condition_2_1_6,5,5,5415,101
loop_2056_circuit_no_condition_2_1_6,5,6,5414,101
loop_2056_circuit_no_condition_2_1_6,5,7,5372,101
loop_2056_circuit_no_condition_2_1_6,5,8,5397,101
loop_2056_circuit_no_condition_2_1_6,5,9,5353,101
loop_2056_circuit_no_condition_2_1_6,5,10,5416,101
loop_2056_circuit_no_condition_2_1_6,5,11,5416,101
loop_2056_circuit_no_condition_2_1_6,5,12,5395,101
loop_2056_circuit_no_condition_2_1_6,5,13,5420,101
loop_2056_circuit_no_condition_2_1_6,5,14,5417,101
loop_2056_circuit_no_condition_2_1_6,5,15,5407,101
loop_2056_circuit_no_condition_2_1_6,5,0,5422,201
loop_2056_circuit_no_condition_2_1_6,5,1,5422,201
loop_2056_circuit_no_condition_2_1_6,5,2,5355,201
loop_2056_circuit_no_condition_2_1_6,5,3,624,201
loop_2056_circuit_no_condition_2_1_6,5,4,5429,201
loop_2056_circuit_no_condition_2_1_6,5,5,5380,201
loop_2056_circuit_no_condition_2_1_6,5,6,5426,201
loop_2056_circuit_no_condition_2_1_6,5,7,5431,201
loop_2056_circuit_no_condition_2_1_6,5,8,5415,201
loop_2056_circuit_no_condition_2_1_6,5,9,624,201
loop_2056_circuit_no_condition_2_1_6,5,10,5426,201
loop_2056_circuit_no_condition_2_1_6,5,11,3754,201
loop_2056_circuit_no_condition_2_1_6,5,12,5361,201
loop_2056_circuit_no_condition_2_1_6,5,13,5427,201
loop_2056_circuit_no_condition_2_1_6,5,14,4816,201
loop_2056_circuit_no_condition_2_1_6,5,15,5427,201
loop_2056_circuit_no_condition_2_1_6,5,0,624,301
loop_2056_circuit_no_condition_2_1_6,5,1,624,301
loop_2056_circuit_no_condition_2_1_6,5,2,624,301
loop_2056_circuit_no_condition_2_1_6,5,3,624,301
loop_2056_circuit_no_condition_2_1_6,5,4,624,301
loop_2056_circuit_no_condition_2_1_6,5,5,624,301
loop_2056_circuit_no_condition_2_1_6,5,6,624,301
loop_2056_circuit_no_condition_2_1_6,5,7,624,301
loop_2056_circuit_no_condition_2_1_6,5,8,624,301
loop_2056_circuit_no_condition_2_1_6,5,9,624,301
loop_2056_circuit_no_condition_2_1_6,5,10,624,301
loop_2056_circuit_no_condition_2_1_6,5,11,624,301
loop_2056_circuit_no_condition_2_1_6,5,12,624,301
loop_2056_circuit_no_condition_2_1_6,5,13,5424,301
loop_2056_circuit_no_condition_2_1_6,5,14,624,301
loop_2056_circuit_no_condition_2_1_6,5,15,624,301
loop_2056_circuit_no_condition_2_1_6,5,0,624,401
loop_2056_circuit_no_condition_2_1_6,5,1,624,401
loop_2056_circuit_no_condition_2_1_6,5,2,624,401
loop_2056_circuit_no_condition_2_1_6,5,3,624,401
loop_2056_circuit_no_condition_2_1_6,5,4,624,401
loop_2056_circuit_no_condition_2_1_6,5,5,624,401
loop_2056_circuit_no_condition_2_1_6,5,6,624,401
loop_2056_circuit_no_condition_2_1_6,5,7,4599,401
loop_2056_circuit_no_condition_2_1_6,5,8,624,401
loop_2056_circuit_no_condition_2_1_6,5,9,624,401
loop_2056_circuit_no_condition_2_1_6,5,10,624,401
loop_2056_circuit_no_condition_2_1_6,5,11,624,401
loop_2056_circuit_no_condition_2_1_6,5,12,624,401
loop_2056_circuit_no_condition_2_1_6,5,13,5432,401
loop_2056_circuit_no_condition_2_1_6,5,14,624,401
loop_2056_circuit_no_condition_2_1_6,5,15,624,401
loop_2056_circuit_no_condition_2_1_6,5,0,624,501
loop_2056_circuit_no_condition_2_1_6,5,1,624,501
loop_2056_circuit_no_condition_2_1_6,5,2,624,501
loop_2056_circuit_no_condition_2_1_6,5,3,624,501
loop_2056_circuit_no_condition_2_1_6,5,4,4642,501
loop_2056_circuit_no_condition_2_1_6,5,5,624,501
loop_2056_circuit_no_condition_2_1_6,5,6,624,501
loop_2056_circuit_no_condition_2_1_6,5,7,624,501
loop_2056_circuit_no_condition_2_1_6,5,8,624,501
loop_2056_circuit_no_condition_2_1_6,5,9,624,501
loop_2056_circuit_no_condition_2_1_6,5,10,624,501
loop_2056_circuit_no_condition_2_1_6,5,11,624,501
loop_2056_circuit_no_condition_2_1_6,5,12,624,501
loop_2056_circuit_no_condition_2_1_6,5,13,5432,501
loop_2056_circuit_no_condition_2_1_6,5,14,624,501
loop_2056_circuit_no_condition_2_1_6,5,15,624,501
loop_2056_circuit_no_condition_2_1_6,5,0,5398,601
loop_2056_circuit_no_condition_2_1_6,5,1,5422,601
loop_2056_circuit_no_condition_2_1_6,5,2,5408,601
loop_2056_circuit_no_condition_2_1_6,5,3,5402,601
loop_2056_circuit_no_condition_2_1_6,5,4,5397,601
loop_2056_circuit_no_condition_2_1_6,5,5,5401,601
loop_2056_circuit_no_condition_2_1_6,5,6,5400,601
loop_2056_circuit_no_condition_2_1_6,5,7,5398,601
loop_2056_circuit_no_condition_2_1_6,5,8,5398,601
loop_2056_circuit_no_condition_2_1_6,5,9,5395,601
loop_2056_circuit_no_condition_2_1_6,5,10,5413,601
loop_2056_circuit_no_condition_2_1_6,5,11,5407,601
loop_2056_circuit_no_condition_2_1_6,5,12,5421,601
loop_2056_circuit_no_condition_2_1_6,5,13,5398,601
loop_2056_circuit_no_condition_2_1_6,5,14,5413,601
loop_2056_circuit_no_condition_2_1_6,5,15,5398,601
loop_2056_circuit_no_condition_2_1_6,5,0,5403,701
loop_2056_circuit_no_condition_2_1_6,5,1,5402,701
loop_2056_circuit_no_condition_2_1_6,5,2,5405,701
loop_2056_circuit_no_condition_2_1_6,5,3,5396,701
loop_2056_circuit_no_condition_2_1_6,5,4,5396,701
loop_2056_circuit_no_condition_2_1_6,5,5,5420,701
loop_2056_circuit_no_condition_2_1_6,5,6,5397,701
loop_2056_circuit_no_condition_2_1_6,5,7,5405,701
loop_2056_circuit_no_condition_2_1_6,5,8,5397,701
loop_2056_circuit_no_condition_2_1_6,5,9,5406,701
loop_2056_circuit_no_condition_2_1_6,5,10,5405,701
loop_2056_circuit_no_condition_2_1_6,5,11,5397,701
loop_2056_circuit_no_condition_2_1_6,5,12,5402,701
loop_2056_circuit_no_condition_2_1_6,5,13,5398,701
loop_2056_circuit_no_condition_2_1_6,5,14,5400,701
loop_2056_circuit_no_condition_2_1_6,5,15,5412,701
loop_2056_circuit_no_condition_2_1_6,5,0,5400,801
loop_2056_circuit_no_condition_2_1_6,5,1,5405,801
loop_2056_circuit_no_condition_2_1_6,5,2,5405,801
loop_2056_circuit_no_condition_2_1_6,5,3,5404,801
loop_2056_circuit_no_condition_2_1_6,5,4,5413,801
loop_2056_circuit_no_condition_2_1_6,5,5,5425,801
loop_2056_circuit_no_condition_2_1_6,5,6,5410,801
loop_2056_circuit_no_condition_2_1_6,5,7,5406,801
loop_2056_circuit_no_condition_2_1_6,5,8,5402,801
loop_2056_circuit_no_condition_2_1_6,5,9,5415,801
loop_2056_circuit_no_condition_2_1_6,5,10,5408,801
loop_2056_circuit_no_condition_2_1_6,5,11,5395,801
loop_2056_circuit_no_condition_2_1_6,5,12,5406,801
loop_2056_circuit_no_condition_2_1_6,5,13,5405,801
loop_2056_circuit_no_condition_2_1_6,5,14,5402,801
loop_2056_circuit_no_condition_2_1_6,5,15,5406,801
loop_2056_circuit_no_condition_2_1_6,5,0,5403,901
loop_2056_circuit_no_condition_2_1_6,5,1,5405,901
loop_2056_circuit_no_condition_2_1_6,5,2,5402,901
loop_2056_circuit_no_condition_2_1_6,5,3,5411,901
loop_2056_circuit_no_condition_2_1_6,5,4,5415,901
loop_2056_circuit_no_condition_2_1_6,5,5,5421,901
loop_2056_circuit_no_condition_2_1_6,5,6,5400,901
loop_2056_circuit_no_condition_2_1_6,5,7,5408,901
loop_2056_circuit_no_condition_2_1_6,5,8,5402,901
loop_2056_circuit_no_condition_2_1_6,5,9,5406,901
loop_2056_circuit_no_condition_2_1_6,5,10,5403,901
loop_2056_circuit_no_condition_2_1_6,5,11,5401,901
loop_2056_circuit_no_condition_2_1_6,5,12,5413,901
loop_2056_circuit_no_condition_2_1_6,5,13,5401,901
loop_2056_circuit_no_condition_2_1_6,5,14,5404,901
loop_2056_circuit_no_condition_2_1_6,5,15,5402,901
loop_2056_circuit_no_condition_2_1_6,5,0,5425,1001
loop_2056_circuit_no_condition_2_1_6,5,1,5405,1001
loop_2056_circuit_no_condition_2_1_6,5,2,5412,1001
loop_2056_circuit_no_condition_2_1_6,5,3,5405,1001
loop_2056_circuit_no_condition_2_1_6,5,4,5420,1001
loop_2056_circuit_no_condition_2_1_6,5,5,5415,1001
loop_2056_circuit_no_condition_2_1_6,5,6,5406,1001
loop_2056_circuit_no_condition_2_1_6,5,7,5411,1001
loop_2056_circuit_no_condition_2_1_6,5,8,5406,1001
loop_2056_circuit_no_condition_2_1_6,5,9,5404,1001
loop_2056_circuit_no_condition_2_1_6,5,10,5404,1001
loop_2056_circuit_no_condition_2_1_6,5,11,5408,1001
loop_2056_circuit_no_condition_2_1_6,5,12,5412,1001
loop_2056_circuit_no_condition_2_1_6,5,13,5416,1001
loop_2056_circuit_no_condition_2_1_6,5,14,5407,1001
loop_2056_circuit_no_condition_2_1_6,5,15,5406,1001
loop_2056_circuit_no_condition_2_1_6,5,0,5406,1101
loop_2056_circuit_no_condition_2_1_6,5,1,5404,1101
loop_2056_circuit_no_condition_2_1_6,5,2,5402,1101
loop_2056_circuit_no_condition_2_1_6,5,3,5403,1101
loop_2056_circuit_no_condition_2_1_6,5,4,5416,1101
loop_2056_circuit_no_condition_2_1_6,5,5,5424,1101
loop_2056_circuit_no_condition_2_1_6,5,6,5404,1101
loop_2056_circuit_no_condition_2_1_6,5,7,5410,1101
loop_2056_circuit_no_condition_2_1_6,5,8,5402,1101
loop_2056_circuit_no_condition_2_1_6,5,9,5406,1101
loop_2056_circuit_no_condition_2_1_6,5,10,5396,1101
loop_2056_circuit_no_condition_2_1_6,5,11,5407,1101
loop_2056_circuit_no_condition_2_1_6,5,12,5406,1101
loop_2056_circuit_no_condition_2_1_6,5,13,5403,1101
loop_2056_circuit_no_condition_2_1_6,5,14,5405,1101
loop_2056_circuit_no_condition_2_1_6,5,15,5404,1101
loop_2056_circuit_no_condition_2_1_6,5,0,5401,1201
loop_2056_circuit_no_condition_2_1_6,5,1,5397,1201
loop_2056_circuit_no_condition_2_1_6,5,2,5410,1201
loop_2056_circuit_no_condition_2_1_6,5,3,5414,1201
loop_2056_circuit_no_condition_2_1_6,5,4,5421,1201
loop_2056_circuit_no_condition_2_1_6,5,5,5398,1201
loop_2056_circuit_no_condition_2_1_6,5,6,5399,1201
loop_2056_circuit_no_condition_2_1_6,5,7,5406,1201
loop_2056_circuit_no_condition_2_1_6,5,8,5403,1201
loop_2056_circuit_no_condition_2_1_6,5,9,5400,1201
loop_2056_circuit_no_condition_2_1_6,5,10,5408,1201
loop_2056_circuit_no_condition_2_1_6,5,11,5406,1201
loop_2056_circuit_no_condition_2_1_6,5,12,5403,1201
loop_2056_circuit_no_condition_2_1_6,5,13,5403,1201
loop_2056_circuit_no_condition_2_1_6,5,14,5398,1201
loop_2056_circuit_no_condition_2_1_6,5,15,5397,1201
loop_2056_circuit_no_condition_2_1_6,5,0,5397,1301
loop_2056_circuit_no_condition_2_1_6,5,1,5397,1301
loop_2056_circuit_no_condition_2_1_6,5,2,5404,1301
loop_2056_circuit_no_condition_2_1_6,5,3,5393,1301
loop_2056_circuit_no_condition_2_1_6,5,4,5393,1301
loop_2056_circuit_no_condition_2_1_6,5,5,5416,1301
loop_2056_circuit_no_condition_2_1_6,5,6,5396,1301
loop_2056_circuit_no_condition_2_1_6,5,7,5397,1301
loop_2056_circuit_no_condition_2_1_6,5,8,5394,1301
loop_2056_circuit_no_condition_2_1_6,5,9,5394,1301
loop_2056_circuit_no_condition_2_1_6,5,10,5397,1301
loop_2056_circuit_no_condition_2_1_6,5,11,5396,1301
loop_2056_circuit_no_condition_2_1_6,5,12,5393,1301
loop_2056_circuit_no_condition_2_1_6,5,13,5392,1301
loop_2056_circuit_no_condition_2_1_6,5,14,5390,1301
loop_2056_circuit_no_condition_2_1_6,5,15,5397,1301
loop_2056_circuit_no_condition_2_1_6,5,0,5408,1401
loop_2056_circuit_no_condition_2_1_6,5,1,5410,1401
loop_2056_circuit_no_condition_2_1_6,5,2,5405,1401
loop_2056_circuit_no_condition_2_1_6,5,3,5406,1401
loop_2056_circuit_no_condition_2_1_6,5,4,5410,1401
loop_2056_circuit_no_condition_2_1_6,5,5,5410,1401
loop_2056_circuit_no_condition_2_1_6,5,6,5410,1401
loop_2056_circuit_no_condition_2_1_6,5,7,5409,1401
loop_2056_circuit_no_condition_2_1_6,5,8,5407,1401
loop_2056_circuit_no_condition_2_1_6,5,9,5413,1401
loop_2056_circuit_no_condition_2_1_6,5,10,5405,1401
loop_2056_circuit_no_condition_2_1_6,5,11,5410,1401
loop_2056_circuit_no_condition_2_1_6,5,12,5425,1401
loop_2056_circuit_no_condition_2_1_6,5,13,5407,1401
loop_2056_circuit_no_condition_2_1_6,5,14,5407,1401
loop_2056_circuit_no_condition_2_1_6,5,15,5409,1401
loop_2056_circuit_no_condition_2_1_6,5,0,624,1501
loop_2056_circuit_no_condition_2_1_6,5,1,624,1501
loop_2056_circuit_no_condition_2_1_6,5,2,624,1501
loop_2056_circuit_no_condition_2_1_6,5,3,624,1501
loop_2056_circuit_no_condition_2_1_6,5,4,624,1501
loop_2056_circuit_no_condition_2_1_6,5,5,624,1501
loop_2056_circuit_no_condition_2_1_6,5,6,624,1501
loop_2056_circuit_no_condition_2_1_6,5,7,624,1501
loop_2056_circuit_no_condition_2_1_6,5,8,624,1501
loop_2056_circuit_no_condition_2_1_6,5,9,624,1501
loop_2056_circuit_no_condition_2_1_6,5,10,624,1501
loop_2056_circuit_no_condition_2_1_6,5,11,624,1501
loop_2056_circuit_no_condition_2_1_6,5,12,5430,1501
loop_2056_circuit_no_condition_2_1_6,5,13,624,1501
loop_2056_circuit_no_condition_2_1_6,5,14,624,1501
loop_2056_circuit_no_condition_2_1_6,5,15,624,1501
loop_2056_circuit_no_condition_2_1_6,6,0,5433,1
loop_2056_circuit_no_condition_2_1_6,6,1,5427,1
loop_2056_circuit_no_condition_2_1_6,6,2,5422,1
loop_2056_circuit_no_condition_2_1_6,6,3,5419,1
loop_2056_circuit_no_condition_2_1_6,6,4,5424,1
loop_2056_circuit_no_condition_2_1_6,6,5,5429,1
loop_2056_circuit_no_condition_2_1_6,6,6,624,1
loop_2056_circuit_no_condition_2_1_6,6,7,624,1
loop_2056_circuit_no_condition_2_1_6,6,8,5427,1
loop_2056_circuit_no_condition_2_1_6,6,9,624,1
loop_2056_circuit_no_condition_2_1_6,6,10,5398,1
loop_2056_circuit_no_condition_2_1_6,6,11,5402,1
loop_2056_circuit_no_condition_2_1_6,6,12,624,1
loop_2056_circuit_no_condition_2_1_6,6,13,624,1
loop_2056_circuit_no_condition_2_1_6,6,14,624,1
loop_2056_circuit_no_condition_2_1_6,6,15,5417,1
loop_2056_circuit_no_condition_2_1_6,6,0,5425,101
loop_2056_circuit_no_condition_2_1_6,6,1,5416,101
loop_2056_circuit_no_condition_2_1_6,6,2,5403,101
loop_2056_circuit_no_condition_2_1_6,6,3,5384,101
loop_2056_circuit_no_condition_2_1_6,6,4,5377,101
loop_2056_circuit_no_condition_2_1_6,6,5,5433,101
loop_2056_circuit_no_condition_2_1_6,6,6,5420,101
loop_2056_circuit_no_condition_2_1_6,6,7,5422,101
loop_2056_circuit_no_condition_2_1_6,6,8,5394,101
loop_2056_circuit_no_condition_2_1_6,6,9,5379,101
loop_2056_circuit_no_condition_2_1_6,6,10,5421,101
loop_2056_circuit_no_condition_2_1_6,6,11,5425,101
loop_2056_circuit_no_condition_2_1_6,6,12,5430,101
loop_2056_circuit_no_condition_2_1_6,6,13,5415,101
loop_2056_circuit_no_condition_2_1_6,6,14,5372,101
loop_2056_circuit_no_condition_2_1_6,6,15,5385,101
loop_2056_circuit_no_condition_2_1_6,6,0,5406,200
loop_2056_circuit_no_condition_2_1_6,6,1,5423,200
loop_2056_circuit_no_condition_2_1_6,6,2,5358,200
loop_2056_circuit_no_condition_2_1_6,6,3,5420,200
loop_2056_circuit_no_condition_2_1_6,6,4,5430,200
loop_2056_circuit_no_condition_2_1_6,6,5,5407,200
loop_2056_circuit_no_condition_2_1_6,6,6,5426,200
loop_2056_circuit_no_condition_2_1_6,6,7,5416,200
loop_2056_circuit_no_condition_2_1_6,6,8,5379,200
loop_2056_circuit_no_condition_2_1_6,6,9,5420,200
loop_2056_circuit_no_condition_2_1_6,6,10,5390,200
loop_2056_circuit_no_condition_2_1_6,6,11,5434,200
loop_2056_circuit_no_condition_2_1_6,6,12,5379,200
loop_2056_circuit_no_condition_2_1_6,6,13,5379,200
loop_2056_circuit_no_condition_2_1_6,6,14,5406,200
loop_2056_circuit_no_condition_2_1_6,6,15,5408,200
loop_2056_circuit_no_condition_2_1_6,6,0,624,301
loop_2056_circuit_no_condition_2_1_6,6,1,624,301
loop_2056_circuit_no_condition_2_1_6,6,2,624,301
loop_2056_circuit_no_condition_2_1_6,6,3,624,301
loop_2056_circuit_no_condition_2_1_6,6,4,5435,301
loop_2056_circuit_no_condition_2_1_6,6,5,624,301
loop_2056_circuit_no_condition_2_1_6,6,6,624,301
loop_2056_circuit_no_condition_2_1_6,6,7,624,301
loop_2056_circuit_no_condition_2_1_6,6,8,624,301
loop_2056_circuit_no_condition_2_1_6,6,9,624,301
loop_2056_circuit_no_condition_2_1_6,6,10,624,301
loop_2056_circuit_no_condition_2_1_6,6,11,624,301
loop_2056_circuit_no_condition_2_1_6,6,12,624,301
loop_2056_circuit_no_condition_2_1_6,6,13,624,301
loop_2056_circuit_no_condition_2_1_6,6,14,624,301
loop_2056_circuit_no_condition_2_1_6,6,15,624,301
loop_2056_circuit_no_condition_2_1_6,6,0,624,400
loop_2056_circuit_no_condition_2_1_6,6,1,624,400
loop_2056_circuit_no_condition_2_1_6,6,2,624,400
loop_2056_circuit_no_condition_2_1_6,6,3,624,400
loop_2056_circuit_no_condition_2_1_6,6,4,5434,400
loop_2056_circuit_no_condition_2_1_6,6,5,624,400
loop_2056_circuit_no_condition_2_1_6,6,6,624,400
loop_2056_circuit_no_condition_2_1_6,6,7,624,400
loop_2056_circuit_no_condition_2_1_6,6,8,624,400
loop_2056_circuit_no_condition_2_1_6,6,9,624,400
loop_2056_circuit_no_condition_2_1_6,6,10,624,400
loop_2056_circuit_no_condition_2_1_6,6,11,624,400
loop_2056_circuit_no_condition_2_1_6,6,12,624,400
loop_2056_circuit_no_condition_2_1_6,6,13,624,400
loop_2056_circuit_no_condition_2_1_6,6,14,624,400
loop_2056_circuit_no_condition_2_1_6,6,15,624,400
loop_2056_circuit_no_condition_2_1_6,6,0,624,501
loop_2056_circuit_no_condition_2_1_6,6,1,624,501
loop_2056_circuit_no_condition_2_1_6,6,2,624,501
loop_2056_circuit_no_condition_2_1_6,6,3,624,501
loop_2056_circuit_no_condition_2_1_6,6,4,4969,501
loop_2056_circuit_no_condition_2_1_6,6,5,5430,501
loop_2056_circuit_no_condition_2_1_6,6,6,624,501
loop_2056_circuit_no_condition_2_1_6,6,7,624,501
loop_2056_circuit_no_condition_2_1_6,6,8,624,501
loop_2056_circuit_no_condition_2_1_6,6,9,624,501
loop_2056_circuit_no_condition_2_1_6,6,10,624,501
loop_2056_circuit_no_condition_2_1_6,6,11,624,501
loop_2056_circuit_no_condition_2_1_6,6,12,624,501
loop_2056_circuit_no_condition_2_1_6,6,13,624,501
loop_2056_circuit_no_condition_2_1_6,6,14,624,501
loop_2056_circuit_no_condition_2_1_6,6,15,624,501
loop_2056_circuit_no_condition_2_1_6,6,0,5424,601
loop_2056_circuit_no_condition_2_1_6,6,1,5424,601
loop_2056_circuit_no_condition_2_1_6,6,2,5425,601
loop_2056_circuit_no_condition_2_1_6,6,3,5428,601
loop_2056_circuit_no_condition_2_1_6,6,4,5420,601
loop_2056_circuit_no_condition_2_1_6,6,5,5423,601
loop_2056_circuit_no_condition_2_1_6,6,6,5420,601
loop_2056_circuit_no_condition_2_1_6,6,7,5423,601
loop_2056_circuit_no_condition_2_1_6,6,8,5424,601
loop_2056_circuit_no_condition_2_1_6,6,9,5423,601
loop_2056_circuit_no_condition_2_1_6,6,10,5423,601
loop_2056_circuit_no_condition_2_1_6,6,11,5424,601
loop_2056_circuit_no_condition_2_1_6,6,12,5426,601
loop_2056_circuit_no_condition_2_1_6,6,13,5420,601
loop_2056_circuit_no_condition_2_1_6,6,14,5419,601
loop_2056_circuit_no_condition_2_1_6,6,15,5423,601
loop_2056_circuit_no_condition_2_1_6,6,0,5419,700
loop_2056_circuit_no_condition_2_1_6,6,1,5422,700
loop_2056_circuit_no_condition_2_1_6,6,2,5418,700
loop_2056_circuit_no_condition_2_1_6,6,3,5421,700
loop_2056_circuit_no_condition_2_1_6,6,4,5418,700
loop_2056_circuit_no_condition_2_1_6,6,5,5425,700
loop_2056_circuit_no_condition_2_1_6,6,6,5413,700
loop_2056_circuit_no_condition_2_1_6,6,7,5421,700
loop_2056_circuit_no_condition_2_1_6,6,8,5423,700
loop_2056_circuit_no_condition_2_1_6,6,9,5421,700
loop_2056_circuit_no_condition_2_1_6,6,10,5423,700
loop_2056_circuit_no_condition_2_1_6,6,11,5421,700
loop_2056_circuit_no_condition_2_1_6,6,12,5421,700
loop_2056_circuit_no_condition_2_1_6,6,13,5421,700
loop_2056_circuit_no_condition_2_1_6,6,14,5421,700
loop_2056_circuit_no_condition_2_1_6,6,15,5421,700
loop_2056_circuit_no_condition_2_1_6,6,0,5421,800
loop_2056_circuit_no_condition_2_1_6,6,1,5424,800
loop_2056_circuit_no_condition_2_1_6,6,2,5421,800
loop_2056_circuit_no_condition_2_1_6,6,3,5421,800
loop_2056_circuit_no_condition_2_1_6,6,4,5430,800
loop_2056_circuit_no_condition_2_1_6,6,5,5420,800
loop_2056_circuit_no_condition_2_1_6,6,6,5421,800
loop_2056_circuit_no_condition_2_1_6,6,7,5421,800
loop_2056_circuit_no_condition_2_1_6,6,8,5422,800
loop_2056_circuit_no_condition_2_1_6,6,9,5421,800
loop_2056_circuit_no_condition_2_1_6,6,10,5418,800
loop_2056_circuit_no_condition_2_1_6,6,11,5425,800
loop_2056_circuit_no_condition_2_1_6,6,12,5421,800
loop_2056_circuit_no_condition_2_1_6,6,13,5422,800
loop_2056_circuit_no_condition_2_1_6,6,14,5421,800
loop_2056_circuit_no_condition_2_1_6,6,15,5421,800
loop_2056_circuit_no_condition_2_1_6,6,0,5421,901
loop_2056_circuit_no_condition_2_1_6,6,1,5421,901
loop_2056_circuit_no_condition_2_1_6,6,2,5419,901
loop_2056_circuit_no_condition_2_1_6,6,3,5423,901
loop_2056_circuit_no_condition_2_1_6,6,4,5420,901
loop_2056_circuit_no_condition_2_1_6,6,5,5427,901
loop_2056_circuit_no_condition_2_1_6,6,6,5421,901
loop_2056_circuit_no_condition_2_1_6,6,7,5420,901
loop_2056_circuit_no_condition_2_1_6,6,8,5423,901
loop_2056_circuit_no_condition_2_1_6,6,9,5421,901
loop_2056_circuit_no_condition_2_1_6,6,10,5420,901
loop_2056_circuit_no_condition_2_1_6,6,11,5423,901
loop_2056_circuit_no_condition_2_1_6,6,12,5421,901
loop_2056_circuit_no_condition_2_1_6,6,13,5420,901
loop_2056_circuit_no_condition_2_1_6,6,14,5420,901
loop_2056_circuit_no_condition_2_1_6,6,15,5421,901
loop_2056_circuit_no_condition_2_1_6,6,0,5420,1001
loop_2056_circuit_no_condition_2_1_6,6,1,5420,1001
loop_2056_circuit_no_condition_2_1_6,6,2,5419,1001
loop_2056_circuit_no_condition_2_1_6,6,3,5422,1001
loop_2056_circuit_no_condition_2_1_6,6,4,5429,1001
loop_2056_circuit_no_condition_2_1_6,6,5,5420,1001
loop_2056_circuit_no_condition_2_1_6,6,6,5423,1001
loop_2056_circuit_no_condition_2_1_6,6,7,5420,1001
loop_2056_circuit_no_condition_2_1_6,6,8,5419,1001
loop_2056_circuit_no_condition_2_1_6,6,9,5420,1001
loop_2056_circuit_no_condition_2_1_6,6,10,5420,1001
loop_2056_circuit_no_condition_2_1_6,6,11,5423,1001
loop_2056_circuit_no_condition_2_1_6,6,12,5419,1001
loop_2056_circuit_no_condition_2_1_6,6,13,5419,1001
loop_2056_circuit_no_condition_2_1_6,6,14,5421,1001
loop_2056_circuit_no_condition_2_1_6,6,15,5418,1001
loop_2056_circuit_no_condition_2_1_6,6,0,5420,1101
loop_2056_circuit_no_condition_2_1_6,6,1,5416,1101
loop_2056_circuit_no_condition_2_1_6,6,2,5417,1101
loop_2056_circuit_no_condition_2_1_6,6,3,5416,1101
loop_2056_circuit_no_condition_2_1_6,6,4,5416,1101
loop_2056_circuit_no_condition_2_1_6,6,5,5417,1101
loop_2056_circuit_no_condition_2_1_6,6,6,5424,1101
loop_2056_circuit_no_condition_2_1_6,6,7,5415,1101
loop_2056_circuit_no_condition_2_1_6,6,8,5417,1101
loop_2056_circuit_no_condition_2_1_6,6,9,5416,1101
loop_2056_circuit_no_condition_2_1_6,6,10,5420,1101
loop_2056_circuit_no_condition_2_1_6,6,11,5418,1101
loop_2056_circuit_no_condition_2_1_6,6,12,5416,1101
loop_2056_circuit_no_condition_2_1_6,6,13,5417,1101
loop_2056_circuit_no_condition_2_1_6,6,14,5419,1101
loop_2056_circuit_no_condition_2_1_6,6,15,5417,1101
loop_2056_circuit_no_condition_2_1_6,6,0,5415,1200
loop_2056_circuit_no_condition_2_1_6,6,1,5419,1200
loop_2056_circuit_no_condition_2_1_6,6,2,5418,1200
loop_2056_circuit_no_condition_2_1_6,6,3,5418,1200
loop_2056_circuit_no_condition_2_1_6,6,4,5423,1200
loop_2056_circuit_no_condition_2_1_6,6,5,5415,1200
loop_2056_circuit_no_condition_2_1_6,6,6,5419,1200
loop_2056_circuit_no_condition_2_1_6,6,7,5416,1200
loop_2056_circuit_no_condition_2_1_6,6,8,5416,1200
loop_2056_circuit_no_condition_2_1_6,6,9,5415,1200
loop_2056_circuit_no_condition_2_1_6,6,10,5419,1200
loop_2056_circuit_no_condition_2_1_6,6,11,5416,1200
loop_2056_circuit_no_condition_2_1_6,6,12,5415,1200
loop_2056_circuit_no_condition_2_1_6,6,13,5416,1200
loop_2056_circuit_no_condition_2_1_6,6,14,5415,1200
loop_2056_circuit_no_condition_2_1_6,6,15,5415,1200
loop_2056_circuit_no_condition_2_1_6,6,0,5419,1301
loop_2056_circuit_no_condition_2_1_6,6,1,5417,1301
loop_2056_circuit_no_condition_2_1_6,6,2,5416,1301
loop_2056_circuit_no_condition_2_1_6,6,3,5415,1301
loop_2056_circuit_no_condition_2_1_6,6,4,5425,1301
loop_2056_circuit_no_condition_2_1_6,6,5,5417,1301
loop_2056_circuit_no_condition_2_1_6,6,6,5421,1301
loop_2056_circuit_no_condition_2_1_6,6,7,5418,1301
loop_2056_circuit_no_condition_2_1_6,6,8,5417,1301
loop_2056_circuit_no_condition_2_1_6,6,9,5417,1301
loop_2056_circuit_no_condition_2_1_6,6,10,5418,1301
loop_2056_circuit_no_condition_2_1_6,6,11,5419,1301
loop_2056_circuit_no_condition_2_1_6,6,12,5418,1301
loop_2056_circuit_no_condition_2_1_6,6,13,5417,1301
loop_2056_circuit_no_condition_2_1_6,6,14,5420,1301
loop_2056_circuit_no_condition_2_1_6,6,15,5418,1301
loop_2056_circuit_no_condition_2_1_6,6,0,5421,1401
loop_2056_circuit_no_condition_2_1_6,6,1,5420,1401
loop_2056_circuit_no_condition_2_1_6,6,2,5421,1401
loop_2056_circuit_no_condition_2_1_6,6,3,5419,1401
loop_2056_circuit_no_condition_2_1_6,6,4,5426,1401
loop_2056_circuit_no_condition_2_1_6,6,5,5420,1401
loop_2056_circuit_no_condition_2_1_6,6,6,5419,1401
loop_2056_circuit_no_condition_2_1_6,6,7,5420,1401
loop_2056_circuit_no_condition_2_1_6,6,8,5420,1401
loop_2056_circuit_no_condition_2_1_6,6,9,5419,1401
loop_2056_circuit_no_condition_2_1_6,6,10,5420,1401
loop_2056_circuit_no_condition_2_1_6,6,11,5420,1401
loop_2056_circuit_no_condition_2_1_6,6,12,5420,1401
loop_2056_circuit_no_condition_2_1_6,6,13,5420,1401
loop_2056_circuit_no_condition_2_1_6,6,14,5422,1401
loop_2056_circuit_no_condition_2_1_6,6,15,5420,1401
loop_2056_circuit_no_condition_2_1_6,6,0,5416,1500
loop_2056_circuit_no_condition_2_1_6,6,1,5415,1500
loop_2056_circuit_no_condition_2_1_6,6,2,5417,1500
loop_2056_circuit_no_condition_2_1_6,6,3,5415,1500
loop_2056_circuit_no_condition_2_1_6,6,4,5416,1500
loop_2056_circuit_no_condition_2_1_6,6,5,5423,1500
loop_2056_circuit_no_condition_2_1_6,6,6,5415,1500
loop_2056_circuit_no_condition_2_1_6,6,7,5418,1500
loop_2056_circuit_no_condition_2_1_6,6,8,5415,1500
loop_2056_circuit_no_condition_2_1_6,6,9,5415,1500
loop_2056_circuit_no_condition_2_1_6,6,10,5417,1500
loop_2056_circuit_no_condition_2_1_6,6,11,5415,1500
loop_2056_circuit_no_condition_2_1_6,6,12,5415,1500
loop_2056_circuit_no_condition_2_1_6,6,13,5416,1500
loop_2056_circuit_no_condition_2_1_6,6,14,5415,1500
loop_2056_circuit_no_condition_2_1_6,6,15,5417,1500
loop_2056_circuit_no_condition_2_1_6,6,0,5417,1600
loop_2056_circuit_no_condition_2_1_6,6,1,5419,1600
loop_2056_circuit_no_condition_2_1_6,6,2,5418,1600
loop_2056_circuit_no_condition_2_1_6,6,3,5416,1600
loop_2056_circuit_no_condition_2_1_6,6,4,5417,1600
loop_2056_circuit_no_condition_2_1_6,6,5,5426,1600
loop_2056_circuit_no_condition_2_1_6,6,6,5416,1600
loop_2056_circuit_no_condition_2_1_6,6,7,5417,1600
loop_2056_circuit_no_condition_2_1_6,6,8,5417,1600
loop_2056_circuit_no_condition_2_1_6,6,9,5417,1600
loop_2056_circuit_no_condition_2_1_6,6,10,5421,1600
loop_2056_circuit_no_condition_2_1_6,6,11,5420,1600
loop_2056_circuit_no_condition_2_1_6,6,12,5417,1600
loop_2056_circuit_no_condition_2_1_6,6,13,5418,1600
loop_2056_circuit_no_condition_2_1_6,6,14,5418,1600
loop_2056_circuit_no_condition_2_1_6,6,15,5417,1600
loop_2056_circuit_no_condition_2_1_6,6,0,5422,1701
loop_2056_circuit_no_condition_2_1_6,6,1,5425,1701
loop_2056_circuit_no_condition_2_1_6,6,2,5424,1701
loop_2056_circuit_no_condition_2_1_6,6,3,5423,1701
loop_2056_circuit_no_condition_2_1_6,6,4,5428,1701
loop_2056_circuit_no_condition_2_1_6,6,5,5422,1701
loop_2056_circuit_no_condition_2_1_6,6,6,5422,1701
loop_2056_circuit_no_condition_2_1_6,6,7,5423,1701
loop_2056_circuit_no_condition_2_1_6,6,8,5420,1701
loop_2056_circuit_no_condition_2_1_6,6,9,5422,1701
loop_2056_circuit_no_condition_2_1_6,6,10,5423,1701
loop_2056_circuit_no_condition_2_1_6,6,11,5423,1701
loop_2056_circuit_no_condition_2_1_6,6,12,5422,1701
loop_2056_circuit_no_condition_2_1_6,6,13,5423,1701
loop_2056_circuit_no_condition_2_1_6,6,14,5425,1701
loop_2056_circuit_no_condition_2_1_6,6,15,5418,1701
loop_2056_circuit_no_condition_2_1_6,6,0,5418,1801
loop_2056_circuit_no_condition_2_1_6,6,1,5419,1801
loop_2056_circuit_no_condition_2_1_6,6,2,5425,1801
loop_2056_circuit_no_condition_2_1_6,6,3,5419,1801
loop_2056_circuit_no_condition_2_1_6,6,4,5418,1801
loop_2056_circuit_no_condition_2_1_6,6,5,5423,1801
loop_2056_circuit_no_condition_2_1_6,6,6,5419,1801
loop_2056_circuit_no_condition_2_1_6,6,7,5418,1801
loop_2056_circuit_no_condition_2_1_6,6,8,5418,1801
loop_2056_circuit_no_condition_2_1_6,6,9,5418,1801
loop_2056_circuit_no_condition_2_1_6,6,10,5425,1801
loop_2056_circuit_no_condition_2_1_6,6,11,5418,1801
loop_2056_circuit_no_condition_2_1_6,6,12,5418,1801
loop_2056_circuit_no_condition_2_1_6,6,13,5419,1801
loop_2056_circuit_no_condition_2_1_6,6,14,5418,1801
loop_2056_circuit_no_condition_2_1_6,6,15,5418,1801
loop_2056_circuit_no_condition_2_1_6,6,0,5414,1901
loop_2056_circuit_no_condition_2_1_6,6,1,5415,1901
loop_2056_circuit_no_condition_2_1_6,6,2,5416,1901
loop_2056_circuit_no_condition_2_1_6,6,3,5413,1901
loop_2056_circuit_no_condition_2_1_6,6,4,5423,1901
loop_2056_circuit_no_condition_2_1_6,6,5,5425,1901
loop_2056_circuit_no_condition_2_1_6,6,6,5407,1901
loop_2056_circuit_no_condition_2_1_6,6,7,5413,1901
loop_2056_circuit_no_condition_2_1_6,6,8,5413,1901
loop_2056_circuit_no_condition_2_1_6,6,9,5413,1901
loop_2056_circuit_no_condition_2_1_6,6,10,5415,1901
loop_2056_circuit_no_condition_2_1_6,6,11,5435,1901
loop_2056_circuit_no_condition_2_1_6,6,12,5414,1901
loop_2056_circuit_no_condition_2_1_6,6,13,5422,1901
loop_2056_circuit_no_condition_2_1_6,6,14,5415,1901
loop_2056_circuit_no_condition_2_1_6,6,15,5420,1901
loop_2056_circuit_no_condition_2_1_6,6,0,5415,2000
loop_2056_circuit_no_condition_2_1_6,6,1,5426,2000
loop_2056_circuit_no_condition_2_1_6,6,2,5417,2000
loop_2056_circuit_no_condition_2_1_6,6,3,5413,2000
loop_2056_circuit_no_condition_2_1_6,6,4,5416,2000
loop_2056_circuit_no_condition_2_1_6,6,5,5426,2000
loop_2056_circuit_no_condition_2_1_6,6,6,5424,2000
loop_2056_circuit_no_condition_2_1_6,6,7,5425,2000
loop_2056_circuit_no_condition_2_1_6,6,8,5422,2000
loop_2056_circuit_no_condition_2_1_6,6,9,5425,2000
loop_2056_circuit_no_condition_2_1_6,6,10,5421,2000
loop_2056_circuit_no_condition_2_1_6,6,11,5421,2000
loop_2056_circuit_no_condition_2_1_6,6,12,5425,2000
loop_2056_circuit_no_condition_2_1_6,6,13,624,2000
loop_2056_circuit_no_condition_2_1_6,6,14,5390,2000
loop_2056_circuit_no_condition_2_1_6,6,15,5415,2000
loop_2056_circuit_no_condition_2_1_6,7,0,5431,1
loop_2056_circuit_no_condition_2_1_6,7,1,5424,1
loop_2056_circuit_no_condition_2_1_6,7,2,5399,1
loop_2056_circuit_no_condition_2_1_6,7,3,624,1
loop_2056_circuit_no_condition_2_1_6,7,4,624,1
loop_2056_circuit_no_condition_2_1_6,7,5,5432,1
loop_2056_circuit_no_condition_2_1_6,7,6,624,1
loop_2056_circuit_no_condition_2_1_6,7,7,624,1
loop_2056_circuit_no_condition_2_1_6,7,8,5372,1
loop_2056_circuit_no_condition_2_1_6,7,9,624,1
loop_2056_circuit_no_condition_2_1_6,7,10,624,1
loop_2056_circuit_no_condition_2_1_6,7,11,5426,1
loop_2056_circuit_no_condition_2_1_6,7,12,4458,1
loop_2056_circuit_no_condition_2_1_6,7,13,624,1
loop_2056_circuit_no_condition_2_1_6,7,14,5413,1
loop_2056_circuit_no_condition_2_1_6,7,15,5425,1
loop_2056_circuit_no_condition_2_1_6,7,0,5418,100
loop_2056_circuit_no_condition_2_1_6,7,1,5425,100
loop_2056_circuit_no_condition_2_1_6,7,2,5413,100
loop_2056_circuit_no_condition_2_1_6,7,3,5405,100
loop_2056_circuit_no_condition_2_1_6,7,4,5426,100
loop_2056_circuit_no_condition_2_1_6,7,5,5407,100
loop_2056_circuit_no_condition_2_1_6,7,6,5411,100
loop_2056_circuit_no_condition_2_1_6,7,7,5419,100
loop_2056_circuit_no_condition_2_1_6,7,8,5417,100
loop_2056_circuit_no_condition_2_1_6,7,9,5420,100
loop_2056_circuit_no_condition_2_1_6,7,10,5405,100
loop_2056_circuit_no_condition_2_1_6,7,11,5418,100
loop_2056_circuit_no_condition_2_1_6,7,12,5411,100
loop_2056_circuit_no_condition_2_1_6,7,13,5414,100
loop_2056_circuit_no_condition_2_1_6,7,14,5335,100
loop_2056_circuit_no_condition_2_1_6,7,15,5419,100
loop_2056_circuit_no_condition_2_1_6,7,0,5390,200
loop_2056_circuit_no_condition_2_1_6,7,1,4665,200
loop_2056_circuit_no_condition_2_1_6,7,2,5378,200
loop_2056_circuit_no_condition_2_1_6,7,3,5424,200
loop_2056_circuit_no_condition_2_1_6,7,4,5430,200
loop_2056_circuit_no_condition_2_1_6,7,5,5424,200
loop_2056_circuit_no_condition_2_1_6,7,6,4272,200
loop_2056_circuit_no_condition_2_1_6,7,7,4924,200
loop_2056_circuit_no_condition_2_1_6,7,8,4730,200
loop_2056_circuit_no_condition_2_1_6,7,9,5358,200
loop_2056_circuit_no_condition_2_1_6,7,10,5390,200
loop_2056_circuit_no_condition_2_1_6,7,11,5427,200
loop_2056_circuit_no_condition_2_1_6,7,12,5410,200
loop_2056_circuit_no_condition_2_1_6,7,13,5424,200
loop_2056_circuit_no_condition_2_1_6,7,14,5426,200
loop_2056_circuit_no_condition_2_1_6,7,15,5418,200
loop_2056_circuit_no_condition_2_1_6,7,0,624,300
loop_2056_circuit_no_condition_2_1_6,7,1,624,300
loop_2056_circuit_no_condition_2_1_6,7,2,624,300
loop_2056_circuit_no_condition_2_1_6,7,3,624,300
loop_2056_circuit_no_condition_2_1_6,7,4,624,300
loop_2056_circuit_no_condition_2_1_6,7,5,5431,300
loop_2056_circuit_no_condition_2_1_6,7,6,624,300
loop_2056_circuit_no_condition_2_1_6,7,7,624,300
loop_2056_circuit_no_condition_2_1_6,7,8,624,300
loop_2056_circuit_no_condition_2_1_6,7,9,624,300
loop_2056_circuit_no_condition_2_1_6,7,10,624,300
loop_2056_circuit_no_condition_2_1_6,7,11,4386,300
loop_2056_circuit_no_condition_2_1_6,7,12,624,300
loop_2056_circuit_no_condition_2_1_6,7,13,624,300
loop_2056_circuit_no_condition_2_1_6,7,14,624,300
loop_2056_circuit_no_condition_2_1_6,7,15,624,300
loop_2056_circuit_no_condition_2_1_6,7,0,624,400
loop_2056_circuit_no_condition_2_1_6,7,1,624,400
loop_2056_circuit_no_condition_2_1_6,7,2,624,400
loop_2056_circuit_no_condition_2_1_6,7,3,624,400
loop_2056_circuit_no_condition_2_1_6,7,4,624,400
loop_2056_circuit_no_condition_2_1_6,7,5,5432,400
loop_2056_circuit_no_condition_2_1_6,7,6,624,400
loop_2056_circuit_no_condition_2_1_6,7,7,624,400
loop_2056_circuit_no_condition_2_1_6,7,8,624,400
loop_2056_circuit_no_condition_2_1_6,7,9,624,400
loop_2056_circuit_no_condition_2_1_6,7,10,624,400
loop_2056_circuit_no_condition_2_1_6,7,11,624,400
loop_2056_circuit_no_condition_2_1_6,7,12,624,400
loop_2056_circuit_no_condition_2_1_6,7,13,624,400
loop_2056_circuit_no_condition_2_1_6,7,14,4639,400
loop_2056_circuit_no_condition_2_1_6,7,15,624,400
loop_2056_circuit_no_condition_2_1_6,7,0,624,500
loop_2056_circuit_no_condition_2_1_6,7,1,624,500
loop_2056_circuit_no_condition_2_1_6,7,2,4634,500
loop_2056_circuit_no_condition_2_1_6,7,3,624,500
loop_2056_circuit_no_condition_2_1_6,7,4,624,500
loop_2056_circuit_no_condition_2_1_6,7,5,5431,500
loop_2056_circuit_no_condition_2_1_6,7,6,624,500
loop_2056_circuit_no_condition_2_1_6,7,7,624,500
loop_2056_circuit_no_condition_2_1_6,7,8,624,500
loop_2056_circuit_no_condition_2_1_6,7,9,624,500
loop_2056_circuit_no_condition_2_1_6,7,10,5429,500
loop_2056_circuit_no_condition_2_1_6,7,11,624,500
loop_2056_circuit_no_condition_2_1_6,7,12,624,500
loop_2056_circuit_no_condition_2_1_6,7,13,624,500
loop_2056_circuit_no_condition_2_1_6,7,14,624,500
loop_2056_circuit_no_condition_2_1_6,7,15,624,500
loop_2056_circuit_no_condition_2_1_6,7,0,5408,601
loop_2056_circuit_no_condition_2_1_6,7,1,5412,601
loop_2056_circuit_no_condition_2_1_6,7,2,5411,601
loop_2056_circuit_no_condition_2_1_6,7,3,5414,601
loop_2056_circuit_no_condition_2_1_6,7,4,5408,601
loop_2056_circuit_no_condition_2_1_6,7,5,5427,601
loop_2056_circuit_no_condition_2_1_6,7,6,5420,601
loop_2056_circuit_no_condition_2_1_6,7,7,5410,601
loop_2056_circuit_no_condition_2_1_6,7,8,5412,601
loop_2056_circuit_no_condition_2_1_6,7,9,5409,601
loop_2056_circuit_no_condition_2_1_6,7,10,5410,601
loop_2056_circuit_no_condition_2_1_6,7,11,5415,601
loop_2056_circuit_no_condition_2_1_6,7,12,5414,601
loop_2056_circuit_no_condition_2_1_6,7,13,5410,601
loop_2056_circuit_no_condition_2_1_6,7,14,5412,601
loop_2056_circuit_no_condition_2_1_6,7,15,5414,601
loop_2056_circuit_no_condition_2_1_6,7,0,5403,700
loop_2056_circuit_no_condition_2_1_6,7,1,5399,700
loop_2056_circuit_no_condition_2_1_6,7,2,5411,700
loop_2056_circuit_no_condition_2_1_6,7,3,5403,700
loop_2056_circuit_no_condition_2_1_6,7,4,5400,700
loop_2056_circuit_no_condition_2_1_6,7,5,5404,700
loop_2056_circuit_no_condition_2_1_6,7,6,5401,700
loop_2056_circuit_no_condition_2_1_6,7,7,5398,700
loop_2056_circuit_no_condition_2_1_6,7,8,5423,700
loop_2056_circuit_no_condition_2_1_6,7,9,5403,700
loop_2056_circuit_no_condition_2_1_6,7,10,5411,700
loop_2056_circuit_no_condition_2_1_6,7,11,5401,700
loop_2056_circuit_no_condition_2_1_6,7,12,5413,700
loop_2056_circuit_no_condition_2_1_6,7,13,5404,700
loop_2056_circuit_no_condition_2_1_6,7,14,5408,700
loop_2056_circuit_no_condition_2_1_6,7,15,5406,700
loop_2056_circuit_no_condition_2_1_6,7,0,5406,800
loop_2056_circuit_no_condition_2_1_6,7,1,5404,800
loop_2056_circuit_no_condition_2_1_6,7,2,5417,800
loop_2056_circuit_no_condition_2_1_6,7,3,5412,800
loop_2056_circuit_no_condition_2_1_6,7,4,5401,800
loop_2056_circuit_no_condition_2_1_6,7,5,5408,800
loop_2056_circuit_no_condition_2_1_6,7,6,5406,800
loop_2056_circuit_no_condition_2_1_6,7,7,5405,800
loop_2056_circuit_no_condition_2_1_6,7,8,5404,800
loop_2056_circuit_no_condition_2_1_6,7,9,5402,800
loop_2056_circuit_no_condition_2_1_6,7,10,5415,800
loop_2056_circuit_no_condition_2_1_6,7,11,5407,800
loop_2056_circuit_no_condition_2_1_6,7,12,5401,800
loop_2056_circuit_no_condition_2_1_6,7,13,5422,800
loop_2056_circuit_no_condition_2_1_6,7,14,5413,800
loop_2056_circuit_no_condition_2_1_6,7,15,5402,800
loop_2056_circuit_no_condition_2_1_6,7,0,5405,901
loop_2056_circuit_no_condition_2_1_6,7,1,5407,901
loop_2056_circuit_no_condition_2_1_6,7,2,5414,901
loop_2056_circuit_no_condition_2_1_6,7,3,5409,901
loop_2056_circuit_no_condition_2_1_6,7,4,5407,901
loop_2056_circuit_no_condition_2_1_6,7,5,5424,901
loop_2056_circuit_no_condition_2_1_6,7,6,5408,901
loop_2056_circuit_no_condition_2_1_6,7,7,5414,901
loop_2056_circuit_no_condition_2_1_6,7,8,5407,901
loop_2056_circuit_no_condition_2_1_6,7,9,5406,901
loop_2056_circuit_no_condition_2_1_6,7,10,5417,901
loop_2056_circuit_no_condition_2_1_6,7,11,5417,901
loop_2056_circuit_no_condition_2_1_6,7,12,5409,901
loop_2056_circuit_no_condition_2_1_6,7,13,5406,901
loop_2056_circuit_no_condition_2_1_6,7,14,5408,901
loop_2056_circuit_no_condition_2_1_6,7,15,5407,901
loop_2056_circuit_no_condition_2_1_6,7,0,5416,1001
loop_2056_circuit_no_condition_2_1_6,7,1,5398,1001
loop_2056_circuit_no_condition_2_1_6,7,2,5411,1001
loop_2056_circuit_no_condition_2_1_6,7,3,5411,1001
loop_2056_circuit_no_condition_2_1_6,7,4,5405,1001
loop_2056_circuit_no_condition_2_1_6,7,5,5400,1001
loop_2056_circuit_no_condition_2_1_6,7,6,5403,1001
loop_2056_circuit_no_condition_2_1_6,7,7,5404,1001
loop_2056_circuit_no_condition_2_1_6,7,8,5401,1001
loop_2056_circuit_no_condition_2_1_6,7,9,5399,1001
loop_2056_circuit_no_condition_2_1_6,7,10,5413,1001
loop_2056_circuit_no_condition_2_1_6,7,11,5407,1001
loop_2056_circuit_no_condition_2_1_6,7,12,5406,1001
loop_2056_circuit_no_condition_2_1_6,7,13,5411,1001
loop_2056_circuit_no_condition_2_1_6,7,14,5398,1001
loop_2056_circuit_no_condition_2_1_6,7,15,5400,1001
loop_2056_circuit_no_condition_2_1_6,7,0,5411,1101
loop_2056_circuit_no_condition_2_1_6,7,1,5410,1101
loop_2056_circuit_no_condition_2_1_6,7,2,5411,1101
loop_2056_circuit_no_condition_2_1_6,7,3,5427,1101
loop_2056_circuit_no_condition_2_1_6,7,4,5412,1101
loop_2056_circuit_no_condition_2_1_6,7,5,5413,1101
loop_2056_circuit_no_condition_2_1_6,7,6,5410,1101
loop_2056_circuit_no_condition_2_1_6,7,7,5420,1101
loop_2056_circuit_no_condition_2_1_6,7,8,5411,1101
loop_2056_circuit_no_condition_2_1_6,7,9,5420,1101
loop_2056_circuit_no_condition_2_1_6,7,10,5409,1101
loop_2056_circuit_no_condition_2_1_6,7,11,5412,1101
loop_2056_circuit_no_condition_2_1_6,7,12,5417,1101
loop_2056_circuit_no_condition_2_1_6,7,13,5409,1101
loop_2056_circuit_no_condition_2_1_6,7,14,5413,1101
loop_2056_circuit_no_condition_2_1_6,7,15,5410,1101
loop_2056_circuit_no_condition_2_1_6,7,0,5392,1200
loop_2056_circuit_no_condition_2_1_6,7,1,5403,1200
loop_2056_circuit_no_condition_2_1_6,7,2,5392,1200
loop_2056_circuit_no_condition_2_1_6,7,3,5405,1200
loop_2056_circuit_no_condition_2_1_6,7,4,5417,1200
loop_2056_circuit_no_condition_2_1_6,7,5,5394,1200
loop_2056_circuit_no_condition_2_1_6,7,6,5395,1200
loop_2056_circuit_no_condition_2_1_6,7,7,5394,1200
loop_2056_circuit_no_condition_2_1_6,7,8,5396,1200
loop_2056_circuit_no_condition_2_1_6,7,9,5393,1200
loop_2056_circuit_no_condition_2_1_6,7,10,5395,1200
loop_2056_circuit_no_condition_2_1_6,7,11,5401,1200
loop_2056_circuit_no_condition_2_1_6,7,12,5393,1200
loop_2056_circuit_no_condition_2_1_6,7,13,5394,1200
loop_2056_circuit_no_condition_2_1_6,7,14,5395,1200
loop_2056_circuit_no_condition_2_1_6,7,15,5395,1200
loop_2056_circuit_no_condition_2_1_6,7,0,5400,1300
loop_2056_circuit_no_condition_2_1_6,7,1,5411,1300
loop_2056_circuit_no_condition_2_1_6,7,2,5400,1300
loop_2056_circuit_no_condition_2_1_6,7,3,5404,1300
loop_2056_circuit_no_condition_2_1_6,7,4,5420,1300
loop_2056_circuit_no_condition_2_1_6,7,5,5396,1300
loop_2056_circuit_no_condition_2_1_6,7,6,5398,1300
loop_2056_circuit_no_condition_2_1_6,7,7,5405,1300
loop_2056_circuit_no_condition_2_1_6,7,8,5401,1300
loop_2056_circuit_no_condition_2_1_6,7,9,5403,1300
loop_2056_circuit_no_condition_2_1_6,7,10,5406,1300
loop_2056_circuit_no_condition_2_1_6,7,11,5400,1300
loop_2056_circuit_no_condition_2_1_6,7,12,5400,1300
loop_2056_circuit_no_condition_2_1_6,7,13,5399,1300
loop_2056_circuit_no_condition_2_1_6,7,14,5401,1300
loop_2056_circuit_no_condition_2_1_6,7,15,5408,1300
loop_2056_circuit_no_condition_2_1_6,7,0,5400,1401
loop_2056_circuit_no_condition_2_1_6,7,1,5400,1401
loop_2056_circuit_no_condition_2_1_6,7,2,5401,1401
loop_2056_circuit_no_condition_2_1_6,7,3,5408,1401
loop_2056_circuit_no_condition_2_1_6,7,4,5421,1401
loop_2056_circuit_no_condition_2_1_6,7,5,5400,1401
loop_2056_circuit_no_condition_2_1_6,7,6,5400,1401
loop_2056_circuit_no_condition_2_1_6,7,7,5403,1401
loop_2056_circuit_no_condition_2_1_6,7,8,5398,1401
loop_2056_circuit_no_condition_2_1_6,7,9,5407,1401
loop_2056_circuit_no_condition_2_1_6,7,10,5398,1401
loop_2056_circuit_no_condition_2_1_6,7,11,5404,1401
loop_2056_circuit_no_condition_2_1_6,7,12,5405,1401
loop_2056_circuit_no_condition_2_1_6,7,13,5400,1401
loop_2056_circuit_no_condition_2_1_6,7,14,5406,1401
loop_2056_circuit_no_condition_2_1_6,7,15,5403,1401
loop_2056_circuit_no_condition_2_1_6,7,0,5413,1501
loop_2056_circuit_no_condition_2_1_6,7,1,5411,1501
loop_2056_circuit_no_condition_2_1_6,7,2,5404,1501
loop_2056_circuit_no_condition_2_1_6,7,3,5411,1501
loop_2056_circuit_no_condition_2_1_6,7,4,5414,1501
loop_2056_circuit_no_condition_2_1_6,7,5,5424,1501
loop_2056_circuit_no_condition_2_1_6,7,6,5408,1501
loop_2056_circuit_no_condition_2_1_6,7,7,5409,1501
loop_2056_circuit_no_condition_2_1_6,7,8,5425,1501
loop_2056_circuit_no_condition_2_1_6,7,9,5413,1501
loop_2056_circuit_no_condition_2_1_6,7,10,5410,1501
loop_2056_circuit_no_condition_2_1_6,7,11,5410,1501
loop_2056_circuit_no_condition_2_1_6,7,12,5412,1501
loop_2056_circuit_no_condition_2_1_6,7,13,5422,1501
loop_2056_circuit_no_condition_2_1_6,7,14,5404,1501
loop_2056_circuit_no_condition_2_1_6,7,15,5420,1501
loop_2056_circuit_no_condition_2_1_6,7,0,5430,1601
loop_2056_circuit_no_condition_2_1_6,7,1,5385,1601
loop_2056_circuit_no_condition_2_1_6,7,2,5435,1601
loop_2056_circuit_no_condition_2_1_6,7,3,5380,1601
loop_2056_circuit_no_condition_2_1_6,7,4,5424,1601
loop_2056_circuit_no_condition_2_1_6,7,5,5422,1601
loop_2056_circuit_no_condition_2_1_6,7,6,5415,1601
loop_2056_circuit_no_condition_2_1_6,7,7,5392,1601
loop_2056_circuit_no_condition_2_1_6,7,8,5421,1601
loop_2056_circuit_no_condition_2_1_6,7,9,5427,1601
loop_2056_circuit_no_condition_2_1_6,7,10,5419,1601
loop_2056_circuit_no_condition_2_1_6,7,11,5422,1601
loop_2056_circuit_no_condition_2_1_6,7,12,5358,1601
loop_2056_circuit_no_condition_2_1_6,7,13,5365,1601
loop_2056_circuit_no_condition_2_1_6,7,14,5415,1601
loop_2056_circuit_no_condition_2_1_6,7,15,5426,1601
loop_2056_circuit_no_condition_2_1_6,8,0,5432,1
loop_2056_circuit_no_condition_2_1_6,8,1,5427,1
loop_2056_circuit_no_condition_2_1_6,8,2,5429,1
loop_2056_circuit_no_condition_2_1_6,8,3,5424,1
loop_2056_circuit_no_condition_2_1_6,8,4,624,1
loop_2056_circuit_no_condition_2_1_6,8,5,5432,1
loop_2056_circuit_no_condition_2_1_6,8,6,5424,1
loop_2056_circuit_no_condition_2_1_6,8,7,624,1
loop_2056_circuit_no_condition_2_1_6,8,8,624,1
loop_2056_circuit_no_condition_2_1_6,8,9,5421,1
loop_2056_circuit_no_condition_2_1_6,8,10,5425,1
loop_2056_circuit_no_condition_2_1_6,8,11,5426,1
loop_2056_circuit_no_condition_2_1_6,8,12,5415,1
loop_2056_circuit_no_condition_2_1_6,8,13,624,1
loop_2056_circuit_no_condition_2_1_6,8,14,624,1
loop_2056_circuit_no_condition_2_1_6,8,15,5427,1
loop_2056_circuit_no_condition_2_1_6,8,0,5388,101
loop_2056_circuit_no_condition_2_1_6,8,1,5341,101
loop_2056_circuit_no_condition_2_1_6,8,2,5410,101
loop_2056_circuit_no_condition_2_1_6,8,3,5384,101
loop_2056_circuit_no_condition_2_1_6,8,4,5387,101
loop_2056_circuit_no_condition_2_1_6,8,5,5342,101
loop_2056_circuit_no_condition_2_1_6,8,6,5406,101
loop_2056_circuit_no_condition_2_1_6,8,7,4969,101
loop_2056_circuit_no_condition_2_1_6,8,8,5429,101
loop_2056_circuit_no_condition_2_1_6,8,9,5418,101
loop_2056_circuit_no_condition_2_1_6,8,10,5406,101
loop_2056_circuit_no_condition_2_1_6,8,11,5363,101
loop_2056_circuit_no_condition_2_1_6,8,12,5422,101
loop_2056_circuit_no_condition_2_1_6,8,13,5404,101
loop_2056_circuit_no_condition_2_1_6,8,14,5413,101
loop_2056_circuit_no_condition_2_1_6,8,15,5426,101
loop_2056_circuit_no_condition_2_1_6,8,0,5431,200
loop_2056_circuit_no_condition_2_1_6,8,1,5386,200
loop_2056_circuit_no_condition_2_1_6,8,2,5426,200
loop_2056_circuit_no_condition_2_1_6,8,3,5395,200
loop_2056_circuit_no_condition_2_1_6,8,4,5406,200
loop_2056_circuit_no_condition_2_1_6,8,5,5363,200
loop_2056_circuit_no_condition_2_1_6,8,6,5425,200
loop_2056_circuit_no_condition_2_1_6,8,7,5421,200
loop_2056_circuit_no_condition_2_1_6,8,8,5427,200
loop_2056_circuit_no_condition_2_1_6,8,9,5375,200
loop_2056_circuit_no_condition_2_1_6,8,10,5395,200
loop_2056_circuit_no_condition_2_1_6,8,11,5422,200
loop_2056_circuit_no_condition_2_1_6,8,12,5414,200
loop_2056_circuit_no_condition_2_1_6,8,13,5424,200
loop_2056_circuit_no_condition_2_1_6,8,14,5334,200
loop_2056_circuit_no_condition_2_1_6,8,15,5369,200
loop_2056_circuit_no_condition_2_1_6,8,0,624,301
loop_2056_circuit_no_condition_2_1_6,8,1,624,301
loop_2056_circuit_no_condition_2_1_6,8,2,624,301
loop_2056_circuit_no_condition_2_1_6,8,3,624,301
loop_2056_circuit_no_condition_2_1_6,8,4,624,301
loop_2056_circuit_no_condition_2_1_6,8,5,624,301
loop_2056_circuit_no_condition_2_1_6,8,6,624,301
loop_2056_circuit_no_condition_2_1_6,8,7,624,301
loop_2056_circuit_no_condition_2_1_6,8,8,624,301
loop_2056_circuit_no_condition_2_1_6,8,9,624,301
loop_2056_circuit_no_condition_2_1_6,8,10,624,301
loop_2056_circuit_no_condition_2_1_6,8,11,624,301
loop_2056_circuit_no_condition_2_1_6,8,12,624,301
loop_2056_circuit_no_condition_2_1_6,8,13,5429,301
loop_2056_circuit_no_condition_2_1_6,8,14,624,301
loop_2056_circuit_no_condition_2_1_6,8,15,624,301
loop_2056_circuit_no_condition_2_1_6,8,0,624,400
loop_2056_circuit_no_condition_2_1_6,8,1,624,400
loop_2056_circuit_no_condition_2_1_6,8,2,624,400
loop_2056_circuit_no_condition_2_1_6,8,3,624,400
loop_2056_circuit_no_condition_2_1_6,8,4,624,400
loop_2056_circuit_no_condition_2_1_6,8,5,5432,400
loop_2056_circuit_no_condition_2_1_6,8,6,624,400
loop_2056_circuit_no_condition_2_1_6,8,7,4591,400
loop_2056_circuit_no_condition_2_1_6,8,8,624,400
loop_2056_circuit_no_condition_2_1_6,8,9,624,400
loop_2056_circuit_no_condition_2_1_6,8,10,624,400
loop_2056_circuit_no_condition_2_1_6,8,11,624,400
loop_2056_circuit_no_condition_2_1_6,8,12,624,400
loop_2056_circuit_no_condition_2_1_6,8,13,624,400
loop_2056_circuit_no_condition_2_1_6,8,14,624,400
loop_2056_circuit_no_condition_2_1_6,8,15,624,400
loop_2056_circuit_no_condition_2_1_6,8,0,624,501
loop_2056_circuit_no_condition_2_1_6,8,1,4906,501
loop_2056_circuit_no_condition_2_1_6,8,2,624,501
loop_2056_circuit_no_condition_2_1_6,8,3,4668,501
loop_2056_circuit_no_condition_2_1_6,8,4,624,501
loop_2056_circuit_no_condition_2_1_6,8,5,5433,501
loop_2056_circuit_no_condition_2_1_6,8,6,624,501
loop_2056_circuit_no_condition_2_1_6,8,7,624,501
loop_2056_circuit_no_condition_2_1_6,8,8,624,501
loop_2056_circuit_no_condition_2_1_6,8,9,624,501
loop_2056_circuit_no_condition_2_1_6,8,10,624,501
loop_2056_circuit_no_condition_2_1_6,8,11,624,501
loop_2056_circuit_no_condition_2_1_6,8,12,624,501
loop_2056_circuit_no_condition_2_1_6,8,13,624,501
loop_2056_circuit_no_condition_2_1_6,8,14,624,501
loop_2056_circuit_no_condition_2_1_6,8,15,624,501
loop_2056_circuit_no_condition_2_1_6,8,0,5402,601
loop_2056_circuit_no_condition_2_1_6,8,1,5403,601
loop_2056_circuit_no_condition_2_1_6,8,2,5413,601
loop_2056_circuit_no_condition_2_1_6,8,3,5406,601
loop_2056_circuit_no_condition_2_1_6,8,4,5403,601
loop_2056_circuit_no_condition_2_1_6,8,5,5425,601
loop_2056_circuit_no_condition_2_1_6,8,6,5408,601
loop_2056_circuit_no_condition_2_1_6,8,7,5406,601
loop_2056_circuit_no_condition_2_1_6,8,8,5413,601
loop_2056_circuit_no_condition_2_1_6,8,9,5406,601
loop_2056_circuit_no_condition_2_1_6,8,10,5414,601
loop_2056_circuit_no_condition_2_1_6,8,11,5412,601
loop_2056_circuit_no_condition_2_1_6,8,12,5412,601
loop_2056_circuit_no_condition_2_1_6,8,13,5408,601
loop_2056_circuit_no_condition_2_1_6,8,14,5405,601
loop_2056_circuit_no_condition_2_1_6,8,15,5413,601
loop_2056_circuit_no_condition_2_1_6,8,0,5399,701
loop_2056_circuit_no_condition_2_1_6,8,1,5398,701
loop_2056_circuit_no_condition_2_1_6,8,2,5410,701
loop_2056_circuit_no_condition_2_1_6,8,3,5406,701
loop_2056_circuit_no_condition_2_1_6,8,4,5407,701
loop_2056_circuit_no_condition_2_1_6,8,5,5422,701
loop_2056_circuit_no_condition_2_1_6,8,6,5401,701
loop_2056_circuit_no_condition_2_1_6,8,7,5401,701
loop_2056_circuit_no_condition_2_1_6,8,8,5399,701
loop_2056_circuit_no_condition_2_1_6,8,9,5408,701
loop_2056_circuit_no_condition_2_1_6,8,10,5413,701
loop_2056_circuit_no_condition_2_1_6,8,11,5400,701
loop_2056_circuit_no_condition_2_1_6,8,12,5409,701
loop_2056_circuit_no_condition_2_1_6,8,13,5401,701
loop_2056_circuit_no_condition_2_1_6,8,14,5402,701
loop_2056_circuit_no_condition_2_1_6,8,15,5404,701
loop_2056_circuit_no_condition_2_1_6,8,0,5415,801
loop_2056_circuit_no_condition_2_1_6,8,1,5413,801
loop_2056_circuit_no_condition_2_1_6,8,2,5414,801
loop_2056_circuit_no_condition_2_1_6,8,3,5418,801
loop_2056_circuit_no_condition_2_1_6,8,4,5414,801
loop_2056_circuit_no_condition_2_1_6,8,5,5430,801
loop_2056_circuit_no_condition_2_1_6,8,6,5408,801
loop_2056_circuit_no_condition_2_1_6,8,7,5413,801
loop_2056_circuit_no_condition_2_1_6,8,8,5412,801
loop_2056_circuit_no_condition_2_1_6,8,9,5415,801
loop_2056_circuit_no_condition_2_1_6,8,10,5419,801
loop_2056_circuit_no_condition_2_1_6,8,11,5413,801
loop_2056_circuit_no_condition_2_1_6,8,12,5417,801
loop_2056_circuit_no_condition_2_1_6,8,13,5417,801
loop_2056_circuit_no_condition_2_1_6,8,14,5415,801
loop_2056_circuit_no_condition_2_1_6,8,15,5412,801
loop_2056_circuit_no_condition_2_1_6,8,0,5408,900
loop_2056_circuit_no_condition_2_1_6,8,1,5400,900
loop_2056_circuit_no_condition_2_1_6,8,2,5403,900
loop_2056_circuit_no_condition_2_1_6,8,3,5399,900
loop_2056_circuit_no_condition_2_1_6,8,4,5402,900
loop_2056_circuit_no_condition_2_1_6,8,5,5421,900
loop_2056_circuit_no_condition_2_1_6,8,6,5397,900
loop_2056_circuit_no_condition_2_1_6,8,7,5407,900
loop_2056_circuit_no_condition_2_1_6,8,8,5403,900
loop_2056_circuit_no_condition_2_1_6,8,9,5404,900
loop_2056_circuit_no_condition_2_1_6,8,10,5398,900
loop_2056_circuit_no_condition_2_1_6,8,11,5401,900
loop_2056_circuit_no_condition_2_1_6,8,12,5406,900
loop_2056_circuit_no_condition_2_1_6,8,13,5400,900
loop_2056_circuit_no_condition_2_1_6,8,14,5400,900
loop_2056_circuit_no_condition_2_1_6,8,15,5398,900
loop_2056_circuit_no_condition_2_1_6,8,0,5412,1000
loop_2056_circuit_no_condition_2_1_6,8,1,5411,1000
loop_2056_circuit_no_condition_2_1_6,8,2,5404,1000
loop_2056_circuit_no_condition_2_1_6,8,3,5407,1000
loop_2056_circuit_no_condition_2_1_6,8,4,5410,1000
loop_2056_circuit_no_condition_2_1_6,8,5,5426,1000
loop_2056_circuit_no_condition_2_1_6,8,6,5414,1000
loop_2056_circuit_no_condition_2_1_6,8,7,5403,1000
loop_2056_circuit_no_condition_2_1_6,8,8,5417,1000
loop_2056_circuit_no_condition_2_1_6,8,9,5408,1000
loop_2056_circuit_no_condition_2_1_6,8,10,5410,1000
loop_2056_circuit_no_condition_2_1_6,8,11,5404,1000
loop_2056_circuit_no_condition_2_1_6,8,12,5405,1000
loop_2056_circuit_no_condition_2_1_6,8,13,5409,1000
loop_2056_circuit_no_condition_2_1_6,8,14,5408,1000
loop_2056_circuit_no_condition_2_1_6,8,15,5405,1000
loop_2056_circuit_no_condition_2_1_6,8,0,5429,1101
loop_2056_circuit_no_condition_2_1_6,8,1,5414,1101
loop_2056_circuit_no_condition_2_1_6,8,2,5408,1101
loop_2056_circuit_no_condition_2_1_6,8,3,5426,1101
loop_2056_circuit_no_condition_2_1_6,8,4,5407,1101
loop_2056_circuit_no_condition_2_1_6,8,5,5411,1101
loop_2056_circuit_no_condition_2_1_6,8,6,5416,1101
loop_2056_circuit_no_condition_2_1_6,8,7,5415,1101
loop_2056_circuit_no_condition_2_1_6,8,8,5406,1101
loop_2056_circuit_no_condition_2_1_6,8,9,5409,1101
loop_2056_circuit_no_condition_2_1_6,8,10,5409,1101
loop_2056_circuit_no_condition_2_1_6,8,11,5411,1101
loop_2056_circuit_no_condition_2_1_6,8,12,5408,1101
loop_2056_circuit_no_condition_2_1_6,8,13,5406,1101
loop_2056_circuit_no_condition_2_1_6,8,14,5421,1101
loop_2056_circuit_no_condition_2_1_6,8,15,5408,1101
loop_2056_circuit_no_condition_2_1_6,8,0,5413,1201
loop_2056_circuit_no_condition_2_1_6,8,1,5408,1201
loop_2056_circuit_no_condition_2_1_6,8,2,5414,1201
loop_2056_circuit_no_condition_2_1_6,8,3,5419,1201
loop_2056_circuit_no_condition_2_1_6,8,4,5409,1201
loop_2056_circuit_no_condition_2_1_6,8,5,5407,1201
loop_2056_circuit_no_condition_2_1_6,8,6,5424,1201
loop_2056_circuit_no_condition_2_1_6,8,7,5406,1201
loop_2056_circuit_no_condition_2_1_6,8,8,5409,1201
loop_2056_circuit_no_condition_2_1_6,8,9,5410,1201
loop_2056_circuit_no_condition_2_1_6,8,10,5408,1201
loop_2056_circuit_no_condition_2_1_6,8,11,5407,1201
loop_2056_circuit_no_condition_2_1_6,8,12,5408,1201
loop_2056_circuit_no_condition_2_1_6,8,13,5408,1201
loop_2056_circuit_no_condition_2_1_6,8,14,5412,1201
loop_2056_circuit_no_condition_2_1_6,8,15,5411,1201
loop_2056_circuit_no_condition_2_1_6,8,0,5411,1300
loop_2056_circuit_no_condition_2_1_6,8,1,5406,1300
loop_2056_circuit_no_condition_2_1_6,8,2,5405,1300
loop_2056_circuit_no_condition_2_1_6,8,3,5416,1300
loop_2056_circuit_no_condition_2_1_6,8,4,5404,1300
loop_2056_circuit_no_condition_2_1_6,8,5,5426,1300
loop_2056_circuit_no_condition_2_1_6,8,6,5417,1300
loop_2056_circuit_no_condition_2_1_6,8,7,5416,1300
loop_2056_circuit_no_condition_2_1_6,8,8,5412,1300
loop_2056_circuit_no_condition_2_1_6,8,9,5403,1300
loop_2056_circuit_no_condition_2_1_6,8,10,5416,1300
loop_2056_circuit_no_condition_2_1_6,8,11,5406,1300
loop_2056_circuit_no_condition_2_1_6,8,12,5406,1300
loop_2056_circuit_no_condition_2_1_6,8,13,5404,1300
loop_2056_circuit_no_condition_2_1_6,8,14,5406,1300
loop_2056_circuit_no_condition_2_1_6,8,15,5406,1300
loop_2056_circuit_no_condition_2_1_6,8,0,5404,1400
loop_2056_circuit_no_condition_2_1_6,8,1,5403,1400
loop_2056_circuit_no_condition_2_1_6,8,2,5410,1400
loop_2056_circuit_no_condition_2_1_6,8,3,5407,1400
loop_2056_circuit_no_condition_2_1_6,8,4,5403,1400
loop_2056_circuit_no_condition_2_1_6,8,5,5422,1400
loop_2056_circuit_no_condition_2_1_6,8,6,5404,1400
loop_2056_circuit_no_condition_2_1_6,8,7,5404,1400
loop_2056_circuit_no_condition_2_1_6,8,8,5399,1400
loop_2056_circuit_no_condition_2_1_6,8,9,5397,1400
loop_2056_circuit_no_condition_2_1_6,8,10,5410,1400
loop_2056_circuit_no_condition_2_1_6,8,11,5409,1400
loop_2056_circuit_no_condition_2_1_6,8,12,5403,1400
loop_2056_circuit_no_condition_2_1_6,8,13,5397,1400
loop_2056_circuit_no_condition_2_1_6,8,14,5414,1400
loop_2056_circuit_no_condition_2_1_6,8,15,5402,1400
loop_2056_circuit_no_condition_2_1_6,8,0,5395,1501
loop_2056_circuit_no_condition_2_1_6,8,1,5397,1501
loop_2056_circuit_no_condition_2_1_6,8,2,5403,1501
loop_2056_circuit_no_condition_2_1_6,8,3,5437,1501
loop_2056_circuit_no_condition_2_1_6,8,4,5397,1501
loop_2056_circuit_no_condition_2_1_6,8,5,5426,1501
loop_2056_circuit_no_condition_2_1_6,8,6,5357,1501
loop_2056_circuit_no_condition_2_1_6,8,7,5406,1501
loop_2056_circuit_no_condition_2_1_6,8,8,5394,1501
loop_2056_circuit_no_condition_2_1_6,8,9,5398,1501
loop_2056_circuit_no_condition_2_1_6,8,10,5408,1501
loop_2056_circuit_no_condition_2_1_6,8,11,5396,1501
loop_2056_circuit_no_condition_2_1_6,8,12,5378,1501
loop_2056_circuit_no_condition_2_1_6,8,13,5398,1501
loop_2056_circuit_no_condition_2_1_6,8,14,5394,1501
loop_2056_circuit_no_condition_2_1_6,8,15,5400,1501
loop_2056_circuit_no_condition_2_1_6,8,0,5427,1601
loop_2056_circuit_no_condition_2_1_6,8,1,5424,1601
loop_2056_circuit_no_condition_2_1_6,8,2,5414,1601
loop_2056_circuit_no_condition_2_1_6,8,3,5425,1601
loop_2056_circuit_no_condition_2_1_6,8,4,5383,1601
loop_2056_circuit_no_condition_2_1_6,8,5,5422,1601
loop_2056_circuit_no_condition_2_1_6,8,6,5417,1601
loop_2056_circuit_no_condition_2_1_6,8,7,5426,1601
loop_2056_circuit_no_condition_2_1_6,8,8,5421,1601
loop_2056_circuit_no_condition_2_1_6,8,9,5419,1601
loop_2056_circuit_no_condition_2_1_6,8,10,5408,1601
loop_2056_circuit_no_condition_2_1_6,8,11,5428,1601
loop_2056_circuit_no_condition_2_1_6,8,12,5424,1601
loop_2056_circuit_no_condition_2_1_6,8,13,5395,1601
loop_2056_circuit_no_condition_2_1_6,8,14,5397,1601
loop_2056_circuit_no_condition_2_1_6,8,15,5358,1601
loop_2056_circuit_no_condition_2_1_6,9,0,5428,1
loop_2056_circuit_no_condition_2_1_6,9,1,5414,1
loop_2056_circuit_no_condition_2_1_6,9,2,5422,1
loop_2056_circuit_no_condition_2_1_6,9,3,5417,1
loop_2056_circuit_no_condition_2_1_6,9,4,5428,1
loop_2056_circuit_no_condition_2_1_6,9,5,5425,1
loop_2056_circuit_no_condition_2_1_6,9,6,5416,1
loop_2056_circuit_no_condition_2_1_6,9,7,5421,1
loop_2056_circuit_no_condition_2_1_6,9,8,5316,1
loop_2056_circuit_no_condition_2_1_6,9,9,5419,1
loop_2056_circuit_no_condition_2_1_6,9,10,5424,1
loop_2056_circuit_no_condition_2_1_6,9,11,624,1
loop_2056_circuit_no_condition_2_1_6,9,12,624,1
loop_2056_circuit_no_condition_2_1_6,9,13,624,1
loop_2056_circuit_no_condition_2_1_6,9,14,5419,1
loop_2056_circuit_no_condition_2_1_6,9,15,5127,1
loop_2056_circuit_no_condition_2_1_6,9,0,5401,101
loop_2056_circuit_no_condition_2_1_6,9,1,5412,101
loop_2056_circuit_no_condition_2_1_6,9,2,5427,101
loop_2056_circuit_no_condition_2_1_6,9,3,5418,101
loop_2056_circuit_no_condition_2_1_6,9,4,5416,101
loop_2056_circuit_no_condition_2_1_6,9,5,5412,101
loop_2056_circuit_no_condition_2_1_6,9,6,5400,101
loop_2056_circuit_no_condition_2_1_6,9,7,5378,101
loop_2056_circuit_no_condition_2_1_6,9,8,5421,101
loop_2056_circuit_no_condition_2_1_6,9,9,5403,101
loop_2056_circuit_no_condition_2_1_6,9,10,5402,101
loop_2056_circuit_no_condition_2_1_6,9,11,5421,101
loop_2056_circuit_no_condition_2_1_6,9,12,5416,101
loop_2056_circuit_no_condition_2_1_6,9,13,5408,101
loop_2056_circuit_no_condition_2_1_6,9,14,5396,101
loop_2056_circuit_no_condition_2_1_6,9,15,5425,101
loop_2056_circuit_no_condition_2_1_6,9,0,5408,200
loop_2056_circuit_no_condition_2_1_6,9,1,5391,200
loop_2056_circuit_no_condition_2_1_6,9,2,5421,200
loop_2056_circuit_no_condition_2_1_6,9,3,5417,200
loop_2056_circuit_no_condition_2_1_6,9,4,5423,200
loop_2056_circuit_no_condition_2_1_6,9,5,5428,200
loop_2056_circuit_no_condition_2_1_6,9,6,5415,200
loop_2056_circuit_no_condition_2_1_6,9,7,5429,200
loop_2056_circuit_no_condition_2_1_6,9,8,5391,200
loop_2056_circuit_no_condition_2_1_6,9,9,5423,200
loop_2056_circuit_no_condition_2_1_6,9,10,5429,200
loop_2056_circuit_no_condition_2_1_6,9,11,5420,200
loop_2056_circuit_no_condition_2_1_6,9,12,5402,200
loop_2056_circuit_no_condition_2_1_6,9,13,5419,200
loop_2056_circuit_no_condition_2_1_6,9,14,5424,200
loop_2056_circuit_no_condition_2_1_6,9,15,5416,200
loop_2056_circuit_no_condition_2_1_6,9,0,5458,300
loop_2056_circuit_no_condition_2_1_6,9,1,624,300
loop_2056_circuit_no_condition_2_1_6,9,2,624,300
loop_2056_circuit_no_condition_2_1_6,9,3,5426,300
loop_2056_circuit_no_condition_2_1_6,9,4,624,300
loop_2056_circuit_no_condition_2_1_6,9,5,5428,300
loop_2056_circuit_no_condition_2_1_6,9,6,624,300
loop_2056_circuit_no_condition_2_1_6,9,7,624,300
loop_2056_circuit_no_condition_2_1_6,9,8,624,300
loop_2056_circuit_no_condition_2_1_6,9,9,624,300
loop_2056_circuit_no_condition_2_1_6,9,10,624,300
loop_2056_circuit_no_condition_2_1_6,9,11,624,300
loop_2056_circuit_no_condition_2_1_6,9,12,624,300
loop_2056_circuit_no_condition_2_1_6,9,13,624,300
loop_2056_circuit_no_condition_2_1_6,9,14,624,300
loop_2056_circuit_no_condition_2_1_6,9,15,5427,300
loop_2056_circuit_no_condition_2_1_6,9,0,5423,401
loop_2056_circuit_no_condition_2_1_6,9,1,624,401
loop_2056_circuit_no_condition_2_1_6,9,2,624,401
loop_2056_circuit_no_condition_2_1_6,9,3,624,401
loop_2056_circuit_no_condition_2_1_6,9,4,624,401
loop_2056_circuit_no_condition_2_1_6,9,5,5433,401
loop_2056_circuit_no_condition_2_1_6,9,6,624,401
loop_2056_circuit_no_condition_2_1_6,9,7,624,401
loop_2056_circuit_no_condition_2_1_6,9,8,624,401
loop_2056_circuit_no_condition_2_1_6,9,9,624,401
loop_2056_circuit_no_condition_2_1_6,9,10,624,401
loop_2056_circuit_no_condition_2_1_6,9,11,624,401
loop_2056_circuit_no_condition_2_1_6,9,12,624,401
loop_2056_circuit_no_condition_2_1_6,9,13,624,401
loop_2056_circuit_no_condition_2_1_6,9,14,624,401
loop_2056_circuit_no_condition_2_1_6,9,15,624,401
loop_2056_circuit_no_condition_2_1_6,9,0,624,501
loop_2056_circuit_no_condition_2_1_6,9,1,4951,501
loop_2056_circuit_no_condition_2_1_6,9,2,624,501
loop_2056_circuit_no_condition_2_1_6,9,3,624,501
loop_2056_circuit_no_condition_2_1_6,9,4,5442,501
loop_2056_circuit_no_condition_2_1_6,9,5,5432,501
loop_2056_circuit_no_condition_2_1_6,9,6,624,501
loop_2056_circuit_no_condition_2_1_6,9,7,5428,501
loop_2056_circuit_no_condition_2_1_6,9,8,624,501
loop_2056_circuit_no_condition_2_1_6,9,9,624,501
loop_2056_circuit_no_condition_2_1_6,9,10,3885,501
loop_2056_circuit_no_condition_2_1_6,9,11,624,501
loop_2056_circuit_no_condition_2_1_6,9,12,624,501
loop_2056_circuit_no_condition_2_1_6,9,13,624,501
loop_2056_circuit_no_condition_2_1_6,9,14,624,501
loop_2056_circuit_no_condition_2_1_6,9,15,624,501
loop_2056_circuit_no_condition_2_1_6,9,0,5404,601
loop_2056_circuit_no_condition_2_1_6,9,1,5414,601
loop_2056_circuit_no_condition_2_1_6,9,2,5406,601
loop_2056_circuit_no_condition_2_1_6,9,3,5424,601
loop_2056_circuit_no_condition_2_1_6,9,4,5406,601
loop_2056_circuit_no_condition_2_1_6,9,5,5424,601
loop_2056_circuit_no_condition_2_1_6,9,6,5404,601
loop_2056_circuit_no_condition_2_1_6,9,7,5406,601
loop_2056_circuit_no_condition_2_1_6,9,8,5407,601
loop_2056_circuit_no_condition_2_1_6,9,9,5412,601
loop_2056_circuit_no_condition_2_1_6,9,10,5403,601
loop_2056_circuit_no_condition_2_1_6,9,11,5418,601
loop_2056_circuit_no_condition_2_1_6,9,12,5406,601
loop_2056_circuit_no_condition_2_1_6,9,13,5405,601
loop_2056_circuit_no_condition_2_1_6,9,14,5403,601
loop_2056_circuit_no_condition_2_1_6,9,15,5406,601
loop_2056_circuit_no_condition_2_1_6,9,0,5403,700
loop_2056_circuit_no_condition_2_1_6,9,1,5404,700
loop_2056_circuit_no_condition_2_1_6,9,2,5409,700
loop_2056_circuit_no_condition_2_1_6,9,3,5415,700
loop_2056_circuit_no_condition_2_1_6,9,4,5425,700
loop_2056_circuit_no_condition_2_1_6,9,5,5402,700
loop_2056_circuit_no_condition_2_1_6,9,6,5417,700
loop_2056_circuit_no_condition_2_1_6,9,7,5400,700
loop_2056_circuit_no_condition_2_1_6,9,8,5399,700
loop_2056_circuit_no_condition_2_1_6,9,9,5409,700
loop_2056_circuit_no_condition_2_1_6,9,10,5407,700
loop_2056_circuit_no_condition_2_1_6,9,11,5407,700
loop_2056_circuit_no_condition_2_1_6,9,12,5402,700
loop_2056_circuit_no_condition_2_1_6,9,13,5401,700
loop_2056_circuit_no_condition_2_1_6,9,14,5405,700
loop_2056_circuit_no_condition_2_1_6,9,15,5402,700
loop_2056_circuit_no_condition_2_1_6,9,0,5397,800
loop_2056_circuit_no_condition_2_1_6,9,1,5406,800
loop_2056_circuit_no_condition_2_1_6,9,2,5402,800
loop_2056_circuit_no_condition_2_1_6,9,3,5406,800
loop_2056_circuit_no_condition_2_1_6,9,4,5403,800
loop_2056_circuit_no_condition_2_1_6,9,5,5420,800
loop_2056_circuit_no_condition_2_1_6,9,6,5412,800
loop_2056_circuit_no_condition_2_1_6,9,7,5398,800
loop_2056_circuit_no_condition_2_1_6,9,8,5400,800
loop_2056_circuit_no_condition_2_1_6,9,9,5405,800
loop_2056_circuit_no_condition_2_1_6,9,10,5400,800
loop_2056_circuit_no_condition_2_1_6,9,11,5404,800
loop_2056_circuit_no_condition_2_1_6,9,12,5415,800
loop_2056_circuit_no_condition_2_1_6,9,13,5403,800
loop_2056_circuit_no_condition_2_1_6,9,14,5413,800
loop_2056_circuit_no_condition_2_1_6,9,15,5398,800
loop_2056_circuit_no_condition_2_1_6,9,0,5400,900
loop_2056_circuit_no_condition_2_1_6,9,1,5404,900
loop_2056_circuit_no_condition_2_1_6,9,2,5406,900
loop_2056_circuit_no_condition_2_1_6,9,3,5403,900
loop_2056_circuit_no_condition_2_1_6,9,4,5414,900
loop_2056_circuit_no_condition_2_1_6,9,5,5421,900
loop_2056_circuit_no_condition_2_1_6,9,6,5398,900
loop_2056_circuit_no_condition_2_1_6,9,7,5400,900
loop_2056_circuit_no_condition_2_1_6,9,8,5403,900
loop_2056_circuit_no_condition_2_1_6,9,9,5401,900
loop_2056_circuit_no_condition_2_1_6,9,10,5406,900
loop_2056_circuit_no_condition_2_1_6,9,11,5405,900
loop_2056_circuit_no_condition_2_1_6,9,12,5410,900
loop_2056_circuit_no_condition_2_1_6,9,13,5400,900
loop_2056_circuit_no_condition_2_1_6,9,14,5400,900
loop_2056_circuit_no_condition_2_1_6,9,15,5399,900
loop_2056_circuit_no_condition_2_1_6,9,0,5404,1001
loop_2056_circuit_no_condition_2_1_6,9,1,5406,1001
loop_2056_circuit_no_condition_2_1_6,9,2,5406,1001
loop_2056_circuit_no_condition_2_1_6,9,3,5411,1001
loop_2056_circuit_no_condition_2_1_6,9,4,5403,1001
loop_2056_circuit_no_condition_2_1_6,9,5,5411,1001
loop_2056_circuit_no_condition_2_1_6,9,6,5427,1001
loop_2056_circuit_no_condition_2_1_6,9,7,5402,1001
loop_2056_circuit_no_condition_2_1_6,9,8,5406,1001
loop_2056_circuit_no_condition_2_1_6,9,9,5416,1001
loop_2056_circuit_no_condition_2_1_6,9,10,5404,1001
loop_2056_circuit_no_condition_2_1_6,9,11,5413,1001
loop_2056_circuit_no_condition_2_1_6,9,12,5406,1001
loop_2056_circuit_no_condition_2_1_6,9,13,5403,1001
loop_2056_circuit_no_condition_2_1_6,9,14,5408,1001
loop_2056_circuit_no_condition_2_1_6,9,15,5403,1001
loop_2056_circuit_no_condition_2_1_6,9,0,5399,1101
loop_2056_circuit_no_condition_2_1_6,9,1,5400,1101
loop_2056_circuit_no_condition_2_1_6,9,2,5400,1101
loop_2056_circuit_no_condition_2_1_6,9,3,5401,1101
loop_2056_circuit_no_condition_2_1_6,9,4,5399,1101
loop_2056_circuit_no_condition_2_1_6,9,5,5421,1101
loop_2056_circuit_no_condition_2_1_6,9,6,5399,1101
loop_2056_circuit_no_condition_2_1_6,9,7,5406,1101
loop_2056_circuit_no_condition_2_1_6,9,8,5403,1101
loop_2056_circuit_no_condition_2_1_6,9,9,5402,1101
loop_2056_circuit_no_condition_2_1_6,9,10,5402,1101
loop_2056_circuit_no_condition_2_1_6,9,11,5402,1101
loop_2056_circuit_no_condition_2_1_6,9,12,5398,1101
loop_2056_circuit_no_condition_2_1_6,9,13,5400,1101
loop_2056_circuit_no_condition_2_1_6,9,14,5401,1101
loop_2056_circuit_no_condition_2_1_6,9,15,5398,1101
loop_2056_circuit_no_condition_2_1_6,9,0,5405,1200
loop_2056_circuit_no_condition_2_1_6,9,1,5404,1200
loop_2056_circuit_no_condition_2_1_6,9,2,5403,1200
loop_2056_circuit_no_condition_2_1_6,9,3,5413,1200
loop_2056_circuit_no_condition_2_1_6,9,4,5427,1200
loop_2056_circuit_no_condition_2_1_6,9,5,5418,1200
loop_2056_circuit_no_condition_2_1_6,9,6,5410,1200
loop_2056_circuit_no_condition_2_1_6,9,7,5404,1200
loop_2056_circuit_no_condition_2_1_6,9,8,5409,1200
loop_2056_circuit_no_condition_2_1_6,9,9,5410,1200
loop_2056_circuit_no_condition_2_1_6,9,10,5403,1200
loop_2056_circuit_no_condition_2_1_6,9,11,5416,1200
loop_2056_circuit_no_condition_2_1_6,9,12,5408,1200
loop_2056_circuit_no_condition_2_1_6,9,13,5420,1200
loop_2056_circuit_no_condition_2_1_6,9,14,5407,1200
loop_2056_circuit_no_condition_2_1_6,9,15,5404,1200
loop_2056_circuit_no_condition_2_1_6,9,0,5402,1300
loop_2056_circuit_no_condition_2_1_6,9,1,5398,1300
loop_2056_circuit_no_condition_2_1_6,9,2,5398,1300
loop_2056_circuit_no_condition_2_1_6,9,3,5410,1300
loop_2056_circuit_no_condition_2_1_6,9,4,5423,1300
loop_2056_circuit_no_condition_2_1_6,9,5,5402,1300
loop_2056_circuit_no_condition_2_1_6,9,6,5401,1300
loop_2056_circuit_no_condition_2_1_6,9,7,5398,1300
loop_2056_circuit_no_condition_2_1_6,9,8,5399,1300
loop_2056_circuit_no_condition_2_1_6,9,9,5398,1300
loop_2056_circuit_no_condition_2_1_6,9,10,5409,1300
loop_2056_circuit_no_condition_2_1_6,9,11,5402,1300
loop_2056_circuit_no_condition_2_1_6,9,12,5402,1300
loop_2056_circuit_no_condition_2_1_6,9,13,5400,1300
loop_2056_circuit_no_condition_2_1_6,9,14,5398,1300
loop_2056_circuit_no_condition_2_1_6,9,15,5398,1300
loop_2056_circuit_no_condition_2_1_6,9,0,5396,1400
loop_2056_circuit_no_condition_2_1_6,9,1,5397,1400
loop_2056_circuit_no_condition_2_1_6,9,2,5404,1400
loop_2056_circuit_no_condition_2_1_6,9,3,5410,1400
loop_2056_circuit_no_condition_2_1_6,9,4,5419,1400
loop_2056_circuit_no_condition_2_1_6,9,5,5400,1400
loop_2056_circuit_no_condition_2_1_6,9,6,5396,1400
loop_2056_circuit_no_condition_2_1_6,9,7,5415,1400
loop_2056_circuit_no_condition_2_1_6,9,8,5396,1400
loop_2056_circuit_no_condition_2_1_6,9,9,5399,1400
loop_2056_circuit_no_condition_2_1_6,9,10,5396,1400
loop_2056_circuit_no_condition_2_1_6,9,11,5395,1400
loop_2056_circuit_no_condition_2_1_6,9,12,5399,1400
loop_2056_circuit_no_condition_2_1_6,9,13,5398,1400
loop_2056_circuit_no_condition_2_1_6,9,14,5395,1400
loop_2056_circuit_no_condition_2_1_6,9,15,5401,1400
loop_2056_circuit_no_condition_2_1_6,9,0,5417,1500
loop_2056_circuit_no_condition_2_1_6,9,1,5408,1500
loop_2056_circuit_no_condition_2_1_6,9,2,5424,1500
loop_2056_circuit_no_condition_2_1_6,9,3,5410,1500
loop_2056_circuit_no_condition_2_1_6,9,4,5430,1500
loop_2056_circuit_no_condition_2_1_6,9,5,5407,1500
loop_2056_circuit_no_condition_2_1_6,9,6,5409,1500
loop_2056_circuit_no_condition_2_1_6,9,7,5409,1500
loop_2056_circuit_no_condition_2_1_6,9,8,5422,1500
loop_2056_circuit_no_condition_2_1_6,9,9,5426,1500
loop_2056_circuit_no_condition_2_1_6,9,10,5390,1500
loop_2056_circuit_no_condition_2_1_6,9,11,5410,1500
loop_2056_circuit_no_condition_2_1_6,9,12,5431,1500
loop_2056_circuit_no_condition_2_1_6,9,13,5415,1500
loop_2056_circuit_no_condition_2_1_6,9,14,5421,1500
loop_2056_circuit_no_condition_2_1_6,9,15,5408,1500
loop_2056_circuit_no_condition_2_1_6,9,0,5320,1601
loop_2056_circuit_no_condition_2_1_6,9,1,5414,1601
loop_2056_circuit_no_condition_2_1_6,9,2,5396,1601
loop_2056_circuit_no_condition_2_1_6,9,3,5329,1601
loop_2056_circuit_no_condition_2_1_6,9,4,5409,1601
loop_2056_circuit_no_condition_2_1_6,9,5,5351,1601
loop_2056_circuit_no_condition_2_1_6,9,6,5413,1601
loop_2056_circuit_no_condition_2_1_6,9,7,5428,1601
loop_2056_circuit_no_condition_2_1_6,9,8,5348,1601
loop_2056_circuit_no_condition_2_1_6,9,9,5370,1601
loop_2056_circuit_no_condition_2_1_6,9,10,5424,1601
loop_2056_circuit_no_condition_2_1_6,9,11,5305,1601
loop_2056_circuit_no_condition_2_1_6,9,12,5382,1601
loop_2056_circuit_no_condition_2_1_6,9,13,5406,1601
loop_2056_circuit_no_condition_2_1_6,9,14,5391,1601
loop_2056_circuit_no_condition_2_1_6,9,15,5420,1601
loop_2056_circuit_no_condition_2_1_6,10,0,5431,1
loop_2056_circuit_no_condition_2_1_6,10,1,5428,1
loop_2056_circuit_no_condition_2_1_6,10,2,5426,1
loop_2056_circuit_no_condition_2_1_6,10,3,5428,1
loop_2056_circuit_no_condition_2_1_6,10,4,5430,1
loop_2056_circuit_no_condition_2_1_6,10,5,5423,1
loop_2056_circuit_no_condition_2_1_6,10,6,5428,1
loop_2056_circuit_no_condition_2_1_6,10,7,5430,1
loop_2056_circuit_no_condition_2_1_6,10,8,5427,1
loop_2056_circuit_no_condition_2_1_6,10,9,5382,1
loop_2056_circuit_no_condition_2_1_6,10,10,5429,1
loop_2056_circuit_no_condition_2_1_6,10,11,5417,1
loop_2056_circuit_no_condition_2_1_6,10,12,5431,1
loop_2056_circuit_no_condition_2_1_6,10,13,624,1
loop_2056_circuit_no_condition_2_1_6,10,14,5426,1
loop_2056_circuit_no_condition_2_1_6,10,15,5429,1
loop_2056_circuit_no_condition_2_1_6,10,0,5413,101
loop_2056_circuit_no_condition_2_1_6,10,1,5343,101
loop_2056_circuit_no_condition_2_1_6,10,2,5383,101
loop_2056_circuit_no_condition_2_1_6,10,3,5305,101
loop_2056_circuit_no_condition_2_1_6,10,4,5394,101
loop_2056_circuit_no_condition_2_1_6,10,5,5426,101
loop_2056_circuit_no_condition_2_1_6,10,6,5328,101
loop_2056_circuit_no_condition_2_1_6,10,7,5357,101
loop_2056_circuit_no_condition_2_1_6,10,8,5355,101
loop_2056_circuit_no_condition_2_1_6,10,9,5372,101
loop_2056_circuit_no_condition_2_1_6,10,10,5367,101
loop_2056_circuit_no_condition_2_1_6,10,11,5412,101
loop_2056_circuit_no_condition_2_1_6,10,12,5329,101
loop_2056_circuit_no_condition_2_1_6,10,13,5409,101
loop_2056_circuit_no_condition_2_1_6,10,14,5362,101
loop_2056_circuit_no_condition_2_1_6,10,15,5352,101
loop_2056_circuit_no_condition_2_1_6,10,0,5402,201
loop_2056_circuit_no_condition_2_1_6,10,1,5365,201
loop_2056_circuit_no_condition_2_1_6,10,2,4901,201
loop_2056_circuit_no_condition_2_1_6,10,3,5304,201
loop_2056_circuit_no_condition_2_1_6,10,4,5423,201
loop_2056_circuit_no_condition_2_1_6,10,5,5412,201
loop_2056_circuit_no_condition_2_1_6,10,6,5447,201
loop_2056_circuit_no_condition_2_1_6,10,7,5395,201
loop_2056_circuit_no_condition_2_1_6,10,8,5353,201
loop_2056_circuit_no_condition_2_1_6,10,9,5419,201
loop_2056_circuit_no_condition_2_1_6,10,10,5410,201
loop_2056_circuit_no_condition_2_1_6,10,11,5357,201
loop_2056_circuit_no_condition_2_1_6,10,12,5376,201
loop_2056_circuit_no_condition_2_1_6,10,13,5415,201
loop_2056_circuit_no_condition_2_1_6,10,14,5378,201
loop_2056_circuit_no_condition_2_1_6,10,15,5421,201
loop_2056_circuit_no_condition_2_1_6,10,0,624,300
loop_2056_circuit_no_condition_2_1_6,10,1,4242,300
loop_2056_circuit_no_condition_2_1_6,10,2,624,300
loop_2056_circuit_no_condition_2_1_6,10,3,624,300
loop_2056_circuit_no_condition_2_1_6,10,4,5423,300
loop_2056_circuit_no_condition_2_1_6,10,5,5422,300
loop_2056_circuit_no_condition_2_1_6,10,6,624,300
loop_2056_circuit_no_condition_2_1_6,10,7,5421,300
loop_2056_circuit_no_condition_2_1_6,10,8,5420,300
loop_2056_circuit_no_condition_2_1_6,10,9,624,300
loop_2056_circuit_no_condition_2_1_6,10,10,624,300
loop_2056_circuit_no_condition_2_1_6,10,11,624,300
loop_2056_circuit_no_condition_2_1_6,10,12,5422,300
loop_2056_circuit_no_condition_2_1_6,10,13,5416,300
loop_2056_circuit_no_condition_2_1_6,10,14,4719,300
loop_2056_circuit_no_condition_2_1_6,10,15,4611,300
loop_2056_circuit_no_condition_2_1_6,10,0,624,400
loop_2056_circuit_no_condition_2_1_6,10,1,4669,400
loop_2056_circuit_no_condition_2_1_6,10,2,4516,400
loop_2056_circuit_no_condition_2_1_6,10,3,4588,400
loop_2056_circuit_no_condition_2_1_6,10,4,624,400
loop_2056_circuit_no_condition_2_1_6,10,5,624,400
loop_2056_circuit_no_condition_2_1_6,10,6,624,400
loop_2056_circuit_no_condition_2_1_6,10,7,624,400
loop_2056_circuit_no_condition_2_1_6,10,8,624,400
loop_2056_circuit_no_condition_2_1_6,10,9,624,400
loop_2056_circuit_no_condition_2_1_6,10,10,624,400
loop_2056_circuit_no_condition_2_1_6,10,11,624,400
loop_2056_circuit_no_condition_2_1_6,10,12,5433,400
loop_2056_circuit_no_condition_2_1_6,10,13,624,400
loop_2056_circuit_no_condition_2_1_6,10,14,624,400
loop_2056_circuit_no_condition_2_1_6,10,15,5140,400
loop_2056_circuit_no_condition_2_1_6,10,0,5261,500
loop_2056_circuit_no_condition_2_1_6,10,1,4276,500
loop_2056_circuit_no_condition_2_1_6,10,2,624,500
loop_2056_circuit_no_condition_2_1_6,10,3,4051,500
loop_2056_circuit_no_condition_2_1_6,10,4,624,500
loop_2056_circuit_no_condition_2_1_6,10,5,5386,500
loop_2056_circuit_no_condition_2_1_6,10,6,624,500
loop_2056_circuit_no_condition_2_1_6,10,7,4614,500
loop_2056_circuit_no_condition_2_1_6,10,8,624,500
loop_2056_circuit_no_condition_2_1_6,10,9,624,500
loop_2056_circuit_no_condition_2_1_6,10,10,624,500
loop_2056_circuit_no_condition_2_1_6,10,11,624,500
loop_2056_circuit_no_condition_2_1_6,10,12,5431,500
loop_2056_circuit_no_condition_2_1_6,10,13,624,500
loop_2056_circuit_no_condition_2_1_6,10,14,624,500
loop_2056_circuit_no_condition_2_1_6,10,15,5233,500
loop_2056_circuit_no_condition_2_1_6,10,0,5421,600
loop_2056_circuit_no_condition_2_1_6,10,1,5417,600
loop_2056_circuit_no_condition_2_1_6,10,2,5415,600
loop_2056_circuit_no_condition_2_1_6,10,3,5418,600
loop_2056_circuit_no_condition_2_1_6,10,4,5424,600
loop_2056_circuit_no_condition_2_1_6,10,5,5417,600
loop_2056_circuit_no_condition_2_1_6,10,6,5417,600
loop_2056_circuit_no_condition_2_1_6,10,7,5416,600
loop_2056_circuit_no_condition_2_1_6,10,8,5422,600
loop_2056_circuit_no_condition_2_1_6,10,9,5417,600
loop_2056_circuit_no_condition_2_1_6,10,10,5417,600
loop_2056_circuit_no_condition_2_1_6,10,11,5424,600
loop_2056_circuit_no_condition_2_1_6,10,12,5419,600
loop_2056_circuit_no_condition_2_1_6,10,13,5416,600
loop_2056_circuit_no_condition_2_1_6,10,14,5416,600
loop_2056_circuit_no_condition_2_1_6,10,15,5416,600
loop_2056_circuit_no_condition_2_1_6,10,0,5413,700
loop_2056_circuit_no_condition_2_1_6,10,1,5419,700
loop_2056_circuit_no_condition_2_1_6,10,2,5413,700
loop_2056_circuit_no_condition_2_1_6,10,3,5413,700
loop_2056_circuit_no_condition_2_1_6,10,4,5422,700
loop_2056_circuit_no_condition_2_1_6,10,5,5414,700
loop_2056_circuit_no_condition_2_1_6,10,6,5413,700
loop_2056_circuit_no_condition_2_1_6,10,7,5413,700
loop_2056_circuit_no_condition_2_1_6,10,8,5414,700
loop_2056_circuit_no_condition_2_1_6,10,9,5420,700
loop_2056_circuit_no_condition_2_1_6,10,10,5413,700
loop_2056_circuit_no_condition_2_1_6,10,11,5413,700
loop_2056_circuit_no_condition_2_1_6,10,12,5414,700
loop_2056_circuit_no_condition_2_1_6,10,13,5414,700
loop_2056_circuit_no_condition_2_1_6,10,14,5414,700
loop_2056_circuit_no_condition_2_1_6,10,15,5414,700
loop_2056_circuit_no_condition_2_1_6,10,0,5419,801
loop_2056_circuit_no_condition_2_1_6,10,1,5419,801
loop_2056_circuit_no_condition_2_1_6,10,2,5420,801
loop_2056_circuit_no_condition_2_1_6,10,3,5419,801
loop_2056_circuit_no_condition_2_1_6,10,4,5426,801
loop_2056_circuit_no_condition_2_1_6,10,5,5420,801
loop_2056_circuit_no_condition_2_1_6,10,6,5419,801
loop_2056_circuit_no_condition_2_1_6,10,7,5419,801
loop_2056_circuit_no_condition_2_1_6,10,8,5419,801
loop_2056_circuit_no_condition_2_1_6,10,9,5419,801
loop_2056_circuit_no_condition_2_1_6,10,10,5417,801
loop_2056_circuit_no_condition_2_1_6,10,11,5419,801
loop_2056_circuit_no_condition_2_1_6,10,12,5418,801
loop_2056_circuit_no_condition_2_1_6,10,13,5418,801
loop_2056_circuit_no_condition_2_1_6,10,14,5420,801
loop_2056_circuit_no_condition_2_1_6,10,15,5418,801
loop_2056_circuit_no_condition_2_1_6,10,0,5429,900
loop_2056_circuit_no_condition_2_1_6,10,1,5422,900
loop_2056_circuit_no_condition_2_1_6,10,2,5419,900
loop_2056_circuit_no_condition_2_1_6,10,3,5421,900
loop_2056_circuit_no_condition_2_1_6,10,4,5422,900
loop_2056_circuit_no_condition_2_1_6,10,5,5420,900
loop_2056_circuit_no_condition_2_1_6,10,6,5421,900
loop_2056_circuit_no_condition_2_1_6,10,7,5423,900
loop_2056_circuit_no_condition_2_1_6,10,8,5421,900
loop_2056_circuit_no_condition_2_1_6,10,9,5421,900
loop_2056_circuit_no_condition_2_1_6,10,10,5422,900
loop_2056_circuit_no_condition_2_1_6,10,11,5421,900
loop_2056_circuit_no_condition_2_1_6,10,12,5419,900
loop_2056_circuit_no_condition_2_1_6,10,13,5421,900
loop_2056_circuit_no_condition_2_1_6,10,14,5421,900
loop_2056_circuit_no_condition_2_1_6,10,15,5421,900
loop_2056_circuit_no_condition_2_1_6,10,0,5416,1000
loop_2056_circuit_no_condition_2_1_6,10,1,5417,1000
loop_2056_circuit_no_condition_2_1_6,10,2,5418,1000
loop_2056_circuit_no_condition_2_1_6,10,3,5416,1000
loop_2056_circuit_no_condition_2_1_6,10,4,5417,1000
loop_2056_circuit_no_condition_2_1_6,10,5,5419,1000
loop_2056_circuit_no_condition_2_1_6,10,6,5416,1000
loop_2056_circuit_no_condition_2_1_6,10,7,5417,1000
loop_2056_circuit_no_condition_2_1_6,10,8,5417,1000
loop_2056_circuit_no_condition_2_1_6,10,9,5419,1000
loop_2056_circuit_no_condition_2_1_6,10,10,5417,1000
loop_2056_circuit_no_condition_2_1_6,10,11,5417,1000
loop_2056_circuit_no_condition_2_1_6,10,12,5422,1000
loop_2056_circuit_no_condition_2_1_6,10,13,5417,1000
loop_2056_circuit_no_condition_2_1_6,10,14,5417,1000
loop_2056_circuit_no_condition_2_1_6,10,15,5417,1000
loop_2056_circuit_no_condition_2_1_6,10,0,5413,1100
loop_2056_circuit_no_condition_2_1_6,10,1,5415,1100
loop_2056_circuit_no_condition_2_1_6,10,2,5422,1100
loop_2056_circuit_no_condition_2_1_6,10,3,5420,1100
loop_2056_circuit_no_condition_2_1_6,10,4,5418,1100
loop_2056_circuit_no_condition_2_1_6,10,5,5413,1100
loop_2056_circuit_no_condition_2_1_6,10,6,5416,1100
loop_2056_circuit_no_condition_2_1_6,10,7,5413,1100
loop_2056_circuit_no_condition_2_1_6,10,8,5419,1100
loop_2056_circuit_no_condition_2_1_6,10,9,5417,1100
loop_2056_circuit_no_condition_2_1_6,10,10,5412,1100
loop_2056_circuit_no_condition_2_1_6,10,11,5413,1100
loop_2056_circuit_no_condition_2_1_6,10,12,5414,1100
loop_2056_circuit_no_condition_2_1_6,10,13,5413,1100
loop_2056_circuit_no_condition_2_1_6,10,14,5413,1100
loop_2056_circuit_no_condition_2_1_6,10,15,5419,1100
loop_2056_circuit_no_condition_2_1_6,10,0,5421,1200
loop_2056_circuit_no_condition_2_1_6,10,1,5421,1200
loop_2056_circuit_no_condition_2_1_6,10,2,5422,1200
loop_2056_circuit_no_condition_2_1_6,10,3,5421,1200
loop_2056_circuit_no_condition_2_1_6,10,4,5414,1200
loop_2056_circuit_no_condition_2_1_6,10,5,5425,1200
loop_2056_circuit_no_condition_2_1_6,10,6,5419,1200
loop_2056_circuit_no_condition_2_1_6,10,7,5421,1200
loop_2056_circuit_no_condition_2_1_6,10,8,5421,1200
loop_2056_circuit_no_condition_2_1_6,10,9,5420,1200
loop_2056_circuit_no_condition_2_1_6,10,10,5421,1200
loop_2056_circuit_no_condition_2_1_6,10,11,5420,1200
loop_2056_circuit_no_condition_2_1_6,10,12,5419,1200
loop_2056_circuit_no_condition_2_1_6,10,13,5421,1200
loop_2056_circuit_no_condition_2_1_6,10,14,5420,1200
loop_2056_circuit_no_condition_2_1_6,10,15,5421,1200
loop_2056_circuit_no_condition_2_1_6,10,0,5416,1301
loop_2056_circuit_no_condition_2_1_6,10,1,5416,1301
loop_2056_circuit_no_condition_2_1_6,10,2,5417,1301
loop_2056_circuit_no_condition_2_1_6,10,3,5418,1301
loop_2056_circuit_no_condition_2_1_6,10,4,5419,1301
loop_2056_circuit_no_condition_2_1_6,10,5,5420,1301
loop_2056_circuit_no_condition_2_1_6,10,6,5416,1301
loop_2056_circuit_no_condition_2_1_6,10,7,5417,1301
loop_2056_circuit_no_condition_2_1_6,10,8,5421,1301
loop_2056_circuit_no_condition_2_1_6,10,9,5417,1301
loop_2056_circuit_no_condition_2_1_6,10,10,5416,1301
loop_2056_circuit_no_condition_2_1_6,10,11,5419,1301
loop_2056_circuit_no_condition_2_1_6,10,12,5417,1301
loop_2056_circuit_no_condition_2_1_6,10,13,5416,1301
loop_2056_circuit_no_condition_2_1_6,10,14,5415,1301
loop_2056_circuit_no_condition_2_1_6,10,15,5416,1301
loop_2056_circuit_no_condition_2_1_6,10,0,5419,1400
loop_2056_circuit_no_condition_2_1_6,10,1,5415,1400
loop_2056_circuit_no_condition_2_1_6,10,2,5415,1400
loop_2056_circuit_no_condition_2_1_6,10,3,5416,1400
loop_2056_circuit_no_condition_2_1_6,10,4,5415,1400
loop_2056_circuit_no_condition_2_1_6,10,5,5420,1400
loop_2056_circuit_no_condition_2_1_6,10,6,5416,1400
loop_2056_circuit_no_condition_2_1_6,10,7,5415,1400
loop_2056_circuit_no_condition_2_1_6,10,8,5417,1400
loop_2056_circuit_no_condition_2_1_6,10,9,5415,1400
loop_2056_circuit_no_condition_2_1_6,10,10,5417,1400
loop_2056_circuit_no_condition_2_1_6,10,11,5416,1400
loop_2056_circuit_no_condition_2_1_6,10,12,5415,1400
loop_2056_circuit_no_condition_2_1_6,10,13,5415,1400
loop_2056_circuit_no_condition_2_1_6,10,14,5417,1400
loop_2056_circuit_no_condition_2_1_6,10,15,5419,1400
loop_2056_circuit_no_condition_2_1_6,10,0,5417,1500
loop_2056_circuit_no_condition_2_1_6,10,1,5417,1500
loop_2056_circuit_no_condition_2_1_6,10,2,5418,1500
loop_2056_circuit_no_condition_2_1_6,10,3,5418,1500
loop_2056_circuit_no_condition_2_1_6,10,4,5422,1500
loop_2056_circuit_no_condition_2_1_6,10,5,5417,1500
loop_2056_circuit_no_condition_2_1_6,10,6,5425,1500
loop_2056_circuit_no_condition_2_1_6,10,7,5418,1500
loop_2056_circuit_no_condition_2_1_6,10,8,5417,1500
loop_2056_circuit_no_condition_2_1_6,10,9,5418,1500
loop_2056_circuit_no_condition_2_1_6,10,10,5417,1500
loop_2056_circuit_no_condition_2_1_6,10,11,5417,1500
loop_2056_circuit_no_condition_2_1_6,10,12,5424,1500
loop_2056_circuit_no_condition_2_1_6,10,13,5417,1500
loop_2056_circuit_no_condition_2_1_6,10,14,5418,1500
loop_2056_circuit_no_condition_2_1_6,10,15,5418,1500
loop_2056_circuit_no_condition_2_1_6,10,0,5413,1600
loop_2056_circuit_no_condition_2_1_6,10,1,5414,1600
loop_2056_circuit_no_condition_2_1_6,10,2,5413,1600
loop_2056_circuit_no_condition_2_1_6,10,3,5414,1600
loop_2056_circuit_no_condition_2_1_6,10,4,5423,1600
loop_2056_circuit_no_condition_2_1_6,10,5,5414,1600
loop_2056_circuit_no_condition_2_1_6,10,6,5417,1600
loop_2056_circuit_no_condition_2_1_6,10,7,5414,1600
loop_2056_circuit_no_condition_2_1_6,10,8,5414,1600
loop_2056_circuit_no_condition_2_1_6,10,9,5414,1600
loop_2056_circuit_no_condition_2_1_6,10,10,5413,1600
loop_2056_circuit_no_condition_2_1_6,10,11,5414,1600
loop_2056_circuit_no_condition_2_1_6,10,12,5414,1600
loop_2056_circuit_no_condition_2_1_6,10,13,5413,1600
loop_2056_circuit_no_condition_2_1_6,10,14,5417,1600
loop_2056_circuit_no_condition_2_1_6,10,15,5415,1600
loop_2056_circuit_no_condition_2_1_6,10,0,5416,1701
loop_2056_circuit_no_condition_2_1_6,10,1,5415,1701
loop_2056_circuit_no_condition_2_1_6,10,2,5415,1701
loop_2056_circuit_no_condition_2_1_6,10,3,5414,1701
loop_2056_circuit_no_condition_2_1_6,10,4,5414,1701
loop_2056_circuit_no_condition_2_1_6,10,5,5423,1701
loop_2056_circuit_no_condition_2_1_6,10,6,5414,1701
loop_2056_circuit_no_condition_2_1_6,10,7,5417,1701
loop_2056_circuit_no_condition_2_1_6,10,8,5417,1701
loop_2056_circuit_no_condition_2_1_6,10,9,5416,1701
loop_2056_circuit_no_condition_2_1_6,10,10,5415,1701
loop_2056_circuit_no_condition_2_1_6,10,11,5415,1701
loop_2056_circuit_no_condition_2_1_6,10,12,5415,1701
loop_2056_circuit_no_condition_2_1_6,10,13,5415,1701
loop_2056_circuit_no_condition_2_1_6,10,14,5417,1701
loop_2056_circuit_no_condition_2_1_6,10,15,5415,1701
loop_2056_circuit_no_condition_2_1_6,10,0,5416,1801
loop_2056_circuit_no_condition_2_1_6,10,1,5413,1801
loop_2056_circuit_no_condition_2_1_6,10,2,5414,1801
loop_2056_circuit_no_condition_2_1_6,10,3,5413,1801
loop_2056_circuit_no_condition_2_1_6,10,4,5413,1801
loop_2056_circuit_no_condition_2_1_6,10,5,5418,1801
loop_2056_circuit_no_condition_2_1_6,10,6,5414,1801
loop_2056_circuit_no_condition_2_1_6,10,7,5413,1801
loop_2056_circuit_no_condition_2_1_6,10,8,5414,1801
loop_2056_circuit_no_condition_2_1_6,10,9,5413,1801
loop_2056_circuit_no_condition_2_1_6,10,10,5414,1801
loop_2056_circuit_no_condition_2_1_6,10,11,5413,1801
loop_2056_circuit_no_condition_2_1_6,10,12,5413,1801
loop_2056_circuit_no_condition_2_1_6,10,13,5414,1801
loop_2056_circuit_no_condition_2_1_6,10,14,5414,1801
loop_2056_circuit_no_condition_2_1_6,10,15,5413,1801
loop_2056_circuit_no_condition_2_1_6,10,0,5419,1900
loop_2056_circuit_no_condition_2_1_6,10,1,5416,1900
loop_2056_circuit_no_condition_2_1_6,10,2,5415,1900
loop_2056_circuit_no_condition_2_1_6,10,3,5385,1900
loop_2056_circuit_no_condition_2_1_6,10,4,5416,1900
loop_2056_circuit_no_condition_2_1_6,10,5,5419,1900
loop_2056_circuit_no_condition_2_1_6,10,6,5420,1900
loop_2056_circuit_no_condition_2_1_6,10,7,5423,1900
loop_2056_circuit_no_condition_2_1_6,10,8,5417,1900
loop_2056_circuit_no_condition_2_1_6,10,9,5424,1900
loop_2056_circuit_no_condition_2_1_6,10,10,5419,1900
loop_2056_circuit_no_condition_2_1_6,10,11,5417,1900
loop_2056_circuit_no_condition_2_1_6,10,12,5401,1900
loop_2056_circuit_no_condition_2_1_6,10,13,5433,1900
loop_2056_circuit_no_condition_2_1_6,10,14,5419,1900
loop_2056_circuit_no_condition_2_1_6,10,15,5420,1900
loop_2056_circuit_no_condition_2_1_6,10,0,5424,2000
loop_2056_circuit_no_condition_2_1_6,10,1,5421,2000
loop_2056_circuit_no_condition_2_1_6,10,2,5427,2000
loop_2056_circuit_no_condition_2_1_6,10,3,5414,2000
loop_2056_circuit_no_condition_2_1_6,10,4,5344,2000
loop_2056_circuit_no_condition_2_1_6,10,5,5419,2000
loop_2056_circuit_no_condition_2_1_6,10,6,5425,2000
loop_2056_circuit_no_condition_2_1_6,10,7,5430,2000
loop_2056_circuit_no_condition_2_1_6,10,8,5404,2000
loop_2056_circuit_no_condition_2_1_6,10,9,5385,2000
loop_2056_circuit_no_condition_2_1_6,10,10,624,2000
loop_2056_circuit_no_condition_2_1_6,10,11,5421,2000
loop_2056_circuit_no_condition_2_1_6,10,12,5429,2000
loop_2056_circuit_no_condition_2_1_6,10,13,5375,2000
loop_2056_circuit_no_condition_2_1_6,10,14,624,2000
loop_2056_circuit_no_condition_2_1_6,10,15,624,2000
loop_2056_circuit_no_condition_2_1_6,11,0,5429,1
loop_2056_circuit_no_condition_2_1_6,11,1,5428,1
loop_2056_circuit_no_condition_2_1_6,11,2,5430,1
loop_2056_circuit_no_condition_2_1_6,11,3,5422,1
loop_2056_circuit_no_condition_2_1_6,11,4,5426,1
loop_2056_circuit_no_condition_2_1_6,11,5,5428,1
loop_2056_circuit_no_condition_2_1_6,11,6,5416,1
loop_2056_circuit_no_condition_2_1_6,11,7,5391,1
loop_2056_circuit_no_condition_2_1_6,11,8,5425,1
loop_2056_circuit_no_condition_2_1_6,11,9,5391,1
loop_2056_circuit_no_condition_2_1_6,11,10,624,1
loop_2056_circuit_no_condition_2_1_6,11,11,5417,1
loop_2056_circuit_no_condition_2_1_6,11,12,5429,1
loop_2056_circuit_no_condition_2_1_6,11,13,624,1
loop_2056_circuit_no_condition_2_1_6,11,14,5386,1
loop_2056_circuit_no_condition_2_1_6,11,15,5420,1
loop_2056_circuit_no_condition_2_1_6,11,0,5422,101
loop_2056_circuit_no_condition_2_1_6,11,1,5414,101
loop_2056_circuit_no_condition_2_1_6,11,2,5392,101
loop_2056_circuit_no_condition_2_1_6,11,3,5410,101
loop_2056_circuit_no_condition_2_1_6,11,4,5423,101
loop_2056_circuit_no_condition_2_1_6,11,5,5424,101
loop_2056_circuit_no_condition_2_1_6,11,6,5413,101
loop_2056_circuit_no_condition_2_1_6,11,7,5421,101
loop_2056_circuit_no_condition_2_1_6,11,8,5419,101
loop_2056_circuit_no_condition_2_1_6,11,9,5420,101
loop_2056_circuit_no_condition_2_1_6,11,10,5416,101
loop_2056_circuit_no_condition_2_1_6,11,11,5388,101
loop_2056_circuit_no_condition_2_1_6,11,12,5413,101
loop_2056_circuit_no_condition_2_1_6,11,13,5425,101
loop_2056_circuit_no_condition_2_1_6,11,14,5419,101
loop_2056_circuit_no_condition_2_1_6,11,15,5422,101
loop_2056_circuit_no_condition_2_1_6,11,0,5418,201
loop_2056_circuit_no_condition_2_1_6,11,1,5419,201
loop_2056_circuit_no_condition_2_1_6,11,2,5423,201
loop_2056_circuit_no_condition_2_1_6,11,3,5415,201
loop_2056_circuit_no_condition_2_1_6,11,4,5404,201
loop_2056_circuit_no_condition_2_1_6,11,5,5429,201
loop_2056_circuit_no_condition_2_1_6,11,6,5390,201
loop_2056_circuit_no_condition_2_1_6,11,7,5419,201
loop_2056_circuit_no_condition_2_1_6,11,8,5416,201
loop_2056_circuit_no_condition_2_1_6,11,9,5415,201
loop_2056_circuit_no_condition_2_1_6,11,10,5424,201
loop_2056_circuit_no_condition_2_1_6,11,11,5425,201
loop_2056_circuit_no_condition_2_1_6,11,12,5422,201
loop_2056_circuit_no_condition_2_1_6,11,13,5427,201
loop_2056_circuit_no_condition_2_1_6,11,14,5377,201
loop_2056_circuit_no_condition_2_1_6,11,15,5415,201
loop_2056_circuit_no_condition_2_1_6,11,0,624,301
loop_2056_circuit_no_condition_2_1_6,11,1,624,301
loop_2056_circuit_no_condition_2_1_6,11,2,624,301
loop_2056_circuit_no_condition_2_1_6,11,3,624,301
loop_2056_circuit_no_condition_2_1_6,11,4,624,301
loop_2056_circuit_no_condition_2_1_6,11,5,624,301
loop_2056_circuit_no_condition_2_1_6,11,6,624,301
loop_2056_circuit_no_condition_2_1_6,11,7,624,301
loop_2056_circuit_no_condition_2_1_6,11,8,624,301
loop_2056_circuit_no_condition_2_1_6,11,9,624,301
loop_2056_circuit_no_condition_2_1_6,11,10,624,301
loop_2056_circuit_no_condition_2_1_6,11,11,624,301
loop_2056_circuit_no_condition_2_1_6,11,12,5430,301
loop_2056_circuit_no_condition_2_1_6,11,13,624,301
loop_2056_circuit_no_condition_2_1_6,11,14,624,301
loop_2056_circuit_no_condition_2_1_6,11,15,624,301
loop_2056_circuit_no_condition_2_1_6,11,0,624,401
loop_2056_circuit_no_condition_2_1_6,11,1,624,401
loop_2056_circuit_no_condition_2_1_6,11,2,624,401
loop_2056_circuit_no_condition_2_1_6,11,3,624,401
loop_2056_circuit_no_condition_2_1_6,11,4,624,401
loop_2056_circuit_no_condition_2_1_6,11,5,624,401
loop_2056_circuit_no_condition_2_1_6,11,6,624,401
loop_2056_circuit_no_condition_2_1_6,11,7,624,401
loop_2056_circuit_no_condition_2_1_6,11,8,624,401
loop_2056_circuit_no_condition_2_1_6,11,9,624,401
loop_2056_circuit_no_condition_2_1_6,11,10,624,401
loop_2056_circuit_no_condition_2_1_6,11,11,624,401
loop_2056_circuit_no_condition_2_1_6,11,12,5434,401
loop_2056_circuit_no_condition_2_1_6,11,13,624,401
loop_2056_circuit_no_condition_2_1_6,11,14,624,401
loop_2056_circuit_no_condition_2_1_6,11,15,624,401
loop_2056_circuit_no_condition_2_1_6,11,0,624,501
loop_2056_circuit_no_condition_2_1_6,11,1,624,501
loop_2056_circuit_no_condition_2_1_6,11,2,624,501
loop_2056_circuit_no_condition_2_1_6,11,3,4803,501
loop_2056_circuit_no_condition_2_1_6,11,4,624,501
loop_2056_circuit_no_condition_2_1_6,11,5,624,501
loop_2056_circuit_no_condition_2_1_6,11,6,3090,501
loop_2056_circuit_no_condition_2_1_6,11,7,624,501
loop_2056_circuit_no_condition_2_1_6,11,8,624,501
loop_2056_circuit_no_condition_2_1_6,11,9,624,501
loop_2056_circuit_no_condition_2_1_6,11,10,624,501
loop_2056_circuit_no_condition_2_1_6,11,11,624,501
loop_2056_circuit_no_condition_2_1_6,11,12,5431,501
loop_2056_circuit_no_condition_2_1_6,11,13,624,501
loop_2056_circuit_no_condition_2_1_6,11,14,624,501
loop_2056_circuit_no_condition_2_1_6,11,15,624,501
loop_2056_circuit_no_condition_2_1_6,11,0,5413,601
loop_2056_circuit_no_condition_2_1_6,11,1,5414,601
loop_2056_circuit_no_condition_2_1_6,11,2,5413,601
loop_2056_circuit_no_condition_2_1_6,11,3,5412,601
loop_2056_circuit_no_condition_2_1_6,11,4,5409,601
loop_2056_circuit_no_condition_2_1_6,11,5,5410,601
loop_2056_circuit_no_condition_2_1_6,11,6,5412,601
loop_2056_circuit_no_condition_2_1_6,11,7,5412,601
loop_2056_circuit_no_condition_2_1_6,11,8,5419,601
loop_2056_circuit_no_condition_2_1_6,11,9,5410,601
loop_2056_circuit_no_condition_2_1_6,11,10,5408,601
loop_2056_circuit_no_condition_2_1_6,11,11,5412,601
loop_2056_circuit_no_condition_2_1_6,11,12,5410,601
loop_2056_circuit_no_condition_2_1_6,11,13,5427,601
loop_2056_circuit_no_condition_2_1_6,11,14,5408,601
loop_2056_circuit_no_condition_2_1_6,11,15,5410,601
loop_2056_circuit_no_condition_2_1_6,11,0,5402,701
loop_2056_circuit_no_condition_2_1_6,11,1,5406,701
loop_2056_circuit_no_condition_2_1_6,11,2,5413,701
loop_2056_circuit_no_condition_2_1_6,11,3,5409,701
loop_2056_circuit_no_condition_2_1_6,11,4,5423,701
loop_2056_circuit_no_condition_2_1_6,11,5,5401,701
loop_2056_circuit_no_condition_2_1_6,11,6,5402,701
loop_2056_circuit_no_condition_2_1_6,11,7,5407,701
loop_2056_circuit_no_condition_2_1_6,11,8,5404,701
loop_2056_circuit_no_condition_2_1_6,11,9,5412,701
loop_2056_circuit_no_condition_2_1_6,11,10,5402,701
loop_2056_circuit_no_condition_2_1_6,11,11,5409,701
loop_2056_circuit_no_condition_2_1_6,11,12,5405,701
loop_2056_circuit_no_condition_2_1_6,11,13,5405,701
loop_2056_circuit_no_condition_2_1_6,11,14,5403,701
loop_2056_circuit_no_condition_2_1_6,11,15,5402,701
loop_2056_circuit_no_condition_2_1_6,11,0,5402,801
loop_2056_circuit_no_condition_2_1_6,11,1,5407,801
loop_2056_circuit_no_condition_2_1_6,11,2,5406,801
loop_2056_circuit_no_condition_2_1_6,11,3,5409,801
loop_2056_circuit_no_condition_2_1_6,11,4,5411,801
loop_2056_circuit_no_condition_2_1_6,11,5,5407,801
loop_2056_circuit_no_condition_2_1_6,11,6,5410,801
loop_2056_circuit_no_condition_2_1_6,11,7,5416,801
loop_2056_circuit_no_condition_2_1_6,11,8,5409,801
loop_2056_circuit_no_condition_2_1_6,11,9,5414,801
loop_2056_circuit_no_condition_2_1_6,11,10,5413,801
loop_2056_circuit_no_condition_2_1_6,11,11,5413,801
loop_2056_circuit_no_condition_2_1_6,11,12,5411,801
loop_2056_circuit_no_condition_2_1_6,11,13,5427,801
loop_2056_circuit_no_condition_2_1_6,11,14,5407,801
loop_2056_circuit_no_condition_2_1_6,11,15,5407,801
loop_2056_circuit_no_condition_2_1_6,11,0,5413,901
loop_2056_circuit_no_condition_2_1_6,11,1,5411,901
loop_2056_circuit_no_condition_2_1_6,11,2,5398,901
loop_2056_circuit_no_condition_2_1_6,11,3,5399,901
loop_2056_circuit_no_condition_2_1_6,11,4,5398,901
loop_2056_circuit_no_condition_2_1_6,11,5,5401,901
loop_2056_circuit_no_condition_2_1_6,11,6,5401,901
loop_2056_circuit_no_condition_2_1_6,11,7,5398,901
loop_2056_circuit_no_condition_2_1_6,11,8,5409,901
loop_2056_circuit_no_condition_2_1_6,11,9,5414,901
loop_2056_circuit_no_condition_2_1_6,11,10,5404,901
loop_2056_circuit_no_condition_2_1_6,11,11,5410,901
loop_2056_circuit_no_condition_2_1_6,11,12,5419,901
loop_2056_circuit_no_condition_2_1_6,11,13,5398,901
loop_2056_circuit_no_condition_2_1_6,11,14,5414,901
loop_2056_circuit_no_condition_2_1_6,11,15,5401,901
loop_2056_circuit_no_condition_2_1_6,11,0,5418,1001
loop_2056_circuit_no_condition_2_1_6,11,1,5401,1001
loop_2056_circuit_no_condition_2_1_6,11,2,5404,1001
loop_2056_circuit_no_condition_2_1_6,11,3,5411,1001
loop_2056_circuit_no_condition_2_1_6,11,4,5405,1001
loop_2056_circuit_no_condition_2_1_6,11,5,5404,1001
loop_2056_circuit_no_condition_2_1_6,11,6,5412,1001
loop_2056_circuit_no_condition_2_1_6,11,7,5407,1001
loop_2056_circuit_no_condition_2_1_6,11,8,5405,1001
loop_2056_circuit_no_condition_2_1_6,11,9,5412,1001
loop_2056_circuit_no_condition_2_1_6,11,10,5405,1001
loop_2056_circuit_no_condition_2_1_6,11,11,5414,1001
loop_2056_circuit_no_condition_2_1_6,11,12,5402,1001
loop_2056_circuit_no_condition_2_1_6,11,13,5412,1001
loop_2056_circuit_no_condition_2_1_6,11,14,5412,1001
loop_2056_circuit_no_condition_2_1_6,11,15,5406,1001
loop_2056_circuit_no_condition_2_1_6,11,0,5402,1101
loop_2056_circuit_no_condition_2_1_6,11,1,5407,1101
loop_2056_circuit_no_condition_2_1_6,11,2,5398,1101
loop_2056_circuit_no_condition_2_1_6,11,3,5409,1101
loop_2056_circuit_no_condition_2_1_6,11,4,5394,1101
loop_2056_circuit_no_condition_2_1_6,11,5,5400,1101
loop_2056_circuit_no_condition_2_1_6,11,6,5397,1101
loop_2056_circuit_no_condition_2_1_6,11,7,5400,1101
loop_2056_circuit_no_condition_2_1_6,11,8,5407,1101
loop_2056_circuit_no_condition_2_1_6,11,9,5402,1101
loop_2056_circuit_no_condition_2_1_6,11,10,5400,1101
loop_2056_circuit_no_condition_2_1_6,11,11,5396,1101
loop_2056_circuit_no_condition_2_1_6,11,12,5395,1101
loop_2056_circuit_no_condition_2_1_6,11,13,5418,1101
loop_2056_circuit_no_condition_2_1_6,11,14,5399,1101
loop_2056_circuit_no_condition_2_1_6,11,15,5400,1101
loop_2056_circuit_no_condition_2_1_6,11,0,5404,1201
loop_2056_circuit_no_condition_2_1_6,11,1,5402,1201
loop_2056_circuit_no_condition_2_1_6,11,2,5414,1201
loop_2056_circuit_no_condition_2_1_6,11,3,5408,1201
loop_2056_circuit_no_condition_2_1_6,11,4,5413,1201
loop_2056_circuit_no_condition_2_1_6,11,5,5406,1201
loop_2056_circuit_no_condition_2_1_6,11,6,5412,1201
loop_2056_circuit_no_condition_2_1_6,11,7,5404,1201
loop_2056_circuit_no_condition_2_1_6,11,8,5404,1201
loop_2056_circuit_no_condition_2_1_6,11,9,5407,1201
loop_2056_circuit_no_condition_2_1_6,11,10,5406,1201
loop_2056_circuit_no_condition_2_1_6,11,11,5409,1201
loop_2056_circuit_no_condition_2_1_6,11,12,5407,1201
loop_2056_circuit_no_condition_2_1_6,11,13,5424,1201
loop_2056_circuit_no_condition_2_1_6,11,14,5407,1201
loop_2056_circuit_no_condition_2_1_6,11,15,5408,1201
loop_2056_circuit_no_condition_2_1_6,11,0,5408,1301
loop_2056_circuit_no_condition_2_1_6,11,1,5412,1301
loop_2056_circuit_no_condition_2_1_6,11,2,5411,1301
loop_2056_circuit_no_condition_2_1_6,11,3,5403,1301
loop_2056_circuit_no_condition_2_1_6,11,4,5405,1301
loop_2056_circuit_no_condition_2_1_6,11,5,5425,1301
loop_2056_circuit_no_condition_2_1_6,11,6,5411,1301
loop_2056_circuit_no_condition_2_1_6,11,7,5404,1301
loop_2056_circuit_no_condition_2_1_6,11,8,5403,1301
loop_2056_circuit_no_condition_2_1_6,11,9,5414,1301
loop_2056_circuit_no_condition_2_1_6,11,10,5417,1301
loop_2056_circuit_no_condition_2_1_6,11,11,5405,1301
loop_2056_circuit_no_condition_2_1_6,11,12,5403,1301
loop_2056_circuit_no_condition_2_1_6,11,13,5407,1301
loop_2056_circuit_no_condition_2_1_6,11,14,5408,1301
loop_2056_circuit_no_condition_2_1_6,11,15,5409,1301
loop_2056_circuit_no_condition_2_1_6,11,0,5396,1401
loop_2056_circuit_no_condition_2_1_6,11,1,5404,1401
loop_2056_circuit_no_condition_2_1_6,11,2,5406,1401
loop_2056_circuit_no_condition_2_1_6,11,3,5409,1401
loop_2056_circuit_no_condition_2_1_6,11,4,5419,1401
loop_2056_circuit_no_condition_2_1_6,11,5,5396,1401
loop_2056_circuit_no_condition_2_1_6,11,6,5405,1401
loop_2056_circuit_no_condition_2_1_6,11,7,5396,1401
loop_2056_circuit_no_condition_2_1_6,11,8,5396,1401
loop_2056_circuit_no_condition_2_1_6,11,9,5400,1401
loop_2056_circuit_no_condition_2_1_6,11,10,5411,1401
loop_2056_circuit_no_condition_2_1_6,11,11,5396,1401
loop_2056_circuit_no_condition_2_1_6,11,12,5401,1401
loop_2056_circuit_no_condition_2_1_6,11,13,5402,1401
loop_2056_circuit_no_condition_2_1_6,11,14,5399,1401
loop_2056_circuit_no_condition_2_1_6,11,15,5399,1401
loop_2056_circuit_no_condition_2_1_6,11,0,5409,1501
loop_2056_circuit_no_condition_2_1_6,11,1,5422,1501
loop_2056_circuit_no_condition_2_1_6,11,2,5419,1501
loop_2056_circuit_no_condition_2_1_6,11,3,5418,1501
loop_2056_circuit_no_condition_2_1_6,11,4,5411,1501
loop_2056_circuit_no_condition_2_1_6,11,5,5427,1501
loop_2056_circuit_no_condition_2_1_6,11,6,5410,1501
loop_2056_circuit_no_condition_2_1_6,11,7,5397,1501
loop_2056_circuit_no_condition_2_1_6,11,8,5392,1501
loop_2056_circuit_no_condition_2_1_6,11,9,5411,1501
loop_2056_circuit_no_condition_2_1_6,11,10,5422,1501
loop_2056_circuit_no_condition_2_1_6,11,11,5408,1501
loop_2056_circuit_no_condition_2_1_6,11,12,5409,1501
loop_2056_circuit_no_condition_2_1_6,11,13,5420,1501
loop_2056_circuit_no_condition_2_1_6,11,14,5410,1501
loop_2056_circuit_no_condition_2_1_6,11,15,5411,1501
loop_2056_circuit_no_condition_2_1_6,11,0,5398,1601
loop_2056_circuit_no_condition_2_1_6,11,1,5410,1601
loop_2056_circuit_no_condition_2_1_6,11,2,5390,1601
loop_2056_circuit_no_condition_2_1_6,11,3,5412,1601
loop_2056_circuit_no_condition_2_1_6,11,4,5416,1601
loop_2056_circuit_no_condition_2_1_6,11,5,5351,1601
loop_2056_circuit_no_condition_2_1_6,11,6,5406,1601
loop_2056_circuit_no_condition_2_1_6,11,7,5412,1601
loop_2056_circuit_no_condition_2_1_6,11,8,624,1601
loop_2056_circuit_no_condition_2_1_6,11,9,5367,1601
loop_2056_circuit_no_condition_2_1_6,11,10,624,1601
loop_2056_circuit_no_condition_2_1_6,11,11,5420,1601
loop_2056_circuit_no_condition_2_1_6,11,12,624,1601
loop_2056_circuit_no_condition_2_1_6,11,13,5355,1601
loop_2056_circuit_no_condition_2_1_6,11,14,5414,1601
loop_2056_circuit_no_condition_2_1_6,11,15,5409,1601
loop_2056_circuit_no_condition_2_1_6,12,0,5431,1
loop_2056_circuit_no_condition_2_1_6,12,1,5427,1
loop_2056_circuit_no_condition_2_1_6,12,2,5412,1
loop_2056_circuit_no_condition_2_1_6,12,3,5428,1
loop_2056_circuit_no_condition_2_1_6,12,4,5430,1
loop_2056_circuit_no_condition_2_1_6,12,5,5417,1
loop_2056_circuit_no_condition_2_1_6,12,6,624,1
loop_2056_circuit_no_condition_2_1_6,12,7,3269,1
loop_2056_circuit_no_condition_2_1_6,12,8,624,1
loop_2056_circuit_no_condition_2_1_6,12,9,5414,1
loop_2056_circuit_no_condition_2_1_6,12,10,624,1
loop_2056_circuit_no_condition_2_1_6,12,11,624,1
loop_2056_circuit_no_condition_2_1_6,12,12,5412,1
loop_2056_circuit_no_condition_2_1_6,12,13,5420,1
loop_2056_circuit_no_condition_2_1_6,12,14,5418,1
loop_2056_circuit_no_condition_2_1_6,12,15,624,1
loop_2056_circuit_no_condition_2_1_6,12,0,5411,100
loop_2056_circuit_no_condition_2_1_6,12,1,5415,100
loop_2056_circuit_no_condition_2_1_6,12,2,5426,100
loop_2056_circuit_no_condition_2_1_6,12,3,5430,100
loop_2056_circuit_no_condition_2_1_6,12,4,5428,100
loop_2056_circuit_no_condition_2_1_6,12,5,5419,100
loop_2056_circuit_no_condition_2_1_6,12,6,5428,100
loop_2056_circuit_no_condition_2_1_6,12,7,5428,100
loop_2056_circuit_no_condition_2_1_6,12,8,5421,100
loop_2056_circuit_no_condition_2_1_6,12,9,5305,100
loop_2056_circuit_no_condition_2_1_6,12,10,5411,100
loop_2056_circuit_no_condition_2_1_6,12,11,5383,100
loop_2056_circuit_no_condition_2_1_6,12,12,5423,100
loop_2056_circuit_no_condition_2_1_6,12,13,624,100
loop_2056_circuit_no_condition_2_1_6,12,14,5410,100
loop_2056_circuit_no_condition_2_1_6,12,15,5387,100
loop_2056_circuit_no_condition_2_1_6,12,0,5428,201
loop_2056_circuit_no_condition_2_1_6,12,1,5421,201
loop_2056_circuit_no_condition_2_1_6,12,2,5428,201
loop_2056_circuit_no_condition_2_1_6,12,3,5419,201
loop_2056_circuit_no_condition_2_1_6,12,4,5334,201
loop_2056_circuit_no_condition_2_1_6,12,5,5431,201
loop_2056_circuit_no_condition_2_1_6,12,6,5420,201
loop_2056_circuit_no_condition_2_1_6,12,7,5385,201
loop_2056_circuit_no_condition_2_1_6,12,8,5424,201
loop_2056_circuit_no_condition_2_1_6,12,9,5341,201
loop_2056_circuit_no_condition_2_1_6,12,10,5351,201
loop_2056_circuit_no_condition_2_1_6,12,11,5419,201
loop_2056_circuit_no_condition_2_1_6,12,12,5411,201
loop_2056_circuit_no_condition_2_1_6,12,13,5387,201
loop_2056_circuit_no_condition_2_1_6,12,14,5421,201
loop_2056_circuit_no_condition_2_1_6,12,15,5402,201
loop_2056_circuit_no_condition_2_1_6,12,0,5425,300
loop_2056_circuit_no_condition_2_1_6,12,1,624,300
loop_2056_circuit_no_condition_2_1_6,12,2,5422,300
loop_2056_circuit_no_condition_2_1_6,12,3,624,300
loop_2056_circuit_no_condition_2_1_6,12,4,624,300
loop_2056_circuit_no_condition_2_1_6,12,5,5429,300
loop_2056_circuit_no_condition_2_1_6,12,6,5389,300
loop_2056_circuit_no_condition_2_1_6,12,7,5427,300
loop_2056_circuit_no_condition_2_1_6,12,8,624,300
loop_2056_circuit_no_condition_2_1_6,12,9,5402,300
loop_2056_circuit_no_condition_2_1_6,12,10,5415,300
loop_2056_circuit_no_condition_2_1_6,12,11,5421,300
loop_2056_circuit_no_condition_2_1_6,12,12,5423,300
loop_2056_circuit_no_condition_2_1_6,12,13,5392,300
loop_2056_circuit_no_condition_2_1_6,12,14,5388,300
loop_2056_circuit_no_condition_2_1_6,12,15,5395,300
loop_2056_circuit_no_condition_2_1_6,12,0,624,400
loop_2056_circuit_no_condition_2_1_6,12,1,624,400
loop_2056_circuit_no_condition_2_1_6,12,2,624,400
loop_2056_circuit_no_condition_2_1_6,12,3,624,400
loop_2056_circuit_no_condition_2_1_6,12,4,624,400
loop_2056_circuit_no_condition_2_1_6,12,5,5426,400
loop_2056_circuit_no_condition_2_1_6,12,6,624,400
loop_2056_circuit_no_condition_2_1_6,12,7,624,400
loop_2056_circuit_no_condition_2_1_6,12,8,624,400
loop_2056_circuit_no_condition_2_1_6,12,9,624,400
loop_2056_circuit_no_condition_2_1_6,12,10,5425,400
loop_2056_circuit_no_condition_2_1_6,12,11,624,400
loop_2056_circuit_no_condition_2_1_6,12,12,624,400
loop_2056_circuit_no_condition_2_1_6,12,13,624,400
loop_2056_circuit_no_condition_2_1_6,12,14,624,400
loop_2056_circuit_no_condition_2_1_6,12,15,624,400
loop_2056_circuit_no_condition_2_1_6,12,0,624,500
loop_2056_circuit_no_condition_2_1_6,12,1,624,500
loop_2056_circuit_no_condition_2_1_6,12,2,624,500
loop_2056_circuit_no_condition_2_1_6,12,3,624,500
loop_2056_circuit_no_condition_2_1_6,12,4,5428,500
loop_2056_circuit_no_condition_2_1_6,12,5,4663,500
loop_2056_circuit_no_condition_2_1_6,12,6,624,500
loop_2056_circuit_no_condition_2_1_6,12,7,624,500
loop_2056_circuit_no_condition_2_1_6,12,8,624,500
loop_2056_circuit_no_condition_2_1_6,12,9,624,500
loop_2056_circuit_no_condition_2_1_6,12,10,5426,500
loop_2056_circuit_no_condition_2_1_6,12,11,624,500
loop_2056_circuit_no_condition_2_1_6,12,12,624,500
loop_2056_circuit_no_condition_2_1_6,12,13,624,500
loop_2056_circuit_no_condition_2_1_6,12,14,624,500
loop_2056_circuit_no_condition_2_1_6,12,15,624,500
loop_2056_circuit_no_condition_2_1_6,12,0,5411,600
loop_2056_circuit_no_condition_2_1_6,12,1,5399,600
loop_2056_circuit_no_condition_2_1_6,12,2,5395,600
loop_2056_circuit_no_condition_2_1_6,12,3,5398,600
loop_2056_circuit_no_condition_2_1_6,12,4,5419,600
loop_2056_circuit_no_condition_2_1_6,12,5,5403,600
loop_2056_circuit_no_condition_2_1_6,12,6,5403,600
loop_2056_circuit_no_condition_2_1_6,12,7,5398,600
loop_2056_circuit_no_condition_2_1_6,12,8,5403,600
loop_2056_circuit_no_condition_2_1_6,12,9,5396,600
loop_2056_circuit_no_condition_2_1_6,12,10,5397,600
loop_2056_circuit_no_condition_2_1_6,12,11,5405,600
loop_2056_circuit_no_condition_2_1_6,12,12,5401,600
loop_2056_circuit_no_condition_2_1_6,12,13,5401,600
loop_2056_circuit_no_condition_2_1_6,12,14,5397,600
loop_2056_circuit_no_condition_2_1_6,12,15,5395,600
loop_2056_circuit_no_condition_2_1_6,12,0,5398,700
loop_2056_circuit_no_condition_2_1_6,12,1,5407,700
loop_2056_circuit_no_condition_2_1_6,12,2,5397,700
loop_2056_circuit_no_condition_2_1_6,12,3,5414,700
loop_2056_circuit_no_condition_2_1_6,12,4,5397,700
loop_2056_circuit_no_condition_2_1_6,12,5,5397,700
loop_2056_circuit_no_condition_2_1_6,12,6,5421,700
loop_2056_circuit_no_condition_2_1_6,12,7,5399,700
loop_2056_circuit_no_condition_2_1_6,12,8,5396,700
loop_2056_circuit_no_condition_2_1_6,12,9,5405,700
loop_2056_circuit_no_condition_2_1_6,12,10,5397,700
loop_2056_circuit_no_condition_2_1_6,12,11,5396,700
loop_2056_circuit_no_condition_2_1_6,12,12,5395,700
loop_2056_circuit_no_condition_2_1_6,12,13,5396,700
loop_2056_circuit_no_condition_2_1_6,12,14,5398,700
loop_2056_circuit_no_condition_2_1_6,12,15,5397,700
loop_2056_circuit_no_condition_2_1_6,12,0,5397,800
loop_2056_circuit_no_condition_2_1_6,12,1,5402,800
loop_2056_circuit_no_condition_2_1_6,12,2,5396,800
loop_2056_circuit_no_condition_2_1_6,12,3,5406,800
loop_2056_circuit_no_condition_2_1_6,12,4,5411,800
loop_2056_circuit_no_condition_2_1_6,12,5,5419,800
loop_2056_circuit_no_condition_2_1_6,12,6,5398,800
loop_2056_circuit_no_condition_2_1_6,12,7,5398,800
loop_2056_circuit_no_condition_2_1_6,12,8,5392,800
loop_2056_circuit_no_condition_2_1_6,12,9,5405,800
loop_2056_circuit_no_condition_2_1_6,12,10,5401,800
loop_2056_circuit_no_condition_2_1_6,12,11,5411,800
loop_2056_circuit_no_condition_2_1_6,12,12,5396,800
loop_2056_circuit_no_condition_2_1_6,12,13,5396,800
loop_2056_circuit_no_condition_2_1_6,12,14,5399,800
loop_2056_circuit_no_condition_2_1_6,12,15,5395,800
loop_2056_circuit_no_condition_2_1_6,12,0,5394,901
loop_2056_circuit_no_condition_2_1_6,12,1,5397,901
loop_2056_circuit_no_condition_2_1_6,12,2,5394,901
loop_2056_circuit_no_condition_2_1_6,12,3,5416,901
loop_2056_circuit_no_condition_2_1_6,12,4,5396,901
loop_2056_circuit_no_condition_2_1_6,12,5,5394,901
loop_2056_circuit_no_condition_2_1_6,12,6,5404,901
loop_2056_circuit_no_condition_2_1_6,12,7,5397,901
loop_2056_circuit_no_condition_2_1_6,12,8,5397,901
loop_2056_circuit_no_condition_2_1_6,12,9,5402,901
loop_2056_circuit_no_condition_2_1_6,12,10,5401,901
loop_2056_circuit_no_condition_2_1_6,12,11,5397,901
loop_2056_circuit_no_condition_2_1_6,12,12,5395,901
loop_2056_circuit_no_condition_2_1_6,12,13,5393,901
loop_2056_circuit_no_condition_2_1_6,12,14,5393,901
loop_2056_circuit_no_condition_2_1_6,12,15,5398,901
loop_2056_circuit_no_condition_2_1_6,12,0,5394,1001
loop_2056_circuit_no_condition_2_1_6,12,1,5401,1001
loop_2056_circuit_no_condition_2_1_6,12,2,5409,1001
loop_2056_circuit_no_condition_2_1_6,12,3,5396,1001
loop_2056_circuit_no_condition_2_1_6,12,4,5394,1001
loop_2056_circuit_no_condition_2_1_6,12,5,5418,1001
loop_2056_circuit_no_condition_2_1_6,12,6,5399,1001
loop_2056_circuit_no_condition_2_1_6,12,7,5394,1001
loop_2056_circuit_no_condition_2_1_6,12,8,5393,1001
loop_2056_circuit_no_condition_2_1_6,12,9,5401,1001
loop_2056_circuit_no_condition_2_1_6,12,10,5393,1001
loop_2056_circuit_no_condition_2_1_6,12,11,5399,1001
loop_2056_circuit_no_condition_2_1_6,12,12,5398,1001
loop_2056_circuit_no_condition_2_1_6,12,13,5394,1001
loop_2056_circuit_no_condition_2_1_6,12,14,5396,1001
loop_2056_circuit_no_condition_2_1_6,12,15,5396,1001
loop_2056_circuit_no_condition_2_1_6,12,0,5395,1100
loop_2056_circuit_no_condition_2_1_6,12,1,5395,1100
loop_2056_circuit_no_condition_2_1_6,12,2,5403,1100
loop_2056_circuit_no_condition_2_1_6,12,3,5405,1100
loop_2056_circuit_no_condition_2_1_6,12,4,5403,1100
loop_2056_circuit_no_condition_2_1_6,12,5,5420,1100
loop_2056_circuit_no_condition_2_1_6,12,6,5400,1100
loop_2056_circuit_no_condition_2_1_6,12,7,5396,1100
loop_2056_circuit_no_condition_2_1_6,12,8,5401,1100
loop_2056_circuit_no_condition_2_1_6,12,9,5407,1100
loop_2056_circuit_no_condition_2_1_6,12,10,5397,1100
loop_2056_circuit_no_condition_2_1_6,12,11,5402,1100
loop_2056_circuit_no_condition_2_1_6,12,12,5404,1100
loop_2056_circuit_no_condition_2_1_6,12,13,5397,1100
loop_2056_circuit_no_condition_2_1_6,12,14,5396,1100
loop_2056_circuit_no_condition_2_1_6,12,15,5396,1100
loop_2056_circuit_no_condition_2_1_6,12,0,5399,1200
loop_2056_circuit_no_condition_2_1_6,12,1,5402,1200
loop_2056_circuit_no_condition_2_1_6,12,2,5398,1200
loop_2056_circuit_no_condition_2_1_6,12,3,5413,1200
loop_2056_circuit_no_condition_2_1_6,12,4,5421,1200
loop_2056_circuit_no_condition_2_1_6,12,5,5392,1200
loop_2056_circuit_no_condition_2_1_6,12,6,5394,1200
loop_2056_circuit_no_condition_2_1_6,12,7,5398,1200
loop_2056_circuit_no_condition_2_1_6,12,8,5395,1200
loop_2056_circuit_no_condition_2_1_6,12,9,5397,1200
loop_2056_circuit_no_condition_2_1_6,12,10,5401,1200
loop_2056_circuit_no_condition_2_1_6,12,11,5397,1200
loop_2056_circuit_no_condition_2_1_6,12,12,5398,1200
loop_2056_circuit_no_condition_2_1_6,12,13,5404,1200
loop_2056_circuit_no_condition_2_1_6,12,14,5397,1200
loop_2056_circuit_no_condition_2_1_6,12,15,5412,1200
loop_2056_circuit_no_condition_2_1_6,12,0,5414,1301
loop_2056_circuit_no_condition_2_1_6,12,1,5404,1301
loop_2056_circuit_no_condition_2_1_6,12,2,5403,1301
loop_2056_circuit_no_condition_2_1_6,12,3,5416,1301
loop_2056_circuit_no_condition_2_1_6,12,4,5408,1301
loop_2056_circuit_no_condition_2_1_6,12,5,5418,1301
loop_2056_circuit_no_condition_2_1_6,12,6,5408,1301
loop_2056_circuit_no_condition_2_1_6,12,7,5407,1301
loop_2056_circuit_no_condition_2_1_6,12,8,5395,1301
loop_2056_circuit_no_condition_2_1_6,12,9,5402,1301
loop_2056_circuit_no_condition_2_1_6,12,10,5404,1301
loop_2056_circuit_no_condition_2_1_6,12,11,5415,1301
loop_2056_circuit_no_condition_2_1_6,12,12,5427,1301
loop_2056_circuit_no_condition_2_1_6,12,13,5406,1301
loop_2056_circuit_no_condition_2_1_6,12,14,5408,1301
loop_2056_circuit_no_condition_2_1_6,12,15,5406,1301
loop_2056_circuit_no_condition_2_1_6,12,0,5395,1401
loop_2056_circuit_no_condition_2_1_6,12,1,5392,1401
loop_2056_circuit_no_condition_2_1_6,12,2,5397,1401
loop_2056_circuit_no_condition_2_1_6,12,3,5403,1401
loop_2056_circuit_no_condition_2_1_6,12,4,5397,1401
loop_2056_circuit_no_condition_2_1_6,12,5,5400,1401
loop_2056_circuit_no_condition_2_1_6,12,6,5394,1401
loop_2056_circuit_no_condition_2_1_6,12,7,5400,1401
loop_2056_circuit_no_condition_2_1_6,12,8,5408,1401
loop_2056_circuit_no_condition_2_1_6,12,9,5394,1401
loop_2056_circuit_no_condition_2_1_6,12,10,5393,1401
loop_2056_circuit_no_condition_2_1_6,12,11,5398,1401
loop_2056_circuit_no_condition_2_1_6,12,12,5393,1401
loop_2056_circuit_no_condition_2_1_6,12,13,5419,1401
loop_2056_circuit_no_condition_2_1_6,12,14,5403,1401
loop_2056_circuit_no_condition_2_1_6,12,15,5394,1401
loop_2056_circuit_no_condition_2_1_6,12,0,5400,1501
loop_2056_circuit_no_condition_2_1_6,12,1,5429,1501
loop_2056_circuit_no_condition_2_1_6,12,2,5401,1501
loop_2056_circuit_no_condition_2_1_6,12,3,5404,1501
loop_2056_circuit_no_condition_2_1_6,12,4,5404,1501
loop_2056_circuit_no_condition_2_1_6,12,5,5425,1501
loop_2056_circuit_no_condition_2_1_6,12,6,5408,1501
loop_2056_circuit_no_condition_2_1_6,12,7,5403,1501
loop_2056_circuit_no_condition_2_1_6,12,8,5385,1501
loop_2056_circuit_no_condition_2_1_6,12,9,5431,1501
loop_2056_circuit_no_condition_2_1_6,12,10,5418,1501
loop_2056_circuit_no_condition_2_1_6,12,11,5403,1501
loop_2056_circuit_no_condition_2_1_6,12,12,5407,1501
loop_2056_circuit_no_condition_2_1_6,12,13,5431,1501
loop_2056_circuit_no_condition_2_1_6,12,14,5412,1501
loop_2056_circuit_no_condition_2_1_6,12,15,5405,1501
loop_2056_circuit_no_condition_2_1_6,12,0,5431,1600
loop_2056_circuit_no_condition_2_1_6,12,1,624,1600
loop_2056_circuit_no_condition_2_1_6,12,2,5430,1600
loop_2056_circuit_no_condition_2_1_6,12,3,5427,1600
loop_2056_circuit_no_condition_2_1_6,12,4,5427,1600
loop_2056_circuit_no_condition_2_1_6,12,5,5430,1600
loop_2056_circuit_no_condition_2_1_6,12,6,5404,1600
loop_2056_circuit_no_condition_2_1_6,12,7,5417,1600
loop_2056_circuit_no_condition_2_1_6,12,8,5419,1600
loop_2056_circuit_no_condition_2_1_6,12,9,5420,1600
loop_2056_circuit_no_condition_2_1_6,12,10,5399,1600
loop_2056_circuit_no_condition_2_1_6,12,11,5411,1600
loop_2056_circuit_no_condition_2_1_6,12,12,5406,1600
loop_2056_circuit_no_condition_2_1_6,12,13,5411,1600
loop_2056_circuit_no_condition_2_1_6,12,14,5423,1600
loop_2056_circuit_no_condition_2_1_6,12,15,5397,1600
loop_2056_circuit_no_condition_2_1_6,13,0,5430,1
loop_2056_circuit_no_condition_2_1_6,13,1,5428,1
loop_2056_circuit_no_condition_2_1_6,13,2,5416,1
loop_2056_circuit_no_condition_2_1_6,13,3,5430,1
loop_2056_circuit_no_condition_2_1_6,13,4,2726,1
loop_2056_circuit_no_condition_2_1_6,13,5,5431,1
loop_2056_circuit_no_condition_2_1_6,13,6,5414,1
loop_2056_circuit_no_condition_2_1_6,13,7,5430,1
loop_2056_circuit_no_condition_2_1_6,13,8,5428,1
loop_2056_circuit_no_condition_2_1_6,13,9,5422,1
loop_2056_circuit_no_condition_2_1_6,13,10,5425,1
loop_2056_circuit_no_condition_2_1_6,13,11,624,1
loop_2056_circuit_no_condition_2_1_6,13,12,624,1
loop_2056_circuit_no_condition_2_1_6,13,13,5430,1
loop_2056_circuit_no_condition_2_1_6,13,14,5431,1
loop_2056_circuit_no_condition_2_1_6,13,15,5430,1
loop_2056_circuit_no_condition_2_1_6,13,0,5354,100
loop_2056_circuit_no_condition_2_1_6,13,1,5383,100
loop_2056_circuit_no_condition_2_1_6,13,2,5421,100
loop_2056_circuit_no_condition_2_1_6,13,3,5364,100
loop_2056_circuit_no_condition_2_1_6,13,4,5424,100
loop_2056_circuit_no_condition_2_1_6,13,5,5407,100
loop_2056_circuit_no_condition_2_1_6,13,6,5373,100
loop_2056_circuit_no_condition_2_1_6,13,7,5422,100
loop_2056_circuit_no_condition_2_1_6,13,8,5360,100
loop_2056_circuit_no_condition_2_1_6,13,9,5358,100
loop_2056_circuit_no_condition_2_1_6,13,10,5426,100
loop_2056_circuit_no_condition_2_1_6,13,11,624,100
loop_2056_circuit_no_condition_2_1_6,13,12,5408,100
loop_2056_circuit_no_condition_2_1_6,13,13,5423,100
loop_2056_circuit_no_condition_2_1_6,13,14,5417,100
loop_2056_circuit_no_condition_2_1_6,13,15,5418,100
loop_2056_circuit_no_condition_2_1_6,13,0,5421,201
loop_2056_circuit_no_condition_2_1_6,13,1,5427,201
loop_2056_circuit_no_condition_2_1_6,13,2,5412,201
loop_2056_circuit_no_condition_2_1_6,13,3,5423,201
loop_2056_circuit_no_condition_2_1_6,13,4,5427,201
loop_2056_circuit_no_condition_2_1_6,13,5,5414,201
loop_2056_circuit_no_condition_2_1_6,13,6,5421,201
loop_2056_circuit_no_condition_2_1_6,13,7,5422,201
loop_2056_circuit_no_condition_2_1_6,13,8,5400,201
loop_2056_circuit_no_condition_2_1_6,13,9,5414,201
loop_2056_circuit_no_condition_2_1_6,13,10,5382,201
loop_2056_circuit_no_condition_2_1_6,13,11,5421,201
loop_2056_circuit_no_condition_2_1_6,13,12,5426,201
loop_2056_circuit_no_condition_2_1_6,13,13,5419,201
loop_2056_circuit_no_condition_2_1_6,13,14,5416,201
loop_2056_circuit_no_condition_2_1_6,13,15,5421,201
loop_2056_circuit_no_condition_2_1_6,13,0,5042,301
loop_2056_circuit_no_condition_2_1_6,13,1,624,301
loop_2056_circuit_no_condition_2_1_6,13,2,624,301
loop_2056_circuit_no_condition_2_1_6,13,3,624,301
loop_2056_circuit_no_condition_2_1_6,13,4,624,301
loop_2056_circuit_no_condition_2_1_6,13,5,5424,301
loop_2056_circuit_no_condition_2_1_6,13,6,624,301
loop_2056_circuit_no_condition_2_1_6,13,7,4467,301
loop_2056_circuit_no_condition_2_1_6,13,8,624,301
loop_2056_circuit_no_condition_2_1_6,13,9,624,301
loop_2056_circuit_no_condition_2_1_6,13,10,624,301
loop_2056_circuit_no_condition_2_1_6,13,11,624,301
loop_2056_circuit_no_condition_2_1_6,13,12,624,301
loop_2056_circuit_no_condition_2_1_6,13,13,624,301
loop_2056_circuit_no_condition_2_1_6,13,14,3235,301
loop_2056_circuit_no_condition_2_1_6,13,15,624,301
loop_2056_circuit_no_condition_2_1_6,13,0,624,401
loop_2056_circuit_no_condition_2_1_6,13,1,624,401
loop_2056_circuit_no_condition_2_1_6,13,2,624,401
loop_2056_circuit_no_condition_2_1_6,13,3,624,401
loop_2056_circuit_no_condition_2_1_6,13,4,624,401
loop_2056_circuit_no_condition_2_1_6,13,5,5433,401
loop_2056_circuit_no_condition_2_1_6,13,6,624,401
loop_2056_circuit_no_condition_2_1_6,13,7,624,401
loop_2056_circuit_no_condition_2_1_6,13,8,624,401
loop_2056_circuit_no_condition_2_1_6,13,9,624,401
loop_2056_circuit_no_condition_2_1_6,13,10,5428,401
loop_2056_circuit_no_condition_2_1_6,13,11,624,401
loop_2056_circuit_no_condition_2_1_6,13,12,624,401
loop_2056_circuit_no_condition_2_1_6,13,13,624,401
loop_2056_circuit_no_condition_2_1_6,13,14,624,401
loop_2056_circuit_no_condition_2_1_6,13,15,624,401
loop_2056_circuit_no_condition_2_1_6,13,0,624,500
loop_2056_circuit_no_condition_2_1_6,13,1,624,500
loop_2056_circuit_no_condition_2_1_6,13,2,624,500
loop_2056_circuit_no_condition_2_1_6,13,3,4849,500
loop_2056_circuit_no_condition_2_1_6,13,4,624,500
loop_2056_circuit_no_condition_2_1_6,13,5,5430,500
loop_2056_circuit_no_condition_2_1_6,13,6,624,500
loop_2056_circuit_no_condition_2_1_6,13,7,624,500
loop_2056_circuit_no_condition_2_1_6,13,8,624,500
loop_2056_circuit_no_condition_2_1_6,13,9,624,500
loop_2056_circuit_no_condition_2_1_6,13,10,624,500
loop_2056_circuit_no_condition_2_1_6,13,11,624,500
loop_2056_circuit_no_condition_2_1_6,13,12,624,500
loop_2056_circuit_no_condition_2_1_6,13,13,5428,500
loop_2056_circuit_no_condition_2_1_6,13,14,624,500
loop_2056_circuit_no_condition_2_1_6,13,15,624,500
loop_2056_circuit_no_condition_2_1_6,13,0,5410,601
loop_2056_circuit_no_condition_2_1_6,13,1,5407,601
loop_2056_circuit_no_condition_2_1_6,13,2,5406,601
loop_2056_circuit_no_condition_2_1_6,13,3,5412,601
loop_2056_circuit_no_condition_2_1_6,13,4,5404,601
loop_2056_circuit_no_condition_2_1_6,13,5,5425,601
loop_2056_circuit_no_condition_2_1_6,13,6,5408,601
loop_2056_circuit_no_condition_2_1_6,13,7,5416,601
loop_2056_circuit_no_condition_2_1_6,13,8,5395,601
loop_2056_circuit_no_condition_2_1_6,13,9,5419,601
loop_2056_circuit_no_condition_2_1_6,13,10,5411,601
loop_2056_circuit_no_condition_2_1_6,13,11,5417,601
loop_2056_circuit_no_condition_2_1_6,13,12,5416,601
loop_2056_circuit_no_condition_2_1_6,13,13,5406,601
loop_2056_circuit_no_condition_2_1_6,13,14,5409,601
loop_2056_circuit_no_condition_2_1_6,13,15,5415,601
loop_2056_circuit_no_condition_2_1_6,13,0,5402,700
loop_2056_circuit_no_condition_2_1_6,13,1,5407,700
loop_2056_circuit_no_condition_2_1_6,13,2,5400,700
loop_2056_circuit_no_condition_2_1_6,13,3,5402,700
loop_2056_circuit_no_condition_2_1_6,13,4,5400,700
loop_2056_circuit_no_condition_2_1_6,13,5,5422,700
loop_2056_circuit_no_condition_2_1_6,13,6,5405,700
loop_2056_circuit_no_condition_2_1_6,13,7,5406,700
loop_2056_circuit_no_condition_2_1_6,13,8,5412,700
loop_2056_circuit_no_condition_2_1_6,13,9,5404,700
loop_2056_circuit_no_condition_2_1_6,13,10,5409,700
loop_2056_circuit_no_condition_2_1_6,13,11,5409,700
loop_2056_circuit_no_condition_2_1_6,13,12,5403,700
loop_2056_circuit_no_condition_2_1_6,13,13,5409,700
loop_2056_circuit_no_condition_2_1_6,13,14,5405,700
loop_2056_circuit_no_condition_2_1_6,13,15,5404,700
loop_2056_circuit_no_condition_2_1_6,13,0,5410,800
loop_2056_circuit_no_condition_2_1_6,13,1,5406,800
loop_2056_circuit_no_condition_2_1_6,13,2,5399,800
loop_2056_circuit_no_condition_2_1_6,13,3,5400,800
loop_2056_circuit_no_condition_2_1_6,13,4,5403,800
loop_2056_circuit_no_condition_2_1_6,13,5,5404,800
loop_2056_circuit_no_condition_2_1_6,13,6,5410,800
loop_2056_circuit_no_condition_2_1_6,13,7,5399,800
loop_2056_circuit_no_condition_2_1_6,13,8,5400,800
loop_2056_circuit_no_condition_2_1_6,13,9,5408,800
loop_2056_circuit_no_condition_2_1_6,13,10,5399,800
loop_2056_circuit_no_condition_2_1_6,13,11,5398,800
loop_2056_circuit_no_condition_2_1_6,13,12,5421,800
loop_2056_circuit_no_condition_2_1_6,13,13,5399,800
loop_2056_circuit_no_condition_2_1_6,13,14,5406,800
loop_2056_circuit_no_condition_2_1_6,13,15,5398,800
loop_2056_circuit_no_condition_2_1_6,13,0,5410,901
loop_2056_circuit_no_condition_2_1_6,13,1,5411,901
loop_2056_circuit_no_condition_2_1_6,13,2,5412,901
loop_2056_circuit_no_condition_2_1_6,13,3,5410,901
loop_2056_circuit_no_condition_2_1_6,13,4,5430,901
loop_2056_circuit_no_condition_2_1_6,13,5,5411,901
loop_2056_circuit_no_condition_2_1_6,13,6,5412,901
loop_2056_circuit_no_condition_2_1_6,13,7,5414,901
loop_2056_circuit_no_condition_2_1_6,13,8,5412,901
loop_2056_circuit_no_condition_2_1_6,13,9,5412,901
loop_2056_circuit_no_condition_2_1_6,13,10,5410,901
loop_2056_circuit_no_condition_2_1_6,13,11,5410,901
loop_2056_circuit_no_condition_2_1_6,13,12,5411,901
loop_2056_circuit_no_condition_2_1_6,13,13,5410,901
loop_2056_circuit_no_condition_2_1_6,13,14,5410,901
loop_2056_circuit_no_condition_2_1_6,13,15,5414,901
loop_2056_circuit_no_condition_2_1_6,13,0,5401,1001
loop_2056_circuit_no_condition_2_1_6,13,1,5409,1001
loop_2056_circuit_no_condition_2_1_6,13,2,5410,1001
loop_2056_circuit_no_condition_2_1_6,13,3,5401,1001
loop_2056_circuit_no_condition_2_1_6,13,4,5404,1001
loop_2056_circuit_no_condition_2_1_6,13,5,5408,1001
loop_2056_circuit_no_condition_2_1_6,13,6,5410,1001
loop_2056_circuit_no_condition_2_1_6,13,7,5402,1001
loop_2056_circuit_no_condition_2_1_6,13,8,5403,1001
loop_2056_circuit_no_condition_2_1_6,13,9,5401,1001
loop_2056_circuit_no_condition_2_1_6,13,10,5410,1001
loop_2056_circuit_no_condition_2_1_6,13,11,5401,1001
loop_2056_circuit_no_condition_2_1_6,13,12,5402,1001
loop_2056_circuit_no_condition_2_1_6,13,13,5423,1001
loop_2056_circuit_no_condition_2_1_6,13,14,5413,1001
loop_2056_circuit_no_condition_2_1_6,13,15,5403,1001
loop_2056_circuit_no_condition_2_1_6,13,0,5405,1100
loop_2056_circuit_no_condition_2_1_6,13,1,5407,1100
loop_2056_circuit_no_condition_2_1_6,13,2,5403,1100
loop_2056_circuit_no_condition_2_1_6,13,3,5408,1100
loop_2056_circuit_no_condition_2_1_6,13,4,5406,1100
loop_2056_circuit_no_condition_2_1_6,13,5,5424,1100
loop_2056_circuit_no_condition_2_1_6,13,6,5412,1100
loop_2056_circuit_no_condition_2_1_6,13,7,5402,1100
loop_2056_circuit_no_condition_2_1_6,13,8,5408,1100
loop_2056_circuit_no_condition_2_1_6,13,9,5403,1100
loop_2056_circuit_no_condition_2_1_6,13,10,5403,1100
loop_2056_circuit_no_condition_2_1_6,13,11,5406,1100
loop_2056_circuit_no_condition_2_1_6,13,12,5413,1100
loop_2056_circuit_no_condition_2_1_6,13,13,5408,1100
loop_2056_circuit_no_condition_2_1_6,13,14,5407,1100
loop_2056_circuit_no_condition_2_1_6,13,15,5417,1100
loop_2056_circuit_no_condition_2_1_6,13,0,5416,1200
loop_2056_circuit_no_condition_2_1_6,13,1,5410,1200
loop_2056_circuit_no_condition_2_1_6,13,2,5414,1200
loop_2056_circuit_no_condition_2_1_6,13,3,5421,1200
loop_2056_circuit_no_condition_2_1_6,13,4,5413,1200
loop_2056_circuit_no_condition_2_1_6,13,5,5431,1200
loop_2056_circuit_no_condition_2_1_6,13,6,5416,1200
loop_2056_circuit_no_condition_2_1_6,13,7,5417,1200
loop_2056_circuit_no_condition_2_1_6,13,8,5416,1200
loop_2056_circuit_no_condition_2_1_6,13,9,5420,1200
loop_2056_circuit_no_condition_2_1_6,13,10,5414,1200
loop_2056_circuit_no_condition_2_1_6,13,11,5415,1200
loop_2056_circuit_no_condition_2_1_6,13,12,5415,1200
loop_2056_circuit_no_condition_2_1_6,13,13,5414,1200
loop_2056_circuit_no_condition_2_1_6,13,14,5403,1200
loop_2056_circuit_no_condition_2_1_6,13,15,5423,1200
loop_2056_circuit_no_condition_2_1_6,13,0,5405,1301
loop_2056_circuit_no_condition_2_1_6,13,1,5398,1301
loop_2056_circuit_no_condition_2_1_6,13,2,5410,1301
loop_2056_circuit_no_condition_2_1_6,13,3,5395,1301
loop_2056_circuit_no_condition_2_1_6,13,4,5404,1301
loop_2056_circuit_no_condition_2_1_6,13,5,5405,1301
loop_2056_circuit_no_condition_2_1_6,13,6,5407,1301
loop_2056_circuit_no_condition_2_1_6,13,7,5409,1301
loop_2056_circuit_no_condition_2_1_6,13,8,5410,1301
loop_2056_circuit_no_condition_2_1_6,13,9,5405,1301
loop_2056_circuit_no_condition_2_1_6,13,10,5403,1301
loop_2056_circuit_no_condition_2_1_6,13,11,5405,1301
loop_2056_circuit_no_condition_2_1_6,13,12,5404,1301
loop_2056_circuit_no_condition_2_1_6,13,13,5423,1301
loop_2056_circuit_no_condition_2_1_6,13,14,5402,1301
loop_2056_circuit_no_condition_2_1_6,13,15,5405,1301
loop_2056_circuit_no_condition_2_1_6,13,0,5406,1401
loop_2056_circuit_no_condition_2_1_6,13,1,5406,1401
loop_2056_circuit_no_condition_2_1_6,13,2,5403,1401
loop_2056_circuit_no_condition_2_1_6,13,3,5403,1401
loop_2056_circuit_no_condition_2_1_6,13,4,5401,1401
loop_2056_circuit_no_condition_2_1_6,13,5,5420,1401
loop_2056_circuit_no_condition_2_1_6,13,6,5404,1401
loop_2056_circuit_no_condition_2_1_6,13,7,5398,1401
loop_2056_circuit_no_condition_2_1_6,13,8,5405,1401
loop_2056_circuit_no_condition_2_1_6,13,9,5399,1401
loop_2056_circuit_no_condition_2_1_6,13,10,5398,1401
loop_2056_circuit_no_condition_2_1_6,13,11,5407,1401
loop_2056_circuit_no_condition_2_1_6,13,12,5400,1401
loop_2056_circuit_no_condition_2_1_6,13,13,5401,1401
loop_2056_circuit_no_condition_2_1_6,13,14,5400,1401
loop_2056_circuit_no_condition_2_1_6,13,15,5405,1401
loop_2056_circuit_no_condition_2_1_6,13,0,5402,1501
loop_2056_circuit_no_condition_2_1_6,13,1,5413,1501
loop_2056_circuit_no_condition_2_1_6,13,2,5403,1501
loop_2056_circuit_no_condition_2_1_6,13,3,5408,1501
loop_2056_circuit_no_condition_2_1_6,13,4,5402,1501
loop_2056_circuit_no_condition_2_1_6,13,5,5423,1501
loop_2056_circuit_no_condition_2_1_6,13,6,5403,1501
loop_2056_circuit_no_condition_2_1_6,13,7,5402,1501
loop_2056_circuit_no_condition_2_1_6,13,8,5401,1501
loop_2056_circuit_no_condition_2_1_6,13,9,5412,1501
loop_2056_circuit_no_condition_2_1_6,13,10,5401,1501
loop_2056_circuit_no_condition_2_1_6,13,11,5406,1501
loop_2056_circuit_no_condition_2_1_6,13,12,5404,1501
loop_2056_circuit_no_condition_2_1_6,13,13,5405,1501
loop_2056_circuit_no_condition_2_1_6,13,14,5403,1501
loop_2056_circuit_no_condition_2_1_6,13,15,5403,1501
loop_2056_circuit_no_condition_2_1_6,13,0,5395,1601
loop_2056_circuit_no_condition_2_1_6,13,1,5415,1601
loop_2056_circuit_no_condition_2_1_6,13,2,5420,1601
loop_2056_circuit_no_condition_2_1_6,13,3,5414,1601
loop_2056_circuit_no_condition_2_1_6,13,4,5409,1601
loop_2056_circuit_no_condition_2_1_6,13,5,5404,1601
loop_2056_circuit_no_condition_2_1_6,13,6,5401,1601
loop_2056_circuit_no_condition_2_1_6,13,7,624,1601
loop_2056_circuit_no_condition_2_1_6,13,8,5425,1601
loop_2056_circuit_no_condition_2_1_6,13,9,5426,1601
loop_2056_circuit_no_condition_2_1_6,13,10,5409,1601
loop_2056_circuit_no_condition_2_1_6,13,11,5418,1601
loop_2056_circuit_no_condition_2_1_6,13,12,5360,1601
loop_2056_circuit_no_condition_2_1_6,13,13,624,1601
loop_2056_circuit_no_condition_2_1_6,13,14,5413,1601
loop_2056_circuit_no_condition_2_1_6,13,15,5413,1601
loop_2056_circuit_no_condition_2_1_6,14,0,5411,1
loop_2056_circuit_no_condition_2_1_6,14,1,5421,1
loop_2056_circuit_no_condition_2_1_6,14,2,5411,1
loop_2056_circuit_no_condition_2_1_6,14,3,5411,1
loop_2056_circuit_no_condition_2_1_6,14,4,5411,1
loop_2056_circuit_no_condition_2_1_6,14,5,5411,1
loop_2056_circuit_no_condition_2_1_6,14,6,5411,1
loop_2056_circuit_no_condition_2_1_6,14,7,5411,1
loop_2056_circuit_no_condition_2_1_6,14,8,5418,1
loop_2056_circuit_no_condition_2_1_6,14,9,5416,1
loop_2056_circuit_no_condition_2_1_6,14,10,5423,1
loop_2056_circuit_no_condition_2_1_6,14,11,624,1
loop_2056_circuit_no_condition_2_1_6,14,12,624,1
loop_2056_circuit_no_condition_2_1_6,14,13,5416,1
loop_2056_circuit_no_condition_2_1_6,14,14,5411,1
loop_2056_circuit_no_condition_2_1_6,14,15,5411,1
loop_2056_circuit_no_condition_2_1_6,14,0,5367,101
loop_2056_circuit_no_condition_2_1_6,14,1,5410,101
loop_2056_circuit_no_condition_2_1_6,14,2,5408,101
loop_2056_circuit_no_condition_2_1_6,14,3,5411,101
loop_2056_circuit_no_condition_2_1_6,14,4,5405,101
loop_2056_circuit_no_condition_2_1_6,14,5,5435,101
loop_2056_circuit_no_condition_2_1_6,14,6,5438,101
loop_2056_circuit_no_condition_2_1_6,14,7,5432,101
loop_2056_circuit_no_condition_2_1_6,14,8,5389,101
loop_2056_circuit_no_condition_2_1_6,14,9,5362,101
loop_2056_circuit_no_condition_2_1_6,14,10,5370,101
loop_2056_circuit_no_condition_2_1_6,14,11,5423,101
loop_2056_circuit_no_condition_2_1_6,14,12,5361,101
loop_2056_circuit_no_condition_2_1_6,14,13,5409,101
loop_2056_circuit_no_condition_2_1_6,14,14,5424,101
loop_2056_circuit_no_condition_2_1_6,14,15,5372,101
loop_2056_circuit_no_condition_2_1_6,14,0,5366,201
loop_2056_circuit_no_condition_2_1_6,14,1,5417,201
loop_2056_circuit_no_condition_2_1_6,14,2,5406,201
loop_2056_circuit_no_condition_2_1_6,14,3,5416,201
loop_2056_circuit_no_condition_2_1_6,14,4,5423,201
loop_2056_circuit_no_condition_2_1_6,14,5,5433,201
loop_2056_circuit_no_condition_2_1_6,14,6,5429,201
loop_2056_circuit_no_condition_2_1_6,14,7,5420,201
loop_2056_circuit_no_condition_2_1_6,14,8,5431,201
loop_2056_circuit_no_condition_2_1_6,14,9,5431,201
loop_2056_circuit_no_condition_2_1_6,14,10,5415,201
loop_2056_circuit_no_condition_2_1_6,14,11,5419,201
loop_2056_circuit_no_condition_2_1_6,14,12,5434,201
loop_2056_circuit_no_condition_2_1_6,14,13,5393,201
loop_2056_circuit_no_condition_2_1_6,14,14,5381,201
loop_2056_circuit_no_condition_2_1_6,14,15,5412,201
loop_2056_circuit_no_condition_2_1_6,14,0,624,301
loop_2056_circuit_no_condition_2_1_6,14,1,624,301
loop_2056_circuit_no_condition_2_1_6,14,2,624,301
loop_2056_circuit_no_condition_2_1_6,14,3,624,301
loop_2056_circuit_no_condition_2_1_6,14,4,624,301
loop_2056_circuit_no_condition_2_1_6,14,5,5429,301
loop_2056_circuit_no_condition_2_1_6,14,6,624,301
loop_2056_circuit_no_condition_2_1_6,14,7,624,301
loop_2056_circuit_no_condition_2_1_6,14,8,624,301
loop_2056_circuit_no_condition_2_1_6,14,9,624,301
loop_2056_circuit_no_condition_2_1_6,14,10,624,301
loop_2056_circuit_no_condition_2_1_6,14,11,624,301
loop_2056_circuit_no_condition_2_1_6,14,12,624,301
loop_2056_circuit_no_condition_2_1_6,14,13,624,301
loop_2056_circuit_no_condition_2_1_6,14,14,624,301
loop_2056_circuit_no_condition_2_1_6,14,15,624,301
loop_2056_circuit_no_condition_2_1_6,14,0,624,401
loop_2056_circuit_no_condition_2_1_6,14,1,624,401
loop_2056_circuit_no_condition_2_1_6,14,2,624,401
loop_2056_circuit_no_condition_2_1_6,14,3,624,401
loop_2056_circuit_no_condition_2_1_6,14,4,624,401
loop_2056_circuit_no_condition_2_1_6,14,5,5434,401
loop_2056_circuit_no_condition_2_1_6,14,6,624,401
loop_2056_circuit_no_condition_2_1_6,14,7,624,401
loop_2056_circuit_no_condition_2_1_6,14,8,624,401
loop_2056_circuit_no_condition_2_1_6,14,9,624,401
loop_2056_circuit_no_condition_2_1_6,14,10,624,401
loop_2056_circuit_no_condition_2_1_6,14,11,624,401
loop_2056_circuit_no_condition_2_1_6,14,12,624,401
loop_2056_circuit_no_condition_2_1_6,14,13,624,401
loop_2056_circuit_no_condition_2_1_6,14,14,624,401
loop_2056_circuit_no_condition_2_1_6,14,15,624,401
loop_2056_circuit_no_condition_2_1_6,14,0,624,501
loop_2056_circuit_no_condition_2_1_6,14,1,4676,501
loop_2056_circuit_no_condition_2_1_6,14,2,624,501
loop_2056_circuit_no_condition_2_1_6,14,3,624,501
loop_2056_circuit_no_condition_2_1_6,14,4,624,501
loop_2056_circuit_no_condition_2_1_6,14,5,5433,501
loop_2056_circuit_no_condition_2_1_6,14,6,624,501
loop_2056_circuit_no_condition_2_1_6,14,7,624,501
loop_2056_circuit_no_condition_2_1_6,14,8,624,501
loop_2056_circuit_no_condition_2_1_6,14,9,624,501
loop_2056_circuit_no_condition_2_1_6,14,10,624,501
loop_2056_circuit_no_condition_2_1_6,14,11,624,501
loop_2056_circuit_no_condition_2_1_6,14,12,624,501
loop_2056_circuit_no_condition_2_1_6,14,13,624,501
loop_2056_circuit_no_condition_2_1_6,14,14,624,501
loop_2056_circuit_no_condition_2_1_6,14,15,624,501
loop_2056_circuit_no_condition_2_1_6,14,0,5411,601
loop_2056_circuit_no_condition_2_1_6,14,1,5422,601
loop_2056_circuit_no_condition_2_1_6,14,2,5418,601
loop_2056_circuit_no_condition_2_1_6,14,3,5413,601
loop_2056_circuit_no_condition_2_1_6,14,4,5426,601
loop_2056_circuit_no_condition_2_1_6,14,5,5413,601
loop_2056_circuit_no_condition_2_1_6,14,6,5410,601
loop_2056_circuit_no_condition_2_1_6,14,7,5412,601
loop_2056_circuit_no_condition_2_1_6,14,8,5416,601
loop_2056_circuit_no_condition_2_1_6,14,9,5415,601
loop_2056_circuit_no_condition_2_1_6,14,10,5415,601
loop_2056_circuit_no_condition_2_1_6,14,11,5411,601
loop_2056_circuit_no_condition_2_1_6,14,12,5410,601
loop_2056_circuit_no_condition_2_1_6,14,13,5412,601
loop_2056_circuit_no_condition_2_1_6,14,14,5411,601
loop_2056_circuit_no_condition_2_1_6,14,15,5413,601
loop_2056_circuit_no_condition_2_1_6,14,0,5406,701
loop_2056_circuit_no_condition_2_1_6,14,1,5409,701
loop_2056_circuit_no_condition_2_1_6,14,2,5408,701
loop_2056_circuit_no_condition_2_1_6,14,3,5399,701
loop_2056_circuit_no_condition_2_1_6,14,4,5398,701
loop_2056_circuit_no_condition_2_1_6,14,5,5397,701
loop_2056_circuit_no_condition_2_1_6,14,6,5403,701
loop_2056_circuit_no_condition_2_1_6,14,7,5404,701
loop_2056_circuit_no_condition_2_1_6,14,8,5398,701
loop_2056_circuit_no_condition_2_1_6,14,9,5398,701
loop_2056_circuit_no_condition_2_1_6,14,10,5401,701
loop_2056_circuit_no_condition_2_1_6,14,11,5398,701
loop_2056_circuit_no_condition_2_1_6,14,12,5411,701
loop_2056_circuit_no_condition_2_1_6,14,13,5422,701
loop_2056_circuit_no_condition_2_1_6,14,14,5405,701
loop_2056_circuit_no_condition_2_1_6,14,15,5401,701
loop_2056_circuit_no_condition_2_1_6,14,0,5400,801
loop_2056_circuit_no_condition_2_1_6,14,1,5405,801
loop_2056_circuit_no_condition_2_1_6,14,2,5406,801
loop_2056_circuit_no_condition_2_1_6,14,3,5399,801
loop_2056_circuit_no_condition_2_1_6,14,4,5402,801
loop_2056_circuit_no_condition_2_1_6,14,5,5423,801
loop_2056_circuit_no_condition_2_1_6,14,6,5406,801
loop_2056_circuit_no_condition_2_1_6,14,7,5400,801
loop_2056_circuit_no_condition_2_1_6,14,8,5397,801
loop_2056_circuit_no_condition_2_1_6,14,9,5410,801
loop_2056_circuit_no_condition_2_1_6,14,10,5411,801
loop_2056_circuit_no_condition_2_1_6,14,11,5402,801
loop_2056_circuit_no_condition_2_1_6,14,12,5400,801
loop_2056_circuit_no_condition_2_1_6,14,13,5403,801
loop_2056_circuit_no_condition_2_1_6,14,14,5404,801
loop_2056_circuit_no_condition_2_1_6,14,15,5402,801
loop_2056_circuit_no_condition_2_1_6,14,0,5405,901
loop_2056_circuit_no_condition_2_1_6,14,1,5408,901
loop_2056_circuit_no_condition_2_1_6,14,2,5404,901
loop_2056_circuit_no_condition_2_1_6,14,3,5404,901
loop_2056_circuit_no_condition_2_1_6,14,4,5424,901
loop_2056_circuit_no_condition_2_1_6,14,5,5404,901
loop_2056_circuit_no_condition_2_1_6,14,6,5399,901
loop_2056_circuit_no_condition_2_1_6,14,7,5404,901
loop_2056_circuit_no_condition_2_1_6,14,8,5413,901
loop_2056_circuit_no_condition_2_1_6,14,9,5409,901
loop_2056_circuit_no_condition_2_1_6,14,10,5405,901
loop_2056_circuit_no_condition_2_1_6,14,11,5402,901
loop_2056_circuit_no_condition_2_1_6,14,12,5405,901
loop_2056_circuit_no_condition_2_1_6,14,13,5410,901
loop_2056_circuit_no_condition_2_1_6,14,14,5398,901
loop_2056_circuit_no_condition_2_1_6,14,15,5399,901
loop_2056_circuit_no_condition_2_1_6,14,0,5425,1001
loop_2056_circuit_no_condition_2_1_6,14,1,5419,1001
loop_2056_circuit_no_condition_2_1_6,14,2,5420,1001
loop_2056_circuit_no_condition_2_1_6,14,3,5413,1001
loop_2056_circuit_no_condition_2_1_6,14,4,5407,1001
loop_2056_circuit_no_condition_2_1_6,14,5,5405,1001
loop_2056_circuit_no_condition_2_1_6,14,6,5410,1001
loop_2056_circuit_no_condition_2_1_6,14,7,5404,1001
loop_2056_circuit_no_condition_2_1_6,14,8,5411,1001
loop_2056_circuit_no_condition_2_1_6,14,9,5410,1001
loop_2056_circuit_no_condition_2_1_6,14,10,5408,1001
loop_2056_circuit_no_condition_2_1_6,14,11,5409,1001
loop_2056_circuit_no_condition_2_1_6,14,12,5406,1001
loop_2056_circuit_no_condition_2_1_6,14,13,5405,1001
loop_2056_circuit_no_condition_2_1_6,14,14,5412,1001
loop_2056_circuit_no_condition_2_1_6,14,15,5409,1001
loop_2056_circuit_no_condition_2_1_6,14,0,5408,1101
loop_2056_circuit_no_condition_2_1_6,14,1,5411,1101
loop_2056_circuit_no_condition_2_1_6,14,2,5410,1101
loop_2056_circuit_no_condition_2_1_6,14,3,5416,1101
loop_2056_circuit_no_condition_2_1_6,14,4,5428,1101
loop_2056_circuit_no_condition_2_1_6,14,5,5408,1101
loop_2056_circuit_no_condition_2_1_6,14,6,5410,1101
loop_2056_circuit_no_condition_2_1_6,14,7,5412,1101
loop_2056_circuit_no_condition_2_1_6,14,8,5417,1101
loop_2056_circuit_no_condition_2_1_6,14,9,5409,1101
loop_2056_circuit_no_condition_2_1_6,14,10,5410,1101
loop_2056_circuit_no_condition_2_1_6,14,11,5411,1101
loop_2056_circuit_no_condition_2_1_6,14,12,5412,1101
loop_2056_circuit_no_condition_2_1_6,14,13,5405,1101
loop_2056_circuit_no_condition_2_1_6,14,14,5412,1101
loop_2056_circuit_no_condition_2_1_6,14,15,5408,1101
loop_2056_circuit_no_condition_2_1_6,14,0,5403,1201
loop_2056_circuit_no_condition_2_1_6,14,1,5414,1201
loop_2056_circuit_no_condition_2_1_6,14,2,5410,1201
loop_2056_circuit_no_condition_2_1_6,14,3,5411,1201
loop_2056_circuit_no_condition_2_1_6,14,4,5406,1201
loop_2056_circuit_no_condition_2_1_6,14,5,5407,1201
loop_2056_circuit_no_condition_2_1_6,14,6,5408,1201
loop_2056_circuit_no_condition_2_1_6,14,7,5404,1201
loop_2056_circuit_no_condition_2_1_6,14,8,5395,1201
loop_2056_circuit_no_condition_2_1_6,14,9,5409,1201
loop_2056_circuit_no_condition_2_1_6,14,10,5404,1201
loop_2056_circuit_no_condition_2_1_6,14,11,5412,1201
loop_2056_circuit_no_condition_2_1_6,14,12,5404,1201
loop_2056_circuit_no_condition_2_1_6,14,13,5424,1201
loop_2056_circuit_no_condition_2_1_6,14,14,5413,1201
loop_2056_circuit_no_condition_2_1_6,14,15,5407,1201
loop_2056_circuit_no_condition_2_1_6,14,0,5409,1301
loop_2056_circuit_no_condition_2_1_6,14,1,5403,1301
loop_2056_circuit_no_condition_2_1_6,14,2,5399,1301
loop_2056_circuit_no_condition_2_1_6,14,3,5406,1301
loop_2056_circuit_no_condition_2_1_6,14,4,5406,1301
loop_2056_circuit_no_condition_2_1_6,14,5,5419,1301
loop_2056_circuit_no_condition_2_1_6,14,6,5402,1301
loop_2056_circuit_no_condition_2_1_6,14,7,5398,1301
loop_2056_circuit_no_condition_2_1_6,14,8,5396,1301
loop_2056_circuit_no_condition_2_1_6,14,9,5403,1301
loop_2056_circuit_no_condition_2_1_6,14,10,5397,1301
loop_2056_circuit_no_condition_2_1_6,14,11,5409,1301
loop_2056_circuit_no_condition_2_1_6,14,12,5393,1301
loop_2056_circuit_no_condition_2_1_6,14,13,5395,1301
loop_2056_circuit_no_condition_2_1_6,14,14,5399,1301
loop_2056_circuit_no_condition_2_1_6,14,15,5394,1301
loop_2056_circuit_no_condition_2_1_6,14,0,5413,1401
loop_2056_circuit_no_condition_2_1_6,14,1,5408,1401
loop_2056_circuit_no_condition_2_1_6,14,2,5413,1401
loop_2056_circuit_no_condition_2_1_6,14,3,5407,1401
loop_2056_circuit_no_condition_2_1_6,14,4,5412,1401
loop_2056_circuit_no_condition_2_1_6,14,5,5426,1401
loop_2056_circuit_no_condition_2_1_6,14,6,5408,1401
loop_2056_circuit_no_condition_2_1_6,14,7,5409,1401
loop_2056_circuit_no_condition_2_1_6,14,8,5404,1401
loop_2056_circuit_no_condition_2_1_6,14,9,5409,1401
loop_2056_circuit_no_condition_2_1_6,14,10,5406,1401
loop_2056_circuit_no_condition_2_1_6,14,11,5408,1401
loop_2056_circuit_no_condition_2_1_6,14,12,5414,1401
loop_2056_circuit_no_condition_2_1_6,14,13,5405,1401
loop_2056_circuit_no_condition_2_1_6,14,14,5406,1401
loop_2056_circuit_no_condition_2_1_6,14,15,5409,1401
loop_2056_circuit_no_condition_2_1_6,14,0,5425,1501
loop_2056_circuit_no_condition_2_1_6,14,1,5407,1501
loop_2056_circuit_no_condition_2_1_6,14,2,5431,1501
loop_2056_circuit_no_condition_2_1_6,14,3,5410,1501
loop_2056_circuit_no_condition_2_1_6,14,4,5410,1501
loop_2056_circuit_no_condition_2_1_6,14,5,5437,1501
loop_2056_circuit_no_condition_2_1_6,14,6,5401,1501
loop_2056_circuit_no_condition_2_1_6,14,7,5421,1501
loop_2056_circuit_no_condition_2_1_6,14,8,5349,1501
loop_2056_circuit_no_condition_2_1_6,14,9,5413,1501
loop_2056_circuit_no_condition_2_1_6,14,10,5422,1501
loop_2056_circuit_no_condition_2_1_6,14,11,5398,1501
loop_2056_circuit_no_condition_2_1_6,14,12,5407,1501
loop_2056_circuit_no_condition_2_1_6,14,13,5398,1501
loop_2056_circuit_no_condition_2_1_6,14,14,5434,1501
loop_2056_circuit_no_condition_2_1_6,14,15,5401,1501
loop_2056_circuit_no_condition_2_1_6,14,0,5414,1601
loop_2056_circuit_no_condition_2_1_6,14,1,5422,1601
loop_2056_circuit_no_condition_2_1_6,14,2,5383,1601
loop_2056_circuit_no_condition_2_1_6,14,3,4848,1601
loop_2056_circuit_no_condition_2_1_6,14,4,5423,1601
loop_2056_circuit_no_condition_2_1_6,14,5,5363,1601
loop_2056_circuit_no_condition_2_1_6,14,6,5410,1601
loop_2056_circuit_no_condition_2_1_6,14,7,5421,1601
loop_2056_circuit_no_condition_2_1_6,14,8,5414,1601
loop_2056_circuit_no_condition_2_1_6,14,9,5406,1601
loop_2056_circuit_no_condition_2_1_6,14,10,5429,1601
loop_2056_circuit_no_condition_2_1_6,14,11,5381,1601
loop_2056_circuit_no_condition_2_1_6,14,12,5374,1601
loop_2056_circuit_no_condition_2_1_6,14,13,5408,1601
loop_2056_circuit_no_condition_2_1_6,14,14,5388,1601
loop_2056_circuit_no_condition_2_1_6,14,15,5430,1601
loop_2056_circuit_no_condition_2_1_6,15,0,5429,1
loop_2056_circuit_no_condition_2_1_6,15,1,624,1
loop_2056_circuit_no_condition_2_1_6,15,2,624,1
loop_2056_circuit_no_condition_2_1_6,15,3,624,1
loop_2056_circuit_no_condition_2_1_6,15,4,5430,1
loop_2056_circuit_no_condition_2_1_6,15,5,5428,1
loop_2056_circuit_no_condition_2_1_6,15,6,5407,1
loop_2056_circuit_no_condition_2_1_6,15,7,5429,1
loop_2056_circuit_no_condition_2_1_6,15,8,5431,1
loop_2056_circuit_no_condition_2_1_6,15,9,624,1
loop_2056_circuit_no_condition_2_1_6,15,10,5422,1
loop_2056_circuit_no_condition_2_1_6,15,11,5425,1
loop_2056_circuit_no_condition_2_1_6,15,12,5430,1
loop_2056_circuit_no_condition_2_1_6,15,13,5426,1
loop_2056_circuit_no_condition_2_1_6,15,14,5371,1
loop_2056_circuit_no_condition_2_1_6,15,15,5423,1
loop_2056_circuit_no_condition_2_1_6,15,0,5373,101
loop_2056_circuit_no_condition_2_1_6,15,1,5339,101
loop_2056_circuit_no_condition_2_1_6,15,2,5401,101
loop_2056_circuit_no_condition_2_1_6,15,3,5383,101
loop_2056_circuit_no_condition_2_1_6,15,4,5352,101
loop_2056_circuit_no_condition_2_1_6,15,5,5417,101
loop_2056_circuit_no_condition_2_1_6,15,6,5384,101
loop_2056_circuit_no_condition_2_1_6,15,7,5349,101
loop_2056_circuit_no_condition_2_1_6,15,8,5408,101
loop_2056_circuit_no_condition_2_1_6,15,9,5399,101
loop_2056_circuit_no_condition_2_1_6,15,10,5372,101
loop_2056_circuit_no_condition_2_1_6,15,11,5341,101
loop_2056_circuit_no_condition_2_1_6,15,12,5328,101
loop_2056_circuit_no_condition_2_1_6,15,13,5427,101
loop_2056_circuit_no_condition_2_1_6,15,14,5405,101
loop_2056_circuit_no_condition_2_1_6,15,15,5411,101
loop_2056_circuit_no_condition_2_1_6,15,0,5393,200
loop_2056_circuit_no_condition_2_1_6,15,1,5374,200
loop_2056_circuit_no_condition_2_1_6,15,2,5412,200
loop_2056_circuit_no_condition_2_1_6,15,3,5419,200
loop_2056_circuit_no_condition_2_1_6,15,4,5419,200
loop_2056_circuit_no_condition_2_1_6,15,5,5421,200
loop_2056_circuit_no_condition_2_1_6,15,6,5414,200
loop_2056_circuit_no_condition_2_1_6,15,7,5357,200
loop_2056_circuit_no_condition_2_1_6,15,8,5431,200
loop_2056_circuit_no_condition_2_1_6,15,9,5407,200
loop_2056_circuit_no_condition_2_1_6,15,10,5422,200
loop_2056_circuit_no_condition_2_1_6,15,11,5010,200
loop_2056_circuit_no_condition_2_1_6,15,12,5398,200
loop_2056_circuit_no_condition_2_1_6,15,13,5427,200
loop_2056_circuit_no_condition_2_1_6,15,14,5393,200
loop_2056_circuit_no_condition_2_1_6,15,15,5417,200
loop_2056_circuit_no_condition_2_1_6,15,0,5435,301
loop_2056_circuit_no_condition_2_1_6,15,1,5426,301
loop_2056_circuit_no_condition_2_1_6,15,2,5394,301
loop_2056_circuit_no_condition_2_1_6,15,3,5414,301
loop_2056_circuit_no_condition_2_1_6,15,4,5428,301
loop_2056_circuit_no_condition_2_1_6,15,5,2996,301
loop_2056_circuit_no_condition_2_1_6,15,6,624,301
loop_2056_circuit_no_condition_2_1_6,15,7,5430,301
loop_2056_circuit_no_condition_2_1_6,15,8,624,301
loop_2056_circuit_no_condition_2_1_6,15,9,624,301
loop_2056_circuit_no_condition_2_1_6,15,10,5424,301
loop_2056_circuit_no_condition_2_1_6,15,11,4307,301
loop_2056_circuit_no_condition_2_1_6,15,12,624,301
loop_2056_circuit_no_condition_2_1_6,15,13,624,301
loop_2056_circuit_no_condition_2_1_6,15,14,624,301
loop_2056_circuit_no_condition_2_1_6,15,15,5287,301
loop_2056_circuit_no_condition_2_1_6,15,0,4671,401
loop_2056_circuit_no_condition_2_1_6,15,1,624,401
loop_2056_circuit_no_condition_2_1_6,15,2,624,401
loop_2056_circuit_no_condition_2_1_6,15,3,624,401
loop_2056_circuit_no_condition_2_1_6,15,4,5431,401
loop_2056_circuit_no_condition_2_1_6,15,5,4051,401
loop_2056_circuit_no_condition_2_1_6,15,6,624,401
loop_2056_circuit_no_condition_2_1_6,15,7,624,401
loop_2056_circuit_no_condition_2_1_6,15,8,624,401
loop_2056_circuit_no_condition_2_1_6,15,9,624,401
loop_2056_circuit_no_condition_2_1_6,15,10,4484,401
loop_2056_circuit_no_condition_2_1_6,15,11,624,401
loop_2056_circuit_no_condition_2_1_6,15,12,624,401
loop_2056_circuit_no_condition_2_1_6,15,13,624,401
loop_2056_circuit_no_condition_2_1_6,15,14,624,401
loop_2056_circuit_no_condition_2_1_6,15,15,624,401
loop_2056_circuit_no_condition_2_1_6,15,0,4813,500
loop_2056_circuit_no_condition_2_1_6,15,1,624,500
loop_2056_circuit_no_condition_2_1_6,15,2,624,500
loop_2056_circuit_no_condition_2_1_6,15,3,624,500
loop_2056_circuit_no_condition_2_1_6,15,4,5431,500
loop_2056_circuit_no_condition_2_1_6,15,5,4669,500
loop_2056_circuit_no_condition_2_1_6,15,6,624,500
loop_2056_circuit_no_condition_2_1_6,15,7,624,500
loop_2056_circuit_no_condition_2_1_6,15,8,624,500
loop_2056_circuit_no_condition_2_1_6,15,9,624,500
loop_2056_circuit_no_condition_2_1_6,15,10,4425,500
loop_2056_circuit_no_condition_2_1_6,15,11,624,500
loop_2056_circuit_no_condition_2_1_6,15,12,624,500
loop_2056_circuit_no_condition_2_1_6,15,13,4226,500
loop_2056_circuit_no_condition_2_1_6,15,14,624,500
loop_2056_circuit_no_condition_2_1_6,15,15,624,500
loop_2056_circuit_no_condition_2_1_6,15,0,5423,601
loop_2056_circuit_no_condition_2_1_6,15,1,5408,601
loop_2056_circuit_no_condition_2_1_6,15,2,5402,601
loop_2056_circuit_no_condition_2_1_6,15,3,5407,601
loop_2056_circuit_no_condition_2_1_6,15,4,5406,601
loop_2056_circuit_no_condition_2_1_6,15,5,5414,601
loop_2056_circuit_no_condition_2_1_6,15,6,5403,601
loop_2056_circuit_no_condition_2_1_6,15,7,5407,601
loop_2056_circuit_no_condition_2_1_6,15,8,5403,601
loop_2056_circuit_no_condition_2_1_6,15,9,5414,601
loop_2056_circuit_no_condition_2_1_6,15,10,5415,601
loop_2056_circuit_no_condition_2_1_6,15,11,5403,601
loop_2056_circuit_no_condition_2_1_6,15,12,5414,601
loop_2056_circuit_no_condition_2_1_6,15,13,5406,601
loop_2056_circuit_no_condition_2_1_6,15,14,5416,601
loop_2056_circuit_no_condition_2_1_6,15,15,5406,601
loop_2056_circuit_no_condition_2_1_6,15,0,5417,700
loop_2056_circuit_no_condition_2_1_6,15,1,5405,700
loop_2056_circuit_no_condition_2_1_6,15,2,5407,700
loop_2056_circuit_no_condition_2_1_6,15,3,5408,700
loop_2056_circuit_no_condition_2_1_6,15,4,5405,700
loop_2056_circuit_no_condition_2_1_6,15,5,5408,700
loop_2056_circuit_no_condition_2_1_6,15,6,5427,700
loop_2056_circuit_no_condition_2_1_6,15,7,5405,700
loop_2056_circuit_no_condition_2_1_6,15,8,5404,700
loop_2056_circuit_no_condition_2_1_6,15,9,5405,700
loop_2056_circuit_no_condition_2_1_6,15,10,5407,700
loop_2056_circuit_no_condition_2_1_6,15,11,5408,700
loop_2056_circuit_no_condition_2_1_6,15,12,5401,700
loop_2056_circuit_no_condition_2_1_6,15,13,5404,700
loop_2056_circuit_no_condition_2_1_6,15,14,5405,700
loop_2056_circuit_no_condition_2_1_6,15,15,5404,700
loop_2056_circuit_no_condition_2_1_6,15,0,5402,801
loop_2056_circuit_no_condition_2_1_6,15,1,5408,801
loop_2056_circuit_no_condition_2_1_6,15,2,5412,801
loop_2056_circuit_no_condition_2_1_6,15,3,5404,801
loop_2056_circuit_no_condition_2_1_6,15,4,5420,801
loop_2056_circuit_no_condition_2_1_6,15,5,5398,801
loop_2056_circuit_no_condition_2_1_6,15,6,5401,801
loop_2056_circuit_no_condition_2_1_6,15,7,5402,801
loop_2056_circuit_no_condition_2_1_6,15,8,5401,801
loop_2056_circuit_no_condition_2_1_6,15,9,5404,801
loop_2056_circuit_no_condition_2_1_6,15,10,5400,801
loop_2056_circuit_no_condition_2_1_6,15,11,5407,801
loop_2056_circuit_no_condition_2_1_6,15,12,5402,801
loop_2056_circuit_no_condition_2_1_6,15,13,5409,801
loop_2056_circuit_no_condition_2_1_6,15,14,5399,801
loop_2056_circuit_no_condition_2_1_6,15,15,5402,801
loop_2056_circuit_no_condition_2_1_6,15,0,5406,901
loop_2056_circuit_no_condition_2_1_6,15,1,5406,901
loop_2056_circuit_no_condition_2_1_6,15,2,5399,901
loop_2056_circuit_no_condition_2_1_6,15,3,5413,901
loop_2056_circuit_no_condition_2_1_6,15,4,5407,901
loop_2056_circuit_no_condition_2_1_6,15,5,5425,901
loop_2056_circuit_no_condition_2_1_6,15,6,5404,901
loop_2056_circuit_no_condition_2_1_6,15,7,5408,901
loop_2056_circuit_no_condition_2_1_6,15,8,5409,901
loop_2056_circuit_no_condition_2_1_6,15,9,5414,901
loop_2056_circuit_no_condition_2_1_6,15,10,5407,901
loop_2056_circuit_no_condition_2_1_6,15,11,5402,901
loop_2056_circuit_no_condition_2_1_6,15,12,5413,901
loop_2056_circuit_no_condition_2_1_6,15,13,5409,901
loop_2056_circuit_no_condition_2_1_6,15,14,5410,901
loop_2056_circuit_no_condition_2_1_6,15,15,5405,901
loop_2056_circuit_no_condition_2_1_6,15,0,5407,1001
loop_2056_circuit_no_condition_2_1_6,15,1,5406,1001
loop_2056_circuit_no_condition_2_1_6,15,2,5411,1001
loop_2056_circuit_no_condition_2_1_6,15,3,5410,1001
loop_2056_circuit_no_condition_2_1_6,15,4,5410,1001
loop_2056_circuit_no_condition_2_1_6,15,5,5427,1001
loop_2056_circuit_no_condition_2_1_6,15,6,5413,1001
loop_2056_circuit_no_condition_2_1_6,15,7,5408,1001
loop_2056_circuit_no_condition_2_1_6,15,8,5408,1001
loop_2056_circuit_no_condition_2_1_6,15,9,5409,1001
loop_2056_circuit_no_condition_2_1_6,15,10,5415,1001
loop_2056_circuit_no_condition_2_1_6,15,11,5408,1001
loop_2056_circuit_no_condition_2_1_6,15,12,5407,1001
loop_2056_circuit_no_condition_2_1_6,15,13,5415,1001
loop_2056_circuit_no_condition_2_1_6,15,14,5412,1001
loop_2056_circuit_no_condition_2_1_6,15,15,5407,1001
loop_2056_circuit_no_condition_2_1_6,15,0,5396,1100
loop_2056_circuit_no_condition_2_1_6,15,1,5408,1100
loop_2056_circuit_no_condition_2_1_6,15,2,5400,1100
loop_2056_circuit_no_condition_2_1_6,15,3,5394,1100
loop_2056_circuit_no_condition_2_1_6,15,4,5412,1100
loop_2056_circuit_no_condition_2_1_6,15,5,5418,1100
loop_2056_circuit_no_condition_2_1_6,15,6,5401,1100
loop_2056_circuit_no_condition_2_1_6,15,7,5398,1100
loop_2056_circuit_no_condition_2_1_6,15,8,5393,1100
loop_2056_circuit_no_condition_2_1_6,15,9,5398,1100
loop_2056_circuit_no_condition_2_1_6,15,10,5407,1100
loop_2056_circuit_no_condition_2_1_6,15,11,5393,1100
loop_2056_circuit_no_condition_2_1_6,15,12,5402,1100
loop_2056_circuit_no_condition_2_1_6,15,13,5409,1100
loop_2056_circuit_no_condition_2_1_6,15,14,5410,1100
loop_2056_circuit_no_condition_2_1_6,15,15,5396,1100
loop_2056_circuit_no_condition_2_1_6,15,0,5410,1200
loop_2056_circuit_no_condition_2_1_6,15,1,5410,1200
loop_2056_circuit_no_condition_2_1_6,15,2,5407,1200
loop_2056_circuit_no_condition_2_1_6,15,3,5407,1200
loop_2056_circuit_no_condition_2_1_6,15,4,5405,1200
loop_2056_circuit_no_condition_2_1_6,15,5,5428,1200
loop_2056_circuit_no_condition_2_1_6,15,6,5407,1200
loop_2056_circuit_no_condition_2_1_6,15,7,5410,1200
loop_2056_circuit_no_condition_2_1_6,15,8,5408,1200
loop_2056_circuit_no_condition_2_1_6,15,9,5412,1200
loop_2056_circuit_no_condition_2_1_6,15,10,5407,1200
loop_2056_circuit_no_condition_2_1_6,15,11,5405,1200
loop_2056_circuit_no_condition_2_1_6,15,12,5402,1200
loop_2056_circuit_no_condition_2_1_6,15,13,5407,1200
loop_2056_circuit_no_condition_2_1_6,15,14,5410,1200
loop_2056_circuit_no_condition_2_1_6,15,15,5407,1200
loop_2056_circuit_no_condition_2_1_6,15,0,5394,1301
loop_2056_circuit_no_condition_2_1_6,15,1,5402,1301
loop_2056_circuit_no_condition_2_1_6,15,2,5390,1301
loop_2056_circuit_no_condition_2_1_6,15,3,5413,1301
loop_2056_circuit_no_condition_2_1_6,15,4,5392,1301
loop_2056_circuit_no_condition_2_1_6,15,5,5388,1301
loop_2056_circuit_no_condition_2_1_6,15,6,5396,1301
loop_2056_circuit_no_condition_2_1_6,15,7,5395,1301
loop_2056_circuit_no_condition_2_1_6,15,8,5391,1301
loop_2056_circuit_no_condition_2_1_6,15,9,5389,1301
loop_2056_circuit_no_condition_2_1_6,15,10,5394,1301
loop_2056_circuit_no_condition_2_1_6,15,11,5392,1301
loop_2056_circuit_no_condition_2_1_6,15,12,5393,1301
loop_2056_circuit_no_condition_2_1_6,15,13,5393,1301
loop_2056_circuit_no_condition_2_1_6,15,14,5400,1301
loop_2056_circuit_no_condition_2_1_6,15,15,5395,1301
loop_2056_circuit_no_condition_2_1_6,15,0,5406,1401
loop_2056_circuit_no_condition_2_1_6,15,1,5401,1401
loop_2056_circuit_no_condition_2_1_6,15,2,5403,1401
loop_2056_circuit_no_condition_2_1_6,15,3,5404,1401
loop_2056_circuit_no_condition_2_1_6,15,4,5423,1401
loop_2056_circuit_no_condition_2_1_6,15,5,5400,1401
loop_2056_circuit_no_condition_2_1_6,15,6,5403,1401
loop_2056_circuit_no_condition_2_1_6,15,7,5401,1401
loop_2056_circuit_no_condition_2_1_6,15,8,5400,1401
loop_2056_circuit_no_condition_2_1_6,15,9,5401,1401
loop_2056_circuit_no_condition_2_1_6,15,10,5404,1401
loop_2056_circuit_no_condition_2_1_6,15,11,5406,1401
loop_2056_circuit_no_condition_2_1_6,15,12,5403,1401
loop_2056_circuit_no_condition_2_1_6,15,13,5401,1401
loop_2056_circuit_no_condition_2_1_6,15,14,5403,1401
loop_2056_circuit_no_condition_2_1_6,15,15,5408,1401
loop_2056_circuit_no_condition_2_1_6,15,0,5429,1501
loop_2056_circuit_no_condition_2_1_6,15,1,5386,1501
loop_2056_circuit_no_condition_2_1_6,15,2,5395,1501
loop_2056_circuit_no_condition_2_1_6,15,3,5451,1501
loop_2056_circuit_no_condition_2_1_6,15,4,5426,1501
loop_2056_circuit_no_condition_2_1_6,15,5,5410,1501
loop_2056_circuit_no_condition_2_1_6,15,6,5410,1501
loop_2056_circuit_no_condition_2_1_6,15,7,5401,1501
loop_2056_circuit_no_condition_2_1_6,15,8,5426,1501
loop_2056_circuit_no_condition_2_1_6,15,9,5437,1501
loop_2056_circuit_no_condition_2_1_6,15,10,5407,1501
loop_2056_circuit_no_condition_2_1_6,15,11,5418,1501
loop_2056_circuit_no_condition_2_1_6,15,12,5408,1501
loop_2056_circuit_no_condition_2_1_6,15,13,5428,1501
loop_2056_circuit_no_condition_2_1_6,15,14,5410,1501
loop_2056_circuit_no_condition_2_1_6,15,15,5427,1501
loop_2056_circuit_no_condition_2_1_6,15,0,5421,1600
loop_2056_circuit_no_condition_2_1_6,15,1,5378,1600
loop_2056_circuit_no_condition_2_1_6,15,2,624,1600
loop_2056_circuit_no_condition_2_1_6,15,3,5397,1600
loop_2056_circuit_no_condition_2_1_6,15,4,5424,1600
loop_2056_circuit_no_condition_2_1_6,15,5,5417,1600
loop_2056_circuit_no_condition_2_1_6,15,6,5413,1600
loop_2056_circuit_no_condition_2_1_6,15,7,5421,1600
loop_2056_circuit_no_condition_2_1_6,15,8,5419,1600
loop_2056_circuit_no_condition_2_1_6,15,9,5423,1600
loop_2056_circuit_no_condition_2_1_6,15,10,5405,1600
loop_2056_circuit_no_condition_2_1_6,15,11,5416,1600
loop_2056_circuit_no_condition_2_1_6,15,12,5358,1600
loop_2056_circuit_no_condition_2_1_6,15,13,5423,1600
loop_2056_circuit_no_condition_2_1_6,15,14,5376,1600
loop_2056_circuit_no_condition_2_1_6,15,15,5419,1600
loop_2056_circuit_no_condition_2_1_6,16,0,5427,1
loop_2056_circuit_no_condition_2_1_6,16,1,5381,1
loop_2056_circuit_no_condition_2_1_6,16,2,624,1
loop_2056_circuit_no_condition_2_1_6,16,3,5416,1
loop_2056_circuit_no_condition_2_1_6,16,4,5424,1
loop_2056_circuit_no_condition_2_1_6,16,5,5427,1
loop_2056_circuit_no_condition_2_1_6,16,6,5422,1
loop_2056_circuit_no_condition_2_1_6,16,7,5403,1
loop_2056_circuit_no_condition_2_1_6,16,8,624,1
loop_2056_circuit_no_condition_2_1_6,16,9,5413,1
loop_2056_circuit_no_condition_2_1_6,16,10,5419,1
loop_2056_circuit_no_condition_2_1_6,16,11,624,1
loop_2056_circuit_no_condition_2_1_6,16,12,5433,1
loop_2056_circuit_no_condition_2_1_6,16,13,5414,1
loop_2056_circuit_no_condition_2_1_6,16,14,624,1
loop_2056_circuit_no_condition_2_1_6,16,15,5459,1
loop_2056_circuit_no_condition_2_1_6,16,0,5429,101
loop_2056_circuit_no_condition_2_1_6,16,1,5407,101
loop_2056_circuit_no_condition_2_1_6,16,2,5409,101
loop_2056_circuit_no_condition_2_1_6,16,3,5419,101
loop_2056_circuit_no_condition_2_1_6,16,4,5397,101
loop_2056_circuit_no_condition_2_1_6,16,5,5311,101
loop_2056_circuit_no_condition_2_1_6,16,6,5374,101
loop_2056_circuit_no_condition_2_1_6,16,7,5423,101
loop_2056_circuit_no_condition_2_1_6,16,8,5422,101
loop_2056_circuit_no_condition_2_1_6,16,9,5350,101
loop_2056_circuit_no_condition_2_1_6,16,10,5410,101
loop_2056_circuit_no_condition_2_1_6,16,11,5412,101
loop_2056_circuit_no_condition_2_1_6,16,12,5400,101
loop_2056_circuit_no_condition_2_1_6,16,13,5413,101
loop_2056_circuit_no_condition_2_1_6,16,14,5327,101
loop_2056_circuit_no_condition_2_1_6,16,15,5418,101
loop_2056_circuit_no_condition_2_1_6,16,0,5404,200
loop_2056_circuit_no_condition_2_1_6,16,1,5416,200
loop_2056_circuit_no_condition_2_1_6,16,2,5366,200
loop_2056_circuit_no_condition_2_1_6,16,3,5403,200
loop_2056_circuit_no_condition_2_1_6,16,4,5417,200
loop_2056_circuit_no_condition_2_1_6,16,5,5425,200
loop_2056_circuit_no_condition_2_1_6,16,6,3228,200
loop_2056_circuit_no_condition_2_1_6,16,7,5424,200
loop_2056_circuit_no_condition_2_1_6,16,8,5422,200
loop_2056_circuit_no_condition_2_1_6,16,9,5405,200
loop_2056_circuit_no_condition_2_1_6,16,10,5417,200
loop_2056_circuit_no_condition_2_1_6,16,11,5415,200
loop_2056_circuit_no_condition_2_1_6,16,12,5408,200
loop_2056_circuit_no_condition_2_1_6,16,13,5420,200
loop_2056_circuit_no_condition_2_1_6,16,14,5415,200
loop_2056_circuit_no_condition_2_1_6,16,15,5361,200
loop_2056_circuit_no_condition_2_1_6,16,0,5428,300
loop_2056_circuit_no_condition_2_1_6,16,1,5420,300
loop_2056_circuit_no_condition_2_1_6,16,2,624,300
loop_2056_circuit_no_condition_2_1_6,16,3,624,300
loop_2056_circuit_no_condition_2_1_6,16,4,624,300
loop_2056_circuit_no_condition_2_1_6,16,5,5430,300
loop_2056_circuit_no_condition_2_1_6,16,6,4038,300
loop_2056_circuit_no_condition_2_1_6,16,7,624,300
loop_2056_circuit_no_condition_2_1_6,16,8,624,300
loop_2056_circuit_no_condition_2_1_6,16,9,624,300
loop_2056_circuit_no_condition_2_1_6,16,10,624,300
loop_2056_circuit_no_condition_2_1_6,16,11,624,300
loop_2056_circuit_no_condition_2_1_6,16,12,624,300
loop_2056_circuit_no_condition_2_1_6,16,13,624,300
loop_2056_circuit_no_condition_2_1_6,16,14,624,300
loop_2056_circuit_no_condition_2_1_6,16,15,4630,300
loop_2056_circuit_no_condition_2_1_6,16,0,4969,401
loop_2056_circuit_no_condition_2_1_6,16,1,4470,401
loop_2056_circuit_no_condition_2_1_6,16,2,624,401
loop_2056_circuit_no_condition_2_1_6,16,3,4609,401
loop_2056_circuit_no_condition_2_1_6,16,4,624,401
loop_2056_circuit_no_condition_2_1_6,16,5,5434,401
loop_2056_circuit_no_condition_2_1_6,16,6,624,401
loop_2056_circuit_no_condition_2_1_6,16,7,624,401
loop_2056_circuit_no_condition_2_1_6,16,8,624,401
loop_2056_circuit_no_condition_2_1_6,16,9,624,401
loop_2056_circuit_no_condition_2_1_6,16,10,624,401
loop_2056_circuit_no_condition_2_1_6,16,11,624,401
loop_2056_circuit_no_condition_2_1_6,16,12,624,401
loop_2056_circuit_no_condition_2_1_6,16,13,624,401
loop_2056_circuit_no_condition_2_1_6,16,14,624,401
loop_2056_circuit_no_condition_2_1_6,16,15,624,401
loop_2056_circuit_no_condition_2_1_6,16,0,5425,501
loop_2056_circuit_no_condition_2_1_6,16,1,624,501
loop_2056_circuit_no_condition_2_1_6,16,2,624,501
loop_2056_circuit_no_condition_2_1_6,16,3,4679,501
loop_2056_circuit_no_condition_2_1_6,16,4,624,501
loop_2056_circuit_no_condition_2_1_6,16,5,5429,501
loop_2056_circuit_no_condition_2_1_6,16,6,624,501
loop_2056_circuit_no_condition_2_1_6,16,7,624,501
loop_2056_circuit_no_condition_2_1_6,16,8,4496,501
loop_2056_circuit_no_condition_2_1_6,16,9,624,501
loop_2056_circuit_no_condition_2_1_6,16,10,624,501
loop_2056_circuit_no_condition_2_1_6,16,11,624,501
loop_2056_circuit_no_condition_2_1_6,16,12,624,501
loop_2056_circuit_no_condition_2_1_6,16,13,624,501
loop_2056_circuit_no_condition_2_1_6,16,14,624,501
loop_2056_circuit_no_condition_2_1_6,16,15,624,501
loop_2056_circuit_no_condition_2_1_6,16,0,5418,600
loop_2056_circuit_no_condition_2_1_6,16,1,5425,600
loop_2056_circuit_no_condition_2_1_6,16,2,5419,600
loop_2056_circuit_no_condition_2_1_6,16,3,5418,600
loop_2056_circuit_no_condition_2_1_6,16,4,5423,600
loop_2056_circuit_no_condition_2_1_6,16,5,5421,600
loop_2056_circuit_no_condition_2_1_6,16,6,5419,600
loop_2056_circuit_no_condition_2_1_6,16,7,5418,600
loop_2056_circuit_no_condition_2_1_6,16,8,5422,600
loop_2056_circuit_no_condition_2_1_6,16,9,5422,600
loop_2056_circuit_no_condition_2_1_6,16,10,5420,600
loop_2056_circuit_no_condition_2_1_6,16,11,5419,600
loop_2056_circuit_no_condition_2_1_6,16,12,5423,600
loop_2056_circuit_no_condition_2_1_6,16,13,5423,600
loop_2056_circuit_no_condition_2_1_6,16,14,5425,600
loop_2056_circuit_no_condition_2_1_6,16,15,5423,600
loop_2056_circuit_no_condition_2_1_6,16,0,5423,701
loop_2056_circuit_no_condition_2_1_6,16,1,5420,701
loop_2056_circuit_no_condition_2_1_6,16,2,5425,701
loop_2056_circuit_no_condition_2_1_6,16,3,5416,701
loop_2056_circuit_no_condition_2_1_6,16,4,5431,701
loop_2056_circuit_no_condition_2_1_6,16,5,5423,701
loop_2056_circuit_no_condition_2_1_6,16,6,5420,701
loop_2056_circuit_no_condition_2_1_6,16,7,5423,701
loop_2056_circuit_no_condition_2_1_6,16,8,5423,701
loop_2056_circuit_no_condition_2_1_6,16,9,5422,701
loop_2056_circuit_no_condition_2_1_6,16,10,5423,701
loop_2056_circuit_no_condition_2_1_6,16,11,5421,701
loop_2056_circuit_no_condition_2_1_6,16,12,5424,701
loop_2056_circuit_no_condition_2_1_6,16,13,5419,701
loop_2056_circuit_no_condition_2_1_6,16,14,5424,701
loop_2056_circuit_no_condition_2_1_6,16,15,5423,701
loop_2056_circuit_no_condition_2_1_6,16,0,5419,801
loop_2056_circuit_no_condition_2_1_6,16,1,5419,801
loop_2056_circuit_no_condition_2_1_6,16,2,5421,801
loop_2056_circuit_no_condition_2_1_6,16,3,5416,801
loop_2056_circuit_no_condition_2_1_6,16,4,5430,801
loop_2056_circuit_no_condition_2_1_6,16,5,5419,801
loop_2056_circuit_no_condition_2_1_6,16,6,5420,801
loop_2056_circuit_no_condition_2_1_6,16,7,5421,801
loop_2056_circuit_no_condition_2_1_6,16,8,5419,801
loop_2056_circuit_no_condition_2_1_6,16,9,5420,801
loop_2056_circuit_no_condition_2_1_6,16,10,5419,801
loop_2056_circuit_no_condition_2_1_6,16,11,5420,801
loop_2056_circuit_no_condition_2_1_6,16,12,5420,801
loop_2056_circuit_no_condition_2_1_6,16,13,5419,801
loop_2056_circuit_no_condition_2_1_6,16,14,5420,801
loop_2056_circuit_no_condition_2_1_6,16,15,5419,801
loop_2056_circuit_no_condition_2_1_6,16,0,5421,901
loop_2056_circuit_no_condition_2_1_6,16,1,5421,901
loop_2056_circuit_no_condition_2_1_6,16,2,5422,901
loop_2056_circuit_no_condition_2_1_6,16,3,5421,901
loop_2056_circuit_no_condition_2_1_6,16,4,5423,901
loop_2056_circuit_no_condition_2_1_6,16,5,5427,901
loop_2056_circuit_no_condition_2_1_6,16,6,5421,901
loop_2056_circuit_no_condition_2_1_6,16,7,5425,901
loop_2056_circuit_no_condition_2_1_6,16,8,5421,901
loop_2056_circuit_no_condition_2_1_6,16,9,5421,901
loop_2056_circuit_no_condition_2_1_6,16,10,5422,901
loop_2056_circuit_no_condition_2_1_6,16,11,5421,901
loop_2056_circuit_no_condition_2_1_6,16,12,5421,901
loop_2056_circuit_no_condition_2_1_6,16,13,5422,901
loop_2056_circuit_no_condition_2_1_6,16,14,5422,901
loop_2056_circuit_no_condition_2_1_6,16,15,5421,901
loop_2056_circuit_no_condition_2_1_6,16,0,5411,1000
loop_2056_circuit_no_condition_2_1_6,16,1,5409,1000
loop_2056_circuit_no_condition_2_1_6,16,2,5411,1000
loop_2056_circuit_no_condition_2_1_6,16,3,5410,1000
loop_2056_circuit_no_condition_2_1_6,16,4,5410,1000
loop_2056_circuit_no_condition_2_1_6,16,5,5418,1000
loop_2056_circuit_no_condition_2_1_6,16,6,5413,1000
loop_2056_circuit_no_condition_2_1_6,16,7,5411,1000
loop_2056_circuit_no_condition_2_1_6,16,8,5411,1000
loop_2056_circuit_no_condition_2_1_6,16,9,5411,1000
loop_2056_circuit_no_condition_2_1_6,16,10,5410,1000
loop_2056_circuit_no_condition_2_1_6,16,11,5410,1000
loop_2056_circuit_no_condition_2_1_6,16,12,5410,1000
loop_2056_circuit_no_condition_2_1_6,16,13,5411,1000
loop_2056_circuit_no_condition_2_1_6,16,14,5412,1000
loop_2056_circuit_no_condition_2_1_6,16,15,5410,1000
loop_2056_circuit_no_condition_2_1_6,16,0,5413,1100
loop_2056_circuit_no_condition_2_1_6,16,1,5415,1100
loop_2056_circuit_no_condition_2_1_6,16,2,5415,1100
loop_2056_circuit_no_condition_2_1_6,16,3,5414,1100
loop_2056_circuit_no_condition_2_1_6,16,4,5413,1100
loop_2056_circuit_no_condition_2_1_6,16,5,5415,1100
loop_2056_circuit_no_condition_2_1_6,16,6,5424,1100
loop_2056_circuit_no_condition_2_1_6,16,7,5414,1100
loop_2056_circuit_no_condition_2_1_6,16,8,5415,1100
loop_2056_circuit_no_condition_2_1_6,16,9,5423,1100
loop_2056_circuit_no_condition_2_1_6,16,10,5423,1100
loop_2056_circuit_no_condition_2_1_6,16,11,5414,1100
loop_2056_circuit_no_condition_2_1_6,16,12,5425,1100
loop_2056_circuit_no_condition_2_1_6,16,13,5414,1100
loop_2056_circuit_no_condition_2_1_6,16,14,5414,1100
loop_2056_circuit_no_condition_2_1_6,16,15,5414,1100
loop_2056_circuit_no_condition_2_1_6,16,0,5417,1201
loop_2056_circuit_no_condition_2_1_6,16,1,5414,1201
loop_2056_circuit_no_condition_2_1_6,16,2,5414,1201
loop_2056_circuit_no_condition_2_1_6,16,3,5418,1201
loop_2056_circuit_no_condition_2_1_6,16,4,5413,1201
loop_2056_circuit_no_condition_2_1_6,16,5,5422,1201
loop_2056_circuit_no_condition_2_1_6,16,6,5417,1201
loop_2056_circuit_no_condition_2_1_6,16,7,5414,1201
loop_2056_circuit_no_condition_2_1_6,16,8,5414,1201
loop_2056_circuit_no_condition_2_1_6,16,9,5414,1201
loop_2056_circuit_no_condition_2_1_6,16,10,5414,1201
loop_2056_circuit_no_condition_2_1_6,16,11,5413,1201
loop_2056_circuit_no_condition_2_1_6,16,12,5414,1201
loop_2056_circuit_no_condition_2_1_6,16,13,5413,1201
loop_2056_circuit_no_condition_2_1_6,16,14,5418,1201
loop_2056_circuit_no_condition_2_1_6,16,15,5414,1201
loop_2056_circuit_no_condition_2_1_6,16,0,5422,1301
loop_2056_circuit_no_condition_2_1_6,16,1,5421,1301
loop_2056_circuit_no_condition_2_1_6,16,2,5421,1301
loop_2056_circuit_no_condition_2_1_6,16,3,5422,1301
loop_2056_circuit_no_condition_2_1_6,16,4,5420,1301
loop_2056_circuit_no_condition_2_1_6,16,5,5421,1301
loop_2056_circuit_no_condition_2_1_6,16,6,5421,1301
loop_2056_circuit_no_condition_2_1_6,16,7,5421,1301
loop_2056_circuit_no_condition_2_1_6,16,8,5421,1301
loop_2056_circuit_no_condition_2_1_6,16,9,5422,1301
loop_2056_circuit_no_condition_2_1_6,16,10,5421,1301
loop_2056_circuit_no_condition_2_1_6,16,11,5422,1301
loop_2056_circuit_no_condition_2_1_6,16,12,5428,1301
loop_2056_circuit_no_condition_2_1_6,16,13,5421,1301
loop_2056_circuit_no_condition_2_1_6,16,14,5423,1301
loop_2056_circuit_no_condition_2_1_6,16,15,5421,1301
loop_2056_circuit_no_condition_2_1_6,16,0,5416,1400
loop_2056_circuit_no_condition_2_1_6,16,1,5415,1400
loop_2056_circuit_no_condition_2_1_6,16,2,5416,1400
loop_2056_circuit_no_condition_2_1_6,16,3,5417,1400
loop_2056_circuit_no_condition_2_1_6,16,4,5415,1400
loop_2056_circuit_no_condition_2_1_6,16,5,5426,1400
loop_2056_circuit_no_condition_2_1_6,16,6,5418,1400
loop_2056_circuit_no_condition_2_1_6,16,7,5417,1400
loop_2056_circuit_no_condition_2_1_6,16,8,5415,1400
loop_2056_circuit_no_condition_2_1_6,16,9,5416,1400
loop_2056_circuit_no_condition_2_1_6,16,10,5416,1400
loop_2056_circuit_no_condition_2_1_6,16,11,5416,1400
loop_2056_circuit_no_condition_2_1_6,16,12,5416,1400
loop_2056_circuit_no_condition_2_1_6,16,13,5416,1400
loop_2056_circuit_no_condition_2_1_6,16,14,5418,1400
loop_2056_circuit_no_condition_2_1_6,16,15,5416,1400
loop_2056_circuit_no_condition_2_1_6,16,0,5415,1500
loop_2056_circuit_no_condition_2_1_6,16,1,5415,1500
loop_2056_circuit_no_condition_2_1_6,16,2,5416,1500
loop_2056_circuit_no_condition_2_1_6,16,3,5417,1500
loop_2056_circuit_no_condition_2_1_6,16,4,5415,1500
loop_2056_circuit_no_condition_2_1_6,16,5,5415,1500
loop_2056_circuit_no_condition_2_1_6,16,6,5415,1500
loop_2056_circuit_no_condition_2_1_6,16,7,5415,1500
loop_2056_circuit_no_condition_2_1_6,16,8,5415,1500
loop_2056_circuit_no_condition_2_1_6,16,9,5415,1500
loop_2056_circuit_no_condition_2_1_6,16,10,5415,1500
loop_2056_circuit_no_condition_2_1_6,16,11,5416,1500
loop_2056_circuit_no_condition_2_1_6,16,12,5416,1500
loop_2056_circuit_no_condition_2_1_6,16,13,5422,1500
loop_2056_circuit_no_condition_2_1_6,16,14,5415,1500
loop_2056_circuit_no_condition_2_1_6,16,15,5416,1500
loop_2056_circuit_no_condition_2_1_6,16,0,5416,1601
loop_2056_circuit_no_condition_2_1_6,16,1,5420,1601
loop_2056_circuit_no_condition_2_1_6,16,2,5418,1601
loop_2056_circuit_no_condition_2_1_6,16,3,5419,1601
loop_2056_circuit_no_condition_2_1_6,16,4,5415,1601
loop_2056_circuit_no_condition_2_1_6,16,5,5415,1601
loop_2056_circuit_no_condition_2_1_6,16,6,5422,1601
loop_2056_circuit_no_condition_2_1_6,16,7,5415,1601
loop_2056_circuit_no_condition_2_1_6,16,8,5415,1601
loop_2056_circuit_no_condition_2_1_6,16,9,5415,1601
loop_2056_circuit_no_condition_2_1_6,16,10,5425,1601
loop_2056_circuit_no_condition_2_1_6,16,11,5416,1601
loop_2056_circuit_no_condition_2_1_6,16,12,5415,1601
loop_2056_circuit_no_condition_2_1_6,16,13,5415,1601
loop_2056_circuit_no_condition_2_1_6,16,14,5415,1601
loop_2056_circuit_no_condition_2_1_6,16,15,5415,1601
loop_2056_circuit_no_condition_2_1_6,16,0,5414,1701
loop_2056_circuit_no_condition_2_1_6,16,1,5415,1701
loop_2056_circuit_no_condition_2_1_6,16,2,5415,1701
loop_2056_circuit_no_condition_2_1_6,16,3,5415,1701
loop_2056_circuit_no_condition_2_1_6,16,4,5415,1701
loop_2056_circuit_no_condition_2_1_6,16,5,5421,1701
loop_2056_circuit_no_condition_2_1_6,16,6,5417,1701
loop_2056_circuit_no_condition_2_1_6,16,7,5415,1701
loop_2056_circuit_no_condition_2_1_6,16,8,5414,1701
loop_2056_circuit_no_condition_2_1_6,16,9,5415,1701
loop_2056_circuit_no_condition_2_1_6,16,10,5415,1701
loop_2056_circuit_no_condition_2_1_6,16,11,5419,1701
loop_2056_circuit_no_condition_2_1_6,16,12,5423,1701
loop_2056_circuit_no_condition_2_1_6,16,13,5415,1701
loop_2056_circuit_no_condition_2_1_6,16,14,5418,1701
loop_2056_circuit_no_condition_2_1_6,16,15,5417,1701
loop_2056_circuit_no_condition_2_1_6,16,0,5422,1801
loop_2056_circuit_no_condition_2_1_6,16,1,5423,1801
loop_2056_circuit_no_condition_2_1_6,16,2,5422,1801
loop_2056_circuit_no_condition_2_1_6,16,3,5423,1801
loop_2056_circuit_no_condition_2_1_6,16,4,5423,1801
loop_2056_circuit_no_condition_2_1_6,16,5,5413,1801
loop_2056_circuit_no_condition_2_1_6,16,6,5418,1801
loop_2056_circuit_no_condition_2_1_6,16,7,5422,1801
loop_2056_circuit_no_condition_2_1_6,16,8,5412,1801
loop_2056_circuit_no_condition_2_1_6,16,9,5422,1801
loop_2056_circuit_no_condition_2_1_6,16,10,5423,1801
loop_2056_circuit_no_condition_2_1_6,16,11,5422,1801
loop_2056_circuit_no_condition_2_1_6,16,12,5432,1801
loop_2056_circuit_no_condition_2_1_6,16,13,5422,1801
loop_2056_circuit_no_condition_2_1_6,16,14,5412,1801
loop_2056_circuit_no_condition_2_1_6,16,15,5423,1801
loop_2056_circuit_no_condition_2_1_6,16,0,5422,1900
loop_2056_circuit_no_condition_2_1_6,16,1,5417,1900
loop_2056_circuit_no_condition_2_1_6,16,2,5420,1900
loop_2056_circuit_no_condition_2_1_6,16,3,5418,1900
loop_2056_circuit_no_condition_2_1_6,16,4,5420,1900
loop_2056_circuit_no_condition_2_1_6,16,5,5415,1900
loop_2056_circuit_no_condition_2_1_6,16,6,5415,1900
loop_2056_circuit_no_condition_2_1_6,16,7,5413,1900
loop_2056_circuit_no_condition_2_1_6,16,8,5415,1900
loop_2056_circuit_no_condition_2_1_6,16,9,5413,1900
loop_2056_circuit_no_condition_2_1_6,16,10,5413,1900
loop_2056_circuit_no_condition_2_1_6,16,11,5414,1900
loop_2056_circuit_no_condition_2_1_6,16,12,5414,1900
loop_2056_circuit_no_condition_2_1_6,16,13,5413,1900
loop_2056_circuit_no_condition_2_1_6,16,14,5414,1900
loop_2056_circuit_no_condition_2_1_6,16,15,5417,1900
loop_2056_circuit_no_condition_2_1_6,16,0,5397,2001
loop_2056_circuit_no_condition_2_1_6,16,1,5424,2001
loop_2056_circuit_no_condition_2_1_6,16,2,5419,2001
loop_2056_circuit_no_condition_2_1_6,16,3,5415,2001
loop_2056_circuit_no_condition_2_1_6,16,4,5419,2001
loop_2056_circuit_no_condition_2_1_6,16,5,5388,2001
loop_2056_circuit_no_condition_2_1_6,16,6,5429,2001
loop_2056_circuit_no_condition_2_1_6,16,7,5385,2001
loop_2056_circuit_no_condition_2_1_6,16,8,5350,2001
loop_2056_circuit_no_condition_2_1_6,16,9,5431,2001
loop_2056_circuit_no_condition_2_1_6,16,10,5427,2001
loop_2056_circuit_no_condition_2_1_6,16,11,5384,2001
loop_2056_circuit_no_condition_2_1_6,16,12,5427,2001
loop_2056_circuit_no_condition_2_1_6,16,13,5410,2001
loop_2056_circuit_no_condition_2_1_6,16,14,5419,2001
loop_2056_circuit_no_condition_2_1_6,16,15,5425,2001
loop_2056_circuit_no_condition_2_1_6,17,0,5432,1
loop_2056_circuit_no_condition_2_1_6,17,1,5429,1
loop_2056_circuit_no_condition_2_1_6,17,2,624,1
loop_2056_circuit_no_condition_2_1_6,17,3,5430,1
loop_2056_circuit_no_condition_2_1_6,17,4,5395,1
loop_2056_circuit_no_condition_2_1_6,17,5,3438,1
loop_2056_circuit_no_condition_2_1_6,17,6,5426,1
loop_2056_circuit_no_condition_2_1_6,17,7,5411,1
loop_2056_circuit_no_condition_2_1_6,17,8,5431,1
loop_2056_circuit_no_condition_2_1_6,17,9,624,1
loop_2056_circuit_no_condition_2_1_6,17,10,624,1
loop_2056_circuit_no_condition_2_1_6,17,11,5359,1
loop_2056_circuit_no_condition_2_1_6,17,12,5400,1
loop_2056_circuit_no_condition_2_1_6,17,13,624,1
loop_2056_circuit_no_condition_2_1_6,17,14,624,1
loop_2056_circuit_no_condition_2_1_6,17,15,5431,1
loop_2056_circuit_no_condition_2_1_6,17,0,5406,101
loop_2056_circuit_no_condition_2_1_6,17,1,5422,101
loop_2056_circuit_no_condition_2_1_6,17,2,5404,101
loop_2056_circuit_no_condition_2_1_6,17,3,5427,101
loop_2056_circuit_no_condition_2_1_6,17,4,5412,101
loop_2056_circuit_no_condition_2_1_6,17,5,5416,101
loop_2056_circuit_no_condition_2_1_6,17,6,5414,101
loop_2056_circuit_no_condition_2_1_6,17,7,5383,101
loop_2056_circuit_no_condition_2_1_6,17,8,5411,101
loop_2056_circuit_no_condition_2_1_6,17,9,5418,101
loop_2056_circuit_no_condition_2_1_6,17,10,5410,101
loop_2056_circuit_no_condition_2_1_6,17,11,5409,101
loop_2056_circuit_no_condition_2_1_6,17,12,5407,101
loop_2056_circuit_no_condition_2_1_6,17,13,5423,101
loop_2056_circuit_no_condition_2_1_6,17,14,5413,101
loop_2056_circuit_no_condition_2_1_6,17,15,5417,101
loop_2056_circuit_no_condition_2_1_6,17,0,5428,201
loop_2056_circuit_no_condition_2_1_6,17,1,5415,201
loop_2056_circuit_no_condition_2_1_6,17,2,5430,201
loop_2056_circuit_no_condition_2_1_6,17,3,5421,201
loop_2056_circuit_no_condition_2_1_6,17,4,5433,201
loop_2056_circuit_no_condition_2_1_6,17,5,5427,201
loop_2056_circuit_no_condition_2_1_6,17,6,5416,201
loop_2056_circuit_no_condition_2_1_6,17,7,5425,201
loop_2056_circuit_no_condition_2_1_6,17,8,5350,201
loop_2056_circuit_no_condition_2_1_6,17,9,5406,201
loop_2056_circuit_no_condition_2_1_6,17,10,5414,201
loop_2056_circuit_no_condition_2_1_6,17,11,5356,201
loop_2056_circuit_no_condition_2_1_6,17,12,5409,201
loop_2056_circuit_no_condition_2_1_6,17,13,5386,201
loop_2056_circuit_no_condition_2_1_6,17,14,5422,201
loop_2056_circuit_no_condition_2_1_6,17,15,5425,201
loop_2056_circuit_no_condition_2_1_6,17,0,624,300
loop_2056_circuit_no_condition_2_1_6,17,1,624,300
loop_2056_circuit_no_condition_2_1_6,17,2,624,300
loop_2056_circuit_no_condition_2_1_6,17,3,624,300
loop_2056_circuit_no_condition_2_1_6,17,4,5423,300
loop_2056_circuit_no_condition_2_1_6,17,5,5432,300
loop_2056_circuit_no_condition_2_1_6,17,6,624,300
loop_2056_circuit_no_condition_2_1_6,17,7,624,300
loop_2056_circuit_no_condition_2_1_6,17,8,624,300
loop_2056_circuit_no_condition_2_1_6,17,9,624,300
loop_2056_circuit_no_condition_2_1_6,17,10,624,300
loop_2056_circuit_no_condition_2_1_6,17,11,624,300
loop_2056_circuit_no_condition_2_1_6,17,12,624,300
loop_2056_circuit_no_condition_2_1_6,17,13,624,300
loop_2056_circuit_no_condition_2_1_6,17,14,624,300
loop_2056_circuit_no_condition_2_1_6,17,15,624,300
loop_2056_circuit_no_condition_2_1_6,17,0,624,401
loop_2056_circuit_no_condition_2_1_6,17,1,624,401
loop_2056_circuit_no_condition_2_1_6,17,2,624,401
loop_2056_circuit_no_condition_2_1_6,17,3,624,401
loop_2056_circuit_no_condition_2_1_6,17,4,624,401
loop_2056_circuit_no_condition_2_1_6,17,5,5430,401
loop_2056_circuit_no_condition_2_1_6,17,6,624,401
loop_2056_circuit_no_condition_2_1_6,17,7,624,401
loop_2056_circuit_no_condition_2_1_6,17,8,624,401
loop_2056_circuit_no_condition_2_1_6,17,9,624,401
loop_2056_circuit_no_condition_2_1_6,17,10,624,401
loop_2056_circuit_no_condition_2_1_6,17,11,624,401
loop_2056_circuit_no_condition_2_1_6,17,12,624,401
loop_2056_circuit_no_condition_2_1_6,17,13,624,401
loop_2056_circuit_no_condition_2_1_6,17,14,624,401
loop_2056_circuit_no_condition_2_1_6,17,15,624,401
loop_2056_circuit_no_condition_2_1_6,17,0,624,501
loop_2056_circuit_no_condition_2_1_6,17,1,624,501
loop_2056_circuit_no_condition_2_1_6,17,2,624,501
loop_2056_circuit_no_condition_2_1_6,17,3,624,501
loop_2056_circuit_no_condition_2_1_6,17,4,3680,501
loop_2056_circuit_no_condition_2_1_6,17,5,5431,501
loop_2056_circuit_no_condition_2_1_6,17,6,4668,501
loop_2056_circuit_no_condition_2_1_6,17,7,624,501
loop_2056_circuit_no_condition_2_1_6,17,8,624,501
loop_2056_circuit_no_condition_2_1_6,17,9,624,501
loop_2056_circuit_no_condition_2_1_6,17,10,5435,501
loop_2056_circuit_no_condition_2_1_6,17,11,624,501
loop_2056_circuit_no_condition_2_1_6,17,12,624,501
loop_2056_circuit_no_condition_2_1_6,17,13,624,501
loop_2056_circuit_no_condition_2_1_6,17,14,624,501
loop_2056_circuit_no_condition_2_1_6,17,15,624,501
loop_2056_circuit_no_condition_2_1_6,17,0,5420,601
loop_2056_circuit_no_condition_2_1_6,17,1,5418,601
loop_2056_circuit_no_condition_2_1_6,17,2,5419,601
loop_2056_circuit_no_condition_2_1_6,17,3,5421,601
loop_2056_circuit_no_condition_2_1_6,17,4,5419,601
loop_2056_circuit_no_condition_2_1_6,17,5,5424,601
loop_2056_circuit_no_condition_2_1_6,17,6,5420,601
loop_2056_circuit_no_condition_2_1_6,17,7,5419,601
loop_2056_circuit_no_condition_2_1_6,17,8,5419,601
loop_2056_circuit_no_condition_2_1_6,17,9,5419,601
loop_2056_circuit_no_condition_2_1_6,17,10,5418,601
loop_2056_circuit_no_condition_2_1_6,17,11,5419,601
loop_2056_circuit_no_condition_2_1_6,17,12,5419,601
loop_2056_circuit_no_condition_2_1_6,17,13,5419,601
loop_2056_circuit_no_condition_2_1_6,17,14,5419,601
loop_2056_circuit_no_condition_2_1_6,17,15,5419,601
loop_2056_circuit_no_condition_2_1_6,17,0,5412,701
loop_2056_circuit_no_condition_2_1_6,17,1,5414,701
loop_2056_circuit_no_condition_2_1_6,17,2,5414,701
loop_2056_circuit_no_condition_2_1_6,17,3,5415,701
loop_2056_circuit_no_condition_2_1_6,17,4,5412,701
loop_2056_circuit_no_condition_2_1_6,17,5,5416,701
loop_2056_circuit_no_condition_2_1_6,17,6,5413,701
loop_2056_circuit_no_condition_2_1_6,17,7,5412,701
loop_2056_circuit_no_condition_2_1_6,17,8,5413,701
loop_2056_circuit_no_condition_2_1_6,17,9,5412,701
loop_2056_circuit_no_condition_2_1_6,17,10,5413,701
loop_2056_circuit_no_condition_2_1_6,17,11,5413,701
loop_2056_circuit_no_condition_2_1_6,17,12,5414,701
loop_2056_circuit_no_condition_2_1_6,17,13,5412,701
loop_2056_circuit_no_condition_2_1_6,17,14,5412,701
loop_2056_circuit_no_condition_2_1_6,17,15,5411,701
loop_2056_circuit_no_condition_2_1_6,17,0,5415,800
loop_2056_circuit_no_condition_2_1_6,17,1,5415,800
loop_2056_circuit_no_condition_2_1_6,17,2,5420,800
loop_2056_circuit_no_condition_2_1_6,17,3,5415,800
loop_2056_circuit_no_condition_2_1_6,17,4,5415,800
loop_2056_circuit_no_condition_2_1_6,17,5,5418,800
loop_2056_circuit_no_condition_2_1_6,17,6,5415,800
loop_2056_circuit_no_condition_2_1_6,17,7,5415,800
loop_2056_circuit_no_condition_2_1_6,17,8,5416,800
loop_2056_circuit_no_condition_2_1_6,17,9,5415,800
loop_2056_circuit_no_condition_2_1_6,17,10,5417,800
loop_2056_circuit_no_condition_2_1_6,17,11,5415,800
loop_2056_circuit_no_condition_2_1_6,17,12,5415,800
loop_2056_circuit_no_condition_2_1_6,17,13,5415,800
loop_2056_circuit_no_condition_2_1_6,17,14,5415,800
loop_2056_circuit_no_condition_2_1_6,17,15,5415,800
loop_2056_circuit_no_condition_2_1_6,17,0,5420,901
loop_2056_circuit_no_condition_2_1_6,17,1,5420,901
loop_2056_circuit_no_condition_2_1_6,17,2,5421,901
loop_2056_circuit_no_condition_2_1_6,17,3,5421,901
loop_2056_circuit_no_condition_2_1_6,17,4,5419,901
loop_2056_circuit_no_condition_2_1_6,17,5,5424,901
loop_2056_circuit_no_condition_2_1_6,17,6,5423,901
loop_2056_circuit_no_condition_2_1_6,17,7,5419,901
loop_2056_circuit_no_condition_2_1_6,17,8,5419,901
loop_2056_circuit_no_condition_2_1_6,17,9,5422,901
loop_2056_circuit_no_condition_2_1_6,17,10,5421,901
loop_2056_circuit_no_condition_2_1_6,17,11,5419,901
loop_2056_circuit_no_condition_2_1_6,17,12,5420,901
loop_2056_circuit_no_condition_2_1_6,17,13,5419,901
loop_2056_circuit_no_condition_2_1_6,17,14,5419,901
loop_2056_circuit_no_condition_2_1_6,17,15,5419,901
loop_2056_circuit_no_condition_2_1_6,17,0,5417,1001
loop_2056_circuit_no_condition_2_1_6,17,1,5422,1001
loop_2056_circuit_no_condition_2_1_6,17,2,5419,1001
loop_2056_circuit_no_condition_2_1_6,17,3,5419,1001
loop_2056_circuit_no_condition_2_1_6,17,4,5417,1001
loop_2056_circuit_no_condition_2_1_6,17,5,5426,1001
loop_2056_circuit_no_condition_2_1_6,17,6,5417,1001
loop_2056_circuit_no_condition_2_1_6,17,7,5417,1001
loop_2056_circuit_no_condition_2_1_6,17,8,5421,1001
loop_2056_circuit_no_condition_2_1_6,17,9,5421,1001
loop_2056_circuit_no_condition_2_1_6,17,10,5419,1001
loop_2056_circuit_no_condition_2_1_6,17,11,5417,1001
loop_2056_circuit_no_condition_2_1_6,17,12,5418,1001
loop_2056_circuit_no_condition_2_1_6,17,13,5418,1001
loop_2056_circuit_no_condition_2_1_6,17,14,5418,1001
loop_2056_circuit_no_condition_2_1_6,17,15,5417,1001
loop_2056_circuit_no_condition_2_1_6,17,0,5415,1101
loop_2056_circuit_no_condition_2_1_6,17,1,5415,1101
loop_2056_circuit_no_condition_2_1_6,17,2,5414,1101
loop_2056_circuit_no_condition_2_1_6,17,3,5416,1101
loop_2056_circuit_no_condition_2_1_6,17,4,5415,1101
loop_2056_circuit_no_condition_2_1_6,17,5,5414,1101
loop_2056_circuit_no_condition_2_1_6,17,6,5413,1101
loop_2056_circuit_no_condition_2_1_6,17,7,5416,1101
loop_2056_circuit_no_condition_2_1_6,17,8,5414,1101
loop_2056_circuit_no_condition_2_1_6,17,9,5416,1101
loop_2056_circuit_no_condition_2_1_6,17,10,5415,1101
loop_2056_circuit_no_condition_2_1_6,17,11,5416,1101
loop_2056_circuit_no_condition_2_1_6,17,12,5414,1101
loop_2056_circuit_no_condition_2_1_6,17,13,5415,1101
loop_2056_circuit_no_condition_2_1_6,17,14,5425,1101
loop_2056_circuit_no_condition_2_1_6,17,15,5414,1101
loop_2056_circuit_no_condition_2_1_6,17,0,5419,1200
loop_2056_circuit_no_condition_2_1_6,17,1,5417,1200
loop_2056_circuit_no_condition_2_1_6,17,2,5417,1200
loop_2056_circuit_no_condition_2_1_6,17,3,5420,1200
loop_2056_circuit_no_condition_2_1_6,17,4,5419,1200
loop_2056_circuit_no_condition_2_1_6,17,5,5423,1200
loop_2056_circuit_no_condition_2_1_6,17,6,5420,1200
loop_2056_circuit_no_condition_2_1_6,17,7,5418,1200
loop_2056_circuit_no_condition_2_1_6,17,8,5420,1200
loop_2056_circuit_no_condition_2_1_6,17,9,5417,1200
loop_2056_circuit_no_condition_2_1_6,17,10,5418,1200
loop_2056_circuit_no_condition_2_1_6,17,11,5419,1200
loop_2056_circuit_no_condition_2_1_6,17,12,5418,1200
loop_2056_circuit_no_condition_2_1_6,17,13,5418,1200
loop_2056_circuit_no_condition_2_1_6,17,14,5418,1200
loop_2056_circuit_no_condition_2_1_6,17,15,5418,1200
loop_2056_circuit_no_condition_2_1_6,17,0,5421,1301
loop_2056_circuit_no_condition_2_1_6,17,1,5417,1301
loop_2056_circuit_no_condition_2_1_6,17,2,5420,1301
loop_2056_circuit_no_condition_2_1_6,17,3,5415,1301
loop_2056_circuit_no_condition_2_1_6,17,4,5416,1301
loop_2056_circuit_no_condition_2_1_6,17,5,5424,1301
loop_2056_circuit_no_condition_2_1_6,17,6,5418,1301
loop_2056_circuit_no_condition_2_1_6,17,7,5415,1301
loop_2056_circuit_no_condition_2_1_6,17,8,5415,1301
loop_2056_circuit_no_condition_2_1_6,17,9,5416,1301
loop_2056_circuit_no_condition_2_1_6,17,10,5419,1301
loop_2056_circuit_no_condition_2_1_6,17,11,5420,1301
loop_2056_circuit_no_condition_2_1_6,17,12,5415,1301
loop_2056_circuit_no_condition_2_1_6,17,13,5416,1301
loop_2056_circuit_no_condition_2_1_6,17,14,5418,1301
loop_2056_circuit_no_condition_2_1_6,17,15,5416,1301
loop_2056_circuit_no_condition_2_1_6,17,0,5415,1401
loop_2056_circuit_no_condition_2_1_6,17,1,5415,1401
loop_2056_circuit_no_condition_2_1_6,17,2,5416,1401
loop_2056_circuit_no_condition_2_1_6,17,3,5417,1401
loop_2056_circuit_no_condition_2_1_6,17,4,5414,1401
loop_2056_circuit_no_condition_2_1_6,17,5,5422,1401
loop_2056_circuit_no_condition_2_1_6,17,6,5418,1401
loop_2056_circuit_no_condition_2_1_6,17,7,5415,1401
loop_2056_circuit_no_condition_2_1_6,17,8,5414,1401
loop_2056_circuit_no_condition_2_1_6,17,9,5415,1401
loop_2056_circuit_no_condition_2_1_6,17,10,5414,1401
loop_2056_circuit_no_condition_2_1_6,17,11,5415,1401
loop_2056_circuit_no_condition_2_1_6,17,12,5414,1401
loop_2056_circuit_no_condition_2_1_6,17,13,5414,1401
loop_2056_circuit_no_condition_2_1_6,17,14,5418,1401
loop_2056_circuit_no_condition_2_1_6,17,15,5414,1401
loop_2056_circuit_no_condition_2_1_6,17,0,5418,1501
loop_2056_circuit_no_condition_2_1_6,17,1,5418,1501
loop_2056_circuit_no_condition_2_1_6,17,2,5420,1501
loop_2056_circuit_no_condition_2_1_6,17,3,5422,1501
loop_2056_circuit_no_condition_2_1_6,17,4,5418,1501
loop_2056_circuit_no_condition_2_1_6,17,5,5425,1501
loop_2056_circuit_no_condition_2_1_6,17,6,5418,1501
loop_2056_circuit_no_condition_2_1_6,17,7,5421,1501
loop_2056_circuit_no_condition_2_1_6,17,8,5418,1501
loop_2056_circuit_no_condition_2_1_6,17,9,5419,1501
loop_2056_circuit_no_condition_2_1_6,17,10,5419,1501
loop_2056_circuit_no_condition_2_1_6,17,11,5420,1501
loop_2056_circuit_no_condition_2_1_6,17,12,5418,1501
loop_2056_circuit_no_condition_2_1_6,17,13,5419,1501
loop_2056_circuit_no_condition_2_1_6,17,14,5418,1501
loop_2056_circuit_no_condition_2_1_6,17,15,5419,1501
loop_2056_circuit_no_condition_2_1_6,17,0,5416,1600
loop_2056_circuit_no_condition_2_1_6,17,1,5416,1600
loop_2056_circuit_no_condition_2_1_6,17,2,5417,1600
loop_2056_circuit_no_condition_2_1_6,17,3,5415,1600
loop_2056_circuit_no_condition_2_1_6,17,4,5415,1600
loop_2056_circuit_no_condition_2_1_6,17,5,5415,1600
loop_2056_circuit_no_condition_2_1_6,17,6,5415,1600
loop_2056_circuit_no_condition_2_1_6,17,7,5417,1600
loop_2056_circuit_no_condition_2_1_6,17,8,5415,1600
loop_2056_circuit_no_condition_2_1_6,17,9,5415,1600
loop_2056_circuit_no_condition_2_1_6,17,10,5416,1600
loop_2056_circuit_no_condition_2_1_6,17,11,5418,1600
loop_2056_circuit_no_condition_2_1_6,17,12,5419,1600
loop_2056_circuit_no_condition_2_1_6,17,13,5424,1600
loop_2056_circuit_no_condition_2_1_6,17,14,5416,1600
loop_2056_circuit_no_condition_2_1_6,17,15,5415,1600
loop_2056_circuit_no_condition_2_1_6,17,0,5416,1701
loop_2056_circuit_no_condition_2_1_6,17,1,5415,1701
loop_2056_circuit_no_condition_2_1_6,17,2,5416,1701
loop_2056_circuit_no_condition_2_1_6,17,3,5416,1701
loop_2056_circuit_no_condition_2_1_6,17,4,5415,1701
loop_2056_circuit_no_condition_2_1_6,17,5,5422,1701
loop_2056_circuit_no_condition_2_1_6,17,6,5415,1701
loop_2056_circuit_no_condition_2_1_6,17,7,5414,1701
loop_2056_circuit_no_condition_2_1_6,17,8,5413,1701
loop_2056_circuit_no_condition_2_1_6,17,9,5414,1701
loop_2056_circuit_no_condition_2_1_6,17,10,5417,1701
loop_2056_circuit_no_condition_2_1_6,17,11,5418,1701
loop_2056_circuit_no_condition_2_1_6,17,12,5414,1701
loop_2056_circuit_no_condition_2_1_6,17,13,5414,1701
loop_2056_circuit_no_condition_2_1_6,17,14,5416,1701
loop_2056_circuit_no_condition_2_1_6,17,15,5415,1701
loop_2056_circuit_no_condition_2_1_6,17,0,5427,1801
loop_2056_circuit_no_condition_2_1_6,17,1,5427,1801
loop_2056_circuit_no_condition_2_1_6,17,2,5427,1801
loop_2056_circuit_no_condition_2_1_6,17,3,5428,1801
loop_2056_circuit_no_condition_2_1_6,17,4,5426,1801
loop_2056_circuit_no_condition_2_1_6,17,5,5433,1801
loop_2056_circuit_no_condition_2_1_6,17,6,5425,1801
loop_2056_circuit_no_condition_2_1_6,17,7,5427,1801
loop_2056_circuit_no_condition_2_1_6,17,8,5427,1801
loop_2056_circuit_no_condition_2_1_6,17,9,5427,1801
loop_2056_circuit_no_condition_2_1_6,17,10,5427,1801
loop_2056_circuit_no_condition_2_1_6,17,11,5428,1801
loop_2056_circuit_no_condition_2_1_6,17,12,5428,1801
loop_2056_circuit_no_condition_2_1_6,17,13,5427,1801
loop_2056_circuit_no_condition_2_1_6,17,14,5425,1801
loop_2056_circuit_no_condition_2_1_6,17,15,5426,1801
loop_2056_circuit_no_condition_2_1_6,17,0,5421,1901
loop_2056_circuit_no_condition_2_1_6,17,1,5420,1901
loop_2056_circuit_no_condition_2_1_6,17,2,5422,1901
loop_2056_circuit_no_condition_2_1_6,17,3,5421,1901
loop_2056_circuit_no_condition_2_1_6,17,4,5420,1901
loop_2056_circuit_no_condition_2_1_6,17,5,5426,1901
loop_2056_circuit_no_condition_2_1_6,17,6,5421,1901
loop_2056_circuit_no_condition_2_1_6,17,7,5421,1901
loop_2056_circuit_no_condition_2_1_6,17,8,5421,1901
loop_2056_circuit_no_condition_2_1_6,17,9,5421,1901
loop_2056_circuit_no_condition_2_1_6,17,10,5423,1901
loop_2056_circuit_no_condition_2_1_6,17,11,5422,1901
loop_2056_circuit_no_condition_2_1_6,17,12,5420,1901
loop_2056_circuit_no_condition_2_1_6,17,13,5420,1901
loop_2056_circuit_no_condition_2_1_6,17,14,5421,1901
loop_2056_circuit_no_condition_2_1_6,17,15,5421,1901
loop_2056_circuit_no_condition_2_1_6,17,0,5429,2000
loop_2056_circuit_no_condition_2_1_6,17,1,5430,2000
loop_2056_circuit_no_condition_2_1_6,17,2,5402,2000
loop_2056_circuit_no_condition_2_1_6,17,3,5394,2000
loop_2056_circuit_no_condition_2_1_6,17,4,5421,2000
loop_2056_circuit_no_condition_2_1_6,17,5,5408,2000
loop_2056_circuit_no_condition_2_1_6,17,6,5406,2000
loop_2056_circuit_no_condition_2_1_6,17,7,5424,2000
loop_2056_circuit_no_condition_2_1_6,17,8,5415,2000
loop_2056_circuit_no_condition_2_1_6,17,9,5428,2000
loop_2056_circuit_no_condition_2_1_6,17,10,5420,2000
loop_2056_circuit_no_condition_2_1_6,17,11,5403,2000
loop_2056_circuit_no_condition_2_1_6,17,12,5412,2000
loop_2056_circuit_no_condition_2_1_6,17,13,5374,2000
loop_2056_circuit_no_condition_2_1_6,17,14,5392,2000
loop_2056_circuit_no_condition_2_1_6,17,15,5420,2000
loop_2056_circuit_no_condition_2_1_6,18,0,5429,1
loop_2056_circuit_no_condition_2_1_6,18,1,5409,1
loop_2056_circuit_no_condition_2_1_6,18,2,5428,1
loop_2056_circuit_no_condition_2_1_6,18,3,5427,1
loop_2056_circuit_no_condition_2_1_6,18,4,5423,1
loop_2056_circuit_no_condition_2_1_6,18,5,5429,1
loop_2056_circuit_no_condition_2_1_6,18,6,624,1
loop_2056_circuit_no_condition_2_1_6,18,7,5428,1
loop_2056_circuit_no_condition_2_1_6,18,8,624,1
loop_2056_circuit_no_condition_2_1_6,18,9,5329,1
loop_2056_circuit_no_condition_2_1_6,18,10,5428,1
loop_2056_circuit_no_condition_2_1_6,18,11,5417,1
loop_2056_circuit_no_condition_2_1_6,18,12,624,1
loop_2056_circuit_no_condition_2_1_6,18,13,5414,1
loop_2056_circuit_no_condition_2_1_6,18,14,5427,1
loop_2056_circuit_no_condition_2_1_6,18,15,5425,1
loop_2056_circuit_no_condition_2_1_6,18,0,5398,101
loop_2056_circuit_no_condition_2_1_6,18,1,5415,101
loop_2056_circuit_no_condition_2_1_6,18,2,5367,101
loop_2056_circuit_no_condition_2_1_6,18,3,5406,101
loop_2056_circuit_no_condition_2_1_6,18,4,5430,101
loop_2056_circuit_no_condition_2_1_6,18,5,5424,101
loop_2056_circuit_no_condition_2_1_6,18,6,5310,101
loop_2056_circuit_no_condition_2_1_6,18,7,5344,101
loop_2056_circuit_no_condition_2_1_6,18,8,5424,101
loop_2056_circuit_no_condition_2_1_6,18,9,5351,101
loop_2056_circuit_no_condition_2_1_6,18,10,5396,101
loop_2056_circuit_no_condition_2_1_6,18,11,5413,101
loop_2056_circuit_no_condition_2_1_6,18,12,5347,101
loop_2056_circuit_no_condition_2_1_6,18,13,5410,101
loop_2056_circuit_no_condition_2_1_6,18,14,5428,101
loop_2056_circuit_no_condition_2_1_6,18,15,5413,101
loop_2056_circuit_no_condition_2_1_6,18,0,624,200
loop_2056_circuit_no_condition_2_1_6,18,1,624,200
loop_2056_circuit_no_condition_2_1_6,18,2,624,200
loop_2056_circuit_no_condition_2_1_6,18,3,5427,200
loop_2056_circuit_no_condition_2_1_6,18,4,624,200
loop_2056_circuit_no_condition_2_1_6,18,5,5424,200
loop_2056_circuit_no_condition_2_1_6,18,6,4237,200
loop_2056_circuit_no_condition_2_1_6,18,7,624,200
loop_2056_circuit_no_condition_2_1_6,18,8,5415,200
loop_2056_circuit_no_condition_2_1_6,18,9,624,200
loop_2056_circuit_no_condition_2_1_6,18,10,624,200
loop_2056_circuit_no_condition_2_1_6,18,11,624,200
loop_2056_circuit_no_condition_2_1_6,18,12,624,200
loop_2056_circuit_no_condition_2_1_6,18,13,624,200
loop_2056_circuit_no_condition_2_1_6,18,14,624,200
loop_2056_circuit_no_condition_2_1_6,18,15,624,200
loop_2056_circuit_no_condition_2_1_6,18,0,624,301
loop_2056_circuit_no_condition_2_1_6,18,1,624,301
loop_2056_circuit_no_condition_2_1_6,18,2,624,301
loop_2056_circuit_no_condition_2_1_6,18,3,624,301
loop_2056_circuit_no_condition_2_1_6,18,4,4658,301
loop_2056_circuit_no_condition_2_1_6,18,5,5422,301
loop_2056_circuit_no_condition_2_1_6,18,6,624,301
loop_2056_circuit_no_condition_2_1_6,18,7,624,301
loop_2056_circuit_no_condition_2_1_6,18,8,624,301
loop_2056_circuit_no_condition_2_1_6,18,9,624,301
loop_2056_circuit_no_condition_2_1_6,18,10,624,301
loop_2056_circuit_no_condition_2_1_6,18,11,624,301
loop_2056_circuit_no_condition_2_1_6,18,12,624,301
loop_2056_circuit_no_condition_2_1_6,18,13,624,301
loop_2056_circuit_no_condition_2_1_6,18,14,624,301
loop_2056_circuit_no_condition_2_1_6,18,15,624,301
loop_2056_circuit_no_condition_2_1_6,18,0,624,400
loop_2056_circuit_no_condition_2_1_6,18,1,624,400
loop_2056_circuit_no_condition_2_1_6,18,2,624,400
loop_2056_circuit_no_condition_2_1_6,18,3,624,400
loop_2056_circuit_no_condition_2_1_6,18,4,624,400
loop_2056_circuit_no_condition_2_1_6,18,5,5432,400
loop_2056_circuit_no_condition_2_1_6,18,6,624,400
loop_2056_circuit_no_condition_2_1_6,18,7,624,400
loop_2056_circuit_no_condition_2_1_6,18,8,624,400
loop_2056_circuit_no_condition_2_1_6,18,9,624,400
loop_2056_circuit_no_condition_2_1_6,18,10,624,400
loop_2056_circuit_no_condition_2_1_6,18,11,624,400
loop_2056_circuit_no_condition_2_1_6,18,12,624,400
loop_2056_circuit_no_condition_2_1_6,18,13,624,400
loop_2056_circuit_no_condition_2_1_6,18,14,624,400
loop_2056_circuit_no_condition_2_1_6,18,15,624,400
loop_2056_circuit_no_condition_2_1_6,18,0,4664,501
loop_2056_circuit_no_condition_2_1_6,18,1,624,501
loop_2056_circuit_no_condition_2_1_6,18,2,624,501
loop_2056_circuit_no_condition_2_1_6,18,3,624,501
loop_2056_circuit_no_condition_2_1_6,18,4,5066,501
loop_2056_circuit_no_condition_2_1_6,18,5,5425,501
loop_2056_circuit_no_condition_2_1_6,18,6,624,501
loop_2056_circuit_no_condition_2_1_6,18,7,624,501
loop_2056_circuit_no_condition_2_1_6,18,8,624,501
loop_2056_circuit_no_condition_2_1_6,18,9,624,501
loop_2056_circuit_no_condition_2_1_6,18,10,624,501
loop_2056_circuit_no_condition_2_1_6,18,11,624,501
loop_2056_circuit_no_condition_2_1_6,18,12,624,501
loop_2056_circuit_no_condition_2_1_6,18,13,624,501
loop_2056_circuit_no_condition_2_1_6,18,14,624,501
loop_2056_circuit_no_condition_2_1_6,18,15,624,501
loop_2056_circuit_no_condition_2_1_6,18,0,5426,601
loop_2056_circuit_no_condition_2_1_6,18,1,5407,601
loop_2056_circuit_no_condition_2_1_6,18,2,5411,601
loop_2056_circuit_no_condition_2_1_6,18,3,5418,601
loop_2056_circuit_no_condition_2_1_6,18,4,5405,601
loop_2056_circuit_no_condition_2_1_6,18,5,5403,601
loop_2056_circuit_no_condition_2_1_6,18,6,5418,601
loop_2056_circuit_no_condition_2_1_6,18,7,5410,601
loop_2056_circuit_no_condition_2_1_6,18,8,5406,601
loop_2056_circuit_no_condition_2_1_6,18,9,5414,601
loop_2056_circuit_no_condition_2_1_6,18,10,5406,601
loop_2056_circuit_no_condition_2_1_6,18,11,5413,601
loop_2056_circuit_no_condition_2_1_6,18,12,5406,601
loop_2056_circuit_no_condition_2_1_6,18,13,5418,601
loop_2056_circuit_no_condition_2_1_6,18,14,5410,601
loop_2056_circuit_no_condition_2_1_6,18,15,5406,601
loop_2056_circuit_no_condition_2_1_6,18,0,5405,701
loop_2056_circuit_no_condition_2_1_6,18,1,5403,701
loop_2056_circuit_no_condition_2_1_6,18,2,5402,701
loop_2056_circuit_no_condition_2_1_6,18,3,5407,701
loop_2056_circuit_no_condition_2_1_6,18,4,5407,701
loop_2056_circuit_no_condition_2_1_6,18,5,5422,701
loop_2056_circuit_no_condition_2_1_6,18,6,5405,701
loop_2056_circuit_no_condition_2_1_6,18,7,5402,701
loop_2056_circuit_no_condition_2_1_6,18,8,5410,701
loop_2056_circuit_no_condition_2_1_6,18,9,5404,701
loop_2056_circuit_no_condition_2_1_6,18,10,5408,701
loop_2056_circuit_no_condition_2_1_6,18,11,5409,701
loop_2056_circuit_no_condition_2_1_6,18,12,5404,701
loop_2056_circuit_no_condition_2_1_6,18,13,5406,701
loop_2056_circuit_no_condition_2_1_6,18,14,5412,701
loop_2056_circuit_no_condition_2_1_6,18,15,5401,701
loop_2056_circuit_no_condition_2_1_6,18,0,5407,801
loop_2056_circuit_no_condition_2_1_6,18,1,5413,801
loop_2056_circuit_no_condition_2_1_6,18,2,5401,801
loop_2056_circuit_no_condition_2_1_6,18,3,5404,801
loop_2056_circuit_no_condition_2_1_6,18,4,5410,801
loop_2056_circuit_no_condition_2_1_6,18,5,5420,801
loop_2056_circuit_no_condition_2_1_6,18,6,5407,801
loop_2056_circuit_no_condition_2_1_6,18,7,5400,801
loop_2056_circuit_no_condition_2_1_6,18,8,5407,801
loop_2056_circuit_no_condition_2_1_6,18,9,5405,801
loop_2056_circuit_no_condition_2_1_6,18,10,5401,801
loop_2056_circuit_no_condition_2_1_6,18,11,5403,801
loop_2056_circuit_no_condition_2_1_6,18,12,5404,801
loop_2056_circuit_no_condition_2_1_6,18,13,5405,801
loop_2056_circuit_no_condition_2_1_6,18,14,5405,801
loop_2056_circuit_no_condition_2_1_6,18,15,5400,801
loop_2056_circuit_no_condition_2_1_6,18,0,5408,900
loop_2056_circuit_no_condition_2_1_6,18,1,5405,900
loop_2056_circuit_no_condition_2_1_6,18,2,5404,900
loop_2056_circuit_no_condition_2_1_6,18,3,5422,900
loop_2056_circuit_no_condition_2_1_6,18,4,5400,900
loop_2056_circuit_no_condition_2_1_6,18,5,5400,900
loop_2056_circuit_no_condition_2_1_6,18,6,5408,900
loop_2056_circuit_no_condition_2_1_6,18,7,5406,900
loop_2056_circuit_no_condition_2_1_6,18,8,5401,900
loop_2056_circuit_no_condition_2_1_6,18,9,5410,900
loop_2056_circuit_no_condition_2_1_6,18,10,5401,900
loop_2056_circuit_no_condition_2_1_6,18,11,5401,900
loop_2056_circuit_no_condition_2_1_6,18,12,5402,900
loop_2056_circuit_no_condition_2_1_6,18,13,5405,900
loop_2056_circuit_no_condition_2_1_6,18,14,5398,900
loop_2056_circuit_no_condition_2_1_6,18,15,5408,900
loop_2056_circuit_no_condition_2_1_6,18,0,5414,1000
loop_2056_circuit_no_condition_2_1_6,18,1,5400,1000
loop_2056_circuit_no_condition_2_1_6,18,2,5402,1000
loop_2056_circuit_no_condition_2_1_6,18,3,5410,1000
loop_2056_circuit_no_condition_2_1_6,18,4,5404,1000
loop_2056_circuit_no_condition_2_1_6,18,5,5421,1000
loop_2056_circuit_no_condition_2_1_6,18,6,5402,1000
loop_2056_circuit_no_condition_2_1_6,18,7,5409,1000
loop_2056_circuit_no_condition_2_1_6,18,8,5402,1000
loop_2056_circuit_no_condition_2_1_6,18,9,5401,1000
loop_2056_circuit_no_condition_2_1_6,18,10,5403,1000
loop_2056_circuit_no_condition_2_1_6,18,11,5401,1000
loop_2056_circuit_no_condition_2_1_6,18,12,5402,1000
loop_2056_circuit_no_condition_2_1_6,18,13,5402,1000
loop_2056_circuit_no_condition_2_1_6,18,14,5402,1000
loop_2056_circuit_no_condition_2_1_6,18,15,5403,1000
loop_2056_circuit_no_condition_2_1_6,18,0,5403,1101
loop_2056_circuit_no_condition_2_1_6,18,1,5404,1101
loop_2056_circuit_no_condition_2_1_6,18,2,5407,1101
loop_2056_circuit_no_condition_2_1_6,18,3,5413,1101
loop_2056_circuit_no_condition_2_1_6,18,4,5400,1101
loop_2056_circuit_no_condition_2_1_6,18,5,5402,1101
loop_2056_circuit_no_condition_2_1_6,18,6,5417,1101
loop_2056_circuit_no_condition_2_1_6,18,7,5406,1101
loop_2056_circuit_no_condition_2_1_6,18,8,5401,1101
loop_2056_circuit_no_condition_2_1_6,18,9,5408,1101
loop_2056_circuit_no_condition_2_1_6,18,10,5407,1101
loop_2056_circuit_no_condition_2_1_6,18,11,5405,1101
loop_2056_circuit_no_condition_2_1_6,18,12,5399,1101
loop_2056_circuit_no_condition_2_1_6,18,13,5398,1101
loop_2056_circuit_no_condition_2_1_6,18,14,5398,1101
loop_2056_circuit_no_condition_2_1_6,18,15,5398,1101
loop_2056_circuit_no_condition_2_1_6,18,0,5415,1201
loop_2056_circuit_no_condition_2_1_6,18,1,5403,1201
loop_2056_circuit_no_condition_2_1_6,18,2,5416,1201
loop_2056_circuit_no_condition_2_1_6,18,3,5424,1201
loop_2056_circuit_no_condition_2_1_6,18,4,5403,1201
loop_2056_circuit_no_condition_2_1_6,18,5,5406,1201
loop_2056_circuit_no_condition_2_1_6,18,6,5405,1201
loop_2056_circuit_no_condition_2_1_6,18,7,5411,1201
loop_2056_circuit_no_condition_2_1_6,18,8,5407,1201
loop_2056_circuit_no_condition_2_1_6,18,9,5403,1201
loop_2056_circuit_no_condition_2_1_6,18,10,5409,1201
loop_2056_circuit_no_condition_2_1_6,18,11,5402,1201
loop_2056_circuit_no_condition_2_1_6,18,12,5407,1201
loop_2056_circuit_no_condition_2_1_6,18,13,5405,1201
loop_2056_circuit_no_condition_2_1_6,18,14,5402,1201
loop_2056_circuit_no_condition_2_1_6,18,15,5410,1201
loop_2056_circuit_no_condition_2_1_6,18,0,5406,1300
loop_2056_circuit_no_condition_2_1_6,18,1,5406,1300
loop_2056_circuit_no_condition_2_1_6,18,2,5412,1300
loop_2056_circuit_no_condition_2_1_6,18,3,5408,1300
loop_2056_circuit_no_condition_2_1_6,18,4,5402,1300
loop_2056_circuit_no_condition_2_1_6,18,5,5408,1300
loop_2056_circuit_no_condition_2_1_6,18,6,5403,1300
loop_2056_circuit_no_condition_2_1_6,18,7,5408,1300
loop_2056_circuit_no_condition_2_1_6,18,8,5404,1300
loop_2056_circuit_no_condition_2_1_6,18,9,5409,1300
loop_2056_circuit_no_condition_2_1_6,18,10,5403,1300
loop_2056_circuit_no_condition_2_1_6,18,11,5399,1300
loop_2056_circuit_no_condition_2_1_6,18,12,5408,1300
loop_2056_circuit_no_condition_2_1_6,18,13,5421,1300
loop_2056_circuit_no_condition_2_1_6,18,14,5410,1300
loop_2056_circuit_no_condition_2_1_6,18,15,5401,1300
loop_2056_circuit_no_condition_2_1_6,18,0,5407,1400
loop_2056_circuit_no_condition_2_1_6,18,1,5408,1400
loop_2056_circuit_no_condition_2_1_6,18,2,5406,1400
loop_2056_circuit_no_condition_2_1_6,18,3,5407,1400
loop_2056_circuit_no_condition_2_1_6,18,4,5427,1400
loop_2056_circuit_no_condition_2_1_6,18,5,5414,1400
loop_2056_circuit_no_condition_2_1_6,18,6,5406,1400
loop_2056_circuit_no_condition_2_1_6,18,7,5417,1400
loop_2056_circuit_no_condition_2_1_6,18,8,5416,1400
loop_2056_circuit_no_condition_2_1_6,18,9,5407,1400
loop_2056_circuit_no_condition_2_1_6,18,10,5408,1400
loop_2056_circuit_no_condition_2_1_6,18,11,5407,1400
loop_2056_circuit_no_condition_2_1_6,18,12,5407,1400
loop_2056_circuit_no_condition_2_1_6,18,13,5407,1400
loop_2056_circuit_no_condition_2_1_6,18,14,5406,1400
loop_2056_circuit_no_condition_2_1_6,18,15,5407,1400
loop_2056_circuit_no_condition_2_1_6,18,0,624,1501
loop_2056_circuit_no_condition_2_1_6,18,1,624,1501
loop_2056_circuit_no_condition_2_1_6,18,2,624,1501
loop_2056_circuit_no_condition_2_1_6,18,3,624,1501
loop_2056_circuit_no_condition_2_1_6,18,4,5430,1501
loop_2056_circuit_no_condition_2_1_6,18,5,624,1501
loop_2056_circuit_no_condition_2_1_6,18,6,624,1501
loop_2056_circuit_no_condition_2_1_6,18,7,624,1501
loop_2056_circuit_no_condition_2_1_6,18,8,624,1501
loop_2056_circuit_no_condition_2_1_6,18,9,624,1501
loop_2056_circuit_no_condition_2_1_6,18,10,624,1501
loop_2056_circuit_no_condition_2_1_6,18,11,624,1501
loop_2056_circuit_no_condition_2_1_6,18,12,624,1501
loop_2056_circuit_no_condition_2_1_6,18,13,624,1501
loop_2056_circuit_no_condition_2_1_6,18,14,624,1501
loop_2056_circuit_no_condition_2_1_6,18,15,624,1501
loop_2056_circuit_no_condition_2_1_6,19,0,5429,1
loop_2056_circuit_no_condition_2_1_6,19,1,5420,1
loop_2056_circuit_no_condition_2_1_6,19,2,5434,1
loop_2056_circuit_no_condition_2_1_6,19,3,5410,1
loop_2056_circuit_no_condition_2_1_6,19,4,5405,1
loop_2056_circuit_no_condition_2_1_6,19,5,5429,1
loop_2056_circuit_no_condition_2_1_6,19,6,624,1
loop_2056_circuit_no_condition_2_1_6,19,7,5427,1
loop_2056_circuit_no_condition_2_1_6,19,8,624,1
loop_2056_circuit_no_condition_2_1_6,19,9,624,1
loop_2056_circuit_no_condition_2_1_6,19,10,5426,1
loop_2056_circuit_no_condition_2_1_6,19,11,5418,1
loop_2056_circuit_no_condition_2_1_6,19,12,624,1
loop_2056_circuit_no_condition_2_1_6,19,13,5428,1
loop_2056_circuit_no_condition_2_1_6,19,14,5419,1
loop_2056_circuit_no_condition_2_1_6,19,15,5424,1
loop_2056_circuit_no_condition_2_1_6,19,0,5345,101
loop_2056_circuit_no_condition_2_1_6,19,1,5354,101
loop_2056_circuit_no_condition_2_1_6,19,2,5395,101
loop_2056_circuit_no_condition_2_1_6,19,3,5329,101
loop_2056_circuit_no_condition_2_1_6,19,4,5418,101
loop_2056_circuit_no_condition_2_1_6,19,5,5425,101
loop_2056_circuit_no_condition_2_1_6,19,6,5346,101
loop_2056_circuit_no_condition_2_1_6,19,7,5357,101
loop_2056_circuit_no_condition_2_1_6,19,8,5326,101
loop_2056_circuit_no_condition_2_1_6,19,9,5343,101
loop_2056_circuit_no_condition_2_1_6,19,10,5327,101
loop_2056_circuit_no_condition_2_1_6,19,11,5359,101
loop_2056_circuit_no_condition_2_1_6,19,12,5361,101
loop_2056_circuit_no_condition_2_1_6,19,13,5406,101
loop_2056_circuit_no_condition_2_1_6,19,14,5390,101
loop_2056_circuit_no_condition_2_1_6,19,15,5363,101
loop_2056_circuit_no_condition_2_1_6,19,0,5426,201
loop_2056_circuit_no_condition_2_1_6,19,1,5415,201
loop_2056_circuit_no_condition_2_1_6,19,2,5425,201
loop_2056_circuit_no_condition_2_1_6,19,3,5422,201
loop_2056_circuit_no_condition_2_1_6,19,4,5416,201
loop_2056_circuit_no_condition_2_1_6,19,5,5426,201
loop_2056_circuit_no_condition_2_1_6,19,6,5381,201
loop_2056_circuit_no_condition_2_1_6,19,7,5414,201
loop_2056_circuit_no_condition_2_1_6,19,8,5419,201
loop_2056_circuit_no_condition_2_1_6,19,9,5430,201
loop_2056_circuit_no_condition_2_1_6,19,10,5381,201
loop_2056_circuit_no_condition_2_1_6,19,11,5409,201
loop_2056_circuit_no_condition_2_1_6,19,12,5420,201
loop_2056_circuit_no_condition_2_1_6,19,13,5423,201
loop_2056_circuit_no_condition_2_1_6,19,14,5429,201
loop_2056_circuit_no_condition_2_1_6,19,15,5374,201
loop_2056_circuit_no_condition_2_1_6,19,0,624,301
loop_2056_circuit_no_condition_2_1_6,19,1,624,301
loop_2056_circuit_no_condition_2_1_6,19,2,624,301
loop_2056_circuit_no_condition_2_1_6,19,3,624,301
loop_2056_circuit_no_condition_2_1_6,19,4,624,301
loop_2056_circuit_no_condition_2_1_6,19,5,5423,301
loop_2056_circuit_no_condition_2_1_6,19,6,624,301
loop_2056_circuit_no_condition_2_1_6,19,7,624,301
loop_2056_circuit_no_condition_2_1_6,19,8,624,301
loop_2056_circuit_no_condition_2_1_6,19,9,624,301
loop_2056_circuit_no_condition_2_1_6,19,10,624,301
loop_2056_circuit_no_condition_2_1_6,19,11,624,301
loop_2056_circuit_no_condition_2_1_6,19,12,624,301
loop_2056_circuit_no_condition_2_1_6,19,13,624,301
loop_2056_circuit_no_condition_2_1_6,19,14,624,301
loop_2056_circuit_no_condition_2_1_6,19,15,624,301
loop_2056_circuit_no_condition_2_1_6,19,0,624,401
loop_2056_circuit_no_condition_2_1_6,19,1,5421,401
loop_2056_circuit_no_condition_2_1_6,19,2,5394,401
loop_2056_circuit_no_condition_2_1_6,19,3,2792,401
loop_2056_circuit_no_condition_2_1_6,19,4,3291,401
loop_2056_circuit_no_condition_2_1_6,19,5,5435,401
loop_2056_circuit_no_condition_2_1_6,19,6,624,401
loop_2056_circuit_no_condition_2_1_6,19,7,2716,401
loop_2056_circuit_no_condition_2_1_6,19,8,624,401
loop_2056_circuit_no_condition_2_1_6,19,9,624,401
loop_2056_circuit_no_condition_2_1_6,19,10,5430,401
loop_2056_circuit_no_condition_2_1_6,19,11,624,401
loop_2056_circuit_no_condition_2_1_6,19,12,624,401
loop_2056_circuit_no_condition_2_1_6,19,13,624,401
loop_2056_circuit_no_condition_2_1_6,19,14,624,401
loop_2056_circuit_no_condition_2_1_6,19,15,624,401
loop_2056_circuit_no_condition_2_1_6,19,0,624,501
loop_2056_circuit_no_condition_2_1_6,19,1,624,501
loop_2056_circuit_no_condition_2_1_6,19,2,624,501
loop_2056_circuit_no_condition_2_1_6,19,3,4644,501
loop_2056_circuit_no_condition_2_1_6,19,4,624,501
loop_2056_circuit_no_condition_2_1_6,19,5,5433,501
loop_2056_circuit_no_condition_2_1_6,19,6,4660,501
loop_2056_circuit_no_condition_2_1_6,19,7,624,501
loop_2056_circuit_no_condition_2_1_6,19,8,624,501
loop_2056_circuit_no_condition_2_1_6,19,9,624,501
loop_2056_circuit_no_condition_2_1_6,19,10,624,501
loop_2056_circuit_no_condition_2_1_6,19,11,624,501
loop_2056_circuit_no_condition_2_1_6,19,12,624,501
loop_2056_circuit_no_condition_2_1_6,19,13,624,501
loop_2056_circuit_no_condition_2_1_6,19,14,624,501
loop_2056_circuit_no_condition_2_1_6,19,15,624,501
loop_2056_circuit_no_condition_2_1_6,19,0,5405,600
loop_2056_circuit_no_condition_2_1_6,19,1,5411,600
loop_2056_circuit_no_condition_2_1_6,19,2,5403,600
loop_2056_circuit_no_condition_2_1_6,19,3,5406,600
loop_2056_circuit_no_condition_2_1_6,19,4,5402,600
loop_2056_circuit_no_condition_2_1_6,19,5,5423,600
loop_2056_circuit_no_condition_2_1_6,19,6,5419,600
loop_2056_circuit_no_condition_2_1_6,19,7,5402,600
loop_2056_circuit_no_condition_2_1_6,19,8,5402,600
loop_2056_circuit_no_condition_2_1_6,19,9,5416,600
loop_2056_circuit_no_condition_2_1_6,19,10,5403,600
loop_2056_circuit_no_condition_2_1_6,19,11,5409,600
loop_2056_circuit_no_condition_2_1_6,19,12,5403,600
loop_2056_circuit_no_condition_2_1_6,19,13,5411,600
loop_2056_circuit_no_condition_2_1_6,19,14,5406,600
loop_2056_circuit_no_condition_2_1_6,19,15,5407,600
loop_2056_circuit_no_condition_2_1_6,19,0,5407,700
loop_2056_circuit_no_condition_2_1_6,19,1,5422,700
loop_2056_circuit_no_condition_2_1_6,19,2,5401,700
loop_2056_circuit_no_condition_2_1_6,19,3,5402,700
loop_2056_circuit_no_condition_2_1_6,19,4,5424,700
loop_2056_circuit_no_condition_2_1_6,19,5,5398,700
loop_2056_circuit_no_condition_2_1_6,19,6,5405,700
loop_2056_circuit_no_condition_2_1_6,19,7,5401,700
loop_2056_circuit_no_condition_2_1_6,19,8,5407,700
loop_2056_circuit_no_condition_2_1_6,19,9,5400,700
loop_2056_circuit_no_condition_2_1_6,19,10,5399,700
loop_2056_circuit_no_condition_2_1_6,19,11,5414,700
loop_2056_circuit_no_condition_2_1_6,19,12,5411,700
loop_2056_circuit_no_condition_2_1_6,19,13,5400,700
loop_2056_circuit_no_condition_2_1_6,19,14,5408,700
loop_2056_circuit_no_condition_2_1_6,19,15,5404,700
loop_2056_circuit_no_condition_2_1_6,19,0,5404,801
loop_2056_circuit_no_condition_2_1_6,19,1,5409,801
loop_2056_circuit_no_condition_2_1_6,19,2,5407,801
loop_2056_circuit_no_condition_2_1_6,19,3,5411,801
loop_2056_circuit_no_condition_2_1_6,19,4,5406,801
loop_2056_circuit_no_condition_2_1_6,19,5,5406,801
loop_2056_circuit_no_condition_2_1_6,19,6,5424,801
loop_2056_circuit_no_condition_2_1_6,19,7,5404,801
loop_2056_circuit_no_condition_2_1_6,19,8,5404,801
loop_2056_circuit_no_condition_2_1_6,19,9,5409,801
loop_2056_circuit_no_condition_2_1_6,19,10,5409,801
loop_2056_circuit_no_condition_2_1_6,19,11,5407,801
loop_2056_circuit_no_condition_2_1_6,19,12,5404,801
loop_2056_circuit_no_condition_2_1_6,19,13,5404,801
loop_2056_circuit_no_condition_2_1_6,19,14,5405,801
loop_2056_circuit_no_condition_2_1_6,19,15,5404,801
loop_2056_circuit_no_condition_2_1_6,19,0,5406,901
loop_2056_circuit_no_condition_2_1_6,19,1,5408,901
loop_2056_circuit_no_condition_2_1_6,19,2,5410,901
loop_2056_circuit_no_condition_2_1_6,19,3,5425,901
loop_2056_circuit_no_condition_2_1_6,19,4,5418,901
loop_2056_circuit_no_condition_2_1_6,19,5,5416,901
loop_2056_circuit_no_condition_2_1_6,19,6,5417,901
loop_2056_circuit_no_condition_2_1_6,19,7,5413,901
loop_2056_circuit_no_condition_2_1_6,19,8,5409,901
loop_2056_circuit_no_condition_2_1_6,19,9,5417,901
loop_2056_circuit_no_condition_2_1_6,19,10,5409,901
loop_2056_circuit_no_condition_2_1_6,19,11,5408,901
loop_2056_circuit_no_condition_2_1_6,19,12,5415,901
loop_2056_circuit_no_condition_2_1_6,19,13,5405,901
loop_2056_circuit_no_condition_2_1_6,19,14,5411,901
loop_2056_circuit_no_condition_2_1_6,19,15,5407,901
loop_2056_circuit_no_condition_2_1_6,19,0,5398,1001
loop_2056_circuit_no_condition_2_1_6,19,1,5395,1001
loop_2056_circuit_no_condition_2_1_6,19,2,5402,1001
loop_2056_circuit_no_condition_2_1_6,19,3,5399,1001
loop_2056_circuit_no_condition_2_1_6,19,4,5395,1001
loop_2056_circuit_no_condition_2_1_6,19,5,5420,1001
loop_2056_circuit_no_condition_2_1_6,19,6,5411,1001
loop_2056_circuit_no_condition_2_1_6,19,7,5408,1001
loop_2056_circuit_no_condition_2_1_6,19,8,5405,1001
loop_2056_circuit_no_condition_2_1_6,19,9,5399,1001
loop_2056_circuit_no_condition_2_1_6,19,10,5399,1001
loop_2056_circuit_no_condition_2_1_6,19,11,5398,1001
loop_2056_circuit_no_condition_2_1_6,19,12,5397,1001
loop_2056_circuit_no_condition_2_1_6,19,13,5398,1001
loop_2056_circuit_no_condition_2_1_6,19,14,5405,1001
loop_2056_circuit_no_condition_2_1_6,19,15,5396,1001
loop_2056_circuit_no_condition_2_1_6,19,0,5401,1100
loop_2056_circuit_no_condition_2_1_6,19,1,5394,1100
loop_2056_circuit_no_condition_2_1_6,19,2,5393,1100
loop_2056_circuit_no_condition_2_1_6,19,3,5406,1100
loop_2056_circuit_no_condition_2_1_6,19,4,5408,1100
loop_2056_circuit_no_condition_2_1_6,19,5,5415,1100
loop_2056_circuit_no_condition_2_1_6,19,6,5403,1100
loop_2056_circuit_no_condition_2_1_6,19,7,5402,1100
loop_2056_circuit_no_condition_2_1_6,19,8,5403,1100
loop_2056_circuit_no_condition_2_1_6,19,9,5397,1100
loop_2056_circuit_no_condition_2_1_6,19,10,5395,1100
loop_2056_circuit_no_condition_2_1_6,19,11,5411,1100
loop_2056_circuit_no_condition_2_1_6,19,12,5394,1100
loop_2056_circuit_no_condition_2_1_6,19,13,5394,1100
loop_2056_circuit_no_condition_2_1_6,19,14,5416,1100
loop_2056_circuit_no_condition_2_1_6,19,15,5394,1100
loop_2056_circuit_no_condition_2_1_6,19,0,5407,1200
loop_2056_circuit_no_condition_2_1_6,19,1,5404,1200
loop_2056_circuit_no_condition_2_1_6,19,2,5405,1200
loop_2056_circuit_no_condition_2_1_6,19,3,5412,1200
loop_2056_circuit_no_condition_2_1_6,19,4,5425,1200
loop_2056_circuit_no_condition_2_1_6,19,5,5405,1200
loop_2056_circuit_no_condition_2_1_6,19,6,5408,1200
loop_2056_circuit_no_condition_2_1_6,19,7,5405,1200
loop_2056_circuit_no_condition_2_1_6,19,8,5407,1200
loop_2056_circuit_no_condition_2_1_6,19,9,5408,1200
loop_2056_circuit_no_condition_2_1_6,19,10,5409,1200
loop_2056_circuit_no_condition_2_1_6,19,11,5414,1200
loop_2056_circuit_no_condition_2_1_6,19,12,5405,1200
loop_2056_circuit_no_condition_2_1_6,19,13,5404,1200
loop_2056_circuit_no_condition_2_1_6,19,14,5406,1200
loop_2056_circuit_no_condition_2_1_6,19,15,5407,1200
loop_2056_circuit_no_condition_2_1_6,19,0,5416,1301
loop_2056_circuit_no_condition_2_1_6,19,1,5409,1301
loop_2056_circuit_no_condition_2_1_6,19,2,5405,1301
loop_2056_circuit_no_condition_2_1_6,19,3,5427,1301
loop_2056_circuit_no_condition_2_1_6,19,4,5404,1301
loop_2056_circuit_no_condition_2_1_6,19,5,5409,1301
loop_2056_circuit_no_condition_2_1_6,19,6,5406,1301
loop_2056_circuit_no_condition_2_1_6,19,7,5410,1301
loop_2056_circuit_no_condition_2_1_6,19,8,5407,1301
loop_2056_circuit_no_condition_2_1_6,19,9,5416,1301
loop_2056_circuit_no_condition_2_1_6,19,10,5406,1301
loop_2056_circuit_no_condition_2_1_6,19,11,5411,1301
loop_2056_circuit_no_condition_2_1_6,19,12,5415,1301
loop_2056_circuit_no_condition_2_1_6,19,13,5406,1301
loop_2056_circuit_no_condition_2_1_6,19,14,5407,1301
loop_2056_circuit_no_condition_2_1_6,19,15,5413,1301
loop_2056_circuit_no_condition_2_1_6,19,0,5399,1401
loop_2056_circuit_no_condition_2_1_6,19,1,5399,1401
loop_2056_circuit_no_condition_2_1_6,19,2,5400,1401
loop_2056_circuit_no_condition_2_1_6,19,3,5399,1401
loop_2056_circuit_no_condition_2_1_6,19,4,5410,1401
loop_2056_circuit_no_condition_2_1_6,19,5,5399,1401
loop_2056_circuit_no_condition_2_1_6,19,6,5407,1401
loop_2056_circuit_no_condition_2_1_6,19,7,5404,1401
loop_2056_circuit_no_condition_2_1_6,19,8,5398,1401
loop_2056_circuit_no_condition_2_1_6,19,9,5398,1401
loop_2056_circuit_no_condition_2_1_6,19,10,5400,1401
loop_2056_circuit_no_condition_2_1_6,19,11,5401,1401
loop_2056_circuit_no_condition_2_1_6,19,12,5407,1401
loop_2056_circuit_no_condition_2_1_6,19,13,5421,1401
loop_2056_circuit_no_condition_2_1_6,19,14,5401,1401
loop_2056_circuit_no_condition_2_1_6,19,15,5399,1401
loop_2056_circuit_no_condition_2_1_6,19,0,5403,1501
loop_2056_circuit_no_condition_2_1_6,19,1,5092,1501
loop_2056_circuit_no_condition_2_1_6,19,2,5422,1501
loop_2056_circuit_no_condition_2_1_6,19,3,5427,1501
loop_2056_circuit_no_condition_2_1_6,19,4,5391,1501
loop_2056_circuit_no_condition_2_1_6,19,5,5417,1501
loop_2056_circuit_no_condition_2_1_6,19,6,5400,1501
loop_2056_circuit_no_condition_2_1_6,19,7,5390,1501
loop_2056_circuit_no_condition_2_1_6,19,8,5409,1501
loop_2056_circuit_no_condition_2_1_6,19,9,5379,1501
loop_2056_circuit_no_condition_2_1_6,19,10,5391,1501
loop_2056_circuit_no_condition_2_1_6,19,11,5395,1501
loop_2056_circuit_no_condition_2_1_6,19,12,5426,1501
loop_2056_circuit_no_condition_2_1_6,19,13,5426,1501
loop_2056_circuit_no_condition_2_1_6,19,14,5400,1501
loop_2056_circuit_no_condition_2_1_6,19,15,5391,1501
loop_2056_circuit_no_condition_2_1_6,19,0,5418,1600
loop_2056_circuit_no_condition_2_1_6,19,1,5338,1600
loop_2056_circuit_no_condition_2_1_6,19,2,5417,1600
loop_2056_circuit_no_condition_2_1_6,19,3,5377,1600
loop_2056_circuit_no_condition_2_1_6,19,4,5413,1600
loop_2056_circuit_no_condition_2_1_6,19,5,5432,1600
loop_2056_circuit_no_condition_2_1_6,19,6,5371,1600
loop_2056_circuit_no_condition_2_1_6,19,7,5433,1600
loop_2056_circuit_no_condition_2_1_6,19,8,5398,1600
loop_2056_circuit_no_condition_2_1_6,19,9,5368,1600
loop_2056_circuit_no_condition_2_1_6,19,10,5394,1600
loop_2056_circuit_no_condition_2_1_6,19,11,624,1600
loop_2056_circuit_no_condition_2_1_6,19,12,5370,1600
loop_2056_circuit_no_condition_2_1_6,19,13,5414,1600
loop_2056_circuit_no_condition_2_1_6,19,14,624,1600
loop_2056_circuit_no_condition_2_1_6,19,15,624,1600
loop_2056_circuit_no_condition_2_1_6,20,0,5431,1
loop_2056_circuit_no_condition_2_1_6,20,1,5390,1
loop_2056_circuit_no_condition_2_1_6,20,2,5424,1
loop_2056_circuit_no_condition_2_1_6,20,3,5368,1
loop_2056_circuit_no_condition_2_1_6,20,4,5427,1
loop_2056_circuit_no_condition_2_1_6,20,5,5430,1
loop_2056_circuit_no_condition_2_1_6,20,6,5433,1
loop_2056_circuit_no_condition_2_1_6,20,7,5430,1
loop_2056_circuit_no_condition_2_1_6,20,8,5429,1
loop_2056_circuit_no_condition_2_1_6,20,9,5435,1
loop_2056_circuit_no_condition_2_1_6,20,10,5434,1
loop_2056_circuit_no_condition_2_1_6,20,11,5413,1
loop_2056_circuit_no_condition_2_1_6,20,12,624,1
loop_2056_circuit_no_condition_2_1_6,20,13,5416,1
loop_2056_circuit_no_condition_2_1_6,20,14,5426,1
loop_2056_circuit_no_condition_2_1_6,20,15,624,1
loop_2056_circuit_no_condition_2_1_6,20,0,5384,100
loop_2056_circuit_no_condition_2_1_6,20,1,5425,100
loop_2056_circuit_no_condition_2_1_6,20,2,5373,100
loop_2056_circuit_no_condition_2_1_6,20,3,5425,100
loop_2056_circuit_no_condition_2_1_6,20,4,5426,100
loop_2056_circuit_no_condition_2_1_6,20,5,5408,100
loop_2056_circuit_no_condition_2_1_6,20,6,5384,100
loop_2056_circuit_no_condition_2_1_6,20,7,5332,100
loop_2056_circuit_no_condition_2_1_6,20,8,5354,100
loop_2056_circuit_no_condition_2_1_6,20,9,5421,100
loop_2056_circuit_no_condition_2_1_6,20,10,5363,100
loop_2056_circuit_no_condition_2_1_6,20,11,5409,100
loop_2056_circuit_no_condition_2_1_6,20,12,5394,100
loop_2056_circuit_no_condition_2_1_6,20,13,5426,100
loop_2056_circuit_no_condition_2_1_6,20,14,5404,100
loop_2056_circuit_no_condition_2_1_6,20,15,5332,100
loop_2056_circuit_no_condition_2_1_6,20,0,5421,200
loop_2056_circuit_no_condition_2_1_6,20,1,5413,200
loop_2056_circuit_no_condition_2_1_6,20,2,5415,200
loop_2056_circuit_no_condition_2_1_6,20,3,5427,200
loop_2056_circuit_no_condition_2_1_6,20,4,5427,200
loop_2056_circuit_no_condition_2_1_6,20,5,5428,200
loop_2056_circuit_no_condition_2_1_6,20,6,5374,200
loop_2056_circuit_no_condition_2_1_6,20,7,5421,200
loop_2056_circuit_no_condition_2_1_6,20,8,5414,200
loop_2056_circuit_no_condition_2_1_6,20,9,5426,200
loop_2056_circuit_no_condition_2_1_6,20,10,5385,200
loop_2056_circuit_no_condition_2_1_6,20,11,5430,200
loop_2056_circuit_no_condition_2_1_6,20,12,5431,200
loop_2056_circuit_no_condition_2_1_6,20,13,5394,200
loop_2056_circuit_no_condition_2_1_6,20,14,5428,200
loop_2056_circuit_no_condition_2_1_6,20,15,5423,200
loop_2056_circuit_no_condition_2_1_6,20,0,624,301
loop_2056_circuit_no_condition_2_1_6,20,1,624,301
loop_2056_circuit_no_condition_2_1_6,20,2,624,301
loop_2056_circuit_no_condition_2_1_6,20,3,624,301
loop_2056_circuit_no_condition_2_1_6,20,4,624,301
loop_2056_circuit_no_condition_2_1_6,20,5,5432,301
loop_2056_circuit_no_condition_2_1_6,20,6,624,301
loop_2056_circuit_no_condition_2_1_6,20,7,624,301
loop_2056_circuit_no_condition_2_1_6,20,8,5412,301
loop_2056_circuit_no_condition_2_1_6,20,9,624,301
loop_2056_circuit_no_condition_2_1_6,20,10,5427,301
loop_2056_circuit_no_condition_2_1_6,20,11,624,301
loop_2056_circuit_no_condition_2_1_6,20,12,624,301
loop_2056_circuit_no_condition_2_1_6,20,13,624,301
loop_2056_circuit_no_condition_2_1_6,20,14,624,301
loop_2056_circuit_no_condition_2_1_6,20,15,624,301
loop_2056_circuit_no_condition_2_1_6,20,0,624,400
loop_2056_circuit_no_condition_2_1_6,20,1,624,400
loop_2056_circuit_no_condition_2_1_6,20,2,624,400
loop_2056_circuit_no_condition_2_1_6,20,3,624,400
loop_2056_circuit_no_condition_2_1_6,20,4,624,400
loop_2056_circuit_no_condition_2_1_6,20,5,5433,400
loop_2056_circuit_no_condition_2_1_6,20,6,624,400
loop_2056_circuit_no_condition_2_1_6,20,7,624,400
loop_2056_circuit_no_condition_2_1_6,20,8,624,400
loop_2056_circuit_no_condition_2_1_6,20,9,624,400
loop_2056_circuit_no_condition_2_1_6,20,10,624,400
loop_2056_circuit_no_condition_2_1_6,20,11,624,400
loop_2056_circuit_no_condition_2_1_6,20,12,624,400
loop_2056_circuit_no_condition_2_1_6,20,13,624,400
loop_2056_circuit_no_condition_2_1_6,20,14,624,400
loop_2056_circuit_no_condition_2_1_6,20,15,624,400
loop_2056_circuit_no_condition_2_1_6,20,0,624,501
loop_2056_circuit_no_condition_2_1_6,20,1,624,501
loop_2056_circuit_no_condition_2_1_6,20,2,4805,501
loop_2056_circuit_no_condition_2_1_6,20,3,624,501
loop_2056_circuit_no_condition_2_1_6,20,4,4653,501
loop_2056_circuit_no_condition_2_1_6,20,5,5429,501
loop_2056_circuit_no_condition_2_1_6,20,6,624,501
loop_2056_circuit_no_condition_2_1_6,20,7,624,501
loop_2056_circuit_no_condition_2_1_6,20,8,624,501
loop_2056_circuit_no_condition_2_1_6,20,9,624,501
loop_2056_circuit_no_condition_2_1_6,20,10,624,501
loop_2056_circuit_no_condition_2_1_6,20,11,624,501
loop_2056_circuit_no_condition_2_1_6,20,12,624,501
loop_2056_circuit_no_condition_2_1_6,20,13,624,501
loop_2056_circuit_no_condition_2_1_6,20,14,624,501
loop_2056_circuit_no_condition_2_1_6,20,15,624,501
loop_2056_circuit_no_condition_2_1_6,20,0,5411,601
loop_2056_circuit_no_condition_2_1_6,20,1,5401,601
loop_2056_circuit_no_condition_2_1_6,20,2,5420,601
loop_2056_circuit_no_condition_2_1_6,20,3,5410,601
loop_2056_circuit_no_condition_2_1_6,20,4,5426,601
loop_2056_circuit_no_condition_2_1_6,20,5,5403,601
loop_2056_circuit_no_condition_2_1_6,20,6,5415,601
loop_2056_circuit_no_condition_2_1_6,20,7,5403,601
loop_2056_circuit_no_condition_2_1_6,20,8,5414,601
loop_2056_circuit_no_condition_2_1_6,20,9,5410,601
loop_2056_circuit_no_condition_2_1_6,20,10,5420,601
loop_2056_circuit_no_condition_2_1_6,20,11,5411,601
loop_2056_circuit_no_condition_2_1_6,20,12,5404,601
loop_2056_circuit_no_condition_2_1_6,20,13,5408,601
loop_2056_circuit_no_condition_2_1_6,20,14,5417,601
loop_2056_circuit_no_condition_2_1_6,20,15,5411,601
loop_2056_circuit_no_condition_2_1_6,20,0,5403,700
loop_2056_circuit_no_condition_2_1_6,20,1,5398,700
loop_2056_circuit_no_condition_2_1_6,20,2,5403,700
loop_2056_circuit_no_condition_2_1_6,20,3,5406,700
loop_2056_circuit_no_condition_2_1_6,20,4,5422,700
loop_2056_circuit_no_condition_2_1_6,20,5,5398,700
loop_2056_circuit_no_condition_2_1_6,20,6,5400,700
loop_2056_circuit_no_condition_2_1_6,20,7,5406,700
loop_2056_circuit_no_condition_2_1_6,20,8,5402,700
loop_2056_circuit_no_condition_2_1_6,20,9,5399,700
loop_2056_circuit_no_condition_2_1_6,20,10,5399,700
loop_2056_circuit_no_condition_2_1_6,20,11,5408,700
loop_2056_circuit_no_condition_2_1_6,20,12,5399,700
loop_2056_circuit_no_condition_2_1_6,20,13,5410,700
loop_2056_circuit_no_condition_2_1_6,20,14,5404,700
loop_2056_circuit_no_condition_2_1_6,20,15,5408,700
loop_2056_circuit_no_condition_2_1_6,20,0,5410,800
loop_2056_circuit_no_condition_2_1_6,20,1,5415,800
loop_2056_circuit_no_condition_2_1_6,20,2,5410,800
loop_2056_circuit_no_condition_2_1_6,20,3,5409,800
loop_2056_circuit_no_condition_2_1_6,20,4,5409,800
loop_2056_circuit_no_condition_2_1_6,20,5,5427,800
loop_2056_circuit_no_condition_2_1_6,20,6,5409,800
loop_2056_circuit_no_condition_2_1_6,20,7,5407,800
loop_2056_circuit_no_condition_2_1_6,20,8,5410,800
loop_2056_circuit_no_condition_2_1_6,20,9,5411,800
loop_2056_circuit_no_condition_2_1_6,20,10,5420,800
loop_2056_circuit_no_condition_2_1_6,20,11,5412,800
loop_2056_circuit_no_condition_2_1_6,20,12,5408,800
loop_2056_circuit_no_condition_2_1_6,20,13,5410,800
loop_2056_circuit_no_condition_2_1_6,20,14,5407,800
loop_2056_circuit_no_condition_2_1_6,20,15,5409,800
loop_2056_circuit_no_condition_2_1_6,20,0,5406,901
loop_2056_circuit_no_condition_2_1_6,20,1,5411,901
loop_2056_circuit_no_condition_2_1_6,20,2,5411,901
loop_2056_circuit_no_condition_2_1_6,20,3,5405,901
loop_2056_circuit_no_condition_2_1_6,20,4,5424,901
loop_2056_circuit_no_condition_2_1_6,20,5,5406,901
loop_2056_circuit_no_condition_2_1_6,20,6,5405,901
loop_2056_circuit_no_condition_2_1_6,20,7,5404,901
loop_2056_circuit_no_condition_2_1_6,20,8,5403,901
loop_2056_circuit_no_condition_2_1_6,20,9,5414,901
loop_2056_circuit_no_condition_2_1_6,20,10,5410,901
loop_2056_circuit_no_condition_2_1_6,20,11,5404,901
loop_2056_circuit_no_condition_2_1_6,20,12,5405,901
loop_2056_circuit_no_condition_2_1_6,20,13,5416,901
loop_2056_circuit_no_condition_2_1_6,20,14,5401,901
loop_2056_circuit_no_condition_2_1_6,20,15,5402,901
loop_2056_circuit_no_condition_2_1_6,20,0,5394,1001
loop_2056_circuit_no_condition_2_1_6,20,1,5403,1001
loop_2056_circuit_no_condition_2_1_6,20,2,5396,1001
loop_2056_circuit_no_condition_2_1_6,20,3,5394,1001
loop_2056_circuit_no_condition_2_1_6,20,4,5397,1001
loop_2056_circuit_no_condition_2_1_6,20,5,5417,1001
loop_2056_circuit_no_condition_2_1_6,20,6,5395,1001
loop_2056_circuit_no_condition_2_1_6,20,7,5392,1001
loop_2056_circuit_no_condition_2_1_6,20,8,5395,1001
loop_2056_circuit_no_condition_2_1_6,20,9,5404,1001
loop_2056_circuit_no_condition_2_1_6,20,10,5392,1001
loop_2056_circuit_no_condition_2_1_6,20,11,5398,1001
loop_2056_circuit_no_condition_2_1_6,20,12,5393,1001
loop_2056_circuit_no_condition_2_1_6,20,13,5397,1001
loop_2056_circuit_no_condition_2_1_6,20,14,5397,1001
loop_2056_circuit_no_condition_2_1_6,20,15,5397,1001
loop_2056_circuit_no_condition_2_1_6,20,0,5403,1100
loop_2056_circuit_no_condition_2_1_6,20,1,5403,1100
loop_2056_circuit_no_condition_2_1_6,20,2,5408,1100
loop_2056_circuit_no_condition_2_1_6,20,3,5406,1100
loop_2056_circuit_no_condition_2_1_6,20,4,5405,1100
loop_2056_circuit_no_condition_2_1_6,20,5,5409,1100
loop_2056_circuit_no_condition_2_1_6,20,6,5406,1100
loop_2056_circuit_no_condition_2_1_6,20,7,5405,1100
loop_2056_circuit_no_condition_2_1_6,20,8,5402,1100
loop_2056_circuit_no_condition_2_1_6,20,9,5407,1100
loop_2056_circuit_no_condition_2_1_6,20,10,5403,1100
loop_2056_circuit_no_condition_2_1_6,20,11,5396,1100
loop_2056_circuit_no_condition_2_1_6,20,12,5404,1100
loop_2056_circuit_no_condition_2_1_6,20,13,5403,1100
loop_2056_circuit_no_condition_2_1_6,20,14,5402,1100
loop_2056_circuit_no_condition_2_1_6,20,15,5426,1100
loop_2056_circuit_no_condition_2_1_6,20,0,5396,1200
loop_2056_circuit_no_condition_2_1_6,20,1,5403,1200
loop_2056_circuit_no_condition_2_1_6,20,2,5401,1200
loop_2056_circuit_no_condition_2_1_6,20,3,5403,1200
loop_2056_circuit_no_condition_2_1_6,20,4,5405,1200
loop_2056_circuit_no_condition_2_1_6,20,5,5423,1200
loop_2056_circuit_no_condition_2_1_6,20,6,5401,1200
loop_2056_circuit_no_condition_2_1_6,20,7,5404,1200
loop_2056_circuit_no_condition_2_1_6,20,8,5404,1200
loop_2056_circuit_no_condition_2_1_6,20,9,5406,1200
loop_2056_circuit_no_condition_2_1_6,20,10,5403,1200
loop_2056_circuit_no_condition_2_1_6,20,11,5407,1200
loop_2056_circuit_no_condition_2_1_6,20,12,5407,1200
loop_2056_circuit_no_condition_2_1_6,20,13,5405,1200
loop_2056_circuit_no_condition_2_1_6,20,14,5414,1200
loop_2056_circuit_no_condition_2_1_6,20,15,5403,1200
loop_2056_circuit_no_condition_2_1_6,20,0,5405,1300
loop_2056_circuit_no_condition_2_1_6,20,1,5409,1300
loop_2056_circuit_no_condition_2_1_6,20,2,5404,1300
loop_2056_circuit_no_condition_2_1_6,20,3,5404,1300
loop_2056_circuit_no_condition_2_1_6,20,4,5413,1300
loop_2056_circuit_no_condition_2_1_6,20,5,5405,1300
loop_2056_circuit_no_condition_2_1_6,20,6,5403,1300
loop_2056_circuit_no_condition_2_1_6,20,7,5414,1300
loop_2056_circuit_no_condition_2_1_6,20,8,5403,1300
loop_2056_circuit_no_condition_2_1_6,20,9,5416,1300
loop_2056_circuit_no_condition_2_1_6,20,10,5405,1300
loop_2056_circuit_no_condition_2_1_6,20,11,5408,1300
loop_2056_circuit_no_condition_2_1_6,20,12,5406,1300
loop_2056_circuit_no_condition_2_1_6,20,13,5425,1300
loop_2056_circuit_no_condition_2_1_6,20,14,5407,1300
loop_2056_circuit_no_condition_2_1_6,20,15,5406,1300
loop_2056_circuit_no_condition_2_1_6,20,0,5400,1401
loop_2056_circuit_no_condition_2_1_6,20,1,5409,1401
loop_2056_circuit_no_condition_2_1_6,20,2,5404,1401
loop_2056_circuit_no_condition_2_1_6,20,3,5401,1401
loop_2056_circuit_no_condition_2_1_6,20,4,5422,1401
loop_2056_circuit_no_condition_2_1_6,20,5,5398,1401
loop_2056_circuit_no_condition_2_1_6,20,6,5407,1401
loop_2056_circuit_no_condition_2_1_6,20,7,5400,1401
loop_2056_circuit_no_condition_2_1_6,20,8,5404,1401
loop_2056_circuit_no_condition_2_1_6,20,9,5410,1401
loop_2056_circuit_no_condition_2_1_6,20,10,5406,1401
loop_2056_circuit_no_condition_2_1_6,20,11,5400,1401
loop_2056_circuit_no_condition_2_1_6,20,12,5401,1401
loop_2056_circuit_no_condition_2_1_6,20,13,5408,1401
loop_2056_circuit_no_condition_2_1_6,20,14,5399,1401
loop_2056_circuit_no_condition_2_1_6,20,15,5399,1401
loop_2056_circuit_no_condition_2_1_6,20,0,5419,1501
loop_2056_circuit_no_condition_2_1_6,20,1,5413,1501
loop_2056_circuit_no_condition_2_1_6,20,2,5393,1501
loop_2056_circuit_no_condition_2_1_6,20,3,5428,1501
loop_2056_circuit_no_condition_2_1_6,20,4,5397,1501
loop_2056_circuit_no_condition_2_1_6,20,5,5418,1501
loop_2056_circuit_no_condition_2_1_6,20,6,5413,1501
loop_2056_circuit_no_condition_2_1_6,20,7,5407,1501
loop_2056_circuit_no_condition_2_1_6,20,8,5407,1501
loop_2056_circuit_no_condition_2_1_6,20,9,5407,1501
loop_2056_circuit_no_condition_2_1_6,20,10,5425,1501
loop_2056_circuit_no_condition_2_1_6,20,11,5404,1501
loop_2056_circuit_no_condition_2_1_6,20,12,5414,1501
loop_2056_circuit_no_condition_2_1_6,20,13,5368,1501
loop_2056_circuit_no_condition_2_1_6,20,14,5402,1501
loop_2056_circuit_no_condition_2_1_6,20,15,5362,1501
loop_2056_circuit_no_condition_2_1_6,20,0,5404,1601
loop_2056_circuit_no_condition_2_1_6,20,1,5409,1601
loop_2056_circuit_no_condition_2_1_6,20,2,5419,1601
loop_2056_circuit_no_condition_2_1_6,20,3,5409,1601
loop_2056_circuit_no_condition_2_1_6,20,4,5395,1601
loop_2056_circuit_no_condition_2_1_6,20,5,5413,1601
loop_2056_circuit_no_condition_2_1_6,20,6,5405,1601
loop_2056_circuit_no_condition_2_1_6,20,7,5403,1601
loop_2056_circuit_no_condition_2_1_6,20,8,5401,1601
loop_2056_circuit_no_condition_2_1_6,20,9,5417,1601
loop_2056_circuit_no_condition_2_1_6,20,10,5413,1601
loop_2056_circuit_no_condition_2_1_6,20,11,5419,1601
loop_2056_circuit_no_condition_2_1_6,20,12,5411,1601
loop_2056_circuit_no_condition_2_1_6,20,13,5417,1601
loop_2056_circuit_no_condition_2_1_6,20,14,5404,1601
loop_2056_circuit_no_condition_2_1_6,20,15,5406,1601
loop_2056_circuit_no_condition_2_1_6,21,0,5431,1
loop_2056_circuit_no_condition_2_1_6,21,1,624,1
loop_2056_circuit_no_condition_2_1_6,21,2,5433,1
loop_2056_circuit_no_condition_2_1_6,21,3,5429,1
loop_2056_circuit_no_condition_2_1_6,21,4,5427,1
loop_2056_circuit_no_condition_2_1_6,21,5,5431,1
loop_2056_circuit_no_condition_2_1_6,21,6,5423,1
loop_2056_circuit_no_condition_2_1_6,21,7,5429,1
loop_2056_circuit_no_condition_2_1_6,21,8,5427,1
loop_2056_circuit_no_condition_2_1_6,21,9,5432,1
loop_2056_circuit_no_condition_2_1_6,21,10,624,1
loop_2056_circuit_no_condition_2_1_6,21,11,5421,1
loop_2056_circuit_no_condition_2_1_6,21,12,5436,1
loop_2056_circuit_no_condition_2_1_6,21,13,624,1
loop_2056_circuit_no_condition_2_1_6,21,14,5423,1
loop_2056_circuit_no_condition_2_1_6,21,15,624,1
loop_2056_circuit_no_condition_2_1_6,21,0,5428,100
loop_2056_circuit_no_condition_2_1_6,21,1,5412,100
loop_2056_circuit_no_condition_2_1_6,21,2,5409,100
loop_2056_circuit_no_condition_2_1_6,21,3,5403,100
loop_2056_circuit_no_condition_2_1_6,21,4,5419,100
loop_2056_circuit_no_condition_2_1_6,21,5,5423,100
loop_2056_circuit_no_condition_2_1_6,21,6,5427,100
loop_2056_circuit_no_condition_2_1_6,21,7,5420,100
loop_2056_circuit_no_condition_2_1_6,21,8,5416,100
loop_2056_circuit_no_condition_2_1_6,21,9,5422,100
loop_2056_circuit_no_condition_2_1_6,21,10,5425,100
loop_2056_circuit_no_condition_2_1_6,21,11,5414,100
loop_2056_circuit_no_condition_2_1_6,21,12,5433,100
loop_2056_circuit_no_condition_2_1_6,21,13,5414,100
loop_2056_circuit_no_condition_2_1_6,21,14,5422,100
loop_2056_circuit_no_condition_2_1_6,21,15,4869,100
loop_2056_circuit_no_condition_2_1_6,21,0,5373,200
loop_2056_circuit_no_condition_2_1_6,21,1,5415,200
loop_2056_circuit_no_condition_2_1_6,21,2,5416,200
loop_2056_circuit_no_condition_2_1_6,21,3,5400,200
loop_2056_circuit_no_condition_2_1_6,21,4,5412,200
loop_2056_circuit_no_condition_2_1_6,21,5,5416,200
loop_2056_circuit_no_condition_2_1_6,21,6,5354,200
loop_2056_circuit_no_condition_2_1_6,21,7,5420,200
loop_2056_circuit_no_condition_2_1_6,21,8,5404,200
loop_2056_circuit_no_condition_2_1_6,21,9,5385,200
loop_2056_circuit_no_condition_2_1_6,21,10,5413,200
loop_2056_circuit_no_condition_2_1_6,21,11,5412,200
loop_2056_circuit_no_condition_2_1_6,21,12,5426,200
loop_2056_circuit_no_condition_2_1_6,21,13,5423,200
loop_2056_circuit_no_condition_2_1_6,21,14,5371,200
loop_2056_circuit_no_condition_2_1_6,21,15,5411,200
loop_2056_circuit_no_condition_2_1_6,21,0,624,301
loop_2056_circuit_no_condition_2_1_6,21,1,624,301
loop_2056_circuit_no_condition_2_1_6,21,2,5422,301
loop_2056_circuit_no_condition_2_1_6,21,3,624,301
loop_2056_circuit_no_condition_2_1_6,21,4,5430,301
loop_2056_circuit_no_condition_2_1_6,21,5,624,301
loop_2056_circuit_no_condition_2_1_6,21,6,624,301
loop_2056_circuit_no_condition_2_1_6,21,7,624,301
loop_2056_circuit_no_condition_2_1_6,21,8,624,301
loop_2056_circuit_no_condition_2_1_6,21,9,624,301
loop_2056_circuit_no_condition_2_1_6,21,10,624,301
loop_2056_circuit_no_condition_2_1_6,21,11,624,301
loop_2056_circuit_no_condition_2_1_6,21,12,624,301
loop_2056_circuit_no_condition_2_1_6,21,13,624,301
loop_2056_circuit_no_condition_2_1_6,21,14,624,301
loop_2056_circuit_no_condition_2_1_6,21,15,624,301
loop_2056_circuit_no_condition_2_1_6,21,0,624,401
loop_2056_circuit_no_condition_2_1_6,21,1,624,401
loop_2056_circuit_no_condition_2_1_6,21,2,624,401
loop_2056_circuit_no_condition_2_1_6,21,3,624,401
loop_2056_circuit_no_condition_2_1_6,21,4,5435,401
loop_2056_circuit_no_condition_2_1_6,21,5,624,401
loop_2056_circuit_no_condition_2_1_6,21,6,624,401
loop_2056_circuit_no_condition_2_1_6,21,7,624,401
loop_2056_circuit_no_condition_2_1_6,21,8,624,401
loop_2056_circuit_no_condition_2_1_6,21,9,624,401
loop_2056_circuit_no_condition_2_1_6,21,10,624,401
loop_2056_circuit_no_condition_2_1_6,21,11,624,401
loop_2056_circuit_no_condition_2_1_6,21,12,624,401
loop_2056_circuit_no_condition_2_1_6,21,13,624,401
loop_2056_circuit_no_condition_2_1_6,21,14,624,401
loop_2056_circuit_no_condition_2_1_6,21,15,624,401
loop_2056_circuit_no_condition_2_1_6,21,0,624,500
loop_2056_circuit_no_condition_2_1_6,21,1,4654,500
loop_2056_circuit_no_condition_2_1_6,21,2,624,500
loop_2056_circuit_no_condition_2_1_6,21,3,4938,500
loop_2056_circuit_no_condition_2_1_6,21,4,624,500
loop_2056_circuit_no_condition_2_1_6,21,5,5426,500
loop_2056_circuit_no_condition_2_1_6,21,6,4736,500
loop_2056_circuit_no_condition_2_1_6,21,7,624,500
loop_2056_circuit_no_condition_2_1_6,21,8,624,500
loop_2056_circuit_no_condition_2_1_6,21,9,624,500
loop_2056_circuit_no_condition_2_1_6,21,10,624,500
loop_2056_circuit_no_condition_2_1_6,21,11,624,500
loop_2056_circuit_no_condition_2_1_6,21,12,624,500
loop_2056_circuit_no_condition_2_1_6,21,13,624,500
loop_2056_circuit_no_condition_2_1_6,21,14,624,500
loop_2056_circuit_no_condition_2_1_6,21,15,624,500
loop_2056_circuit_no_condition_2_1_6,21,0,5419,600
loop_2056_circuit_no_condition_2_1_6,21,1,5407,600
loop_2056_circuit_no_condition_2_1_6,21,2,5408,600
loop_2056_circuit_no_condition_2_1_6,21,3,5415,600
loop_2056_circuit_no_condition_2_1_6,21,4,5410,600
loop_2056_circuit_no_condition_2_1_6,21,5,5424,600
loop_2056_circuit_no_condition_2_1_6,21,6,5411,600
loop_2056_circuit_no_condition_2_1_6,21,7,5405,600
loop_2056_circuit_no_condition_2_1_6,21,8,5414,600
loop_2056_circuit_no_condition_2_1_6,21,9,5418,600
loop_2056_circuit_no_condition_2_1_6,21,10,5412,600
loop_2056_circuit_no_condition_2_1_6,21,11,5417,600
loop_2056_circuit_no_condition_2_1_6,21,12,5419,600
loop_2056_circuit_no_condition_2_1_6,21,13,5407,600
loop_2056_circuit_no_condition_2_1_6,21,14,5415,600
loop_2056_circuit_no_condition_2_1_6,21,15,5409,600
loop_2056_circuit_no_condition_2_1_6,21,0,5404,700
loop_2056_circuit_no_condition_2_1_6,21,1,5411,700
loop_2056_circuit_no_condition_2_1_6,21,2,5409,700
loop_2056_circuit_no_condition_2_1_6,21,3,5401,700
loop_2056_circuit_no_condition_2_1_6,21,4,5424,700
loop_2056_circuit_no_condition_2_1_6,21,5,5405,700
loop_2056_circuit_no_condition_2_1_6,21,6,5400,700
loop_2056_circuit_no_condition_2_1_6,21,7,5411,700
loop_2056_circuit_no_condition_2_1_6,21,8,5407,700
loop_2056_circuit_no_condition_2_1_6,21,9,5402,700
loop_2056_circuit_no_condition_2_1_6,21,10,5411,700
loop_2056_circuit_no_condition_2_1_6,21,11,5402,700
loop_2056_circuit_no_condition_2_1_6,21,12,5402,700
loop_2056_circuit_no_condition_2_1_6,21,13,5405,700
loop_2056_circuit_no_condition_2_1_6,21,14,5401,700
loop_2056_circuit_no_condition_2_1_6,21,15,5411,700
loop_2056_circuit_no_condition_2_1_6,21,0,5400,800
loop_2056_circuit_no_condition_2_1_6,21,1,5398,800
loop_2056_circuit_no_condition_2_1_6,21,2,5411,800
loop_2056_circuit_no_condition_2_1_6,21,3,5406,800
loop_2056_circuit_no_condition_2_1_6,21,4,5406,800
loop_2056_circuit_no_condition_2_1_6,21,5,5400,800
loop_2056_circuit_no_condition_2_1_6,21,6,5398,800
loop_2056_circuit_no_condition_2_1_6,21,7,5408,800
loop_2056_circuit_no_condition_2_1_6,21,8,5402,800
loop_2056_circuit_no_condition_2_1_6,21,9,5404,800
loop_2056_circuit_no_condition_2_1_6,21,10,5411,800
loop_2056_circuit_no_condition_2_1_6,21,11,5400,800
loop_2056_circuit_no_condition_2_1_6,21,12,5411,800
loop_2056_circuit_no_condition_2_1_6,21,13,5419,800
loop_2056_circuit_no_condition_2_1_6,21,14,5403,800
loop_2056_circuit_no_condition_2_1_6,21,15,5400,800
loop_2056_circuit_no_condition_2_1_6,21,0,5415,901
loop_2056_circuit_no_condition_2_1_6,21,1,5403,901
loop_2056_circuit_no_condition_2_1_6,21,2,5402,901
loop_2056_circuit_no_condition_2_1_6,21,3,5406,901
loop_2056_circuit_no_condition_2_1_6,21,4,5407,901
loop_2056_circuit_no_condition_2_1_6,21,5,5402,901
loop_2056_circuit_no_condition_2_1_6,21,6,5422,901
loop_2056_circuit_no_condition_2_1_6,21,7,5406,901
loop_2056_circuit_no_condition_2_1_6,21,8,5403,901
loop_2056_circuit_no_condition_2_1_6,21,9,5410,901
loop_2056_circuit_no_condition_2_1_6,21,10,5402,901
loop_2056_circuit_no_condition_2_1_6,21,11,5409,901
loop_2056_circuit_no_condition_2_1_6,21,12,5410,901
loop_2056_circuit_no_condition_2_1_6,21,13,5402,901
loop_2056_circuit_no_condition_2_1_6,21,14,5405,901
loop_2056_circuit_no_condition_2_1_6,21,15,5403,901
loop_2056_circuit_no_condition_2_1_6,21,0,5410,1000
loop_2056_circuit_no_condition_2_1_6,21,1,5404,1000
loop_2056_circuit_no_condition_2_1_6,21,2,5405,1000
loop_2056_circuit_no_condition_2_1_6,21,3,5408,1000
loop_2056_circuit_no_condition_2_1_6,21,4,5411,1000
loop_2056_circuit_no_condition_2_1_6,21,5,5425,1000
loop_2056_circuit_no_condition_2_1_6,21,6,5410,1000
loop_2056_circuit_no_condition_2_1_6,21,7,5405,1000
loop_2056_circuit_no_condition_2_1_6,21,8,5414,1000
loop_2056_circuit_no_condition_2_1_6,21,9,5408,1000
loop_2056_circuit_no_condition_2_1_6,21,10,5406,1000
loop_2056_circuit_no_condition_2_1_6,21,11,5402,1000
loop_2056_circuit_no_condition_2_1_6,21,12,5415,1000
loop_2056_circuit_no_condition_2_1_6,21,13,5404,1000
loop_2056_circuit_no_condition_2_1_6,21,14,5407,1000
loop_2056_circuit_no_condition_2_1_6,21,15,5405,1000
loop_2056_circuit_no_condition_2_1_6,21,0,5406,1100
loop_2056_circuit_no_condition_2_1_6,21,1,5407,1100
loop_2056_circuit_no_condition_2_1_6,21,2,5406,1100
loop_2056_circuit_no_condition_2_1_6,21,3,5407,1100
loop_2056_circuit_no_condition_2_1_6,21,4,5426,1100
loop_2056_circuit_no_condition_2_1_6,21,5,5417,1100
loop_2056_circuit_no_condition_2_1_6,21,6,5413,1100
loop_2056_circuit_no_condition_2_1_6,21,7,5410,1100
loop_2056_circuit_no_condition_2_1_6,21,8,5408,1100
loop_2056_circuit_no_condition_2_1_6,21,9,5397,1100
loop_2056_circuit_no_condition_2_1_6,21,10,5408,1100
loop_2056_circuit_no_condition_2_1_6,21,11,5401,1100
loop_2056_circuit_no_condition_2_1_6,21,12,5407,1100
loop_2056_circuit_no_condition_2_1_6,21,13,5409,1100
loop_2056_circuit_no_condition_2_1_6,21,14,5412,1100
loop_2056_circuit_no_condition_2_1_6,21,15,5408,1100
loop_2056_circuit_no_condition_2_1_6,21,0,5421,1200
loop_2056_circuit_no_condition_2_1_6,21,1,5405,1200
loop_2056_circuit_no_condition_2_1_6,21,2,5404,1200
loop_2056_circuit_no_condition_2_1_6,21,3,5403,1200
loop_2056_circuit_no_condition_2_1_6,21,4,5403,1200
loop_2056_circuit_no_condition_2_1_6,21,5,5400,1200
loop_2056_circuit_no_condition_2_1_6,21,6,5408,1200
loop_2056_circuit_no_condition_2_1_6,21,7,5406,1200
loop_2056_circuit_no_condition_2_1_6,21,8,5403,1200
loop_2056_circuit_no_condition_2_1_6,21,9,5405,1200
loop_2056_circuit_no_condition_2_1_6,21,10,5403,1200
loop_2056_circuit_no_condition_2_1_6,21,11,5402,1200
loop_2056_circuit_no_condition_2_1_6,21,12,5406,1200
loop_2056_circuit_no_condition_2_1_6,21,13,5405,1200
loop_2056_circuit_no_condition_2_1_6,21,14,5405,1200
loop_2056_circuit_no_condition_2_1_6,21,15,5406,1200
loop_2056_circuit_no_condition_2_1_6,21,0,5408,1301
loop_2056_circuit_no_condition_2_1_6,21,1,5402,1301
loop_2056_circuit_no_condition_2_1_6,21,2,5400,1301
loop_2056_circuit_no_condition_2_1_6,21,3,5403,1301
loop_2056_circuit_no_condition_2_1_6,21,4,5422,1301
loop_2056_circuit_no_condition_2_1_6,21,5,5404,1301
loop_2056_circuit_no_condition_2_1_6,21,6,5402,1301
loop_2056_circuit_no_condition_2_1_6,21,7,5401,1301
loop_2056_circuit_no_condition_2_1_6,21,8,5406,1301
loop_2056_circuit_no_condition_2_1_6,21,9,5400,1301
loop_2056_circuit_no_condition_2_1_6,21,10,5403,1301
loop_2056_circuit_no_condition_2_1_6,21,11,5403,1301
loop_2056_circuit_no_condition_2_1_6,21,12,5400,1301
loop_2056_circuit_no_condition_2_1_6,21,13,5405,1301
loop_2056_circuit_no_condition_2_1_6,21,14,5412,1301
loop_2056_circuit_no_condition_2_1_6,21,15,5400,1301
loop_2056_circuit_no_condition_2_1_6,21,0,5413,1401
loop_2056_circuit_no_condition_2_1_6,21,1,5408,1401
loop_2056_circuit_no_condition_2_1_6,21,2,5406,1401
loop_2056_circuit_no_condition_2_1_6,21,3,5399,1401
loop_2056_circuit_no_condition_2_1_6,21,4,5405,1401
loop_2056_circuit_no_condition_2_1_6,21,5,5420,1401
loop_2056_circuit_no_condition_2_1_6,21,6,5404,1401
loop_2056_circuit_no_condition_2_1_6,21,7,5402,1401
loop_2056_circuit_no_condition_2_1_6,21,8,5407,1401
loop_2056_circuit_no_condition_2_1_6,21,9,5403,1401
loop_2056_circuit_no_condition_2_1_6,21,10,5407,1401
loop_2056_circuit_no_condition_2_1_6,21,11,5399,1401
loop_2056_circuit_no_condition_2_1_6,21,12,5408,1401
loop_2056_circuit_no_condition_2_1_6,21,13,5401,1401
loop_2056_circuit_no_condition_2_1_6,21,14,5399,1401
loop_2056_circuit_no_condition_2_1_6,21,15,5400,1401
loop_2056_circuit_no_condition_2_1_6,21,0,624,1500
loop_2056_circuit_no_condition_2_1_6,21,1,624,1500
loop_2056_circuit_no_condition_2_1_6,21,2,624,1500
loop_2056_circuit_no_condition_2_1_6,21,3,624,1500
loop_2056_circuit_no_condition_2_1_6,21,4,624,1500
loop_2056_circuit_no_condition_2_1_6,21,5,5425,1500
loop_2056_circuit_no_condition_2_1_6,21,6,624,1500
loop_2056_circuit_no_condition_2_1_6,21,7,624,1500
loop_2056_circuit_no_condition_2_1_6,21,8,624,1500
loop_2056_circuit_no_condition_2_1_6,21,9,624,1500
loop_2056_circuit_no_condition_2_1_6,21,10,624,1500
loop_2056_circuit_no_condition_2_1_6,21,11,624,1500
loop_2056_circuit_no_condition_2_1_6,21,12,624,1500
loop_2056_circuit_no_condition_2_1_6,21,13,624,1500
loop_2056_circuit_no_condition_2_1_6,21,14,624,1500
loop_2056_circuit_no_condition_2_1_6,21,15,624,1500
loop_2056_circuit_no_condition_2_1_6,22,0,5433,1
loop_2056_circuit_no_condition_2_1_6,22,1,5379,1
loop_2056_circuit_no_condition_2_1_6,22,2,5428,1
loop_2056_circuit_no_condition_2_1_6,22,3,624,1
loop_2056_circuit_no_condition_2_1_6,22,4,5433,1
loop_2056_circuit_no_condition_2_1_6,22,5,4949,1
loop_2056_circuit_no_condition_2_1_6,22,6,5424,1
loop_2056_circuit_no_condition_2_1_6,22,7,624,1
loop_2056_circuit_no_condition_2_1_6,22,8,5431,1
loop_2056_circuit_no_condition_2_1_6,22,9,5432,1
loop_2056_circuit_no_condition_2_1_6,22,10,5424,1
loop_2056_circuit_no_condition_2_1_6,22,11,5418,1
loop_2056_circuit_no_condition_2_1_6,22,12,624,1
loop_2056_circuit_no_condition_2_1_6,22,13,5429,1
loop_2056_circuit_no_condition_2_1_6,22,14,5417,1
loop_2056_circuit_no_condition_2_1_6,22,15,5425,1
loop_2056_circuit_no_condition_2_1_6,22,0,5396,100
loop_2056_circuit_no_condition_2_1_6,22,1,5416,100
loop_2056_circuit_no_condition_2_1_6,22,2,5376,100
loop_2056_circuit_no_condition_2_1_6,22,3,5424,100
loop_2056_circuit_no_condition_2_1_6,22,4,5428,100
loop_2056_circuit_no_condition_2_1_6,22,5,5430,100
loop_2056_circuit_no_condition_2_1_6,22,6,5406,100
loop_2056_circuit_no_condition_2_1_6,22,7,5425,100
loop_2056_circuit_no_condition_2_1_6,22,8,5423,100
loop_2056_circuit_no_condition_2_1_6,22,9,5391,100
loop_2056_circuit_no_condition_2_1_6,22,10,5416,100
loop_2056_circuit_no_condition_2_1_6,22,11,5418,100
loop_2056_circuit_no_condition_2_1_6,22,12,5387,100
loop_2056_circuit_no_condition_2_1_6,22,13,5428,100
loop_2056_circuit_no_condition_2_1_6,22,14,5390,100
loop_2056_circuit_no_condition_2_1_6,22,15,5408,100
loop_2056_circuit_no_condition_2_1_6,22,0,5396,200
loop_2056_circuit_no_condition_2_1_6,22,1,5425,200
loop_2056_circuit_no_condition_2_1_6,22,2,5411,200
loop_2056_circuit_no_condition_2_1_6,22,3,5416,200
loop_2056_circuit_no_condition_2_1_6,22,4,5408,200
loop_2056_circuit_no_condition_2_1_6,22,5,5426,200
loop_2056_circuit_no_condition_2_1_6,22,6,5413,200
loop_2056_circuit_no_condition_2_1_6,22,7,5420,200
loop_2056_circuit_no_condition_2_1_6,22,8,5419,200
loop_2056_circuit_no_condition_2_1_6,22,9,5429,200
loop_2056_circuit_no_condition_2_1_6,22,10,5412,200
loop_2056_circuit_no_condition_2_1_6,22,11,5422,200
loop_2056_circuit_no_condition_2_1_6,22,12,5384,200
loop_2056_circuit_no_condition_2_1_6,22,13,5407,200
loop_2056_circuit_no_condition_2_1_6,22,14,5419,200
loop_2056_circuit_no_condition_2_1_6,22,15,5419,200
loop_2056_circuit_no_condition_2_1_6,22,0,5413,301
loop_2056_circuit_no_condition_2_1_6,22,1,624,301
loop_2056_circuit_no_condition_2_1_6,22,2,5418,301
loop_2056_circuit_no_condition_2_1_6,22,3,3580,301
loop_2056_circuit_no_condition_2_1_6,22,4,5418,301
loop_2056_circuit_no_condition_2_1_6,22,5,5422,301
loop_2056_circuit_no_condition_2_1_6,22,6,4395,301
loop_2056_circuit_no_condition_2_1_6,22,7,5423,301
loop_2056_circuit_no_condition_2_1_6,22,8,624,301
loop_2056_circuit_no_condition_2_1_6,22,9,624,301
loop_2056_circuit_no_condition_2_1_6,22,10,624,301
loop_2056_circuit_no_condition_2_1_6,22,11,624,301
loop_2056_circuit_no_condition_2_1_6,22,12,5423,301
loop_2056_circuit_no_condition_2_1_6,22,13,5418,301
loop_2056_circuit_no_condition_2_1_6,22,14,624,301
loop_2056_circuit_no_condition_2_1_6,22,15,5419,301
loop_2056_circuit_no_condition_2_1_6,22,0,624,401
loop_2056_circuit_no_condition_2_1_6,22,1,624,401
loop_2056_circuit_no_condition_2_1_6,22,2,624,401
loop_2056_circuit_no_condition_2_1_6,22,3,624,401
loop_2056_circuit_no_condition_2_1_6,22,4,624,401
loop_2056_circuit_no_condition_2_1_6,22,5,5433,401
loop_2056_circuit_no_condition_2_1_6,22,6,624,401
loop_2056_circuit_no_condition_2_1_6,22,7,624,401
loop_2056_circuit_no_condition_2_1_6,22,8,624,401
loop_2056_circuit_no_condition_2_1_6,22,9,624,401
loop_2056_circuit_no_condition_2_1_6,22,10,624,401
loop_2056_circuit_no_condition_2_1_6,22,11,624,401
loop_2056_circuit_no_condition_2_1_6,22,12,624,401
loop_2056_circuit_no_condition_2_1_6,22,13,624,401
loop_2056_circuit_no_condition_2_1_6,22,14,624,401
loop_2056_circuit_no_condition_2_1_6,22,15,624,401
loop_2056_circuit_no_condition_2_1_6,22,0,624,500
loop_2056_circuit_no_condition_2_1_6,22,1,4819,500
loop_2056_circuit_no_condition_2_1_6,22,2,4702,500
loop_2056_circuit_no_condition_2_1_6,22,3,624,500
loop_2056_circuit_no_condition_2_1_6,22,4,624,500
loop_2056_circuit_no_condition_2_1_6,22,5,624,500
loop_2056_circuit_no_condition_2_1_6,22,6,624,500
loop_2056_circuit_no_condition_2_1_6,22,7,624,500
loop_2056_circuit_no_condition_2_1_6,22,8,624,500
loop_2056_circuit_no_condition_2_1_6,22,9,624,500
loop_2056_circuit_no_condition_2_1_6,22,10,624,500
loop_2056_circuit_no_condition_2_1_6,22,11,5429,500
loop_2056_circuit_no_condition_2_1_6,22,12,5451,500
loop_2056_circuit_no_condition_2_1_6,22,13,5432,500
loop_2056_circuit_no_condition_2_1_6,22,14,624,500
loop_2056_circuit_no_condition_2_1_6,22,15,624,500
loop_2056_circuit_no_condition_2_1_6,22,0,5420,600
loop_2056_circuit_no_condition_2_1_6,22,1,5415,600
loop_2056_circuit_no_condition_2_1_6,22,2,5407,600
loop_2056_circuit_no_condition_2_1_6,22,3,5406,600
loop_2056_circuit_no_condition_2_1_6,22,4,5426,600
loop_2056_circuit_no_condition_2_1_6,22,5,5416,600
loop_2056_circuit_no_condition_2_1_6,22,6,5407,600
loop_2056_circuit_no_condition_2_1_6,22,7,5406,600
loop_2056_circuit_no_condition_2_1_6,22,8,5407,600
loop_2056_circuit_no_condition_2_1_6,22,9,5408,600
loop_2056_circuit_no_condition_2_1_6,22,10,5409,600
loop_2056_circuit_no_condition_2_1_6,22,11,5407,600
loop_2056_circuit_no_condition_2_1_6,22,12,5410,600
loop_2056_circuit_no_condition_2_1_6,22,13,5409,600
loop_2056_circuit_no_condition_2_1_6,22,14,5410,600
loop_2056_circuit_no_condition_2_1_6,22,15,5407,600
loop_2056_circuit_no_condition_2_1_6,22,0,5409,700
loop_2056_circuit_no_condition_2_1_6,22,1,5406,700
loop_2056_circuit_no_condition_2_1_6,22,2,5416,700
loop_2056_circuit_no_condition_2_1_6,22,3,5406,700
loop_2056_circuit_no_condition_2_1_6,22,4,5426,700
loop_2056_circuit_no_condition_2_1_6,22,5,5410,700
loop_2056_circuit_no_condition_2_1_6,22,6,5415,700
loop_2056_circuit_no_condition_2_1_6,22,7,5407,700
loop_2056_circuit_no_condition_2_1_6,22,8,5407,700
loop_2056_circuit_no_condition_2_1_6,22,9,5414,700
loop_2056_circuit_no_condition_2_1_6,22,10,5417,700
loop_2056_circuit_no_condition_2_1_6,22,11,5406,700
loop_2056_circuit_no_condition_2_1_6,22,12,5408,700
loop_2056_circuit_no_condition_2_1_6,22,13,5405,700
loop_2056_circuit_no_condition_2_1_6,22,14,5409,700
loop_2056_circuit_no_condition_2_1_6,22,15,5408,700
loop_2056_circuit_no_condition_2_1_6,22,0,5397,801
loop_2056_circuit_no_condition_2_1_6,22,1,5398,801
loop_2056_circuit_no_condition_2_1_6,22,2,5399,801
loop_2056_circuit_no_condition_2_1_6,22,3,5398,801
loop_2056_circuit_no_condition_2_1_6,22,4,5397,801
loop_2056_circuit_no_condition_2_1_6,22,5,5420,801
loop_2056_circuit_no_condition_2_1_6,22,6,5396,801
loop_2056_circuit_no_condition_2_1_6,22,7,5397,801
loop_2056_circuit_no_condition_2_1_6,22,8,5401,801
loop_2056_circuit_no_condition_2_1_6,22,9,5395,801
loop_2056_circuit_no_condition_2_1_6,22,10,5395,801
loop_2056_circuit_no_condition_2_1_6,22,11,5394,801
loop_2056_circuit_no_condition_2_1_6,22,12,5398,801
loop_2056_circuit_no_condition_2_1_6,22,13,5395,801
loop_2056_circuit_no_condition_2_1_6,22,14,5411,801
loop_2056_circuit_no_condition_2_1_6,22,15,5397,801
loop_2056_circuit_no_condition_2_1_6,22,0,5409,901
loop_2056_circuit_no_condition_2_1_6,22,1,5414,901
loop_2056_circuit_no_condition_2_1_6,22,2,5411,901
loop_2056_circuit_no_condition_2_1_6,22,3,5410,901
loop_2056_circuit_no_condition_2_1_6,22,4,5410,901
loop_2056_circuit_no_condition_2_1_6,22,5,5408,901
loop_2056_circuit_no_condition_2_1_6,22,6,5412,901
loop_2056_circuit_no_condition_2_1_6,22,7,5405,901
loop_2056_circuit_no_condition_2_1_6,22,8,5409,901
loop_2056_circuit_no_condition_2_1_6,22,9,5409,901
loop_2056_circuit_no_condition_2_1_6,22,10,5415,901
loop_2056_circuit_no_condition_2_1_6,22,11,5411,901
loop_2056_circuit_no_condition_2_1_6,22,12,5409,901
loop_2056_circuit_no_condition_2_1_6,22,13,5426,901
loop_2056_circuit_no_condition_2_1_6,22,14,5417,901
loop_2056_circuit_no_condition_2_1_6,22,15,5408,901
loop_2056_circuit_no_condition_2_1_6,22,0,5401,1001
loop_2056_circuit_no_condition_2_1_6,22,1,5400,1001
loop_2056_circuit_no_condition_2_1_6,22,2,5397,1001
loop_2056_circuit_no_condition_2_1_6,22,3,5399,1001
loop_2056_circuit_no_condition_2_1_6,22,4,5401,1001
loop_2056_circuit_no_condition_2_1_6,22,5,5398,1001
loop_2056_circuit_no_condition_2_1_6,22,6,5399,1001
loop_2056_circuit_no_condition_2_1_6,22,7,5396,1001
loop_2056_circuit_no_condition_2_1_6,22,8,5399,1001
loop_2056_circuit_no_condition_2_1_6,22,9,5408,1001
loop_2056_circuit_no_condition_2_1_6,22,10,5398,1001
loop_2056_circuit_no_condition_2_1_6,22,11,5401,1001
loop_2056_circuit_no_condition_2_1_6,22,12,5411,1001
loop_2056_circuit_no_condition_2_1_6,22,13,5421,1001
loop_2056_circuit_no_condition_2_1_6,22,14,5401,1001
loop_2056_circuit_no_condition_2_1_6,22,15,5399,1001
loop_2056_circuit_no_condition_2_1_6,22,0,5407,1100
loop_2056_circuit_no_condition_2_1_6,22,1,5413,1100
loop_2056_circuit_no_condition_2_1_6,22,2,5408,1100
loop_2056_circuit_no_condition_2_1_6,22,3,5405,1100
loop_2056_circuit_no_condition_2_1_6,22,4,5414,1100
loop_2056_circuit_no_condition_2_1_6,22,5,5406,1100
loop_2056_circuit_no_condition_2_1_6,22,6,5407,1100
loop_2056_circuit_no_condition_2_1_6,22,7,5410,1100
loop_2056_circuit_no_condition_2_1_6,22,8,5405,1100
loop_2056_circuit_no_condition_2_1_6,22,9,5403,1100
loop_2056_circuit_no_condition_2_1_6,22,10,5404,1100
loop_2056_circuit_no_condition_2_1_6,22,11,5406,1100
loop_2056_circuit_no_condition_2_1_6,22,12,5413,1100
loop_2056_circuit_no_condition_2_1_6,22,13,5425,1100
loop_2056_circuit_no_condition_2_1_6,22,14,5409,1100
loop_2056_circuit_no_condition_2_1_6,22,15,5408,1100
loop_2056_circuit_no_condition_2_1_6,22,0,5402,1200
loop_2056_circuit_no_condition_2_1_6,22,1,5403,1200
loop_2056_circuit_no_condition_2_1_6,22,2,5405,1200
loop_2056_circuit_no_condition_2_1_6,22,3,5403,1200
loop_2056_circuit_no_condition_2_1_6,22,4,5411,1200
loop_2056_circuit_no_condition_2_1_6,22,5,5406,1200
loop_2056_circuit_no_condition_2_1_6,22,6,5405,1200
loop_2056_circuit_no_condition_2_1_6,22,7,5406,1200
loop_2056_circuit_no_condition_2_1_6,22,8,5404,1200
loop_2056_circuit_no_condition_2_1_6,22,9,5407,1200
loop_2056_circuit_no_condition_2_1_6,22,10,5404,1200
loop_2056_circuit_no_condition_2_1_6,22,11,5405,1200
loop_2056_circuit_no_condition_2_1_6,22,12,5415,1200
loop_2056_circuit_no_condition_2_1_6,22,13,5425,1200
loop_2056_circuit_no_condition_2_1_6,22,14,5406,1200
loop_2056_circuit_no_condition_2_1_6,22,15,5404,1200
loop_2056_circuit_no_condition_2_1_6,22,0,5393,1301
loop_2056_circuit_no_condition_2_1_6,22,1,5395,1301
loop_2056_circuit_no_condition_2_1_6,22,2,5397,1301
loop_2056_circuit_no_condition_2_1_6,22,3,5395,1301
loop_2056_circuit_no_condition_2_1_6,22,4,5419,1301
loop_2056_circuit_no_condition_2_1_6,22,5,5404,1301
loop_2056_circuit_no_condition_2_1_6,22,6,5394,1301
loop_2056_circuit_no_condition_2_1_6,22,7,5397,1301
loop_2056_circuit_no_condition_2_1_6,22,8,5392,1301
loop_2056_circuit_no_condition_2_1_6,22,9,5401,1301
loop_2056_circuit_no_condition_2_1_6,22,10,5394,1301
loop_2056_circuit_no_condition_2_1_6,22,11,5395,1301
loop_2056_circuit_no_condition_2_1_6,22,12,5395,1301
loop_2056_circuit_no_condition_2_1_6,22,13,5399,1301
loop_2056_circuit_no_condition_2_1_6,22,14,5395,1301
loop_2056_circuit_no_condition_2_1_6,22,15,5396,1301
loop_2056_circuit_no_condition_2_1_6,22,0,5398,1401
loop_2056_circuit_no_condition_2_1_6,22,1,5398,1401
loop_2056_circuit_no_condition_2_1_6,22,2,5399,1401
loop_2056_circuit_no_condition_2_1_6,22,3,5399,1401
loop_2056_circuit_no_condition_2_1_6,22,4,5407,1401
loop_2056_circuit_no_condition_2_1_6,22,5,5417,1401
loop_2056_circuit_no_condition_2_1_6,22,6,5394,1401
loop_2056_circuit_no_condition_2_1_6,22,7,5401,1401
loop_2056_circuit_no_condition_2_1_6,22,8,5398,1401
loop_2056_circuit_no_condition_2_1_6,22,9,5396,1401
loop_2056_circuit_no_condition_2_1_6,22,10,5396,1401
loop_2056_circuit_no_condition_2_1_6,22,11,5402,1401
loop_2056_circuit_no_condition_2_1_6,22,12,5395,1401
loop_2056_circuit_no_condition_2_1_6,22,13,5401,1401
loop_2056_circuit_no_condition_2_1_6,22,14,5411,1401
loop_2056_circuit_no_condition_2_1_6,22,15,5405,1401
loop_2056_circuit_no_condition_2_1_6,22,0,5399,1501
loop_2056_circuit_no_condition_2_1_6,22,1,5405,1501
loop_2056_circuit_no_condition_2_1_6,22,2,5405,1501
loop_2056_circuit_no_condition_2_1_6,22,3,5430,1501
loop_2056_circuit_no_condition_2_1_6,22,4,5414,1501
loop_2056_circuit_no_condition_2_1_6,22,5,5430,1501
loop_2056_circuit_no_condition_2_1_6,22,6,5396,1501
loop_2056_circuit_no_condition_2_1_6,22,7,5417,1501
loop_2056_circuit_no_condition_2_1_6,22,8,5399,1501
loop_2056_circuit_no_condition_2_1_6,22,9,5404,1501
loop_2056_circuit_no_condition_2_1_6,22,10,5398,1501
loop_2056_circuit_no_condition_2_1_6,22,11,5404,1501
loop_2056_circuit_no_condition_2_1_6,22,12,5397,1501
loop_2056_circuit_no_condition_2_1_6,22,13,5400,1501
loop_2056_circuit_no_condition_2_1_6,22,14,5400,1501
loop_2056_circuit_no_condition_2_1_6,22,15,5398,1501
loop_2056_circuit_no_condition_2_1_6,22,0,5405,1600
loop_2056_circuit_no_condition_2_1_6,22,1,5409,1600
loop_2056_circuit_no_condition_2_1_6,22,2,5413,1600
loop_2056_circuit_no_condition_2_1_6,22,3,5416,1600
loop_2056_circuit_no_condition_2_1_6,22,4,5403,1600
loop_2056_circuit_no_condition_2_1_6,22,5,5415,1600
loop_2056_circuit_no_condition_2_1_6,22,6,5406,1600
loop_2056_circuit_no_condition_2_1_6,22,7,5424,1600
loop_2056_circuit_no_condition_2_1_6,22,8,5416,1600
loop_2056_circuit_no_condition_2_1_6,22,9,5411,1600
loop_2056_circuit_no_condition_2_1_6,22,10,624,1600
loop_2056_circuit_no_condition_2_1_6,22,11,624,1600
loop_2056_circuit_no_condition_2_1_6,22,12,5407,1600
loop_2056_circuit_no_condition_2_1_6,22,13,5423,1600
loop_2056_circuit_no_condition_2_1_6,22,14,5411,1600
loop_2056_circuit_no_condition_2_1_6,22,15,5413,1600
loop_2056_circuit_no_condition_2_1_6,23,0,5431,1
loop_2056_circuit_no_condition_2_1_6,23,1,624,1
loop_2056_circuit_no_condition_2_1_6,23,2,5427,1
loop_2056_circuit_no_condition_2_1_6,23,3,5423,1
loop_2056_circuit_no_condition_2_1_6,23,4,5431,1
loop_2056_circuit_no_condition_2_1_6,23,5,5427,1
loop_2056_circuit_no_condition_2_1_6,23,6,5425,1
loop_2056_circuit_no_condition_2_1_6,23,7,624,1
loop_2056_circuit_no_condition_2_1_6,23,8,5425,1
loop_2056_circuit_no_condition_2_1_6,23,9,5417,1
loop_2056_circuit_no_condition_2_1_6,23,10,5420,1
loop_2056_circuit_no_condition_2_1_6,23,11,5380,1
loop_2056_circuit_no_condition_2_1_6,23,12,5432,1
loop_2056_circuit_no_condition_2_1_6,23,13,624,1
loop_2056_circuit_no_condition_2_1_6,23,14,624,1
loop_2056_circuit_no_condition_2_1_6,23,15,5432,1
loop_2056_circuit_no_condition_2_1_6,23,0,5421,101
loop_2056_circuit_no_condition_2_1_6,23,1,5401,101
loop_2056_circuit_no_condition_2_1_6,23,2,5406,101
loop_2056_circuit_no_condition_2_1_6,23,3,5369,101
loop_2056_circuit_no_condition_2_1_6,23,4,5422,101
loop_2056_circuit_no_condition_2_1_6,23,5,5429,101
loop_2056_circuit_no_condition_2_1_6,23,6,5423,101
loop_2056_circuit_no_condition_2_1_6,23,7,5418,101
loop_2056_circuit_no_condition_2_1_6,23,8,5392,101
loop_2056_circuit_no_condition_2_1_6,23,9,5415,101
loop_2056_circuit_no_condition_2_1_6,23,10,5426,101
loop_2056_circuit_no_condition_2_1_6,23,11,5385,101
loop_2056_circuit_no_condition_2_1_6,23,12,5367,101
loop_2056_circuit_no_condition_2_1_6,23,13,5419,101
loop_2056_circuit_no_condition_2_1_6,23,14,5417,101
loop_2056_circuit_no_condition_2_1_6,23,15,5426,101
loop_2056_circuit_no_condition_2_1_6,23,0,5419,201
loop_2056_circuit_no_condition_2_1_6,23,1,5383,201
loop_2056_circuit_no_condition_2_1_6,23,2,5348,201
loop_2056_circuit_no_condition_2_1_6,23,3,4078,201
loop_2056_circuit_no_condition_2_1_6,23,4,5426,201
loop_2056_circuit_no_condition_2_1_6,23,5,5392,201
loop_2056_circuit_no_condition_2_1_6,23,6,3625,201
loop_2056_circuit_no_condition_2_1_6,23,7,5428,201
loop_2056_circuit_no_condition_2_1_6,23,8,5405,201
loop_2056_circuit_no_condition_2_1_6,23,9,5408,201
loop_2056_circuit_no_condition_2_1_6,23,10,5339,201
loop_2056_circuit_no_condition_2_1_6,23,11,3678,201
loop_2056_circuit_no_condition_2_1_6,23,12,5419,201
loop_2056_circuit_no_condition_2_1_6,23,13,5375,201
loop_2056_circuit_no_condition_2_1_6,23,14,3758,201
loop_2056_circuit_no_condition_2_1_6,23,15,5372,201
loop_2056_circuit_no_condition_2_1_6,23,0,624,301
loop_2056_circuit_no_condition_2_1_6,23,1,624,301
loop_2056_circuit_no_condition_2_1_6,23,2,624,301
loop_2056_circuit_no_condition_2_1_6,23,3,5422,301
loop_2056_circuit_no_condition_2_1_6,23,4,624,301
loop_2056_circuit_no_condition_2_1_6,23,5,5427,301
loop_2056_circuit_no_condition_2_1_6,23,6,624,301
loop_2056_circuit_no_condition_2_1_6,23,7,624,301
loop_2056_circuit_no_condition_2_1_6,23,8,624,301
loop_2056_circuit_no_condition_2_1_6,23,9,624,301
loop_2056_circuit_no_condition_2_1_6,23,10,624,301
loop_2056_circuit_no_condition_2_1_6,23,11,624,301
loop_2056_circuit_no_condition_2_1_6,23,12,624,301
loop_2056_circuit_no_condition_2_1_6,23,13,624,301
loop_2056_circuit_no_condition_2_1_6,23,14,624,301
loop_2056_circuit_no_condition_2_1_6,23,15,624,301
loop_2056_circuit_no_condition_2_1_6,23,0,624,400
loop_2056_circuit_no_condition_2_1_6,23,1,624,400
loop_2056_circuit_no_condition_2_1_6,23,2,624,400
loop_2056_circuit_no_condition_2_1_6,23,3,624,400
loop_2056_circuit_no_condition_2_1_6,23,4,5427,400
loop_2056_circuit_no_condition_2_1_6,23,5,5424,400
loop_2056_circuit_no_condition_2_1_6,23,6,624,400
loop_2056_circuit_no_condition_2_1_6,23,7,624,400
loop_2056_circuit_no_condition_2_1_6,23,8,624,400
loop_2056_circuit_no_condition_2_1_6,23,9,624,400
loop_2056_circuit_no_condition_2_1_6,23,10,624,400
loop_2056_circuit_no_condition_2_1_6,23,11,624,400
loop_2056_circuit_no_condition_2_1_6,23,12,5424,400
loop_2056_circuit_no_condition_2_1_6,23,13,624,400
loop_2056_circuit_no_condition_2_1_6,23,14,624,400
loop_2056_circuit_no_condition_2_1_6,23,15,624,400
loop_2056_circuit_no_condition_2_1_6,23,0,624,500
loop_2056_circuit_no_condition_2_1_6,23,1,624,500
loop_2056_circuit_no_condition_2_1_6,23,2,624,500
loop_2056_circuit_no_condition_2_1_6,23,3,624,500
loop_2056_circuit_no_condition_2_1_6,23,4,4300,500
loop_2056_circuit_no_condition_2_1_6,23,5,5429,500
loop_2056_circuit_no_condition_2_1_6,23,6,624,500
loop_2056_circuit_no_condition_2_1_6,23,7,624,500
loop_2056_circuit_no_condition_2_1_6,23,8,624,500
loop_2056_circuit_no_condition_2_1_6,23,9,624,500
loop_2056_circuit_no_condition_2_1_6,23,10,624,500
loop_2056_circuit_no_condition_2_1_6,23,11,624,500
loop_2056_circuit_no_condition_2_1_6,23,12,624,500
loop_2056_circuit_no_condition_2_1_6,23,13,624,500
loop_2056_circuit_no_condition_2_1_6,23,14,624,500
loop_2056_circuit_no_condition_2_1_6,23,15,624,500
loop_2056_circuit_no_condition_2_1_6,23,0,5407,600
loop_2056_circuit_no_condition_2_1_6,23,1,5411,600
loop_2056_circuit_no_condition_2_1_6,23,2,5421,600
loop_2056_circuit_no_condition_2_1_6,23,3,5406,600
loop_2056_circuit_no_condition_2_1_6,23,4,5407,600
loop_2056_circuit_no_condition_2_1_6,23,5,5406,600
loop_2056_circuit_no_condition_2_1_6,23,6,5415,600
loop_2056_circuit_no_condition_2_1_6,23,7,5405,600
loop_2056_circuit_no_condition_2_1_6,23,8,5415,600
loop_2056_circuit_no_condition_2_1_6,23,9,5413,600
loop_2056_circuit_no_condition_2_1_6,23,10,5418,600
loop_2056_circuit_no_condition_2_1_6,23,11,5407,600
loop_2056_circuit_no_condition_2_1_6,23,12,5431,600
loop_2056_circuit_no_condition_2_1_6,23,13,5414,600
loop_2056_circuit_no_condition_2_1_6,23,14,5412,600
loop_2056_circuit_no_condition_2_1_6,23,15,5406,600
loop_2056_circuit_no_condition_2_1_6,23,0,5407,700
loop_2056_circuit_no_condition_2_1_6,23,1,5413,700
loop_2056_circuit_no_condition_2_1_6,23,2,5417,700
loop_2056_circuit_no_condition_2_1_6,23,3,5409,700
loop_2056_circuit_no_condition_2_1_6,23,4,5405,700
loop_2056_circuit_no_condition_2_1_6,23,5,5410,700
loop_2056_circuit_no_condition_2_1_6,23,6,5410,700
loop_2056_circuit_no_condition_2_1_6,23,7,5405,700
loop_2056_circuit_no_condition_2_1_6,23,8,5420,700
loop_2056_circuit_no_condition_2_1_6,23,9,5411,700
loop_2056_circuit_no_condition_2_1_6,23,10,5411,700
loop_2056_circuit_no_condition_2_1_6,23,11,5406,700
loop_2056_circuit_no_condition_2_1_6,23,12,5407,700
loop_2056_circuit_no_condition_2_1_6,23,13,5406,700
loop_2056_circuit_no_condition_2_1_6,23,14,5428,700
loop_2056_circuit_no_condition_2_1_6,23,15,5405,700
loop_2056_circuit_no_condition_2_1_6,23,0,5400,801
loop_2056_circuit_no_condition_2_1_6,23,1,5409,801
loop_2056_circuit_no_condition_2_1_6,23,2,5409,801
loop_2056_circuit_no_condition_2_1_6,23,3,5402,801
loop_2056_circuit_no_condition_2_1_6,23,4,5423,801
loop_2056_circuit_no_condition_2_1_6,23,5,5403,801
loop_2056_circuit_no_condition_2_1_6,23,6,5405,801
loop_2056_circuit_no_condition_2_1_6,23,7,5404,801
loop_2056_circuit_no_condition_2_1_6,23,8,5411,801
loop_2056_circuit_no_condition_2_1_6,23,9,5404,801
loop_2056_circuit_no_condition_2_1_6,23,10,5408,801
loop_2056_circuit_no_condition_2_1_6,23,11,5400,801
loop_2056_circuit_no_condition_2_1_6,23,12,5402,801
loop_2056_circuit_no_condition_2_1_6,23,13,5403,801
loop_2056_circuit_no_condition_2_1_6,23,14,5409,801
loop_2056_circuit_no_condition_2_1_6,23,15,5405,801
loop_2056_circuit_no_condition_2_1_6,23,0,5405,900
loop_2056_circuit_no_condition_2_1_6,23,1,5412,900
loop_2056_circuit_no_condition_2_1_6,23,2,5410,900
loop_2056_circuit_no_condition_2_1_6,23,3,5413,900
loop_2056_circuit_no_condition_2_1_6,23,4,5414,900
loop_2056_circuit_no_condition_2_1_6,23,5,5405,900
loop_2056_circuit_no_condition_2_1_6,23,6,5406,900
loop_2056_circuit_no_condition_2_1_6,23,7,5407,900
loop_2056_circuit_no_condition_2_1_6,23,8,5408,900
loop_2056_circuit_no_condition_2_1_6,23,9,5410,900
loop_2056_circuit_no_condition_2_1_6,23,10,5418,900
loop_2056_circuit_no_condition_2_1_6,23,11,5410,900
loop_2056_circuit_no_condition_2_1_6,23,12,5406,900
loop_2056_circuit_no_condition_2_1_6,23,13,5428,900
loop_2056_circuit_no_condition_2_1_6,23,14,5409,900
loop_2056_circuit_no_condition_2_1_6,23,15,5410,900
loop_2056_circuit_no_condition_2_1_6,23,0,5401,1000
loop_2056_circuit_no_condition_2_1_6,23,1,5396,1000
loop_2056_circuit_no_condition_2_1_6,23,2,5398,1000
loop_2056_circuit_no_condition_2_1_6,23,3,5414,1000
loop_2056_circuit_no_condition_2_1_6,23,4,5401,1000
loop_2056_circuit_no_condition_2_1_6,23,5,5400,1000
loop_2056_circuit_no_condition_2_1_6,23,6,5398,1000
loop_2056_circuit_no_condition_2_1_6,23,7,5398,1000
loop_2056_circuit_no_condition_2_1_6,23,8,5396,1000
loop_2056_circuit_no_condition_2_1_6,23,9,5395,1000
loop_2056_circuit_no_condition_2_1_6,23,10,5396,1000
loop_2056_circuit_no_condition_2_1_6,23,11,5399,1000
loop_2056_circuit_no_condition_2_1_6,23,12,5394,1000
loop_2056_circuit_no_condition_2_1_6,23,13,5418,1000
loop_2056_circuit_no_condition_2_1_6,23,14,5403,1000
loop_2056_circuit_no_condition_2_1_6,23,15,5397,1000
loop_2056_circuit_no_condition_2_1_6,23,0,5408,1100
loop_2056_circuit_no_condition_2_1_6,23,1,5407,1100
loop_2056_circuit_no_condition_2_1_6,23,2,5407,1100
loop_2056_circuit_no_condition_2_1_6,23,3,5417,1100
loop_2056_circuit_no_condition_2_1_6,23,4,5411,1100
loop_2056_circuit_no_condition_2_1_6,23,5,5410,1100
loop_2056_circuit_no_condition_2_1_6,23,6,5418,1100
loop_2056_circuit_no_condition_2_1_6,23,7,5409,1100
loop_2056_circuit_no_condition_2_1_6,23,8,5411,1100
loop_2056_circuit_no_condition_2_1_6,23,9,5410,1100
loop_2056_circuit_no_condition_2_1_6,23,10,5411,1100
loop_2056_circuit_no_condition_2_1_6,23,11,5407,1100
loop_2056_circuit_no_condition_2_1_6,23,12,5417,1100
loop_2056_circuit_no_condition_2_1_6,23,13,5427,1100
loop_2056_circuit_no_condition_2_1_6,23,14,5413,1100
loop_2056_circuit_no_condition_2_1_6,23,15,5408,1100
loop_2056_circuit_no_condition_2_1_6,23,0,5415,1200
loop_2056_circuit_no_condition_2_1_6,23,1,5404,1200
loop_2056_circuit_no_condition_2_1_6,23,2,5401,1200
loop_2056_circuit_no_condition_2_1_6,23,3,5408,1200
loop_2056_circuit_no_condition_2_1_6,23,4,5416,1200
loop_2056_circuit_no_condition_2_1_6,23,5,5406,1200
loop_2056_circuit_no_condition_2_1_6,23,6,5407,1200
loop_2056_circuit_no_condition_2_1_6,23,7,5411,1200
loop_2056_circuit_no_condition_2_1_6,23,8,5411,1200
loop_2056_circuit_no_condition_2_1_6,23,9,5404,1200
loop_2056_circuit_no_condition_2_1_6,23,10,5406,1200
loop_2056_circuit_no_condition_2_1_6,23,11,5417,1200
loop_2056_circuit_no_condition_2_1_6,23,12,5411,1200
loop_2056_circuit_no_condition_2_1_6,23,13,5428,1200
loop_2056_circuit_no_condition_2_1_6,23,14,5408,1200
loop_2056_circuit_no_condition_2_1_6,23,15,5405,1200
loop_2056_circuit_no_condition_2_1_6,23,0,5415,1301
loop_2056_circuit_no_condition_2_1_6,23,1,5410,1301
loop_2056_circuit_no_condition_2_1_6,23,2,5409,1301
loop_2056_circuit_no_condition_2_1_6,23,3,5407,1301
loop_2056_circuit_no_condition_2_1_6,23,4,5415,1301
loop_2056_circuit_no_condition_2_1_6,23,5,5425,1301
loop_2056_circuit_no_condition_2_1_6,23,6,5417,1301
loop_2056_circuit_no_condition_2_1_6,23,7,5413,1301
loop_2056_circuit_no_condition_2_1_6,23,8,5418,1301
loop_2056_circuit_no_condition_2_1_6,23,9,5406,1301
loop_2056_circuit_no_condition_2_1_6,23,10,5407,1301
loop_2056_circuit_no_condition_2_1_6,23,11,5408,1301
loop_2056_circuit_no_condition_2_1_6,23,12,5419,1301
loop_2056_circuit_no_condition_2_1_6,23,13,5409,1301
loop_2056_circuit_no_condition_2_1_6,23,14,5406,1301
loop_2056_circuit_no_condition_2_1_6,23,15,5399,1301
loop_2056_circuit_no_condition_2_1_6,23,0,5404,1400
loop_2056_circuit_no_condition_2_1_6,23,1,5404,1400
loop_2056_circuit_no_condition_2_1_6,23,2,5406,1400
loop_2056_circuit_no_condition_2_1_6,23,3,5405,1400
loop_2056_circuit_no_condition_2_1_6,23,4,5425,1400
loop_2056_circuit_no_condition_2_1_6,23,5,5408,1400
loop_2056_circuit_no_condition_2_1_6,23,6,5408,1400
loop_2056_circuit_no_condition_2_1_6,23,7,5408,1400
loop_2056_circuit_no_condition_2_1_6,23,8,5410,1400
loop_2056_circuit_no_condition_2_1_6,23,9,5405,1400
loop_2056_circuit_no_condition_2_1_6,23,10,5411,1400
loop_2056_circuit_no_condition_2_1_6,23,11,5417,1400
loop_2056_circuit_no_condition_2_1_6,23,12,5408,1400
loop_2056_circuit_no_condition_2_1_6,23,13,5405,1400
loop_2056_circuit_no_condition_2_1_6,23,14,5409,1400
loop_2056_circuit_no_condition_2_1_6,23,15,5415,1400
loop_2056_circuit_no_condition_2_1_6,23,0,624,1500
loop_2056_circuit_no_condition_2_1_6,23,1,5415,1500
loop_2056_circuit_no_condition_2_1_6,23,2,5423,1500
loop_2056_circuit_no_condition_2_1_6,23,3,624,1500
loop_2056_circuit_no_condition_2_1_6,23,4,5425,1500
loop_2056_circuit_no_condition_2_1_6,23,5,624,1500
loop_2056_circuit_no_condition_2_1_6,23,6,5423,1500
loop_2056_circuit_no_condition_2_1_6,23,7,624,1500
loop_2056_circuit_no_condition_2_1_6,23,8,624,1500
loop_2056_circuit_no_condition_2_1_6,23,9,624,1500
loop_2056_circuit_no_condition_2_1_6,23,10,624,1500
loop_2056_circuit_no_condition_2_1_6,23,11,624,1500
loop_2056_circuit_no_condition_2_1_6,23,12,624,1500
loop_2056_circuit_no_condition_2_1_6,23,13,624,1500
loop_2056_circuit_no_condition_2_1_6,23,14,624,1500
loop_2056_circuit_no_condition_2_1_6,23,15,624,1500
loop_2056_circuit_no_condition_2_1_6,23,0,5421,1600
loop_2056_circuit_no_condition_2_1_6,23,1,5422,1600
loop_2056_circuit_no_condition_2_1_6,23,2,5418,1600
loop_2056_circuit_no_condition_2_1_6,23,3,5425,1600
loop_2056_circuit_no_condition_2_1_6,23,4,5425,1600
loop_2056_circuit_no_condition_2_1_6,23,5,5425,1600
loop_2056_circuit_no_condition_2_1_6,23,6,624,1600
loop_2056_circuit_no_condition_2_1_6,23,7,5420,1600
loop_2056_circuit_no_condition_2_1_6,23,8,5424,1600
loop_2056_circuit_no_condition_2_1_6,23,9,5424,1600
loop_2056_circuit_no_condition_2_1_6,23,10,624,1600
loop_2056_circuit_no_condition_2_1_6,23,11,5421,1600
loop_2056_circuit_no_condition_2_1_6,23,12,5415,1600
loop_2056_circuit_no_condition_2_1_6,23,13,5421,1600
loop_2056_circuit_no_condition_2_1_6,23,14,5420,1600
loop_2056_circuit_no_condition_2_1_6,23,15,5410,1600
loop_2056_circuit_no_condition_2_1_6,24,0,5431,1
loop_2056_circuit_no_condition_2_1_6,24,1,624,1
loop_2056_circuit_no_condition_2_1_6,24,2,5420,1
loop_2056_circuit_no_condition_2_1_6,24,3,5424,1
loop_2056_circuit_no_condition_2_1_6,24,4,5429,1
loop_2056_circuit_no_condition_2_1_6,24,5,5430,1
loop_2056_circuit_no_condition_2_1_6,24,6,5420,1
loop_2056_circuit_no_condition_2_1_6,24,7,5427,1
loop_2056_circuit_no_condition_2_1_6,24,8,5420,1
loop_2056_circuit_no_condition_2_1_6,24,9,5424,1
loop_2056_circuit_no_condition_2_1_6,24,10,624,1
loop_2056_circuit_no_condition_2_1_6,24,11,624,1
loop_2056_circuit_no_condition_2_1_6,24,12,624,1
loop_2056_circuit_no_condition_2_1_6,24,13,5425,1
loop_2056_circuit_no_condition_2_1_6,24,14,5425,1
loop_2056_circuit_no_condition_2_1_6,24,15,5415,1
loop_2056_circuit_no_condition_2_1_6,24,0,5419,100
loop_2056_circuit_no_condition_2_1_6,24,1,5416,100
loop_2056_circuit_no_condition_2_1_6,24,2,5419,100
loop_2056_circuit_no_condition_2_1_6,24,3,5418,100
loop_2056_circuit_no_condition_2_1_6,24,4,5417,100
loop_2056_circuit_no_condition_2_1_6,24,5,5432,100
loop_2056_circuit_no_condition_2_1_6,24,6,5420,100
loop_2056_circuit_no_condition_2_1_6,24,7,5421,100
loop_2056_circuit_no_condition_2_1_6,24,8,5416,100
loop_2056_circuit_no_condition_2_1_6,24,9,5418,100
loop_2056_circuit_no_condition_2_1_6,24,10,5417,100
loop_2056_circuit_no_condition_2_1_6,24,11,5414,100
loop_2056_circuit_no_condition_2_1_6,24,12,5419,100
loop_2056_circuit_no_condition_2_1_6,24,13,5417,100
loop_2056_circuit_no_condition_2_1_6,24,14,5427,100
loop_2056_circuit_no_condition_2_1_6,24,15,5418,100
loop_2056_circuit_no_condition_2_1_6,24,0,5391,200
loop_2056_circuit_no_condition_2_1_6,24,1,5395,200
loop_2056_circuit_no_condition_2_1_6,24,2,5431,200
loop_2056_circuit_no_condition_2_1_6,24,3,5422,200
loop_2056_circuit_no_condition_2_1_6,24,4,5416,200
loop_2056_circuit_no_condition_2_1_6,24,5,5427,200
loop_2056_circuit_no_condition_2_1_6,24,6,5411,200
loop_2056_circuit_no_condition_2_1_6,24,7,5427,200
loop_2056_circuit_no_condition_2_1_6,24,8,5421,200
loop_2056_circuit_no_condition_2_1_6,24,9,5436,200
loop_2056_circuit_no_condition_2_1_6,24,10,5412,200
loop_2056_circuit_no_condition_2_1_6,24,11,5367,200
loop_2056_circuit_no_condition_2_1_6,24,12,5421,200
loop_2056_circuit_no_condition_2_1_6,24,13,5413,200
loop_2056_circuit_no_condition_2_1_6,24,14,5408,200
loop_2056_circuit_no_condition_2_1_6,24,15,5415,200
loop_2056_circuit_no_condition_2_1_6,24,0,4919,301
loop_2056_circuit_no_condition_2_1_6,24,1,624,301
loop_2056_circuit_no_condition_2_1_6,24,2,624,301
loop_2056_circuit_no_condition_2_1_6,24,3,4919,301
loop_2056_circuit_no_condition_2_1_6,24,4,624,301
loop_2056_circuit_no_condition_2_1_6,24,5,624,301
loop_2056_circuit_no_condition_2_1_6,24,6,624,301
loop_2056_circuit_no_condition_2_1_6,24,7,5179,301
loop_2056_circuit_no_condition_2_1_6,24,8,624,301
loop_2056_circuit_no_condition_2_1_6,24,9,624,301
loop_2056_circuit_no_condition_2_1_6,24,10,5424,301
loop_2056_circuit_no_condition_2_1_6,24,11,624,301
loop_2056_circuit_no_condition_2_1_6,24,12,5427,301
loop_2056_circuit_no_condition_2_1_6,24,13,5424,301
loop_2056_circuit_no_condition_2_1_6,24,14,624,301
loop_2056_circuit_no_condition_2_1_6,24,15,624,301
loop_2056_circuit_no_condition_2_1_6,24,0,624,400
loop_2056_circuit_no_condition_2_1_6,24,1,624,400
loop_2056_circuit_no_condition_2_1_6,24,2,624,400
loop_2056_circuit_no_condition_2_1_6,24,3,5431,400
loop_2056_circuit_no_condition_2_1_6,24,4,624,400
loop_2056_circuit_no_condition_2_1_6,24,5,624,400
loop_2056_circuit_no_condition_2_1_6,24,6,624,400
loop_2056_circuit_no_condition_2_1_6,24,7,4828,400
loop_2056_circuit_no_condition_2_1_6,24,8,624,400
loop_2056_circuit_no_condition_2_1_6,24,9,624,400
loop_2056_circuit_no_condition_2_1_6,24,10,624,400
loop_2056_circuit_no_condition_2_1_6,24,11,624,400
loop_2056_circuit_no_condition_2_1_6,24,12,5436,400
loop_2056_circuit_no_condition_2_1_6,24,13,3638,400
loop_2056_circuit_no_condition_2_1_6,24,14,624,400
loop_2056_circuit_no_condition_2_1_6,24,15,624,400
loop_2056_circuit_no_condition_2_1_6,24,0,624,500
loop_2056_circuit_no_condition_2_1_6,24,1,624,500
loop_2056_circuit_no_condition_2_1_6,24,2,624,500
loop_2056_circuit_no_condition_2_1_6,24,3,624,500
loop_2056_circuit_no_condition_2_1_6,24,4,624,500
loop_2056_circuit_no_condition_2_1_6,24,5,624,500
loop_2056_circuit_no_condition_2_1_6,24,6,624,500
loop_2056_circuit_no_condition_2_1_6,24,7,4744,500
loop_2056_circuit_no_condition_2_1_6,24,8,5424,500
loop_2056_circuit_no_condition_2_1_6,24,9,624,500
loop_2056_circuit_no_condition_2_1_6,24,10,624,500
loop_2056_circuit_no_condition_2_1_6,24,11,624,500
loop_2056_circuit_no_condition_2_1_6,24,12,5432,500
loop_2056_circuit_no_condition_2_1_6,24,13,5426,500
loop_2056_circuit_no_condition_2_1_6,24,14,624,500
loop_2056_circuit_no_condition_2_1_6,24,15,624,500
loop_2056_circuit_no_condition_2_1_6,24,0,5397,600
loop_2056_circuit_no_condition_2_1_6,24,1,5403,600
loop_2056_circuit_no_condition_2_1_6,24,2,5397,600
loop_2056_circuit_no_condition_2_1_6,24,3,5397,600
loop_2056_circuit_no_condition_2_1_6,24,4,5393,600
loop_2056_circuit_no_condition_2_1_6,24,5,5399,600
loop_2056_circuit_no_condition_2_1_6,24,6,5397,600
loop_2056_circuit_no_condition_2_1_6,24,7,5403,600
loop_2056_circuit_no_condition_2_1_6,24,8,5402,600
loop_2056_circuit_no_condition_2_1_6,24,9,5402,600
loop_2056_circuit_no_condition_2_1_6,24,10,5399,600
loop_2056_circuit_no_condition_2_1_6,24,11,5399,600
loop_2056_circuit_no_condition_2_1_6,24,12,5399,600
loop_2056_circuit_no_condition_2_1_6,24,13,5418,600
loop_2056_circuit_no_condition_2_1_6,24,14,5402,600
loop_2056_circuit_no_condition_2_1_6,24,15,5397,600
loop_2056_circuit_no_condition_2_1_6,24,0,5408,701
loop_2056_circuit_no_condition_2_1_6,24,1,5405,701
loop_2056_circuit_no_condition_2_1_6,24,2,5413,701
loop_2056_circuit_no_condition_2_1_6,24,3,5407,701
loop_2056_circuit_no_condition_2_1_6,24,4,5414,701
loop_2056_circuit_no_condition_2_1_6,24,5,5428,701
loop_2056_circuit_no_condition_2_1_6,24,6,5411,701
loop_2056_circuit_no_condition_2_1_6,24,7,5414,701
loop_2056_circuit_no_condition_2_1_6,24,8,5412,701
loop_2056_circuit_no_condition_2_1_6,24,9,5417,701
loop_2056_circuit_no_condition_2_1_6,24,10,5409,701
loop_2056_circuit_no_condition_2_1_6,24,11,5397,701
loop_2056_circuit_no_condition_2_1_6,24,12,5406,701
loop_2056_circuit_no_condition_2_1_6,24,13,5418,701
loop_2056_circuit_no_condition_2_1_6,24,14,5415,701
loop_2056_circuit_no_condition_2_1_6,24,15,5411,701
loop_2056_circuit_no_condition_2_1_6,24,0,5412,800
loop_2056_circuit_no_condition_2_1_6,24,1,5409,800
loop_2056_circuit_no_condition_2_1_6,24,2,5410,800
loop_2056_circuit_no_condition_2_1_6,24,3,5422,800
loop_2056_circuit_no_condition_2_1_6,24,4,5412,800
loop_2056_circuit_no_condition_2_1_6,24,5,5428,800
loop_2056_circuit_no_condition_2_1_6,24,6,5405,800
loop_2056_circuit_no_condition_2_1_6,24,7,5412,800
loop_2056_circuit_no_condition_2_1_6,24,8,5409,800
loop_2056_circuit_no_condition_2_1_6,24,9,5417,800
loop_2056_circuit_no_condition_2_1_6,24,10,5409,800
loop_2056_circuit_no_condition_2_1_6,24,11,5416,800
loop_2056_circuit_no_condition_2_1_6,24,12,5414,800
loop_2056_circuit_no_condition_2_1_6,24,13,5407,800
loop_2056_circuit_no_condition_2_1_6,24,14,5408,800
loop_2056_circuit_no_condition_2_1_6,24,15,5409,800
loop_2056_circuit_no_condition_2_1_6,24,0,5400,900
loop_2056_circuit_no_condition_2_1_6,24,1,5410,900
loop_2056_circuit_no_condition_2_1_6,24,2,5403,900
loop_2056_circuit_no_condition_2_1_6,24,3,5397,900
loop_2056_circuit_no_condition_2_1_6,24,4,5396,900
loop_2056_circuit_no_condition_2_1_6,24,5,5418,900
loop_2056_circuit_no_condition_2_1_6,24,6,5397,900
loop_2056_circuit_no_condition_2_1_6,24,7,5399,900
loop_2056_circuit_no_condition_2_1_6,24,8,5405,900
loop_2056_circuit_no_condition_2_1_6,24,9,5410,900
loop_2056_circuit_no_condition_2_1_6,24,10,5397,900
loop_2056_circuit_no_condition_2_1_6,24,11,5412,900
loop_2056_circuit_no_condition_2_1_6,24,12,5403,900
loop_2056_circuit_no_condition_2_1_6,24,13,5397,900
loop_2056_circuit_no_condition_2_1_6,24,14,5397,900
loop_2056_circuit_no_condition_2_1_6,24,15,5398,900
loop_2056_circuit_no_condition_2_1_6,24,0,5396,1000
loop_2056_circuit_no_condition_2_1_6,24,1,5394,1000
loop_2056_circuit_no_condition_2_1_6,24,2,5404,1000
loop_2056_circuit_no_condition_2_1_6,24,3,5395,1000
loop_2056_circuit_no_condition_2_1_6,24,4,5421,1000
loop_2056_circuit_no_condition_2_1_6,24,5,5398,1000
loop_2056_circuit_no_condition_2_1_6,24,6,5396,1000
loop_2056_circuit_no_condition_2_1_6,24,7,5396,1000
loop_2056_circuit_no_condition_2_1_6,24,8,5412,1000
loop_2056_circuit_no_condition_2_1_6,24,9,5397,1000
loop_2056_circuit_no_condition_2_1_6,24,10,5401,1000
loop_2056_circuit_no_condition_2_1_6,24,11,5396,1000
loop_2056_circuit_no_condition_2_1_6,24,12,5397,1000
loop_2056_circuit_no_condition_2_1_6,24,13,5400,1000
loop_2056_circuit_no_condition_2_1_6,24,14,5396,1000
loop_2056_circuit_no_condition_2_1_6,24,15,5396,1000
loop_2056_circuit_no_condition_2_1_6,24,0,5397,1100
loop_2056_circuit_no_condition_2_1_6,24,1,5406,1100
loop_2056_circuit_no_condition_2_1_6,24,2,5396,1100
loop_2056_circuit_no_condition_2_1_6,24,3,5394,1100
loop_2056_circuit_no_condition_2_1_6,24,4,5421,1100
loop_2056_circuit_no_condition_2_1_6,24,5,5402,1100
loop_2056_circuit_no_condition_2_1_6,24,6,5401,1100
loop_2056_circuit_no_condition_2_1_6,24,7,5399,1100
loop_2056_circuit_no_condition_2_1_6,24,8,5394,1100
loop_2056_circuit_no_condition_2_1_6,24,9,5404,1100
loop_2056_circuit_no_condition_2_1_6,24,10,5396,1100
loop_2056_circuit_no_condition_2_1_6,24,11,5399,1100
loop_2056_circuit_no_condition_2_1_6,24,12,5410,1100
loop_2056_circuit_no_condition_2_1_6,24,13,5413,1100
loop_2056_circuit_no_condition_2_1_6,24,14,5399,1100
loop_2056_circuit_no_condition_2_1_6,24,15,5398,1100
loop_2056_circuit_no_condition_2_1_6,24,0,5400,1200
loop_2056_circuit_no_condition_2_1_6,24,1,5398,1200
loop_2056_circuit_no_condition_2_1_6,24,2,5421,1200
loop_2056_circuit_no_condition_2_1_6,24,3,5410,1200
loop_2056_circuit_no_condition_2_1_6,24,4,5402,1200
loop_2056_circuit_no_condition_2_1_6,24,5,5397,1200
loop_2056_circuit_no_condition_2_1_6,24,6,5398,1200
loop_2056_circuit_no_condition_2_1_6,24,7,5399,1200
loop_2056_circuit_no_condition_2_1_6,24,8,5400,1200
loop_2056_circuit_no_condition_2_1_6,24,9,5397,1200
loop_2056_circuit_no_condition_2_1_6,24,10,5397,1200
loop_2056_circuit_no_condition_2_1_6,24,11,5400,1200
loop_2056_circuit_no_condition_2_1_6,24,12,5397,1200
loop_2056_circuit_no_condition_2_1_6,24,13,5400,1200
loop_2056_circuit_no_condition_2_1_6,24,14,5401,1200
loop_2056_circuit_no_condition_2_1_6,24,15,5400,1200
loop_2056_circuit_no_condition_2_1_6,24,0,5405,1300
loop_2056_circuit_no_condition_2_1_6,24,1,5402,1300
loop_2056_circuit_no_condition_2_1_6,24,2,5414,1300
loop_2056_circuit_no_condition_2_1_6,24,3,5406,1300
loop_2056_circuit_no_condition_2_1_6,24,4,5406,1300
loop_2056_circuit_no_condition_2_1_6,24,5,5427,1300
loop_2056_circuit_no_condition_2_1_6,24,6,5420,1300
loop_2056_circuit_no_condition_2_1_6,24,7,5413,1300
loop_2056_circuit_no_condition_2_1_6,24,8,5407,1300
loop_2056_circuit_no_condition_2_1_6,24,9,5406,1300
loop_2056_circuit_no_condition_2_1_6,24,10,5411,1300
loop_2056_circuit_no_condition_2_1_6,24,11,5401,1300
loop_2056_circuit_no_condition_2_1_6,24,12,5409,1300
loop_2056_circuit_no_condition_2_1_6,24,13,5406,1300
loop_2056_circuit_no_condition_2_1_6,24,14,5400,1300
loop_2056_circuit_no_condition_2_1_6,24,15,5406,1300
loop_2056_circuit_no_condition_2_1_6,24,0,5413,1400
loop_2056_circuit_no_condition_2_1_6,24,1,5405,1400
loop_2056_circuit_no_condition_2_1_6,24,2,5399,1400
loop_2056_circuit_no_condition_2_1_6,24,3,5412,1400
loop_2056_circuit_no_condition_2_1_6,24,4,5422,1400
loop_2056_circuit_no_condition_2_1_6,24,5,5406,1400
loop_2056_circuit_no_condition_2_1_6,24,6,5402,1400
loop_2056_circuit_no_condition_2_1_6,24,7,5405,1400
loop_2056_circuit_no_condition_2_1_6,24,8,5419,1400
loop_2056_circuit_no_condition_2_1_6,24,9,5410,1400
loop_2056_circuit_no_condition_2_1_6,24,10,5412,1400
loop_2056_circuit_no_condition_2_1_6,24,11,5410,1400
loop_2056_circuit_no_condition_2_1_6,24,12,5400,1400
loop_2056_circuit_no_condition_2_1_6,24,13,5413,1400
loop_2056_circuit_no_condition_2_1_6,24,14,5399,1400
loop_2056_circuit_no_condition_2_1_6,24,15,5411,1400
loop_2056_circuit_no_condition_2_1_6,24,0,5409,1500
loop_2056_circuit_no_condition_2_1_6,24,1,5421,1500
loop_2056_circuit_no_condition_2_1_6,24,2,5409,1500
loop_2056_circuit_no_condition_2_1_6,24,3,5413,1500
loop_2056_circuit_no_condition_2_1_6,24,4,5408,1500
loop_2056_circuit_no_condition_2_1_6,24,5,5404,1500
loop_2056_circuit_no_condition_2_1_6,24,6,5404,1500
loop_2056_circuit_no_condition_2_1_6,24,7,5410,1500
loop_2056_circuit_no_condition_2_1_6,24,8,5410,1500
loop_2056_circuit_no_condition_2_1_6,24,9,5398,1500
loop_2056_circuit_no_condition_2_1_6,24,10,5405,1500
loop_2056_circuit_no_condition_2_1_6,24,11,5412,1500
loop_2056_circuit_no_condition_2_1_6,24,12,5433,1500
loop_2056_circuit_no_condition_2_1_6,24,13,5407,1500
loop_2056_circuit_no_condition_2_1_6,24,14,5399,1500
loop_2056_circuit_no_condition_2_1_6,24,15,5407,1500
loop_2056_circuit_no_condition_2_1_6,24,0,5376,1600
loop_2056_circuit_no_condition_2_1_6,24,1,5423,1600
loop_2056_circuit_no_condition_2_1_6,24,2,5427,1600
loop_2056_circuit_no_condition_2_1_6,24,3,5420,1600
loop_2056_circuit_no_condition_2_1_6,24,4,5419,1600
loop_2056_circuit_no_condition_2_1_6,24,5,5425,1600
loop_2056_circuit_no_condition_2_1_6,24,6,5422,1600
loop_2056_circuit_no_condition_2_1_6,24,7,5421,1600
loop_2056_circuit_no_condition_2_1_6,24,8,624,1600
loop_2056_circuit_no_condition_2_1_6,24,9,5379,1600
loop_2056_circuit_no_condition_2_1_6,24,10,5414,1600
loop_2056_circuit_no_condition_2_1_6,24,11,5417,1600
loop_2056_circuit_no_condition_2_1_6,24,12,5359,1600
loop_2056_circuit_no_condition_2_1_6,24,13,5426,1600
loop_2056_circuit_no_condition_2_1_6,24,14,5432,1600
loop_2056_circuit_no_condition_2_1_6,24,15,624,1600
loop_2056_circuit_no_condition_2_1_6,25,0,5430,1
loop_2056_circuit_no_condition_2_1_6,25,1,5428,1
loop_2056_circuit_no_condition_2_1_6,25,2,5425,1
loop_2056_circuit_no_condition_2_1_6,25,3,624,1
loop_2056_circuit_no_condition_2_1_6,25,4,624,1
loop_2056_circuit_no_condition_2_1_6,25,5,5430,1
loop_2056_circuit_no_condition_2_1_6,25,6,5429,1
loop_2056_circuit_no_condition_2_1_6,25,7,5411,1
loop_2056_circuit_no_condition_2_1_6,25,8,5425,1
loop_2056_circuit_no_condition_2_1_6,25,9,624,1
loop_2056_circuit_no_condition_2_1_6,25,10,5410,1
loop_2056_circuit_no_condition_2_1_6,25,11,624,1
loop_2056_circuit_no_condition_2_1_6,25,12,5428,1
loop_2056_circuit_no_condition_2_1_6,25,13,624,1
loop_2056_circuit_no_condition_2_1_6,25,14,624,1
loop_2056_circuit_no_condition_2_1_6,25,15,5427,1
loop_2056_circuit_no_condition_2_1_6,25,0,5423,101
loop_2056_circuit_no_condition_2_1_6,25,1,5402,101
loop_2056_circuit_no_condition_2_1_6,25,2,5403,101
loop_2056_circuit_no_condition_2_1_6,25,3,5417,101
loop_2056_circuit_no_condition_2_1_6,25,4,5406,101
loop_2056_circuit_no_condition_2_1_6,25,5,5402,101
loop_2056_circuit_no_condition_2_1_6,25,6,5423,101
loop_2056_circuit_no_condition_2_1_6,25,7,5424,101
loop_2056_circuit_no_condition_2_1_6,25,8,5402,101
loop_2056_circuit_no_condition_2_1_6,25,9,5419,101
loop_2056_circuit_no_condition_2_1_6,25,10,5402,101
loop_2056_circuit_no_condition_2_1_6,25,11,5411,101
loop_2056_circuit_no_condition_2_1_6,25,12,5402,101
loop_2056_circuit_no_condition_2_1_6,25,13,5403,101
loop_2056_circuit_no_condition_2_1_6,25,14,5412,101
loop_2056_circuit_no_condition_2_1_6,25,15,5407,101
loop_2056_circuit_no_condition_2_1_6,25,0,5423,201
loop_2056_circuit_no_condition_2_1_6,25,1,5421,201
loop_2056_circuit_no_condition_2_1_6,25,2,5382,201
loop_2056_circuit_no_condition_2_1_6,25,3,5424,201
loop_2056_circuit_no_condition_2_1_6,25,4,5388,201
loop_2056_circuit_no_condition_2_1_6,25,5,5427,201
loop_2056_circuit_no_condition_2_1_6,25,6,5406,201
loop_2056_circuit_no_condition_2_1_6,25,7,5422,201
loop_2056_circuit_no_condition_2_1_6,25,8,5420,201
loop_2056_circuit_no_condition_2_1_6,25,9,5421,201
loop_2056_circuit_no_condition_2_1_6,25,10,5383,201
loop_2056_circuit_no_condition_2_1_6,25,11,5423,201
loop_2056_circuit_no_condition_2_1_6,25,12,5417,201
loop_2056_circuit_no_condition_2_1_6,25,13,5423,201
loop_2056_circuit_no_condition_2_1_6,25,14,5416,201
loop_2056_circuit_no_condition_2_1_6,25,15,5396,201
loop_2056_circuit_no_condition_2_1_6,25,0,624,301
loop_2056_circuit_no_condition_2_1_6,25,1,624,301
loop_2056_circuit_no_condition_2_1_6,25,2,4568,301
loop_2056_circuit_no_condition_2_1_6,25,3,624,301
loop_2056_circuit_no_condition_2_1_6,25,4,624,301
loop_2056_circuit_no_condition_2_1_6,25,5,5427,301
loop_2056_circuit_no_condition_2_1_6,25,6,624,301
loop_2056_circuit_no_condition_2_1_6,25,7,624,301
loop_2056_circuit_no_condition_2_1_6,25,8,624,301
loop_2056_circuit_no_condition_2_1_6,25,9,624,301
loop_2056_circuit_no_condition_2_1_6,25,10,624,301
loop_2056_circuit_no_condition_2_1_6,25,11,624,301
loop_2056_circuit_no_condition_2_1_6,25,12,624,301
loop_2056_circuit_no_condition_2_1_6,25,13,624,301
loop_2056_circuit_no_condition_2_1_6,25,14,624,301
loop_2056_circuit_no_condition_2_1_6,25,15,624,301
loop_2056_circuit_no_condition_2_1_6,25,0,624,401
loop_2056_circuit_no_condition_2_1_6,25,1,624,401
loop_2056_circuit_no_condition_2_1_6,25,2,624,401
loop_2056_circuit_no_condition_2_1_6,25,3,624,401
loop_2056_circuit_no_condition_2_1_6,25,4,624,401
loop_2056_circuit_no_condition_2_1_6,25,5,5433,401
loop_2056_circuit_no_condition_2_1_6,25,6,624,401
loop_2056_circuit_no_condition_2_1_6,25,7,624,401
loop_2056_circuit_no_condition_2_1_6,25,8,624,401
loop_2056_circuit_no_condition_2_1_6,25,9,624,401
loop_2056_circuit_no_condition_2_1_6,25,10,624,401
loop_2056_circuit_no_condition_2_1_6,25,11,624,401
loop_2056_circuit_no_condition_2_1_6,25,12,624,401
loop_2056_circuit_no_condition_2_1_6,25,13,624,401
loop_2056_circuit_no_condition_2_1_6,25,14,624,401
loop_2056_circuit_no_condition_2_1_6,25,15,624,401
loop_2056_circuit_no_condition_2_1_6,25,0,624,500
loop_2056_circuit_no_condition_2_1_6,25,1,624,500
loop_2056_circuit_no_condition_2_1_6,25,2,624,500
loop_2056_circuit_no_condition_2_1_6,25,3,624,500
loop_2056_circuit_no_condition_2_1_6,25,4,4665,500
loop_2056_circuit_no_condition_2_1_6,25,5,624,500
loop_2056_circuit_no_condition_2_1_6,25,6,624,500
loop_2056_circuit_no_condition_2_1_6,25,7,624,500
loop_2056_circuit_no_condition_2_1_6,25,8,624,500
loop_2056_circuit_no_condition_2_1_6,25,9,624,500
loop_2056_circuit_no_condition_2_1_6,25,10,624,500
loop_2056_circuit_no_condition_2_1_6,25,11,624,500
loop_2056_circuit_no_condition_2_1_6,25,12,624,500
loop_2056_circuit_no_condition_2_1_6,25,13,5424,500
loop_2056_circuit_no_condition_2_1_6,25,14,624,500
loop_2056_circuit_no_condition_2_1_6,25,15,624,500
loop_2056_circuit_no_condition_2_1_6,25,0,5397,600
loop_2056_circuit_no_condition_2_1_6,25,1,5397,600
loop_2056_circuit_no_condition_2_1_6,25,2,5401,600
loop_2056_circuit_no_condition_2_1_6,25,3,5397,600
loop_2056_circuit_no_condition_2_1_6,25,4,5399,600
loop_2056_circuit_no_condition_2_1_6,25,5,5397,600
loop_2056_circuit_no_condition_2_1_6,25,6,5410,600
loop_2056_circuit_no_condition_2_1_6,25,7,5398,600
loop_2056_circuit_no_condition_2_1_6,25,8,5411,600
loop_2056_circuit_no_condition_2_1_6,25,9,5397,600
loop_2056_circuit_no_condition_2_1_6,25,10,5423,600
loop_2056_circuit_no_condition_2_1_6,25,11,5396,600
loop_2056_circuit_no_condition_2_1_6,25,12,5397,600
loop_2056_circuit_no_condition_2_1_6,25,13,5418,600
loop_2056_circuit_no_condition_2_1_6,25,14,5401,600
loop_2056_circuit_no_condition_2_1_6,25,15,5397,600
loop_2056_circuit_no_condition_2_1_6,25,0,5413,701
loop_2056_circuit_no_condition_2_1_6,25,1,5409,701
loop_2056_circuit_no_condition_2_1_6,25,2,5411,701
loop_2056_circuit_no_condition_2_1_6,25,3,5421,701
loop_2056_circuit_no_condition_2_1_6,25,4,5429,701
loop_2056_circuit_no_condition_2_1_6,25,5,5418,701
loop_2056_circuit_no_condition_2_1_6,25,6,5414,701
loop_2056_circuit_no_condition_2_1_6,25,7,5417,701
loop_2056_circuit_no_condition_2_1_6,25,8,5412,701
loop_2056_circuit_no_condition_2_1_6,25,9,5412,701
loop_2056_circuit_no_condition_2_1_6,25,10,5413,701
loop_2056_circuit_no_condition_2_1_6,25,11,5415,701
loop_2056_circuit_no_condition_2_1_6,25,12,5412,701
loop_2056_circuit_no_condition_2_1_6,25,13,5409,701
loop_2056_circuit_no_condition_2_1_6,25,14,5411,701
loop_2056_circuit_no_condition_2_1_6,25,15,5407,701
loop_2056_circuit_no_condition_2_1_6,25,0,5407,801
loop_2056_circuit_no_condition_2_1_6,25,1,5408,801
loop_2056_circuit_no_condition_2_1_6,25,2,5415,801
loop_2056_circuit_no_condition_2_1_6,25,3,5410,801
loop_2056_circuit_no_condition_2_1_6,25,4,5430,801
loop_2056_circuit_no_condition_2_1_6,25,5,5420,801
loop_2056_circuit_no_condition_2_1_6,25,6,5408,801
loop_2056_circuit_no_condition_2_1_6,25,7,5411,801
loop_2056_circuit_no_condition_2_1_6,25,8,5408,801
loop_2056_circuit_no_condition_2_1_6,25,9,5409,801
loop_2056_circuit_no_condition_2_1_6,25,10,5420,801
loop_2056_circuit_no_condition_2_1_6,25,11,5408,801
loop_2056_circuit_no_condition_2_1_6,25,12,5411,801
loop_2056_circuit_no_condition_2_1_6,25,13,5420,801
loop_2056_circuit_no_condition_2_1_6,25,14,5409,801
loop_2056_circuit_no_condition_2_1_6,25,15,5410,801
loop_2056_circuit_no_condition_2_1_6,25,0,5408,901
loop_2056_circuit_no_condition_2_1_6,25,1,5406,901
loop_2056_circuit_no_condition_2_1_6,25,2,5414,901
loop_2056_circuit_no_condition_2_1_6,25,3,5402,901
loop_2056_circuit_no_condition_2_1_6,25,4,5406,901
loop_2056_circuit_no_condition_2_1_6,25,5,5422,901
loop_2056_circuit_no_condition_2_1_6,25,6,5403,901
loop_2056_circuit_no_condition_2_1_6,25,7,5409,901
loop_2056_circuit_no_condition_2_1_6,25,8,5406,901
loop_2056_circuit_no_condition_2_1_6,25,9,5403,901
loop_2056_circuit_no_condition_2_1_6,25,10,5411,901
loop_2056_circuit_no_condition_2_1_6,25,11,5404,901
loop_2056_circuit_no_condition_2_1_6,25,12,5407,901
loop_2056_circuit_no_condition_2_1_6,25,13,5407,901
loop_2056_circuit_no_condition_2_1_6,25,14,5403,901
loop_2056_circuit_no_condition_2_1_6,25,15,5411,901
loop_2056_circuit_no_condition_2_1_6,25,0,5416,1000
loop_2056_circuit_no_condition_2_1_6,25,1,5393,1000
loop_2056_circuit_no_condition_2_1_6,25,2,5398,1000
loop_2056_circuit_no_condition_2_1_6,25,3,5403,1000
loop_2056_circuit_no_condition_2_1_6,25,4,5405,1000
loop_2056_circuit_no_condition_2_1_6,25,5,5393,1000
loop_2056_circuit_no_condition_2_1_6,25,6,5392,1000
loop_2056_circuit_no_condition_2_1_6,25,7,5404,1000
loop_2056_circuit_no_condition_2_1_6,25,8,5405,1000
loop_2056_circuit_no_condition_2_1_6,25,9,5401,1000
loop_2056_circuit_no_condition_2_1_6,25,10,5407,1000
loop_2056_circuit_no_condition_2_1_6,25,11,5405,1000
loop_2056_circuit_no_condition_2_1_6,25,12,5405,1000
loop_2056_circuit_no_condition_2_1_6,25,13,5401,1000
loop_2056_circuit_no_condition_2_1_6,25,14,5392,1000
loop_2056_circuit_no_condition_2_1_6,25,15,5393,1000
loop_2056_circuit_no_condition_2_1_6,25,0,5405,1100
loop_2056_circuit_no_condition_2_1_6,25,1,5405,1100
loop_2056_circuit_no_condition_2_1_6,25,2,5411,1100
loop_2056_circuit_no_condition_2_1_6,25,3,5404,1100
loop_2056_circuit_no_condition_2_1_6,25,4,5404,1100
loop_2056_circuit_no_condition_2_1_6,25,5,5399,1100
loop_2056_circuit_no_condition_2_1_6,25,6,5401,1100
loop_2056_circuit_no_condition_2_1_6,25,7,5408,1100
loop_2056_circuit_no_condition_2_1_6,25,8,5406,1100
loop_2056_circuit_no_condition_2_1_6,25,9,5412,1100
loop_2056_circuit_no_condition_2_1_6,25,10,5401,1100
loop_2056_circuit_no_condition_2_1_6,25,11,5402,1100
loop_2056_circuit_no_condition_2_1_6,25,12,5424,1100
loop_2056_circuit_no_condition_2_1_6,25,13,5403,1100
loop_2056_circuit_no_condition_2_1_6,25,14,5409,1100
loop_2056_circuit_no_condition_2_1_6,25,15,5404,1100
loop_2056_circuit_no_condition_2_1_6,25,0,5413,1201
loop_2056_circuit_no_condition_2_1_6,25,1,5410,1201
loop_2056_circuit_no_condition_2_1_6,25,2,5409,1201
loop_2056_circuit_no_condition_2_1_6,25,3,5407,1201
loop_2056_circuit_no_condition_2_1_6,25,4,5411,1201
loop_2056_circuit_no_condition_2_1_6,25,5,5427,1201
loop_2056_circuit_no_condition_2_1_6,25,6,5409,1201
loop_2056_circuit_no_condition_2_1_6,25,7,5415,1201
loop_2056_circuit_no_condition_2_1_6,25,8,5409,1201
loop_2056_circuit_no_condition_2_1_6,25,9,5405,1201
loop_2056_circuit_no_condition_2_1_6,25,10,5409,1201
loop_2056_circuit_no_condition_2_1_6,25,11,5412,1201
loop_2056_circuit_no_condition_2_1_6,25,12,5412,1201
loop_2056_circuit_no_condition_2_1_6,25,13,5409,1201
loop_2056_circuit_no_condition_2_1_6,25,14,5413,1201
loop_2056_circuit_no_condition_2_1_6,25,15,5412,1201
loop_2056_circuit_no_condition_2_1_6,25,0,5417,1301
loop_2056_circuit_no_condition_2_1_6,25,1,5416,1301
loop_2056_circuit_no_condition_2_1_6,25,2,5409,1301
loop_2056_circuit_no_condition_2_1_6,25,3,5411,1301
loop_2056_circuit_no_condition_2_1_6,25,4,5427,1301
loop_2056_circuit_no_condition_2_1_6,25,5,5401,1301
loop_2056_circuit_no_condition_2_1_6,25,6,5411,1301
loop_2056_circuit_no_condition_2_1_6,25,7,5415,1301
loop_2056_circuit_no_condition_2_1_6,25,8,5413,1301
loop_2056_circuit_no_condition_2_1_6,25,9,5411,1301
loop_2056_circuit_no_condition_2_1_6,25,10,5411,1301
loop_2056_circuit_no_condition_2_1_6,25,11,5410,1301
loop_2056_circuit_no_condition_2_1_6,25,12,5410,1301
loop_2056_circuit_no_condition_2_1_6,25,13,5411,1301
loop_2056_circuit_no_condition_2_1_6,25,14,5407,1301
loop_2056_circuit_no_condition_2_1_6,25,15,5410,1301
loop_2056_circuit_no_condition_2_1_6,25,0,5407,1401
loop_2056_circuit_no_condition_2_1_6,25,1,5405,1401
loop_2056_circuit_no_condition_2_1_6,25,2,5402,1401
loop_2056_circuit_no_condition_2_1_6,25,3,5405,1401
loop_2056_circuit_no_condition_2_1_6,25,4,5400,1401
loop_2056_circuit_no_condition_2_1_6,25,5,5420,1401
loop_2056_circuit_no_condition_2_1_6,25,6,5398,1401
loop_2056_circuit_no_condition_2_1_6,25,7,5405,1401
loop_2056_circuit_no_condition_2_1_6,25,8,5402,1401
loop_2056_circuit_no_condition_2_1_6,25,9,5399,1401
loop_2056_circuit_no_condition_2_1_6,25,10,5398,1401
loop_2056_circuit_no_condition_2_1_6,25,11,5403,1401
loop_2056_circuit_no_condition_2_1_6,25,12,5396,1401
loop_2056_circuit_no_condition_2_1_6,25,13,5398,1401
loop_2056_circuit_no_condition_2_1_6,25,14,5397,1401
loop_2056_circuit_no_condition_2_1_6,25,15,5403,1401
loop_2056_circuit_no_condition_2_1_6,25,0,5410,1500
loop_2056_circuit_no_condition_2_1_6,25,1,5419,1500
loop_2056_circuit_no_condition_2_1_6,25,2,5407,1500
loop_2056_circuit_no_condition_2_1_6,25,3,5408,1500
loop_2056_circuit_no_condition_2_1_6,25,4,5426,1500
loop_2056_circuit_no_condition_2_1_6,25,5,5411,1500
loop_2056_circuit_no_condition_2_1_6,25,6,4216,1500
loop_2056_circuit_no_condition_2_1_6,25,7,5424,1500
loop_2056_circuit_no_condition_2_1_6,25,8,5431,1500
loop_2056_circuit_no_condition_2_1_6,25,9,5419,1500
loop_2056_circuit_no_condition_2_1_6,25,10,5409,1500
loop_2056_circuit_no_condition_2_1_6,25,11,5409,1500
loop_2056_circuit_no_condition_2_1_6,25,12,5419,1500
loop_2056_circuit_no_condition_2_1_6,25,13,5433,1500
loop_2056_circuit_no_condition_2_1_6,25,14,5412,1500
loop_2056_circuit_no_condition_2_1_6,25,15,5413,1500
loop_2056_circuit_no_condition_2_1_6,25,0,5392,1601
loop_2056_circuit_no_condition_2_1_6,25,1,5389,1601
loop_2056_circuit_no_condition_2_1_6,25,2,5426,1601
loop_2056_circuit_no_condition_2_1_6,25,3,5389,1601
loop_2056_circuit_no_condition_2_1_6,25,4,5416,1601
loop_2056_circuit_no_condition_2_1_6,25,5,5334,1601
loop_2056_circuit_no_condition_2_1_6,25,6,5414,1601
loop_2056_circuit_no_condition_2_1_6,25,7,5413,1601
loop_2056_circuit_no_condition_2_1_6,25,8,5410,1601
loop_2056_circuit_no_condition_2_1_6,25,9,5363,1601
loop_2056_circuit_no_condition_2_1_6,25,10,5371,1601
loop_2056_circuit_no_condition_2_1_6,25,11,5414,1601
loop_2056_circuit_no_condition_2_1_6,25,12,5344,1601
loop_2056_circuit_no_condition_2_1_6,25,13,5370,1601
loop_2056_circuit_no_condition_2_1_6,25,14,5413,1601
loop_2056_circuit_no_condition_2_1_6,25,15,5382,1601
loop_2056_circuit_no_condition_2_1_6,26,0,5430,1
loop_2056_circuit_no_condition_2_1_6,26,1,624,1
loop_2056_circuit_no_condition_2_1_6,26,2,624,1
loop_2056_circuit_no_condition_2_1_6,26,3,5397,1
loop_2056_circuit_no_condition_2_1_6,26,4,5415,1
loop_2056_circuit_no_condition_2_1_6,26,5,5430,1
loop_2056_circuit_no_condition_2_1_6,26,6,5424,1
loop_2056_circuit_no_condition_2_1_6,26,7,5430,1
loop_2056_circuit_no_condition_2_1_6,26,8,624,1
loop_2056_circuit_no_condition_2_1_6,26,9,624,1
loop_2056_circuit_no_condition_2_1_6,26,10,5427,1
loop_2056_circuit_no_condition_2_1_6,26,11,5424,1
loop_2056_circuit_no_condition_2_1_6,26,12,5421,1
loop_2056_circuit_no_condition_2_1_6,26,13,5417,1
loop_2056_circuit_no_condition_2_1_6,26,14,5415,1
loop_2056_circuit_no_condition_2_1_6,26,15,624,1
loop_2056_circuit_no_condition_2_1_6,26,0,5421,101
loop_2056_circuit_no_condition_2_1_6,26,1,5415,101
loop_2056_circuit_no_condition_2_1_6,26,2,5431,101
loop_2056_circuit_no_condition_2_1_6,26,3,5345,101
loop_2056_circuit_no_condition_2_1_6,26,4,5417,101
loop_2056_circuit_no_condition_2_1_6,26,5,5408,101
loop_2056_circuit_no_condition_2_1_6,26,6,5430,101
loop_2056_circuit_no_condition_2_1_6,26,7,5417,101
loop_2056_circuit_no_condition_2_1_6,26,8,5403,101
loop_2056_circuit_no_condition_2_1_6,26,9,5419,101
loop_2056_circuit_no_condition_2_1_6,26,10,5419,101
loop_2056_circuit_no_condition_2_1_6,26,11,5416,101
loop_2056_circuit_no_condition_2_1_6,26,12,5392,101
loop_2056_circuit_no_condition_2_1_6,26,13,624,101
loop_2056_circuit_no_condition_2_1_6,26,14,5389,101
loop_2056_circuit_no_condition_2_1_6,26,15,5405,101
loop_2056_circuit_no_condition_2_1_6,26,0,5423,201
loop_2056_circuit_no_condition_2_1_6,26,1,5420,201
loop_2056_circuit_no_condition_2_1_6,26,2,5416,201
loop_2056_circuit_no_condition_2_1_6,26,3,5427,201
loop_2056_circuit_no_condition_2_1_6,26,4,5426,201
loop_2056_circuit_no_condition_2_1_6,26,5,5427,201
loop_2056_circuit_no_condition_2_1_6,26,6,5428,201
loop_2056_circuit_no_condition_2_1_6,26,7,5391,201
loop_2056_circuit_no_condition_2_1_6,26,8,5357,201
loop_2056_circuit_no_condition_2_1_6,26,9,5430,201
loop_2056_circuit_no_condition_2_1_6,26,10,5425,201
loop_2056_circuit_no_condition_2_1_6,26,11,5417,201
loop_2056_circuit_no_condition_2_1_6,26,12,5424,201
loop_2056_circuit_no_condition_2_1_6,26,13,5421,201
loop_2056_circuit_no_condition_2_1_6,26,14,5420,201
loop_2056_circuit_no_condition_2_1_6,26,15,5345,201
loop_2056_circuit_no_condition_2_1_6,26,0,624,301
loop_2056_circuit_no_condition_2_1_6,26,1,5403,301
loop_2056_circuit_no_condition_2_1_6,26,2,624,301
loop_2056_circuit_no_condition_2_1_6,26,3,4868,301
loop_2056_circuit_no_condition_2_1_6,26,4,5427,301
loop_2056_circuit_no_condition_2_1_6,26,5,624,301
loop_2056_circuit_no_condition_2_1_6,26,6,624,301
loop_2056_circuit_no_condition_2_1_6,26,7,624,301
loop_2056_circuit_no_condition_2_1_6,26,8,5422,301
loop_2056_circuit_no_condition_2_1_6,26,9,624,301
loop_2056_circuit_no_condition_2_1_6,26,10,624,301
loop_2056_circuit_no_condition_2_1_6,26,11,624,301
loop_2056_circuit_no_condition_2_1_6,26,12,624,301
loop_2056_circuit_no_condition_2_1_6,26,13,624,301
loop_2056_circuit_no_condition_2_1_6,26,14,624,301
loop_2056_circuit_no_condition_2_1_6,26,15,624,301
loop_2056_circuit_no_condition_2_1_6,26,0,624,401
loop_2056_circuit_no_condition_2_1_6,26,1,624,401
loop_2056_circuit_no_condition_2_1_6,26,2,624,401
loop_2056_circuit_no_condition_2_1_6,26,3,624,401
loop_2056_circuit_no_condition_2_1_6,26,4,5437,401
loop_2056_circuit_no_condition_2_1_6,26,5,624,401
loop_2056_circuit_no_condition_2_1_6,26,6,624,401
loop_2056_circuit_no_condition_2_1_6,26,7,624,401
loop_2056_circuit_no_condition_2_1_6,26,8,624,401
loop_2056_circuit_no_condition_2_1_6,26,9,624,401
loop_2056_circuit_no_condition_2_1_6,26,10,624,401
loop_2056_circuit_no_condition_2_1_6,26,11,624,401
loop_2056_circuit_no_condition_2_1_6,26,12,624,401
loop_2056_circuit_no_condition_2_1_6,26,13,624,401
loop_2056_circuit_no_condition_2_1_6,26,14,624,401
loop_2056_circuit_no_condition_2_1_6,26,15,624,401
loop_2056_circuit_no_condition_2_1_6,26,0,624,500
loop_2056_circuit_no_condition_2_1_6,26,1,624,500
loop_2056_circuit_no_condition_2_1_6,26,2,624,500
loop_2056_circuit_no_condition_2_1_6,26,3,624,500
loop_2056_circuit_no_condition_2_1_6,26,4,5429,500
loop_2056_circuit_no_condition_2_1_6,26,5,4830,500
loop_2056_circuit_no_condition_2_1_6,26,6,624,500
loop_2056_circuit_no_condition_2_1_6,26,7,624,500
loop_2056_circuit_no_condition_2_1_6,26,8,624,500
loop_2056_circuit_no_condition_2_1_6,26,9,624,500
loop_2056_circuit_no_condition_2_1_6,26,10,624,500
loop_2056_circuit_no_condition_2_1_6,26,11,624,500
loop_2056_circuit_no_condition_2_1_6,26,12,624,500
loop_2056_circuit_no_condition_2_1_6,26,13,624,500
loop_2056_circuit_no_condition_2_1_6,26,14,624,500
loop_2056_circuit_no_condition_2_1_6,26,15,624,500
loop_2056_circuit_no_condition_2_1_6,26,0,5423,601
loop_2056_circuit_no_condition_2_1_6,26,1,5421,601
loop_2056_circuit_no_condition_2_1_6,26,2,5428,601
loop_2056_circuit_no_condition_2_1_6,26,3,5420,601
loop_2056_circuit_no_condition_2_1_6,26,4,5421,601
loop_2056_circuit_no_condition_2_1_6,26,5,5423,601
loop_2056_circuit_no_condition_2_1_6,26,6,5425,601
loop_2056_circuit_no_condition_2_1_6,26,7,5420,601
loop_2056_circuit_no_condition_2_1_6,26,8,5421,601
loop_2056_circuit_no_condition_2_1_6,26,9,5418,601
loop_2056_circuit_no_condition_2_1_6,26,10,5420,601
loop_2056_circuit_no_condition_2_1_6,26,11,5422,601
loop_2056_circuit_no_condition_2_1_6,26,12,5418,601
loop_2056_circuit_no_condition_2_1_6,26,13,5421,601
loop_2056_circuit_no_condition_2_1_6,26,14,5421,601
loop_2056_circuit_no_condition_2_1_6,26,15,5421,601
loop_2056_circuit_no_condition_2_1_6,26,0,5422,701
loop_2056_circuit_no_condition_2_1_6,26,1,5423,701
loop_2056_circuit_no_condition_2_1_6,26,2,5422,701
loop_2056_circuit_no_condition_2_1_6,26,3,5423,701
loop_2056_circuit_no_condition_2_1_6,26,4,5421,701
loop_2056_circuit_no_condition_2_1_6,26,5,5427,701
loop_2056_circuit_no_condition_2_1_6,26,6,5422,701
loop_2056_circuit_no_condition_2_1_6,26,7,5421,701
loop_2056_circuit_no_condition_2_1_6,26,8,5422,701
loop_2056_circuit_no_condition_2_1_6,26,9,5422,701
loop_2056_circuit_no_condition_2_1_6,26,10,5423,701
loop_2056_circuit_no_condition_2_1_6,26,11,5422,701
loop_2056_circuit_no_condition_2_1_6,26,12,5421,701
loop_2056_circuit_no_condition_2_1_6,26,13,5422,701
loop_2056_circuit_no_condition_2_1_6,26,14,5421,701
loop_2056_circuit_no_condition_2_1_6,26,15,5423,701
loop_2056_circuit_no_condition_2_1_6,26,0,5428,800
loop_2056_circuit_no_condition_2_1_6,26,1,5426,800
loop_2056_circuit_no_condition_2_1_6,26,2,5424,800
loop_2056_circuit_no_condition_2_1_6,26,3,5427,800
loop_2056_circuit_no_condition_2_1_6,26,4,5425,800
loop_2056_circuit_no_condition_2_1_6,26,5,5430,800
loop_2056_circuit_no_condition_2_1_6,26,6,5425,800
loop_2056_circuit_no_condition_2_1_6,26,7,5426,800
loop_2056_circuit_no_condition_2_1_6,26,8,5424,800
loop_2056_circuit_no_condition_2_1_6,26,9,5426,800
loop_2056_circuit_no_condition_2_1_6,26,10,5425,800
loop_2056_circuit_no_condition_2_1_6,26,11,5425,800
loop_2056_circuit_no_condition_2_1_6,26,12,5424,800
loop_2056_circuit_no_condition_2_1_6,26,13,5425,800
loop_2056_circuit_no_condition_2_1_6,26,14,5426,800
loop_2056_circuit_no_condition_2_1_6,26,15,5426,800
loop_2056_circuit_no_condition_2_1_6,26,0,5418,900
loop_2056_circuit_no_condition_2_1_6,26,1,5418,900
loop_2056_circuit_no_condition_2_1_6,26,2,5416,900
loop_2056_circuit_no_condition_2_1_6,26,3,5418,900
loop_2056_circuit_no_condition_2_1_6,26,4,5422,900
loop_2056_circuit_no_condition_2_1_6,26,5,5423,900
loop_2056_circuit_no_condition_2_1_6,26,6,5417,900
loop_2056_circuit_no_condition_2_1_6,26,7,5417,900
loop_2056_circuit_no_condition_2_1_6,26,8,5420,900
loop_2056_circuit_no_condition_2_1_6,26,9,5420,900
loop_2056_circuit_no_condition_2_1_6,26,10,5416,900
loop_2056_circuit_no_condition_2_1_6,26,11,5416,900
loop_2056_circuit_no_condition_2_1_6,26,12,5417,900
loop_2056_circuit_no_condition_2_1_6,26,13,5421,900
loop_2056_circuit_no_condition_2_1_6,26,14,5417,900
loop_2056_circuit_no_condition_2_1_6,26,15,5417,900
loop_2056_circuit_no_condition_2_1_6,26,0,5425,1001
loop_2056_circuit_no_condition_2_1_6,26,1,5418,1001
loop_2056_circuit_no_condition_2_1_6,26,2,5420,1001
loop_2056_circuit_no_condition_2_1_6,26,3,5420,1001
loop_2056_circuit_no_condition_2_1_6,26,4,5423,1001
loop_2056_circuit_no_condition_2_1_6,26,5,5418,1001
loop_2056_circuit_no_condition_2_1_6,26,6,5418,1001
loop_2056_circuit_no_condition_2_1_6,26,7,5418,1001
loop_2056_circuit_no_condition_2_1_6,26,8,5418,1001
loop_2056_circuit_no_condition_2_1_6,26,9,5417,1001
loop_2056_circuit_no_condition_2_1_6,26,10,5427,1001
loop_2056_circuit_no_condition_2_1_6,26,11,5418,1001
loop_2056_circuit_no_condition_2_1_6,26,12,5418,1001
loop_2056_circuit_no_condition_2_1_6,26,13,5426,1001
loop_2056_circuit_no_condition_2_1_6,26,14,5418,1001
loop_2056_circuit_no_condition_2_1_6,26,15,5418,1001
loop_2056_circuit_no_condition_2_1_6,26,0,5412,1101
loop_2056_circuit_no_condition_2_1_6,26,1,5413,1101
loop_2056_circuit_no_condition_2_1_6,26,2,5412,1101
loop_2056_circuit_no_condition_2_1_6,26,3,5412,1101
loop_2056_circuit_no_condition_2_1_6,26,4,5419,1101
loop_2056_circuit_no_condition_2_1_6,26,5,5413,1101
loop_2056_circuit_no_condition_2_1_6,26,6,5413,1101
loop_2056_circuit_no_condition_2_1_6,26,7,5416,1101
loop_2056_circuit_no_condition_2_1_6,26,8,5413,1101
loop_2056_circuit_no_condition_2_1_6,26,9,5412,1101
loop_2056_circuit_no_condition_2_1_6,26,10,5412,1101
loop_2056_circuit_no_condition_2_1_6,26,11,5410,1101
loop_2056_circuit_no_condition_2_1_6,26,12,5418,1101
loop_2056_circuit_no_condition_2_1_6,26,13,5418,1101
loop_2056_circuit_no_condition_2_1_6,26,14,5415,1101
loop_2056_circuit_no_condition_2_1_6,26,15,5412,1101
loop_2056_circuit_no_condition_2_1_6,26,0,5420,1201
loop_2056_circuit_no_condition_2_1_6,26,1,5425,1201
loop_2056_circuit_no_condition_2_1_6,26,2,5417,1201
loop_2056_circuit_no_condition_2_1_6,26,3,5424,1201
loop_2056_circuit_no_condition_2_1_6,26,4,5430,1201
loop_2056_circuit_no_condition_2_1_6,26,5,5423,1201
loop_2056_circuit_no_condition_2_1_6,26,6,5424,1201
loop_2056_circuit_no_condition_2_1_6,26,7,5424,1201
loop_2056_circuit_no_condition_2_1_6,26,8,5423,1201
loop_2056_circuit_no_condition_2_1_6,26,9,5417,1201
loop_2056_circuit_no_condition_2_1_6,26,10,5423,1201
loop_2056_circuit_no_condition_2_1_6,26,11,5423,1201
loop_2056_circuit_no_condition_2_1_6,26,12,5424,1201
loop_2056_circuit_no_condition_2_1_6,26,13,5429,1201
loop_2056_circuit_no_condition_2_1_6,26,14,5416,1201
loop_2056_circuit_no_condition_2_1_6,26,15,5423,1201
loop_2056_circuit_no_condition_2_1_6,26,0,5418,1300
loop_2056_circuit_no_condition_2_1_6,26,1,5414,1300
loop_2056_circuit_no_condition_2_1_6,26,2,5415,1300
loop_2056_circuit_no_condition_2_1_6,26,3,5418,1300
loop_2056_circuit_no_condition_2_1_6,26,4,5421,1300
loop_2056_circuit_no_condition_2_1_6,26,5,5421,1300
loop_2056_circuit_no_condition_2_1_6,26,6,5414,1300
loop_2056_circuit_no_condition_2_1_6,26,7,5415,1300
loop_2056_circuit_no_condition_2_1_6,26,8,5417,1300
loop_2056_circuit_no_condition_2_1_6,26,9,5416,1300
loop_2056_circuit_no_condition_2_1_6,26,10,5414,1300
loop_2056_circuit_no_condition_2_1_6,26,11,5415,1300
loop_2056_circuit_no_condition_2_1_6,26,12,5420,1300
loop_2056_circuit_no_condition_2_1_6,26,13,5415,1300
loop_2056_circuit_no_condition_2_1_6,26,14,5418,1300
loop_2056_circuit_no_condition_2_1_6,26,15,5419,1300
loop_2056_circuit_no_condition_2_1_6,26,0,5414,1401
loop_2056_circuit_no_condition_2_1_6,26,1,5415,1401
loop_2056_circuit_no_condition_2_1_6,26,2,5415,1401
loop_2056_circuit_no_condition_2_1_6,26,3,5419,1401
loop_2056_circuit_no_condition_2_1_6,26,4,5418,1401
loop_2056_circuit_no_condition_2_1_6,26,5,5421,1401
loop_2056_circuit_no_condition_2_1_6,26,6,5419,1401
loop_2056_circuit_no_condition_2_1_6,26,7,5416,1401
loop_2056_circuit_no_condition_2_1_6,26,8,5416,1401
loop_2056_circuit_no_condition_2_1_6,26,9,5414,1401
loop_2056_circuit_no_condition_2_1_6,26,10,5416,1401
loop_2056_circuit_no_condition_2_1_6,26,11,5416,1401
loop_2056_circuit_no_condition_2_1_6,26,12,5415,1401
loop_2056_circuit_no_condition_2_1_6,26,13,5414,1401
loop_2056_circuit_no_condition_2_1_6,26,14,5416,1401
loop_2056_circuit_no_condition_2_1_6,26,15,5416,1401
loop_2056_circuit_no_condition_2_1_6,26,0,5421,1501
loop_2056_circuit_no_condition_2_1_6,26,1,5421,1501
loop_2056_circuit_no_condition_2_1_6,26,2,5422,1501
loop_2056_circuit_no_condition_2_1_6,26,3,5421,1501
loop_2056_circuit_no_condition_2_1_6,26,4,5430,1501
loop_2056_circuit_no_condition_2_1_6,26,5,5417,1501
loop_2056_circuit_no_condition_2_1_6,26,6,5423,1501
loop_2056_circuit_no_condition_2_1_6,26,7,5421,1501
loop_2056_circuit_no_condition_2_1_6,26,8,5421,1501
loop_2056_circuit_no_condition_2_1_6,26,9,5421,1501
loop_2056_circuit_no_condition_2_1_6,26,10,5421,1501
loop_2056_circuit_no_condition_2_1_6,26,11,5425,1501
loop_2056_circuit_no_condition_2_1_6,26,12,5421,1501
loop_2056_circuit_no_condition_2_1_6,26,13,5422,1501
loop_2056_circuit_no_condition_2_1_6,26,14,5422,1501
loop_2056_circuit_no_condition_2_1_6,26,15,5419,1501
loop_2056_circuit_no_condition_2_1_6,26,0,5418,1601
loop_2056_circuit_no_condition_2_1_6,26,1,5420,1601
loop_2056_circuit_no_condition_2_1_6,26,2,5418,1601
loop_2056_circuit_no_condition_2_1_6,26,3,5419,1601
loop_2056_circuit_no_condition_2_1_6,26,4,5418,1601
loop_2056_circuit_no_condition_2_1_6,26,5,5424,1601
loop_2056_circuit_no_condition_2_1_6,26,6,5418,1601
loop_2056_circuit_no_condition_2_1_6,26,7,5420,1601
loop_2056_circuit_no_condition_2_1_6,26,8,5419,1601
loop_2056_circuit_no_condition_2_1_6,26,9,5418,1601
loop_2056_circuit_no_condition_2_1_6,26,10,5419,1601
loop_2056_circuit_no_condition_2_1_6,26,11,5421,1601
loop_2056_circuit_no_condition_2_1_6,26,12,5419,1601
loop_2056_circuit_no_condition_2_1_6,26,13,5418,1601
loop_2056_circuit_no_condition_2_1_6,26,14,5418,1601
loop_2056_circuit_no_condition_2_1_6,26,15,5418,1601
loop_2056_circuit_no_condition_2_1_6,26,0,5415,1700
loop_2056_circuit_no_condition_2_1_6,26,1,5414,1700
loop_2056_circuit_no_condition_2_1_6,26,2,5414,1700
loop_2056_circuit_no_condition_2_1_6,26,3,5415,1700
loop_2056_circuit_no_condition_2_1_6,26,4,5414,1700
loop_2056_circuit_no_condition_2_1_6,26,5,5421,1700
loop_2056_circuit_no_condition_2_1_6,26,6,5414,1700
loop_2056_circuit_no_condition_2_1_6,26,7,5414,1700
loop_2056_circuit_no_condition_2_1_6,26,8,5414,1700
loop_2056_circuit_no_condition_2_1_6,26,9,5414,1700
loop_2056_circuit_no_condition_2_1_6,26,10,5414,1700
loop_2056_circuit_no_condition_2_1_6,26,11,5414,1700
loop_2056_circuit_no_condition_2_1_6,26,12,5414,1700
loop_2056_circuit_no_condition_2_1_6,26,13,5414,1700
loop_2056_circuit_no_condition_2_1_6,26,14,5415,1700
loop_2056_circuit_no_condition_2_1_6,26,15,5413,1700
loop_2056_circuit_no_condition_2_1_6,26,0,5413,1801
loop_2056_circuit_no_condition_2_1_6,26,1,5412,1801
loop_2056_circuit_no_condition_2_1_6,26,2,5419,1801
loop_2056_circuit_no_condition_2_1_6,26,3,5413,1801
loop_2056_circuit_no_condition_2_1_6,26,4,5414,1801
loop_2056_circuit_no_condition_2_1_6,26,5,5412,1801
loop_2056_circuit_no_condition_2_1_6,26,6,5412,1801
loop_2056_circuit_no_condition_2_1_6,26,7,5413,1801
loop_2056_circuit_no_condition_2_1_6,26,8,5412,1801
loop_2056_circuit_no_condition_2_1_6,26,9,5413,1801
loop_2056_circuit_no_condition_2_1_6,26,10,5413,1801
loop_2056_circuit_no_condition_2_1_6,26,11,5413,1801
loop_2056_circuit_no_condition_2_1_6,26,12,5413,1801
loop_2056_circuit_no_condition_2_1_6,26,13,5413,1801
loop_2056_circuit_no_condition_2_1_6,26,14,5413,1801
loop_2056_circuit_no_condition_2_1_6,26,15,5413,1801
loop_2056_circuit_no_condition_2_1_6,26,0,5420,1901
loop_2056_circuit_no_condition_2_1_6,26,1,5417,1901
loop_2056_circuit_no_condition_2_1_6,26,2,5420,1901
loop_2056_circuit_no_condition_2_1_6,26,3,5421,1901
loop_2056_circuit_no_condition_2_1_6,26,4,5424,1901
loop_2056_circuit_no_condition_2_1_6,26,5,5428,1901
loop_2056_circuit_no_condition_2_1_6,26,6,5423,1901
loop_2056_circuit_no_condition_2_1_6,26,7,5420,1901
loop_2056_circuit_no_condition_2_1_6,26,8,5420,1901
loop_2056_circuit_no_condition_2_1_6,26,9,5421,1901
loop_2056_circuit_no_condition_2_1_6,26,10,5420,1901
loop_2056_circuit_no_condition_2_1_6,26,11,5420,1901
loop_2056_circuit_no_condition_2_1_6,26,12,5420,1901
loop_2056_circuit_no_condition_2_1_6,26,13,5420,1901
loop_2056_circuit_no_condition_2_1_6,26,14,5421,1901
loop_2056_circuit_no_condition_2_1_6,26,15,5421,1901
loop_2056_circuit_no_condition_2_1_6,26,0,5336,2001
loop_2056_circuit_no_condition_2_1_6,26,1,5342,2001
loop_2056_circuit_no_condition_2_1_6,26,2,5394,2001
loop_2056_circuit_no_condition_2_1_6,26,3,5357,2001
loop_2056_circuit_no_condition_2_1_6,26,4,5403,2001
loop_2056_circuit_no_condition_2_1_6,26,5,5367,2001
loop_2056_circuit_no_condition_2_1_6,26,6,5397,2001
loop_2056_circuit_no_condition_2_1_6,26,7,5392,2001
loop_2056_circuit_no_condition_2_1_6,26,8,5423,2001
loop_2056_circuit_no_condition_2_1_6,26,9,5392,2001
loop_2056_circuit_no_condition_2_1_6,26,10,5326,2001
loop_2056_circuit_no_condition_2_1_6,26,11,5369,2001
loop_2056_circuit_no_condition_2_1_6,26,12,5406,2001
loop_2056_circuit_no_condition_2_1_6,26,13,5301,2001
loop_2056_circuit_no_condition_2_1_6,26,14,5358,2001
loop_2056_circuit_no_condition_2_1_6,26,15,5425,2001
loop_2056_circuit_no_condition_2_1_6,27,0,5435,1
loop_2056_circuit_no_condition_2_1_6,27,1,5412,1
loop_2056_circuit_no_condition_2_1_6,27,2,624,1
loop_2056_circuit_no_condition_2_1_6,27,3,5372,1
loop_2056_circuit_no_condition_2_1_6,27,4,5435,1
loop_2056_circuit_no_condition_2_1_6,27,5,624,1
loop_2056_circuit_no_condition_2_1_6,27,6,5431,1
loop_2056_circuit_no_condition_2_1_6,27,7,624,1
loop_2056_circuit_no_condition_2_1_6,27,8,624,1
loop_2056_circuit_no_condition_2_1_6,27,9,5429,1
loop_2056_circuit_no_condition_2_1_6,27,10,5423,1
loop_2056_circuit_no_condition_2_1_6,27,11,5396,1
loop_2056_circuit_no_condition_2_1_6,27,12,624,1
loop_2056_circuit_no_condition_2_1_6,27,13,5434,1
loop_2056_circuit_no_condition_2_1_6,27,14,624,1
loop_2056_circuit_no_condition_2_1_6,27,15,624,1
loop_2056_circuit_no_condition_2_1_6,27,0,5390,100
loop_2056_circuit_no_condition_2_1_6,27,1,5425,100
loop_2056_circuit_no_condition_2_1_6,27,2,5388,100
loop_2056_circuit_no_condition_2_1_6,27,3,5375,100
loop_2056_circuit_no_condition_2_1_6,27,4,5427,100
loop_2056_circuit_no_condition_2_1_6,27,5,5416,100
loop_2056_circuit_no_condition_2_1_6,27,6,5410,100
loop_2056_circuit_no_condition_2_1_6,27,7,5421,100
loop_2056_circuit_no_condition_2_1_6,27,8,5354,100
loop_2056_circuit_no_condition_2_1_6,27,9,5415,100
loop_2056_circuit_no_condition_2_1_6,27,10,5398,100
loop_2056_circuit_no_condition_2_1_6,27,11,5418,100
loop_2056_circuit_no_condition_2_1_6,27,12,5402,100
loop_2056_circuit_no_condition_2_1_6,27,13,5421,100
loop_2056_circuit_no_condition_2_1_6,27,14,5427,100
loop_2056_circuit_no_condition_2_1_6,27,15,5385,100
loop_2056_circuit_no_condition_2_1_6,27,0,5258,201
loop_2056_circuit_no_condition_2_1_6,27,1,5393,201
loop_2056_circuit_no_condition_2_1_6,27,2,5394,201
loop_2056_circuit_no_condition_2_1_6,27,3,5252,201
loop_2056_circuit_no_condition_2_1_6,27,4,5256,201
loop_2056_circuit_no_condition_2_1_6,27,5,5404,201
loop_2056_circuit_no_condition_2_1_6,27,6,5250,201
loop_2056_circuit_no_condition_2_1_6,27,7,5394,201
loop_2056_circuit_no_condition_2_1_6,27,8,5258,201
loop_2056_circuit_no_condition_2_1_6,27,9,5393,201
loop_2056_circuit_no_condition_2_1_6,27,10,5393,201
loop_2056_circuit_no_condition_2_1_6,27,11,5252,201
loop_2056_circuit_no_condition_2_1_6,27,12,5257,201
loop_2056_circuit_no_condition_2_1_6,27,13,5393,201
loop_2056_circuit_no_condition_2_1_6,27,14,5250,201
loop_2056_circuit_no_condition_2_1_6,27,15,5394,201
loop_2056_circuit_no_condition_2_1_6,27,0,4739,300
loop_2056_circuit_no_condition_2_1_6,27,1,624,300
loop_2056_circuit_no_condition_2_1_6,27,2,624,300
loop_2056_circuit_no_condition_2_1_6,27,3,5414,300
loop_2056_circuit_no_condition_2_1_6,27,4,624,300
loop_2056_circuit_no_condition_2_1_6,27,5,5417,300
loop_2056_circuit_no_condition_2_1_6,27,6,624,300
loop_2056_circuit_no_condition_2_1_6,27,7,5404,300
loop_2056_circuit_no_condition_2_1_6,27,8,624,300
loop_2056_circuit_no_condition_2_1_6,27,9,624,300
loop_2056_circuit_no_condition_2_1_6,27,10,5417,300
loop_2056_circuit_no_condition_2_1_6,27,11,624,300
loop_2056_circuit_no_condition_2_1_6,27,12,5416,300
loop_2056_circuit_no_condition_2_1_6,27,13,5422,300
loop_2056_circuit_no_condition_2_1_6,27,14,624,300
loop_2056_circuit_no_condition_2_1_6,27,15,624,300
loop_2056_circuit_no_condition_2_1_6,27,0,624,400
loop_2056_circuit_no_condition_2_1_6,27,1,624,400
loop_2056_circuit_no_condition_2_1_6,27,2,624,400
loop_2056_circuit_no_condition_2_1_6,27,3,624,400
loop_2056_circuit_no_condition_2_1_6,27,4,4086,400
loop_2056_circuit_no_condition_2_1_6,27,5,5433,400
loop_2056_circuit_no_condition_2_1_6,27,6,624,400
loop_2056_circuit_no_condition_2_1_6,27,7,624,400
loop_2056_circuit_no_condition_2_1_6,27,8,624,400
loop_2056_circuit_no_condition_2_1_6,27,9,624,400
loop_2056_circuit_no_condition_2_1_6,27,10,624,400
loop_2056_circuit_no_condition_2_1_6,27,11,624,400
loop_2056_circuit_no_condition_2_1_6,27,12,624,400
loop_2056_circuit_no_condition_2_1_6,27,13,624,400
loop_2056_circuit_no_condition_2_1_6,27,14,624,400
loop_2056_circuit_no_condition_2_1_6,27,15,624,400
loop_2056_circuit_no_condition_2_1_6,27,0,4046,500
loop_2056_circuit_no_condition_2_1_6,27,1,4667,500
loop_2056_circuit_no_condition_2_1_6,27,2,624,500
loop_2056_circuit_no_condition_2_1_6,27,3,4615,500
loop_2056_circuit_no_condition_2_1_6,27,4,3968,500
loop_2056_circuit_no_condition_2_1_6,27,5,5424,500
loop_2056_circuit_no_condition_2_1_6,27,6,4771,500
loop_2056_circuit_no_condition_2_1_6,27,7,624,500
loop_2056_circuit_no_condition_2_1_6,27,8,624,500
loop_2056_circuit_no_condition_2_1_6,27,9,624,500
loop_2056_circuit_no_condition_2_1_6,27,10,624,500
loop_2056_circuit_no_condition_2_1_6,27,11,624,500
loop_2056_circuit_no_condition_2_1_6,27,12,624,500
loop_2056_circuit_no_condition_2_1_6,27,13,624,500
loop_2056_circuit_no_condition_2_1_6,27,14,624,500
loop_2056_circuit_no_condition_2_1_6,27,15,624,500
loop_2056_circuit_no_condition_2_1_6,27,0,5407,600
loop_2056_circuit_no_condition_2_1_6,27,1,5404,600
loop_2056_circuit_no_condition_2_1_6,27,2,5413,600
loop_2056_circuit_no_condition_2_1_6,27,3,5404,600
loop_2056_circuit_no_condition_2_1_6,27,4,5416,600
loop_2056_circuit_no_condition_2_1_6,27,5,5423,600
loop_2056_circuit_no_condition_2_1_6,27,6,5404,600
loop_2056_circuit_no_condition_2_1_6,27,7,5408,600
loop_2056_circuit_no_condition_2_1_6,27,8,5408,600
loop_2056_circuit_no_condition_2_1_6,27,9,5403,600
loop_2056_circuit_no_condition_2_1_6,27,10,5409,600
loop_2056_circuit_no_condition_2_1_6,27,11,5407,600
loop_2056_circuit_no_condition_2_1_6,27,12,5403,600
loop_2056_circuit_no_condition_2_1_6,27,13,5406,600
loop_2056_circuit_no_condition_2_1_6,27,14,5407,600
loop_2056_circuit_no_condition_2_1_6,27,15,5405,600
loop_2056_circuit_no_condition_2_1_6,27,0,5401,700
loop_2056_circuit_no_condition_2_1_6,27,1,5392,700
loop_2056_circuit_no_condition_2_1_6,27,2,5396,700
loop_2056_circuit_no_condition_2_1_6,27,3,5417,700
loop_2056_circuit_no_condition_2_1_6,27,4,5393,700
loop_2056_circuit_no_condition_2_1_6,27,5,5394,700
loop_2056_circuit_no_condition_2_1_6,27,6,5395,700
loop_2056_circuit_no_condition_2_1_6,27,7,5402,700
loop_2056_circuit_no_condition_2_1_6,27,8,5406,700
loop_2056_circuit_no_condition_2_1_6,27,9,5399,700
loop_2056_circuit_no_condition_2_1_6,27,10,5397,700
loop_2056_circuit_no_condition_2_1_6,27,11,5397,700
loop_2056_circuit_no_condition_2_1_6,27,12,5397,700
loop_2056_circuit_no_condition_2_1_6,27,13,5394,700
loop_2056_circuit_no_condition_2_1_6,27,14,5393,700
loop_2056_circuit_no_condition_2_1_6,27,15,5396,700
loop_2056_circuit_no_condition_2_1_6,27,0,5403,801
loop_2056_circuit_no_condition_2_1_6,27,1,5399,801
loop_2056_circuit_no_condition_2_1_6,27,2,5405,801
loop_2056_circuit_no_condition_2_1_6,27,3,5399,801
loop_2056_circuit_no_condition_2_1_6,27,4,5399,801
loop_2056_circuit_no_condition_2_1_6,27,5,5421,801
loop_2056_circuit_no_condition_2_1_6,27,6,5398,801
loop_2056_circuit_no_condition_2_1_6,27,7,5400,801
loop_2056_circuit_no_condition_2_1_6,27,8,5406,801
loop_2056_circuit_no_condition_2_1_6,27,9,5397,801
loop_2056_circuit_no_condition_2_1_6,27,10,5396,801
loop_2056_circuit_no_condition_2_1_6,27,11,5408,801
loop_2056_circuit_no_condition_2_1_6,27,12,5412,801
loop_2056_circuit_no_condition_2_1_6,27,13,5396,801
loop_2056_circuit_no_condition_2_1_6,27,14,5406,801
loop_2056_circuit_no_condition_2_1_6,27,15,5398,801
loop_2056_circuit_no_condition_2_1_6,27,0,5406,901
loop_2056_circuit_no_condition_2_1_6,27,1,5406,901
loop_2056_circuit_no_condition_2_1_6,27,2,5398,901
loop_2056_circuit_no_condition_2_1_6,27,3,5419,901
loop_2056_circuit_no_condition_2_1_6,27,4,5395,901
loop_2056_circuit_no_condition_2_1_6,27,5,5405,901
loop_2056_circuit_no_condition_2_1_6,27,6,5395,901
loop_2056_circuit_no_condition_2_1_6,27,7,5394,901
loop_2056_circuit_no_condition_2_1_6,27,8,5397,901
loop_2056_circuit_no_condition_2_1_6,27,9,5403,901
loop_2056_circuit_no_condition_2_1_6,27,10,5414,901
loop_2056_circuit_no_condition_2_1_6,27,11,5397,901
loop_2056_circuit_no_condition_2_1_6,27,12,5395,901
loop_2056_circuit_no_condition_2_1_6,27,13,5409,901
loop_2056_circuit_no_condition_2_1_6,27,14,5397,901
loop_2056_circuit_no_condition_2_1_6,27,15,5397,901
loop_2056_circuit_no_condition_2_1_6,27,0,5409,1000
loop_2056_circuit_no_condition_2_1_6,27,1,5407,1000
loop_2056_circuit_no_condition_2_1_6,27,2,5405,1000
loop_2056_circuit_no_condition_2_1_6,27,3,5409,1000
loop_2056_circuit_no_condition_2_1_6,27,4,5408,1000
loop_2056_circuit_no_condition_2_1_6,27,5,5428,1000
loop_2056_circuit_no_condition_2_1_6,27,6,5409,1000
loop_2056_circuit_no_condition_2_1_6,27,7,5410,1000
loop_2056_circuit_no_condition_2_1_6,27,8,5415,1000
loop_2056_circuit_no_condition_2_1_6,27,9,5409,1000
loop_2056_circuit_no_condition_2_1_6,27,10,5409,1000
loop_2056_circuit_no_condition_2_1_6,27,11,5408,1000
loop_2056_circuit_no_condition_2_1_6,27,12,5410,1000
loop_2056_circuit_no_condition_2_1_6,27,13,5406,1000
loop_2056_circuit_no_condition_2_1_6,27,14,5407,1000
loop_2056_circuit_no_condition_2_1_6,27,15,5409,1000
loop_2056_circuit_no_condition_2_1_6,27,0,5405,1100
loop_2056_circuit_no_condition_2_1_6,27,1,5397,1100
loop_2056_circuit_no_condition_2_1_6,27,2,5402,1100
loop_2056_circuit_no_condition_2_1_6,27,3,5407,1100
loop_2056_circuit_no_condition_2_1_6,27,4,5395,1100
loop_2056_circuit_no_condition_2_1_6,27,5,5394,1100
loop_2056_circuit_no_condition_2_1_6,27,6,5395,1100
loop_2056_circuit_no_condition_2_1_6,27,7,5394,1100
loop_2056_circuit_no_condition_2_1_6,27,8,5403,1100
loop_2056_circuit_no_condition_2_1_6,27,9,5394,1100
loop_2056_circuit_no_condition_2_1_6,27,10,5397,1100
loop_2056_circuit_no_condition_2_1_6,27,11,5398,1100
loop_2056_circuit_no_condition_2_1_6,27,12,5395,1100
loop_2056_circuit_no_condition_2_1_6,27,13,5417,1100
loop_2056_circuit_no_condition_2_1_6,27,14,5395,1100
loop_2056_circuit_no_condition_2_1_6,27,15,5396,1100
loop_2056_circuit_no_condition_2_1_6,27,0,5399,1200
loop_2056_circuit_no_condition_2_1_6,27,1,5398,1200
loop_2056_circuit_no_condition_2_1_6,27,2,5403,1200
loop_2056_circuit_no_condition_2_1_6,27,3,5397,1200
loop_2056_circuit_no_condition_2_1_6,27,4,5398,1200
loop_2056_circuit_no_condition_2_1_6,27,5,5404,1200
loop_2056_circuit_no_condition_2_1_6,27,6,5396,1200
loop_2056_circuit_no_condition_2_1_6,27,7,5403,1200
loop_2056_circuit_no_condition_2_1_6,27,8,5393,1200
loop_2056_circuit_no_condition_2_1_6,27,9,5404,1200
loop_2056_circuit_no_condition_2_1_6,27,10,5408,1200
loop_2056_circuit_no_condition_2_1_6,27,11,5402,1200
loop_2056_circuit_no_condition_2_1_6,27,12,5399,1200
loop_2056_circuit_no_condition_2_1_6,27,13,5398,1200
loop_2056_circuit_no_condition_2_1_6,27,14,5417,1200
loop_2056_circuit_no_condition_2_1_6,27,15,5396,1200
loop_2056_circuit_no_condition_2_1_6,27,0,5409,1301
loop_2056_circuit_no_condition_2_1_6,27,1,5412,1301
loop_2056_circuit_no_condition_2_1_6,27,2,5417,1301
loop_2056_circuit_no_condition_2_1_6,27,3,5404,1301
loop_2056_circuit_no_condition_2_1_6,27,4,5404,1301
loop_2056_circuit_no_condition_2_1_6,27,5,5425,1301
loop_2056_circuit_no_condition_2_1_6,27,6,5411,1301
loop_2056_circuit_no_condition_2_1_6,27,7,5412,1301
loop_2056_circuit_no_condition_2_1_6,27,8,5408,1301
loop_2056_circuit_no_condition_2_1_6,27,9,5411,1301
loop_2056_circuit_no_condition_2_1_6,27,10,5411,1301
loop_2056_circuit_no_condition_2_1_6,27,11,5404,1301
loop_2056_circuit_no_condition_2_1_6,27,12,5407,1301
loop_2056_circuit_no_condition_2_1_6,27,13,5405,1301
loop_2056_circuit_no_condition_2_1_6,27,14,5415,1301
loop_2056_circuit_no_condition_2_1_6,27,15,5410,1301
loop_2056_circuit_no_condition_2_1_6,27,0,5417,1401
loop_2056_circuit_no_condition_2_1_6,27,1,5410,1401
loop_2056_circuit_no_condition_2_1_6,27,2,5416,1401
loop_2056_circuit_no_condition_2_1_6,27,3,5409,1401
loop_2056_circuit_no_condition_2_1_6,27,4,5404,1401
loop_2056_circuit_no_condition_2_1_6,27,5,5423,1401
loop_2056_circuit_no_condition_2_1_6,27,6,5405,1401
loop_2056_circuit_no_condition_2_1_6,27,7,5409,1401
loop_2056_circuit_no_condition_2_1_6,27,8,5411,1401
loop_2056_circuit_no_condition_2_1_6,27,9,5413,1401
loop_2056_circuit_no_condition_2_1_6,27,10,5411,1401
loop_2056_circuit_no_condition_2_1_6,27,11,5403,1401
loop_2056_circuit_no_condition_2_1_6,27,12,5404,1401
loop_2056_circuit_no_condition_2_1_6,27,13,5406,1401
loop_2056_circuit_no_condition_2_1_6,27,14,5405,1401
loop_2056_circuit_no_condition_2_1_6,27,15,5407,1401
loop_2056_circuit_no_condition_2_1_6,27,0,5407,1500
loop_2056_circuit_no_condition_2_1_6,27,1,5408,1500
loop_2056_circuit_no_condition_2_1_6,27,2,5406,1500
loop_2056_circuit_no_condition_2_1_6,27,3,5388,1500
loop_2056_circuit_no_condition_2_1_6,27,4,5407,1500
loop_2056_circuit_no_condition_2_1_6,27,5,5410,1500
loop_2056_circuit_no_condition_2_1_6,27,6,5426,1500
loop_2056_circuit_no_condition_2_1_6,27,7,5409,1500
loop_2056_circuit_no_condition_2_1_6,27,8,5407,1500
loop_2056_circuit_no_condition_2_1_6,27,9,624,1500
loop_2056_circuit_no_condition_2_1_6,27,10,624,1500
loop_2056_circuit_no_condition_2_1_6,27,11,5407,1500
loop_2056_circuit_no_condition_2_1_6,27,12,5409,1500
loop_2056_circuit_no_condition_2_1_6,27,13,5427,1500
loop_2056_circuit_no_condition_2_1_6,27,14,624,1500
loop_2056_circuit_no_condition_2_1_6,27,15,5413,1500
loop_2056_circuit_no_condition_2_1_6,28,0,5429,1
loop_2056_circuit_no_condition_2_1_6,28,1,5429,1
loop_2056_circuit_no_condition_2_1_6,28,2,5424,1
loop_2056_circuit_no_condition_2_1_6,28,3,2816,1
loop_2056_circuit_no_condition_2_1_6,28,4,5419,1
loop_2056_circuit_no_condition_2_1_6,28,5,5428,1
loop_2056_circuit_no_condition_2_1_6,28,6,5426,1
loop_2056_circuit_no_condition_2_1_6,28,7,5428,1
loop_2056_circuit_no_condition_2_1_6,28,8,5418,1
loop_2056_circuit_no_condition_2_1_6,28,9,5386,1
loop_2056_circuit_no_condition_2_1_6,28,10,5421,1
loop_2056_circuit_no_condition_2_1_6,28,11,3001,1
loop_2056_circuit_no_condition_2_1_6,28,12,5408,1
loop_2056_circuit_no_condition_2_1_6,28,13,5422,1
loop_2056_circuit_no_condition_2_1_6,28,14,5417,1
loop_2056_circuit_no_condition_2_1_6,28,15,5416,1
loop_2056_circuit_no_condition_2_1_6,28,0,5388,101
loop_2056_circuit_no_condition_2_1_6,28,1,5415,101
loop_2056_circuit_no_condition_2_1_6,28,2,5426,101
loop_2056_circuit_no_condition_2_1_6,28,3,5391,101
loop_2056_circuit_no_condition_2_1_6,28,4,5355,101
loop_2056_circuit_no_condition_2_1_6,28,5,5357,101
loop_2056_circuit_no_condition_2_1_6,28,6,5346,101
loop_2056_circuit_no_condition_2_1_6,28,7,5348,101
loop_2056_circuit_no_condition_2_1_6,28,8,5375,101
loop_2056_circuit_no_condition_2_1_6,28,9,5364,101
loop_2056_circuit_no_condition_2_1_6,28,10,5421,101
loop_2056_circuit_no_condition_2_1_6,28,11,5422,101
loop_2056_circuit_no_condition_2_1_6,28,12,5398,101
loop_2056_circuit_no_condition_2_1_6,28,13,5361,101
loop_2056_circuit_no_condition_2_1_6,28,14,5413,101
loop_2056_circuit_no_condition_2_1_6,28,15,5414,101
loop_2056_circuit_no_condition_2_1_6,28,0,5420,200
loop_2056_circuit_no_condition_2_1_6,28,1,5420,200
loop_2056_circuit_no_condition_2_1_6,28,2,5422,200
loop_2056_circuit_no_condition_2_1_6,28,3,5429,200
loop_2056_circuit_no_condition_2_1_6,28,4,5433,200
loop_2056_circuit_no_condition_2_1_6,28,5,5367,200
loop_2056_circuit_no_condition_2_1_6,28,6,5417,200
loop_2056_circuit_no_condition_2_1_6,28,7,5430,200
loop_2056_circuit_no_condition_2_1_6,28,8,5411,200
loop_2056_circuit_no_condition_2_1_6,28,9,5422,200
loop_2056_circuit_no_condition_2_1_6,28,10,5358,200
loop_2056_circuit_no_condition_2_1_6,28,11,5415,200
loop_2056_circuit_no_condition_2_1_6,28,12,5411,200
loop_2056_circuit_no_condition_2_1_6,28,13,5421,200
loop_2056_circuit_no_condition_2_1_6,28,14,5405,200
loop_2056_circuit_no_condition_2_1_6,28,15,5415,200
loop_2056_circuit_no_condition_2_1_6,28,0,3348,300
loop_2056_circuit_no_condition_2_1_6,28,1,624,300
loop_2056_circuit_no_condition_2_1_6,28,2,624,300
loop_2056_circuit_no_condition_2_1_6,28,3,4557,300
loop_2056_circuit_no_condition_2_1_6,28,4,5426,300
loop_2056_circuit_no_condition_2_1_6,28,5,4913,300
loop_2056_circuit_no_condition_2_1_6,28,6,624,300
loop_2056_circuit_no_condition_2_1_6,28,7,4512,300
loop_2056_circuit_no_condition_2_1_6,28,8,624,300
loop_2056_circuit_no_condition_2_1_6,28,9,624,300
loop_2056_circuit_no_condition_2_1_6,28,10,624,300
loop_2056_circuit_no_condition_2_1_6,28,11,624,300
loop_2056_circuit_no_condition_2_1_6,28,12,624,300
loop_2056_circuit_no_condition_2_1_6,28,13,624,300
loop_2056_circuit_no_condition_2_1_6,28,14,624,300
loop_2056_circuit_no_condition_2_1_6,28,15,624,300
loop_2056_circuit_no_condition_2_1_6,28,0,3849,400
loop_2056_circuit_no_condition_2_1_6,28,1,624,400
loop_2056_circuit_no_condition_2_1_6,28,2,624,400
loop_2056_circuit_no_condition_2_1_6,28,3,3662,400
loop_2056_circuit_no_condition_2_1_6,28,4,624,400
loop_2056_circuit_no_condition_2_1_6,28,5,5433,400
loop_2056_circuit_no_condition_2_1_6,28,6,624,400
loop_2056_circuit_no_condition_2_1_6,28,7,5420,400
loop_2056_circuit_no_condition_2_1_6,28,8,624,400
loop_2056_circuit_no_condition_2_1_6,28,9,624,400
loop_2056_circuit_no_condition_2_1_6,28,10,624,400
loop_2056_circuit_no_condition_2_1_6,28,11,624,400
loop_2056_circuit_no_condition_2_1_6,28,12,5444,400
loop_2056_circuit_no_condition_2_1_6,28,13,5434,400
loop_2056_circuit_no_condition_2_1_6,28,14,3513,400
loop_2056_circuit_no_condition_2_1_6,28,15,624,400
loop_2056_circuit_no_condition_2_1_6,28,0,5051,500
loop_2056_circuit_no_condition_2_1_6,28,1,624,500
loop_2056_circuit_no_condition_2_1_6,28,2,4666,500
loop_2056_circuit_no_condition_2_1_6,28,3,3728,500
loop_2056_circuit_no_condition_2_1_6,28,4,624,500
loop_2056_circuit_no_condition_2_1_6,28,5,5425,500
loop_2056_circuit_no_condition_2_1_6,28,6,624,500
loop_2056_circuit_no_condition_2_1_6,28,7,4798,500
loop_2056_circuit_no_condition_2_1_6,28,8,624,500
loop_2056_circuit_no_condition_2_1_6,28,9,624,500
loop_2056_circuit_no_condition_2_1_6,28,10,624,500
loop_2056_circuit_no_condition_2_1_6,28,11,624,500
loop_2056_circuit_no_condition_2_1_6,28,12,624,500
loop_2056_circuit_no_condition_2_1_6,28,13,624,500
loop_2056_circuit_no_condition_2_1_6,28,14,5334,500
loop_2056_circuit_no_condition_2_1_6,28,15,624,500
loop_2056_circuit_no_condition_2_1_6,28,0,5418,601
loop_2056_circuit_no_condition_2_1_6,28,1,5419,601
loop_2056_circuit_no_condition_2_1_6,28,2,5418,601
loop_2056_circuit_no_condition_2_1_6,28,3,5420,601
loop_2056_circuit_no_condition_2_1_6,28,4,5419,601
loop_2056_circuit_no_condition_2_1_6,28,5,5420,601
loop_2056_circuit_no_condition_2_1_6,28,6,5421,601
loop_2056_circuit_no_condition_2_1_6,28,7,5418,601
loop_2056_circuit_no_condition_2_1_6,28,8,5422,601
loop_2056_circuit_no_condition_2_1_6,28,9,5420,601
loop_2056_circuit_no_condition_2_1_6,28,10,5422,601
loop_2056_circuit_no_condition_2_1_6,28,11,5418,601
loop_2056_circuit_no_condition_2_1_6,28,12,5420,601
loop_2056_circuit_no_condition_2_1_6,28,13,5419,601
loop_2056_circuit_no_condition_2_1_6,28,14,5419,601
loop_2056_circuit_no_condition_2_1_6,28,15,5422,601
loop_2056_circuit_no_condition_2_1_6,28,0,5414,700
loop_2056_circuit_no_condition_2_1_6,28,1,5421,700
loop_2056_circuit_no_condition_2_1_6,28,2,5417,700
loop_2056_circuit_no_condition_2_1_6,28,3,5413,700
loop_2056_circuit_no_condition_2_1_6,28,4,5423,700
loop_2056_circuit_no_condition_2_1_6,28,5,5414,700
loop_2056_circuit_no_condition_2_1_6,28,6,5416,700
loop_2056_circuit_no_condition_2_1_6,28,7,5415,700
loop_2056_circuit_no_condition_2_1_6,28,8,5414,700
loop_2056_circuit_no_condition_2_1_6,28,9,5416,700
loop_2056_circuit_no_condition_2_1_6,28,10,5417,700
loop_2056_circuit_no_condition_2_1_6,28,11,5413,700
loop_2056_circuit_no_condition_2_1_6,28,12,5416,700
loop_2056_circuit_no_condition_2_1_6,28,13,5413,700
loop_2056_circuit_no_condition_2_1_6,28,14,5417,700
loop_2056_circuit_no_condition_2_1_6,28,15,5415,700
loop_2056_circuit_no_condition_2_1_6,28,0,5420,800
loop_2056_circuit_no_condition_2_1_6,28,1,5424,800
loop_2056_circuit_no_condition_2_1_6,28,2,5420,800
loop_2056_circuit_no_condition_2_1_6,28,3,5419,800
loop_2056_circuit_no_condition_2_1_6,28,4,5428,800
loop_2056_circuit_no_condition_2_1_6,28,5,5419,800
loop_2056_circuit_no_condition_2_1_6,28,6,5419,800
loop_2056_circuit_no_condition_2_1_6,28,7,5421,800
loop_2056_circuit_no_condition_2_1_6,28,8,5420,800
loop_2056_circuit_no_condition_2_1_6,28,9,5420,800
loop_2056_circuit_no_condition_2_1_6,28,10,5420,800
loop_2056_circuit_no_condition_2_1_6,28,11,5424,800
loop_2056_circuit_no_condition_2_1_6,28,12,5420,800
loop_2056_circuit_no_condition_2_1_6,28,13,5420,800
loop_2056_circuit_no_condition_2_1_6,28,14,5425,800
loop_2056_circuit_no_condition_2_1_6,28,15,5420,800
loop_2056_circuit_no_condition_2_1_6,28,0,5412,901
loop_2056_circuit_no_condition_2_1_6,28,1,5414,901
loop_2056_circuit_no_condition_2_1_6,28,2,5412,901
loop_2056_circuit_no_condition_2_1_6,28,3,5414,901
loop_2056_circuit_no_condition_2_1_6,28,4,5416,901
loop_2056_circuit_no_condition_2_1_6,28,5,5412,901
loop_2056_circuit_no_condition_2_1_6,28,6,5414,901
loop_2056_circuit_no_condition_2_1_6,28,7,5412,901
loop_2056_circuit_no_condition_2_1_6,28,8,5412,901
loop_2056_circuit_no_condition_2_1_6,28,9,5414,901
loop_2056_circuit_no_condition_2_1_6,28,10,5412,901
loop_2056_circuit_no_condition_2_1_6,28,11,5412,901
loop_2056_circuit_no_condition_2_1_6,28,12,5412,901
loop_2056_circuit_no_condition_2_1_6,28,13,5419,901
loop_2056_circuit_no_condition_2_1_6,28,14,5414,901
loop_2056_circuit_no_condition_2_1_6,28,15,5413,901
loop_2056_circuit_no_condition_2_1_6,28,0,5416,1001
loop_2056_circuit_no_condition_2_1_6,28,1,5419,1001
loop_2056_circuit_no_condition_2_1_6,28,2,5419,1001
loop_2056_circuit_no_condition_2_1_6,28,3,5419,1001
loop_2056_circuit_no_condition_2_1_6,28,4,5417,1001
loop_2056_circuit_no_condition_2_1_6,28,5,5425,1001
loop_2056_circuit_no_condition_2_1_6,28,6,5418,1001
loop_2056_circuit_no_condition_2_1_6,28,7,5416,1001
loop_2056_circuit_no_condition_2_1_6,28,8,5417,1001
loop_2056_circuit_no_condition_2_1_6,28,9,5419,1001
loop_2056_circuit_no_condition_2_1_6,28,10,5418,1001
loop_2056_circuit_no_condition_2_1_6,28,11,5419,1001
loop_2056_circuit_no_condition_2_1_6,28,12,5419,1001
loop_2056_circuit_no_condition_2_1_6,28,13,5417,1001
loop_2056_circuit_no_condition_2_1_6,28,14,5417,1001
loop_2056_circuit_no_condition_2_1_6,28,15,5416,1001
loop_2056_circuit_no_condition_2_1_6,28,0,5418,1101
loop_2056_circuit_no_condition_2_1_6,28,1,5422,1101
loop_2056_circuit_no_condition_2_1_6,28,2,5418,1101
loop_2056_circuit_no_condition_2_1_6,28,3,5417,1101
loop_2056_circuit_no_condition_2_1_6,28,4,5418,1101
loop_2056_circuit_no_condition_2_1_6,28,5,5419,1101
loop_2056_circuit_no_condition_2_1_6,28,6,5417,1101
loop_2056_circuit_no_condition_2_1_6,28,7,5415,1101
loop_2056_circuit_no_condition_2_1_6,28,8,5416,1101
loop_2056_circuit_no_condition_2_1_6,28,9,5413,1101
loop_2056_circuit_no_condition_2_1_6,28,10,5416,1101
loop_2056_circuit_no_condition_2_1_6,28,11,5415,1101
loop_2056_circuit_no_condition_2_1_6,28,12,5419,1101
loop_2056_circuit_no_condition_2_1_6,28,13,5416,1101
loop_2056_circuit_no_condition_2_1_6,28,14,5419,1101
loop_2056_circuit_no_condition_2_1_6,28,15,5415,1101
loop_2056_circuit_no_condition_2_1_6,28,0,5424,1200
loop_2056_circuit_no_condition_2_1_6,28,1,5423,1200
loop_2056_circuit_no_condition_2_1_6,28,2,5423,1200
loop_2056_circuit_no_condition_2_1_6,28,3,5423,1200
loop_2056_circuit_no_condition_2_1_6,28,4,5424,1200
loop_2056_circuit_no_condition_2_1_6,28,5,5423,1200
loop_2056_circuit_no_condition_2_1_6,28,6,5419,1200
loop_2056_circuit_no_condition_2_1_6,28,7,5424,1200
loop_2056_circuit_no_condition_2_1_6,28,8,5423,1200
loop_2056_circuit_no_condition_2_1_6,28,9,5424,1200
loop_2056_circuit_no_condition_2_1_6,28,10,5424,1200
loop_2056_circuit_no_condition_2_1_6,28,11,5415,1200
loop_2056_circuit_no_condition_2_1_6,28,12,5423,1200
loop_2056_circuit_no_condition_2_1_6,28,13,5424,1200
loop_2056_circuit_no_condition_2_1_6,28,14,5417,1200
loop_2056_circuit_no_condition_2_1_6,28,15,5430,1200
loop_2056_circuit_no_condition_2_1_6,28,0,5415,1301
loop_2056_circuit_no_condition_2_1_6,28,1,5423,1301
loop_2056_circuit_no_condition_2_1_6,28,2,5426,1301
loop_2056_circuit_no_condition_2_1_6,28,3,5427,1301
loop_2056_circuit_no_condition_2_1_6,28,4,5430,1301
loop_2056_circuit_no_condition_2_1_6,28,5,5424,1301
loop_2056_circuit_no_condition_2_1_6,28,6,5413,1301
loop_2056_circuit_no_condition_2_1_6,28,7,5426,1301
loop_2056_circuit_no_condition_2_1_6,28,8,5419,1301
loop_2056_circuit_no_condition_2_1_6,28,9,5424,1301
loop_2056_circuit_no_condition_2_1_6,28,10,5425,1301
loop_2056_circuit_no_condition_2_1_6,28,11,5416,1301
loop_2056_circuit_no_condition_2_1_6,28,12,5425,1301
loop_2056_circuit_no_condition_2_1_6,28,13,5427,1301
loop_2056_circuit_no_condition_2_1_6,28,14,5417,1301
loop_2056_circuit_no_condition_2_1_6,28,15,5424,1301
loop_2056_circuit_no_condition_2_1_6,28,0,5421,1401
loop_2056_circuit_no_condition_2_1_6,28,1,5417,1401
loop_2056_circuit_no_condition_2_1_6,28,2,5417,1401
loop_2056_circuit_no_condition_2_1_6,28,3,5421,1401
loop_2056_circuit_no_condition_2_1_6,28,4,5425,1401
loop_2056_circuit_no_condition_2_1_6,28,5,5419,1401
loop_2056_circuit_no_condition_2_1_6,28,6,5416,1401
loop_2056_circuit_no_condition_2_1_6,28,7,5417,1401
loop_2056_circuit_no_condition_2_1_6,28,8,5416,1401
loop_2056_circuit_no_condition_2_1_6,28,9,5418,1401
loop_2056_circuit_no_condition_2_1_6,28,10,5417,1401
loop_2056_circuit_no_condition_2_1_6,28,11,5417,1401
loop_2056_circuit_no_condition_2_1_6,28,12,5416,1401
loop_2056_circuit_no_condition_2_1_6,28,13,5418,1401
loop_2056_circuit_no_condition_2_1_6,28,14,5415,1401
loop_2056_circuit_no_condition_2_1_6,28,15,5417,1401
loop_2056_circuit_no_condition_2_1_6,28,0,5414,1501
loop_2056_circuit_no_condition_2_1_6,28,1,5415,1501
loop_2056_circuit_no_condition_2_1_6,28,2,5416,1501
loop_2056_circuit_no_condition_2_1_6,28,3,5419,1501
loop_2056_circuit_no_condition_2_1_6,28,4,5415,1501
loop_2056_circuit_no_condition_2_1_6,28,5,5421,1501
loop_2056_circuit_no_condition_2_1_6,28,6,5415,1501
loop_2056_circuit_no_condition_2_1_6,28,7,5416,1501
loop_2056_circuit_no_condition_2_1_6,28,8,5419,1501
loop_2056_circuit_no_condition_2_1_6,28,9,5415,1501
loop_2056_circuit_no_condition_2_1_6,28,10,5415,1501
loop_2056_circuit_no_condition_2_1_6,28,11,5415,1501
loop_2056_circuit_no_condition_2_1_6,28,12,5415,1501
loop_2056_circuit_no_condition_2_1_6,28,13,5415,1501
loop_2056_circuit_no_condition_2_1_6,28,14,5414,1501
loop_2056_circuit_no_condition_2_1_6,28,15,5416,1501
loop_2056_circuit_no_condition_2_1_6,28,0,5416,1600
loop_2056_circuit_no_condition_2_1_6,28,1,5422,1600
loop_2056_circuit_no_condition_2_1_6,28,2,5420,1600
loop_2056_circuit_no_condition_2_1_6,28,3,5428,1600
loop_2056_circuit_no_condition_2_1_6,28,4,5421,1600
loop_2056_circuit_no_condition_2_1_6,28,5,5419,1600
loop_2056_circuit_no_condition_2_1_6,28,6,5421,1600
loop_2056_circuit_no_condition_2_1_6,28,7,5420,1600
loop_2056_circuit_no_condition_2_1_6,28,8,5421,1600
loop_2056_circuit_no_condition_2_1_6,28,9,5420,1600
loop_2056_circuit_no_condition_2_1_6,28,10,5419,1600
loop_2056_circuit_no_condition_2_1_6,28,11,5421,1600
loop_2056_circuit_no_condition_2_1_6,28,12,5421,1600
loop_2056_circuit_no_condition_2_1_6,28,13,5420,1600
loop_2056_circuit_no_condition_2_1_6,28,14,5420,1600
loop_2056_circuit_no_condition_2_1_6,28,15,5418,1600
loop_2056_circuit_no_condition_2_1_6,28,0,5417,1700
loop_2056_circuit_no_condition_2_1_6,28,1,5416,1700
loop_2056_circuit_no_condition_2_1_6,28,2,5420,1700
loop_2056_circuit_no_condition_2_1_6,28,3,5417,1700
loop_2056_circuit_no_condition_2_1_6,28,4,5424,1700
loop_2056_circuit_no_condition_2_1_6,28,5,5419,1700
loop_2056_circuit_no_condition_2_1_6,28,6,5417,1700
loop_2056_circuit_no_condition_2_1_6,28,7,5418,1700
loop_2056_circuit_no_condition_2_1_6,28,8,5417,1700
loop_2056_circuit_no_condition_2_1_6,28,9,5416,1700
loop_2056_circuit_no_condition_2_1_6,28,10,5417,1700
loop_2056_circuit_no_condition_2_1_6,28,11,5417,1700
loop_2056_circuit_no_condition_2_1_6,28,12,5417,1700
loop_2056_circuit_no_condition_2_1_6,28,13,5418,1700
loop_2056_circuit_no_condition_2_1_6,28,14,5417,1700
loop_2056_circuit_no_condition_2_1_6,28,15,5417,1700
loop_2056_circuit_no_condition_2_1_6,28,0,5423,1801
loop_2056_circuit_no_condition_2_1_6,28,1,5427,1801
loop_2056_circuit_no_condition_2_1_6,28,2,5420,1801
loop_2056_circuit_no_condition_2_1_6,28,3,5423,1801
loop_2056_circuit_no_condition_2_1_6,28,4,5423,1801
loop_2056_circuit_no_condition_2_1_6,28,5,5423,1801
loop_2056_circuit_no_condition_2_1_6,28,6,5423,1801
loop_2056_circuit_no_condition_2_1_6,28,7,5424,1801
loop_2056_circuit_no_condition_2_1_6,28,8,5421,1801
loop_2056_circuit_no_condition_2_1_6,28,9,5423,1801
loop_2056_circuit_no_condition_2_1_6,28,10,5421,1801
loop_2056_circuit_no_condition_2_1_6,28,11,5423,1801
loop_2056_circuit_no_condition_2_1_6,28,12,5421,1801
loop_2056_circuit_no_condition_2_1_6,28,13,5423,1801
loop_2056_circuit_no_condition_2_1_6,28,14,5423,1801
loop_2056_circuit_no_condition_2_1_6,28,15,5423,1801
loop_2056_circuit_no_condition_2_1_6,28,0,5419,1901
loop_2056_circuit_no_condition_2_1_6,28,1,5420,1901
loop_2056_circuit_no_condition_2_1_6,28,2,5414,1901
loop_2056_circuit_no_condition_2_1_6,28,3,5387,1901
loop_2056_circuit_no_condition_2_1_6,28,4,5432,1901
loop_2056_circuit_no_condition_2_1_6,28,5,5409,1901
loop_2056_circuit_no_condition_2_1_6,28,6,5416,1901
loop_2056_circuit_no_condition_2_1_6,28,7,5415,1901
loop_2056_circuit_no_condition_2_1_6,28,8,5417,1901
loop_2056_circuit_no_condition_2_1_6,28,9,5415,1901
loop_2056_circuit_no_condition_2_1_6,28,10,5421,1901
loop_2056_circuit_no_condition_2_1_6,28,11,5413,1901
loop_2056_circuit_no_condition_2_1_6,28,12,5415,1901
loop_2056_circuit_no_condition_2_1_6,28,13,5419,1901
loop_2056_circuit_no_condition_2_1_6,28,14,5417,1901
loop_2056_circuit_no_condition_2_1_6,28,15,5415,1901
loop_2056_circuit_no_condition_2_1_6,28,0,5378,2001
loop_2056_circuit_no_condition_2_1_6,28,1,5414,2001
loop_2056_circuit_no_condition_2_1_6,28,2,5417,2001
loop_2056_circuit_no_condition_2_1_6,28,3,5389,2001
loop_2056_circuit_no_condition_2_1_6,28,4,5393,2001
loop_2056_circuit_no_condition_2_1_6,28,5,5395,2001
loop_2056_circuit_no_condition_2_1_6,28,6,5428,2001
loop_2056_circuit_no_condition_2_1_6,28,7,5430,2001
loop_2056_circuit_no_condition_2_1_6,28,8,624,2001
loop_2056_circuit_no_condition_2_1_6,28,9,5398,2001
loop_2056_circuit_no_condition_2_1_6,28,10,5418,2001
loop_2056_circuit_no_condition_2_1_6,28,11,5417,2001
loop_2056_circuit_no_condition_2_1_6,28,12,5415,2001
loop_2056_circuit_no_condition_2_1_6,28,13,5416,2001
loop_2056_circuit_no_condition_2_1_6,28,14,624,2001
loop_2056_circuit_no_condition_2_1_6,28,15,624,2001
loop_2056_circuit_no_condition_2_1_6,29,0,5428,1
loop_2056_circuit_no_condition_2_1_6,29,1,5403,1
loop_2056_circuit_no_condition_2_1_6,29,2,5421,1
loop_2056_circuit_no_condition_2_1_6,29,3,5406,1
loop_2056_circuit_no_condition_2_1_6,29,4,5430,1
loop_2056_circuit_no_condition_2_1_6,29,5,5428,1
loop_2056_circuit_no_condition_2_1_6,29,6,5428,1
loop_2056_circuit_no_condition_2_1_6,29,7,5426,1
loop_2056_circuit_no_condition_2_1_6,29,8,5421,1
loop_2056_circuit_no_condition_2_1_6,29,9,5380,1
loop_2056_circuit_no_condition_2_1_6,29,10,5426,1
loop_2056_circuit_no_condition_2_1_6,29,11,624,1
loop_2056_circuit_no_condition_2_1_6,29,12,5428,1
loop_2056_circuit_no_condition_2_1_6,29,13,5399,1
loop_2056_circuit_no_condition_2_1_6,29,14,624,1
loop_2056_circuit_no_condition_2_1_6,29,15,5441,1
loop_2056_circuit_no_condition_2_1_6,29,0,5420,100
loop_2056_circuit_no_condition_2_1_6,29,1,5413,100
loop_2056_circuit_no_condition_2_1_6,29,2,5431,100
loop_2056_circuit_no_condition_2_1_6,29,3,5395,100
loop_2056_circuit_no_condition_2_1_6,29,4,5425,100
loop_2056_circuit_no_condition_2_1_6,29,5,5390,100
loop_2056_circuit_no_condition_2_1_6,29,6,5355,100
loop_2056_circuit_no_condition_2_1_6,29,7,5385,100
loop_2056_circuit_no_condition_2_1_6,29,8,5349,100
loop_2056_circuit_no_condition_2_1_6,29,9,5426,100
loop_2056_circuit_no_condition_2_1_6,29,10,5373,100
loop_2056_circuit_no_condition_2_1_6,29,11,5365,100
loop_2056_circuit_no_condition_2_1_6,29,12,5411,100
loop_2056_circuit_no_condition_2_1_6,29,13,5372,100
loop_2056_circuit_no_condition_2_1_6,29,14,5425,100
loop_2056_circuit_no_condition_2_1_6,29,15,5430,100
loop_2056_circuit_no_condition_2_1_6,29,0,5417,200
loop_2056_circuit_no_condition_2_1_6,29,1,5354,200
loop_2056_circuit_no_condition_2_1_6,29,2,5427,200
loop_2056_circuit_no_condition_2_1_6,29,3,4633,200
loop_2056_circuit_no_condition_2_1_6,29,4,5427,200
loop_2056_circuit_no_condition_2_1_6,29,5,5350,200
loop_2056_circuit_no_condition_2_1_6,29,6,5355,200
loop_2056_circuit_no_condition_2_1_6,29,7,5399,200
loop_2056_circuit_no_condition_2_1_6,29,8,5421,200
loop_2056_circuit_no_condition_2_1_6,29,9,5421,200
loop_2056_circuit_no_condition_2_1_6,29,10,5360,200
loop_2056_circuit_no_condition_2_1_6,29,11,5374,200
loop_2056_circuit_no_condition_2_1_6,29,12,5408,200
loop_2056_circuit_no_condition_2_1_6,29,13,5421,200
loop_2056_circuit_no_condition_2_1_6,29,14,5388,200
loop_2056_circuit_no_condition_2_1_6,29,15,5370,200
loop_2056_circuit_no_condition_2_1_6,29,0,624,300
loop_2056_circuit_no_condition_2_1_6,29,1,624,300
loop_2056_circuit_no_condition_2_1_6,29,2,5438,300
loop_2056_circuit_no_condition_2_1_6,29,3,624,300
loop_2056_circuit_no_condition_2_1_6,29,4,624,300
loop_2056_circuit_no_condition_2_1_6,29,5,5429,300
loop_2056_circuit_no_condition_2_1_6,29,6,4510,300
loop_2056_circuit_no_condition_2_1_6,29,7,624,300
loop_2056_circuit_no_condition_2_1_6,29,8,5421,300
loop_2056_circuit_no_condition_2_1_6,29,9,624,300
loop_2056_circuit_no_condition_2_1_6,29,10,5442,300
loop_2056_circuit_no_condition_2_1_6,29,11,624,300
loop_2056_circuit_no_condition_2_1_6,29,12,5426,300
loop_2056_circuit_no_condition_2_1_6,29,13,624,300
loop_2056_circuit_no_condition_2_1_6,29,14,624,300
loop_2056_circuit_no_condition_2_1_6,29,15,624,300
loop_2056_circuit_no_condition_2_1_6,29,0,5424,400
loop_2056_circuit_no_condition_2_1_6,29,1,624,400
loop_2056_circuit_no_condition_2_1_6,29,2,5428,400
loop_2056_circuit_no_condition_2_1_6,29,3,3961,400
loop_2056_circuit_no_condition_2_1_6,29,4,624,400
loop_2056_circuit_no_condition_2_1_6,29,5,5429,400
loop_2056_circuit_no_condition_2_1_6,29,6,624,400
loop_2056_circuit_no_condition_2_1_6,29,7,4547,400
loop_2056_circuit_no_condition_2_1_6,29,8,624,400
loop_2056_circuit_no_condition_2_1_6,29,9,624,400
loop_2056_circuit_no_condition_2_1_6,29,10,5403,400
loop_2056_circuit_no_condition_2_1_6,29,11,624,400
loop_2056_circuit_no_condition_2_1_6,29,12,624,400
loop_2056_circuit_no_condition_2_1_6,29,13,624,400
loop_2056_circuit_no_condition_2_1_6,29,14,624,400
loop_2056_circuit_no_condition_2_1_6,29,15,624,400
loop_2056_circuit_no_condition_2_1_6,29,0,5434,500
loop_2056_circuit_no_condition_2_1_6,29,1,624,500
loop_2056_circuit_no_condition_2_1_6,29,2,624,500
loop_2056_circuit_no_condition_2_1_6,29,3,624,500
loop_2056_circuit_no_condition_2_1_6,29,4,624,500
loop_2056_circuit_no_condition_2_1_6,29,5,4757,500
loop_2056_circuit_no_condition_2_1_6,29,6,624,500
loop_2056_circuit_no_condition_2_1_6,29,7,624,500
loop_2056_circuit_no_condition_2_1_6,29,8,624,500
loop_2056_circuit_no_condition_2_1_6,29,9,624,500
loop_2056_circuit_no_condition_2_1_6,29,10,5424,500
loop_2056_circuit_no_condition_2_1_6,29,11,624,500
loop_2056_circuit_no_condition_2_1_6,29,12,5429,500
loop_2056_circuit_no_condition_2_1_6,29,13,624,500
loop_2056_circuit_no_condition_2_1_6,29,14,624,500
loop_2056_circuit_no_condition_2_1_6,29,15,624,500
loop_2056_circuit_no_condition_2_1_6,29,0,5400,600
loop_2056_circuit_no_condition_2_1_6,29,1,5401,600
loop_2056_circuit_no_condition_2_1_6,29,2,5399,600
loop_2056_circuit_no_condition_2_1_6,29,3,5399,600
loop_2056_circuit_no_condition_2_1_6,29,4,5403,600
loop_2056_circuit_no_condition_2_1_6,29,5,5421,600
loop_2056_circuit_no_condition_2_1_6,29,6,5405,600
loop_2056_circuit_no_condition_2_1_6,29,7,5408,600
loop_2056_circuit_no_condition_2_1_6,29,8,5401,600
loop_2056_circuit_no_condition_2_1_6,29,9,5402,600
loop_2056_circuit_no_condition_2_1_6,29,10,5401,600
loop_2056_circuit_no_condition_2_1_6,29,11,5400,600
loop_2056_circuit_no_condition_2_1_6,29,12,5401,600
loop_2056_circuit_no_condition_2_1_6,29,13,5396,600
loop_2056_circuit_no_condition_2_1_6,29,14,5399,600
loop_2056_circuit_no_condition_2_1_6,29,15,5400,600
loop_2056_circuit_no_condition_2_1_6,29,0,5399,701
loop_2056_circuit_no_condition_2_1_6,29,1,5415,701
loop_2056_circuit_no_condition_2_1_6,29,2,5402,701
loop_2056_circuit_no_condition_2_1_6,29,3,5401,701
loop_2056_circuit_no_condition_2_1_6,29,4,5402,701
loop_2056_circuit_no_condition_2_1_6,29,5,5420,701
loop_2056_circuit_no_condition_2_1_6,29,6,5406,701
loop_2056_circuit_no_condition_2_1_6,29,7,5403,701
loop_2056_circuit_no_condition_2_1_6,29,8,5402,701
loop_2056_circuit_no_condition_2_1_6,29,9,5403,701
loop_2056_circuit_no_condition_2_1_6,29,10,5400,701
loop_2056_circuit_no_condition_2_1_6,29,11,5399,701
loop_2056_circuit_no_condition_2_1_6,29,12,5402,701
loop_2056_circuit_no_condition_2_1_6,29,13,5400,701
loop_2056_circuit_no_condition_2_1_6,29,14,5402,701
loop_2056_circuit_no_condition_2_1_6,29,15,5402,701
loop_2056_circuit_no_condition_2_1_6,29,0,5398,800
loop_2056_circuit_no_condition_2_1_6,29,1,5402,800
loop_2056_circuit_no_condition_2_1_6,29,2,5402,800
loop_2056_circuit_no_condition_2_1_6,29,3,5397,800
loop_2056_circuit_no_condition_2_1_6,29,4,5398,800
loop_2056_circuit_no_condition_2_1_6,29,5,5401,800
loop_2056_circuit_no_condition_2_1_6,29,6,5401,800
loop_2056_circuit_no_condition_2_1_6,29,7,5405,800
loop_2056_circuit_no_condition_2_1_6,29,8,5405,800
loop_2056_circuit_no_condition_2_1_6,29,9,5407,800
loop_2056_circuit_no_condition_2_1_6,29,10,5413,800
loop_2056_circuit_no_condition_2_1_6,29,11,5405,800
loop_2056_circuit_no_condition_2_1_6,29,12,5403,800
loop_2056_circuit_no_condition_2_1_6,29,13,5405,800
loop_2056_circuit_no_condition_2_1_6,29,14,5406,800
loop_2056_circuit_no_condition_2_1_6,29,15,5397,800
loop_2056_circuit_no_condition_2_1_6,29,0,5421,900
loop_2056_circuit_no_condition_2_1_6,29,1,5399,900
loop_2056_circuit_no_condition_2_1_6,29,2,5401,900
loop_2056_circuit_no_condition_2_1_6,29,3,5402,900
loop_2056_circuit_no_condition_2_1_6,29,4,5402,900
loop_2056_circuit_no_condition_2_1_6,29,5,5404,900
loop_2056_circuit_no_condition_2_1_6,29,6,5403,900
loop_2056_circuit_no_condition_2_1_6,29,7,5401,900
loop_2056_circuit_no_condition_2_1_6,29,8,5409,900
loop_2056_circuit_no_condition_2_1_6,29,9,5410,900
loop_2056_circuit_no_condition_2_1_6,29,10,5399,900
loop_2056_circuit_no_condition_2_1_6,29,11,5408,900
loop_2056_circuit_no_condition_2_1_6,29,12,5406,900
loop_2056_circuit_no_condition_2_1_6,29,13,5400,900
loop_2056_circuit_no_condition_2_1_6,29,14,5401,900
loop_2056_circuit_no_condition_2_1_6,29,15,5400,900
loop_2056_circuit_no_condition_2_1_6,29,0,5405,1000
loop_2056_circuit_no_condition_2_1_6,29,1,5411,1000
loop_2056_circuit_no_condition_2_1_6,29,2,5402,1000
loop_2056_circuit_no_condition_2_1_6,29,3,5409,1000
loop_2056_circuit_no_condition_2_1_6,29,4,5408,1000
loop_2056_circuit_no_condition_2_1_6,29,5,5407,1000
loop_2056_circuit_no_condition_2_1_6,29,6,5399,1000
loop_2056_circuit_no_condition_2_1_6,29,7,5404,1000
loop_2056_circuit_no_condition_2_1_6,29,8,5406,1000
loop_2056_circuit_no_condition_2_1_6,29,9,5404,1000
loop_2056_circuit_no_condition_2_1_6,29,10,5399,1000
loop_2056_circuit_no_condition_2_1_6,29,11,5404,1000
loop_2056_circuit_no_condition_2_1_6,29,12,5403,1000
loop_2056_circuit_no_condition_2_1_6,29,13,5421,1000
loop_2056_circuit_no_condition_2_1_6,29,14,5399,1000
loop_2056_circuit_no_condition_2_1_6,29,15,5401,1000
loop_2056_circuit_no_condition_2_1_6,29,0,5406,1100
loop_2056_circuit_no_condition_2_1_6,29,1,5402,1100
loop_2056_circuit_no_condition_2_1_6,29,2,5405,1100
loop_2056_circuit_no_condition_2_1_6,29,3,5412,1100
loop_2056_circuit_no_condition_2_1_6,29,4,5417,1100
loop_2056_circuit_no_condition_2_1_6,29,5,5408,1100
loop_2056_circuit_no_condition_2_1_6,29,6,5416,1100
loop_2056_circuit_no_condition_2_1_6,29,7,5405,1100
loop_2056_circuit_no_condition_2_1_6,29,8,5407,1100
loop_2056_circuit_no_condition_2_1_6,29,9,5402,1100
loop_2056_circuit_no_condition_2_1_6,29,10,5424,1100
loop_2056_circuit_no_condition_2_1_6,29,11,5412,1100
loop_2056_circuit_no_condition_2_1_6,29,12,5410,1100
loop_2056_circuit_no_condition_2_1_6,29,13,5409,1100
loop_2056_circuit_no_condition_2_1_6,29,14,5411,1100
loop_2056_circuit_no_condition_2_1_6,29,15,5408,1100
loop_2056_circuit_no_condition_2_1_6,29,0,5403,1200
loop_2056_circuit_no_condition_2_1_6,29,1,5401,1200
loop_2056_circuit_no_condition_2_1_6,29,2,5404,1200
loop_2056_circuit_no_condition_2_1_6,29,3,5420,1200
loop_2056_circuit_no_condition_2_1_6,29,4,5402,1200
loop_2056_circuit_no_condition_2_1_6,29,5,5400,1200
loop_2056_circuit_no_condition_2_1_6,29,6,5406,1200
loop_2056_circuit_no_condition_2_1_6,29,7,5400,1200
loop_2056_circuit_no_condition_2_1_6,29,8,5402,1200
loop_2056_circuit_no_condition_2_1_6,29,9,5402,1200
loop_2056_circuit_no_condition_2_1_6,29,10,5401,1200
loop_2056_circuit_no_condition_2_1_6,29,11,5402,1200
loop_2056_circuit_no_condition_2_1_6,29,12,5403,1200
loop_2056_circuit_no_condition_2_1_6,29,13,5404,1200
loop_2056_circuit_no_condition_2_1_6,29,14,5407,1200
loop_2056_circuit_no_condition_2_1_6,29,15,5399,1200
loop_2056_circuit_no_condition_2_1_6,29,0,5417,1300
loop_2056_circuit_no_condition_2_1_6,29,1,5407,1300
loop_2056_circuit_no_condition_2_1_6,29,2,5402,1300
loop_2056_circuit_no_condition_2_1_6,29,3,5409,1300
loop_2056_circuit_no_condition_2_1_6,29,4,5424,1300
loop_2056_circuit_no_condition_2_1_6,29,5,5402,1300
loop_2056_circuit_no_condition_2_1_6,29,6,5415,1300
loop_2056_circuit_no_condition_2_1_6,29,7,5411,1300
loop_2056_circuit_no_condition_2_1_6,29,8,5402,1300
loop_2056_circuit_no_condition_2_1_6,29,9,5405,1300
loop_2056_circuit_no_condition_2_1_6,29,10,5405,1300
loop_2056_circuit_no_condition_2_1_6,29,11,5408,1300
loop_2056_circuit_no_condition_2_1_6,29,12,5402,1300
loop_2056_circuit_no_condition_2_1_6,29,13,5404,1300
loop_2056_circuit_no_condition_2_1_6,29,14,5415,1300
loop_2056_circuit_no_condition_2_1_6,29,15,5414,1300
loop_2056_circuit_no_condition_2_1_6,29,0,5402,1400
loop_2056_circuit_no_condition_2_1_6,29,1,5404,1400
loop_2056_circuit_no_condition_2_1_6,29,2,5408,1400
loop_2056_circuit_no_condition_2_1_6,29,3,5401,1400
loop_2056_circuit_no_condition_2_1_6,29,4,5401,1400
loop_2056_circuit_no_condition_2_1_6,29,5,5399,1400
loop_2056_circuit_no_condition_2_1_6,29,6,5401,1400
loop_2056_circuit_no_condition_2_1_6,29,7,5397,1400
loop_2056_circuit_no_condition_2_1_6,29,8,5407,1400
loop_2056_circuit_no_condition_2_1_6,29,9,5410,1400
loop_2056_circuit_no_condition_2_1_6,29,10,5409,1400
loop_2056_circuit_no_condition_2_1_6,29,11,5405,1400
loop_2056_circuit_no_condition_2_1_6,29,12,5420,1400
loop_2056_circuit_no_condition_2_1_6,29,13,5404,1400
loop_2056_circuit_no_condition_2_1_6,29,14,5407,1400
loop_2056_circuit_no_condition_2_1_6,29,15,5404,1400
loop_2056_circuit_no_condition_2_1_6,29,0,5410,1500
loop_2056_circuit_no_condition_2_1_6,29,1,5421,1500
loop_2056_circuit_no_condition_2_1_6,29,2,5428,1500
loop_2056_circuit_no_condition_2_1_6,29,3,5412,1500
loop_2056_circuit_no_condition_2_1_6,29,4,5405,1500
loop_2056_circuit_no_condition_2_1_6,29,5,5413,1500
loop_2056_circuit_no_condition_2_1_6,29,6,5423,1500
loop_2056_circuit_no_condition_2_1_6,29,7,5399,1500
loop_2056_circuit_no_condition_2_1_6,29,8,5406,1500
loop_2056_circuit_no_condition_2_1_6,29,9,5394,1500
loop_2056_circuit_no_condition_2_1_6,29,10,5411,1500
loop_2056_circuit_no_condition_2_1_6,29,11,5404,1500
loop_2056_circuit_no_condition_2_1_6,29,12,5408,1500
loop_2056_circuit_no_condition_2_1_6,29,13,5414,1500
loop_2056_circuit_no_condition_2_1_6,29,14,5412,1500
loop_2056_circuit_no_condition_2_1_6,29,15,5431,1500
loop_2056_circuit_no_condition_2_1_6,29,0,5424,1600
loop_2056_circuit_no_condition_2_1_6,29,1,5417,1600
loop_2056_circuit_no_condition_2_1_6,29,2,5383,1600
loop_2056_circuit_no_condition_2_1_6,29,3,5425,1600
loop_2056_circuit_no_condition_2_1_6,29,4,5424,1600
loop_2056_circuit_no_condition_2_1_6,29,5,5426,1600
loop_2056_circuit_no_condition_2_1_6,29,6,5412,1600
loop_2056_circuit_no_condition_2_1_6,29,7,5133,1600
loop_2056_circuit_no_condition_2_1_6,29,8,5410,1600
loop_2056_circuit_no_condition_2_1_6,29,9,624,1600
loop_2056_circuit_no_condition_2_1_6,29,10,5416,1600
loop_2056_circuit_no_condition_2_1_6,29,11,624,1600
loop_2056_circuit_no_condition_2_1_6,29,12,624,1600
loop_2056_circuit_no_condition_2_1_6,29,13,5423,1600
loop_2056_circuit_no_condition_2_1_6,29,14,5404,1600
loop_2056_circuit_no_condition_2_1_6,29,15,5418,1600
loop_2056_circuit_no_condition_2_1_6,30,0,5431,1
loop_2056_circuit_no_condition_2_1_6,30,1,5430,1
loop_2056_circuit_no_condition_2_1_6,30,2,5426,1
loop_2056_circuit_no_condition_2_1_6,30,3,5428,1
loop_2056_circuit_no_condition_2_1_6,30,4,5431,1
loop_2056_circuit_no_condition_2_1_6,30,5,624,1
loop_2056_circuit_no_condition_2_1_6,30,6,5426,1
loop_2056_circuit_no_condition_2_1_6,30,7,5432,1
loop_2056_circuit_no_condition_2_1_6,30,8,5414,1
loop_2056_circuit_no_condition_2_1_6,30,9,5431,1
loop_2056_circuit_no_condition_2_1_6,30,10,624,1
loop_2056_circuit_no_condition_2_1_6,30,11,624,1
loop_2056_circuit_no_condition_2_1_6,30,12,5397,1
loop_2056_circuit_no_condition_2_1_6,30,13,5420,1
loop_2056_circuit_no_condition_2_1_6,30,14,624,1
loop_2056_circuit_no_condition_2_1_6,30,15,624,1
loop_2056_circuit_no_condition_2_1_6,30,0,5378,101
loop_2056_circuit_no_condition_2_1_6,30,1,5416,101
loop_2056_circuit_no_condition_2_1_6,30,2,5357,101
loop_2056_circuit_no_condition_2_1_6,30,3,5418,101
loop_2056_circuit_no_condition_2_1_6,30,4,5413,101
loop_2056_circuit_no_condition_2_1_6,30,5,5425,101
loop_2056_circuit_no_condition_2_1_6,30,6,5415,101
loop_2056_circuit_no_condition_2_1_6,30,7,5407,101
loop_2056_circuit_no_condition_2_1_6,30,8,5410,101
loop_2056_circuit_no_condition_2_1_6,30,9,5343,101
loop_2056_circuit_no_condition_2_1_6,30,10,5353,101
loop_2056_circuit_no_condition_2_1_6,30,11,5421,101
loop_2056_circuit_no_condition_2_1_6,30,12,5406,101
loop_2056_circuit_no_condition_2_1_6,30,13,5361,101
loop_2056_circuit_no_condition_2_1_6,30,14,5411,101
loop_2056_circuit_no_condition_2_1_6,30,15,5415,101
loop_2056_circuit_no_condition_2_1_6,30,0,5414,201
loop_2056_circuit_no_condition_2_1_6,30,1,5425,201
loop_2056_circuit_no_condition_2_1_6,30,2,5426,201
loop_2056_circuit_no_condition_2_1_6,30,3,5416,201
loop_2056_circuit_no_condition_2_1_6,30,4,5412,201
loop_2056_circuit_no_condition_2_1_6,30,5,5429,201
loop_2056_circuit_no_condition_2_1_6,30,6,5405,201
loop_2056_circuit_no_condition_2_1_6,30,7,5412,201
loop_2056_circuit_no_condition_2_1_6,30,8,5418,201
loop_2056_circuit_no_condition_2_1_6,30,9,5423,201
loop_2056_circuit_no_condition_2_1_6,30,10,5328,201
loop_2056_circuit_no_condition_2_1_6,30,11,5428,201
loop_2056_circuit_no_condition_2_1_6,30,12,5392,201
loop_2056_circuit_no_condition_2_1_6,30,13,5401,201
loop_2056_circuit_no_condition_2_1_6,30,14,5426,201
loop_2056_circuit_no_condition_2_1_6,30,15,5412,201
loop_2056_circuit_no_condition_2_1_6,30,0,624,301
loop_2056_circuit_no_condition_2_1_6,30,1,624,301
loop_2056_circuit_no_condition_2_1_6,30,2,624,301
loop_2056_circuit_no_condition_2_1_6,30,3,5432,301
loop_2056_circuit_no_condition_2_1_6,30,4,5427,301
loop_2056_circuit_no_condition_2_1_6,30,5,5425,301
loop_2056_circuit_no_condition_2_1_6,30,6,624,301
loop_2056_circuit_no_condition_2_1_6,30,7,5415,301
loop_2056_circuit_no_condition_2_1_6,30,8,5418,301
loop_2056_circuit_no_condition_2_1_6,30,9,624,301
loop_2056_circuit_no_condition_2_1_6,30,10,624,301
loop_2056_circuit_no_condition_2_1_6,30,11,5103,301
loop_2056_circuit_no_condition_2_1_6,30,12,5425,301
loop_2056_circuit_no_condition_2_1_6,30,13,5425,301
loop_2056_circuit_no_condition_2_1_6,30,14,624,301
loop_2056_circuit_no_condition_2_1_6,30,15,624,301
loop_2056_circuit_no_condition_2_1_6,30,0,624,401
loop_2056_circuit_no_condition_2_1_6,30,1,624,401
loop_2056_circuit_no_condition_2_1_6,30,2,624,401
loop_2056_circuit_no_condition_2_1_6,30,3,624,401
loop_2056_circuit_no_condition_2_1_6,30,4,624,401
loop_2056_circuit_no_condition_2_1_6,30,5,5430,401
loop_2056_circuit_no_condition_2_1_6,30,6,624,401
loop_2056_circuit_no_condition_2_1_6,30,7,624,401
loop_2056_circuit_no_condition_2_1_6,30,8,624,401
loop_2056_circuit_no_condition_2_1_6,30,9,624,401
loop_2056_circuit_no_condition_2_1_6,30,10,624,401
loop_2056_circuit_no_condition_2_1_6,30,11,624,401
loop_2056_circuit_no_condition_2_1_6,30,12,624,401
loop_2056_circuit_no_condition_2_1_6,30,13,5426,401
loop_2056_circuit_no_condition_2_1_6,30,14,624,401
loop_2056_circuit_no_condition_2_1_6,30,15,624,401
loop_2056_circuit_no_condition_2_1_6,30,0,624,501
loop_2056_circuit_no_condition_2_1_6,30,1,624,501
loop_2056_circuit_no_condition_2_1_6,30,2,624,501
loop_2056_circuit_no_condition_2_1_6,30,3,624,501
loop_2056_circuit_no_condition_2_1_6,30,4,4657,501
loop_2056_circuit_no_condition_2_1_6,30,5,5435,501
loop_2056_circuit_no_condition_2_1_6,30,6,624,501
loop_2056_circuit_no_condition_2_1_6,30,7,624,501
loop_2056_circuit_no_condition_2_1_6,30,8,624,501
loop_2056_circuit_no_condition_2_1_6,30,9,624,501
loop_2056_circuit_no_condition_2_1_6,30,10,624,501
loop_2056_circuit_no_condition_2_1_6,30,11,624,501
loop_2056_circuit_no_condition_2_1_6,30,12,624,501
loop_2056_circuit_no_condition_2_1_6,30,13,624,501
loop_2056_circuit_no_condition_2_1_6,30,14,624,501
loop_2056_circuit_no_condition_2_1_6,30,15,624,501
loop_2056_circuit_no_condition_2_1_6,30,0,5406,601
loop_2056_circuit_no_condition_2_1_6,30,1,5411,601
loop_2056_circuit_no_condition_2_1_6,30,2,5414,601
loop_2056_circuit_no_condition_2_1_6,30,3,5409,601
loop_2056_circuit_no_condition_2_1_6,30,4,5407,601
loop_2056_circuit_no_condition_2_1_6,30,5,5407,601
loop_2056_circuit_no_condition_2_1_6,30,6,5407,601
loop_2056_circuit_no_condition_2_1_6,30,7,5408,601
loop_2056_circuit_no_condition_2_1_6,30,8,5410,601
loop_2056_circuit_no_condition_2_1_6,30,9,5414,601
loop_2056_circuit_no_condition_2_1_6,30,10,5415,601
loop_2056_circuit_no_condition_2_1_6,30,11,5414,601
loop_2056_circuit_no_condition_2_1_6,30,12,5409,601
loop_2056_circuit_no_condition_2_1_6,30,13,5426,601
loop_2056_circuit_no_condition_2_1_6,30,14,5407,601
loop_2056_circuit_no_condition_2_1_6,30,15,5411,601
loop_2056_circuit_no_condition_2_1_6,30,0,5423,701
loop_2056_circuit_no_condition_2_1_6,30,1,5410,701
loop_2056_circuit_no_condition_2_1_6,30,2,5403,701
loop_2056_circuit_no_condition_2_1_6,30,3,5406,701
loop_2056_circuit_no_condition_2_1_6,30,4,5403,701
loop_2056_circuit_no_condition_2_1_6,30,5,5403,701
loop_2056_circuit_no_condition_2_1_6,30,6,5402,701
loop_2056_circuit_no_condition_2_1_6,30,7,5401,701
loop_2056_circuit_no_condition_2_1_6,30,8,5404,701
loop_2056_circuit_no_condition_2_1_6,30,9,5408,701
loop_2056_circuit_no_condition_2_1_6,30,10,5403,701
loop_2056_circuit_no_condition_2_1_6,30,11,5408,701
loop_2056_circuit_no_condition_2_1_6,30,12,5401,701
loop_2056_circuit_no_condition_2_1_6,30,13,5403,701
loop_2056_circuit_no_condition_2_1_6,30,14,5401,701
loop_2056_circuit_no_condition_2_1_6,30,15,5402,701
loop_2056_circuit_no_condition_2_1_6,30,0,5404,801
loop_2056_circuit_no_condition_2_1_6,30,1,5408,801
loop_2056_circuit_no_condition_2_1_6,30,2,5407,801
loop_2056_circuit_no_condition_2_1_6,30,3,5413,801
loop_2056_circuit_no_condition_2_1_6,30,4,5405,801
loop_2056_circuit_no_condition_2_1_6,30,5,5425,801
loop_2056_circuit_no_condition_2_1_6,30,6,5405,801
loop_2056_circuit_no_condition_2_1_6,30,7,5408,801
loop_2056_circuit_no_condition_2_1_6,30,8,5409,801
loop_2056_circuit_no_condition_2_1_6,30,9,5408,801
loop_2056_circuit_no_condition_2_1_6,30,10,5406,801
loop_2056_circuit_no_condition_2_1_6,30,11,5404,801
loop_2056_circuit_no_condition_2_1_6,30,12,5407,801
loop_2056_circuit_no_condition_2_1_6,30,13,5408,801
loop_2056_circuit_no_condition_2_1_6,30,14,5405,801
loop_2056_circuit_no_condition_2_1_6,30,15,5406,801
loop_2056_circuit_no_condition_2_1_6,30,0,5399,901
loop_2056_circuit_no_condition_2_1_6,30,1,5399,901
loop_2056_circuit_no_condition_2_1_6,30,2,5396,901
loop_2056_circuit_no_condition_2_1_6,30,3,5401,901
loop_2056_circuit_no_condition_2_1_6,30,4,5400,901
loop_2056_circuit_no_condition_2_1_6,30,5,5419,901
loop_2056_circuit_no_condition_2_1_6,30,6,5398,901
loop_2056_circuit_no_condition_2_1_6,30,7,5402,901
loop_2056_circuit_no_condition_2_1_6,30,8,5395,901
loop_2056_circuit_no_condition_2_1_6,30,9,5408,901
loop_2056_circuit_no_condition_2_1_6,30,10,5401,901
loop_2056_circuit_no_condition_2_1_6,30,11,5398,901
loop_2056_circuit_no_condition_2_1_6,30,12,5402,901
loop_2056_circuit_no_condition_2_1_6,30,13,5398,901
loop_2056_circuit_no_condition_2_1_6,30,14,5398,901
loop_2056_circuit_no_condition_2_1_6,30,15,5402,901
loop_2056_circuit_no_condition_2_1_6,30,0,5401,1002
loop_2056_circuit_no_condition_2_1_6,30,1,5404,1002
loop_2056_circuit_no_condition_2_1_6,30,2,5405,1002
loop_2056_circuit_no_condition_2_1_6,30,3,5402,1002
loop_2056_circuit_no_condition_2_1_6,30,4,5403,1002
loop_2056_circuit_no_condition_2_1_6,30,5,5423,1002
loop_2056_circuit_no_condition_2_1_6,30,6,5403,1002
loop_2056_circuit_no_condition_2_1_6,30,7,5408,1002
loop_2056_circuit_no_condition_2_1_6,30,8,5400,1002
loop_2056_circuit_no_condition_2_1_6,30,9,5408,1002
loop_2056_circuit_no_condition_2_1_6,30,10,5400,1002
loop_2056_circuit_no_condition_2_1_6,30,11,5403,1002
loop_2056_circuit_no_condition_2_1_6,30,12,5402,1002
loop_2056_circuit_no_condition_2_1_6,30,13,5400,1002
loop_2056_circuit_no_condition_2_1_6,30,14,5402,1002
loop_2056_circuit_no_condition_2_1_6,30,15,5413,1002
loop_2056_circuit_no_condition_2_1_6,30,0,5399,1101
loop_2056_circuit_no_condition_2_1_6,30,1,5413,1101
loop_2056_circuit_no_condition_2_1_6,30,2,5405,1101
loop_2056_circuit_no_condition_2_1_6,30,3,5414,1101
loop_2056_circuit_no_condition_2_1_6,30,4,5401,1101
loop_2056_circuit_no_condition_2_1_6,30,5,5403,1101
loop_2056_circuit_no_condition_2_1_6,30,6,5404,1101
loop_2056_circuit_no_condition_2_1_6,30,7,5411,1101
loop_2056_circuit_no_condition_2_1_6,30,8,5403,1101
loop_2056_circuit_no_condition_2_1_6,30,9,5405,1101
loop_2056_circuit_no_condition_2_1_6,30,10,5406,1101
loop_2056_circuit_no_condition_2_1_6,30,11,5410,1101
loop_2056_circuit_no_condition_2_1_6,30,12,5401,1101
loop_2056_circuit_no_condition_2_1_6,30,13,5423,1101
loop_2056_circuit_no_condition_2_1_6,30,14,5405,1101
loop_2056_circuit_no_condition_2_1_6,30,15,5404,1101
loop_2056_circuit_no_condition_2_1_6,30,0,5399,1201
loop_2056_circuit_no_condition_2_1_6,30,1,5405,1201
loop_2056_circuit_no_condition_2_1_6,30,2,5400,1201
loop_2056_circuit_no_condition_2_1_6,30,3,5397,1201
loop_2056_circuit_no_condition_2_1_6,30,4,5421,1201
loop_2056_circuit_no_condition_2_1_6,30,5,5398,1201
loop_2056_circuit_no_condition_2_1_6,30,6,5396,1201
loop_2056_circuit_no_condition_2_1_6,30,7,5398,1201
loop_2056_circuit_no_condition_2_1_6,30,8,5404,1201
loop_2056_circuit_no_condition_2_1_6,30,9,5396,1201
loop_2056_circuit_no_condition_2_1_6,30,10,5403,1201
loop_2056_circuit_no_condition_2_1_6,30,11,5400,1201
loop_2056_circuit_no_condition_2_1_6,30,12,5398,1201
loop_2056_circuit_no_condition_2_1_6,30,13,5396,1201
loop_2056_circuit_no_condition_2_1_6,30,14,5402,1201
loop_2056_circuit_no_condition_2_1_6,30,15,5399,1201
loop_2056_circuit_no_condition_2_1_6,30,0,5406,1301
loop_2056_circuit_no_condition_2_1_6,30,1,5408,1301
loop_2056_circuit_no_condition_2_1_6,30,2,5413,1301
loop_2056_circuit_no_condition_2_1_6,30,3,5402,1301
loop_2056_circuit_no_condition_2_1_6,30,4,5406,1301
loop_2056_circuit_no_condition_2_1_6,30,5,5425,1301
loop_2056_circuit_no_condition_2_1_6,30,6,5407,1301
loop_2056_circuit_no_condition_2_1_6,30,7,5409,1301
loop_2056_circuit_no_condition_2_1_6,30,8,5405,1301
loop_2056_circuit_no_condition_2_1_6,30,9,5406,1301
loop_2056_circuit_no_condition_2_1_6,30,10,5409,1301
loop_2056_circuit_no_condition_2_1_6,30,11,5408,1301
loop_2056_circuit_no_condition_2_1_6,30,12,5406,1301
loop_2056_circuit_no_condition_2_1_6,30,13,5407,1301
loop_2056_circuit_no_condition_2_1_6,30,14,5407,1301
loop_2056_circuit_no_condition_2_1_6,30,15,5405,1301
loop_2056_circuit_no_condition_2_1_6,30,0,5401,1401
loop_2056_circuit_no_condition_2_1_6,30,1,5404,1401
loop_2056_circuit_no_condition_2_1_6,30,2,5409,1401
loop_2056_circuit_no_condition_2_1_6,30,3,5399,1401
loop_2056_circuit_no_condition_2_1_6,30,4,5398,1401
loop_2056_circuit_no_condition_2_1_6,30,5,5421,1401
loop_2056_circuit_no_condition_2_1_6,30,6,5399,1401
loop_2056_circuit_no_condition_2_1_6,30,7,5399,1401
loop_2056_circuit_no_condition_2_1_6,30,8,5399,1401
loop_2056_circuit_no_condition_2_1_6,30,9,5399,1401
loop_2056_circuit_no_condition_2_1_6,30,10,5399,1401
loop_2056_circuit_no_condition_2_1_6,30,11,5403,1401
loop_2056_circuit_no_condition_2_1_6,30,12,5414,1401
loop_2056_circuit_no_condition_2_1_6,30,13,5399,1401
loop_2056_circuit_no_condition_2_1_6,30,14,5403,1401
loop_2056_circuit_no_condition_2_1_6,30,15,5405,1401
loop_2056_circuit_no_condition_2_1_6,30,0,5413,1501
loop_2056_circuit_no_condition_2_1_6,30,1,5399,1501
loop_2056_circuit_no_condition_2_1_6,30,2,5417,1501
loop_2056_circuit_no_condition_2_1_6,30,3,5406,1501
loop_2056_circuit_no_condition_2_1_6,30,4,5408,1501
loop_2056_circuit_no_condition_2_1_6,30,5,5423,1501
loop_2056_circuit_no_condition_2_1_6,30,6,5407,1501
loop_2056_circuit_no_condition_2_1_6,30,7,5434,1501
loop_2056_circuit_no_condition_2_1_6,30,8,5407,1501
loop_2056_circuit_no_condition_2_1_6,30,9,5407,1501
loop_2056_circuit_no_condition_2_1_6,30,10,5407,1501
loop_2056_circuit_no_condition_2_1_6,30,11,5416,1501
loop_2056_circuit_no_condition_2_1_6,30,12,5411,1501
loop_2056_circuit_no_condition_2_1_6,30,13,5426,1501
loop_2056_circuit_no_condition_2_1_6,30,14,5406,1501
loop_2056_circuit_no_condition_2_1_6,30,15,5433,1501
loop_2056_circuit_no_condition_2_1_6,30,0,5417,1601
loop_2056_circuit_no_condition_2_1_6,30,1,5413,1601
loop_2056_circuit_no_condition_2_1_6,30,2,5413,1601
loop_2056_circuit_no_condition_2_1_6,30,3,5423,1601
loop_2056_circuit_no_condition_2_1_6,30,4,5416,1601
loop_2056_circuit_no_condition_2_1_6,30,5,5424,1601
loop_2056_circuit_no_condition_2_1_6,30,6,5422,1601
loop_2056_circuit_no_condition_2_1_6,30,7,5418,1601
loop_2056_circuit_no_condition_2_1_6,30,8,5417,1601
loop_2056_circuit_no_condition_2_1_6,30,9,5416,1601
loop_2056_circuit_no_condition_2_1_6,30,10,5415,1601
loop_2056_circuit_no_condition_2_1_6,30,11,5418,1601
loop_2056_circuit_no_condition_2_1_6,30,12,5424,1601
loop_2056_circuit_no_condition_2_1_6,30,13,5408,1601
loop_2056_circuit_no_condition_2_1_6,30,14,5416,1601
loop_2056_circuit_no_condition_2_1_6,30,15,5412,1601
loop_2056_circuit_no_condition_2_1_6,31,0,5430,1
loop_2056_circuit_no_condition_2_1_6,31,1,5419,1
loop_2056_circuit_no_condition_2_1_6,31,2,5426,1
loop_2056_circuit_no_condition_2_1_6,31,3,624,1
loop_2056_circuit_no_condition_2_1_6,31,4,5429,1
loop_2056_circuit_no_condition_2_1_6,31,5,5429,1
loop_2056_circuit_no_condition_2_1_6,31,6,5429,1
loop_2056_circuit_no_condition_2_1_6,31,7,5373,1
loop_2056_circuit_no_condition_2_1_6,31,8,5423,1
loop_2056_circuit_no_condition_2_1_6,31,9,5417,1
loop_2056_circuit_no_condition_2_1_6,31,10,5443,1
loop_2056_circuit_no_condition_2_1_6,31,11,5428,1
loop_2056_circuit_no_condition_2_1_6,31,12,5401,1
loop_2056_circuit_no_condition_2_1_6,31,13,5420,1
loop_2056_circuit_no_condition_2_1_6,31,14,5423,1
loop_2056_circuit_no_condition_2_1_6,31,15,5417,1
loop_2056_circuit_no_condition_2_1_6,31,0,5418,100
loop_2056_circuit_no_condition_2_1_6,31,1,5424,100
loop_2056_circuit_no_condition_2_1_6,31,2,5419,100
loop_2056_circuit_no_condition_2_1_6,31,3,5380,100
loop_2056_circuit_no_condition_2_1_6,31,4,5403,100
loop_2056_circuit_no_condition_2_1_6,31,5,5431,100
loop_2056_circuit_no_condition_2_1_6,31,6,5429,100
loop_2056_circuit_no_condition_2_1_6,31,7,5418,100
loop_2056_circuit_no_condition_2_1_6,31,8,5344,100
loop_2056_circuit_no_condition_2_1_6,31,9,5403,100
loop_2056_circuit_no_condition_2_1_6,31,10,5385,100
loop_2056_circuit_no_condition_2_1_6,31,11,5401,100
loop_2056_circuit_no_condition_2_1_6,31,12,5371,100
loop_2056_circuit_no_condition_2_1_6,31,13,5410,100
loop_2056_circuit_no_condition_2_1_6,31,14,624,100
loop_2056_circuit_no_condition_2_1_6,31,15,5353,100
loop_2056_circuit_no_condition_2_1_6,31,0,5405,200
loop_2056_circuit_no_condition_2_1_6,31,1,5428,200
loop_2056_circuit_no_condition_2_1_6,31,2,5383,200
loop_2056_circuit_no_condition_2_1_6,31,3,5420,200
loop_2056_circuit_no_condition_2_1_6,31,4,5399,200
loop_2056_circuit_no_condition_2_1_6,31,5,5431,200
loop_2056_circuit_no_condition_2_1_6,31,6,5366,200
loop_2056_circuit_no_condition_2_1_6,31,7,5427,200
loop_2056_circuit_no_condition_2_1_6,31,8,5372,200
loop_2056_circuit_no_condition_2_1_6,31,9,5374,200
loop_2056_circuit_no_condition_2_1_6,31,10,5413,200
loop_2056_circuit_no_condition_2_1_6,31,11,5364,200
loop_2056_circuit_no_condition_2_1_6,31,12,5407,200
loop_2056_circuit_no_condition_2_1_6,31,13,5400,200
loop_2056_circuit_no_condition_2_1_6,31,14,5399,200
loop_2056_circuit_no_condition_2_1_6,31,15,5417,200
loop_2056_circuit_no_condition_2_1_6,31,0,624,300
loop_2056_circuit_no_condition_2_1_6,31,1,624,300
loop_2056_circuit_no_condition_2_1_6,31,2,624,300
loop_2056_circuit_no_condition_2_1_6,31,3,624,300
loop_2056_circuit_no_condition_2_1_6,31,4,4736,300
loop_2056_circuit_no_condition_2_1_6,31,5,5430,300
loop_2056_circuit_no_condition_2_1_6,31,6,624,300
loop_2056_circuit_no_condition_2_1_6,31,7,624,300
loop_2056_circuit_no_condition_2_1_6,31,8,624,300
loop_2056_circuit_no_condition_2_1_6,31,9,624,300
loop_2056_circuit_no_condition_2_1_6,31,10,624,300
loop_2056_circuit_no_condition_2_1_6,31,11,624,300
loop_2056_circuit_no_condition_2_1_6,31,12,624,300
loop_2056_circuit_no_condition_2_1_6,31,13,624,300
loop_2056_circuit_no_condition_2_1_6,31,14,624,300
loop_2056_circuit_no_condition_2_1_6,31,15,624,300
loop_2056_circuit_no_condition_2_1_6,31,0,624,400
loop_2056_circuit_no_condition_2_1_6,31,1,624,400
loop_2056_circuit_no_condition_2_1_6,31,2,624,400
loop_2056_circuit_no_condition_2_1_6,31,3,624,400
loop_2056_circuit_no_condition_2_1_6,31,4,624,400
loop_2056_circuit_no_condition_2_1_6,31,5,5427,400
loop_2056_circuit_no_condition_2_1_6,31,6,624,400
loop_2056_circuit_no_condition_2_1_6,31,7,624,400
loop_2056_circuit_no_condition_2_1_6,31,8,624,400
loop_2056_circuit_no_condition_2_1_6,31,9,624,400
loop_2056_circuit_no_condition_2_1_6,31,10,624,400
loop_2056_circuit_no_condition_2_1_6,31,11,624,400
loop_2056_circuit_no_condition_2_1_6,31,12,624,400
loop_2056_circuit_no_condition_2_1_6,31,13,624,400
loop_2056_circuit_no_condition_2_1_6,31,14,624,400
loop_2056_circuit_no_condition_2_1_6,31,15,624,400
loop_2056_circuit_no_condition_2_1_6,31,0,4362,500
loop_2056_circuit_no_condition_2_1_6,31,1,4665,500
loop_2056_circuit_no_condition_2_1_6,31,2,624,500
loop_2056_circuit_no_condition_2_1_6,31,3,624,500
loop_2056_circuit_no_condition_2_1_6,31,4,624,500
loop_2056_circuit_no_condition_2_1_6,31,5,5432,500
loop_2056_circuit_no_condition_2_1_6,31,6,624,500
loop_2056_circuit_no_condition_2_1_6,31,7,624,500
loop_2056_circuit_no_condition_2_1_6,31,8,624,500
loop_2056_circuit_no_condition_2_1_6,31,9,624,500
loop_2056_circuit_no_condition_2_1_6,31,10,624,500
loop_2056_circuit_no_condition_2_1_6,31,11,624,500
loop_2056_circuit_no_condition_2_1_6,31,12,624,500
loop_2056_circuit_no_condition_2_1_6,31,13,624,500
loop_2056_circuit_no_condition_2_1_6,31,14,624,500
loop_2056_circuit_no_condition_2_1_6,31,15,624,500
loop_2056_circuit_no_condition_2_1_6,31,0,5414,601
loop_2056_circuit_no_condition_2_1_6,31,1,5423,601
loop_2056_circuit_no_condition_2_1_6,31,2,5422,601
loop_2056_circuit_no_condition_2_1_6,31,3,5414,601
loop_2056_circuit_no_condition_2_1_6,31,4,5421,601
loop_2056_circuit_no_condition_2_1_6,31,5,5427,601
loop_2056_circuit_no_condition_2_1_6,31,6,5421,601
loop_2056_circuit_no_condition_2_1_6,31,7,5422,601
loop_2056_circuit_no_condition_2_1_6,31,8,5413,601
loop_2056_circuit_no_condition_2_1_6,31,9,5422,601
loop_2056_circuit_no_condition_2_1_6,31,10,5422,601
loop_2056_circuit_no_condition_2_1_6,31,11,5422,601
loop_2056_circuit_no_condition_2_1_6,31,12,5422,601
loop_2056_circuit_no_condition_2_1_6,31,13,5421,601
loop_2056_circuit_no_condition_2_1_6,31,14,5413,601
loop_2056_circuit_no_condition_2_1_6,31,15,5421,601
loop_2056_circuit_no_condition_2_1_6,31,0,5423,700
loop_2056_circuit_no_condition_2_1_6,31,1,5423,700
loop_2056_circuit_no_condition_2_1_6,31,2,5425,700
loop_2056_circuit_no_condition_2_1_6,31,3,5422,700
loop_2056_circuit_no_condition_2_1_6,31,4,5420,700
loop_2056_circuit_no_condition_2_1_6,31,5,5426,700
loop_2056_circuit_no_condition_2_1_6,31,6,5422,700
loop_2056_circuit_no_condition_2_1_6,31,7,5420,700
loop_2056_circuit_no_condition_2_1_6,31,8,5421,700
loop_2056_circuit_no_condition_2_1_6,31,9,5423,700
loop_2056_circuit_no_condition_2_1_6,31,10,5421,700
loop_2056_circuit_no_condition_2_1_6,31,11,5422,700
loop_2056_circuit_no_condition_2_1_6,31,12,5422,700
loop_2056_circuit_no_condition_2_1_6,31,13,5421,700
loop_2056_circuit_no_condition_2_1_6,31,14,5420,700
loop_2056_circuit_no_condition_2_1_6,31,15,5422,700
loop_2056_circuit_no_condition_2_1_6,31,0,5420,800
loop_2056_circuit_no_condition_2_1_6,31,1,5422,800
loop_2056_circuit_no_condition_2_1_6,31,2,5422,800
loop_2056_circuit_no_condition_2_1_6,31,3,5421,800
loop_2056_circuit_no_condition_2_1_6,31,4,5421,800
loop_2056_circuit_no_condition_2_1_6,31,5,5427,800
loop_2056_circuit_no_condition_2_1_6,31,6,5422,800
loop_2056_circuit_no_condition_2_1_6,31,7,5420,800
loop_2056_circuit_no_condition_2_1_6,31,8,5421,800
loop_2056_circuit_no_condition_2_1_6,31,9,5421,800
loop_2056_circuit_no_condition_2_1_6,31,10,5422,800
loop_2056_circuit_no_condition_2_1_6,31,11,5421,800
loop_2056_circuit_no_condition_2_1_6,31,12,5422,800
loop_2056_circuit_no_condition_2_1_6,31,13,5421,800
loop_2056_circuit_no_condition_2_1_6,31,14,5422,800
loop_2056_circuit_no_condition_2_1_6,31,15,5421,800
loop_2056_circuit_no_condition_2_1_6,31,0,5415,900
loop_2056_circuit_no_condition_2_1_6,31,1,5414,900
loop_2056_circuit_no_condition_2_1_6,31,2,5417,900
loop_2056_circuit_no_condition_2_1_6,31,3,5414,900
loop_2056_circuit_no_condition_2_1_6,31,4,5413,900
loop_2056_circuit_no_condition_2_1_6,31,5,5420,900
loop_2056_circuit_no_condition_2_1_6,31,6,5415,900
loop_2056_circuit_no_condition_2_1_6,31,7,5414,900
loop_2056_circuit_no_condition_2_1_6,31,8,5414,900
loop_2056_circuit_no_condition_2_1_6,31,9,5416,900
loop_2056_circuit_no_condition_2_1_6,31,10,5415,900
loop_2056_circuit_no_condition_2_1_6,31,11,5414,900
loop_2056_circuit_no_condition_2_1_6,31,12,5414,900
loop_2056_circuit_no_condition_2_1_6,31,13,5414,900
loop_2056_circuit_no_condition_2_1_6,31,14,5415,900
loop_2056_circuit_no_condition_2_1_6,31,15,5417,900
loop_2056_circuit_no_condition_2_1_6,31,0,5417,1000
loop_2056_circuit_no_condition_2_1_6,31,1,5417,1000
loop_2056_circuit_no_condition_2_1_6,31,2,5418,1000
loop_2056_circuit_no_condition_2_1_6,31,3,5419,1000
loop_2056_circuit_no_condition_2_1_6,31,4,5418,1000
loop_2056_circuit_no_condition_2_1_6,31,5,5424,1000
loop_2056_circuit_no_condition_2_1_6,31,6,5418,1000
loop_2056_circuit_no_condition_2_1_6,31,7,5418,1000
loop_2056_circuit_no_condition_2_1_6,31,8,5417,1000
loop_2056_circuit_no_condition_2_1_6,31,9,5418,1000
loop_2056_circuit_no_condition_2_1_6,31,10,5418,1000
loop_2056_circuit_no_condition_2_1_6,31,11,5418,1000
loop_2056_circuit_no_condition_2_1_6,31,12,5417,1000
loop_2056_circuit_no_condition_2_1_6,31,13,5417,1000
loop_2056_circuit_no_condition_2_1_6,31,14,5418,1000
loop_2056_circuit_no_condition_2_1_6,31,15,5417,1000
loop_2056_circuit_no_condition_2_1_6,31,0,5412,1101
loop_2056_circuit_no_condition_2_1_6,31,1,5412,1101
loop_2056_circuit_no_condition_2_1_6,31,2,5410,1101
loop_2056_circuit_no_condition_2_1_6,31,3,5411,1101
loop_2056_circuit_no_condition_2_1_6,31,4,5411,1101
loop_2056_circuit_no_condition_2_1_6,31,5,5415,1101
loop_2056_circuit_no_condition_2_1_6,31,6,5410,1101
loop_2056_circuit_no_condition_2_1_6,31,7,5411,1101
loop_2056_circuit_no_condition_2_1_6,31,8,5411,1101
loop_2056_circuit_no_condition_2_1_6,31,9,5410,1101
loop_2056_circuit_no_condition_2_1_6,31,10,5415,1101
loop_2056_circuit_no_condition_2_1_6,31,11,5412,1101
loop_2056_circuit_no_condition_2_1_6,31,12,5410,1101
loop_2056_circuit_no_condition_2_1_6,31,13,5411,1101
loop_2056_circuit_no_condition_2_1_6,31,14,5411,1101
loop_2056_circuit_no_condition_2_1_6,31,15,5411,1101
loop_2056_circuit_no_condition_2_1_6,31,0,5413,1200
loop_2056_circuit_no_condition_2_1_6,31,1,5414,1200
loop_2056_circuit_no_condition_2_1_6,31,2,5414,1200
loop_2056_circuit_no_condition_2_1_6,31,3,5415,1200
loop_2056_circuit_no_condition_2_1_6,31,4,5414,1200
loop_2056_circuit_no_condition_2_1_6,31,5,5420,1200
loop_2056_circuit_no_condition_2_1_6,31,6,5414,1200
loop_2056_circuit_no_condition_2_1_6,31,7,5414,1200
loop_2056_circuit_no_condition_2_1_6,31,8,5414,1200
loop_2056_circuit_no_condition_2_1_6,31,9,5415,1200
loop_2056_circuit_no_condition_2_1_6,31,10,5414,1200
loop_2056_circuit_no_condition_2_1_6,31,11,5415,1200
loop_2056_circuit_no_condition_2_1_6,31,12,5414,1200
loop_2056_circuit_no_condition_2_1_6,31,13,5414,1200
loop_2056_circuit_no_condition_2_1_6,31,14,5414,1200
loop_2056_circuit_no_condition_2_1_6,31,15,5415,1200
loop_2056_circuit_no_condition_2_1_6,31,0,5415,1300
loop_2056_circuit_no_condition_2_1_6,31,1,5417,1300
loop_2056_circuit_no_condition_2_1_6,31,2,5416,1300
loop_2056_circuit_no_condition_2_1_6,31,3,5417,1300
loop_2056_circuit_no_condition_2_1_6,31,4,5416,1300
loop_2056_circuit_no_condition_2_1_6,31,5,5420,1300
loop_2056_circuit_no_condition_2_1_6,31,6,5416,1300
loop_2056_circuit_no_condition_2_1_6,31,7,5416,1300
loop_2056_circuit_no_condition_2_1_6,31,8,5416,1300
loop_2056_circuit_no_condition_2_1_6,31,9,5418,1300
loop_2056_circuit_no_condition_2_1_6,31,10,5416,1300
loop_2056_circuit_no_condition_2_1_6,31,11,5418,1300
loop_2056_circuit_no_condition_2_1_6,31,12,5415,1300
loop_2056_circuit_no_condition_2_1_6,31,13,5416,1300
loop_2056_circuit_no_condition_2_1_6,31,14,5416,1300
loop_2056_circuit_no_condition_2_1_6,31,15,5417,1300
loop_2056_circuit_no_condition_2_1_6,31,0,5413,1400
loop_2056_circuit_no_condition_2_1_6,31,1,5414,1400
loop_2056_circuit_no_condition_2_1_6,31,2,5417,1400
loop_2056_circuit_no_condition_2_1_6,31,3,5414,1400
loop_2056_circuit_no_condition_2_1_6,31,4,5414,1400
loop_2056_circuit_no_condition_2_1_6,31,5,5421,1400
loop_2056_circuit_no_condition_2_1_6,31,6,5413,1400
loop_2056_circuit_no_condition_2_1_6,31,7,5414,1400
loop_2056_circuit_no_condition_2_1_6,31,8,5418,1400
loop_2056_circuit_no_condition_2_1_6,31,9,5414,1400
loop_2056_circuit_no_condition_2_1_6,31,10,5414,1400
loop_2056_circuit_no_condition_2_1_6,31,11,5416,1400
loop_2056_circuit_no_condition_2_1_6,31,12,5414,1400
loop_2056_circuit_no_condition_2_1_6,31,13,5414,1400
loop_2056_circuit_no_condition_2_1_6,31,14,5416,1400
loop_2056_circuit_no_condition_2_1_6,31,15,5414,1400
loop_2056_circuit_no_condition_2_1_6,31,0,5419,1501
loop_2056_circuit_no_condition_2_1_6,31,1,5418,1501
loop_2056_circuit_no_condition_2_1_6,31,2,5419,1501
loop_2056_circuit_no_condition_2_1_6,31,3,5421,1501
loop_2056_circuit_no_condition_2_1_6,31,4,5414,1501
loop_2056_circuit_no_condition_2_1_6,31,5,5426,1501
loop_2056_circuit_no_condition_2_1_6,31,6,5418,1501
loop_2056_circuit_no_condition_2_1_6,31,7,5421,1501
loop_2056_circuit_no_condition_2_1_6,31,8,5420,1501
loop_2056_circuit_no_condition_2_1_6,31,9,5419,1501
loop_2056_circuit_no_condition_2_1_6,31,10,5421,1501
loop_2056_circuit_no_condition_2_1_6,31,11,5419,1501
loop_2056_circuit_no_condition_2_1_6,31,12,5419,1501
loop_2056_circuit_no_condition_2_1_6,31,13,5420,1501
loop_2056_circuit_no_condition_2_1_6,31,14,5419,1501
loop_2056_circuit_no_condition_2_1_6,31,15,5421,1501
loop_2056_circuit_no_condition_2_1_6,31,0,5417,1600
loop_2056_circuit_no_condition_2_1_6,31,1,5416,1600
loop_2056_circuit_no_condition_2_1_6,31,2,5417,1600
loop_2056_circuit_no_condition_2_1_6,31,3,5418,1600
loop_2056_circuit_no_condition_2_1_6,31,4,5422,1600
loop_2056_circuit_no_condition_2_1_6,31,5,5417,1600
loop_2056_circuit_no_condition_2_1_6,31,6,5418,1600
loop_2056_circuit_no_condition_2_1_6,31,7,5416,1600
loop_2056_circuit_no_condition_2_1_6,31,8,5416,1600
loop_2056_circuit_no_condition_2_1_6,31,9,5416,1600
loop_2056_circuit_no_condition_2_1_6,31,10,5416,1600
loop_2056_circuit_no_condition_2_1_6,31,11,5416,1600
loop_2056_circuit_no_condition_2_1_6,31,12,5417,1600
loop_2056_circuit_no_condition_2_1_6,31,13,5416,1600
loop_2056_circuit_no_condition_2_1_6,31,14,5418,1600
loop_2056_circuit_no_condition_2_1_6,31,15,5417,1600
loop_2056_circuit_no_condition_2_1_6,31,0,5418,1700
loop_2056_circuit_no_condition_2_1_6,31,1,5421,1700
loop_2056_circuit_no_condition_2_1_6,31,2,5419,1700
loop_2056_circuit_no_condition_2_1_6,31,3,5419,1700
loop_2056_circuit_no_condition_2_1_6,31,4,5418,1700
loop_2056_circuit_no_condition_2_1_6,31,5,5418,1700
loop_2056_circuit_no_condition_2_1_6,31,6,5420,1700
loop_2056_circuit_no_condition_2_1_6,31,7,5419,1700
loop_2056_circuit_no_condition_2_1_6,31,8,5424,1700
loop_2056_circuit_no_condition_2_1_6,31,9,5418,1700
loop_2056_circuit_no_condition_2_1_6,31,10,5417,1700
loop_2056_circuit_no_condition_2_1_6,31,11,5418,1700
loop_2056_circuit_no_condition_2_1_6,31,12,5419,1700
loop_2056_circuit_no_condition_2_1_6,31,13,5418,1700
loop_2056_circuit_no_condition_2_1_6,31,14,5420,1700
loop_2056_circuit_no_condition_2_1_6,31,15,5421,1700
loop_2056_circuit_no_condition_2_1_6,31,0,5415,1800
loop_2056_circuit_no_condition_2_1_6,31,1,5415,1800
loop_2056_circuit_no_condition_2_1_6,31,2,5416,1800
loop_2056_circuit_no_condition_2_1_6,31,3,5414,1800
loop_2056_circuit_no_condition_2_1_6,31,4,5414,1800
loop_2056_circuit_no_condition_2_1_6,31,5,5418,1800
loop_2056_circuit_no_condition_2_1_6,31,6,5416,1800
loop_2056_circuit_no_condition_2_1_6,31,7,5415,1800
loop_2056_circuit_no_condition_2_1_6,31,8,5414,1800
loop_2056_circuit_no_condition_2_1_6,31,9,5415,1800
loop_2056_circuit_no_condition_2_1_6,31,10,5416,1800
loop_2056_circuit_no_condition_2_1_6,31,11,5413,1800
loop_2056_circuit_no_condition_2_1_6,31,12,5414,1800
loop_2056_circuit_no_condition_2_1_6,31,13,5414,1800
loop_2056_circuit_no_condition_2_1_6,31,14,5414,1800
loop_2056_circuit_no_condition_2_1_6,31,15,5416,1800
loop_2056_circuit_no_condition_2_1_6,31,0,5412,1901
loop_2056_circuit_no_condition_2_1_6,31,1,5428,1901
loop_2056_circuit_no_condition_2_1_6,31,2,5423,1901
loop_2056_circuit_no_condition_2_1_6,31,3,5410,1901
loop_2056_circuit_no_condition_2_1_6,31,4,5430,1901
loop_2056_circuit_no_condition_2_1_6,31,5,5421,1901
loop_2056_circuit_no_condition_2_1_6,31,6,5430,1901
loop_2056_circuit_no_condition_2_1_6,31,7,5410,1901
loop_2056_circuit_no_condition_2_1_6,31,8,5421,1901
loop_2056_circuit_no_condition_2_1_6,31,9,5422,1901
loop_2056_circuit_no_condition_2_1_6,31,10,5411,1901
loop_2056_circuit_no_condition_2_1_6,31,11,5408,1901
loop_2056_circuit_no_condition_2_1_6,31,12,5416,1901
loop_2056_circuit_no_condition_2_1_6,31,13,5411,1901
loop_2056_circuit_no_condition_2_1_6,31,14,5382,1901
loop_2056_circuit_no_condition_2_1_6,31,15,5408,1901
loop_2056_circuit_no_condition_2_1_6,31,0,5423,2000
loop_2056_circuit_no_condition_2_1_6,31,1,5422,2000
loop_2056_circuit_no_condition_2_1_6,31,2,5353,2000
loop_2056_circuit_no_condition_2_1_6,31,3,5357,2000
loop_2056_circuit_no_condition_2_1_6,31,4,5424,2000
loop_2056_circuit_no_condition_2_1_6,31,5,5421,2000
loop_2056_circuit_no_condition_2_1_6,31,6,5420,2000
loop_2056_circuit_no_condition_2_1_6,31,7,5365,2000
loop_2056_circuit_no_condition_2_1_6,31,8,5425,2000
loop_2056_circuit_no_condition_2_1_6,31,9,5361,2000
loop_2056_circuit_no_condition_2_1_6,31,10,5425,2000
loop_2056_circuit_no_condition_2_1_6,31,11,5426,2000
loop_2056_circuit_no_condition_2_1_6,31,12,5364,2000
loop_2056_circuit_no_condition_2_1_6,31,13,5375,2000
loop_2056_circuit_no_condition_2_1_6,31,14,5391,2000
loop_2056_circuit_no_condition_2_1_6,31,15,5413,2000
loop_2056_circuit_no_condition_2_1_6,32,0,5432,1
loop_2056_circuit_no_condition_2_1_6,32,1,5421,1
loop_2056_circuit_no_condition_2_1_6,32,2,5429,1
loop_2056_circuit_no_condition_2_1_6,32,3,5422,1
loop_2056_circuit_no_condition_2_1_6,32,4,5429,1
loop_2056_circuit_no_condition_2_1_6,32,5,5425,1
loop_2056_circuit_no_condition_2_1_6,32,6,624,1
loop_2056_circuit_no_condition_2_1_6,32,7,5433,1
loop_2056_circuit_no_condition_2_1_6,32,8,5425,1
loop_2056_circuit_no_condition_2_1_6,32,9,5421,1
loop_2056_circuit_no_condition_2_1_6,32,10,5420,1
loop_2056_circuit_no_condition_2_1_6,32,11,5430,1
loop_2056_circuit_no_condition_2_1_6,32,12,5421,1
loop_2056_circuit_no_condition_2_1_6,32,13,624,1
loop_2056_circuit_no_condition_2_1_6,32,14,5430,1
loop_2056_circuit_no_condition_2_1_6,32,15,5422,1
loop_2056_circuit_no_condition_2_1_6,32,0,5409,101
loop_2056_circuit_no_condition_2_1_6,32,1,5431,101
loop_2056_circuit_no_condition_2_1_6,32,2,5343,101
loop_2056_circuit_no_condition_2_1_6,32,3,5376,101
loop_2056_circuit_no_condition_2_1_6,32,4,5433,101
loop_2056_circuit_no_condition_2_1_6,32,5,5397,101
loop_2056_circuit_no_condition_2_1_6,32,6,5410,101
loop_2056_circuit_no_condition_2_1_6,32,7,5401,101
loop_2056_circuit_no_condition_2_1_6,32,8,5362,101
loop_2056_circuit_no_condition_2_1_6,32,9,5415,101
loop_2056_circuit_no_condition_2_1_6,32,10,5388,101
loop_2056_circuit_no_condition_2_1_6,32,11,624,101
loop_2056_circuit_no_condition_2_1_6,32,12,5409,101
loop_2056_circuit_no_condition_2_1_6,32,13,5407,101
loop_2056_circuit_no_condition_2_1_6,32,14,5362,101
loop_2056_circuit_no_condition_2_1_6,32,15,5419,101
loop_2056_circuit_no_condition_2_1_6,32,0,5387,201
loop_2056_circuit_no_condition_2_1_6,32,1,5354,201
loop_2056_circuit_no_condition_2_1_6,32,2,5436,201
loop_2056_circuit_no_condition_2_1_6,32,3,5418,201
loop_2056_circuit_no_condition_2_1_6,32,4,5430,201
loop_2056_circuit_no_condition_2_1_6,32,5,5394,201
loop_2056_circuit_no_condition_2_1_6,32,6,5427,201
loop_2056_circuit_no_condition_2_1_6,32,7,5427,201
loop_2056_circuit_no_condition_2_1_6,32,8,5385,201
loop_2056_circuit_no_condition_2_1_6,32,9,5424,201
loop_2056_circuit_no_condition_2_1_6,32,10,5394,201
loop_2056_circuit_no_condition_2_1_6,32,11,5397,201
loop_2056_circuit_no_condition_2_1_6,32,12,5425,201
loop_2056_circuit_no_condition_2_1_6,32,13,5378,201
loop_2056_circuit_no_condition_2_1_6,32,14,5409,201
loop_2056_circuit_no_condition_2_1_6,32,15,5432,201
loop_2056_circuit_no_condition_2_1_6,32,0,624,301
loop_2056_circuit_no_condition_2_1_6,32,1,624,301
loop_2056_circuit_no_condition_2_1_6,32,2,624,301
loop_2056_circuit_no_condition_2_1_6,32,3,624,301
loop_2056_circuit_no_condition_2_1_6,32,4,624,301
loop_2056_circuit_no_condition_2_1_6,32,5,5430,301
loop_2056_circuit_no_condition_2_1_6,32,6,624,301
loop_2056_circuit_no_condition_2_1_6,32,7,624,301
loop_2056_circuit_no_condition_2_1_6,32,8,624,301
loop_2056_circuit_no_condition_2_1_6,32,9,624,301
loop_2056_circuit_no_condition_2_1_6,32,10,624,301
loop_2056_circuit_no_condition_2_1_6,32,11,624,301
loop_2056_circuit_no_condition_2_1_6,32,12,624,301
loop_2056_circuit_no_condition_2_1_6,32,13,624,301
loop_2056_circuit_no_condition_2_1_6,32,14,624,301
loop_2056_circuit_no_condition_2_1_6,32,15,624,301
loop_2056_circuit_no_condition_2_1_6,32,0,624,401
loop_2056_circuit_no_condition_2_1_6,32,1,624,401
loop_2056_circuit_no_condition_2_1_6,32,2,624,401
loop_2056_circuit_no_condition_2_1_6,32,3,624,401
loop_2056_circuit_no_condition_2_1_6,32,4,624,401
loop_2056_circuit_no_condition_2_1_6,32,5,5433,401
loop_2056_circuit_no_condition_2_1_6,32,6,624,401
loop_2056_circuit_no_condition_2_1_6,32,7,624,401
loop_2056_circuit_no_condition_2_1_6,32,8,624,401
loop_2056_circuit_no_condition_2_1_6,32,9,624,401
loop_2056_circuit_no_condition_2_1_6,32,10,624,401
loop_2056_circuit_no_condition_2_1_6,32,11,624,401
loop_2056_circuit_no_condition_2_1_6,32,12,624,401
loop_2056_circuit_no_condition_2_1_6,32,13,624,401
loop_2056_circuit_no_condition_2_1_6,32,14,624,401
loop_2056_circuit_no_condition_2_1_6,32,15,624,401
loop_2056_circuit_no_condition_2_1_6,32,0,624,501
loop_2056_circuit_no_condition_2_1_6,32,1,4743,501
loop_2056_circuit_no_condition_2_1_6,32,2,624,501
loop_2056_circuit_no_condition_2_1_6,32,3,624,501
loop_2056_circuit_no_condition_2_1_6,32,4,624,501
loop_2056_circuit_no_condition_2_1_6,32,5,5428,501
loop_2056_circuit_no_condition_2_1_6,32,6,624,501
loop_2056_circuit_no_condition_2_1_6,32,7,624,501
loop_2056_circuit_no_condition_2_1_6,32,8,624,501
loop_2056_circuit_no_condition_2_1_6,32,9,624,501
loop_2056_circuit_no_condition_2_1_6,32,10,624,501
loop_2056_circuit_no_condition_2_1_6,32,11,624,501
loop_2056_circuit_no_condition_2_1_6,32,12,624,501
loop_2056_circuit_no_condition_2_1_6,32,13,624,501
loop_2056_circuit_no_condition_2_1_6,32,14,624,501
loop_2056_circuit_no_condition_2_1_6,32,15,624,501
loop_2056_circuit_no_condition_2_1_6,32,0,5407,601
loop_2056_circuit_no_condition_2_1_6,32,1,5415,601
loop_2056_circuit_no_condition_2_1_6,32,2,5415,601
loop_2056_circuit_no_condition_2_1_6,32,3,5408,601
loop_2056_circuit_no_condition_2_1_6,32,4,5409,601
loop_2056_circuit_no_condition_2_1_6,32,5,5429,601
loop_2056_circuit_no_condition_2_1_6,32,6,5411,601
loop_2056_circuit_no_condition_2_1_6,32,7,5407,601
loop_2056_circuit_no_condition_2_1_6,32,8,5409,601
loop_2056_circuit_no_condition_2_1_6,32,9,5411,601
loop_2056_circuit_no_condition_2_1_6,32,10,5412,601
loop_2056_circuit_no_condition_2_1_6,32,11,5415,601
loop_2056_circuit_no_condition_2_1_6,32,12,5408,601
loop_2056_circuit_no_condition_2_1_6,32,13,5413,601
loop_2056_circuit_no_condition_2_1_6,32,14,5412,601
loop_2056_circuit_no_condition_2_1_6,32,15,5410,601
loop_2056_circuit_no_condition_2_1_6,32,0,5402,701
loop_2056_circuit_no_condition_2_1_6,32,1,5402,701
loop_2056_circuit_no_condition_2_1_6,32,2,5407,701
loop_2056_circuit_no_condition_2_1_6,32,3,5407,701
loop_2056_circuit_no_condition_2_1_6,32,4,5402,701
loop_2056_circuit_no_condition_2_1_6,32,5,5423,701
loop_2056_circuit_no_condition_2_1_6,32,6,5402,701
loop_2056_circuit_no_condition_2_1_6,32,7,5407,701
loop_2056_circuit_no_condition_2_1_6,32,8,5404,701
loop_2056_circuit_no_condition_2_1_6,32,9,5409,701
loop_2056_circuit_no_condition_2_1_6,32,10,5414,701
loop_2056_circuit_no_condition_2_1_6,32,11,5405,701
loop_2056_circuit_no_condition_2_1_6,32,12,5402,701
loop_2056_circuit_no_condition_2_1_6,32,13,5402,701
loop_2056_circuit_no_condition_2_1_6,32,14,5409,701
loop_2056_circuit_no_condition_2_1_6,32,15,5402,701
loop_2056_circuit_no_condition_2_1_6,32,0,5394,801
loop_2056_circuit_no_condition_2_1_6,32,1,5395,801
loop_2056_circuit_no_condition_2_1_6,32,2,5412,801
loop_2056_circuit_no_condition_2_1_6,32,3,5396,801
loop_2056_circuit_no_condition_2_1_6,32,4,5418,801
loop_2056_circuit_no_condition_2_1_6,32,5,5395,801
loop_2056_circuit_no_condition_2_1_6,32,6,5408,801
loop_2056_circuit_no_condition_2_1_6,32,7,5393,801
loop_2056_circuit_no_condition_2_1_6,32,8,5395,801
loop_2056_circuit_no_condition_2_1_6,32,9,5395,801
loop_2056_circuit_no_condition_2_1_6,32,10,5404,801
loop_2056_circuit_no_condition_2_1_6,32,11,5394,801
loop_2056_circuit_no_condition_2_1_6,32,12,5395,801
loop_2056_circuit_no_condition_2_1_6,32,13,5396,801
loop_2056_circuit_no_condition_2_1_6,32,14,5399,801
loop_2056_circuit_no_condition_2_1_6,32,15,5400,801
loop_2056_circuit_no_condition_2_1_6,32,0,5408,900
loop_2056_circuit_no_condition_2_1_6,32,1,5402,900
loop_2056_circuit_no_condition_2_1_6,32,2,5403,900
loop_2056_circuit_no_condition_2_1_6,32,3,5399,900
loop_2056_circuit_no_condition_2_1_6,32,4,5403,900
loop_2056_circuit_no_condition_2_1_6,32,5,5422,900
loop_2056_circuit_no_condition_2_1_6,32,6,5402,900
loop_2056_circuit_no_condition_2_1_6,32,7,5404,900
loop_2056_circuit_no_condition_2_1_6,32,8,5407,900
loop_2056_circuit_no_condition_2_1_6,32,9,5399,900
loop_2056_circuit_no_condition_2_1_6,32,10,5402,900
loop_2056_circuit_no_condition_2_1_6,32,11,5407,900
loop_2056_circuit_no_condition_2_1_6,32,12,5401,900
loop_2056_circuit_no_condition_2_1_6,32,13,5403,900
loop_2056_circuit_no_condition_2_1_6,32,14,5403,900
loop_2056_circuit_no_condition_2_1_6,32,15,5401,900
loop_2056_circuit_no_condition_2_1_6,32,0,5408,1001
loop_2056_circuit_no_condition_2_1_6,32,1,5405,1001
loop_2056_circuit_no_condition_2_1_6,32,2,5410,1001
loop_2056_circuit_no_condition_2_1_6,32,3,5403,1001
loop_2056_circuit_no_condition_2_1_6,32,4,5425,1001
loop_2056_circuit_no_condition_2_1_6,32,5,5409,1001
loop_2056_circuit_no_condition_2_1_6,32,6,5404,1001
loop_2056_circuit_no_condition_2_1_6,32,7,5405,1001
loop_2056_circuit_no_condition_2_1_6,32,8,5412,1001
loop_2056_circuit_no_condition_2_1_6,32,9,5403,1001
loop_2056_circuit_no_condition_2_1_6,32,10,5406,1001
loop_2056_circuit_no_condition_2_1_6,32,11,5416,1001
loop_2056_circuit_no_condition_2_1_6,32,12,5408,1001
loop_2056_circuit_no_condition_2_1_6,32,13,5406,1001
loop_2056_circuit_no_condition_2_1_6,32,14,5406,1001
loop_2056_circuit_no_condition_2_1_6,32,15,5406,1001
loop_2056_circuit_no_condition_2_1_6,32,0,5410,1101
loop_2056_circuit_no_condition_2_1_6,32,1,5401,1101
loop_2056_circuit_no_condition_2_1_6,32,2,5394,1101
loop_2056_circuit_no_condition_2_1_6,32,3,5396,1101
loop_2056_circuit_no_condition_2_1_6,32,4,5406,1101
loop_2056_circuit_no_condition_2_1_6,32,5,5417,1101
loop_2056_circuit_no_condition_2_1_6,32,6,5399,1101
loop_2056_circuit_no_condition_2_1_6,32,7,5395,1101
loop_2056_circuit_no_condition_2_1_6,32,8,5405,1101
loop_2056_circuit_no_condition_2_1_6,32,9,5394,1101
loop_2056_circuit_no_condition_2_1_6,32,10,5394,1101
loop_2056_circuit_no_condition_2_1_6,32,11,5404,1101
loop_2056_circuit_no_condition_2_1_6,32,12,5400,1101
loop_2056_circuit_no_condition_2_1_6,32,13,5396,1101
loop_2056_circuit_no_condition_2_1_6,32,14,5393,1101
loop_2056_circuit_no_condition_2_1_6,32,15,5398,1101
loop_2056_circuit_no_condition_2_1_6,32,0,5403,1201
loop_2056_circuit_no_condition_2_1_6,32,1,5402,1201
loop_2056_circuit_no_condition_2_1_6,32,2,5410,1201
loop_2056_circuit_no_condition_2_1_6,32,3,5406,1201
loop_2056_circuit_no_condition_2_1_6,32,4,5423,1201
loop_2056_circuit_no_condition_2_1_6,32,5,5401,1201
loop_2056_circuit_no_condition_2_1_6,32,6,5407,1201
loop_2056_circuit_no_condition_2_1_6,32,7,5402,1201
loop_2056_circuit_no_condition_2_1_6,32,8,5403,1201
loop_2056_circuit_no_condition_2_1_6,32,9,5405,1201
loop_2056_circuit_no_condition_2_1_6,32,10,5411,1201
loop_2056_circuit_no_condition_2_1_6,32,11,5407,1201
loop_2056_circuit_no_condition_2_1_6,32,12,5412,1201
loop_2056_circuit_no_condition_2_1_6,32,13,5407,1201
loop_2056_circuit_no_condition_2_1_6,32,14,5410,1201
loop_2056_circuit_no_condition_2_1_6,32,15,5401,1201
loop_2056_circuit_no_condition_2_1_6,32,0,5409,1301
loop_2056_circuit_no_condition_2_1_6,32,1,5400,1301
loop_2056_circuit_no_condition_2_1_6,32,2,5415,1301
loop_2056_circuit_no_condition_2_1_6,32,3,5402,1301
loop_2056_circuit_no_condition_2_1_6,32,4,5414,1301
loop_2056_circuit_no_condition_2_1_6,32,5,5423,1301
loop_2056_circuit_no_condition_2_1_6,32,6,5405,1301
loop_2056_circuit_no_condition_2_1_6,32,7,5401,1301
loop_2056_circuit_no_condition_2_1_6,32,8,5400,1301
loop_2056_circuit_no_condition_2_1_6,32,9,5401,1301
loop_2056_circuit_no_condition_2_1_6,32,10,5401,1301
loop_2056_circuit_no_condition_2_1_6,32,11,5402,1301
loop_2056_circuit_no_condition_2_1_6,32,12,5402,1301
loop_2056_circuit_no_condition_2_1_6,32,13,5412,1301
loop_2056_circuit_no_condition_2_1_6,32,14,5405,1301
loop_2056_circuit_no_condition_2_1_6,32,15,5400,1301
loop_2056_circuit_no_condition_2_1_6,32,0,5398,1401
loop_2056_circuit_no_condition_2_1_6,32,1,5408,1401
loop_2056_circuit_no_condition_2_1_6,32,2,5402,1401
loop_2056_circuit_no_condition_2_1_6,32,3,5411,1401
loop_2056_circuit_no_condition_2_1_6,32,4,5410,1401
loop_2056_circuit_no_condition_2_1_6,32,5,5421,1401
loop_2056_circuit_no_condition_2_1_6,32,6,5405,1401
loop_2056_circuit_no_condition_2_1_6,32,7,5401,1401
loop_2056_circuit_no_condition_2_1_6,32,8,5399,1401
loop_2056_circuit_no_condition_2_1_6,32,9,5413,1401
loop_2056_circuit_no_condition_2_1_6,32,10,5396,1401
loop_2056_circuit_no_condition_2_1_6,32,11,5401,1401
loop_2056_circuit_no_condition_2_1_6,32,12,5403,1401
loop_2056_circuit_no_condition_2_1_6,32,13,5397,1401
loop_2056_circuit_no_condition_2_1_6,32,14,5412,1401
loop_2056_circuit_no_condition_2_1_6,32,15,5398,1401
loop_2056_circuit_no_condition_2_1_6,32,0,5398,1501
loop_2056_circuit_no_condition_2_1_6,32,1,5402,1501
loop_2056_circuit_no_condition_2_1_6,32,2,5399,1501
loop_2056_circuit_no_condition_2_1_6,32,3,5407,1501
loop_2056_circuit_no_condition_2_1_6,32,4,5421,1501
loop_2056_circuit_no_condition_2_1_6,32,5,5404,1501
loop_2056_circuit_no_condition_2_1_6,32,6,5406,1501
loop_2056_circuit_no_condition_2_1_6,32,7,5406,1501
loop_2056_circuit_no_condition_2_1_6,32,8,5403,1501
loop_2056_circuit_no_condition_2_1_6,32,9,5405,1501
loop_2056_circuit_no_condition_2_1_6,32,10,5400,1501
loop_2056_circuit_no_condition_2_1_6,32,11,5400,1501
loop_2056_circuit_no_condition_2_1_6,32,12,5401,1501
loop_2056_circuit_no_condition_2_1_6,32,13,5408,1501
loop_2056_circuit_no_condition_2_1_6,32,14,5409,1501
loop_2056_circuit_no_condition_2_1_6,32,15,5402,1501
loop_2056_circuit_no_condition_2_1_6,32,0,5416,1601
loop_2056_circuit_no_condition_2_1_6,32,1,5416,1601
loop_2056_circuit_no_condition_2_1_6,32,2,5400,1601
loop_2056_circuit_no_condition_2_1_6,32,3,5401,1601
loop_2056_circuit_no_condition_2_1_6,32,4,5414,1601
loop_2056_circuit_no_condition_2_1_6,32,5,5413,1601
loop_2056_circuit_no_condition_2_1_6,32,6,5408,1601
loop_2056_circuit_no_condition_2_1_6,32,7,5417,1601
loop_2056_circuit_no_condition_2_1_6,32,8,5302,1601
loop_2056_circuit_no_condition_2_1_6,32,9,5340,1601
loop_2056_circuit_no_condition_2_1_6,32,10,5417,1601
loop_2056_circuit_no_condition_2_1_6,32,11,5327,1601
loop_2056_circuit_no_condition_2_1_6,32,12,5418,1601
loop_2056_circuit_no_condition_2_1_6,32,13,5411,1601
loop_2056_circuit_no_condition_2_1_6,32,14,5412,1601
loop_2056_circuit_no_condition_2_1_6,32,15,5369,1601
loop_2056_circuit_no_condition_2_1_6,33,0,5431,1
loop_2056_circuit_no_condition_2_1_6,33,1,624,1
loop_2056_circuit_no_condition_2_1_6,33,2,624,1
loop_2056_circuit_no_condition_2_1_6,33,3,5417,1
loop_2056_circuit_no_condition_2_1_6,33,4,5411,1
loop_2056_circuit_no_condition_2_1_6,33,5,5429,1
loop_2056_circuit_no_condition_2_1_6,33,6,5429,1
loop_2056_circuit_no_condition_2_1_6,33,7,5427,1
loop_2056_circuit_no_condition_2_1_6,33,8,5431,1
loop_2056_circuit_no_condition_2_1_6,33,9,5420,1
loop_2056_circuit_no_condition_2_1_6,33,10,4265,1
loop_2056_circuit_no_condition_2_1_6,33,11,624,1
loop_2056_circuit_no_condition_2_1_6,33,12,5424,1
loop_2056_circuit_no_condition_2_1_6,33,13,5422,1
loop_2056_circuit_no_condition_2_1_6,33,14,4986,1
loop_2056_circuit_no_condition_2_1_6,33,15,5425,1
loop_2056_circuit_no_condition_2_1_6,33,0,5403,101
loop_2056_circuit_no_condition_2_1_6,33,1,5422,101
loop_2056_circuit_no_condition_2_1_6,33,2,5369,101
loop_2056_circuit_no_condition_2_1_6,33,3,5398,101
loop_2056_circuit_no_condition_2_1_6,33,4,5412,101
loop_2056_circuit_no_condition_2_1_6,33,5,5431,101
loop_2056_circuit_no_condition_2_1_6,33,6,5392,101
loop_2056_circuit_no_condition_2_1_6,33,7,5389,101
loop_2056_circuit_no_condition_2_1_6,33,8,5392,101
loop_2056_circuit_no_condition_2_1_6,33,9,5410,101
loop_2056_circuit_no_condition_2_1_6,33,10,5365,101
loop_2056_circuit_no_condition_2_1_6,33,11,5370,101
loop_2056_circuit_no_condition_2_1_6,33,12,5378,101
loop_2056_circuit_no_condition_2_1_6,33,13,5379,101
loop_2056_circuit_no_condition_2_1_6,33,14,5398,101
loop_2056_circuit_no_condition_2_1_6,33,15,5395,101
loop_2056_circuit_no_condition_2_1_6,33,0,5428,200
loop_2056_circuit_no_condition_2_1_6,33,1,5424,200
loop_2056_circuit_no_condition_2_1_6,33,2,5424,200
loop_2056_circuit_no_condition_2_1_6,33,3,5422,200
loop_2056_circuit_no_condition_2_1_6,33,4,5427,200
loop_2056_circuit_no_condition_2_1_6,33,5,5425,200
loop_2056_circuit_no_condition_2_1_6,33,6,5364,200
loop_2056_circuit_no_condition_2_1_6,33,7,5419,200
loop_2056_circuit_no_condition_2_1_6,33,8,5418,200
loop_2056_circuit_no_condition_2_1_6,33,9,5413,200
loop_2056_circuit_no_condition_2_1_6,33,10,5419,200
loop_2056_circuit_no_condition_2_1_6,33,11,5374,200
loop_2056_circuit_no_condition_2_1_6,33,12,5427,200
loop_2056_circuit_no_condition_2_1_6,33,13,5367,200
loop_2056_circuit_no_condition_2_1_6,33,14,5415,200
loop_2056_circuit_no_condition_2_1_6,33,15,5407,200
loop_2056_circuit_no_condition_2_1_6,33,0,624,300
loop_2056_circuit_no_condition_2_1_6,33,1,624,300
loop_2056_circuit_no_condition_2_1_6,33,2,624,300
loop_2056_circuit_no_condition_2_1_6,33,3,624,300
loop_2056_circuit_no_condition_2_1_6,33,4,2707,300
loop_2056_circuit_no_condition_2_1_6,33,5,5424,300
loop_2056_circuit_no_condition_2_1_6,33,6,624,300
loop_2056_circuit_no_condition_2_1_6,33,7,5046,300
loop_2056_circuit_no_condition_2_1_6,33,8,624,300
loop_2056_circuit_no_condition_2_1_6,33,9,624,300
loop_2056_circuit_no_condition_2_1_6,33,10,624,300
loop_2056_circuit_no_condition_2_1_6,33,11,624,300
loop_2056_circuit_no_condition_2_1_6,33,12,624,300
loop_2056_circuit_no_condition_2_1_6,33,13,624,300
loop_2056_circuit_no_condition_2_1_6,33,14,624,300
loop_2056_circuit_no_condition_2_1_6,33,15,624,300
loop_2056_circuit_no_condition_2_1_6,33,0,624,400
loop_2056_circuit_no_condition_2_1_6,33,1,624,400
loop_2056_circuit_no_condition_2_1_6,33,2,624,400
loop_2056_circuit_no_condition_2_1_6,33,3,4610,400
loop_2056_circuit_no_condition_2_1_6,33,4,2812,400
loop_2056_circuit_no_condition_2_1_6,33,5,5428,400
loop_2056_circuit_no_condition_2_1_6,33,6,624,400
loop_2056_circuit_no_condition_2_1_6,33,7,624,400
loop_2056_circuit_no_condition_2_1_6,33,8,624,400
loop_2056_circuit_no_condition_2_1_6,33,9,624,400
loop_2056_circuit_no_condition_2_1_6,33,10,624,400
loop_2056_circuit_no_condition_2_1_6,33,11,624,400
loop_2056_circuit_no_condition_2_1_6,33,12,624,400
loop_2056_circuit_no_condition_2_1_6,33,13,624,400
loop_2056_circuit_no_condition_2_1_6,33,14,624,400
loop_2056_circuit_no_condition_2_1_6,33,15,5270,400
loop_2056_circuit_no_condition_2_1_6,33,0,624,501
loop_2056_circuit_no_condition_2_1_6,33,1,624,501
loop_2056_circuit_no_condition_2_1_6,33,2,624,501
loop_2056_circuit_no_condition_2_1_6,33,3,624,501
loop_2056_circuit_no_condition_2_1_6,33,4,5427,501
loop_2056_circuit_no_condition_2_1_6,33,5,4634,501
loop_2056_circuit_no_condition_2_1_6,33,6,624,501
loop_2056_circuit_no_condition_2_1_6,33,7,4675,501
loop_2056_circuit_no_condition_2_1_6,33,8,5425,501
loop_2056_circuit_no_condition_2_1_6,33,9,624,501
loop_2056_circuit_no_condition_2_1_6,33,10,624,501
loop_2056_circuit_no_condition_2_1_6,33,11,624,501
loop_2056_circuit_no_condition_2_1_6,33,12,624,501
loop_2056_circuit_no_condition_2_1_6,33,13,624,501
loop_2056_circuit_no_condition_2_1_6,33,14,624,501
loop_2056_circuit_no_condition_2_1_6,33,15,3414,501
loop_2056_circuit_no_condition_2_1_6,33,0,5406,601
loop_2056_circuit_no_condition_2_1_6,33,1,5411,601
loop_2056_circuit_no_condition_2_1_6,33,2,5402,601
loop_2056_circuit_no_condition_2_1_6,33,3,5419,601
loop_2056_circuit_no_condition_2_1_6,33,4,5422,601
loop_2056_circuit_no_condition_2_1_6,33,5,5429,601
loop_2056_circuit_no_condition_2_1_6,33,6,5407,601
loop_2056_circuit_no_condition_2_1_6,33,7,5407,601
loop_2056_circuit_no_condition_2_1_6,33,8,5409,601
loop_2056_circuit_no_condition_2_1_6,33,9,5414,601
loop_2056_circuit_no_condition_2_1_6,33,10,5408,601
loop_2056_circuit_no_condition_2_1_6,33,11,5418,601
loop_2056_circuit_no_condition_2_1_6,33,12,5411,601
loop_2056_circuit_no_condition_2_1_6,33,13,5410,601
loop_2056_circuit_no_condition_2_1_6,33,14,5405,601
loop_2056_circuit_no_condition_2_1_6,33,15,5405,601
loop_2056_circuit_no_condition_2_1_6,33,0,5407,701
loop_2056_circuit_no_condition_2_1_6,33,1,5407,701
loop_2056_circuit_no_condition_2_1_6,33,2,5404,701
loop_2056_circuit_no_condition_2_1_6,33,3,5406,701
loop_2056_circuit_no_condition_2_1_6,33,4,5406,701
loop_2056_circuit_no_condition_2_1_6,33,5,5406,701
loop_2056_circuit_no_condition_2_1_6,33,6,5404,701
loop_2056_circuit_no_condition_2_1_6,33,7,5425,701
loop_2056_circuit_no_condition_2_1_6,33,8,5416,701
loop_2056_circuit_no_condition_2_1_6,33,9,5412,701
loop_2056_circuit_no_condition_2_1_6,33,10,5405,701
loop_2056_circuit_no_condition_2_1_6,33,11,5404,701
loop_2056_circuit_no_condition_2_1_6,33,12,5407,701
loop_2056_circuit_no_condition_2_1_6,33,13,5416,701
loop_2056_circuit_no_condition_2_1_6,33,14,5410,701
loop_2056_circuit_no_condition_2_1_6,33,15,5406,701
loop_2056_circuit_no_condition_2_1_6,33,0,5407,800
loop_2056_circuit_no_condition_2_1_6,33,1,5409,800
loop_2056_circuit_no_condition_2_1_6,33,2,5406,800
loop_2056_circuit_no_condition_2_1_6,33,3,5409,800
loop_2056_circuit_no_condition_2_1_6,33,4,5408,800
loop_2056_circuit_no_condition_2_1_6,33,5,5427,800
loop_2056_circuit_no_condition_2_1_6,33,6,5412,800
loop_2056_circuit_no_condition_2_1_6,33,7,5404,800
loop_2056_circuit_no_condition_2_1_6,33,8,5412,800
loop_2056_circuit_no_condition_2_1_6,33,9,5404,800
loop_2056_circuit_no_condition_2_1_6,33,10,5405,800
loop_2056_circuit_no_condition_2_1_6,33,11,5409,800
loop_2056_circuit_no_condition_2_1_6,33,12,5408,800
loop_2056_circuit_no_condition_2_1_6,33,13,5407,800
loop_2056_circuit_no_condition_2_1_6,33,14,5413,800
loop_2056_circuit_no_condition_2_1_6,33,15,5406,800
loop_2056_circuit_no_condition_2_1_6,33,0,5403,900
loop_2056_circuit_no_condition_2_1_6,33,1,5405,900
loop_2056_circuit_no_condition_2_1_6,33,2,5405,900
loop_2056_circuit_no_condition_2_1_6,33,3,5408,900
loop_2056_circuit_no_condition_2_1_6,33,4,5403,900
loop_2056_circuit_no_condition_2_1_6,33,5,5423,900
loop_2056_circuit_no_condition_2_1_6,33,6,5404,900
loop_2056_circuit_no_condition_2_1_6,33,7,5401,900
loop_2056_circuit_no_condition_2_1_6,33,8,5405,900
loop_2056_circuit_no_condition_2_1_6,33,9,5405,900
loop_2056_circuit_no_condition_2_1_6,33,10,5411,900
loop_2056_circuit_no_condition_2_1_6,33,11,5405,900
loop_2056_circuit_no_condition_2_1_6,33,12,5404,900
loop_2056_circuit_no_condition_2_1_6,33,13,5404,900
loop_2056_circuit_no_condition_2_1_6,33,14,5404,900
loop_2056_circuit_no_condition_2_1_6,33,15,5405,900
loop_2056_circuit_no_condition_2_1_6,33,0,5407,1001
loop_2056_circuit_no_condition_2_1_6,33,1,5416,1001
loop_2056_circuit_no_condition_2_1_6,33,2,5411,1001
loop_2056_circuit_no_condition_2_1_6,33,3,5415,1001
loop_2056_circuit_no_condition_2_1_6,33,4,5412,1001
loop_2056_circuit_no_condition_2_1_6,33,5,5412,1001
loop_2056_circuit_no_condition_2_1_6,33,6,5408,1001
loop_2056_circuit_no_condition_2_1_6,33,7,5409,1001
loop_2056_circuit_no_condition_2_1_6,33,8,5408,1001
loop_2056_circuit_no_condition_2_1_6,33,9,5409,1001
loop_2056_circuit_no_condition_2_1_6,33,10,5420,1001
loop_2056_circuit_no_condition_2_1_6,33,11,5416,1001
loop_2056_circuit_no_condition_2_1_6,33,12,5408,1001
loop_2056_circuit_no_condition_2_1_6,33,13,5427,1001
loop_2056_circuit_no_condition_2_1_6,33,14,5407,1001
loop_2056_circuit_no_condition_2_1_6,33,15,5413,1001
loop_2056_circuit_no_condition_2_1_6,33,0,5406,1101
loop_2056_circuit_no_condition_2_1_6,33,1,5405,1101
loop_2056_circuit_no_condition_2_1_6,33,2,5403,1101
loop_2056_circuit_no_condition_2_1_6,33,3,5405,1101
loop_2056_circuit_no_condition_2_1_6,33,4,5401,1101
loop_2056_circuit_no_condition_2_1_6,33,5,5406,1101
loop_2056_circuit_no_condition_2_1_6,33,6,5404,1101
loop_2056_circuit_no_condition_2_1_6,33,7,5408,1101
loop_2056_circuit_no_condition_2_1_6,33,8,5407,1101
loop_2056_circuit_no_condition_2_1_6,33,9,5404,1101
loop_2056_circuit_no_condition_2_1_6,33,10,5404,1101
loop_2056_circuit_no_condition_2_1_6,33,11,5406,1101
loop_2056_circuit_no_condition_2_1_6,33,12,5408,1101
loop_2056_circuit_no_condition_2_1_6,33,13,5423,1101
loop_2056_circuit_no_condition_2_1_6,33,14,5406,1101
loop_2056_circuit_no_condition_2_1_6,33,15,5403,1101
loop_2056_circuit_no_condition_2_1_6,33,0,5412,1201
loop_2056_circuit_no_condition_2_1_6,33,1,5404,1201
loop_2056_circuit_no_condition_2_1_6,33,2,5403,1201
loop_2056_circuit_no_condition_2_1_6,33,3,5403,1201
loop_2056_circuit_no_condition_2_1_6,33,4,5403,1201
loop_2056_circuit_no_condition_2_1_6,33,5,5407,1201
loop_2056_circuit_no_condition_2_1_6,33,6,5396,1201
loop_2056_circuit_no_condition_2_1_6,33,7,5408,1201
loop_2056_circuit_no_condition_2_1_6,33,8,5407,1201
loop_2056_circuit_no_condition_2_1_6,33,9,5400,1201
loop_2056_circuit_no_condition_2_1_6,33,10,5403,1201
loop_2056_circuit_no_condition_2_1_6,33,11,5408,1201
loop_2056_circuit_no_condition_2_1_6,33,12,5405,1201
loop_2056_circuit_no_condition_2_1_6,33,13,5424,1201
loop_2056_circuit_no_condition_2_1_6,33,14,5404,1201
loop_2056_circuit_no_condition_2_1_6,33,15,5403,1201
loop_2056_circuit_no_condition_2_1_6,33,0,5395,1300
loop_2056_circuit_no_condition_2_1_6,33,1,5399,1300
loop_2056_circuit_no_condition_2_1_6,33,2,5394,1300
loop_2056_circuit_no_condition_2_1_6,33,3,5406,1300
loop_2056_circuit_no_condition_2_1_6,33,4,5419,1300
loop_2056_circuit_no_condition_2_1_6,33,5,5395,1300
loop_2056_circuit_no_condition_2_1_6,33,6,5395,1300
loop_2056_circuit_no_condition_2_1_6,33,7,5404,1300
loop_2056_circuit_no_condition_2_1_6,33,8,5392,1300
loop_2056_circuit_no_condition_2_1_6,33,9,5407,1300
loop_2056_circuit_no_condition_2_1_6,33,10,5394,1300
loop_2056_circuit_no_condition_2_1_6,33,11,5408,1300
loop_2056_circuit_no_condition_2_1_6,33,12,5397,1300
loop_2056_circuit_no_condition_2_1_6,33,13,5396,1300
loop_2056_circuit_no_condition_2_1_6,33,14,5393,1300
loop_2056_circuit_no_condition_2_1_6,33,15,5401,1300
loop_2056_circuit_no_condition_2_1_6,33,0,5423,1400
loop_2056_circuit_no_condition_2_1_6,33,1,5400,1400
loop_2056_circuit_no_condition_2_1_6,33,2,5399,1400
loop_2056_circuit_no_condition_2_1_6,33,3,5401,1400
loop_2056_circuit_no_condition_2_1_6,33,4,5406,1400
loop_2056_circuit_no_condition_2_1_6,33,5,5403,1400
loop_2056_circuit_no_condition_2_1_6,33,6,5406,1400
loop_2056_circuit_no_condition_2_1_6,33,7,5403,1400
loop_2056_circuit_no_condition_2_1_6,33,8,5403,1400
loop_2056_circuit_no_condition_2_1_6,33,9,5402,1400
loop_2056_circuit_no_condition_2_1_6,33,10,5399,1400
loop_2056_circuit_no_condition_2_1_6,33,11,5401,1400
loop_2056_circuit_no_condition_2_1_6,33,12,5405,1400
loop_2056_circuit_no_condition_2_1_6,33,13,5401,1400
loop_2056_circuit_no_condition_2_1_6,33,14,5401,1400
loop_2056_circuit_no_condition_2_1_6,33,15,5400,1400
loop_2056_circuit_no_condition_2_1_6,33,0,5410,1501
loop_2056_circuit_no_condition_2_1_6,33,1,5424,1501
loop_2056_circuit_no_condition_2_1_6,33,2,5402,1501
loop_2056_circuit_no_condition_2_1_6,33,3,5391,1501
loop_2056_circuit_no_condition_2_1_6,33,4,5402,1501
loop_2056_circuit_no_condition_2_1_6,33,5,5426,1501
loop_2056_circuit_no_condition_2_1_6,33,6,5411,1501
loop_2056_circuit_no_condition_2_1_6,33,7,5422,1501
loop_2056_circuit_no_condition_2_1_6,33,8,5415,1501
loop_2056_circuit_no_condition_2_1_6,33,9,5396,1501
loop_2056_circuit_no_condition_2_1_6,33,10,5412,1501
loop_2056_circuit_no_condition_2_1_6,33,11,5407,1501
loop_2056_circuit_no_condition_2_1_6,33,12,5406,1501
loop_2056_circuit_no_condition_2_1_6,33,13,5426,1501
loop_2056_circuit_no_condition_2_1_6,33,14,5427,1501
loop_2056_circuit_no_condition_2_1_6,33,15,5435,1501
loop_2056_circuit_no_condition_2_1_6,33,0,5426,1600
loop_2056_circuit_no_condition_2_1_6,33,1,5416,1600
loop_2056_circuit_no_condition_2_1_6,33,2,5422,1600
loop_2056_circuit_no_condition_2_1_6,33,3,5422,1600
loop_2056_circuit_no_condition_2_1_6,33,4,5421,1600
loop_2056_circuit_no_condition_2_1_6,33,5,5415,1600
loop_2056_circuit_no_condition_2_1_6,33,6,624,1600
loop_2056_circuit_no_condition_2_1_6,33,7,5422,1600
loop_2056_circuit_no_condition_2_1_6,33,8,5417,1600
loop_2056_circuit_no_condition_2_1_6,33,9,5388,1600
loop_2056_circuit_no_condition_2_1_6,33,10,5394,1600
loop_2056_circuit_no_condition_2_1_6,33,11,5423,1600
loop_2056_circuit_no_condition_2_1_6,33,12,5419,1600
loop_2056_circuit_no_condition_2_1_6,33,13,5418,1600
loop_2056_circuit_no_condition_2_1_6,33,14,5419,1600
loop_2056_circuit_no_condition_2_1_6,33,15,5415,1600
loop_2056_circuit_no_condition_2_1_6,34,0,5428,1
loop_2056_circuit_no_condition_2_1_6,34,1,624,1
loop_2056_circuit_no_condition_2_1_6,34,2,624,1
loop_2056_circuit_no_condition_2_1_6,34,3,624,1
loop_2056_circuit_no_condition_2_1_6,34,4,5428,1
loop_2056_circuit_no_condition_2_1_6,34,5,5427,1
loop_2056_circuit_no_condition_2_1_6,34,6,5427,1
loop_2056_circuit_no_condition_2_1_6,34,7,5427,1
loop_2056_circuit_no_condition_2_1_6,34,8,624,1
loop_2056_circuit_no_condition_2_1_6,34,9,5387,1
loop_2056_circuit_no_condition_2_1_6,34,10,5415,1
loop_2056_circuit_no_condition_2_1_6,34,11,5424,1
loop_2056_circuit_no_condition_2_1_6,34,12,624,1
loop_2056_circuit_no_condition_2_1_6,34,13,624,1
loop_2056_circuit_no_condition_2_1_6,34,14,5419,1
loop_2056_circuit_no_condition_2_1_6,34,15,5425,1
loop_2056_circuit_no_condition_2_1_6,34,0,5359,100
loop_2056_circuit_no_condition_2_1_6,34,1,5420,100
loop_2056_circuit_no_condition_2_1_6,34,2,5391,100
loop_2056_circuit_no_condition_2_1_6,34,3,5424,100
loop_2056_circuit_no_condition_2_1_6,34,4,5428,100
loop_2056_circuit_no_condition_2_1_6,34,5,5415,100
loop_2056_circuit_no_condition_2_1_6,34,6,5353,100
loop_2056_circuit_no_condition_2_1_6,34,7,5372,100
loop_2056_circuit_no_condition_2_1_6,34,8,5424,100
loop_2056_circuit_no_condition_2_1_6,34,9,5342,100
loop_2056_circuit_no_condition_2_1_6,34,10,5407,100
loop_2056_circuit_no_condition_2_1_6,34,11,5417,100
loop_2056_circuit_no_condition_2_1_6,34,12,5422,100
loop_2056_circuit_no_condition_2_1_6,34,13,5405,100
loop_2056_circuit_no_condition_2_1_6,34,14,5422,100
loop_2056_circuit_no_condition_2_1_6,34,15,5419,100
loop_2056_circuit_no_condition_2_1_6,34,0,5417,200
loop_2056_circuit_no_condition_2_1_6,34,1,5411,200
loop_2056_circuit_no_condition_2_1_6,34,2,5392,200
loop_2056_circuit_no_condition_2_1_6,34,3,5413,200
loop_2056_circuit_no_condition_2_1_6,34,4,5419,200
loop_2056_circuit_no_condition_2_1_6,34,5,5429,200
loop_2056_circuit_no_condition_2_1_6,34,6,5357,200
loop_2056_circuit_no_condition_2_1_6,34,7,5363,200
loop_2056_circuit_no_condition_2_1_6,34,8,5399,200
loop_2056_circuit_no_condition_2_1_6,34,9,5420,200
loop_2056_circuit_no_condition_2_1_6,34,10,5400,200
loop_2056_circuit_no_condition_2_1_6,34,11,5370,200
loop_2056_circuit_no_condition_2_1_6,34,12,5354,200
loop_2056_circuit_no_condition_2_1_6,34,13,5428,200
loop_2056_circuit_no_condition_2_1_6,34,14,5421,200
loop_2056_circuit_no_condition_2_1_6,34,15,5390,200
loop_2056_circuit_no_condition_2_1_6,34,0,5431,300
loop_2056_circuit_no_condition_2_1_6,34,1,624,300
loop_2056_circuit_no_condition_2_1_6,34,2,624,300
loop_2056_circuit_no_condition_2_1_6,34,3,624,300
loop_2056_circuit_no_condition_2_1_6,34,4,5424,300
loop_2056_circuit_no_condition_2_1_6,34,5,5427,300
loop_2056_circuit_no_condition_2_1_6,34,6,624,300
loop_2056_circuit_no_condition_2_1_6,34,7,5410,300
loop_2056_circuit_no_condition_2_1_6,34,8,624,300
loop_2056_circuit_no_condition_2_1_6,34,9,624,300
loop_2056_circuit_no_condition_2_1_6,34,10,624,300
loop_2056_circuit_no_condition_2_1_6,34,11,624,300
loop_2056_circuit_no_condition_2_1_6,34,12,624,300
loop_2056_circuit_no_condition_2_1_6,34,13,624,300
loop_2056_circuit_no_condition_2_1_6,34,14,624,300
loop_2056_circuit_no_condition_2_1_6,34,15,624,300
loop_2056_circuit_no_condition_2_1_6,34,0,624,400
loop_2056_circuit_no_condition_2_1_6,34,1,624,400
loop_2056_circuit_no_condition_2_1_6,34,2,624,400
loop_2056_circuit_no_condition_2_1_6,34,3,624,400
loop_2056_circuit_no_condition_2_1_6,34,4,624,400
loop_2056_circuit_no_condition_2_1_6,34,5,5430,400
loop_2056_circuit_no_condition_2_1_6,34,6,624,400
loop_2056_circuit_no_condition_2_1_6,34,7,624,400
loop_2056_circuit_no_condition_2_1_6,34,8,624,400
loop_2056_circuit_no_condition_2_1_6,34,9,624,400
loop_2056_circuit_no_condition_2_1_6,34,10,624,400
loop_2056_circuit_no_condition_2_1_6,34,11,624,400
loop_2056_circuit_no_condition_2_1_6,34,12,624,400
loop_2056_circuit_no_condition_2_1_6,34,13,624,400
loop_2056_circuit_no_condition_2_1_6,34,14,624,400
loop_2056_circuit_no_condition_2_1_6,34,15,624,400
loop_2056_circuit_no_condition_2_1_6,34,0,624,501
loop_2056_circuit_no_condition_2_1_6,34,1,4669,501
loop_2056_circuit_no_condition_2_1_6,34,2,624,501
loop_2056_circuit_no_condition_2_1_6,34,3,624,501
loop_2056_circuit_no_condition_2_1_6,34,4,624,501
loop_2056_circuit_no_condition_2_1_6,34,5,5422,501
loop_2056_circuit_no_condition_2_1_6,34,6,624,501
loop_2056_circuit_no_condition_2_1_6,34,7,624,501
loop_2056_circuit_no_condition_2_1_6,34,8,624,501
loop_2056_circuit_no_condition_2_1_6,34,9,624,501
loop_2056_circuit_no_condition_2_1_6,34,10,624,501
loop_2056_circuit_no_condition_2_1_6,34,11,624,501
loop_2056_circuit_no_condition_2_1_6,34,12,624,501
loop_2056_circuit_no_condition_2_1_6,34,13,624,501
loop_2056_circuit_no_condition_2_1_6,34,14,624,501
loop_2056_circuit_no_condition_2_1_6,34,15,624,501
loop_2056_circuit_no_condition_2_1_6,34,0,5412,600
loop_2056_circuit_no_condition_2_1_6,34,1,5405,600
loop_2056_circuit_no_condition_2_1_6,34,2,5414,600
loop_2056_circuit_no_condition_2_1_6,34,3,5425,600
loop_2056_circuit_no_condition_2_1_6,34,4,5403,600
loop_2056_circuit_no_condition_2_1_6,34,5,5410,600
loop_2056_circuit_no_condition_2_1_6,34,6,5408,600
loop_2056_circuit_no_condition_2_1_6,34,7,5411,600
loop_2056_circuit_no_condition_2_1_6,34,8,5413,600
loop_2056_circuit_no_condition_2_1_6,34,9,5410,600
loop_2056_circuit_no_condition_2_1_6,34,10,5409,600
loop_2056_circuit_no_condition_2_1_6,34,11,5410,600
loop_2056_circuit_no_condition_2_1_6,34,12,5409,600
loop_2056_circuit_no_condition_2_1_6,34,13,5409,600
loop_2056_circuit_no_condition_2_1_6,34,14,5406,600
loop_2056_circuit_no_condition_2_1_6,34,15,5408,600
loop_2056_circuit_no_condition_2_1_6,34,0,5417,700
loop_2056_circuit_no_condition_2_1_6,34,1,5405,700
loop_2056_circuit_no_condition_2_1_6,34,2,5411,700
loop_2056_circuit_no_condition_2_1_6,34,3,5420,700
loop_2056_circuit_no_condition_2_1_6,34,4,5407,700
loop_2056_circuit_no_condition_2_1_6,34,5,5426,700
loop_2056_circuit_no_condition_2_1_6,34,6,5405,700
loop_2056_circuit_no_condition_2_1_6,34,7,5412,700
loop_2056_circuit_no_condition_2_1_6,34,8,5413,700
loop_2056_circuit_no_condition_2_1_6,34,9,5408,700
loop_2056_circuit_no_condition_2_1_6,34,10,5406,700
loop_2056_circuit_no_condition_2_1_6,34,11,5414,700
loop_2056_circuit_no_condition_2_1_6,34,12,5408,700
loop_2056_circuit_no_condition_2_1_6,34,13,5408,700
loop_2056_circuit_no_condition_2_1_6,34,14,5409,700
loop_2056_circuit_no_condition_2_1_6,34,15,5409,700
loop_2056_circuit_no_condition_2_1_6,34,0,5395,800
loop_2056_circuit_no_condition_2_1_6,34,1,5396,800
loop_2056_circuit_no_condition_2_1_6,34,2,5402,800
loop_2056_circuit_no_condition_2_1_6,34,3,5395,800
loop_2056_circuit_no_condition_2_1_6,34,4,5407,800
loop_2056_circuit_no_condition_2_1_6,34,5,5421,800
loop_2056_circuit_no_condition_2_1_6,34,6,5410,800
loop_2056_circuit_no_condition_2_1_6,34,7,5400,800
loop_2056_circuit_no_condition_2_1_6,34,8,5399,800
loop_2056_circuit_no_condition_2_1_6,34,9,5401,800
loop_2056_circuit_no_condition_2_1_6,34,10,5400,800
loop_2056_circuit_no_condition_2_1_6,34,11,5408,800
loop_2056_circuit_no_condition_2_1_6,34,12,5407,800
loop_2056_circuit_no_condition_2_1_6,34,13,5400,800
loop_2056_circuit_no_condition_2_1_6,34,14,5405,800
loop_2056_circuit_no_condition_2_1_6,34,15,5397,800
loop_2056_circuit_no_condition_2_1_6,34,0,5416,900
loop_2056_circuit_no_condition_2_1_6,34,1,5410,900
loop_2056_circuit_no_condition_2_1_6,34,2,5406,900
loop_2056_circuit_no_condition_2_1_6,34,3,5422,900
loop_2056_circuit_no_condition_2_1_6,34,4,5404,900
loop_2056_circuit_no_condition_2_1_6,34,5,5407,900
loop_2056_circuit_no_condition_2_1_6,34,6,5415,900
loop_2056_circuit_no_condition_2_1_6,34,7,5410,900
loop_2056_circuit_no_condition_2_1_6,34,8,5406,900
loop_2056_circuit_no_condition_2_1_6,34,9,5408,900
loop_2056_circuit_no_condition_2_1_6,34,10,5407,900
loop_2056_circuit_no_condition_2_1_6,34,11,5407,900
loop_2056_circuit_no_condition_2_1_6,34,12,5409,900
loop_2056_circuit_no_condition_2_1_6,34,13,5412,900
loop_2056_circuit_no_condition_2_1_6,34,14,5407,900
loop_2056_circuit_no_condition_2_1_6,34,15,5399,900
loop_2056_circuit_no_condition_2_1_6,34,0,5395,1000
loop_2056_circuit_no_condition_2_1_6,34,1,5402,1000
loop_2056_circuit_no_condition_2_1_6,34,2,5393,1000
loop_2056_circuit_no_condition_2_1_6,34,3,5393,1000
loop_2056_circuit_no_condition_2_1_6,34,4,5408,1000
loop_2056_circuit_no_condition_2_1_6,34,5,5418,1000
loop_2056_circuit_no_condition_2_1_6,34,6,5403,1000
loop_2056_circuit_no_condition_2_1_6,34,7,5399,1000
loop_2056_circuit_no_condition_2_1_6,34,8,5411,1000
loop_2056_circuit_no_condition_2_1_6,34,9,5406,1000
loop_2056_circuit_no_condition_2_1_6,34,10,5394,1000
loop_2056_circuit_no_condition_2_1_6,34,11,5397,1000
loop_2056_circuit_no_condition_2_1_6,34,12,5408,1000
loop_2056_circuit_no_condition_2_1_6,34,13,5398,1000
loop_2056_circuit_no_condition_2_1_6,34,14,5395,1000
loop_2056_circuit_no_condition_2_1_6,34,15,5395,1000
loop_2056_circuit_no_condition_2_1_6,34,0,5396,1100
loop_2056_circuit_no_condition_2_1_6,34,1,5398,1100
loop_2056_circuit_no_condition_2_1_6,34,2,5400,1100
loop_2056_circuit_no_condition_2_1_6,34,3,5397,1100
loop_2056_circuit_no_condition_2_1_6,34,4,5408,1100
loop_2056_circuit_no_condition_2_1_6,34,5,5420,1100
loop_2056_circuit_no_condition_2_1_6,34,6,5408,1100
loop_2056_circuit_no_condition_2_1_6,34,7,5401,1100
loop_2056_circuit_no_condition_2_1_6,34,8,5400,1100
loop_2056_circuit_no_condition_2_1_6,34,9,5401,1100
loop_2056_circuit_no_condition_2_1_6,34,10,5400,1100
loop_2056_circuit_no_condition_2_1_6,34,11,5399,1100
loop_2056_circuit_no_condition_2_1_6,34,12,5408,1100
loop_2056_circuit_no_condition_2_1_6,34,13,5398,1100
loop_2056_circuit_no_condition_2_1_6,34,14,5400,1100
loop_2056_circuit_no_condition_2_1_6,34,15,5402,1100
loop_2056_circuit_no_condition_2_1_6,34,0,5405,1201
loop_2056_circuit_no_condition_2_1_6,34,1,5402,1201
loop_2056_circuit_no_condition_2_1_6,34,2,5399,1201
loop_2056_circuit_no_condition_2_1_6,34,3,5401,1201
loop_2056_circuit_no_condition_2_1_6,34,4,5400,1201
loop_2056_circuit_no_condition_2_1_6,34,5,5405,1201
loop_2056_circuit_no_condition_2_1_6,34,6,5415,1201
loop_2056_circuit_no_condition_2_1_6,34,7,5402,1201
loop_2056_circuit_no_condition_2_1_6,34,8,5416,1201
loop_2056_circuit_no_condition_2_1_6,34,9,5399,1201
loop_2056_circuit_no_condition_2_1_6,34,10,5401,1201
loop_2056_circuit_no_condition_2_1_6,34,11,5399,1201
loop_2056_circuit_no_condition_2_1_6,34,12,5418,1201
loop_2056_circuit_no_condition_2_1_6,34,13,5396,1201
loop_2056_circuit_no_condition_2_1_6,34,14,5411,1201
loop_2056_circuit_no_condition_2_1_6,34,15,5399,1201
loop_2056_circuit_no_condition_2_1_6,34,0,5410,1300
loop_2056_circuit_no_condition_2_1_6,34,1,5402,1300
loop_2056_circuit_no_condition_2_1_6,34,2,5404,1300
loop_2056_circuit_no_condition_2_1_6,34,3,5409,1300
loop_2056_circuit_no_condition_2_1_6,34,4,5427,1300
loop_2056_circuit_no_condition_2_1_6,34,5,5415,1300
loop_2056_circuit_no_condition_2_1_6,34,6,5407,1300
loop_2056_circuit_no_condition_2_1_6,34,7,5407,1300
loop_2056_circuit_no_condition_2_1_6,34,8,5412,1300
loop_2056_circuit_no_condition_2_1_6,34,9,5407,1300
loop_2056_circuit_no_condition_2_1_6,34,10,5408,1300
loop_2056_circuit_no_condition_2_1_6,34,11,5406,1300
loop_2056_circuit_no_condition_2_1_6,34,12,5404,1300
loop_2056_circuit_no_condition_2_1_6,34,13,5415,1300
loop_2056_circuit_no_condition_2_1_6,34,14,5403,1300
loop_2056_circuit_no_condition_2_1_6,34,15,5407,1300
loop_2056_circuit_no_condition_2_1_6,34,0,5410,1400
loop_2056_circuit_no_condition_2_1_6,34,1,5412,1400
loop_2056_circuit_no_condition_2_1_6,34,2,5403,1400
loop_2056_circuit_no_condition_2_1_6,34,3,5409,1400
loop_2056_circuit_no_condition_2_1_6,34,4,5427,1400
loop_2056_circuit_no_condition_2_1_6,34,5,5405,1400
loop_2056_circuit_no_condition_2_1_6,34,6,5405,1400
loop_2056_circuit_no_condition_2_1_6,34,7,5401,1400
loop_2056_circuit_no_condition_2_1_6,34,8,5406,1400
loop_2056_circuit_no_condition_2_1_6,34,9,5402,1400
loop_2056_circuit_no_condition_2_1_6,34,10,5405,1400
loop_2056_circuit_no_condition_2_1_6,34,11,5414,1400
loop_2056_circuit_no_condition_2_1_6,34,12,5401,1400
loop_2056_circuit_no_condition_2_1_6,34,13,5409,1400
loop_2056_circuit_no_condition_2_1_6,34,14,5407,1400
loop_2056_circuit_no_condition_2_1_6,34,15,5401,1400
loop_2056_circuit_no_condition_2_1_6,34,0,5405,1500
loop_2056_circuit_no_condition_2_1_6,34,1,5423,1500
loop_2056_circuit_no_condition_2_1_6,34,2,624,1500
loop_2056_circuit_no_condition_2_1_6,34,3,5428,1500
loop_2056_circuit_no_condition_2_1_6,34,4,5428,1500
loop_2056_circuit_no_condition_2_1_6,34,5,3356,1500
loop_2056_circuit_no_condition_2_1_6,34,6,624,1500
loop_2056_circuit_no_condition_2_1_6,34,7,5424,1500
loop_2056_circuit_no_condition_2_1_6,34,8,624,1500
loop_2056_circuit_no_condition_2_1_6,34,9,624,1500
loop_2056_circuit_no_condition_2_1_6,34,10,624,1500
loop_2056_circuit_no_condition_2_1_6,34,11,624,1500
loop_2056_circuit_no_condition_2_1_6,34,12,5428,1500
loop_2056_circuit_no_condition_2_1_6,34,13,5414,1500
loop_2056_circuit_no_condition_2_1_6,34,14,5443,1500
loop_2056_circuit_no_condition_2_1_6,34,15,5423,1500
loop_2056_circuit_no_condition_2_1_6,34,0,5416,1600
loop_2056_circuit_no_condition_2_1_6,34,1,5415,1600
loop_2056_circuit_no_condition_2_1_6,34,2,5420,1600
loop_2056_circuit_no_condition_2_1_6,34,3,5413,1600
loop_2056_circuit_no_condition_2_1_6,34,4,5420,1600
loop_2056_circuit_no_condition_2_1_6,34,5,5410,1600
loop_2056_circuit_no_condition_2_1_6,34,6,5413,1600
loop_2056_circuit_no_condition_2_1_6,34,7,5402,1600
loop_2056_circuit_no_condition_2_1_6,34,8,5411,1600
loop_2056_circuit_no_condition_2_1_6,34,9,5377,1600
loop_2056_circuit_no_condition_2_1_6,34,10,5404,1600
loop_2056_circuit_no_condition_2_1_6,34,11,5413,1600
loop_2056_circuit_no_condition_2_1_6,34,12,5404,1600
loop_2056_circuit_no_condition_2_1_6,34,13,5206,1600
loop_2056_circuit_no_condition_2_1_6,34,14,5414,1600
loop_2056_circuit_no_condition_2_1_6,34,15,5419,1600
loop_2056_circuit_no_condition_2_1_6,35,0,5430,1
loop_2056_circuit_no_condition_2_1_6,35,1,5423,1
loop_2056_circuit_no_condition_2_1_6,35,2,624,1
loop_2056_circuit_no_condition_2_1_6,35,3,5425,1
loop_2056_circuit_no_condition_2_1_6,35,4,5394,1
loop_2056_circuit_no_condition_2_1_6,35,5,5429,1
loop_2056_circuit_no_condition_2_1_6,35,6,5431,1
loop_2056_circuit_no_condition_2_1_6,35,7,5420,1
loop_2056_circuit_no_condition_2_1_6,35,8,624,1
loop_2056_circuit_no_condition_2_1_6,35,9,624,1
loop_2056_circuit_no_condition_2_1_6,35,10,5424,1
loop_2056_circuit_no_condition_2_1_6,35,11,5425,1
loop_2056_circuit_no_condition_2_1_6,35,12,5426,1
loop_2056_circuit_no_condition_2_1_6,35,13,624,1
loop_2056_circuit_no_condition_2_1_6,35,14,5432,1
loop_2056_circuit_no_condition_2_1_6,35,15,5426,1
loop_2056_circuit_no_condition_2_1_6,35,0,5431,101
loop_2056_circuit_no_condition_2_1_6,35,1,5394,101
loop_2056_circuit_no_condition_2_1_6,35,2,5426,101
loop_2056_circuit_no_condition_2_1_6,35,3,5397,101
loop_2056_circuit_no_condition_2_1_6,35,4,5380,101
loop_2056_circuit_no_condition_2_1_6,35,5,5423,101
loop_2056_circuit_no_condition_2_1_6,35,6,5387,101
loop_2056_circuit_no_condition_2_1_6,35,7,5417,101
loop_2056_circuit_no_condition_2_1_6,35,8,5427,101
loop_2056_circuit_no_condition_2_1_6,35,9,5359,101
loop_2056_circuit_no_condition_2_1_6,35,10,5337,101
loop_2056_circuit_no_condition_2_1_6,35,11,5415,101
loop_2056_circuit_no_condition_2_1_6,35,12,5408,101
loop_2056_circuit_no_condition_2_1_6,35,13,5416,101
loop_2056_circuit_no_condition_2_1_6,35,14,5414,101
loop_2056_circuit_no_condition_2_1_6,35,15,5417,101
loop_2056_circuit_no_condition_2_1_6,35,0,5395,201
loop_2056_circuit_no_condition_2_1_6,35,1,5395,201
loop_2056_circuit_no_condition_2_1_6,35,2,5395,201
loop_2056_circuit_no_condition_2_1_6,35,3,5395,201
loop_2056_circuit_no_condition_2_1_6,35,4,5395,201
loop_2056_circuit_no_condition_2_1_6,35,5,5395,201
loop_2056_circuit_no_condition_2_1_6,35,6,5395,201
loop_2056_circuit_no_condition_2_1_6,35,7,5395,201
loop_2056_circuit_no_condition_2_1_6,35,8,5395,201
loop_2056_circuit_no_condition_2_1_6,35,9,5395,201
loop_2056_circuit_no_condition_2_1_6,35,10,5395,201
loop_2056_circuit_no_condition_2_1_6,35,11,5395,201
loop_2056_circuit_no_condition_2_1_6,35,12,5395,201
loop_2056_circuit_no_condition_2_1_6,35,13,5395,201
loop_2056_circuit_no_condition_2_1_6,35,14,5395,201
loop_2056_circuit_no_condition_2_1_6,35,15,5395,201
loop_2056_circuit_no_condition_2_1_6,35,0,624,301
loop_2056_circuit_no_condition_2_1_6,35,1,624,301
loop_2056_circuit_no_condition_2_1_6,35,2,624,301
loop_2056_circuit_no_condition_2_1_6,35,3,624,301
loop_2056_circuit_no_condition_2_1_6,35,4,5428,301
loop_2056_circuit_no_condition_2_1_6,35,5,5422,301
loop_2056_circuit_no_condition_2_1_6,35,6,624,301
loop_2056_circuit_no_condition_2_1_6,35,7,2740,301
loop_2056_circuit_no_condition_2_1_6,35,8,624,301
loop_2056_circuit_no_condition_2_1_6,35,9,624,301
loop_2056_circuit_no_condition_2_1_6,35,10,624,301
loop_2056_circuit_no_condition_2_1_6,35,11,624,301
loop_2056_circuit_no_condition_2_1_6,35,12,624,301
loop_2056_circuit_no_condition_2_1_6,35,13,624,301
loop_2056_circuit_no_condition_2_1_6,35,14,624,301
loop_2056_circuit_no_condition_2_1_6,35,15,624,301
loop_2056_circuit_no_condition_2_1_6,35,0,624,401
loop_2056_circuit_no_condition_2_1_6,35,1,624,401
loop_2056_circuit_no_condition_2_1_6,35,2,624,401
loop_2056_circuit_no_condition_2_1_6,35,3,624,401
loop_2056_circuit_no_condition_2_1_6,35,4,5432,401
loop_2056_circuit_no_condition_2_1_6,35,5,624,401
loop_2056_circuit_no_condition_2_1_6,35,6,624,401
loop_2056_circuit_no_condition_2_1_6,35,7,624,401
loop_2056_circuit_no_condition_2_1_6,35,8,624,401
loop_2056_circuit_no_condition_2_1_6,35,9,624,401
loop_2056_circuit_no_condition_2_1_6,35,10,3362,401
loop_2056_circuit_no_condition_2_1_6,35,11,624,401
loop_2056_circuit_no_condition_2_1_6,35,12,624,401
loop_2056_circuit_no_condition_2_1_6,35,13,624,401
loop_2056_circuit_no_condition_2_1_6,35,14,624,401
loop_2056_circuit_no_condition_2_1_6,35,15,624,401
loop_2056_circuit_no_condition_2_1_6,35,0,624,501
loop_2056_circuit_no_condition_2_1_6,35,1,624,501
loop_2056_circuit_no_condition_2_1_6,35,2,624,501
loop_2056_circuit_no_condition_2_1_6,35,3,624,501
loop_2056_circuit_no_condition_2_1_6,35,4,5415,501
loop_2056_circuit_no_condition_2_1_6,35,5,5432,501
loop_2056_circuit_no_condition_2_1_6,35,6,624,501
loop_2056_circuit_no_condition_2_1_6,35,7,624,501
loop_2056_circuit_no_condition_2_1_6,35,8,624,501
loop_2056_circuit_no_condition_2_1_6,35,9,624,501
loop_2056_circuit_no_condition_2_1_6,35,10,624,501
loop_2056_circuit_no_condition_2_1_6,35,11,624,501
loop_2056_circuit_no_condition_2_1_6,35,12,624,501
loop_2056_circuit_no_condition_2_1_6,35,13,624,501
loop_2056_circuit_no_condition_2_1_6,35,14,624,501
loop_2056_circuit_no_condition_2_1_6,35,15,624,501
loop_2056_circuit_no_condition_2_1_6,35,0,5410,601
loop_2056_circuit_no_condition_2_1_6,35,1,5408,601
loop_2056_circuit_no_condition_2_1_6,35,2,5414,601
loop_2056_circuit_no_condition_2_1_6,35,3,5412,601
loop_2056_circuit_no_condition_2_1_6,35,4,5409,601
loop_2056_circuit_no_condition_2_1_6,35,5,5427,601
loop_2056_circuit_no_condition_2_1_6,35,6,5402,601
loop_2056_circuit_no_condition_2_1_6,35,7,5409,601
loop_2056_circuit_no_condition_2_1_6,35,8,5412,601
loop_2056_circuit_no_condition_2_1_6,35,9,5415,601
loop_2056_circuit_no_condition_2_1_6,35,10,5409,601
loop_2056_circuit_no_condition_2_1_6,35,11,5413,601
loop_2056_circuit_no_condition_2_1_6,35,12,5407,601
loop_2056_circuit_no_condition_2_1_6,35,13,5409,601
loop_2056_circuit_no_condition_2_1_6,35,14,5417,601
loop_2056_circuit_no_condition_2_1_6,35,15,5410,601
loop_2056_circuit_no_condition_2_1_6,35,0,5404,701
loop_2056_circuit_no_condition_2_1_6,35,1,5404,701
loop_2056_circuit_no_condition_2_1_6,35,2,5410,701
loop_2056_circuit_no_condition_2_1_6,35,3,5401,701
loop_2056_circuit_no_condition_2_1_6,35,4,5400,701
loop_2056_circuit_no_condition_2_1_6,35,5,5424,701
loop_2056_circuit_no_condition_2_1_6,35,6,5402,701
loop_2056_circuit_no_condition_2_1_6,35,7,5408,701
loop_2056_circuit_no_condition_2_1_6,35,8,5405,701
loop_2056_circuit_no_condition_2_1_6,35,9,5409,701
loop_2056_circuit_no_condition_2_1_6,35,10,5415,701
loop_2056_circuit_no_condition_2_1_6,35,11,5403,701
loop_2056_circuit_no_condition_2_1_6,35,12,5409,701
loop_2056_circuit_no_condition_2_1_6,35,13,5403,701
loop_2056_circuit_no_condition_2_1_6,35,14,5405,701
loop_2056_circuit_no_condition_2_1_6,35,15,5408,701
loop_2056_circuit_no_condition_2_1_6,35,0,5406,800
loop_2056_circuit_no_condition_2_1_6,35,1,5396,800
loop_2056_circuit_no_condition_2_1_6,35,2,5409,800
loop_2056_circuit_no_condition_2_1_6,35,3,5396,800
loop_2056_circuit_no_condition_2_1_6,35,4,5405,800
loop_2056_circuit_no_condition_2_1_6,35,5,5410,800
loop_2056_circuit_no_condition_2_1_6,35,6,5400,800
loop_2056_circuit_no_condition_2_1_6,35,7,5396,800
loop_2056_circuit_no_condition_2_1_6,35,8,5399,800
loop_2056_circuit_no_condition_2_1_6,35,9,5408,800
loop_2056_circuit_no_condition_2_1_6,35,10,5416,800
loop_2056_circuit_no_condition_2_1_6,35,11,5397,800
loop_2056_circuit_no_condition_2_1_6,35,12,5420,800
loop_2056_circuit_no_condition_2_1_6,35,13,5419,800
loop_2056_circuit_no_condition_2_1_6,35,14,5394,800
loop_2056_circuit_no_condition_2_1_6,35,15,5394,800
loop_2056_circuit_no_condition_2_1_6,35,0,5426,900
loop_2056_circuit_no_condition_2_1_6,35,1,5404,900
loop_2056_circuit_no_condition_2_1_6,35,2,5412,900
loop_2056_circuit_no_condition_2_1_6,35,3,5414,900
loop_2056_circuit_no_condition_2_1_6,35,4,5410,900
loop_2056_circuit_no_condition_2_1_6,35,5,5404,900
loop_2056_circuit_no_condition_2_1_6,35,6,5408,900
loop_2056_circuit_no_condition_2_1_6,35,7,5408,900
loop_2056_circuit_no_condition_2_1_6,35,8,5404,900
loop_2056_circuit_no_condition_2_1_6,35,9,5405,900
loop_2056_circuit_no_condition_2_1_6,35,10,5416,900
loop_2056_circuit_no_condition_2_1_6,35,11,5408,900
loop_2056_circuit_no_condition_2_1_6,35,12,5411,900
loop_2056_circuit_no_condition_2_1_6,35,13,5406,900
loop_2056_circuit_no_condition_2_1_6,35,14,5405,900
loop_2056_circuit_no_condition_2_1_6,35,15,5409,900
loop_2056_circuit_no_condition_2_1_6,35,0,5403,1001
loop_2056_circuit_no_condition_2_1_6,35,1,5405,1001
loop_2056_circuit_no_condition_2_1_6,35,2,5406,1001
loop_2056_circuit_no_condition_2_1_6,35,3,5405,1001
loop_2056_circuit_no_condition_2_1_6,35,4,5417,1001
loop_2056_circuit_no_condition_2_1_6,35,5,5428,1001
loop_2056_circuit_no_condition_2_1_6,35,6,5406,1001
loop_2056_circuit_no_condition_2_1_6,35,7,5410,1001
loop_2056_circuit_no_condition_2_1_6,35,8,5406,1001
loop_2056_circuit_no_condition_2_1_6,35,9,5395,1001
loop_2056_circuit_no_condition_2_1_6,35,10,5413,1001
loop_2056_circuit_no_condition_2_1_6,35,11,5400,1001
loop_2056_circuit_no_condition_2_1_6,35,12,5408,1001
loop_2056_circuit_no_condition_2_1_6,35,13,5406,1001
loop_2056_circuit_no_condition_2_1_6,35,14,5406,1001
loop_2056_circuit_no_condition_2_1_6,35,15,5411,1001
loop_2056_circuit_no_condition_2_1_6,35,0,5408,1101
loop_2056_circuit_no_condition_2_1_6,35,1,5405,1101
loop_2056_circuit_no_condition_2_1_6,35,2,5401,1101
loop_2056_circuit_no_condition_2_1_6,35,3,5411,1101
loop_2056_circuit_no_condition_2_1_6,35,4,5401,1101
loop_2056_circuit_no_condition_2_1_6,35,5,5415,1101
loop_2056_circuit_no_condition_2_1_6,35,6,5400,1101
loop_2056_circuit_no_condition_2_1_6,35,7,5400,1101
loop_2056_circuit_no_condition_2_1_6,35,8,5404,1101
loop_2056_circuit_no_condition_2_1_6,35,9,5401,1101
loop_2056_circuit_no_condition_2_1_6,35,10,5405,1101
loop_2056_circuit_no_condition_2_1_6,35,11,5414,1101
loop_2056_circuit_no_condition_2_1_6,35,12,5423,1101
loop_2056_circuit_no_condition_2_1_6,35,13,5405,1101
loop_2056_circuit_no_condition_2_1_6,35,14,5415,1101
loop_2056_circuit_no_condition_2_1_6,35,15,5401,1101
loop_2056_circuit_no_condition_2_1_6,35,0,5414,1201
loop_2056_circuit_no_condition_2_1_6,35,1,5394,1201
loop_2056_circuit_no_condition_2_1_6,35,2,5399,1201
loop_2056_circuit_no_condition_2_1_6,35,3,5405,1201
loop_2056_circuit_no_condition_2_1_6,35,4,5400,1201
loop_2056_circuit_no_condition_2_1_6,35,5,5407,1201
loop_2056_circuit_no_condition_2_1_6,35,6,5396,1201
loop_2056_circuit_no_condition_2_1_6,35,7,5399,1201
loop_2056_circuit_no_condition_2_1_6,35,8,5401,1201
loop_2056_circuit_no_condition_2_1_6,35,9,5395,1201
loop_2056_circuit_no_condition_2_1_6,35,10,5393,1201
loop_2056_circuit_no_condition_2_1_6,35,11,5406,1201
loop_2056_circuit_no_condition_2_1_6,35,12,5419,1201
loop_2056_circuit_no_condition_2_1_6,35,13,5392,1201
loop_2056_circuit_no_condition_2_1_6,35,14,5397,1201
loop_2056_circuit_no_condition_2_1_6,35,15,5393,1201
loop_2056_circuit_no_condition_2_1_6,35,0,5399,1300
loop_2056_circuit_no_condition_2_1_6,35,1,5403,1300
loop_2056_circuit_no_condition_2_1_6,35,2,5397,1300
loop_2056_circuit_no_condition_2_1_6,35,3,5409,1300
loop_2056_circuit_no_condition_2_1_6,35,4,5394,1300
loop_2056_circuit_no_condition_2_1_6,35,5,5415,1300
loop_2056_circuit_no_condition_2_1_6,35,6,5396,1300
loop_2056_circuit_no_condition_2_1_6,35,7,5394,1300
loop_2056_circuit_no_condition_2_1_6,35,8,5400,1300
loop_2056_circuit_no_condition_2_1_6,35,9,5399,1300
loop_2056_circuit_no_condition_2_1_6,35,10,5399,1300
loop_2056_circuit_no_condition_2_1_6,35,11,5396,1300
loop_2056_circuit_no_condition_2_1_6,35,12,5421,1300
loop_2056_circuit_no_condition_2_1_6,35,13,5402,1300
loop_2056_circuit_no_condition_2_1_6,35,14,5398,1300
loop_2056_circuit_no_condition_2_1_6,35,15,5395,1300
loop_2056_circuit_no_condition_2_1_6,35,0,5396,1400
loop_2056_circuit_no_condition_2_1_6,35,1,5394,1400
loop_2056_circuit_no_condition_2_1_6,35,2,5396,1400
loop_2056_circuit_no_condition_2_1_6,35,3,5395,1400
loop_2056_circuit_no_condition_2_1_6,35,4,5394,1400
loop_2056_circuit_no_condition_2_1_6,35,5,5393,1400
loop_2056_circuit_no_condition_2_1_6,35,6,5394,1400
loop_2056_circuit_no_condition_2_1_6,35,7,5399,1400
loop_2056_circuit_no_condition_2_1_6,35,8,5401,1400
loop_2056_circuit_no_condition_2_1_6,35,9,5396,1400
loop_2056_circuit_no_condition_2_1_6,35,10,5392,1400
loop_2056_circuit_no_condition_2_1_6,35,11,5400,1400
loop_2056_circuit_no_condition_2_1_6,35,12,5420,1400
loop_2056_circuit_no_condition_2_1_6,35,13,5406,1400
loop_2056_circuit_no_condition_2_1_6,35,14,5398,1400
loop_2056_circuit_no_condition_2_1_6,35,15,5395,1400
loop_2056_circuit_no_condition_2_1_6,35,0,624,1501
loop_2056_circuit_no_condition_2_1_6,35,1,624,1501
loop_2056_circuit_no_condition_2_1_6,35,2,624,1501
loop_2056_circuit_no_condition_2_1_6,35,3,624,1501
loop_2056_circuit_no_condition_2_1_6,35,4,624,1501
loop_2056_circuit_no_condition_2_1_6,35,5,624,1501
loop_2056_circuit_no_condition_2_1_6,35,6,624,1501
loop_2056_circuit_no_condition_2_1_6,35,7,624,1501
loop_2056_circuit_no_condition_2_1_6,35,8,624,1501
loop_2056_circuit_no_condition_2_1_6,35,9,624,1501
loop_2056_circuit_no_condition_2_1_6,35,10,624,1501
loop_2056_circuit_no_condition_2_1_6,35,11,624,1501
loop_2056_circuit_no_condition_2_1_6,35,12,5430,1501
loop_2056_circuit_no_condition_2_1_6,35,13,624,1501
loop_2056_circuit_no_condition_2_1_6,35,14,624,1501
loop_2056_circuit_no_condition_2_1_6,35,15,624,1501
loop_2056_circuit_no_condition_2_1_6,35,0,5417,1600
loop_2056_circuit_no_condition_2_1_6,35,1,5410,1600
loop_2056_circuit_no_condition_2_1_6,35,2,5392,1600
loop_2056_circuit_no_condition_2_1_6,35,3,5394,1600
loop_2056_circuit_no_condition_2_1_6,35,4,5427,1600
loop_2056_circuit_no_condition_2_1_6,35,5,5420,1600
loop_2056_circuit_no_condition_2_1_6,35,6,5422,1600
loop_2056_circuit_no_condition_2_1_6,35,7,5434,1600
loop_2056_circuit_no_condition_2_1_6,35,8,624,1600
loop_2056_circuit_no_condition_2_1_6,35,9,5386,1600
loop_2056_circuit_no_condition_2_1_6,35,10,5378,1600
loop_2056_circuit_no_condition_2_1_6,35,11,5416,1600
loop_2056_circuit_no_condition_2_1_6,35,12,5415,1600
loop_2056_circuit_no_condition_2_1_6,35,13,5419,1600
loop_2056_circuit_no_condition_2_1_6,35,14,5430,1600
loop_2056_circuit_no_condition_2_1_6,35,15,5426,1600
loop_2056_circuit_no_condition_2_1_6,36,0,5432,1
loop_2056_circuit_no_condition_2_1_6,36,1,5430,1
loop_2056_circuit_no_condition_2_1_6,36,2,5422,1
loop_2056_circuit_no_condition_2_1_6,36,3,5432,1
loop_2056_circuit_no_condition_2_1_6,36,4,5430,1
loop_2056_circuit_no_condition_2_1_6,36,5,5400,1
loop_2056_circuit_no_condition_2_1_6,36,6,5425,1
loop_2056_circuit_no_condition_2_1_6,36,7,5395,1
loop_2056_circuit_no_condition_2_1_6,36,8,624,1
loop_2056_circuit_no_condition_2_1_6,36,9,5418,1
loop_2056_circuit_no_condition_2_1_6,36,10,5424,1
loop_2056_circuit_no_condition_2_1_6,36,11,624,1
loop_2056_circuit_no_condition_2_1_6,36,12,5406,1
loop_2056_circuit_no_condition_2_1_6,36,13,5429,1
loop_2056_circuit_no_condition_2_1_6,36,14,5434,1
loop_2056_circuit_no_condition_2_1_6,36,15,5427,1
loop_2056_circuit_no_condition_2_1_6,36,0,5406,101
loop_2056_circuit_no_condition_2_1_6,36,1,5400,101
loop_2056_circuit_no_condition_2_1_6,36,2,5402,101
loop_2056_circuit_no_condition_2_1_6,36,3,5422,101
loop_2056_circuit_no_condition_2_1_6,36,4,5398,101
loop_2056_circuit_no_condition_2_1_6,36,5,5423,101
loop_2056_circuit_no_condition_2_1_6,36,6,5411,101
loop_2056_circuit_no_condition_2_1_6,36,7,5402,101
loop_2056_circuit_no_condition_2_1_6,36,8,5420,101
loop_2056_circuit_no_condition_2_1_6,36,9,5393,101
loop_2056_circuit_no_condition_2_1_6,36,10,5392,101
loop_2056_circuit_no_condition_2_1_6,36,11,5417,101
loop_2056_circuit_no_condition_2_1_6,36,12,5409,101
loop_2056_circuit_no_condition_2_1_6,36,13,5395,101
loop_2056_circuit_no_condition_2_1_6,36,14,5408,101
loop_2056_circuit_no_condition_2_1_6,36,15,5406,101
loop_2056_circuit_no_condition_2_1_6,36,0,5426,200
loop_2056_circuit_no_condition_2_1_6,36,1,4823,201
loop_2056_circuit_no_condition_2_1_6,36,2,5409,201
loop_2056_circuit_no_condition_2_1_6,36,3,5416,201
loop_2056_circuit_no_condition_2_1_6,36,4,5429,201
loop_2056_circuit_no_condition_2_1_6,36,5,5358,201
loop_2056_circuit_no_condition_2_1_6,36,6,5355,201
loop_2056_circuit_no_condition_2_1_6,36,7,5427,201
loop_2056_circuit_no_condition_2_1_6,36,8,5388,201
loop_2056_circuit_no_condition_2_1_6,36,9,5424,201
loop_2056_circuit_no_condition_2_1_6,36,10,5403,201
loop_2056_circuit_no_condition_2_1_6,36,11,5438,201
loop_2056_circuit_no_condition_2_1_6,36,12,5416,201
loop_2056_circuit_no_condition_2_1_6,36,13,5363,201
loop_2056_circuit_no_condition_2_1_6,36,14,5384,201
loop_2056_circuit_no_condition_2_1_6,36,15,5387,201
loop_2056_circuit_no_condition_2_1_6,36,0,624,301
loop_2056_circuit_no_condition_2_1_6,36,1,624,301
loop_2056_circuit_no_condition_2_1_6,36,2,624,301
loop_2056_circuit_no_condition_2_1_6,36,3,624,301
loop_2056_circuit_no_condition_2_1_6,36,4,624,301
loop_2056_circuit_no_condition_2_1_6,36,5,5430,301
loop_2056_circuit_no_condition_2_1_6,36,6,624,301
loop_2056_circuit_no_condition_2_1_6,36,7,4690,301
loop_2056_circuit_no_condition_2_1_6,36,8,624,301
loop_2056_circuit_no_condition_2_1_6,36,9,624,301
loop_2056_circuit_no_condition_2_1_6,36,10,624,301
loop_2056_circuit_no_condition_2_1_6,36,11,624,301
loop_2056_circuit_no_condition_2_1_6,36,12,624,301
loop_2056_circuit_no_condition_2_1_6,36,13,624,301
loop_2056_circuit_no_condition_2_1_6,36,14,624,301
loop_2056_circuit_no_condition_2_1_6,36,15,624,301
loop_2056_circuit_no_condition_2_1_6,36,0,624,401
loop_2056_circuit_no_condition_2_1_6,36,1,624,401
loop_2056_circuit_no_condition_2_1_6,36,2,624,401
loop_2056_circuit_no_condition_2_1_6,36,3,624,401
loop_2056_circuit_no_condition_2_1_6,36,4,624,401
loop_2056_circuit_no_condition_2_1_6,36,5,5427,401
loop_2056_circuit_no_condition_2_1_6,36,6,624,401
loop_2056_circuit_no_condition_2_1_6,36,7,624,401
loop_2056_circuit_no_condition_2_1_6,36,8,624,401
loop_2056_circuit_no_condition_2_1_6,36,9,624,401
loop_2056_circuit_no_condition_2_1_6,36,10,624,401
loop_2056_circuit_no_condition_2_1_6,36,11,624,401
loop_2056_circuit_no_condition_2_1_6,36,12,4019,401
loop_2056_circuit_no_condition_2_1_6,36,13,624,401
loop_2056_circuit_no_condition_2_1_6,36,14,624,401
loop_2056_circuit_no_condition_2_1_6,36,15,624,401
loop_2056_circuit_no_condition_2_1_6,36,0,624,501
loop_2056_circuit_no_condition_2_1_6,36,1,4726,501
loop_2056_circuit_no_condition_2_1_6,36,2,624,501
loop_2056_circuit_no_condition_2_1_6,36,3,624,501
loop_2056_circuit_no_condition_2_1_6,36,4,624,501
loop_2056_circuit_no_condition_2_1_6,36,5,5433,501
loop_2056_circuit_no_condition_2_1_6,36,6,4735,501
loop_2056_circuit_no_condition_2_1_6,36,7,624,501
loop_2056_circuit_no_condition_2_1_6,36,8,624,501
loop_2056_circuit_no_condition_2_1_6,36,9,624,501
loop_2056_circuit_no_condition_2_1_6,36,10,624,501
loop_2056_circuit_no_condition_2_1_6,36,11,624,501
loop_2056_circuit_no_condition_2_1_6,36,12,624,501
loop_2056_circuit_no_condition_2_1_6,36,13,624,501
loop_2056_circuit_no_condition_2_1_6,36,14,624,501
loop_2056_circuit_no_condition_2_1_6,36,15,624,501
loop_2056_circuit_no_condition_2_1_6,36,0,5415,601
loop_2056_circuit_no_condition_2_1_6,36,1,5416,601
loop_2056_circuit_no_condition_2_1_6,36,2,5418,601
loop_2056_circuit_no_condition_2_1_6,36,3,5416,601
loop_2056_circuit_no_condition_2_1_6,36,4,5415,601
loop_2056_circuit_no_condition_2_1_6,36,5,5416,601
loop_2056_circuit_no_condition_2_1_6,36,6,5414,601
loop_2056_circuit_no_condition_2_1_6,36,7,5414,601
loop_2056_circuit_no_condition_2_1_6,36,8,5419,601
loop_2056_circuit_no_condition_2_1_6,36,9,5417,601
loop_2056_circuit_no_condition_2_1_6,36,10,5415,601
loop_2056_circuit_no_condition_2_1_6,36,11,5415,601
loop_2056_circuit_no_condition_2_1_6,36,12,5415,601
loop_2056_circuit_no_condition_2_1_6,36,13,5417,601
loop_2056_circuit_no_condition_2_1_6,36,14,5417,601
loop_2056_circuit_no_condition_2_1_6,36,15,5415,601
loop_2056_circuit_no_condition_2_1_6,36,0,5419,701
loop_2056_circuit_no_condition_2_1_6,36,1,5422,701
loop_2056_circuit_no_condition_2_1_6,36,2,5422,701
loop_2056_circuit_no_condition_2_1_6,36,3,5422,701
loop_2056_circuit_no_condition_2_1_6,36,4,5418,701
loop_2056_circuit_no_condition_2_1_6,36,5,5422,701
loop_2056_circuit_no_condition_2_1_6,36,6,5419,701
loop_2056_circuit_no_condition_2_1_6,36,7,5419,701
loop_2056_circuit_no_condition_2_1_6,36,8,5418,701
loop_2056_circuit_no_condition_2_1_6,36,9,5422,701
loop_2056_circuit_no_condition_2_1_6,36,10,5422,701
loop_2056_circuit_no_condition_2_1_6,36,11,5421,701
loop_2056_circuit_no_condition_2_1_6,36,12,5418,701
loop_2056_circuit_no_condition_2_1_6,36,13,5418,701
loop_2056_circuit_no_condition_2_1_6,36,14,5418,701
loop_2056_circuit_no_condition_2_1_6,36,15,5419,701
loop_2056_circuit_no_condition_2_1_6,36,0,5414,801
loop_2056_circuit_no_condition_2_1_6,36,1,5413,801
loop_2056_circuit_no_condition_2_1_6,36,2,5416,801
loop_2056_circuit_no_condition_2_1_6,36,3,5417,801
loop_2056_circuit_no_condition_2_1_6,36,4,5414,801
loop_2056_circuit_no_condition_2_1_6,36,5,5419,801
loop_2056_circuit_no_condition_2_1_6,36,6,5413,801
loop_2056_circuit_no_condition_2_1_6,36,7,5415,801
loop_2056_circuit_no_condition_2_1_6,36,8,5413,801
loop_2056_circuit_no_condition_2_1_6,36,9,5414,801
loop_2056_circuit_no_condition_2_1_6,36,10,5413,801
loop_2056_circuit_no_condition_2_1_6,36,11,5415,801
loop_2056_circuit_no_condition_2_1_6,36,12,5414,801
loop_2056_circuit_no_condition_2_1_6,36,13,5412,801
loop_2056_circuit_no_condition_2_1_6,36,14,5413,801
loop_2056_circuit_no_condition_2_1_6,36,15,5413,801
loop_2056_circuit_no_condition_2_1_6,36,0,5420,900
loop_2056_circuit_no_condition_2_1_6,36,1,5413,900
loop_2056_circuit_no_condition_2_1_6,36,2,5416,900
loop_2056_circuit_no_condition_2_1_6,36,3,5418,900
loop_2056_circuit_no_condition_2_1_6,36,4,5418,900
loop_2056_circuit_no_condition_2_1_6,36,5,5412,900
loop_2056_circuit_no_condition_2_1_6,36,6,5413,900
loop_2056_circuit_no_condition_2_1_6,36,7,5413,900
loop_2056_circuit_no_condition_2_1_6,36,8,5417,900
loop_2056_circuit_no_condition_2_1_6,36,9,5415,900
loop_2056_circuit_no_condition_2_1_6,36,10,5414,900
loop_2056_circuit_no_condition_2_1_6,36,11,5423,900
loop_2056_circuit_no_condition_2_1_6,36,12,5424,900
loop_2056_circuit_no_condition_2_1_6,36,13,5424,900
loop_2056_circuit_no_condition_2_1_6,36,14,5418,900
loop_2056_circuit_no_condition_2_1_6,36,15,5423,900
loop_2056_circuit_no_condition_2_1_6,36,0,5418,1001
loop_2056_circuit_no_condition_2_1_6,36,1,5419,1001
loop_2056_circuit_no_condition_2_1_6,36,2,5418,1001
loop_2056_circuit_no_condition_2_1_6,36,3,5421,1001
loop_2056_circuit_no_condition_2_1_6,36,4,5425,1001
loop_2056_circuit_no_condition_2_1_6,36,5,5417,1001
loop_2056_circuit_no_condition_2_1_6,36,6,5419,1001
loop_2056_circuit_no_condition_2_1_6,36,7,5418,1001
loop_2056_circuit_no_condition_2_1_6,36,8,5418,1001
loop_2056_circuit_no_condition_2_1_6,36,9,5418,1001
loop_2056_circuit_no_condition_2_1_6,36,10,5418,1001
loop_2056_circuit_no_condition_2_1_6,36,11,5418,1001
loop_2056_circuit_no_condition_2_1_6,36,12,5418,1001
loop_2056_circuit_no_condition_2_1_6,36,13,5418,1001
loop_2056_circuit_no_condition_2_1_6,36,14,5420,1001
loop_2056_circuit_no_condition_2_1_6,36,15,5418,1001
loop_2056_circuit_no_condition_2_1_6,36,0,5411,1101
loop_2056_circuit_no_condition_2_1_6,36,1,5411,1101
loop_2056_circuit_no_condition_2_1_6,36,2,5411,1101
loop_2056_circuit_no_condition_2_1_6,36,3,5426,1101
loop_2056_circuit_no_condition_2_1_6,36,4,5420,1101
loop_2056_circuit_no_condition_2_1_6,36,5,5410,1101
loop_2056_circuit_no_condition_2_1_6,36,6,5411,1101
loop_2056_circuit_no_condition_2_1_6,36,7,5411,1101
loop_2056_circuit_no_condition_2_1_6,36,8,5411,1101
loop_2056_circuit_no_condition_2_1_6,36,9,5412,1101
loop_2056_circuit_no_condition_2_1_6,36,10,5412,1101
loop_2056_circuit_no_condition_2_1_6,36,11,5414,1101
loop_2056_circuit_no_condition_2_1_6,36,12,5411,1101
loop_2056_circuit_no_condition_2_1_6,36,13,5425,1101
loop_2056_circuit_no_condition_2_1_6,36,14,5428,1101
loop_2056_circuit_no_condition_2_1_6,36,15,5411,1101
loop_2056_circuit_no_condition_2_1_6,36,0,5420,1201
loop_2056_circuit_no_condition_2_1_6,36,1,5413,1201
loop_2056_circuit_no_condition_2_1_6,36,2,5414,1201
loop_2056_circuit_no_condition_2_1_6,36,3,5415,1201
loop_2056_circuit_no_condition_2_1_6,36,4,5415,1201
loop_2056_circuit_no_condition_2_1_6,36,5,5421,1201
loop_2056_circuit_no_condition_2_1_6,36,6,5418,1201
loop_2056_circuit_no_condition_2_1_6,36,7,5421,1201
loop_2056_circuit_no_condition_2_1_6,36,8,5414,1201
loop_2056_circuit_no_condition_2_1_6,36,9,5414,1201
loop_2056_circuit_no_condition_2_1_6,36,10,5414,1201
loop_2056_circuit_no_condition_2_1_6,36,11,5416,1201
loop_2056_circuit_no_condition_2_1_6,36,12,5414,1201
loop_2056_circuit_no_condition_2_1_6,36,13,5414,1201
loop_2056_circuit_no_condition_2_1_6,36,14,5421,1201
loop_2056_circuit_no_condition_2_1_6,36,15,5416,1201
loop_2056_circuit_no_condition_2_1_6,36,0,5413,1301
loop_2056_circuit_no_condition_2_1_6,36,1,5413,1301
loop_2056_circuit_no_condition_2_1_6,36,2,5413,1301
loop_2056_circuit_no_condition_2_1_6,36,3,5413,1301
loop_2056_circuit_no_condition_2_1_6,36,4,5414,1301
loop_2056_circuit_no_condition_2_1_6,36,5,5418,1301
loop_2056_circuit_no_condition_2_1_6,36,6,5416,1301
loop_2056_circuit_no_condition_2_1_6,36,7,5413,1301
loop_2056_circuit_no_condition_2_1_6,36,8,5413,1301
loop_2056_circuit_no_condition_2_1_6,36,9,5413,1301
loop_2056_circuit_no_condition_2_1_6,36,10,5413,1301
loop_2056_circuit_no_condition_2_1_6,36,11,5414,1301
loop_2056_circuit_no_condition_2_1_6,36,12,5413,1301
loop_2056_circuit_no_condition_2_1_6,36,13,5414,1301
loop_2056_circuit_no_condition_2_1_6,36,14,5417,1301
loop_2056_circuit_no_condition_2_1_6,36,15,5413,1301
loop_2056_circuit_no_condition_2_1_6,36,0,5426,1401
loop_2056_circuit_no_condition_2_1_6,36,1,5412,1401
loop_2056_circuit_no_condition_2_1_6,36,2,5418,1401
loop_2056_circuit_no_condition_2_1_6,36,3,5424,1401
loop_2056_circuit_no_condition_2_1_6,36,4,5421,1401
loop_2056_circuit_no_condition_2_1_6,36,5,5414,1401
loop_2056_circuit_no_condition_2_1_6,36,6,5413,1401
loop_2056_circuit_no_condition_2_1_6,36,7,5413,1401
loop_2056_circuit_no_condition_2_1_6,36,8,5414,1401
loop_2056_circuit_no_condition_2_1_6,36,9,5413,1401
loop_2056_circuit_no_condition_2_1_6,36,10,5425,1401
loop_2056_circuit_no_condition_2_1_6,36,11,5419,1401
loop_2056_circuit_no_condition_2_1_6,36,12,5412,1401
loop_2056_circuit_no_condition_2_1_6,36,13,5414,1401
loop_2056_circuit_no_condition_2_1_6,36,14,5419,1401
loop_2056_circuit_no_condition_2_1_6,36,15,5413,1401
loop_2056_circuit_no_condition_2_1_6,36,0,5428,1501
loop_2056_circuit_no_condition_2_1_6,36,1,5425,1501
loop_2056_circuit_no_condition_2_1_6,36,2,5427,1501
loop_2056_circuit_no_condition_2_1_6,36,3,5427,1501
loop_2056_circuit_no_condition_2_1_6,36,4,5426,1501
loop_2056_circuit_no_condition_2_1_6,36,5,5426,1501
loop_2056_circuit_no_condition_2_1_6,36,6,5425,1501
loop_2056_circuit_no_condition_2_1_6,36,7,5426,1501
loop_2056_circuit_no_condition_2_1_6,36,8,5427,1501
loop_2056_circuit_no_condition_2_1_6,36,9,5426,1501
loop_2056_circuit_no_condition_2_1_6,36,10,5427,1501
loop_2056_circuit_no_condition_2_1_6,36,11,5428,1501
loop_2056_circuit_no_condition_2_1_6,36,12,5426,1501
loop_2056_circuit_no_condition_2_1_6,36,13,5427,1501
loop_2056_circuit_no_condition_2_1_6,36,14,5431,1501
loop_2056_circuit_no_condition_2_1_6,36,15,5426,1501
loop_2056_circuit_no_condition_2_1_6,36,0,5417,1601
loop_2056_circuit_no_condition_2_1_6,36,1,5418,1601
loop_2056_circuit_no_condition_2_1_6,36,2,5417,1601
loop_2056_circuit_no_condition_2_1_6,36,3,5418,1601
loop_2056_circuit_no_condition_2_1_6,36,4,5425,1601
loop_2056_circuit_no_condition_2_1_6,36,5,5419,1601
loop_2056_circuit_no_condition_2_1_6,36,6,5417,1601
loop_2056_circuit_no_condition_2_1_6,36,7,5418,1601
loop_2056_circuit_no_condition_2_1_6,36,8,5419,1601
loop_2056_circuit_no_condition_2_1_6,36,9,5417,1601
loop_2056_circuit_no_condition_2_1_6,36,10,5423,1601
loop_2056_circuit_no_condition_2_1_6,36,11,5419,1601
loop_2056_circuit_no_condition_2_1_6,36,12,5417,1601
loop_2056_circuit_no_condition_2_1_6,36,13,5423,1601
loop_2056_circuit_no_condition_2_1_6,36,14,5419,1601
loop_2056_circuit_no_condition_2_1_6,36,15,5419,1601
loop_2056_circuit_no_condition_2_1_6,36,0,5422,1700
loop_2056_circuit_no_condition_2_1_6,36,1,5423,1700
loop_2056_circuit_no_condition_2_1_6,36,2,5422,1700
loop_2056_circuit_no_condition_2_1_6,36,3,5418,1700
loop_2056_circuit_no_condition_2_1_6,36,4,5422,1700
loop_2056_circuit_no_condition_2_1_6,36,5,5428,1700
loop_2056_circuit_no_condition_2_1_6,36,6,5422,1700
loop_2056_circuit_no_condition_2_1_6,36,7,5423,1700
loop_2056_circuit_no_condition_2_1_6,36,8,5422,1700
loop_2056_circuit_no_condition_2_1_6,36,9,5420,1700
loop_2056_circuit_no_condition_2_1_6,36,10,5423,1700
loop_2056_circuit_no_condition_2_1_6,36,11,5418,1700
loop_2056_circuit_no_condition_2_1_6,36,12,5422,1700
loop_2056_circuit_no_condition_2_1_6,36,13,5422,1700
loop_2056_circuit_no_condition_2_1_6,36,14,5423,1700
loop_2056_circuit_no_condition_2_1_6,36,15,5422,1700
loop_2056_circuit_no_condition_2_1_6,36,0,5416,1801
loop_2056_circuit_no_condition_2_1_6,36,1,5416,1801
loop_2056_circuit_no_condition_2_1_6,36,2,5416,1801
loop_2056_circuit_no_condition_2_1_6,36,3,5419,1801
loop_2056_circuit_no_condition_2_1_6,36,4,5417,1801
loop_2056_circuit_no_condition_2_1_6,36,5,5423,1801
loop_2056_circuit_no_condition_2_1_6,36,6,5416,1801
loop_2056_circuit_no_condition_2_1_6,36,7,5417,1801
loop_2056_circuit_no_condition_2_1_6,36,8,5416,1801
loop_2056_circuit_no_condition_2_1_6,36,9,5417,1801
loop_2056_circuit_no_condition_2_1_6,36,10,5417,1801
loop_2056_circuit_no_condition_2_1_6,36,11,5419,1801
loop_2056_circuit_no_condition_2_1_6,36,12,5417,1801
loop_2056_circuit_no_condition_2_1_6,36,13,5416,1801
loop_2056_circuit_no_condition_2_1_6,36,14,5416,1801
loop_2056_circuit_no_condition_2_1_6,36,15,5418,1801
loop_2056_circuit_no_condition_2_1_6,36,0,5416,1901
loop_2056_circuit_no_condition_2_1_6,36,1,5414,1901
loop_2056_circuit_no_condition_2_1_6,36,2,5417,1901
loop_2056_circuit_no_condition_2_1_6,36,3,5413,1901
loop_2056_circuit_no_condition_2_1_6,36,4,5417,1901
loop_2056_circuit_no_condition_2_1_6,36,5,5430,1901
loop_2056_circuit_no_condition_2_1_6,36,6,5415,1901
loop_2056_circuit_no_condition_2_1_6,36,7,5419,1901
loop_2056_circuit_no_condition_2_1_6,36,8,5424,1901
loop_2056_circuit_no_condition_2_1_6,36,9,5418,1901
loop_2056_circuit_no_condition_2_1_6,36,10,5423,1901
loop_2056_circuit_no_condition_2_1_6,36,11,5418,1901
loop_2056_circuit_no_condition_2_1_6,36,12,5421,1901
loop_2056_circuit_no_condition_2_1_6,36,13,5429,1901
loop_2056_circuit_no_condition_2_1_6,36,14,5423,1901
loop_2056_circuit_no_condition_2_1_6,36,15,5414,1901
loop_2056_circuit_no_condition_2_1_6,36,0,5387,2000
loop_2056_circuit_no_condition_2_1_6,36,1,5417,2000
loop_2056_circuit_no_condition_2_1_6,36,2,5421,2000
loop_2056_circuit_no_condition_2_1_6,36,3,5419,2000
loop_2056_circuit_no_condition_2_1_6,36,4,5428,2000
loop_2056_circuit_no_condition_2_1_6,36,5,5424,2000
loop_2056_circuit_no_condition_2_1_6,36,6,5425,2000
loop_2056_circuit_no_condition_2_1_6,36,7,5426,2000
loop_2056_circuit_no_condition_2_1_6,36,8,5417,2000
loop_2056_circuit_no_condition_2_1_6,36,9,5421,2000
loop_2056_circuit_no_condition_2_1_6,36,10,5408,2000
loop_2056_circuit_no_condition_2_1_6,36,11,5398,2000
loop_2056_circuit_no_condition_2_1_6,36,12,5424,2000
loop_2056_circuit_no_condition_2_1_6,36,13,5425,2000
loop_2056_circuit_no_condition_2_1_6,36,14,5338,2000
loop_2056_circuit_no_condition_2_1_6,36,15,5382,2000
loop_2056_circuit_no_condition_2_1_6,37,0,5429,1
loop_2056_circuit_no_condition_2_1_6,37,1,624,1
loop_2056_circuit_no_condition_2_1_6,37,2,5408,1
loop_2056_circuit_no_condition_2_1_6,37,3,5407,1
loop_2056_circuit_no_condition_2_1_6,37,4,5389,1
loop_2056_circuit_no_condition_2_1_6,37,5,5428,1
loop_2056_circuit_no_condition_2_1_6,37,6,624,1
loop_2056_circuit_no_condition_2_1_6,37,7,5428,1
loop_2056_circuit_no_condition_2_1_6,37,8,5426,1
loop_2056_circuit_no_condition_2_1_6,37,9,5416,1
loop_2056_circuit_no_condition_2_1_6,37,10,5429,1
loop_2056_circuit_no_condition_2_1_6,37,11,5418,1
loop_2056_circuit_no_condition_2_1_6,37,12,624,1
loop_2056_circuit_no_condition_2_1_6,37,13,624,1
loop_2056_circuit_no_condition_2_1_6,37,14,5401,1
loop_2056_circuit_no_condition_2_1_6,37,15,624,1
loop_2056_circuit_no_condition_2_1_6,37,0,5420,101
loop_2056_circuit_no_condition_2_1_6,37,1,5418,101
loop_2056_circuit_no_condition_2_1_6,37,2,5423,101
loop_2056_circuit_no_condition_2_1_6,37,3,5425,101
loop_2056_circuit_no_condition_2_1_6,37,4,5405,101
loop_2056_circuit_no_condition_2_1_6,37,5,5431,101
loop_2056_circuit_no_condition_2_1_6,37,6,624,101
loop_2056_circuit_no_condition_2_1_6,37,7,5412,101
loop_2056_circuit_no_condition_2_1_6,37,8,5369,101
loop_2056_circuit_no_condition_2_1_6,37,9,5373,101
loop_2056_circuit_no_condition_2_1_6,37,10,5407,101
loop_2056_circuit_no_condition_2_1_6,37,11,5419,101
loop_2056_circuit_no_condition_2_1_6,37,12,5373,101
loop_2056_circuit_no_condition_2_1_6,37,13,5416,101
loop_2056_circuit_no_condition_2_1_6,37,14,5430,101
loop_2056_circuit_no_condition_2_1_6,37,15,5346,101
loop_2056_circuit_no_condition_2_1_6,37,0,5416,200
loop_2056_circuit_no_condition_2_1_6,37,1,5397,200
loop_2056_circuit_no_condition_2_1_6,37,2,5415,200
loop_2056_circuit_no_condition_2_1_6,37,3,5419,200
loop_2056_circuit_no_condition_2_1_6,37,4,5413,200
loop_2056_circuit_no_condition_2_1_6,37,5,5428,200
loop_2056_circuit_no_condition_2_1_6,37,6,5419,200
loop_2056_circuit_no_condition_2_1_6,37,7,5424,200
loop_2056_circuit_no_condition_2_1_6,37,8,4645,200
loop_2056_circuit_no_condition_2_1_6,37,9,5106,200
loop_2056_circuit_no_condition_2_1_6,37,10,5400,200
loop_2056_circuit_no_condition_2_1_6,37,11,5416,200
loop_2056_circuit_no_condition_2_1_6,37,12,5375,200
loop_2056_circuit_no_condition_2_1_6,37,13,5373,200
loop_2056_circuit_no_condition_2_1_6,37,14,5423,200
loop_2056_circuit_no_condition_2_1_6,37,15,5416,200
loop_2056_circuit_no_condition_2_1_6,37,0,624,300
loop_2056_circuit_no_condition_2_1_6,37,1,624,300
loop_2056_circuit_no_condition_2_1_6,37,2,624,300
loop_2056_circuit_no_condition_2_1_6,37,3,624,300
loop_2056_circuit_no_condition_2_1_6,37,4,624,300
loop_2056_circuit_no_condition_2_1_6,37,5,5430,300
loop_2056_circuit_no_condition_2_1_6,37,6,624,300
loop_2056_circuit_no_condition_2_1_6,37,7,624,300
loop_2056_circuit_no_condition_2_1_6,37,8,4594,300
loop_2056_circuit_no_condition_2_1_6,37,9,624,300
loop_2056_circuit_no_condition_2_1_6,37,10,624,300
loop_2056_circuit_no_condition_2_1_6,37,11,624,300
loop_2056_circuit_no_condition_2_1_6,37,12,624,300
loop_2056_circuit_no_condition_2_1_6,37,13,624,300
loop_2056_circuit_no_condition_2_1_6,37,14,624,300
loop_2056_circuit_no_condition_2_1_6,37,15,624,300
loop_2056_circuit_no_condition_2_1_6,37,0,624,401
loop_2056_circuit_no_condition_2_1_6,37,1,624,401
loop_2056_circuit_no_condition_2_1_6,37,2,624,401
loop_2056_circuit_no_condition_2_1_6,37,3,624,401
loop_2056_circuit_no_condition_2_1_6,37,4,624,401
loop_2056_circuit_no_condition_2_1_6,37,5,5425,401
loop_2056_circuit_no_condition_2_1_6,37,6,624,401
loop_2056_circuit_no_condition_2_1_6,37,7,624,401
loop_2056_circuit_no_condition_2_1_6,37,8,624,401
loop_2056_circuit_no_condition_2_1_6,37,9,624,401
loop_2056_circuit_no_condition_2_1_6,37,10,624,401
loop_2056_circuit_no_condition_2_1_6,37,11,624,401
loop_2056_circuit_no_condition_2_1_6,37,12,624,401
loop_2056_circuit_no_condition_2_1_6,37,13,624,401
loop_2056_circuit_no_condition_2_1_6,37,14,624,401
loop_2056_circuit_no_condition_2_1_6,37,15,624,401
loop_2056_circuit_no_condition_2_1_6,37,0,4983,501
loop_2056_circuit_no_condition_2_1_6,37,1,624,501
loop_2056_circuit_no_condition_2_1_6,37,2,624,501
loop_2056_circuit_no_condition_2_1_6,37,3,624,501
loop_2056_circuit_no_condition_2_1_6,37,4,624,501
loop_2056_circuit_no_condition_2_1_6,37,5,5427,501
loop_2056_circuit_no_condition_2_1_6,37,6,4679,501
loop_2056_circuit_no_condition_2_1_6,37,7,624,501
loop_2056_circuit_no_condition_2_1_6,37,8,624,501
loop_2056_circuit_no_condition_2_1_6,37,9,624,501
loop_2056_circuit_no_condition_2_1_6,37,10,624,501
loop_2056_circuit_no_condition_2_1_6,37,11,624,501
loop_2056_circuit_no_condition_2_1_6,37,12,624,501
loop_2056_circuit_no_condition_2_1_6,37,13,624,501
loop_2056_circuit_no_condition_2_1_6,37,14,624,501
loop_2056_circuit_no_condition_2_1_6,37,15,624,501
loop_2056_circuit_no_condition_2_1_6,37,0,5425,601
loop_2056_circuit_no_condition_2_1_6,37,1,5427,601
loop_2056_circuit_no_condition_2_1_6,37,2,5425,601
loop_2056_circuit_no_condition_2_1_6,37,3,5425,601
loop_2056_circuit_no_condition_2_1_6,37,4,5423,601
loop_2056_circuit_no_condition_2_1_6,37,5,5424,601
loop_2056_circuit_no_condition_2_1_6,37,6,5424,601
loop_2056_circuit_no_condition_2_1_6,37,7,5422,601
loop_2056_circuit_no_condition_2_1_6,37,8,5422,601
loop_2056_circuit_no_condition_2_1_6,37,9,5422,601
loop_2056_circuit_no_condition_2_1_6,37,10,5423,601
loop_2056_circuit_no_condition_2_1_6,37,11,5425,601
loop_2056_circuit_no_condition_2_1_6,37,12,5424,601
loop_2056_circuit_no_condition_2_1_6,37,13,5423,601
loop_2056_circuit_no_condition_2_1_6,37,14,5424,601
loop_2056_circuit_no_condition_2_1_6,37,15,5423,601
loop_2056_circuit_no_condition_2_1_6,37,0,5412,701
loop_2056_circuit_no_condition_2_1_6,37,1,5412,701
loop_2056_circuit_no_condition_2_1_6,37,2,5412,701
loop_2056_circuit_no_condition_2_1_6,37,3,5413,701
loop_2056_circuit_no_condition_2_1_6,37,4,5420,701
loop_2056_circuit_no_condition_2_1_6,37,5,5413,701
loop_2056_circuit_no_condition_2_1_6,37,6,5415,701
loop_2056_circuit_no_condition_2_1_6,37,7,5412,701
loop_2056_circuit_no_condition_2_1_6,37,8,5420,701
loop_2056_circuit_no_condition_2_1_6,37,9,5413,701
loop_2056_circuit_no_condition_2_1_6,37,10,5412,701
loop_2056_circuit_no_condition_2_1_6,37,11,5417,701
loop_2056_circuit_no_condition_2_1_6,37,12,5412,701
loop_2056_circuit_no_condition_2_1_6,37,13,5413,701
loop_2056_circuit_no_condition_2_1_6,37,14,5412,701
loop_2056_circuit_no_condition_2_1_6,37,15,5420,701
loop_2056_circuit_no_condition_2_1_6,37,0,5418,800
loop_2056_circuit_no_condition_2_1_6,37,1,5415,800
loop_2056_circuit_no_condition_2_1_6,37,2,5422,800
loop_2056_circuit_no_condition_2_1_6,37,3,5415,800
loop_2056_circuit_no_condition_2_1_6,37,4,5422,800
loop_2056_circuit_no_condition_2_1_6,37,5,5416,800
loop_2056_circuit_no_condition_2_1_6,37,6,5416,800
loop_2056_circuit_no_condition_2_1_6,37,7,5415,800
loop_2056_circuit_no_condition_2_1_6,37,8,5416,800
loop_2056_circuit_no_condition_2_1_6,37,9,5418,800
loop_2056_circuit_no_condition_2_1_6,37,10,5416,800
loop_2056_circuit_no_condition_2_1_6,37,11,5415,800
loop_2056_circuit_no_condition_2_1_6,37,12,5415,800
loop_2056_circuit_no_condition_2_1_6,37,13,5415,800
loop_2056_circuit_no_condition_2_1_6,37,14,5416,800
loop_2056_circuit_no_condition_2_1_6,37,15,5423,800
loop_2056_circuit_no_condition_2_1_6,37,0,5413,901
loop_2056_circuit_no_condition_2_1_6,37,1,5420,901
loop_2056_circuit_no_condition_2_1_6,37,2,5412,901
loop_2056_circuit_no_condition_2_1_6,37,3,5412,901
loop_2056_circuit_no_condition_2_1_6,37,4,5412,901
loop_2056_circuit_no_condition_2_1_6,37,5,5420,901
loop_2056_circuit_no_condition_2_1_6,37,6,5413,901
loop_2056_circuit_no_condition_2_1_6,37,7,5412,901
loop_2056_circuit_no_condition_2_1_6,37,8,5412,901
loop_2056_circuit_no_condition_2_1_6,37,9,5412,901
loop_2056_circuit_no_condition_2_1_6,37,10,5413,901
loop_2056_circuit_no_condition_2_1_6,37,11,5412,901
loop_2056_circuit_no_condition_2_1_6,37,12,5413,901
loop_2056_circuit_no_condition_2_1_6,37,13,5411,901
loop_2056_circuit_no_condition_2_1_6,37,14,5419,901
loop_2056_circuit_no_condition_2_1_6,37,15,5413,901
loop_2056_circuit_no_condition_2_1_6,37,0,5418,1001
loop_2056_circuit_no_condition_2_1_6,37,1,5420,1001
loop_2056_circuit_no_condition_2_1_6,37,2,5418,1001
loop_2056_circuit_no_condition_2_1_6,37,3,5419,1001
loop_2056_circuit_no_condition_2_1_6,37,4,5419,1001
loop_2056_circuit_no_condition_2_1_6,37,5,5419,1001
loop_2056_circuit_no_condition_2_1_6,37,6,5420,1001
loop_2056_circuit_no_condition_2_1_6,37,7,5418,1001
loop_2056_circuit_no_condition_2_1_6,37,8,5425,1001
loop_2056_circuit_no_condition_2_1_6,37,9,5419,1001
loop_2056_circuit_no_condition_2_1_6,37,10,5419,1001
loop_2056_circuit_no_condition_2_1_6,37,11,5418,1001
loop_2056_circuit_no_condition_2_1_6,37,12,5422,1001
loop_2056_circuit_no_condition_2_1_6,37,13,5421,1001
loop_2056_circuit_no_condition_2_1_6,37,14,5419,1001
loop_2056_circuit_no_condition_2_1_6,37,15,5419,1001
loop_2056_circuit_no_condition_2_1_6,37,0,5418,1101
loop_2056_circuit_no_condition_2_1_6,37,1,5417,1101
loop_2056_circuit_no_condition_2_1_6,37,2,5417,1101
loop_2056_circuit_no_condition_2_1_6,37,3,5418,1101
loop_2056_circuit_no_condition_2_1_6,37,4,5417,1101
loop_2056_circuit_no_condition_2_1_6,37,5,5425,1101
loop_2056_circuit_no_condition_2_1_6,37,6,5420,1101
loop_2056_circuit_no_condition_2_1_6,37,7,5418,1101
loop_2056_circuit_no_condition_2_1_6,37,8,5417,1101
loop_2056_circuit_no_condition_2_1_6,37,9,5418,1101
loop_2056_circuit_no_condition_2_1_6,37,10,5417,1101
loop_2056_circuit_no_condition_2_1_6,37,11,5417,1101
loop_2056_circuit_no_condition_2_1_6,37,12,5416,1101
loop_2056_circuit_no_condition_2_1_6,37,13,5417,1101
loop_2056_circuit_no_condition_2_1_6,37,14,5420,1101
loop_2056_circuit_no_condition_2_1_6,37,15,5417,1101
loop_2056_circuit_no_condition_2_1_6,37,0,5416,1200
loop_2056_circuit_no_condition_2_1_6,37,1,5418,1200
loop_2056_circuit_no_condition_2_1_6,37,2,5416,1200
loop_2056_circuit_no_condition_2_1_6,37,3,5418,1200
loop_2056_circuit_no_condition_2_1_6,37,4,5424,1200
loop_2056_circuit_no_condition_2_1_6,37,5,5417,1200
loop_2056_circuit_no_condition_2_1_6,37,6,5416,1200
loop_2056_circuit_no_condition_2_1_6,37,7,5416,1200
loop_2056_circuit_no_condition_2_1_6,37,8,5416,1200
loop_2056_circuit_no_condition_2_1_6,37,9,5419,1200
loop_2056_circuit_no_condition_2_1_6,37,10,5417,1200
loop_2056_circuit_no_condition_2_1_6,37,11,5418,1200
loop_2056_circuit_no_condition_2_1_6,37,12,5418,1200
loop_2056_circuit_no_condition_2_1_6,37,13,5418,1200
loop_2056_circuit_no_condition_2_1_6,37,14,5418,1200
loop_2056_circuit_no_condition_2_1_6,37,15,5417,1200
loop_2056_circuit_no_condition_2_1_6,37,0,5414,1300
loop_2056_circuit_no_condition_2_1_6,37,1,5420,1300
loop_2056_circuit_no_condition_2_1_6,37,2,5414,1300
loop_2056_circuit_no_condition_2_1_6,37,3,5416,1300
loop_2056_circuit_no_condition_2_1_6,37,4,5419,1300
loop_2056_circuit_no_condition_2_1_6,37,5,5422,1300
loop_2056_circuit_no_condition_2_1_6,37,6,5414,1300
loop_2056_circuit_no_condition_2_1_6,37,7,5414,1300
loop_2056_circuit_no_condition_2_1_6,37,8,5414,1300
loop_2056_circuit_no_condition_2_1_6,37,9,5416,1300
loop_2056_circuit_no_condition_2_1_6,37,10,5415,1300
loop_2056_circuit_no_condition_2_1_6,37,11,5418,1300
loop_2056_circuit_no_condition_2_1_6,37,12,5414,1300
loop_2056_circuit_no_condition_2_1_6,37,13,5414,1300
loop_2056_circuit_no_condition_2_1_6,37,14,5415,1300
loop_2056_circuit_no_condition_2_1_6,37,15,5414,1300
loop_2056_circuit_no_condition_2_1_6,37,0,5411,1401
loop_2056_circuit_no_condition_2_1_6,37,1,5411,1401
loop_2056_circuit_no_condition_2_1_6,37,2,5411,1401
loop_2056_circuit_no_condition_2_1_6,37,3,5413,1401
loop_2056_circuit_no_condition_2_1_6,37,4,5411,1401
loop_2056_circuit_no_condition_2_1_6,37,5,5418,1401
loop_2056_circuit_no_condition_2_1_6,37,6,5412,1401
loop_2056_circuit_no_condition_2_1_6,37,7,5412,1401
loop_2056_circuit_no_condition_2_1_6,37,8,5411,1401
loop_2056_circuit_no_condition_2_1_6,37,9,5412,1401
loop_2056_circuit_no_condition_2_1_6,37,10,5411,1401
loop_2056_circuit_no_condition_2_1_6,37,11,5412,1401
loop_2056_circuit_no_condition_2_1_6,37,12,5414,1401
loop_2056_circuit_no_condition_2_1_6,37,13,5411,1401
loop_2056_circuit_no_condition_2_1_6,37,14,5411,1401
loop_2056_circuit_no_condition_2_1_6,37,15,5412,1401
loop_2056_circuit_no_condition_2_1_6,37,0,5413,1501
loop_2056_circuit_no_condition_2_1_6,37,1,5418,1501
loop_2056_circuit_no_condition_2_1_6,37,2,5414,1501
loop_2056_circuit_no_condition_2_1_6,37,3,5414,1501
loop_2056_circuit_no_condition_2_1_6,37,4,5419,1501
loop_2056_circuit_no_condition_2_1_6,37,5,5414,1501
loop_2056_circuit_no_condition_2_1_6,37,6,5414,1501
loop_2056_circuit_no_condition_2_1_6,37,7,5413,1501
loop_2056_circuit_no_condition_2_1_6,37,8,5413,1501
loop_2056_circuit_no_condition_2_1_6,37,9,5414,1501
loop_2056_circuit_no_condition_2_1_6,37,10,5414,1501
loop_2056_circuit_no_condition_2_1_6,37,11,5415,1501
loop_2056_circuit_no_condition_2_1_6,37,12,5414,1501
loop_2056_circuit_no_condition_2_1_6,37,13,5416,1501
loop_2056_circuit_no_condition_2_1_6,37,14,5417,1501
loop_2056_circuit_no_condition_2_1_6,37,15,5413,1501
loop_2056_circuit_no_condition_2_1_6,37,0,5418,1601
loop_2056_circuit_no_condition_2_1_6,37,1,5417,1601
loop_2056_circuit_no_condition_2_1_6,37,2,5418,1601
loop_2056_circuit_no_condition_2_1_6,37,3,5419,1601
loop_2056_circuit_no_condition_2_1_6,37,4,5418,1601
loop_2056_circuit_no_condition_2_1_6,37,5,5417,1601
loop_2056_circuit_no_condition_2_1_6,37,6,5418,1601
loop_2056_circuit_no_condition_2_1_6,37,7,5419,1601
loop_2056_circuit_no_condition_2_1_6,37,8,5418,1601
loop_2056_circuit_no_condition_2_1_6,37,9,5418,1601
loop_2056_circuit_no_condition_2_1_6,37,10,5418,1601
loop_2056_circuit_no_condition_2_1_6,37,11,5418,1601
loop_2056_circuit_no_condition_2_1_6,37,12,5418,1601
loop_2056_circuit_no_condition_2_1_6,37,13,5419,1601
loop_2056_circuit_no_condition_2_1_6,37,14,5423,1601
loop_2056_circuit_no_condition_2_1_6,37,15,5419,1601
loop_2056_circuit_no_condition_2_1_6,37,0,5415,1700
loop_2056_circuit_no_condition_2_1_6,37,1,5414,1700
loop_2056_circuit_no_condition_2_1_6,37,2,5420,1700
loop_2056_circuit_no_condition_2_1_6,37,3,5420,1700
loop_2056_circuit_no_condition_2_1_6,37,4,5421,1700
loop_2056_circuit_no_condition_2_1_6,37,5,5424,1700
loop_2056_circuit_no_condition_2_1_6,37,6,5420,1700
loop_2056_circuit_no_condition_2_1_6,37,7,5420,1700
loop_2056_circuit_no_condition_2_1_6,37,8,5421,1700
loop_2056_circuit_no_condition_2_1_6,37,9,5420,1700
loop_2056_circuit_no_condition_2_1_6,37,10,5425,1700
loop_2056_circuit_no_condition_2_1_6,37,11,5421,1700
loop_2056_circuit_no_condition_2_1_6,37,12,5421,1700
loop_2056_circuit_no_condition_2_1_6,37,13,5421,1700
loop_2056_circuit_no_condition_2_1_6,37,14,5422,1700
loop_2056_circuit_no_condition_2_1_6,37,15,5424,1700
loop_2056_circuit_no_condition_2_1_6,37,0,5419,1801
loop_2056_circuit_no_condition_2_1_6,37,1,5419,1801
loop_2056_circuit_no_condition_2_1_6,37,2,5418,1801
loop_2056_circuit_no_condition_2_1_6,37,3,5418,1801
loop_2056_circuit_no_condition_2_1_6,37,4,5426,1801
loop_2056_circuit_no_condition_2_1_6,37,5,5419,1801
loop_2056_circuit_no_condition_2_1_6,37,6,5418,1801
loop_2056_circuit_no_condition_2_1_6,37,7,5418,1801
loop_2056_circuit_no_condition_2_1_6,37,8,5422,1801
loop_2056_circuit_no_condition_2_1_6,37,9,5418,1801
loop_2056_circuit_no_condition_2_1_6,37,10,5419,1801
loop_2056_circuit_no_condition_2_1_6,37,11,5419,1801
loop_2056_circuit_no_condition_2_1_6,37,12,5418,1801
loop_2056_circuit_no_condition_2_1_6,37,13,5419,1801
loop_2056_circuit_no_condition_2_1_6,37,14,5419,1801
loop_2056_circuit_no_condition_2_1_6,37,15,5418,1801
loop_2056_circuit_no_condition_2_1_6,37,0,5414,1901
loop_2056_circuit_no_condition_2_1_6,37,1,5414,1901
loop_2056_circuit_no_condition_2_1_6,37,2,5414,1901
loop_2056_circuit_no_condition_2_1_6,37,3,5414,1901
loop_2056_circuit_no_condition_2_1_6,37,4,5415,1901
loop_2056_circuit_no_condition_2_1_6,37,5,5413,1901
loop_2056_circuit_no_condition_2_1_6,37,6,5414,1901
loop_2056_circuit_no_condition_2_1_6,37,7,5414,1901
loop_2056_circuit_no_condition_2_1_6,37,8,5414,1901
loop_2056_circuit_no_condition_2_1_6,37,9,5414,1901
loop_2056_circuit_no_condition_2_1_6,37,10,5412,1901
loop_2056_circuit_no_condition_2_1_6,37,11,5414,1901
loop_2056_circuit_no_condition_2_1_6,37,12,5415,1901
loop_2056_circuit_no_condition_2_1_6,37,13,5419,1901
loop_2056_circuit_no_condition_2_1_6,37,14,5414,1901
loop_2056_circuit_no_condition_2_1_6,37,15,5414,1901
loop_2056_circuit_no_condition_2_1_6,37,0,624,2001
loop_2056_circuit_no_condition_2_1_6,37,1,5404,2001
loop_2056_circuit_no_condition_2_1_6,37,2,5427,2001
loop_2056_circuit_no_condition_2_1_6,37,3,5419,2001
loop_2056_circuit_no_condition_2_1_6,37,4,5436,2001
loop_2056_circuit_no_condition_2_1_6,37,5,5428,2001
loop_2056_circuit_no_condition_2_1_6,37,6,5405,2001
loop_2056_circuit_no_condition_2_1_6,37,7,5428,2001
loop_2056_circuit_no_condition_2_1_6,37,8,5424,2001
loop_2056_circuit_no_condition_2_1_6,37,9,5374,2001
loop_2056_circuit_no_condition_2_1_6,37,10,5387,2001
loop_2056_circuit_no_condition_2_1_6,37,11,5434,2001
loop_2056_circuit_no_condition_2_1_6,37,12,5409,2001
loop_2056_circuit_no_condition_2_1_6,37,13,5383,2001
loop_2056_circuit_no_condition_2_1_6,37,14,5426,2001
loop_2056_circuit_no_condition_2_1_6,37,15,5405,2001
loop_2056_circuit_no_condition_2_1_6,38,0,5432,1
loop_2056_circuit_no_condition_2_1_6,38,1,5422,1
loop_2056_circuit_no_condition_2_1_6,38,2,5426,1
loop_2056_circuit_no_condition_2_1_6,38,3,624,1
loop_2056_circuit_no_condition_2_1_6,38,4,5429,1
loop_2056_circuit_no_condition_2_1_6,38,5,5432,1
loop_2056_circuit_no_condition_2_1_6,38,6,5275,1
loop_2056_circuit_no_condition_2_1_6,38,7,5431,1
loop_2056_circuit_no_condition_2_1_6,38,8,5432,1
loop_2056_circuit_no_condition_2_1_6,38,9,5431,1
loop_2056_circuit_no_condition_2_1_6,38,10,5429,1
loop_2056_circuit_no_condition_2_1_6,38,11,5432,1
loop_2056_circuit_no_condition_2_1_6,38,12,624,1
loop_2056_circuit_no_condition_2_1_6,38,13,624,1
loop_2056_circuit_no_condition_2_1_6,38,14,624,1
loop_2056_circuit_no_condition_2_1_6,38,15,624,1
loop_2056_circuit_no_condition_2_1_6,38,0,5422,100
loop_2056_circuit_no_condition_2_1_6,38,1,5372,100
loop_2056_circuit_no_condition_2_1_6,38,2,5294,100
loop_2056_circuit_no_condition_2_1_6,38,3,5366,100
loop_2056_circuit_no_condition_2_1_6,38,4,5374,100
loop_2056_circuit_no_condition_2_1_6,38,5,5423,100
loop_2056_circuit_no_condition_2_1_6,38,6,5419,100
loop_2056_circuit_no_condition_2_1_6,38,7,5410,100
loop_2056_circuit_no_condition_2_1_6,38,8,5425,100
loop_2056_circuit_no_condition_2_1_6,38,9,5413,100
loop_2056_circuit_no_condition_2_1_6,38,10,5426,100
loop_2056_circuit_no_condition_2_1_6,38,11,5356,100
loop_2056_circuit_no_condition_2_1_6,38,12,5405,100
loop_2056_circuit_no_condition_2_1_6,38,13,5415,100
loop_2056_circuit_no_condition_2_1_6,38,14,5422,100
loop_2056_circuit_no_condition_2_1_6,38,15,5418,100
loop_2056_circuit_no_condition_2_1_6,38,0,624,200
loop_2056_circuit_no_condition_2_1_6,38,1,624,200
loop_2056_circuit_no_condition_2_1_6,38,2,5397,200
loop_2056_circuit_no_condition_2_1_6,38,3,624,200
loop_2056_circuit_no_condition_2_1_6,38,4,5424,200
loop_2056_circuit_no_condition_2_1_6,38,5,624,200
loop_2056_circuit_no_condition_2_1_6,38,6,5435,200
loop_2056_circuit_no_condition_2_1_6,38,7,4424,200
loop_2056_circuit_no_condition_2_1_6,38,8,5420,200
loop_2056_circuit_no_condition_2_1_6,38,9,624,200
loop_2056_circuit_no_condition_2_1_6,38,10,624,200
loop_2056_circuit_no_condition_2_1_6,38,11,624,200
loop_2056_circuit_no_condition_2_1_6,38,12,624,200
loop_2056_circuit_no_condition_2_1_6,38,13,624,200
loop_2056_circuit_no_condition_2_1_6,38,14,624,200
loop_2056_circuit_no_condition_2_1_6,38,15,624,200
loop_2056_circuit_no_condition_2_1_6,38,0,624,300
loop_2056_circuit_no_condition_2_1_6,38,1,624,300
loop_2056_circuit_no_condition_2_1_6,38,2,624,300
loop_2056_circuit_no_condition_2_1_6,38,3,624,300
loop_2056_circuit_no_condition_2_1_6,38,4,5436,300
loop_2056_circuit_no_condition_2_1_6,38,5,624,300
loop_2056_circuit_no_condition_2_1_6,38,6,624,300
loop_2056_circuit_no_condition_2_1_6,38,7,624,300
loop_2056_circuit_no_condition_2_1_6,38,8,624,300
loop_2056_circuit_no_condition_2_1_6,38,9,624,300
loop_2056_circuit_no_condition_2_1_6,38,10,624,300
loop_2056_circuit_no_condition_2_1_6,38,11,624,300
loop_2056_circuit_no_condition_2_1_6,38,12,624,300
loop_2056_circuit_no_condition_2_1_6,38,13,624,300
loop_2056_circuit_no_condition_2_1_6,38,14,624,300
loop_2056_circuit_no_condition_2_1_6,38,15,624,300
loop_2056_circuit_no_condition_2_1_6,38,0,624,400
loop_2056_circuit_no_condition_2_1_6,38,1,5421,400
loop_2056_circuit_no_condition_2_1_6,38,2,624,400
loop_2056_circuit_no_condition_2_1_6,38,3,4557,400
loop_2056_circuit_no_condition_2_1_6,38,4,5430,400
loop_2056_circuit_no_condition_2_1_6,38,5,624,400
loop_2056_circuit_no_condition_2_1_6,38,6,624,400
loop_2056_circuit_no_condition_2_1_6,38,7,624,400
loop_2056_circuit_no_condition_2_1_6,38,8,624,400
loop_2056_circuit_no_condition_2_1_6,38,9,624,400
loop_2056_circuit_no_condition_2_1_6,38,10,624,400
loop_2056_circuit_no_condition_2_1_6,38,11,624,400
loop_2056_circuit_no_condition_2_1_6,38,12,624,400
loop_2056_circuit_no_condition_2_1_6,38,13,624,400
loop_2056_circuit_no_condition_2_1_6,38,14,624,400
loop_2056_circuit_no_condition_2_1_6,38,15,5421,400
loop_2056_circuit_no_condition_2_1_6,38,0,624,500
loop_2056_circuit_no_condition_2_1_6,38,1,4848,500
loop_2056_circuit_no_condition_2_1_6,38,2,624,500
loop_2056_circuit_no_condition_2_1_6,38,3,624,500
loop_2056_circuit_no_condition_2_1_6,38,4,5430,500
loop_2056_circuit_no_condition_2_1_6,38,5,624,500
loop_2056_circuit_no_condition_2_1_6,38,6,624,500
loop_2056_circuit_no_condition_2_1_6,38,7,624,500
loop_2056_circuit_no_condition_2_1_6,38,8,624,500
loop_2056_circuit_no_condition_2_1_6,38,9,624,500
loop_2056_circuit_no_condition_2_1_6,38,10,624,500
loop_2056_circuit_no_condition_2_1_6,38,11,624,500
loop_2056_circuit_no_condition_2_1_6,38,12,624,500
loop_2056_circuit_no_condition_2_1_6,38,13,624,500
loop_2056_circuit_no_condition_2_1_6,38,14,624,500
loop_2056_circuit_no_condition_2_1_6,38,15,624,500
loop_2056_circuit_no_condition_2_1_6,38,0,5423,601
loop_2056_circuit_no_condition_2_1_6,38,1,5423,601
loop_2056_circuit_no_condition_2_1_6,38,2,5423,601
loop_2056_circuit_no_condition_2_1_6,38,3,5423,601
loop_2056_circuit_no_condition_2_1_6,38,4,5430,601
loop_2056_circuit_no_condition_2_1_6,38,5,5425,601
loop_2056_circuit_no_condition_2_1_6,38,6,5423,601
loop_2056_circuit_no_condition_2_1_6,38,7,5423,601
loop_2056_circuit_no_condition_2_1_6,38,8,5423,601
loop_2056_circuit_no_condition_2_1_6,38,9,5423,601
loop_2056_circuit_no_condition_2_1_6,38,10,5425,601
loop_2056_circuit_no_condition_2_1_6,38,11,5425,601
loop_2056_circuit_no_condition_2_1_6,38,12,5423,601
loop_2056_circuit_no_condition_2_1_6,38,13,5426,601
loop_2056_circuit_no_condition_2_1_6,38,14,5424,601
loop_2056_circuit_no_condition_2_1_6,38,15,5423,601
loop_2056_circuit_no_condition_2_1_6,38,0,5418,700
loop_2056_circuit_no_condition_2_1_6,38,1,5418,700
loop_2056_circuit_no_condition_2_1_6,38,2,5414,700
loop_2056_circuit_no_condition_2_1_6,38,3,5418,700
loop_2056_circuit_no_condition_2_1_6,38,4,5425,700
loop_2056_circuit_no_condition_2_1_6,38,5,5415,700
loop_2056_circuit_no_condition_2_1_6,38,6,5418,700
loop_2056_circuit_no_condition_2_1_6,38,7,5418,700
loop_2056_circuit_no_condition_2_1_6,38,8,5417,700
loop_2056_circuit_no_condition_2_1_6,38,9,5413,700
loop_2056_circuit_no_condition_2_1_6,38,10,5414,700
loop_2056_circuit_no_condition_2_1_6,38,11,5419,700
loop_2056_circuit_no_condition_2_1_6,38,12,5417,700
loop_2056_circuit_no_condition_2_1_6,38,13,5421,700
loop_2056_circuit_no_condition_2_1_6,38,14,5413,700
loop_2056_circuit_no_condition_2_1_6,38,15,5414,700
loop_2056_circuit_no_condition_2_1_6,38,0,5413,800
loop_2056_circuit_no_condition_2_1_6,38,1,5414,800
loop_2056_circuit_no_condition_2_1_6,38,2,5413,800
loop_2056_circuit_no_condition_2_1_6,38,3,5414,800
loop_2056_circuit_no_condition_2_1_6,38,4,5419,800
loop_2056_circuit_no_condition_2_1_6,38,5,5413,800
loop_2056_circuit_no_condition_2_1_6,38,6,5413,800
loop_2056_circuit_no_condition_2_1_6,38,7,5414,800
loop_2056_circuit_no_condition_2_1_6,38,8,5413,800
loop_2056_circuit_no_condition_2_1_6,38,9,5413,800
loop_2056_circuit_no_condition_2_1_6,38,10,5413,800
loop_2056_circuit_no_condition_2_1_6,38,11,5414,800
loop_2056_circuit_no_condition_2_1_6,38,12,5414,800
loop_2056_circuit_no_condition_2_1_6,38,13,5413,800
loop_2056_circuit_no_condition_2_1_6,38,14,5414,800
loop_2056_circuit_no_condition_2_1_6,38,15,5415,800
loop_2056_circuit_no_condition_2_1_6,38,0,5428,900
loop_2056_circuit_no_condition_2_1_6,38,1,5427,900
loop_2056_circuit_no_condition_2_1_6,38,2,5424,900
loop_2056_circuit_no_condition_2_1_6,38,3,5427,900
loop_2056_circuit_no_condition_2_1_6,38,4,5431,900
loop_2056_circuit_no_condition_2_1_6,38,5,5423,900
loop_2056_circuit_no_condition_2_1_6,38,6,5425,900
loop_2056_circuit_no_condition_2_1_6,38,7,5425,900
loop_2056_circuit_no_condition_2_1_6,38,8,5428,900
loop_2056_circuit_no_condition_2_1_6,38,9,5428,900
loop_2056_circuit_no_condition_2_1_6,38,10,5425,900
loop_2056_circuit_no_condition_2_1_6,38,11,5425,900
loop_2056_circuit_no_condition_2_1_6,38,12,5424,900
loop_2056_circuit_no_condition_2_1_6,38,13,5424,900
loop_2056_circuit_no_condition_2_1_6,38,14,5425,900
loop_2056_circuit_no_condition_2_1_6,38,15,5425,900
loop_2056_circuit_no_condition_2_1_6,38,0,5417,1000
loop_2056_circuit_no_condition_2_1_6,38,1,5417,1000
loop_2056_circuit_no_condition_2_1_6,38,2,5417,1000
loop_2056_circuit_no_condition_2_1_6,38,3,5418,1000
loop_2056_circuit_no_condition_2_1_6,38,4,5416,1000
loop_2056_circuit_no_condition_2_1_6,38,5,5424,1000
loop_2056_circuit_no_condition_2_1_6,38,6,5418,1000
loop_2056_circuit_no_condition_2_1_6,38,7,5417,1000
loop_2056_circuit_no_condition_2_1_6,38,8,5417,1000
loop_2056_circuit_no_condition_2_1_6,38,9,5417,1000
loop_2056_circuit_no_condition_2_1_6,38,10,5417,1000
loop_2056_circuit_no_condition_2_1_6,38,11,5418,1000
loop_2056_circuit_no_condition_2_1_6,38,12,5416,1000
loop_2056_circuit_no_condition_2_1_6,38,13,5416,1000
loop_2056_circuit_no_condition_2_1_6,38,14,5417,1000
loop_2056_circuit_no_condition_2_1_6,38,15,5417,1000
loop_2056_circuit_no_condition_2_1_6,38,0,5418,1101
loop_2056_circuit_no_condition_2_1_6,38,1,5419,1101
loop_2056_circuit_no_condition_2_1_6,38,2,5419,1101
loop_2056_circuit_no_condition_2_1_6,38,3,5420,1101
loop_2056_circuit_no_condition_2_1_6,38,4,5424,1101
loop_2056_circuit_no_condition_2_1_6,38,5,5418,1101
loop_2056_circuit_no_condition_2_1_6,38,6,5418,1101
loop_2056_circuit_no_condition_2_1_6,38,7,5418,1101
loop_2056_circuit_no_condition_2_1_6,38,8,5421,1101
loop_2056_circuit_no_condition_2_1_6,38,9,5419,1101
loop_2056_circuit_no_condition_2_1_6,38,10,5418,1101
loop_2056_circuit_no_condition_2_1_6,38,11,5421,1101
loop_2056_circuit_no_condition_2_1_6,38,12,5418,1101
loop_2056_circuit_no_condition_2_1_6,38,13,5418,1101
loop_2056_circuit_no_condition_2_1_6,38,14,5419,1101
loop_2056_circuit_no_condition_2_1_6,38,15,5418,1101
loop_2056_circuit_no_condition_2_1_6,38,0,5418,1200
loop_2056_circuit_no_condition_2_1_6,38,1,5416,1200
loop_2056_circuit_no_condition_2_1_6,38,2,5419,1200
loop_2056_circuit_no_condition_2_1_6,38,3,5417,1200
loop_2056_circuit_no_condition_2_1_6,38,4,5417,1200
loop_2056_circuit_no_condition_2_1_6,38,5,5416,1200
loop_2056_circuit_no_condition_2_1_6,38,6,5416,1200
loop_2056_circuit_no_condition_2_1_6,38,7,5416,1200
loop_2056_circuit_no_condition_2_1_6,38,8,5418,1200
loop_2056_circuit_no_condition_2_1_6,38,9,5416,1200
loop_2056_circuit_no_condition_2_1_6,38,10,5420,1200
loop_2056_circuit_no_condition_2_1_6,38,11,5418,1200
loop_2056_circuit_no_condition_2_1_6,38,12,5424,1200
loop_2056_circuit_no_condition_2_1_6,38,13,5415,1200
loop_2056_circuit_no_condition_2_1_6,38,14,5418,1200
loop_2056_circuit_no_condition_2_1_6,38,15,5419,1200
loop_2056_circuit_no_condition_2_1_6,38,0,5414,1300
loop_2056_circuit_no_condition_2_1_6,38,1,5416,1300
loop_2056_circuit_no_condition_2_1_6,38,2,5416,1300
loop_2056_circuit_no_condition_2_1_6,38,3,5414,1300
loop_2056_circuit_no_condition_2_1_6,38,4,5415,1300
loop_2056_circuit_no_condition_2_1_6,38,5,5416,1300
loop_2056_circuit_no_condition_2_1_6,38,6,5414,1300
loop_2056_circuit_no_condition_2_1_6,38,7,5415,1300
loop_2056_circuit_no_condition_2_1_6,38,8,5417,1300
loop_2056_circuit_no_condition_2_1_6,38,9,5415,1300
loop_2056_circuit_no_condition_2_1_6,38,10,5416,1300
loop_2056_circuit_no_condition_2_1_6,38,11,5415,1300
loop_2056_circuit_no_condition_2_1_6,38,12,5415,1300
loop_2056_circuit_no_condition_2_1_6,38,13,5420,1300
loop_2056_circuit_no_condition_2_1_6,38,14,5416,1300
loop_2056_circuit_no_condition_2_1_6,38,15,5415,1300
loop_2056_circuit_no_condition_2_1_6,38,0,5424,1400
loop_2056_circuit_no_condition_2_1_6,38,1,5424,1400
loop_2056_circuit_no_condition_2_1_6,38,2,5422,1400
loop_2056_circuit_no_condition_2_1_6,38,3,5425,1400
loop_2056_circuit_no_condition_2_1_6,38,4,5424,1400
loop_2056_circuit_no_condition_2_1_6,38,5,5422,1400
loop_2056_circuit_no_condition_2_1_6,38,6,5424,1400
loop_2056_circuit_no_condition_2_1_6,38,7,5425,1400
loop_2056_circuit_no_condition_2_1_6,38,8,5425,1400
loop_2056_circuit_no_condition_2_1_6,38,9,5424,1400
loop_2056_circuit_no_condition_2_1_6,38,10,5426,1400
loop_2056_circuit_no_condition_2_1_6,38,11,5425,1400
loop_2056_circuit_no_condition_2_1_6,38,12,5431,1400
loop_2056_circuit_no_condition_2_1_6,38,13,5425,1400
loop_2056_circuit_no_condition_2_1_6,38,14,5425,1400
loop_2056_circuit_no_condition_2_1_6,38,15,5425,1400
loop_2056_circuit_no_condition_2_1_6,38,0,5419,1500
loop_2056_circuit_no_condition_2_1_6,38,1,5418,1500
loop_2056_circuit_no_condition_2_1_6,38,2,5418,1500
loop_2056_circuit_no_condition_2_1_6,38,3,5417,1500
loop_2056_circuit_no_condition_2_1_6,38,4,5420,1500
loop_2056_circuit_no_condition_2_1_6,38,5,5417,1500
loop_2056_circuit_no_condition_2_1_6,38,6,5419,1500
loop_2056_circuit_no_condition_2_1_6,38,7,5417,1500
loop_2056_circuit_no_condition_2_1_6,38,8,5417,1500
loop_2056_circuit_no_condition_2_1_6,38,9,5418,1500
loop_2056_circuit_no_condition_2_1_6,38,10,5419,1500
loop_2056_circuit_no_condition_2_1_6,38,11,5416,1500
loop_2056_circuit_no_condition_2_1_6,38,12,5421,1500
loop_2056_circuit_no_condition_2_1_6,38,13,5425,1500
loop_2056_circuit_no_condition_2_1_6,38,14,5417,1500
loop_2056_circuit_no_condition_2_1_6,38,15,5418,1500
loop_2056_circuit_no_condition_2_1_6,38,0,5424,1600
loop_2056_circuit_no_condition_2_1_6,38,1,5418,1600
loop_2056_circuit_no_condition_2_1_6,38,2,5422,1600
loop_2056_circuit_no_condition_2_1_6,38,3,5422,1600
loop_2056_circuit_no_condition_2_1_6,38,4,5430,1600
loop_2056_circuit_no_condition_2_1_6,38,5,5423,1600
loop_2056_circuit_no_condition_2_1_6,38,6,5423,1600
loop_2056_circuit_no_condition_2_1_6,38,7,5424,1600
loop_2056_circuit_no_condition_2_1_6,38,8,5424,1600
loop_2056_circuit_no_condition_2_1_6,38,9,5424,1600
loop_2056_circuit_no_condition_2_1_6,38,10,5423,1600
loop_2056_circuit_no_condition_2_1_6,38,11,5422,1600
loop_2056_circuit_no_condition_2_1_6,38,12,5425,1600
loop_2056_circuit_no_condition_2_1_6,38,13,5424,1600
loop_2056_circuit_no_condition_2_1_6,38,14,5426,1600
loop_2056_circuit_no_condition_2_1_6,38,15,5423,1600
loop_2056_circuit_no_condition_2_1_6,38,0,5419,1700
loop_2056_circuit_no_condition_2_1_6,38,1,5416,1700
loop_2056_circuit_no_condition_2_1_6,38,2,5416,1700
loop_2056_circuit_no_condition_2_1_6,38,3,5416,1700
loop_2056_circuit_no_condition_2_1_6,38,4,5421,1700
loop_2056_circuit_no_condition_2_1_6,38,5,5423,1700
loop_2056_circuit_no_condition_2_1_6,38,6,5421,1700
loop_2056_circuit_no_condition_2_1_6,38,7,5416,1700
loop_2056_circuit_no_condition_2_1_6,38,8,5418,1700
loop_2056_circuit_no_condition_2_1_6,38,9,5417,1700
loop_2056_circuit_no_condition_2_1_6,38,10,5417,1700
loop_2056_circuit_no_condition_2_1_6,38,11,5416,1700
loop_2056_circuit_no_condition_2_1_6,38,12,5417,1700
loop_2056_circuit_no_condition_2_1_6,38,13,5417,1700
loop_2056_circuit_no_condition_2_1_6,38,14,5417,1700
loop_2056_circuit_no_condition_2_1_6,38,15,5417,1700
loop_2056_circuit_no_condition_2_1_6,38,0,5412,1800
loop_2056_circuit_no_condition_2_1_6,38,1,5413,1800
loop_2056_circuit_no_condition_2_1_6,38,2,5411,1800
loop_2056_circuit_no_condition_2_1_6,38,3,5412,1800
loop_2056_circuit_no_condition_2_1_6,38,4,5414,1800
loop_2056_circuit_no_condition_2_1_6,38,5,5411,1800
loop_2056_circuit_no_condition_2_1_6,38,6,5412,1800
loop_2056_circuit_no_condition_2_1_6,38,7,5419,1800
loop_2056_circuit_no_condition_2_1_6,38,8,5416,1800
loop_2056_circuit_no_condition_2_1_6,38,9,5411,1800
loop_2056_circuit_no_condition_2_1_6,38,10,5413,1800
loop_2056_circuit_no_condition_2_1_6,38,11,5411,1800
loop_2056_circuit_no_condition_2_1_6,38,12,5411,1800
loop_2056_circuit_no_condition_2_1_6,38,13,5415,1800
loop_2056_circuit_no_condition_2_1_6,38,14,5414,1800
loop_2056_circuit_no_condition_2_1_6,38,15,5411,1800
loop_2056_circuit_no_condition_2_1_6,38,0,5416,1900
loop_2056_circuit_no_condition_2_1_6,38,1,5427,1900
loop_2056_circuit_no_condition_2_1_6,38,2,5410,1900
loop_2056_circuit_no_condition_2_1_6,38,3,5411,1900
loop_2056_circuit_no_condition_2_1_6,38,4,5434,1900
loop_2056_circuit_no_condition_2_1_6,38,5,5426,1900
loop_2056_circuit_no_condition_2_1_6,38,6,5415,1900
loop_2056_circuit_no_condition_2_1_6,38,7,5419,1900
loop_2056_circuit_no_condition_2_1_6,38,8,5425,1900
loop_2056_circuit_no_condition_2_1_6,38,9,5421,1900
loop_2056_circuit_no_condition_2_1_6,38,10,5411,1900
loop_2056_circuit_no_condition_2_1_6,38,11,5411,1900
loop_2056_circuit_no_condition_2_1_6,38,12,5422,1900
loop_2056_circuit_no_condition_2_1_6,38,13,5416,1900
loop_2056_circuit_no_condition_2_1_6,38,14,5408,1900
loop_2056_circuit_no_condition_2_1_6,38,15,5415,1900
loop_2056_circuit_no_condition_2_1_6,38,0,5422,2000
loop_2056_circuit_no_condition_2_1_6,38,1,5415,2000
loop_2056_circuit_no_condition_2_1_6,38,2,5425,2000
loop_2056_circuit_no_condition_2_1_6,38,3,5419,2000
loop_2056_circuit_no_condition_2_1_6,38,4,5422,2000
loop_2056_circuit_no_condition_2_1_6,38,5,5428,2000
loop_2056_circuit_no_condition_2_1_6,38,6,5416,2000
loop_2056_circuit_no_condition_2_1_6,38,7,5417,2000
loop_2056_circuit_no_condition_2_1_6,38,8,624,2000
loop_2056_circuit_no_condition_2_1_6,38,9,5424,2000
loop_2056_circuit_no_condition_2_1_6,38,10,5417,2000
loop_2056_circuit_no_condition_2_1_6,38,11,5424,2000
loop_2056_circuit_no_condition_2_1_6,38,12,5408,2000
loop_2056_circuit_no_condition_2_1_6,38,13,5379,2000
loop_2056_circuit_no_condition_2_1_6,38,14,5420,2000
loop_2056_circuit_no_condition_2_1_6,38,15,5421,2000
loop_2056_circuit_no_condition_2_1_6,39,0,5431,1
loop_2056_circuit_no_condition_2_1_6,39,1,5387,1
loop_2056_circuit_no_condition_2_1_6,39,2,5432,1
loop_2056_circuit_no_condition_2_1_6,39,3,5416,1
loop_2056_circuit_no_condition_2_1_6,39,4,5434,1
loop_2056_circuit_no_condition_2_1_6,39,5,5430,1
loop_2056_circuit_no_condition_2_1_6,39,6,624,1
loop_2056_circuit_no_condition_2_1_6,39,7,5429,1
loop_2056_circuit_no_condition_2_1_6,39,8,624,1
loop_2056_circuit_no_condition_2_1_6,39,9,5416,1
loop_2056_circuit_no_condition_2_1_6,39,10,5457,1
loop_2056_circuit_no_condition_2_1_6,39,11,5419,1
loop_2056_circuit_no_condition_2_1_6,39,12,5399,1
loop_2056_circuit_no_condition_2_1_6,39,13,624,1
loop_2056_circuit_no_condition_2_1_6,39,14,5431,1
loop_2056_circuit_no_condition_2_1_6,39,15,5428,1
loop_2056_circuit_no_condition_2_1_6,39,0,5420,101
loop_2056_circuit_no_condition_2_1_6,39,1,5416,101
loop_2056_circuit_no_condition_2_1_6,39,2,5412,101
loop_2056_circuit_no_condition_2_1_6,39,3,5417,101
loop_2056_circuit_no_condition_2_1_6,39,4,5401,101
loop_2056_circuit_no_condition_2_1_6,39,5,5427,101
loop_2056_circuit_no_condition_2_1_6,39,6,5408,101
loop_2056_circuit_no_condition_2_1_6,39,7,5408,101
loop_2056_circuit_no_condition_2_1_6,39,8,5417,101
loop_2056_circuit_no_condition_2_1_6,39,9,5411,101
loop_2056_circuit_no_condition_2_1_6,39,10,5351,101
loop_2056_circuit_no_condition_2_1_6,39,11,5396,101
loop_2056_circuit_no_condition_2_1_6,39,12,5415,101
loop_2056_circuit_no_condition_2_1_6,39,13,5349,101
loop_2056_circuit_no_condition_2_1_6,39,14,5377,101
loop_2056_circuit_no_condition_2_1_6,39,15,5414,101
loop_2056_circuit_no_condition_2_1_6,39,0,5418,200
loop_2056_circuit_no_condition_2_1_6,39,1,5402,200
loop_2056_circuit_no_condition_2_1_6,39,2,5422,200
loop_2056_circuit_no_condition_2_1_6,39,3,5424,200
loop_2056_circuit_no_condition_2_1_6,39,4,5411,200
loop_2056_circuit_no_condition_2_1_6,39,5,5422,200
loop_2056_circuit_no_condition_2_1_6,39,6,5415,200
loop_2056_circuit_no_condition_2_1_6,39,7,5428,200
loop_2056_circuit_no_condition_2_1_6,39,8,5429,200
loop_2056_circuit_no_condition_2_1_6,39,9,5384,200
loop_2056_circuit_no_condition_2_1_6,39,10,5407,200
loop_2056_circuit_no_condition_2_1_6,39,11,5347,200
loop_2056_circuit_no_condition_2_1_6,39,12,5421,200
loop_2056_circuit_no_condition_2_1_6,39,13,5353,200
loop_2056_circuit_no_condition_2_1_6,39,14,5334,200
loop_2056_circuit_no_condition_2_1_6,39,15,5377,200
loop_2056_circuit_no_condition_2_1_6,39,0,624,300
loop_2056_circuit_no_condition_2_1_6,39,1,624,300
loop_2056_circuit_no_condition_2_1_6,39,2,624,300
loop_2056_circuit_no_condition_2_1_6,39,3,624,300
loop_2056_circuit_no_condition_2_1_6,39,4,624,300
loop_2056_circuit_no_condition_2_1_6,39,5,5430,300
loop_2056_circuit_no_condition_2_1_6,39,6,624,300
loop_2056_circuit_no_condition_2_1_6,39,7,624,300
loop_2056_circuit_no_condition_2_1_6,39,8,624,300
loop_2056_circuit_no_condition_2_1_6,39,9,624,300
loop_2056_circuit_no_condition_2_1_6,39,10,624,300
loop_2056_circuit_no_condition_2_1_6,39,11,624,300
loop_2056_circuit_no_condition_2_1_6,39,12,624,300
loop_2056_circuit_no_condition_2_1_6,39,13,624,300
loop_2056_circuit_no_condition_2_1_6,39,14,4290,300
loop_2056_circuit_no_condition_2_1_6,39,15,4864,300
loop_2056_circuit_no_condition_2_1_6,39,0,624,400
loop_2056_circuit_no_condition_2_1_6,39,1,624,400
loop_2056_circuit_no_condition_2_1_6,39,2,624,400
loop_2056_circuit_no_condition_2_1_6,39,3,624,400
loop_2056_circuit_no_condition_2_1_6,39,4,624,400
loop_2056_circuit_no_condition_2_1_6,39,5,5430,400
loop_2056_circuit_no_condition_2_1_6,39,6,624,400
loop_2056_circuit_no_condition_2_1_6,39,7,624,400
loop_2056_circuit_no_condition_2_1_6,39,8,624,400
loop_2056_circuit_no_condition_2_1_6,39,9,624,400
loop_2056_circuit_no_condition_2_1_6,39,10,624,400
loop_2056_circuit_no_condition_2_1_6,39,11,624,400
loop_2056_circuit_no_condition_2_1_6,39,12,624,400
loop_2056_circuit_no_condition_2_1_6,39,13,624,400
loop_2056_circuit_no_condition_2_1_6,39,14,624,400
loop_2056_circuit_no_condition_2_1_6,39,15,624,400
loop_2056_circuit_no_condition_2_1_6,39,0,624,500
loop_2056_circuit_no_condition_2_1_6,39,1,624,500
loop_2056_circuit_no_condition_2_1_6,39,2,624,500
loop_2056_circuit_no_condition_2_1_6,39,3,4478,500
loop_2056_circuit_no_condition_2_1_6,39,4,4652,500
loop_2056_circuit_no_condition_2_1_6,39,5,5431,500
loop_2056_circuit_no_condition_2_1_6,39,6,624,500
loop_2056_circuit_no_condition_2_1_6,39,7,4640,500
loop_2056_circuit_no_condition_2_1_6,39,8,624,500
loop_2056_circuit_no_condition_2_1_6,39,9,624,500
loop_2056_circuit_no_condition_2_1_6,39,10,624,500
loop_2056_circuit_no_condition_2_1_6,39,11,624,500
loop_2056_circuit_no_condition_2_1_6,39,12,624,500
loop_2056_circuit_no_condition_2_1_6,39,13,624,500
loop_2056_circuit_no_condition_2_1_6,39,14,624,500
loop_2056_circuit_no_condition_2_1_6,39,15,624,500
loop_2056_circuit_no_condition_2_1_6,39,0,5427,601
loop_2056_circuit_no_condition_2_1_6,39,1,5421,601
loop_2056_circuit_no_condition_2_1_6,39,2,5420,601
loop_2056_circuit_no_condition_2_1_6,39,3,5420,601
loop_2056_circuit_no_condition_2_1_6,39,4,5422,601
loop_2056_circuit_no_condition_2_1_6,39,5,5415,601
loop_2056_circuit_no_condition_2_1_6,39,6,5422,601
loop_2056_circuit_no_condition_2_1_6,39,7,5422,601
loop_2056_circuit_no_condition_2_1_6,39,8,5420,601
loop_2056_circuit_no_condition_2_1_6,39,9,5420,601
loop_2056_circuit_no_condition_2_1_6,39,10,5420,601
loop_2056_circuit_no_condition_2_1_6,39,11,5416,601
loop_2056_circuit_no_condition_2_1_6,39,12,5420,601
loop_2056_circuit_no_condition_2_1_6,39,13,5420,601
loop_2056_circuit_no_condition_2_1_6,39,14,5415,601
loop_2056_circuit_no_condition_2_1_6,39,15,5420,601
loop_2056_circuit_no_condition_2_1_6,39,0,5419,700
loop_2056_circuit_no_condition_2_1_6,39,1,5418,700
loop_2056_circuit_no_condition_2_1_6,39,2,5419,700
loop_2056_circuit_no_condition_2_1_6,39,3,5421,700
loop_2056_circuit_no_condition_2_1_6,39,4,5419,700
loop_2056_circuit_no_condition_2_1_6,39,5,5420,700
loop_2056_circuit_no_condition_2_1_6,39,6,5420,700
loop_2056_circuit_no_condition_2_1_6,39,7,5420,700
loop_2056_circuit_no_condition_2_1_6,39,8,5420,700
loop_2056_circuit_no_condition_2_1_6,39,9,5421,700
loop_2056_circuit_no_condition_2_1_6,39,10,5418,700
loop_2056_circuit_no_condition_2_1_6,39,11,5422,700
loop_2056_circuit_no_condition_2_1_6,39,12,5419,700
loop_2056_circuit_no_condition_2_1_6,39,13,5423,700
loop_2056_circuit_no_condition_2_1_6,39,14,5422,700
loop_2056_circuit_no_condition_2_1_6,39,15,5419,700
loop_2056_circuit_no_condition_2_1_6,39,0,5423,800
loop_2056_circuit_no_condition_2_1_6,39,1,5419,800
loop_2056_circuit_no_condition_2_1_6,39,2,5417,800
loop_2056_circuit_no_condition_2_1_6,39,3,5418,800
loop_2056_circuit_no_condition_2_1_6,39,4,5417,800
loop_2056_circuit_no_condition_2_1_6,39,5,5416,800
loop_2056_circuit_no_condition_2_1_6,39,6,5419,800
loop_2056_circuit_no_condition_2_1_6,39,7,5418,800
loop_2056_circuit_no_condition_2_1_6,39,8,5421,800
loop_2056_circuit_no_condition_2_1_6,39,9,5419,800
loop_2056_circuit_no_condition_2_1_6,39,10,5417,800
loop_2056_circuit_no_condition_2_1_6,39,11,5419,800
loop_2056_circuit_no_condition_2_1_6,39,12,5419,800
loop_2056_circuit_no_condition_2_1_6,39,13,5426,800
loop_2056_circuit_no_condition_2_1_6,39,14,5422,800
loop_2056_circuit_no_condition_2_1_6,39,15,5416,800
loop_2056_circuit_no_condition_2_1_6,39,0,5426,901
loop_2056_circuit_no_condition_2_1_6,39,1,5425,901
loop_2056_circuit_no_condition_2_1_6,39,2,5424,901
loop_2056_circuit_no_condition_2_1_6,39,3,5423,901
loop_2056_circuit_no_condition_2_1_6,39,4,5429,901
loop_2056_circuit_no_condition_2_1_6,39,5,5425,901
loop_2056_circuit_no_condition_2_1_6,39,6,5424,901
loop_2056_circuit_no_condition_2_1_6,39,7,5424,901
loop_2056_circuit_no_condition_2_1_6,39,8,5424,901
loop_2056_circuit_no_condition_2_1_6,39,9,5425,901
loop_2056_circuit_no_condition_2_1_6,39,10,5424,901
loop_2056_circuit_no_condition_2_1_6,39,11,5427,901
loop_2056_circuit_no_condition_2_1_6,39,12,5423,901
loop_2056_circuit_no_condition_2_1_6,39,13,5423,901
loop_2056_circuit_no_condition_2_1_6,39,14,5423,901
loop_2056_circuit_no_condition_2_1_6,39,15,5423,901
loop_2056_circuit_no_condition_2_1_6,39,0,5421,1001
loop_2056_circuit_no_condition_2_1_6,39,1,5420,1001
loop_2056_circuit_no_condition_2_1_6,39,2,5419,1001
loop_2056_circuit_no_condition_2_1_6,39,3,5420,1001
loop_2056_circuit_no_condition_2_1_6,39,4,5424,1001
loop_2056_circuit_no_condition_2_1_6,39,5,5420,1001
loop_2056_circuit_no_condition_2_1_6,39,6,5423,1001
loop_2056_circuit_no_condition_2_1_6,39,7,5421,1001
loop_2056_circuit_no_condition_2_1_6,39,8,5418,1001
loop_2056_circuit_no_condition_2_1_6,39,9,5418,1001
loop_2056_circuit_no_condition_2_1_6,39,10,5423,1001
loop_2056_circuit_no_condition_2_1_6,39,11,5418,1001
loop_2056_circuit_no_condition_2_1_6,39,12,5420,1001
loop_2056_circuit_no_condition_2_1_6,39,13,5418,1001
loop_2056_circuit_no_condition_2_1_6,39,14,5420,1001
loop_2056_circuit_no_condition_2_1_6,39,15,5419,1001
loop_2056_circuit_no_condition_2_1_6,39,0,5420,1100
loop_2056_circuit_no_condition_2_1_6,39,1,5416,1100
loop_2056_circuit_no_condition_2_1_6,39,2,5419,1100
loop_2056_circuit_no_condition_2_1_6,39,3,5421,1100
loop_2056_circuit_no_condition_2_1_6,39,4,5421,1100
loop_2056_circuit_no_condition_2_1_6,39,5,5421,1100
loop_2056_circuit_no_condition_2_1_6,39,6,5422,1100
loop_2056_circuit_no_condition_2_1_6,39,7,5420,1100
loop_2056_circuit_no_condition_2_1_6,39,8,5420,1100
loop_2056_circuit_no_condition_2_1_6,39,9,5423,1100
loop_2056_circuit_no_condition_2_1_6,39,10,5422,1100
loop_2056_circuit_no_condition_2_1_6,39,11,5424,1100
loop_2056_circuit_no_condition_2_1_6,39,12,5421,1100
loop_2056_circuit_no_condition_2_1_6,39,13,5418,1100
loop_2056_circuit_no_condition_2_1_6,39,14,5420,1100
loop_2056_circuit_no_condition_2_1_6,39,15,5421,1100
loop_2056_circuit_no_condition_2_1_6,39,0,5412,1200
loop_2056_circuit_no_condition_2_1_6,39,1,5413,1200
loop_2056_circuit_no_condition_2_1_6,39,2,5414,1200
loop_2056_circuit_no_condition_2_1_6,39,3,5418,1200
loop_2056_circuit_no_condition_2_1_6,39,4,5426,1200
loop_2056_circuit_no_condition_2_1_6,39,5,5416,1200
loop_2056_circuit_no_condition_2_1_6,39,6,5415,1200
loop_2056_circuit_no_condition_2_1_6,39,7,5414,1200
loop_2056_circuit_no_condition_2_1_6,39,8,5414,1200
loop_2056_circuit_no_condition_2_1_6,39,9,5413,1200
loop_2056_circuit_no_condition_2_1_6,39,10,5415,1200
loop_2056_circuit_no_condition_2_1_6,39,11,5413,1200
loop_2056_circuit_no_condition_2_1_6,39,12,5413,1200
loop_2056_circuit_no_condition_2_1_6,39,13,5417,1200
loop_2056_circuit_no_condition_2_1_6,39,14,5414,1200
loop_2056_circuit_no_condition_2_1_6,39,15,5414,1200
loop_2056_circuit_no_condition_2_1_6,39,0,5419,1301
loop_2056_circuit_no_condition_2_1_6,39,1,5415,1301
loop_2056_circuit_no_condition_2_1_6,39,2,5422,1301
loop_2056_circuit_no_condition_2_1_6,39,3,5427,1301
loop_2056_circuit_no_condition_2_1_6,39,4,5421,1301
loop_2056_circuit_no_condition_2_1_6,39,5,5421,1301
loop_2056_circuit_no_condition_2_1_6,39,6,5416,1301
loop_2056_circuit_no_condition_2_1_6,39,7,5417,1301
loop_2056_circuit_no_condition_2_1_6,39,8,5420,1301
loop_2056_circuit_no_condition_2_1_6,39,9,5415,1301
loop_2056_circuit_no_condition_2_1_6,39,10,5415,1301
loop_2056_circuit_no_condition_2_1_6,39,11,5421,1301
loop_2056_circuit_no_condition_2_1_6,39,12,5415,1301
loop_2056_circuit_no_condition_2_1_6,39,13,5415,1301
loop_2056_circuit_no_condition_2_1_6,39,14,5421,1301
loop_2056_circuit_no_condition_2_1_6,39,15,5415,1301
loop_2056_circuit_no_condition_2_1_6,39,0,5426,1401
loop_2056_circuit_no_condition_2_1_6,39,1,5426,1401
loop_2056_circuit_no_condition_2_1_6,39,2,5425,1401
loop_2056_circuit_no_condition_2_1_6,39,3,5426,1401
loop_2056_circuit_no_condition_2_1_6,39,4,5427,1401
loop_2056_circuit_no_condition_2_1_6,39,5,5431,1401
loop_2056_circuit_no_condition_2_1_6,39,6,5425,1401
loop_2056_circuit_no_condition_2_1_6,39,7,5426,1401
loop_2056_circuit_no_condition_2_1_6,39,8,5425,1401
loop_2056_circuit_no_condition_2_1_6,39,9,5426,1401
loop_2056_circuit_no_condition_2_1_6,39,10,5420,1401
loop_2056_circuit_no_condition_2_1_6,39,11,5417,1401
loop_2056_circuit_no_condition_2_1_6,39,12,5427,1401
loop_2056_circuit_no_condition_2_1_6,39,13,5425,1401
loop_2056_circuit_no_condition_2_1_6,39,14,5425,1401
loop_2056_circuit_no_condition_2_1_6,39,15,5422,1401
loop_2056_circuit_no_condition_2_1_6,39,0,5424,1500
loop_2056_circuit_no_condition_2_1_6,39,1,5423,1500
loop_2056_circuit_no_condition_2_1_6,39,2,5424,1500
loop_2056_circuit_no_condition_2_1_6,39,3,5424,1500
loop_2056_circuit_no_condition_2_1_6,39,4,5425,1500
loop_2056_circuit_no_condition_2_1_6,39,5,5431,1500
loop_2056_circuit_no_condition_2_1_6,39,6,5424,1500
loop_2056_circuit_no_condition_2_1_6,39,7,5425,1500
loop_2056_circuit_no_condition_2_1_6,39,8,5424,1500
loop_2056_circuit_no_condition_2_1_6,39,9,5424,1500
loop_2056_circuit_no_condition_2_1_6,39,10,5424,1500
loop_2056_circuit_no_condition_2_1_6,39,11,5425,1500
loop_2056_circuit_no_condition_2_1_6,39,12,5425,1500
loop_2056_circuit_no_condition_2_1_6,39,13,5424,1500
loop_2056_circuit_no_condition_2_1_6,39,14,5424,1500
loop_2056_circuit_no_condition_2_1_6,39,15,5424,1500
loop_2056_circuit_no_condition_2_1_6,39,0,5413,1600
loop_2056_circuit_no_condition_2_1_6,39,1,5419,1600
loop_2056_circuit_no_condition_2_1_6,39,2,5418,1600
loop_2056_circuit_no_condition_2_1_6,39,3,5419,1600
loop_2056_circuit_no_condition_2_1_6,39,4,5423,1600
loop_2056_circuit_no_condition_2_1_6,39,5,5418,1600
loop_2056_circuit_no_condition_2_1_6,39,6,5414,1600
loop_2056_circuit_no_condition_2_1_6,39,7,5418,1600
loop_2056_circuit_no_condition_2_1_6,39,8,5418,1600
loop_2056_circuit_no_condition_2_1_6,39,9,5418,1600
loop_2056_circuit_no_condition_2_1_6,39,10,5413,1600
loop_2056_circuit_no_condition_2_1_6,39,11,5414,1600
loop_2056_circuit_no_condition_2_1_6,39,12,5418,1600
loop_2056_circuit_no_condition_2_1_6,39,13,5419,1600
loop_2056_circuit_no_condition_2_1_6,39,14,5420,1600
loop_2056_circuit_no_condition_2_1_6,39,15,5418,1600
loop_2056_circuit_no_condition_2_1_6,39,0,5422,1701
loop_2056_circuit_no_condition_2_1_6,39,1,5423,1701
loop_2056_circuit_no_condition_2_1_6,39,2,5418,1701
loop_2056_circuit_no_condition_2_1_6,39,3,5418,1701
loop_2056_circuit_no_condition_2_1_6,39,4,5418,1701
loop_2056_circuit_no_condition_2_1_6,39,5,5420,1701
loop_2056_circuit_no_condition_2_1_6,39,6,5414,1701
loop_2056_circuit_no_condition_2_1_6,39,7,5420,1701
loop_2056_circuit_no_condition_2_1_6,39,8,5416,1701
loop_2056_circuit_no_condition_2_1_6,39,9,5415,1701
loop_2056_circuit_no_condition_2_1_6,39,10,5418,1701
loop_2056_circuit_no_condition_2_1_6,39,11,5417,1701
loop_2056_circuit_no_condition_2_1_6,39,12,5418,1701
loop_2056_circuit_no_condition_2_1_6,39,13,5418,1701
loop_2056_circuit_no_condition_2_1_6,39,14,5418,1701
loop_2056_circuit_no_condition_2_1_6,39,15,5415,1701
loop_2056_circuit_no_condition_2_1_6,39,0,5419,1801
loop_2056_circuit_no_condition_2_1_6,39,1,5414,1801
loop_2056_circuit_no_condition_2_1_6,39,2,5411,1801
loop_2056_circuit_no_condition_2_1_6,39,3,5413,1801
loop_2056_circuit_no_condition_2_1_6,39,4,5416,1801
loop_2056_circuit_no_condition_2_1_6,39,5,5415,1801
loop_2056_circuit_no_condition_2_1_6,39,6,5418,1801
loop_2056_circuit_no_condition_2_1_6,39,7,5417,1801
loop_2056_circuit_no_condition_2_1_6,39,8,5411,1801
loop_2056_circuit_no_condition_2_1_6,39,9,5416,1801
loop_2056_circuit_no_condition_2_1_6,39,10,5411,1801
loop_2056_circuit_no_condition_2_1_6,39,11,5416,1801
loop_2056_circuit_no_condition_2_1_6,39,12,5419,1801
loop_2056_circuit_no_condition_2_1_6,39,13,5411,1801
loop_2056_circuit_no_condition_2_1_6,39,14,5411,1801
loop_2056_circuit_no_condition_2_1_6,39,15,5414,1801
loop_2056_circuit_no_condition_2_1_6,39,0,5418,1900
loop_2056_circuit_no_condition_2_1_6,39,1,5416,1900
loop_2056_circuit_no_condition_2_1_6,39,2,5416,1900
loop_2056_circuit_no_condition_2_1_6,39,3,5416,1900
loop_2056_circuit_no_condition_2_1_6,39,4,5417,1900
loop_2056_circuit_no_condition_2_1_6,39,5,5421,1900
loop_2056_circuit_no_condition_2_1_6,39,6,5416,1900
loop_2056_circuit_no_condition_2_1_6,39,7,5416,1900
loop_2056_circuit_no_condition_2_1_6,39,8,5417,1900
loop_2056_circuit_no_condition_2_1_6,39,9,5416,1900
loop_2056_circuit_no_condition_2_1_6,39,10,5416,1900
loop_2056_circuit_no_condition_2_1_6,39,11,5416,1900
loop_2056_circuit_no_condition_2_1_6,39,12,5417,1900
loop_2056_circuit_no_condition_2_1_6,39,13,5416,1900
loop_2056_circuit_no_condition_2_1_6,39,14,5417,1900
loop_2056_circuit_no_condition_2_1_6,39,15,5416,1900
loop_2056_circuit_no_condition_2_1_6,39,0,5424,2000
loop_2056_circuit_no_condition_2_1_6,39,1,5417,2000
loop_2056_circuit_no_condition_2_1_6,39,2,5417,2000
loop_2056_circuit_no_condition_2_1_6,39,3,5420,2000
loop_2056_circuit_no_condition_2_1_6,39,4,5427,2000
loop_2056_circuit_no_condition_2_1_6,39,5,5418,2000
loop_2056_circuit_no_condition_2_1_6,39,6,5427,2000
loop_2056_circuit_no_condition_2_1_6,39,7,5420,2000
loop_2056_circuit_no_condition_2_1_6,39,8,5419,2000
loop_2056_circuit_no_condition_2_1_6,39,9,5423,2000
loop_2056_circuit_no_condition_2_1_6,39,10,5410,2000
loop_2056_circuit_no_condition_2_1_6,39,11,5424,2000
loop_2056_circuit_no_condition_2_1_6,39,12,5424,2000
loop_2056_circuit_no_condition_2_1_6,39,13,5418,2000
loop_2056_circuit_no_condition_2_1_6,39,14,5414,2000
loop_2056_circuit_no_condition_2_1_6,39,15,5423,2000
loop_2056_circuit_no_condition_2_1_6,40,0,5431,1
loop_2056_circuit_no_condition_2_1_6,40,1,5426,1
loop_2056_circuit_no_condition_2_1_6,40,2,5423,1
loop_2056_circuit_no_condition_2_1_6,40,3,624,1
loop_2056_circuit_no_condition_2_1_6,40,4,5427,1
loop_2056_circuit_no_condition_2_1_6,40,5,5414,1
loop_2056_circuit_no_condition_2_1_6,40,6,3486,1
loop_2056_circuit_no_condition_2_1_6,40,7,624,1
loop_2056_circuit_no_condition_2_1_6,40,8,5417,1
loop_2056_circuit_no_condition_2_1_6,40,9,5424,1
loop_2056_circuit_no_condition_2_1_6,40,10,4808,1
loop_2056_circuit_no_condition_2_1_6,40,11,5422,1
loop_2056_circuit_no_condition_2_1_6,40,12,624,1
loop_2056_circuit_no_condition_2_1_6,40,13,5411,1
loop_2056_circuit_no_condition_2_1_6,40,14,624,1
loop_2056_circuit_no_condition_2_1_6,40,15,5436,1
loop_2056_circuit_no_condition_2_1_6,40,0,5386,101
loop_2056_circuit_no_condition_2_1_6,40,1,5398,101
loop_2056_circuit_no_condition_2_1_6,40,2,5444,101
loop_2056_circuit_no_condition_2_1_6,40,3,5394,101
loop_2056_circuit_no_condition_2_1_6,40,4,5387,101
loop_2056_circuit_no_condition_2_1_6,40,5,5432,101
loop_2056_circuit_no_condition_2_1_6,40,6,5416,101
loop_2056_circuit_no_condition_2_1_6,40,7,5429,101
loop_2056_circuit_no_condition_2_1_6,40,8,5424,101
loop_2056_circuit_no_condition_2_1_6,40,9,5421,101
loop_2056_circuit_no_condition_2_1_6,40,10,5411,101
loop_2056_circuit_no_condition_2_1_6,40,11,5423,101
loop_2056_circuit_no_condition_2_1_6,40,12,5431,101
loop_2056_circuit_no_condition_2_1_6,40,13,624,101
loop_2056_circuit_no_condition_2_1_6,40,14,5419,101
loop_2056_circuit_no_condition_2_1_6,40,15,5428,101
loop_2056_circuit_no_condition_2_1_6,40,0,5422,200
loop_2056_circuit_no_condition_2_1_6,40,1,5414,200
loop_2056_circuit_no_condition_2_1_6,40,2,5418,200
loop_2056_circuit_no_condition_2_1_6,40,3,5423,200
loop_2056_circuit_no_condition_2_1_6,40,4,5417,200
loop_2056_circuit_no_condition_2_1_6,40,5,5395,200
loop_2056_circuit_no_condition_2_1_6,40,6,5433,200
loop_2056_circuit_no_condition_2_1_6,40,7,5416,200
loop_2056_circuit_no_condition_2_1_6,40,8,5422,200
loop_2056_circuit_no_condition_2_1_6,40,9,5234,200
loop_2056_circuit_no_condition_2_1_6,40,10,5396,200
loop_2056_circuit_no_condition_2_1_6,40,11,5361,200
loop_2056_circuit_no_condition_2_1_6,40,12,5429,200
loop_2056_circuit_no_condition_2_1_6,40,13,5427,200
loop_2056_circuit_no_condition_2_1_6,40,14,5416,200
loop_2056_circuit_no_condition_2_1_6,40,15,5424,200
loop_2056_circuit_no_condition_2_1_6,40,0,3755,300
loop_2056_circuit_no_condition_2_1_6,40,1,624,300
loop_2056_circuit_no_condition_2_1_6,40,2,624,300
loop_2056_circuit_no_condition_2_1_6,40,3,624,300
loop_2056_circuit_no_condition_2_1_6,40,4,3087,300
loop_2056_circuit_no_condition_2_1_6,40,5,624,300
loop_2056_circuit_no_condition_2_1_6,40,6,624,300
loop_2056_circuit_no_condition_2_1_6,40,7,624,300
loop_2056_circuit_no_condition_2_1_6,40,8,624,300
loop_2056_circuit_no_condition_2_1_6,40,9,4809,300
loop_2056_circuit_no_condition_2_1_6,40,10,624,300
loop_2056_circuit_no_condition_2_1_6,40,11,624,300
loop_2056_circuit_no_condition_2_1_6,40,12,624,300
loop_2056_circuit_no_condition_2_1_6,40,13,5430,300
loop_2056_circuit_no_condition_2_1_6,40,14,624,300
loop_2056_circuit_no_condition_2_1_6,40,15,5426,300
loop_2056_circuit_no_condition_2_1_6,40,0,4720,400
loop_2056_circuit_no_condition_2_1_6,40,1,624,400
loop_2056_circuit_no_condition_2_1_6,40,2,624,400
loop_2056_circuit_no_condition_2_1_6,40,3,624,400
loop_2056_circuit_no_condition_2_1_6,40,4,3545,400
loop_2056_circuit_no_condition_2_1_6,40,5,624,400
loop_2056_circuit_no_condition_2_1_6,40,6,624,400
loop_2056_circuit_no_condition_2_1_6,40,7,624,400
loop_2056_circuit_no_condition_2_1_6,40,8,624,400
loop_2056_circuit_no_condition_2_1_6,40,9,624,400
loop_2056_circuit_no_condition_2_1_6,40,10,624,400
loop_2056_circuit_no_condition_2_1_6,40,11,624,400
loop_2056_circuit_no_condition_2_1_6,40,12,624,400
loop_2056_circuit_no_condition_2_1_6,40,13,5431,400
loop_2056_circuit_no_condition_2_1_6,40,14,624,400
loop_2056_circuit_no_condition_2_1_6,40,15,5357,400
loop_2056_circuit_no_condition_2_1_6,40,0,5424,501
loop_2056_circuit_no_condition_2_1_6,40,1,5425,501
loop_2056_circuit_no_condition_2_1_6,40,2,624,501
loop_2056_circuit_no_condition_2_1_6,40,3,624,501
loop_2056_circuit_no_condition_2_1_6,40,4,5429,501
loop_2056_circuit_no_condition_2_1_6,40,5,624,501
loop_2056_circuit_no_condition_2_1_6,40,6,624,501
loop_2056_circuit_no_condition_2_1_6,40,7,5423,501
loop_2056_circuit_no_condition_2_1_6,40,8,5424,501
loop_2056_circuit_no_condition_2_1_6,40,9,5420,501
loop_2056_circuit_no_condition_2_1_6,40,10,5200,501
loop_2056_circuit_no_condition_2_1_6,40,11,5208,501
loop_2056_circuit_no_condition_2_1_6,40,12,624,501
loop_2056_circuit_no_condition_2_1_6,40,13,5428,501
loop_2056_circuit_no_condition_2_1_6,40,14,4946,501
loop_2056_circuit_no_condition_2_1_6,40,15,5384,501
loop_2056_circuit_no_condition_2_1_6,40,0,5428,601
loop_2056_circuit_no_condition_2_1_6,40,1,5419,601
loop_2056_circuit_no_condition_2_1_6,40,2,5411,601
loop_2056_circuit_no_condition_2_1_6,40,3,5413,601
loop_2056_circuit_no_condition_2_1_6,40,4,5415,601
loop_2056_circuit_no_condition_2_1_6,40,5,5418,601
loop_2056_circuit_no_condition_2_1_6,40,6,5415,601
loop_2056_circuit_no_condition_2_1_6,40,7,5415,601
loop_2056_circuit_no_condition_2_1_6,40,8,5415,601
loop_2056_circuit_no_condition_2_1_6,40,9,5418,601
loop_2056_circuit_no_condition_2_1_6,40,10,5409,601
loop_2056_circuit_no_condition_2_1_6,40,11,5409,601
loop_2056_circuit_no_condition_2_1_6,40,12,5409,601
loop_2056_circuit_no_condition_2_1_6,40,13,5412,601
loop_2056_circuit_no_condition_2_1_6,40,14,5412,601
loop_2056_circuit_no_condition_2_1_6,40,15,5411,601
loop_2056_circuit_no_condition_2_1_6,40,0,5410,700
loop_2056_circuit_no_condition_2_1_6,40,1,5408,700
loop_2056_circuit_no_condition_2_1_6,40,2,5406,700
loop_2056_circuit_no_condition_2_1_6,40,3,5408,700
loop_2056_circuit_no_condition_2_1_6,40,4,5407,700
loop_2056_circuit_no_condition_2_1_6,40,5,5427,700
loop_2056_circuit_no_condition_2_1_6,40,6,5407,700
loop_2056_circuit_no_condition_2_1_6,40,7,5416,700
loop_2056_circuit_no_condition_2_1_6,40,8,5413,700
loop_2056_circuit_no_condition_2_1_6,40,9,5410,700
loop_2056_circuit_no_condition_2_1_6,40,10,5411,700
loop_2056_circuit_no_condition_2_1_6,40,11,5409,700
loop_2056_circuit_no_condition_2_1_6,40,12,5407,700
loop_2056_circuit_no_condition_2_1_6,40,13,5407,700
loop_2056_circuit_no_condition_2_1_6,40,14,5409,700
loop_2056_circuit_no_condition_2_1_6,40,15,5413,700
loop_2056_circuit_no_condition_2_1_6,40,0,5403,800
loop_2056_circuit_no_condition_2_1_6,40,1,5400,800
loop_2056_circuit_no_condition_2_1_6,40,2,5405,800
loop_2056_circuit_no_condition_2_1_6,40,3,5410,800
loop_2056_circuit_no_condition_2_1_6,40,4,5404,800
loop_2056_circuit_no_condition_2_1_6,40,5,5405,800
loop_2056_circuit_no_condition_2_1_6,40,6,5411,800
loop_2056_circuit_no_condition_2_1_6,40,7,5405,800
loop_2056_circuit_no_condition_2_1_6,40,8,5406,800
loop_2056_circuit_no_condition_2_1_6,40,9,5399,800
loop_2056_circuit_no_condition_2_1_6,40,10,5405,800
loop_2056_circuit_no_condition_2_1_6,40,11,5409,800
loop_2056_circuit_no_condition_2_1_6,40,12,5402,800
loop_2056_circuit_no_condition_2_1_6,40,13,5408,800
loop_2056_circuit_no_condition_2_1_6,40,14,5408,800
loop_2056_circuit_no_condition_2_1_6,40,15,5423,800
loop_2056_circuit_no_condition_2_1_6,40,0,5401,901
loop_2056_circuit_no_condition_2_1_6,40,1,5407,901
loop_2056_circuit_no_condition_2_1_6,40,2,5402,901
loop_2056_circuit_no_condition_2_1_6,40,3,5404,901
loop_2056_circuit_no_condition_2_1_6,40,4,5407,901
loop_2056_circuit_no_condition_2_1_6,40,5,5420,901
loop_2056_circuit_no_condition_2_1_6,40,6,5403,901
loop_2056_circuit_no_condition_2_1_6,40,7,5406,901
loop_2056_circuit_no_condition_2_1_6,40,8,5401,901
loop_2056_circuit_no_condition_2_1_6,40,9,5409,901
loop_2056_circuit_no_condition_2_1_6,40,10,5402,901
loop_2056_circuit_no_condition_2_1_6,40,11,5412,901
loop_2056_circuit_no_condition_2_1_6,40,12,5401,901
loop_2056_circuit_no_condition_2_1_6,40,13,5401,901
loop_2056_circuit_no_condition_2_1_6,40,14,5411,901
loop_2056_circuit_no_condition_2_1_6,40,15,5402,901
loop_2056_circuit_no_condition_2_1_6,40,0,5410,1001
loop_2056_circuit_no_condition_2_1_6,40,1,5411,1001
loop_2056_circuit_no_condition_2_1_6,40,2,5412,1001
loop_2056_circuit_no_condition_2_1_6,40,3,5414,1001
loop_2056_circuit_no_condition_2_1_6,40,4,5407,1001
loop_2056_circuit_no_condition_2_1_6,40,5,5406,1001
loop_2056_circuit_no_condition_2_1_6,40,6,5411,1001
loop_2056_circuit_no_condition_2_1_6,40,7,5405,1001
loop_2056_circuit_no_condition_2_1_6,40,8,5407,1001
loop_2056_circuit_no_condition_2_1_6,40,9,5425,1001
loop_2056_circuit_no_condition_2_1_6,40,10,5410,1001
loop_2056_circuit_no_condition_2_1_6,40,11,5405,1001
loop_2056_circuit_no_condition_2_1_6,40,12,5408,1001
loop_2056_circuit_no_condition_2_1_6,40,13,5420,1001
loop_2056_circuit_no_condition_2_1_6,40,14,5417,1001
loop_2056_circuit_no_condition_2_1_6,40,15,5410,1001
loop_2056_circuit_no_condition_2_1_6,40,0,5402,1100
loop_2056_circuit_no_condition_2_1_6,40,1,5409,1100
loop_2056_circuit_no_condition_2_1_6,40,2,5406,1100
loop_2056_circuit_no_condition_2_1_6,40,3,5413,1100
loop_2056_circuit_no_condition_2_1_6,40,4,5412,1100
loop_2056_circuit_no_condition_2_1_6,40,5,5413,1100
loop_2056_circuit_no_condition_2_1_6,40,6,5409,1100
loop_2056_circuit_no_condition_2_1_6,40,7,5404,1100
loop_2056_circuit_no_condition_2_1_6,40,8,5406,1100
loop_2056_circuit_no_condition_2_1_6,40,9,5408,1100
loop_2056_circuit_no_condition_2_1_6,40,10,5405,1100
loop_2056_circuit_no_condition_2_1_6,40,11,5404,1100
loop_2056_circuit_no_condition_2_1_6,40,12,5408,1100
loop_2056_circuit_no_condition_2_1_6,40,13,5405,1100
loop_2056_circuit_no_condition_2_1_6,40,14,5424,1100
loop_2056_circuit_no_condition_2_1_6,40,15,5405,1100
loop_2056_circuit_no_condition_2_1_6,40,0,5405,1200
loop_2056_circuit_no_condition_2_1_6,40,1,5409,1200
loop_2056_circuit_no_condition_2_1_6,40,2,5409,1200
loop_2056_circuit_no_condition_2_1_6,40,3,5416,1200
loop_2056_circuit_no_condition_2_1_6,40,4,5426,1200
loop_2056_circuit_no_condition_2_1_6,40,5,5403,1200
loop_2056_circuit_no_condition_2_1_6,40,6,5408,1200
loop_2056_circuit_no_condition_2_1_6,40,7,5404,1200
loop_2056_circuit_no_condition_2_1_6,40,8,5409,1200
loop_2056_circuit_no_condition_2_1_6,40,9,5416,1200
loop_2056_circuit_no_condition_2_1_6,40,10,5416,1200
loop_2056_circuit_no_condition_2_1_6,40,11,5408,1200
loop_2056_circuit_no_condition_2_1_6,40,12,5407,1200
loop_2056_circuit_no_condition_2_1_6,40,13,5417,1200
loop_2056_circuit_no_condition_2_1_6,40,14,5403,1200
loop_2056_circuit_no_condition_2_1_6,40,15,5405,1200
loop_2056_circuit_no_condition_2_1_6,40,0,5404,1301
loop_2056_circuit_no_condition_2_1_6,40,1,5419,1301
loop_2056_circuit_no_condition_2_1_6,40,2,5403,1301
loop_2056_circuit_no_condition_2_1_6,40,3,5407,1301
loop_2056_circuit_no_condition_2_1_6,40,4,5412,1301
loop_2056_circuit_no_condition_2_1_6,40,5,5409,1301
loop_2056_circuit_no_condition_2_1_6,40,6,5402,1301
loop_2056_circuit_no_condition_2_1_6,40,7,5402,1301
loop_2056_circuit_no_condition_2_1_6,40,8,5410,1301
loop_2056_circuit_no_condition_2_1_6,40,9,5403,1301
loop_2056_circuit_no_condition_2_1_6,40,10,5405,1301
loop_2056_circuit_no_condition_2_1_6,40,11,5410,1301
loop_2056_circuit_no_condition_2_1_6,40,12,5410,1301
loop_2056_circuit_no_condition_2_1_6,40,13,5404,1301
loop_2056_circuit_no_condition_2_1_6,40,14,5400,1301
loop_2056_circuit_no_condition_2_1_6,40,15,5404,1301
loop_2056_circuit_no_condition_2_1_6,40,0,5407,1401
loop_2056_circuit_no_condition_2_1_6,40,1,5415,1401
loop_2056_circuit_no_condition_2_1_6,40,2,5409,1401
loop_2056_circuit_no_condition_2_1_6,40,3,5405,1401
loop_2056_circuit_no_condition_2_1_6,40,4,5411,1401
loop_2056_circuit_no_condition_2_1_6,40,5,5424,1401
loop_2056_circuit_no_condition_2_1_6,40,6,5405,1401
loop_2056_circuit_no_condition_2_1_6,40,7,5404,1401
loop_2056_circuit_no_condition_2_1_6,40,8,5405,1401
loop_2056_circuit_no_condition_2_1_6,40,9,5410,1401
loop_2056_circuit_no_condition_2_1_6,40,10,5407,1401
loop_2056_circuit_no_condition_2_1_6,40,11,5411,1401
loop_2056_circuit_no_condition_2_1_6,40,12,5406,1401
loop_2056_circuit_no_condition_2_1_6,40,13,5406,1401
loop_2056_circuit_no_condition_2_1_6,40,14,5406,1401
loop_2056_circuit_no_condition_2_1_6,40,15,5408,1401
loop_2056_circuit_no_condition_2_1_6,40,0,5392,1501
loop_2056_circuit_no_condition_2_1_6,40,1,5419,1501
loop_2056_circuit_no_condition_2_1_6,40,2,5415,1501
loop_2056_circuit_no_condition_2_1_6,40,3,5415,1501
loop_2056_circuit_no_condition_2_1_6,40,4,5392,1501
loop_2056_circuit_no_condition_2_1_6,40,5,5393,1501
loop_2056_circuit_no_condition_2_1_6,40,6,5391,1501
loop_2056_circuit_no_condition_2_1_6,40,7,5401,1501
loop_2056_circuit_no_condition_2_1_6,40,8,5393,1501
loop_2056_circuit_no_condition_2_1_6,40,9,5414,1501
loop_2056_circuit_no_condition_2_1_6,40,10,5417,1501
loop_2056_circuit_no_condition_2_1_6,40,11,5394,1501
loop_2056_circuit_no_condition_2_1_6,40,12,5420,1501
loop_2056_circuit_no_condition_2_1_6,40,13,5397,1501
loop_2056_circuit_no_condition_2_1_6,40,14,5392,1501
loop_2056_circuit_no_condition_2_1_6,40,15,5390,1501
loop_2056_circuit_no_condition_2_1_6,40,0,5419,1601
loop_2056_circuit_no_condition_2_1_6,40,1,5423,1601
loop_2056_circuit_no_condition_2_1_6,40,2,5429,1601
loop_2056_circuit_no_condition_2_1_6,40,3,5397,1601
loop_2056_circuit_no_condition_2_1_6,40,4,5428,1601
loop_2056_circuit_no_condition_2_1_6,40,5,5435,1601
loop_2056_circuit_no_condition_2_1_6,40,6,5426,1601
loop_2056_circuit_no_condition_2_1_6,40,7,5425,1601
loop_2056_circuit_no_condition_2_1_6,40,8,5431,1601
loop_2056_circuit_no_condition_2_1_6,40,9,5426,1601
loop_2056_circuit_no_condition_2_1_6,40,10,5428,1601
loop_2056_circuit_no_condition_2_1_6,40,11,5417,1601
loop_2056_circuit_no_condition_2_1_6,40,12,5428,1601
loop_2056_circuit_no_condition_2_1_6,40,13,5423,1601
loop_2056_circuit_no_condition_2_1_6,40,14,5415,1601
loop_2056_circuit_no_condition_2_1_6,40,15,5430,1601
loop_2056_circuit_no_condition_2_1_6,41,0,5429,1
loop_2056_circuit_no_condition_2_1_6,41,1,5417,1
loop_2056_circuit_no_condition_2_1_6,41,2,624,1
loop_2056_circuit_no_condition_2_1_6,41,3,5399,1
loop_2056_circuit_no_condition_2_1_6,41,4,624,1
loop_2056_circuit_no_condition_2_1_6,41,5,5429,1
loop_2056_circuit_no_condition_2_1_6,41,6,5418,1
loop_2056_circuit_no_condition_2_1_6,41,7,5391,1
loop_2056_circuit_no_condition_2_1_6,41,8,5410,1
loop_2056_circuit_no_condition_2_1_6,41,9,5422,1
loop_2056_circuit_no_condition_2_1_6,41,10,5423,1
loop_2056_circuit_no_condition_2_1_6,41,11,5421,1
loop_2056_circuit_no_condition_2_1_6,41,12,5429,1
loop_2056_circuit_no_condition_2_1_6,41,13,5429,1
loop_2056_circuit_no_condition_2_1_6,41,14,4959,1
loop_2056_circuit_no_condition_2_1_6,41,15,624,1
loop_2056_circuit_no_condition_2_1_6,41,0,5412,100
loop_2056_circuit_no_condition_2_1_6,41,1,5423,100
loop_2056_circuit_no_condition_2_1_6,41,2,5408,100
loop_2056_circuit_no_condition_2_1_6,41,3,5422,100
loop_2056_circuit_no_condition_2_1_6,41,4,5416,100
loop_2056_circuit_no_condition_2_1_6,41,5,5411,100
loop_2056_circuit_no_condition_2_1_6,41,6,5409,100
loop_2056_circuit_no_condition_2_1_6,41,7,5428,100
loop_2056_circuit_no_condition_2_1_6,41,8,5418,100
loop_2056_circuit_no_condition_2_1_6,41,9,5424,100
loop_2056_circuit_no_condition_2_1_6,41,10,5410,100
loop_2056_circuit_no_condition_2_1_6,41,11,5420,100
loop_2056_circuit_no_condition_2_1_6,41,12,5420,100
loop_2056_circuit_no_condition_2_1_6,41,13,624,100
loop_2056_circuit_no_condition_2_1_6,41,14,5361,100
loop_2056_circuit_no_condition_2_1_6,41,15,5410,100
loop_2056_circuit_no_condition_2_1_6,41,0,5440,201
loop_2056_circuit_no_condition_2_1_6,41,1,5417,201
loop_2056_circuit_no_condition_2_1_6,41,2,5405,201
loop_2056_circuit_no_condition_2_1_6,41,3,5394,201
loop_2056_circuit_no_condition_2_1_6,41,4,5425,201
loop_2056_circuit_no_condition_2_1_6,41,5,5416,201
loop_2056_circuit_no_condition_2_1_6,41,6,5358,201
loop_2056_circuit_no_condition_2_1_6,41,7,5425,201
loop_2056_circuit_no_condition_2_1_6,41,8,5414,201
loop_2056_circuit_no_condition_2_1_6,41,9,5345,201
loop_2056_circuit_no_condition_2_1_6,41,10,5424,201
loop_2056_circuit_no_condition_2_1_6,41,11,5371,201
loop_2056_circuit_no_condition_2_1_6,41,12,5379,201
loop_2056_circuit_no_condition_2_1_6,41,13,5381,201
loop_2056_circuit_no_condition_2_1_6,41,14,5428,201
loop_2056_circuit_no_condition_2_1_6,41,15,5414,201
loop_2056_circuit_no_condition_2_1_6,41,0,624,301
loop_2056_circuit_no_condition_2_1_6,41,1,624,301
loop_2056_circuit_no_condition_2_1_6,41,2,624,301
loop_2056_circuit_no_condition_2_1_6,41,3,624,301
loop_2056_circuit_no_condition_2_1_6,41,4,624,301
loop_2056_circuit_no_condition_2_1_6,41,5,5431,301
loop_2056_circuit_no_condition_2_1_6,41,6,624,301
loop_2056_circuit_no_condition_2_1_6,41,7,4699,301
loop_2056_circuit_no_condition_2_1_6,41,8,624,301
loop_2056_circuit_no_condition_2_1_6,41,9,624,301
loop_2056_circuit_no_condition_2_1_6,41,10,624,301
loop_2056_circuit_no_condition_2_1_6,41,11,624,301
loop_2056_circuit_no_condition_2_1_6,41,12,624,301
loop_2056_circuit_no_condition_2_1_6,41,13,624,301
loop_2056_circuit_no_condition_2_1_6,41,14,624,301
loop_2056_circuit_no_condition_2_1_6,41,15,624,301
loop_2056_circuit_no_condition_2_1_6,41,0,624,400
loop_2056_circuit_no_condition_2_1_6,41,1,624,400
loop_2056_circuit_no_condition_2_1_6,41,2,624,400
loop_2056_circuit_no_condition_2_1_6,41,3,624,400
loop_2056_circuit_no_condition_2_1_6,41,4,624,400
loop_2056_circuit_no_condition_2_1_6,41,5,5434,400
loop_2056_circuit_no_condition_2_1_6,41,6,624,400
loop_2056_circuit_no_condition_2_1_6,41,7,624,400
loop_2056_circuit_no_condition_2_1_6,41,8,624,400
loop_2056_circuit_no_condition_2_1_6,41,9,624,400
loop_2056_circuit_no_condition_2_1_6,41,10,624,400
loop_2056_circuit_no_condition_2_1_6,41,11,624,400
loop_2056_circuit_no_condition_2_1_6,41,12,624,400
loop_2056_circuit_no_condition_2_1_6,41,13,624,400
loop_2056_circuit_no_condition_2_1_6,41,14,624,400
loop_2056_circuit_no_condition_2_1_6,41,15,624,400
loop_2056_circuit_no_condition_2_1_6,41,0,624,500
loop_2056_circuit_no_condition_2_1_6,41,1,624,500
loop_2056_circuit_no_condition_2_1_6,41,2,624,500
loop_2056_circuit_no_condition_2_1_6,41,3,624,500
loop_2056_circuit_no_condition_2_1_6,41,4,5432,500
loop_2056_circuit_no_condition_2_1_6,41,5,4723,500
loop_2056_circuit_no_condition_2_1_6,41,6,624,500
loop_2056_circuit_no_condition_2_1_6,41,7,624,500
loop_2056_circuit_no_condition_2_1_6,41,8,624,500
loop_2056_circuit_no_condition_2_1_6,41,9,624,500
loop_2056_circuit_no_condition_2_1_6,41,10,624,500
loop_2056_circuit_no_condition_2_1_6,41,11,624,500
loop_2056_circuit_no_condition_2_1_6,41,12,624,500
loop_2056_circuit_no_condition_2_1_6,41,13,624,500
loop_2056_circuit_no_condition_2_1_6,41,14,624,500
loop_2056_circuit_no_condition_2_1_6,41,15,624,500
loop_2056_circuit_no_condition_2_1_6,41,0,5412,601
loop_2056_circuit_no_condition_2_1_6,41,1,5414,601
loop_2056_circuit_no_condition_2_1_6,41,2,5412,601
loop_2056_circuit_no_condition_2_1_6,41,3,5411,601
loop_2056_circuit_no_condition_2_1_6,41,4,5412,601
loop_2056_circuit_no_condition_2_1_6,41,5,5419,601
loop_2056_circuit_no_condition_2_1_6,41,6,5412,601
loop_2056_circuit_no_condition_2_1_6,41,7,5414,601
loop_2056_circuit_no_condition_2_1_6,41,8,5412,601
loop_2056_circuit_no_condition_2_1_6,41,9,5412,601
loop_2056_circuit_no_condition_2_1_6,41,10,5411,601
loop_2056_circuit_no_condition_2_1_6,41,11,5412,601
loop_2056_circuit_no_condition_2_1_6,41,12,5411,601
loop_2056_circuit_no_condition_2_1_6,41,13,5411,601
loop_2056_circuit_no_condition_2_1_6,41,14,5412,601
loop_2056_circuit_no_condition_2_1_6,41,15,5412,601
loop_2056_circuit_no_condition_2_1_6,41,0,5423,701
loop_2056_circuit_no_condition_2_1_6,41,1,5422,701
loop_2056_circuit_no_condition_2_1_6,41,2,5423,701
loop_2056_circuit_no_condition_2_1_6,41,3,5422,701
loop_2056_circuit_no_condition_2_1_6,41,4,5423,701
loop_2056_circuit_no_condition_2_1_6,41,5,5429,701
loop_2056_circuit_no_condition_2_1_6,41,6,5422,701
loop_2056_circuit_no_condition_2_1_6,41,7,5423,701
loop_2056_circuit_no_condition_2_1_6,41,8,5423,701
loop_2056_circuit_no_condition_2_1_6,41,9,5423,701
loop_2056_circuit_no_condition_2_1_6,41,10,5423,701
loop_2056_circuit_no_condition_2_1_6,41,11,5423,701
loop_2056_circuit_no_condition_2_1_6,41,12,5416,701
loop_2056_circuit_no_condition_2_1_6,41,13,5422,701
loop_2056_circuit_no_condition_2_1_6,41,14,5418,701
loop_2056_circuit_no_condition_2_1_6,41,15,5423,701
loop_2056_circuit_no_condition_2_1_6,41,0,5416,801
loop_2056_circuit_no_condition_2_1_6,41,1,5419,801
loop_2056_circuit_no_condition_2_1_6,41,2,5416,801
loop_2056_circuit_no_condition_2_1_6,41,3,5416,801
loop_2056_circuit_no_condition_2_1_6,41,4,5416,801
loop_2056_circuit_no_condition_2_1_6,41,5,5422,801
loop_2056_circuit_no_condition_2_1_6,41,6,5417,801
loop_2056_circuit_no_condition_2_1_6,41,7,5416,801
loop_2056_circuit_no_condition_2_1_6,41,8,5415,801
loop_2056_circuit_no_condition_2_1_6,41,9,5416,801
loop_2056_circuit_no_condition_2_1_6,41,10,5417,801
loop_2056_circuit_no_condition_2_1_6,41,11,5418,801
loop_2056_circuit_no_condition_2_1_6,41,12,5416,801
loop_2056_circuit_no_condition_2_1_6,41,13,5415,801
loop_2056_circuit_no_condition_2_1_6,41,14,5417,801
loop_2056_circuit_no_condition_2_1_6,41,15,5415,801
loop_2056_circuit_no_condition_2_1_6,41,0,5415,900
loop_2056_circuit_no_condition_2_1_6,41,1,5416,900
loop_2056_circuit_no_condition_2_1_6,41,2,5415,900
loop_2056_circuit_no_condition_2_1_6,41,3,5417,900
loop_2056_circuit_no_condition_2_1_6,41,4,5415,900
loop_2056_circuit_no_condition_2_1_6,41,5,5421,900
loop_2056_circuit_no_condition_2_1_6,41,6,5415,900
loop_2056_circuit_no_condition_2_1_6,41,7,5418,900
loop_2056_circuit_no_condition_2_1_6,41,8,5417,900
loop_2056_circuit_no_condition_2_1_6,41,9,5416,900
loop_2056_circuit_no_condition_2_1_6,41,10,5416,900
loop_2056_circuit_no_condition_2_1_6,41,11,5416,900
loop_2056_circuit_no_condition_2_1_6,41,12,5417,900
loop_2056_circuit_no_condition_2_1_6,41,13,5417,900
loop_2056_circuit_no_condition_2_1_6,41,14,5418,900
loop_2056_circuit_no_condition_2_1_6,41,15,5416,900
loop_2056_circuit_no_condition_2_1_6,41,0,5419,1001
loop_2056_circuit_no_condition_2_1_6,41,1,5414,1001
loop_2056_circuit_no_condition_2_1_6,41,2,5416,1001
loop_2056_circuit_no_condition_2_1_6,41,3,5413,1001
loop_2056_circuit_no_condition_2_1_6,41,4,5420,1001
loop_2056_circuit_no_condition_2_1_6,41,5,5413,1001
loop_2056_circuit_no_condition_2_1_6,41,6,5417,1001
loop_2056_circuit_no_condition_2_1_6,41,7,5414,1001
loop_2056_circuit_no_condition_2_1_6,41,8,5418,1001
loop_2056_circuit_no_condition_2_1_6,41,9,5414,1001
loop_2056_circuit_no_condition_2_1_6,41,10,5417,1001
loop_2056_circuit_no_condition_2_1_6,41,11,5414,1001
loop_2056_circuit_no_condition_2_1_6,41,12,5414,1001
loop_2056_circuit_no_condition_2_1_6,41,13,5417,1001
loop_2056_circuit_no_condition_2_1_6,41,14,5414,1001
loop_2056_circuit_no_condition_2_1_6,41,15,5417,1001
loop_2056_circuit_no_condition_2_1_6,41,0,5418,1101
loop_2056_circuit_no_condition_2_1_6,41,1,5419,1101
loop_2056_circuit_no_condition_2_1_6,41,2,5419,1101
loop_2056_circuit_no_condition_2_1_6,41,3,5420,1101
loop_2056_circuit_no_condition_2_1_6,41,4,5420,1101
loop_2056_circuit_no_condition_2_1_6,41,5,5426,1101
loop_2056_circuit_no_condition_2_1_6,41,6,5419,1101
loop_2056_circuit_no_condition_2_1_6,41,7,5420,1101
loop_2056_circuit_no_condition_2_1_6,41,8,5420,1101
loop_2056_circuit_no_condition_2_1_6,41,9,5419,1101
loop_2056_circuit_no_condition_2_1_6,41,10,5420,1101
loop_2056_circuit_no_condition_2_1_6,41,11,5419,1101
loop_2056_circuit_no_condition_2_1_6,41,12,5419,1101
loop_2056_circuit_no_condition_2_1_6,41,13,5419,1101
loop_2056_circuit_no_condition_2_1_6,41,14,5421,1101
loop_2056_circuit_no_condition_2_1_6,41,15,5420,1101
loop_2056_circuit_no_condition_2_1_6,41,0,5418,1201
loop_2056_circuit_no_condition_2_1_6,41,1,5421,1201
loop_2056_circuit_no_condition_2_1_6,41,2,5419,1201
loop_2056_circuit_no_condition_2_1_6,41,3,5421,1201
loop_2056_circuit_no_condition_2_1_6,41,4,5418,1201
loop_2056_circuit_no_condition_2_1_6,41,5,5427,1201
loop_2056_circuit_no_condition_2_1_6,41,6,5421,1201
loop_2056_circuit_no_condition_2_1_6,41,7,5421,1201
loop_2056_circuit_no_condition_2_1_6,41,8,5423,1201
loop_2056_circuit_no_condition_2_1_6,41,9,5421,1201
loop_2056_circuit_no_condition_2_1_6,41,10,5418,1201
loop_2056_circuit_no_condition_2_1_6,41,11,5421,1201
loop_2056_circuit_no_condition_2_1_6,41,12,5421,1201
loop_2056_circuit_no_condition_2_1_6,41,13,5423,1201
loop_2056_circuit_no_condition_2_1_6,41,14,5419,1201
loop_2056_circuit_no_condition_2_1_6,41,15,5422,1201
loop_2056_circuit_no_condition_2_1_6,41,0,5415,1300
loop_2056_circuit_no_condition_2_1_6,41,1,5415,1300
loop_2056_circuit_no_condition_2_1_6,41,2,5415,1300
loop_2056_circuit_no_condition_2_1_6,41,3,5418,1300
loop_2056_circuit_no_condition_2_1_6,41,4,5422,1300
loop_2056_circuit_no_condition_2_1_6,41,5,5416,1300
loop_2056_circuit_no_condition_2_1_6,41,6,5415,1300
loop_2056_circuit_no_condition_2_1_6,41,7,5419,1300
loop_2056_circuit_no_condition_2_1_6,41,8,5419,1300
loop_2056_circuit_no_condition_2_1_6,41,9,5415,1300
loop_2056_circuit_no_condition_2_1_6,41,10,5416,1300
loop_2056_circuit_no_condition_2_1_6,41,11,5416,1300
loop_2056_circuit_no_condition_2_1_6,41,12,5414,1300
loop_2056_circuit_no_condition_2_1_6,41,13,5414,1300
loop_2056_circuit_no_condition_2_1_6,41,14,5418,1300
loop_2056_circuit_no_condition_2_1_6,41,15,5415,1300
loop_2056_circuit_no_condition_2_1_6,41,0,5418,1400
loop_2056_circuit_no_condition_2_1_6,41,1,5417,1400
loop_2056_circuit_no_condition_2_1_6,41,2,5417,1400
loop_2056_circuit_no_condition_2_1_6,41,3,5422,1400
loop_2056_circuit_no_condition_2_1_6,41,4,5417,1400
loop_2056_circuit_no_condition_2_1_6,41,5,5426,1400
loop_2056_circuit_no_condition_2_1_6,41,6,5417,1400
loop_2056_circuit_no_condition_2_1_6,41,7,5422,1400
loop_2056_circuit_no_condition_2_1_6,41,8,5417,1400
loop_2056_circuit_no_condition_2_1_6,41,9,5422,1400
loop_2056_circuit_no_condition_2_1_6,41,10,5421,1400
loop_2056_circuit_no_condition_2_1_6,41,11,5417,1400
loop_2056_circuit_no_condition_2_1_6,41,12,5417,1400
loop_2056_circuit_no_condition_2_1_6,41,13,5418,1400
loop_2056_circuit_no_condition_2_1_6,41,14,5417,1400
loop_2056_circuit_no_condition_2_1_6,41,15,5417,1400
loop_2056_circuit_no_condition_2_1_6,41,0,5424,1501
loop_2056_circuit_no_condition_2_1_6,41,1,5421,1501
loop_2056_circuit_no_condition_2_1_6,41,2,5420,1501
loop_2056_circuit_no_condition_2_1_6,41,3,5418,1501
loop_2056_circuit_no_condition_2_1_6,41,4,5418,1501
loop_2056_circuit_no_condition_2_1_6,41,5,5420,1501
loop_2056_circuit_no_condition_2_1_6,41,6,5419,1501
loop_2056_circuit_no_condition_2_1_6,41,7,5419,1501
loop_2056_circuit_no_condition_2_1_6,41,8,5418,1501
loop_2056_circuit_no_condition_2_1_6,41,9,5419,1501
loop_2056_circuit_no_condition_2_1_6,41,10,5421,1501
loop_2056_circuit_no_condition_2_1_6,41,11,5418,1501
loop_2056_circuit_no_condition_2_1_6,41,12,5419,1501
loop_2056_circuit_no_condition_2_1_6,41,13,5418,1501
loop_2056_circuit_no_condition_2_1_6,41,14,5420,1501
loop_2056_circuit_no_condition_2_1_6,41,15,5419,1501
loop_2056_circuit_no_condition_2_1_6,41,0,5420,1601
loop_2056_circuit_no_condition_2_1_6,41,1,5416,1601
loop_2056_circuit_no_condition_2_1_6,41,2,5416,1601
loop_2056_circuit_no_condition_2_1_6,41,3,5418,1601
loop_2056_circuit_no_condition_2_1_6,41,4,5423,1601
loop_2056_circuit_no_condition_2_1_6,41,5,5415,1601
loop_2056_circuit_no_condition_2_1_6,41,6,5416,1601
loop_2056_circuit_no_condition_2_1_6,41,7,5416,1601
loop_2056_circuit_no_condition_2_1_6,41,8,5416,1601
loop_2056_circuit_no_condition_2_1_6,41,9,5415,1601
loop_2056_circuit_no_condition_2_1_6,41,10,5417,1601
loop_2056_circuit_no_condition_2_1_6,41,11,5416,1601
loop_2056_circuit_no_condition_2_1_6,41,12,5416,1601
loop_2056_circuit_no_condition_2_1_6,41,13,5416,1601
loop_2056_circuit_no_condition_2_1_6,41,14,5416,1601
loop_2056_circuit_no_condition_2_1_6,41,15,5416,1601
loop_2056_circuit_no_condition_2_1_6,41,0,5413,1700
loop_2056_circuit_no_condition_2_1_6,41,1,5412,1700
loop_2056_circuit_no_condition_2_1_6,41,2,5415,1700
loop_2056_circuit_no_condition_2_1_6,41,3,5422,1700
loop_2056_circuit_no_condition_2_1_6,41,4,5421,1700
loop_2056_circuit_no_condition_2_1_6,41,5,5425,1700
loop_2056_circuit_no_condition_2_1_6,41,6,5422,1700
loop_2056_circuit_no_condition_2_1_6,41,7,5423,1700
loop_2056_circuit_no_condition_2_1_6,41,8,5423,1700
loop_2056_circuit_no_condition_2_1_6,41,9,5423,1700
loop_2056_circuit_no_condition_2_1_6,41,10,5420,1700
loop_2056_circuit_no_condition_2_1_6,41,11,5419,1700
loop_2056_circuit_no_condition_2_1_6,41,12,5420,1700
loop_2056_circuit_no_condition_2_1_6,41,13,5422,1700
loop_2056_circuit_no_condition_2_1_6,41,14,5422,1700
loop_2056_circuit_no_condition_2_1_6,41,15,5426,1700
loop_2056_circuit_no_condition_2_1_6,41,0,5419,1800
loop_2056_circuit_no_condition_2_1_6,41,1,5420,1800
loop_2056_circuit_no_condition_2_1_6,41,2,5422,1800
loop_2056_circuit_no_condition_2_1_6,41,3,5420,1800
loop_2056_circuit_no_condition_2_1_6,41,4,5427,1800
loop_2056_circuit_no_condition_2_1_6,41,5,5419,1800
loop_2056_circuit_no_condition_2_1_6,41,6,5419,1800
loop_2056_circuit_no_condition_2_1_6,41,7,5423,1800
loop_2056_circuit_no_condition_2_1_6,41,8,5418,1800
loop_2056_circuit_no_condition_2_1_6,41,9,5420,1800
loop_2056_circuit_no_condition_2_1_6,41,10,5420,1800
loop_2056_circuit_no_condition_2_1_6,41,11,5422,1800
loop_2056_circuit_no_condition_2_1_6,41,12,5419,1800
loop_2056_circuit_no_condition_2_1_6,41,13,5419,1800
loop_2056_circuit_no_condition_2_1_6,41,14,5419,1800
loop_2056_circuit_no_condition_2_1_6,41,15,5419,1800
loop_2056_circuit_no_condition_2_1_6,41,0,5416,1901
loop_2056_circuit_no_condition_2_1_6,41,1,5414,1901
loop_2056_circuit_no_condition_2_1_6,41,2,5413,1901
loop_2056_circuit_no_condition_2_1_6,41,3,5413,1901
loop_2056_circuit_no_condition_2_1_6,41,4,5415,1901
loop_2056_circuit_no_condition_2_1_6,41,5,5414,1901
loop_2056_circuit_no_condition_2_1_6,41,6,5419,1901
loop_2056_circuit_no_condition_2_1_6,41,7,5415,1901
loop_2056_circuit_no_condition_2_1_6,41,8,5419,1901
loop_2056_circuit_no_condition_2_1_6,41,9,5414,1901
loop_2056_circuit_no_condition_2_1_6,41,10,5416,1901
loop_2056_circuit_no_condition_2_1_6,41,11,5415,1901
loop_2056_circuit_no_condition_2_1_6,41,12,5415,1901
loop_2056_circuit_no_condition_2_1_6,41,13,5415,1901
loop_2056_circuit_no_condition_2_1_6,41,14,5414,1901
loop_2056_circuit_no_condition_2_1_6,41,15,5413,1901
loop_2056_circuit_no_condition_2_1_6,41,0,5407,2000
loop_2056_circuit_no_condition_2_1_6,41,1,5418,2000
loop_2056_circuit_no_condition_2_1_6,41,2,5414,2000
loop_2056_circuit_no_condition_2_1_6,41,3,5412,2000
loop_2056_circuit_no_condition_2_1_6,41,4,5429,2000
loop_2056_circuit_no_condition_2_1_6,41,5,5363,2000
loop_2056_circuit_no_condition_2_1_6,41,6,5383,2000
loop_2056_circuit_no_condition_2_1_6,41,7,5427,2000
loop_2056_circuit_no_condition_2_1_6,41,8,5423,2000
loop_2056_circuit_no_condition_2_1_6,41,9,624,2000
loop_2056_circuit_no_condition_2_1_6,41,10,5418,2000
loop_2056_circuit_no_condition_2_1_6,41,11,5418,2000
loop_2056_circuit_no_condition_2_1_6,41,12,5430,2000
loop_2056_circuit_no_condition_2_1_6,41,13,5429,2000
loop_2056_circuit_no_condition_2_1_6,41,14,5427,2000
loop_2056_circuit_no_condition_2_1_6,41,15,5400,2000
loop_2056_circuit_no_condition_2_1_6,42,0,5432,1
loop_2056_circuit_no_condition_2_1_6,42,1,5362,1
loop_2056_circuit_no_condition_2_1_6,42,2,5402,1
loop_2056_circuit_no_condition_2_1_6,42,3,5430,1
loop_2056_circuit_no_condition_2_1_6,42,4,5433,1
loop_2056_circuit_no_condition_2_1_6,42,5,5427,1
loop_2056_circuit_no_condition_2_1_6,42,6,5392,1
loop_2056_circuit_no_condition_2_1_6,42,7,5428,1
loop_2056_circuit_no_condition_2_1_6,42,8,5385,1
loop_2056_circuit_no_condition_2_1_6,42,9,5431,1
loop_2056_circuit_no_condition_2_1_6,42,10,5430,1
loop_2056_circuit_no_condition_2_1_6,42,11,5408,1
loop_2056_circuit_no_condition_2_1_6,42,12,624,1
loop_2056_circuit_no_condition_2_1_6,42,13,5434,1
loop_2056_circuit_no_condition_2_1_6,42,14,5392,1
loop_2056_circuit_no_condition_2_1_6,42,15,5429,1
loop_2056_circuit_no_condition_2_1_6,42,0,5376,100
loop_2056_circuit_no_condition_2_1_6,42,1,5431,100
loop_2056_circuit_no_condition_2_1_6,42,2,5363,100
loop_2056_circuit_no_condition_2_1_6,42,3,5418,100
loop_2056_circuit_no_condition_2_1_6,42,4,5375,100
loop_2056_circuit_no_condition_2_1_6,42,5,5433,100
loop_2056_circuit_no_condition_2_1_6,42,6,5391,100
loop_2056_circuit_no_condition_2_1_6,42,7,5431,100
loop_2056_circuit_no_condition_2_1_6,42,8,5418,100
loop_2056_circuit_no_condition_2_1_6,42,9,5409,100
loop_2056_circuit_no_condition_2_1_6,42,10,5430,100
loop_2056_circuit_no_condition_2_1_6,42,11,5429,100
loop_2056_circuit_no_condition_2_1_6,42,12,5421,100
loop_2056_circuit_no_condition_2_1_6,42,13,5409,100
loop_2056_circuit_no_condition_2_1_6,42,14,5424,100
loop_2056_circuit_no_condition_2_1_6,42,15,5424,100
loop_2056_circuit_no_condition_2_1_6,42,0,5400,200
loop_2056_circuit_no_condition_2_1_6,42,1,5400,200
loop_2056_circuit_no_condition_2_1_6,42,2,5400,200
loop_2056_circuit_no_condition_2_1_6,42,3,5400,200
loop_2056_circuit_no_condition_2_1_6,42,4,5402,200
loop_2056_circuit_no_condition_2_1_6,42,5,5400,200
loop_2056_circuit_no_condition_2_1_6,42,6,5400,200
loop_2056_circuit_no_condition_2_1_6,42,7,5400,200
loop_2056_circuit_no_condition_2_1_6,42,8,5400,200
loop_2056_circuit_no_condition_2_1_6,42,9,5407,200
loop_2056_circuit_no_condition_2_1_6,42,10,5400,200
loop_2056_circuit_no_condition_2_1_6,42,11,5400,200
loop_2056_circuit_no_condition_2_1_6,42,12,5408,200
loop_2056_circuit_no_condition_2_1_6,42,13,5401,200
loop_2056_circuit_no_condition_2_1_6,42,14,5402,200
loop_2056_circuit_no_condition_2_1_6,42,15,5400,200
loop_2056_circuit_no_condition_2_1_6,42,0,3202,300
loop_2056_circuit_no_condition_2_1_6,42,1,624,300
loop_2056_circuit_no_condition_2_1_6,42,2,624,300
loop_2056_circuit_no_condition_2_1_6,42,3,624,300
loop_2056_circuit_no_condition_2_1_6,42,4,624,300
loop_2056_circuit_no_condition_2_1_6,42,5,5425,300
loop_2056_circuit_no_condition_2_1_6,42,6,624,300
loop_2056_circuit_no_condition_2_1_6,42,7,624,300
loop_2056_circuit_no_condition_2_1_6,42,8,624,300
loop_2056_circuit_no_condition_2_1_6,42,9,624,300
loop_2056_circuit_no_condition_2_1_6,42,10,624,300
loop_2056_circuit_no_condition_2_1_6,42,11,624,300
loop_2056_circuit_no_condition_2_1_6,42,12,624,300
loop_2056_circuit_no_condition_2_1_6,42,13,624,300
loop_2056_circuit_no_condition_2_1_6,42,14,624,300
loop_2056_circuit_no_condition_2_1_6,42,15,4814,300
loop_2056_circuit_no_condition_2_1_6,42,0,4589,401
loop_2056_circuit_no_condition_2_1_6,42,1,624,401
loop_2056_circuit_no_condition_2_1_6,42,2,624,401
loop_2056_circuit_no_condition_2_1_6,42,3,624,401
loop_2056_circuit_no_condition_2_1_6,42,4,5030,401
loop_2056_circuit_no_condition_2_1_6,42,5,5426,401
loop_2056_circuit_no_condition_2_1_6,42,6,624,401
loop_2056_circuit_no_condition_2_1_6,42,7,624,401
loop_2056_circuit_no_condition_2_1_6,42,8,624,401
loop_2056_circuit_no_condition_2_1_6,42,9,624,401
loop_2056_circuit_no_condition_2_1_6,42,10,624,401
loop_2056_circuit_no_condition_2_1_6,42,11,624,401
loop_2056_circuit_no_condition_2_1_6,42,12,624,401
loop_2056_circuit_no_condition_2_1_6,42,13,624,401
loop_2056_circuit_no_condition_2_1_6,42,14,624,401
loop_2056_circuit_no_condition_2_1_6,42,15,624,401
loop_2056_circuit_no_condition_2_1_6,42,0,624,500
loop_2056_circuit_no_condition_2_1_6,42,1,624,500
loop_2056_circuit_no_condition_2_1_6,42,2,624,500
loop_2056_circuit_no_condition_2_1_6,42,3,624,500
loop_2056_circuit_no_condition_2_1_6,42,4,5419,500
loop_2056_circuit_no_condition_2_1_6,42,5,5424,500
loop_2056_circuit_no_condition_2_1_6,42,6,624,500
loop_2056_circuit_no_condition_2_1_6,42,7,624,500
loop_2056_circuit_no_condition_2_1_6,42,8,624,500
loop_2056_circuit_no_condition_2_1_6,42,9,624,500
loop_2056_circuit_no_condition_2_1_6,42,10,624,500
loop_2056_circuit_no_condition_2_1_6,42,11,624,500
loop_2056_circuit_no_condition_2_1_6,42,12,624,500
loop_2056_circuit_no_condition_2_1_6,42,13,624,500
loop_2056_circuit_no_condition_2_1_6,42,14,624,500
loop_2056_circuit_no_condition_2_1_6,42,15,624,500
loop_2056_circuit_no_condition_2_1_6,42,0,5421,601
loop_2056_circuit_no_condition_2_1_6,42,1,5423,601
loop_2056_circuit_no_condition_2_1_6,42,2,5423,601
loop_2056_circuit_no_condition_2_1_6,42,3,5419,601
loop_2056_circuit_no_condition_2_1_6,42,4,5416,601
loop_2056_circuit_no_condition_2_1_6,42,5,5415,601
loop_2056_circuit_no_condition_2_1_6,42,6,5423,601
loop_2056_circuit_no_condition_2_1_6,42,7,5416,601
loop_2056_circuit_no_condition_2_1_6,42,8,5416,601
loop_2056_circuit_no_condition_2_1_6,42,9,5419,601
loop_2056_circuit_no_condition_2_1_6,42,10,5421,601
loop_2056_circuit_no_condition_2_1_6,42,11,5420,601
loop_2056_circuit_no_condition_2_1_6,42,12,5424,601
loop_2056_circuit_no_condition_2_1_6,42,13,5416,601
loop_2056_circuit_no_condition_2_1_6,42,14,5417,601
loop_2056_circuit_no_condition_2_1_6,42,15,5419,601
loop_2056_circuit_no_condition_2_1_6,42,0,5421,701
loop_2056_circuit_no_condition_2_1_6,42,1,5418,701
loop_2056_circuit_no_condition_2_1_6,42,2,5420,701
loop_2056_circuit_no_condition_2_1_6,42,3,5417,701
loop_2056_circuit_no_condition_2_1_6,42,4,5417,701
loop_2056_circuit_no_condition_2_1_6,42,5,5417,701
loop_2056_circuit_no_condition_2_1_6,42,6,5418,701
loop_2056_circuit_no_condition_2_1_6,42,7,5417,701
loop_2056_circuit_no_condition_2_1_6,42,8,5417,701
loop_2056_circuit_no_condition_2_1_6,42,9,5420,701
loop_2056_circuit_no_condition_2_1_6,42,10,5417,701
loop_2056_circuit_no_condition_2_1_6,42,11,5416,701
loop_2056_circuit_no_condition_2_1_6,42,12,5416,701
loop_2056_circuit_no_condition_2_1_6,42,13,5417,701
loop_2056_circuit_no_condition_2_1_6,42,14,5417,701
loop_2056_circuit_no_condition_2_1_6,42,15,5417,701
loop_2056_circuit_no_condition_2_1_6,42,0,5413,800
loop_2056_circuit_no_condition_2_1_6,42,1,5414,800
loop_2056_circuit_no_condition_2_1_6,42,2,5413,800
loop_2056_circuit_no_condition_2_1_6,42,3,5413,800
loop_2056_circuit_no_condition_2_1_6,42,4,5413,800
loop_2056_circuit_no_condition_2_1_6,42,5,5413,800
loop_2056_circuit_no_condition_2_1_6,42,6,5413,800
loop_2056_circuit_no_condition_2_1_6,42,7,5413,800
loop_2056_circuit_no_condition_2_1_6,42,8,5413,800
loop_2056_circuit_no_condition_2_1_6,42,9,5416,800
loop_2056_circuit_no_condition_2_1_6,42,10,5415,800
loop_2056_circuit_no_condition_2_1_6,42,11,5414,800
loop_2056_circuit_no_condition_2_1_6,42,12,5413,800
loop_2056_circuit_no_condition_2_1_6,42,13,5416,800
loop_2056_circuit_no_condition_2_1_6,42,14,5414,800
loop_2056_circuit_no_condition_2_1_6,42,15,5413,800
loop_2056_circuit_no_condition_2_1_6,42,0,5412,900
loop_2056_circuit_no_condition_2_1_6,42,1,5418,900
loop_2056_circuit_no_condition_2_1_6,42,2,5412,900
loop_2056_circuit_no_condition_2_1_6,42,3,5412,900
loop_2056_circuit_no_condition_2_1_6,42,4,5417,900
loop_2056_circuit_no_condition_2_1_6,42,5,5416,900
loop_2056_circuit_no_condition_2_1_6,42,6,5416,900
loop_2056_circuit_no_condition_2_1_6,42,7,5411,900
loop_2056_circuit_no_condition_2_1_6,42,8,5415,900
loop_2056_circuit_no_condition_2_1_6,42,9,5410,900
loop_2056_circuit_no_condition_2_1_6,42,10,5409,900
loop_2056_circuit_no_condition_2_1_6,42,11,5410,900
loop_2056_circuit_no_condition_2_1_6,42,12,5410,900
loop_2056_circuit_no_condition_2_1_6,42,13,5409,900
loop_2056_circuit_no_condition_2_1_6,42,14,5410,900
loop_2056_circuit_no_condition_2_1_6,42,15,5409,900
loop_2056_circuit_no_condition_2_1_6,42,0,5417,1001
loop_2056_circuit_no_condition_2_1_6,42,1,5421,1001
loop_2056_circuit_no_condition_2_1_6,42,2,5418,1001
loop_2056_circuit_no_condition_2_1_6,42,3,5420,1001
loop_2056_circuit_no_condition_2_1_6,42,4,5417,1001
loop_2056_circuit_no_condition_2_1_6,42,5,5419,1001
loop_2056_circuit_no_condition_2_1_6,42,6,5427,1001
loop_2056_circuit_no_condition_2_1_6,42,7,5422,1001
loop_2056_circuit_no_condition_2_1_6,42,8,5417,1001
loop_2056_circuit_no_condition_2_1_6,42,9,5420,1001
loop_2056_circuit_no_condition_2_1_6,42,10,5418,1001
loop_2056_circuit_no_condition_2_1_6,42,11,5417,1001
loop_2056_circuit_no_condition_2_1_6,42,12,5417,1001
loop_2056_circuit_no_condition_2_1_6,42,13,5419,1001
loop_2056_circuit_no_condition_2_1_6,42,14,5417,1001
loop_2056_circuit_no_condition_2_1_6,42,15,5418,1001
loop_2056_circuit_no_condition_2_1_6,42,0,5420,1101
loop_2056_circuit_no_condition_2_1_6,42,1,5418,1101
loop_2056_circuit_no_condition_2_1_6,42,2,5422,1101
loop_2056_circuit_no_condition_2_1_6,42,3,5419,1101
loop_2056_circuit_no_condition_2_1_6,42,4,5424,1101
loop_2056_circuit_no_condition_2_1_6,42,5,5418,1101
loop_2056_circuit_no_condition_2_1_6,42,6,5418,1101
loop_2056_circuit_no_condition_2_1_6,42,7,5421,1101
loop_2056_circuit_no_condition_2_1_6,42,8,5418,1101
loop_2056_circuit_no_condition_2_1_6,42,9,5419,1101
loop_2056_circuit_no_condition_2_1_6,42,10,5420,1101
loop_2056_circuit_no_condition_2_1_6,42,11,5418,1101
loop_2056_circuit_no_condition_2_1_6,42,12,5418,1101
loop_2056_circuit_no_condition_2_1_6,42,13,5418,1101
loop_2056_circuit_no_condition_2_1_6,42,14,5418,1101
loop_2056_circuit_no_condition_2_1_6,42,15,5418,1101
loop_2056_circuit_no_condition_2_1_6,42,0,5415,1200
loop_2056_circuit_no_condition_2_1_6,42,1,5414,1200
loop_2056_circuit_no_condition_2_1_6,42,2,5417,1200
loop_2056_circuit_no_condition_2_1_6,42,3,5420,1200
loop_2056_circuit_no_condition_2_1_6,42,4,5414,1200
loop_2056_circuit_no_condition_2_1_6,42,5,5423,1200
loop_2056_circuit_no_condition_2_1_6,42,6,5415,1200
loop_2056_circuit_no_condition_2_1_6,42,7,5416,1200
loop_2056_circuit_no_condition_2_1_6,42,8,5415,1200
loop_2056_circuit_no_condition_2_1_6,42,9,5414,1200
loop_2056_circuit_no_condition_2_1_6,42,10,5415,1200
loop_2056_circuit_no_condition_2_1_6,42,11,5416,1200
loop_2056_circuit_no_condition_2_1_6,42,12,5416,1200
loop_2056_circuit_no_condition_2_1_6,42,13,5415,1200
loop_2056_circuit_no_condition_2_1_6,42,14,5420,1200
loop_2056_circuit_no_condition_2_1_6,42,15,5415,1200
loop_2056_circuit_no_condition_2_1_6,42,0,5417,1300
loop_2056_circuit_no_condition_2_1_6,42,1,5416,1300
loop_2056_circuit_no_condition_2_1_6,42,2,5418,1300
loop_2056_circuit_no_condition_2_1_6,42,3,5420,1300
loop_2056_circuit_no_condition_2_1_6,42,4,5417,1300
loop_2056_circuit_no_condition_2_1_6,42,5,5418,1300
loop_2056_circuit_no_condition_2_1_6,42,6,5421,1300
loop_2056_circuit_no_condition_2_1_6,42,7,5429,1300
loop_2056_circuit_no_condition_2_1_6,42,8,5418,1300
loop_2056_circuit_no_condition_2_1_6,42,9,5417,1300
loop_2056_circuit_no_condition_2_1_6,42,10,5418,1300
loop_2056_circuit_no_condition_2_1_6,42,11,5418,1300
loop_2056_circuit_no_condition_2_1_6,42,12,5417,1300
loop_2056_circuit_no_condition_2_1_6,42,13,5417,1300
loop_2056_circuit_no_condition_2_1_6,42,14,5418,1300
loop_2056_circuit_no_condition_2_1_6,42,15,5417,1300
loop_2056_circuit_no_condition_2_1_6,42,0,5422,1401
loop_2056_circuit_no_condition_2_1_6,42,1,5417,1401
loop_2056_circuit_no_condition_2_1_6,42,2,5419,1401
loop_2056_circuit_no_condition_2_1_6,42,3,5417,1401
loop_2056_circuit_no_condition_2_1_6,42,4,5419,1401
loop_2056_circuit_no_condition_2_1_6,42,5,5417,1401
loop_2056_circuit_no_condition_2_1_6,42,6,5417,1401
loop_2056_circuit_no_condition_2_1_6,42,7,5418,1401
loop_2056_circuit_no_condition_2_1_6,42,8,5417,1401
loop_2056_circuit_no_condition_2_1_6,42,9,5422,1401
loop_2056_circuit_no_condition_2_1_6,42,10,5416,1401
loop_2056_circuit_no_condition_2_1_6,42,11,5419,1401
loop_2056_circuit_no_condition_2_1_6,42,12,5417,1401
loop_2056_circuit_no_condition_2_1_6,42,13,5419,1401
loop_2056_circuit_no_condition_2_1_6,42,14,5417,1401
loop_2056_circuit_no_condition_2_1_6,42,15,5417,1401
loop_2056_circuit_no_condition_2_1_6,42,0,5415,1501
loop_2056_circuit_no_condition_2_1_6,42,1,5415,1501
loop_2056_circuit_no_condition_2_1_6,42,2,5418,1501
loop_2056_circuit_no_condition_2_1_6,42,3,5416,1501
loop_2056_circuit_no_condition_2_1_6,42,4,5424,1501
loop_2056_circuit_no_condition_2_1_6,42,5,5416,1501
loop_2056_circuit_no_condition_2_1_6,42,6,5415,1501
loop_2056_circuit_no_condition_2_1_6,42,7,5417,1501
loop_2056_circuit_no_condition_2_1_6,42,8,5416,1501
loop_2056_circuit_no_condition_2_1_6,42,9,5414,1501
loop_2056_circuit_no_condition_2_1_6,42,10,5418,1501
loop_2056_circuit_no_condition_2_1_6,42,11,5416,1501
loop_2056_circuit_no_condition_2_1_6,42,12,5415,1501
loop_2056_circuit_no_condition_2_1_6,42,13,5414,1501
loop_2056_circuit_no_condition_2_1_6,42,14,5416,1501
loop_2056_circuit_no_condition_2_1_6,42,15,5417,1501
loop_2056_circuit_no_condition_2_1_6,42,0,5419,1600
loop_2056_circuit_no_condition_2_1_6,42,1,5413,1600
loop_2056_circuit_no_condition_2_1_6,42,2,5411,1600
loop_2056_circuit_no_condition_2_1_6,42,3,5412,1600
loop_2056_circuit_no_condition_2_1_6,42,4,5413,1600
loop_2056_circuit_no_condition_2_1_6,42,5,5412,1600
loop_2056_circuit_no_condition_2_1_6,42,6,5412,1600
loop_2056_circuit_no_condition_2_1_6,42,7,5412,1600
loop_2056_circuit_no_condition_2_1_6,42,8,5413,1600
loop_2056_circuit_no_condition_2_1_6,42,9,5412,1600
loop_2056_circuit_no_condition_2_1_6,42,10,5412,1600
loop_2056_circuit_no_condition_2_1_6,42,11,5412,1600
loop_2056_circuit_no_condition_2_1_6,42,12,5412,1600
loop_2056_circuit_no_condition_2_1_6,42,13,5419,1600
loop_2056_circuit_no_condition_2_1_6,42,14,5412,1600
loop_2056_circuit_no_condition_2_1_6,42,15,5412,1600
loop_2056_circuit_no_condition_2_1_6,42,0,5413,1700
loop_2056_circuit_no_condition_2_1_6,42,1,5412,1700
loop_2056_circuit_no_condition_2_1_6,42,2,5412,1700
loop_2056_circuit_no_condition_2_1_6,42,3,5415,1700
loop_2056_circuit_no_condition_2_1_6,42,4,5413,1700
loop_2056_circuit_no_condition_2_1_6,42,5,5414,1700
loop_2056_circuit_no_condition_2_1_6,42,6,5413,1700
loop_2056_circuit_no_condition_2_1_6,42,7,5416,1700
loop_2056_circuit_no_condition_2_1_6,42,8,5415,1700
loop_2056_circuit_no_condition_2_1_6,42,9,5413,1700
loop_2056_circuit_no_condition_2_1_6,42,10,5414,1700
loop_2056_circuit_no_condition_2_1_6,42,11,5413,1700
loop_2056_circuit_no_condition_2_1_6,42,12,5413,1700
loop_2056_circuit_no_condition_2_1_6,42,13,5420,1700
loop_2056_circuit_no_condition_2_1_6,42,14,5413,1700
loop_2056_circuit_no_condition_2_1_6,42,15,5414,1700
loop_2056_circuit_no_condition_2_1_6,42,0,5417,1801
loop_2056_circuit_no_condition_2_1_6,42,1,5419,1801
loop_2056_circuit_no_condition_2_1_6,42,2,5418,1801
loop_2056_circuit_no_condition_2_1_6,42,3,5418,1801
loop_2056_circuit_no_condition_2_1_6,42,4,5418,1801
loop_2056_circuit_no_condition_2_1_6,42,5,5418,1801
loop_2056_circuit_no_condition_2_1_6,42,6,5419,1801
loop_2056_circuit_no_condition_2_1_6,42,7,5418,1801
loop_2056_circuit_no_condition_2_1_6,42,8,5418,1801
loop_2056_circuit_no_condition_2_1_6,42,9,5418,1801
loop_2056_circuit_no_condition_2_1_6,42,10,5418,1801
loop_2056_circuit_no_condition_2_1_6,42,11,5420,1801
loop_2056_circuit_no_condition_2_1_6,42,12,5418,1801
loop_2056_circuit_no_condition_2_1_6,42,13,5424,1801
loop_2056_circuit_no_condition_2_1_6,42,14,5418,1801
loop_2056_circuit_no_condition_2_1_6,42,15,5419,1801
loop_2056_circuit_no_condition_2_1_6,42,0,4598,1901
loop_2056_circuit_no_condition_2_1_6,42,1,624,1901
loop_2056_circuit_no_condition_2_1_6,42,2,624,1901
loop_2056_circuit_no_condition_2_1_6,42,3,3281,1901
loop_2056_circuit_no_condition_2_1_6,42,4,3031,1901
loop_2056_circuit_no_condition_2_1_6,42,5,624,1901
loop_2056_circuit_no_condition_2_1_6,42,6,624,1901
loop_2056_circuit_no_condition_2_1_6,42,7,624,1901
loop_2056_circuit_no_condition_2_1_6,42,8,624,1901
loop_2056_circuit_no_condition_2_1_6,42,9,624,1901
loop_2056_circuit_no_condition_2_1_6,42,10,624,1901
loop_2056_circuit_no_condition_2_1_6,42,11,624,1901
loop_2056_circuit_no_condition_2_1_6,42,12,624,1901
loop_2056_circuit_no_condition_2_1_6,42,13,5428,1901
loop_2056_circuit_no_condition_2_1_6,42,14,624,1901
loop_2056_circuit_no_condition_2_1_6,42,15,5347,1901
loop_2056_circuit_no_condition_2_1_6,42,0,5398,2001
loop_2056_circuit_no_condition_2_1_6,42,1,5378,2001
loop_2056_circuit_no_condition_2_1_6,42,2,624,2001
loop_2056_circuit_no_condition_2_1_6,42,3,5427,2001
loop_2056_circuit_no_condition_2_1_6,42,4,5367,2001
loop_2056_circuit_no_condition_2_1_6,42,5,5363,2001
loop_2056_circuit_no_condition_2_1_6,42,6,5409,2001
loop_2056_circuit_no_condition_2_1_6,42,7,5421,2001
loop_2056_circuit_no_condition_2_1_6,42,8,624,2001
loop_2056_circuit_no_condition_2_1_6,42,9,5377,2001
loop_2056_circuit_no_condition_2_1_6,42,10,5405,2001
loop_2056_circuit_no_condition_2_1_6,42,11,624,2001
loop_2056_circuit_no_condition_2_1_6,42,12,5354,2001
loop_2056_circuit_no_condition_2_1_6,42,13,5382,2001
loop_2056_circuit_no_condition_2_1_6,42,14,5421,2001
loop_2056_circuit_no_condition_2_1_6,42,15,5420,2001
loop_2056_circuit_no_condition_2_1_6,43,0,5428,1
loop_2056_circuit_no_condition_2_1_6,43,1,5413,1
loop_2056_circuit_no_condition_2_1_6,43,2,624,1
loop_2056_circuit_no_condition_2_1_6,43,3,624,1
loop_2056_circuit_no_condition_2_1_6,43,4,5426,1
loop_2056_circuit_no_condition_2_1_6,43,5,5428,1
loop_2056_circuit_no_condition_2_1_6,43,6,624,1
loop_2056_circuit_no_condition_2_1_6,43,7,5429,1
loop_2056_circuit_no_condition_2_1_6,43,8,5405,1
loop_2056_circuit_no_condition_2_1_6,43,9,5418,1
loop_2056_circuit_no_condition_2_1_6,43,10,5428,1
loop_2056_circuit_no_condition_2_1_6,43,11,5413,1
loop_2056_circuit_no_condition_2_1_6,43,12,624,1
loop_2056_circuit_no_condition_2_1_6,43,13,5426,1
loop_2056_circuit_no_condition_2_1_6,43,14,5418,1
loop_2056_circuit_no_condition_2_1_6,43,15,5424,1
loop_2056_circuit_no_condition_2_1_6,43,0,5411,100
loop_2056_circuit_no_condition_2_1_6,43,1,5416,100
loop_2056_circuit_no_condition_2_1_6,43,2,5432,100
loop_2056_circuit_no_condition_2_1_6,43,3,5414,100
loop_2056_circuit_no_condition_2_1_6,43,4,5397,100
loop_2056_circuit_no_condition_2_1_6,43,5,5329,100
loop_2056_circuit_no_condition_2_1_6,43,6,5408,100
loop_2056_circuit_no_condition_2_1_6,43,7,5345,100
loop_2056_circuit_no_condition_2_1_6,43,8,5412,100
loop_2056_circuit_no_condition_2_1_6,43,9,5393,100
loop_2056_circuit_no_condition_2_1_6,43,10,5350,100
loop_2056_circuit_no_condition_2_1_6,43,11,5411,100
loop_2056_circuit_no_condition_2_1_6,43,12,5416,100
loop_2056_circuit_no_condition_2_1_6,43,13,5411,100
loop_2056_circuit_no_condition_2_1_6,43,14,5422,100
loop_2056_circuit_no_condition_2_1_6,43,15,5375,100
loop_2056_circuit_no_condition_2_1_6,43,0,5422,201
loop_2056_circuit_no_condition_2_1_6,43,1,5180,201
loop_2056_circuit_no_condition_2_1_6,43,2,624,201
loop_2056_circuit_no_condition_2_1_6,43,3,624,201
loop_2056_circuit_no_condition_2_1_6,43,4,5420,201
loop_2056_circuit_no_condition_2_1_6,43,5,5426,201
loop_2056_circuit_no_condition_2_1_6,43,6,624,201
loop_2056_circuit_no_condition_2_1_6,43,7,624,201
loop_2056_circuit_no_condition_2_1_6,43,8,5422,201
loop_2056_circuit_no_condition_2_1_6,43,9,624,201
loop_2056_circuit_no_condition_2_1_6,43,10,624,201
loop_2056_circuit_no_condition_2_1_6,43,11,624,201
loop_2056_circuit_no_condition_2_1_6,43,12,624,201
loop_2056_circuit_no_condition_2_1_6,43,13,5418,201
loop_2056_circuit_no_condition_2_1_6,43,14,624,201
loop_2056_circuit_no_condition_2_1_6,43,15,5424,201
loop_2056_circuit_no_condition_2_1_6,43,0,4697,301
loop_2056_circuit_no_condition_2_1_6,43,1,624,301
loop_2056_circuit_no_condition_2_1_6,43,2,624,301
loop_2056_circuit_no_condition_2_1_6,43,3,624,301
loop_2056_circuit_no_condition_2_1_6,43,4,5428,301
loop_2056_circuit_no_condition_2_1_6,43,5,2761,301
loop_2056_circuit_no_condition_2_1_6,43,6,624,301
loop_2056_circuit_no_condition_2_1_6,43,7,624,301
loop_2056_circuit_no_condition_2_1_6,43,8,624,301
loop_2056_circuit_no_condition_2_1_6,43,9,624,301
loop_2056_circuit_no_condition_2_1_6,43,10,624,301
loop_2056_circuit_no_condition_2_1_6,43,11,624,301
loop_2056_circuit_no_condition_2_1_6,43,12,624,301
loop_2056_circuit_no_condition_2_1_6,43,13,624,301
loop_2056_circuit_no_condition_2_1_6,43,14,624,301
loop_2056_circuit_no_condition_2_1_6,43,15,4805,301
loop_2056_circuit_no_condition_2_1_6,43,0,5164,400
loop_2056_circuit_no_condition_2_1_6,43,1,624,400
loop_2056_circuit_no_condition_2_1_6,43,2,624,400
loop_2056_circuit_no_condition_2_1_6,43,3,624,400
loop_2056_circuit_no_condition_2_1_6,43,4,5429,400
loop_2056_circuit_no_condition_2_1_6,43,5,5429,400
loop_2056_circuit_no_condition_2_1_6,43,6,624,400
loop_2056_circuit_no_condition_2_1_6,43,7,4890,400
loop_2056_circuit_no_condition_2_1_6,43,8,624,400
loop_2056_circuit_no_condition_2_1_6,43,9,624,400
loop_2056_circuit_no_condition_2_1_6,43,10,624,400
loop_2056_circuit_no_condition_2_1_6,43,11,624,400
loop_2056_circuit_no_condition_2_1_6,43,12,624,400
loop_2056_circuit_no_condition_2_1_6,43,13,624,400
loop_2056_circuit_no_condition_2_1_6,43,14,624,400
loop_2056_circuit_no_condition_2_1_6,43,15,624,400
loop_2056_circuit_no_condition_2_1_6,43,0,624,500
loop_2056_circuit_no_condition_2_1_6,43,1,3523,500
loop_2056_circuit_no_condition_2_1_6,43,2,624,500
loop_2056_circuit_no_condition_2_1_6,43,3,624,500
loop_2056_circuit_no_condition_2_1_6,43,4,5430,500
loop_2056_circuit_no_condition_2_1_6,43,5,5424,500
loop_2056_circuit_no_condition_2_1_6,43,6,3652,500
loop_2056_circuit_no_condition_2_1_6,43,7,5428,500
loop_2056_circuit_no_condition_2_1_6,43,8,624,500
loop_2056_circuit_no_condition_2_1_6,43,9,624,500
loop_2056_circuit_no_condition_2_1_6,43,10,624,500
loop_2056_circuit_no_condition_2_1_6,43,11,624,500
loop_2056_circuit_no_condition_2_1_6,43,12,624,500
loop_2056_circuit_no_condition_2_1_6,43,13,624,500
loop_2056_circuit_no_condition_2_1_6,43,14,624,500
loop_2056_circuit_no_condition_2_1_6,43,15,624,500
loop_2056_circuit_no_condition_2_1_6,43,0,5420,601
loop_2056_circuit_no_condition_2_1_6,43,1,5424,601
loop_2056_circuit_no_condition_2_1_6,43,2,5417,601
loop_2056_circuit_no_condition_2_1_6,43,3,5420,601
loop_2056_circuit_no_condition_2_1_6,43,4,5417,601
loop_2056_circuit_no_condition_2_1_6,43,5,5417,601
loop_2056_circuit_no_condition_2_1_6,43,6,5417,601
loop_2056_circuit_no_condition_2_1_6,43,7,5417,601
loop_2056_circuit_no_condition_2_1_6,43,8,5420,601
loop_2056_circuit_no_condition_2_1_6,43,9,5417,601
loop_2056_circuit_no_condition_2_1_6,43,10,5420,601
loop_2056_circuit_no_condition_2_1_6,43,11,5420,601
loop_2056_circuit_no_condition_2_1_6,43,12,5417,601
loop_2056_circuit_no_condition_2_1_6,43,13,5417,601
loop_2056_circuit_no_condition_2_1_6,43,14,5417,601
loop_2056_circuit_no_condition_2_1_6,43,15,5417,601
loop_2056_circuit_no_condition_2_1_6,43,0,5421,700
loop_2056_circuit_no_condition_2_1_6,43,1,5420,700
loop_2056_circuit_no_condition_2_1_6,43,2,5420,700
loop_2056_circuit_no_condition_2_1_6,43,3,5425,700
loop_2056_circuit_no_condition_2_1_6,43,4,5420,700
loop_2056_circuit_no_condition_2_1_6,43,5,5427,700
loop_2056_circuit_no_condition_2_1_6,43,6,5420,700
loop_2056_circuit_no_condition_2_1_6,43,7,5422,700
loop_2056_circuit_no_condition_2_1_6,43,8,5421,700
loop_2056_circuit_no_condition_2_1_6,43,9,5420,700
loop_2056_circuit_no_condition_2_1_6,43,10,5420,700
loop_2056_circuit_no_condition_2_1_6,43,11,5420,700
loop_2056_circuit_no_condition_2_1_6,43,12,5422,700
loop_2056_circuit_no_condition_2_1_6,43,13,5420,700
loop_2056_circuit_no_condition_2_1_6,43,14,5420,700
loop_2056_circuit_no_condition_2_1_6,43,15,5421,700
loop_2056_circuit_no_condition_2_1_6,43,0,5423,800
loop_2056_circuit_no_condition_2_1_6,43,1,5428,800
loop_2056_circuit_no_condition_2_1_6,43,2,5426,800
loop_2056_circuit_no_condition_2_1_6,43,3,5424,800
loop_2056_circuit_no_condition_2_1_6,43,4,5430,800
loop_2056_circuit_no_condition_2_1_6,43,5,5423,800
loop_2056_circuit_no_condition_2_1_6,43,6,5422,800
loop_2056_circuit_no_condition_2_1_6,43,7,5424,800
loop_2056_circuit_no_condition_2_1_6,43,8,5422,800
loop_2056_circuit_no_condition_2_1_6,43,9,5423,800
loop_2056_circuit_no_condition_2_1_6,43,10,5422,800
loop_2056_circuit_no_condition_2_1_6,43,11,5423,800
loop_2056_circuit_no_condition_2_1_6,43,12,5422,800
loop_2056_circuit_no_condition_2_1_6,43,13,5424,800
loop_2056_circuit_no_condition_2_1_6,43,14,5423,800
loop_2056_circuit_no_condition_2_1_6,43,15,5423,800
loop_2056_circuit_no_condition_2_1_6,43,0,5420,900
loop_2056_circuit_no_condition_2_1_6,43,1,5413,900
loop_2056_circuit_no_condition_2_1_6,43,2,5414,900
loop_2056_circuit_no_condition_2_1_6,43,3,5413,900
loop_2056_circuit_no_condition_2_1_6,43,4,5415,900
loop_2056_circuit_no_condition_2_1_6,43,5,5413,900
loop_2056_circuit_no_condition_2_1_6,43,6,5413,900
loop_2056_circuit_no_condition_2_1_6,43,7,5414,900
loop_2056_circuit_no_condition_2_1_6,43,8,5421,900
loop_2056_circuit_no_condition_2_1_6,43,9,5420,900
loop_2056_circuit_no_condition_2_1_6,43,10,5414,900
loop_2056_circuit_no_condition_2_1_6,43,11,5413,900
loop_2056_circuit_no_condition_2_1_6,43,12,5414,900
loop_2056_circuit_no_condition_2_1_6,43,13,5418,900
loop_2056_circuit_no_condition_2_1_6,43,14,5413,900
loop_2056_circuit_no_condition_2_1_6,43,15,5413,900
loop_2056_circuit_no_condition_2_1_6,43,0,5416,1000
loop_2056_circuit_no_condition_2_1_6,43,1,5416,1000
loop_2056_circuit_no_condition_2_1_6,43,2,5415,1000
loop_2056_circuit_no_condition_2_1_6,43,3,5417,1000
loop_2056_circuit_no_condition_2_1_6,43,4,5424,1000
loop_2056_circuit_no_condition_2_1_6,43,5,5418,1000
loop_2056_circuit_no_condition_2_1_6,43,6,5417,1000
loop_2056_circuit_no_condition_2_1_6,43,7,5417,1000
loop_2056_circuit_no_condition_2_1_6,43,8,5420,1000
loop_2056_circuit_no_condition_2_1_6,43,9,5418,1000
loop_2056_circuit_no_condition_2_1_6,43,10,5415,1000
loop_2056_circuit_no_condition_2_1_6,43,11,5417,1000
loop_2056_circuit_no_condition_2_1_6,43,12,5416,1000
loop_2056_circuit_no_condition_2_1_6,43,13,5416,1000
loop_2056_circuit_no_condition_2_1_6,43,14,5415,1000
loop_2056_circuit_no_condition_2_1_6,43,15,5416,1000
loop_2056_circuit_no_condition_2_1_6,43,0,5415,1101
loop_2056_circuit_no_condition_2_1_6,43,1,5416,1101
loop_2056_circuit_no_condition_2_1_6,43,2,5416,1101
loop_2056_circuit_no_condition_2_1_6,43,3,5415,1101
loop_2056_circuit_no_condition_2_1_6,43,4,5416,1101
loop_2056_circuit_no_condition_2_1_6,43,5,5422,1101
loop_2056_circuit_no_condition_2_1_6,43,6,5417,1101
loop_2056_circuit_no_condition_2_1_6,43,7,5416,1101
loop_2056_circuit_no_condition_2_1_6,43,8,5416,1101
loop_2056_circuit_no_condition_2_1_6,43,9,5416,1101
loop_2056_circuit_no_condition_2_1_6,43,10,5419,1101
loop_2056_circuit_no_condition_2_1_6,43,11,5416,1101
loop_2056_circuit_no_condition_2_1_6,43,12,5415,1101
loop_2056_circuit_no_condition_2_1_6,43,13,5415,1101
loop_2056_circuit_no_condition_2_1_6,43,14,5416,1101
loop_2056_circuit_no_condition_2_1_6,43,15,5415,1101
loop_2056_circuit_no_condition_2_1_6,43,0,5414,1200
loop_2056_circuit_no_condition_2_1_6,43,1,5417,1200
loop_2056_circuit_no_condition_2_1_6,43,2,5415,1200
loop_2056_circuit_no_condition_2_1_6,43,3,5415,1200
loop_2056_circuit_no_condition_2_1_6,43,4,5414,1200
loop_2056_circuit_no_condition_2_1_6,43,5,5422,1200
loop_2056_circuit_no_condition_2_1_6,43,6,5416,1200
loop_2056_circuit_no_condition_2_1_6,43,7,5414,1200
loop_2056_circuit_no_condition_2_1_6,43,8,5414,1200
loop_2056_circuit_no_condition_2_1_6,43,9,5414,1200
loop_2056_circuit_no_condition_2_1_6,43,10,5414,1200
loop_2056_circuit_no_condition_2_1_6,43,11,5415,1200
loop_2056_circuit_no_condition_2_1_6,43,12,5414,1200
loop_2056_circuit_no_condition_2_1_6,43,13,5414,1200
loop_2056_circuit_no_condition_2_1_6,43,14,5416,1200
loop_2056_circuit_no_condition_2_1_6,43,15,5414,1200
loop_2056_circuit_no_condition_2_1_6,43,0,5418,1300
loop_2056_circuit_no_condition_2_1_6,43,1,5418,1300
loop_2056_circuit_no_condition_2_1_6,43,2,5415,1300
loop_2056_circuit_no_condition_2_1_6,43,3,5420,1300
loop_2056_circuit_no_condition_2_1_6,43,4,5415,1300
loop_2056_circuit_no_condition_2_1_6,43,5,5420,1300
loop_2056_circuit_no_condition_2_1_6,43,6,5416,1300
loop_2056_circuit_no_condition_2_1_6,43,7,5416,1300
loop_2056_circuit_no_condition_2_1_6,43,8,5416,1300
loop_2056_circuit_no_condition_2_1_6,43,9,5418,1300
loop_2056_circuit_no_condition_2_1_6,43,10,5418,1300
loop_2056_circuit_no_condition_2_1_6,43,11,5418,1300
loop_2056_circuit_no_condition_2_1_6,43,12,5416,1300
loop_2056_circuit_no_condition_2_1_6,43,13,5416,1300
loop_2056_circuit_no_condition_2_1_6,43,14,5418,1300
loop_2056_circuit_no_condition_2_1_6,43,15,5417,1300
loop_2056_circuit_no_condition_2_1_6,43,0,5421,1400
loop_2056_circuit_no_condition_2_1_6,43,1,5423,1400
loop_2056_circuit_no_condition_2_1_6,43,2,5421,1400
loop_2056_circuit_no_condition_2_1_6,43,3,5420,1400
loop_2056_circuit_no_condition_2_1_6,43,4,5421,1400
loop_2056_circuit_no_condition_2_1_6,43,5,5424,1400
loop_2056_circuit_no_condition_2_1_6,43,6,5428,1400
loop_2056_circuit_no_condition_2_1_6,43,7,5421,1400
loop_2056_circuit_no_condition_2_1_6,43,8,5420,1400
loop_2056_circuit_no_condition_2_1_6,43,9,5420,1400
loop_2056_circuit_no_condition_2_1_6,43,10,5420,1400
loop_2056_circuit_no_condition_2_1_6,43,11,5421,1400
loop_2056_circuit_no_condition_2_1_6,43,12,5420,1400
loop_2056_circuit_no_condition_2_1_6,43,13,5422,1400
loop_2056_circuit_no_condition_2_1_6,43,14,5421,1400
loop_2056_circuit_no_condition_2_1_6,43,15,5423,1400
loop_2056_circuit_no_condition_2_1_6,43,0,5417,1501
loop_2056_circuit_no_condition_2_1_6,43,1,5414,1501
loop_2056_circuit_no_condition_2_1_6,43,2,5414,1501
loop_2056_circuit_no_condition_2_1_6,43,3,5414,1501
loop_2056_circuit_no_condition_2_1_6,43,4,5415,1501
loop_2056_circuit_no_condition_2_1_6,43,5,5421,1501
loop_2056_circuit_no_condition_2_1_6,43,6,5415,1501
loop_2056_circuit_no_condition_2_1_6,43,7,5414,1501
loop_2056_circuit_no_condition_2_1_6,43,8,5415,1501
loop_2056_circuit_no_condition_2_1_6,43,9,5414,1501
loop_2056_circuit_no_condition_2_1_6,43,10,5415,1501
loop_2056_circuit_no_condition_2_1_6,43,11,5415,1501
loop_2056_circuit_no_condition_2_1_6,43,12,5416,1501
loop_2056_circuit_no_condition_2_1_6,43,13,5415,1501
loop_2056_circuit_no_condition_2_1_6,43,14,5414,1501
loop_2056_circuit_no_condition_2_1_6,43,15,5414,1501
loop_2056_circuit_no_condition_2_1_6,43,0,5416,1600
loop_2056_circuit_no_condition_2_1_6,43,1,5418,1600
loop_2056_circuit_no_condition_2_1_6,43,2,5417,1600
loop_2056_circuit_no_condition_2_1_6,43,3,5418,1600
loop_2056_circuit_no_condition_2_1_6,43,4,5419,1600
loop_2056_circuit_no_condition_2_1_6,43,5,5423,1600
loop_2056_circuit_no_condition_2_1_6,43,6,5415,1600
loop_2056_circuit_no_condition_2_1_6,43,7,5417,1600
loop_2056_circuit_no_condition_2_1_6,43,8,5416,1600
loop_2056_circuit_no_condition_2_1_6,43,9,5416,1600
loop_2056_circuit_no_condition_2_1_6,43,10,5416,1600
loop_2056_circuit_no_condition_2_1_6,43,11,5416,1600
loop_2056_circuit_no_condition_2_1_6,43,12,5416,1600
loop_2056_circuit_no_condition_2_1_6,43,13,5416,1600
loop_2056_circuit_no_condition_2_1_6,43,14,5416,1600
loop_2056_circuit_no_condition_2_1_6,43,15,5416,1600
loop_2056_circuit_no_condition_2_1_6,43,0,5411,1700
loop_2056_circuit_no_condition_2_1_6,43,1,5412,1700
loop_2056_circuit_no_condition_2_1_6,43,2,5420,1700
loop_2056_circuit_no_condition_2_1_6,43,3,5412,1700
loop_2056_circuit_no_condition_2_1_6,43,4,5412,1700
loop_2056_circuit_no_condition_2_1_6,43,5,5413,1700
loop_2056_circuit_no_condition_2_1_6,43,6,5412,1700
loop_2056_circuit_no_condition_2_1_6,43,7,5413,1700
loop_2056_circuit_no_condition_2_1_6,43,8,5412,1700
loop_2056_circuit_no_condition_2_1_6,43,9,5411,1700
loop_2056_circuit_no_condition_2_1_6,43,10,5411,1700
loop_2056_circuit_no_condition_2_1_6,43,11,5412,1700
loop_2056_circuit_no_condition_2_1_6,43,12,5412,1700
loop_2056_circuit_no_condition_2_1_6,43,13,5420,1700
loop_2056_circuit_no_condition_2_1_6,43,14,5412,1700
loop_2056_circuit_no_condition_2_1_6,43,15,5412,1700
loop_2056_circuit_no_condition_2_1_6,43,0,5413,1800
loop_2056_circuit_no_condition_2_1_6,43,1,5414,1800
loop_2056_circuit_no_condition_2_1_6,43,2,5417,1800
loop_2056_circuit_no_condition_2_1_6,43,3,5413,1800
loop_2056_circuit_no_condition_2_1_6,43,4,5422,1800
loop_2056_circuit_no_condition_2_1_6,43,5,5418,1800
loop_2056_circuit_no_condition_2_1_6,43,6,5413,1800
loop_2056_circuit_no_condition_2_1_6,43,7,5413,1800
loop_2056_circuit_no_condition_2_1_6,43,8,5413,1800
loop_2056_circuit_no_condition_2_1_6,43,9,5421,1800
loop_2056_circuit_no_condition_2_1_6,43,10,5415,1800
loop_2056_circuit_no_condition_2_1_6,43,11,5413,1800
loop_2056_circuit_no_condition_2_1_6,43,12,5422,1800
loop_2056_circuit_no_condition_2_1_6,43,13,5413,1800
loop_2056_circuit_no_condition_2_1_6,43,14,5414,1800
loop_2056_circuit_no_condition_2_1_6,43,15,5412,1800
loop_2056_circuit_no_condition_2_1_6,43,0,5434,1901
loop_2056_circuit_no_condition_2_1_6,43,1,5428,1901
loop_2056_circuit_no_condition_2_1_6,43,2,5414,1901
loop_2056_circuit_no_condition_2_1_6,43,3,5424,1901
loop_2056_circuit_no_condition_2_1_6,43,4,5430,1901
loop_2056_circuit_no_condition_2_1_6,43,5,5431,1901
loop_2056_circuit_no_condition_2_1_6,43,6,5413,1901
loop_2056_circuit_no_condition_2_1_6,43,7,5422,1901
loop_2056_circuit_no_condition_2_1_6,43,8,5412,1901
loop_2056_circuit_no_condition_2_1_6,43,9,5415,1901
loop_2056_circuit_no_condition_2_1_6,43,10,5415,1901
loop_2056_circuit_no_condition_2_1_6,43,11,5377,1901
loop_2056_circuit_no_condition_2_1_6,43,12,5416,1901
loop_2056_circuit_no_condition_2_1_6,43,13,5414,1901
loop_2056_circuit_no_condition_2_1_6,43,14,5443,1901
loop_2056_circuit_no_condition_2_1_6,43,15,5426,1901
loop_2056_circuit_no_condition_2_1_6,43,0,5414,2001
loop_2056_circuit_no_condition_2_1_6,43,1,5409,2001
loop_2056_circuit_no_condition_2_1_6,43,2,5418,2001
loop_2056_circuit_no_condition_2_1_6,43,3,5422,2001
loop_2056_circuit_no_condition_2_1_6,43,4,5420,2001
loop_2056_circuit_no_condition_2_1_6,43,5,5416,2001
loop_2056_circuit_no_condition_2_1_6,43,6,5416,2001
loop_2056_circuit_no_condition_2_1_6,43,7,5418,2001
loop_2056_circuit_no_condition_2_1_6,43,8,5418,2001
loop_2056_circuit_no_condition_2_1_6,43,9,5409,2001
loop_2056_circuit_no_condition_2_1_6,43,10,5421,2001
loop_2056_circuit_no_condition_2_1_6,43,11,5408,2001
loop_2056_circuit_no_condition_2_1_6,43,12,5426,2001
loop_2056_circuit_no_condition_2_1_6,43,13,5420,2001
loop_2056_circuit_no_condition_2_1_6,43,14,5426,2001
loop_2056_circuit_no_condition_2_1_6,43,15,5416,2001
loop_2056_circuit_no_condition_2_1_6,44,0,5431,1
loop_2056_circuit_no_condition_2_1_6,44,1,5428,1
loop_2056_circuit_no_condition_2_1_6,44,2,624,1
loop_2056_circuit_no_condition_2_1_6,44,3,5430,1
loop_2056_circuit_no_condition_2_1_6,44,4,624,1
loop_2056_circuit_no_condition_2_1_6,44,5,5431,1
loop_2056_circuit_no_condition_2_1_6,44,6,5426,1
loop_2056_circuit_no_condition_2_1_6,44,7,5423,1
loop_2056_circuit_no_condition_2_1_6,44,8,5428,1
loop_2056_circuit_no_condition_2_1_6,44,9,5428,1
loop_2056_circuit_no_condition_2_1_6,44,10,5433,1
loop_2056_circuit_no_condition_2_1_6,44,11,624,1
loop_2056_circuit_no_condition_2_1_6,44,12,5421,1
loop_2056_circuit_no_condition_2_1_6,44,13,5430,1
loop_2056_circuit_no_condition_2_1_6,44,14,5420,1
loop_2056_circuit_no_condition_2_1_6,44,15,5416,1
loop_2056_circuit_no_condition_2_1_6,44,0,5392,101
loop_2056_circuit_no_condition_2_1_6,44,1,5358,101
loop_2056_circuit_no_condition_2_1_6,44,2,5428,101
loop_2056_circuit_no_condition_2_1_6,44,3,5404,101
loop_2056_circuit_no_condition_2_1_6,44,4,5430,101
loop_2056_circuit_no_condition_2_1_6,44,5,5418,101
loop_2056_circuit_no_condition_2_1_6,44,6,5377,101
loop_2056_circuit_no_condition_2_1_6,44,7,5416,101
loop_2056_circuit_no_condition_2_1_6,44,8,624,101
loop_2056_circuit_no_condition_2_1_6,44,9,5430,101
loop_2056_circuit_no_condition_2_1_6,44,10,5429,101
loop_2056_circuit_no_condition_2_1_6,44,11,5375,101
loop_2056_circuit_no_condition_2_1_6,44,12,5416,101
loop_2056_circuit_no_condition_2_1_6,44,13,5387,101
loop_2056_circuit_no_condition_2_1_6,44,14,5417,101
loop_2056_circuit_no_condition_2_1_6,44,15,5390,101
loop_2056_circuit_no_condition_2_1_6,44,0,5413,201
loop_2056_circuit_no_condition_2_1_6,44,1,5385,201
loop_2056_circuit_no_condition_2_1_6,44,2,5420,201
loop_2056_circuit_no_condition_2_1_6,44,3,5424,201
loop_2056_circuit_no_condition_2_1_6,44,4,5425,201
loop_2056_circuit_no_condition_2_1_6,44,5,5419,201
loop_2056_circuit_no_condition_2_1_6,44,6,5384,201
loop_2056_circuit_no_condition_2_1_6,44,7,5419,201
loop_2056_circuit_no_condition_2_1_6,44,8,5422,201
loop_2056_circuit_no_condition_2_1_6,44,9,5415,201
loop_2056_circuit_no_condition_2_1_6,44,10,5396,201
loop_2056_circuit_no_condition_2_1_6,44,11,5419,201
loop_2056_circuit_no_condition_2_1_6,44,12,5420,201
loop_2056_circuit_no_condition_2_1_6,44,13,5415,201
loop_2056_circuit_no_condition_2_1_6,44,14,5415,201
loop_2056_circuit_no_condition_2_1_6,44,15,5419,201
loop_2056_circuit_no_condition_2_1_6,44,0,624,301
loop_2056_circuit_no_condition_2_1_6,44,1,4976,301
loop_2056_circuit_no_condition_2_1_6,44,2,624,301
loop_2056_circuit_no_condition_2_1_6,44,3,5428,301
loop_2056_circuit_no_condition_2_1_6,44,4,5425,301
loop_2056_circuit_no_condition_2_1_6,44,5,624,301
loop_2056_circuit_no_condition_2_1_6,44,6,624,301
loop_2056_circuit_no_condition_2_1_6,44,7,624,301
loop_2056_circuit_no_condition_2_1_6,44,8,624,301
loop_2056_circuit_no_condition_2_1_6,44,9,624,301
loop_2056_circuit_no_condition_2_1_6,44,10,624,301
loop_2056_circuit_no_condition_2_1_6,44,11,624,301
loop_2056_circuit_no_condition_2_1_6,44,12,624,301
loop_2056_circuit_no_condition_2_1_6,44,13,624,301
loop_2056_circuit_no_condition_2_1_6,44,14,624,301
loop_2056_circuit_no_condition_2_1_6,44,15,624,301
loop_2056_circuit_no_condition_2_1_6,44,0,624,401
loop_2056_circuit_no_condition_2_1_6,44,1,3771,401
loop_2056_circuit_no_condition_2_1_6,44,2,624,401
loop_2056_circuit_no_condition_2_1_6,44,3,624,401
loop_2056_circuit_no_condition_2_1_6,44,4,5435,401
loop_2056_circuit_no_condition_2_1_6,44,5,624,401
loop_2056_circuit_no_condition_2_1_6,44,6,624,401
loop_2056_circuit_no_condition_2_1_6,44,7,624,401
loop_2056_circuit_no_condition_2_1_6,44,8,624,401
loop_2056_circuit_no_condition_2_1_6,44,9,624,401
loop_2056_circuit_no_condition_2_1_6,44,10,624,401
loop_2056_circuit_no_condition_2_1_6,44,11,624,401
loop_2056_circuit_no_condition_2_1_6,44,12,624,401
loop_2056_circuit_no_condition_2_1_6,44,13,624,401
loop_2056_circuit_no_condition_2_1_6,44,14,624,401
loop_2056_circuit_no_condition_2_1_6,44,15,4938,401
loop_2056_circuit_no_condition_2_1_6,44,0,624,501
loop_2056_circuit_no_condition_2_1_6,44,1,5427,501
loop_2056_circuit_no_condition_2_1_6,44,2,624,501
loop_2056_circuit_no_condition_2_1_6,44,3,624,501
loop_2056_circuit_no_condition_2_1_6,44,4,5430,501
loop_2056_circuit_no_condition_2_1_6,44,5,624,501
loop_2056_circuit_no_condition_2_1_6,44,6,624,501
loop_2056_circuit_no_condition_2_1_6,44,7,624,501
loop_2056_circuit_no_condition_2_1_6,44,8,624,501
loop_2056_circuit_no_condition_2_1_6,44,9,624,501
loop_2056_circuit_no_condition_2_1_6,44,10,624,501
loop_2056_circuit_no_condition_2_1_6,44,11,624,501
loop_2056_circuit_no_condition_2_1_6,44,12,624,501
loop_2056_circuit_no_condition_2_1_6,44,13,4638,501
loop_2056_circuit_no_condition_2_1_6,44,14,624,501
loop_2056_circuit_no_condition_2_1_6,44,15,4724,501
loop_2056_circuit_no_condition_2_1_6,44,0,5406,601
loop_2056_circuit_no_condition_2_1_6,44,1,5409,601
loop_2056_circuit_no_condition_2_1_6,44,2,5403,601
loop_2056_circuit_no_condition_2_1_6,44,3,5410,601
loop_2056_circuit_no_condition_2_1_6,44,4,5424,601
loop_2056_circuit_no_condition_2_1_6,44,5,5401,601
loop_2056_circuit_no_condition_2_1_6,44,6,5409,601
loop_2056_circuit_no_condition_2_1_6,44,7,5405,601
loop_2056_circuit_no_condition_2_1_6,44,8,5406,601
loop_2056_circuit_no_condition_2_1_6,44,9,5411,601
loop_2056_circuit_no_condition_2_1_6,44,10,5405,601
loop_2056_circuit_no_condition_2_1_6,44,11,5401,601
loop_2056_circuit_no_condition_2_1_6,44,12,5403,601
loop_2056_circuit_no_condition_2_1_6,44,13,5406,601
loop_2056_circuit_no_condition_2_1_6,44,14,5407,601
loop_2056_circuit_no_condition_2_1_6,44,15,5405,601
loop_2056_circuit_no_condition_2_1_6,44,0,5400,701
loop_2056_circuit_no_condition_2_1_6,44,1,5401,701
loop_2056_circuit_no_condition_2_1_6,44,2,5396,701
loop_2056_circuit_no_condition_2_1_6,44,3,5417,701
loop_2056_circuit_no_condition_2_1_6,44,4,5405,701
loop_2056_circuit_no_condition_2_1_6,44,5,5396,701
loop_2056_circuit_no_condition_2_1_6,44,6,5404,701
loop_2056_circuit_no_condition_2_1_6,44,7,5399,701
loop_2056_circuit_no_condition_2_1_6,44,8,5395,701
loop_2056_circuit_no_condition_2_1_6,44,9,5404,701
loop_2056_circuit_no_condition_2_1_6,44,10,5404,701
loop_2056_circuit_no_condition_2_1_6,44,11,5396,701
loop_2056_circuit_no_condition_2_1_6,44,12,5407,701
loop_2056_circuit_no_condition_2_1_6,44,13,5397,701
loop_2056_circuit_no_condition_2_1_6,44,14,5408,701
loop_2056_circuit_no_condition_2_1_6,44,15,5400,701
loop_2056_circuit_no_condition_2_1_6,44,0,5403,801
loop_2056_circuit_no_condition_2_1_6,44,1,5404,801
loop_2056_circuit_no_condition_2_1_6,44,2,5400,801
loop_2056_circuit_no_condition_2_1_6,44,3,5400,801
loop_2056_circuit_no_condition_2_1_6,44,4,5398,801
loop_2056_circuit_no_condition_2_1_6,44,5,5420,801
loop_2056_circuit_no_condition_2_1_6,44,6,5403,801
loop_2056_circuit_no_condition_2_1_6,44,7,5403,801
loop_2056_circuit_no_condition_2_1_6,44,8,5412,801
loop_2056_circuit_no_condition_2_1_6,44,9,5400,801
loop_2056_circuit_no_condition_2_1_6,44,10,5410,801
loop_2056_circuit_no_condition_2_1_6,44,11,5399,801
loop_2056_circuit_no_condition_2_1_6,44,12,5399,801
loop_2056_circuit_no_condition_2_1_6,44,13,5402,801
loop_2056_circuit_no_condition_2_1_6,44,14,5406,801
loop_2056_circuit_no_condition_2_1_6,44,15,5404,801
loop_2056_circuit_no_condition_2_1_6,44,0,5407,901
loop_2056_circuit_no_condition_2_1_6,44,1,5413,901
loop_2056_circuit_no_condition_2_1_6,44,2,5405,901
loop_2056_circuit_no_condition_2_1_6,44,3,5401,901
loop_2056_circuit_no_condition_2_1_6,44,4,5423,901
loop_2056_circuit_no_condition_2_1_6,44,5,5402,901
loop_2056_circuit_no_condition_2_1_6,44,6,5408,901
loop_2056_circuit_no_condition_2_1_6,44,7,5403,901
loop_2056_circuit_no_condition_2_1_6,44,8,5414,901
loop_2056_circuit_no_condition_2_1_6,44,9,5406,901
loop_2056_circuit_no_condition_2_1_6,44,10,5402,901
loop_2056_circuit_no_condition_2_1_6,44,11,5401,901
loop_2056_circuit_no_condition_2_1_6,44,12,5402,901
loop_2056_circuit_no_condition_2_1_6,44,13,5404,901
loop_2056_circuit_no_condition_2_1_6,44,14,5405,901
loop_2056_circuit_no_condition_2_1_6,44,15,5402,901
loop_2056_circuit_no_condition_2_1_6,44,0,5398,1001
loop_2056_circuit_no_condition_2_1_6,44,1,5402,1001
loop_2056_circuit_no_condition_2_1_6,44,2,5398,1001
loop_2056_circuit_no_condition_2_1_6,44,3,5396,1001
loop_2056_circuit_no_condition_2_1_6,44,4,5422,1001
loop_2056_circuit_no_condition_2_1_6,44,5,5396,1001
loop_2056_circuit_no_condition_2_1_6,44,6,5400,1001
loop_2056_circuit_no_condition_2_1_6,44,7,5403,1001
loop_2056_circuit_no_condition_2_1_6,44,8,5403,1001
loop_2056_circuit_no_condition_2_1_6,44,9,5403,1001
loop_2056_circuit_no_condition_2_1_6,44,10,5395,1001
loop_2056_circuit_no_condition_2_1_6,44,11,5395,1001
loop_2056_circuit_no_condition_2_1_6,44,12,5396,1001
loop_2056_circuit_no_condition_2_1_6,44,13,5408,1001
loop_2056_circuit_no_condition_2_1_6,44,14,5407,1001
loop_2056_circuit_no_condition_2_1_6,44,15,5402,1001
loop_2056_circuit_no_condition_2_1_6,44,0,5405,1101
loop_2056_circuit_no_condition_2_1_6,44,1,5413,1101
loop_2056_circuit_no_condition_2_1_6,44,2,5407,1101
loop_2056_circuit_no_condition_2_1_6,44,3,5408,1101
loop_2056_circuit_no_condition_2_1_6,44,4,5409,1101
loop_2056_circuit_no_condition_2_1_6,44,5,5425,1101
loop_2056_circuit_no_condition_2_1_6,44,6,5405,1101
loop_2056_circuit_no_condition_2_1_6,44,7,5406,1101
loop_2056_circuit_no_condition_2_1_6,44,8,5413,1101
loop_2056_circuit_no_condition_2_1_6,44,9,5406,1101
loop_2056_circuit_no_condition_2_1_6,44,10,5415,1101
loop_2056_circuit_no_condition_2_1_6,44,11,5406,1101
loop_2056_circuit_no_condition_2_1_6,44,12,5407,1101
loop_2056_circuit_no_condition_2_1_6,44,13,5407,1101
loop_2056_circuit_no_condition_2_1_6,44,14,5407,1101
loop_2056_circuit_no_condition_2_1_6,44,15,5409,1101
loop_2056_circuit_no_condition_2_1_6,44,0,5404,1201
loop_2056_circuit_no_condition_2_1_6,44,1,5404,1201
loop_2056_circuit_no_condition_2_1_6,44,2,5406,1201
loop_2056_circuit_no_condition_2_1_6,44,3,5404,1201
loop_2056_circuit_no_condition_2_1_6,44,4,5406,1201
loop_2056_circuit_no_condition_2_1_6,44,5,5414,1201
loop_2056_circuit_no_condition_2_1_6,44,6,5403,1201
loop_2056_circuit_no_condition_2_1_6,44,7,5409,1201
loop_2056_circuit_no_condition_2_1_6,44,8,5406,1201
loop_2056_circuit_no_condition_2_1_6,44,9,5404,1201
loop_2056_circuit_no_condition_2_1_6,44,10,5411,1201
loop_2056_circuit_no_condition_2_1_6,44,11,5403,1201
loop_2056_circuit_no_condition_2_1_6,44,12,5405,1201
loop_2056_circuit_no_condition_2_1_6,44,13,5426,1201
loop_2056_circuit_no_condition_2_1_6,44,14,5408,1201
loop_2056_circuit_no_condition_2_1_6,44,15,5405,1201
loop_2056_circuit_no_condition_2_1_6,44,0,5404,1301
loop_2056_circuit_no_condition_2_1_6,44,1,5402,1301
loop_2056_circuit_no_condition_2_1_6,44,2,5400,1301
loop_2056_circuit_no_condition_2_1_6,44,3,5409,1301
loop_2056_circuit_no_condition_2_1_6,44,4,5422,1301
loop_2056_circuit_no_condition_2_1_6,44,5,5402,1301
loop_2056_circuit_no_condition_2_1_6,44,6,5405,1301
loop_2056_circuit_no_condition_2_1_6,44,7,5400,1301
loop_2056_circuit_no_condition_2_1_6,44,8,5399,1301
loop_2056_circuit_no_condition_2_1_6,44,9,5401,1301
loop_2056_circuit_no_condition_2_1_6,44,10,5403,1301
loop_2056_circuit_no_condition_2_1_6,44,11,5403,1301
loop_2056_circuit_no_condition_2_1_6,44,12,5403,1301
loop_2056_circuit_no_condition_2_1_6,44,13,5408,1301
loop_2056_circuit_no_condition_2_1_6,44,14,5403,1301
loop_2056_circuit_no_condition_2_1_6,44,15,5402,1301
loop_2056_circuit_no_condition_2_1_6,44,0,5401,1401
loop_2056_circuit_no_condition_2_1_6,44,1,5401,1401
loop_2056_circuit_no_condition_2_1_6,44,2,5409,1401
loop_2056_circuit_no_condition_2_1_6,44,3,5411,1401
loop_2056_circuit_no_condition_2_1_6,44,4,5407,1401
loop_2056_circuit_no_condition_2_1_6,44,5,5419,1401
loop_2056_circuit_no_condition_2_1_6,44,6,5411,1401
loop_2056_circuit_no_condition_2_1_6,44,7,5402,1401
loop_2056_circuit_no_condition_2_1_6,44,8,5409,1401
loop_2056_circuit_no_condition_2_1_6,44,9,5402,1401
loop_2056_circuit_no_condition_2_1_6,44,10,5400,1401
loop_2056_circuit_no_condition_2_1_6,44,11,5410,1401
loop_2056_circuit_no_condition_2_1_6,44,12,5409,1401
loop_2056_circuit_no_condition_2_1_6,44,13,5403,1401
loop_2056_circuit_no_condition_2_1_6,44,14,5400,1401
loop_2056_circuit_no_condition_2_1_6,44,15,5400,1401
loop_2056_circuit_no_condition_2_1_6,44,0,5397,1501
loop_2056_circuit_no_condition_2_1_6,44,1,5416,1501
loop_2056_circuit_no_condition_2_1_6,44,2,5413,1501
loop_2056_circuit_no_condition_2_1_6,44,3,5384,1501
loop_2056_circuit_no_condition_2_1_6,44,4,5416,1501
loop_2056_circuit_no_condition_2_1_6,44,5,5428,1501
loop_2056_circuit_no_condition_2_1_6,44,6,5410,1501
loop_2056_circuit_no_condition_2_1_6,44,7,5404,1501
loop_2056_circuit_no_condition_2_1_6,44,8,5422,1501
loop_2056_circuit_no_condition_2_1_6,44,9,5404,1501
loop_2056_circuit_no_condition_2_1_6,44,10,5398,1501
loop_2056_circuit_no_condition_2_1_6,44,11,5409,1501
loop_2056_circuit_no_condition_2_1_6,44,12,5438,1501
loop_2056_circuit_no_condition_2_1_6,44,13,5403,1501
loop_2056_circuit_no_condition_2_1_6,44,14,5422,1501
loop_2056_circuit_no_condition_2_1_6,44,15,5405,1501
loop_2056_circuit_no_condition_2_1_6,44,0,5422,1601
loop_2056_circuit_no_condition_2_1_6,44,1,5396,1601
loop_2056_circuit_no_condition_2_1_6,44,2,5368,1601
loop_2056_circuit_no_condition_2_1_6,44,3,5417,1601
loop_2056_circuit_no_condition_2_1_6,44,4,5419,1601
loop_2056_circuit_no_condition_2_1_6,44,5,5421,1601
loop_2056_circuit_no_condition_2_1_6,44,6,5422,1601
loop_2056_circuit_no_condition_2_1_6,44,7,5331,1601
loop_2056_circuit_no_condition_2_1_6,44,8,624,1601
loop_2056_circuit_no_condition_2_1_6,44,9,624,1601
loop_2056_circuit_no_condition_2_1_6,44,10,5369,1601
loop_2056_circuit_no_condition_2_1_6,44,11,5387,1601
loop_2056_circuit_no_condition_2_1_6,44,12,5412,1601
loop_2056_circuit_no_condition_2_1_6,44,13,5409,1601
loop_2056_circuit_no_condition_2_1_6,44,14,624,1601
loop_2056_circuit_no_condition_2_1_6,44,15,5395,1601
loop_2056_circuit_no_condition_2_1_6,45,0,5430,0
loop_2056_circuit_no_condition_2_1_6,45,1,5432,0
loop_2056_circuit_no_condition_2_1_6,45,2,5441,0
loop_2056_circuit_no_condition_2_1_6,45,3,4555,0
loop_2056_circuit_no_condition_2_1_6,45,4,5430,0
loop_2056_circuit_no_condition_2_1_6,45,5,5430,0
loop_2056_circuit_no_condition_2_1_6,45,6,624,0
loop_2056_circuit_no_condition_2_1_6,45,7,5419,0
loop_2056_circuit_no_condition_2_1_6,45,8,5420,0
loop_2056_circuit_no_condition_2_1_6,45,9,5423,0
loop_2056_circuit_no_condition_2_1_6,45,10,624,0
loop_2056_circuit_no_condition_2_1_6,45,11,5433,0
loop_2056_circuit_no_condition_2_1_6,45,12,5413,0
loop_2056_circuit_no_condition_2_1_6,45,13,5376,0
loop_2056_circuit_no_condition_2_1_6,45,14,624,0
loop_2056_circuit_no_condition_2_1_6,45,15,5430,0
loop_2056_circuit_no_condition_2_1_6,45,0,5347,101
loop_2056_circuit_no_condition_2_1_6,45,1,5428,101
loop_2056_circuit_no_condition_2_1_6,45,2,5372,101
loop_2056_circuit_no_condition_2_1_6,45,3,5412,101
loop_2056_circuit_no_condition_2_1_6,45,4,5432,101
loop_2056_circuit_no_condition_2_1_6,45,5,5408,101
loop_2056_circuit_no_condition_2_1_6,45,6,5374,101
loop_2056_circuit_no_condition_2_1_6,45,7,5422,101
loop_2056_circuit_no_condition_2_1_6,45,8,5419,101
loop_2056_circuit_no_condition_2_1_6,45,9,5417,101
loop_2056_circuit_no_condition_2_1_6,45,10,5388,101
loop_2056_circuit_no_condition_2_1_6,45,11,5428,101
loop_2056_circuit_no_condition_2_1_6,45,12,5424,101
loop_2056_circuit_no_condition_2_1_6,45,13,5398,101
loop_2056_circuit_no_condition_2_1_6,45,14,5397,101
loop_2056_circuit_no_condition_2_1_6,45,15,5413,101
loop_2056_circuit_no_condition_2_1_6,45,0,5421,200
loop_2056_circuit_no_condition_2_1_6,45,1,5418,200
loop_2056_circuit_no_condition_2_1_6,45,2,5040,200
loop_2056_circuit_no_condition_2_1_6,45,3,5414,200
loop_2056_circuit_no_condition_2_1_6,45,4,5433,200
loop_2056_circuit_no_condition_2_1_6,45,5,5344,200
loop_2056_circuit_no_condition_2_1_6,45,6,5329,200
loop_2056_circuit_no_condition_2_1_6,45,7,5216,200
loop_2056_circuit_no_condition_2_1_6,45,8,5411,200
loop_2056_circuit_no_condition_2_1_6,45,9,5417,200
loop_2056_circuit_no_condition_2_1_6,45,10,5428,200
loop_2056_circuit_no_condition_2_1_6,45,11,5417,200
loop_2056_circuit_no_condition_2_1_6,45,12,5421,200
loop_2056_circuit_no_condition_2_1_6,45,13,5419,200
loop_2056_circuit_no_condition_2_1_6,45,14,5404,200
loop_2056_circuit_no_condition_2_1_6,45,15,5402,200
loop_2056_circuit_no_condition_2_1_6,45,0,5417,300
loop_2056_circuit_no_condition_2_1_6,45,1,5419,300
loop_2056_circuit_no_condition_2_1_6,45,2,5415,300
loop_2056_circuit_no_condition_2_1_6,45,3,5423,300
loop_2056_circuit_no_condition_2_1_6,45,4,5424,300
loop_2056_circuit_no_condition_2_1_6,45,5,5432,300
loop_2056_circuit_no_condition_2_1_6,45,6,5423,300
loop_2056_circuit_no_condition_2_1_6,45,7,5424,300
loop_2056_circuit_no_condition_2_1_6,45,8,624,300
loop_2056_circuit_no_condition_2_1_6,45,9,624,300
loop_2056_circuit_no_condition_2_1_6,45,10,624,300
loop_2056_circuit_no_condition_2_1_6,45,11,624,300
loop_2056_circuit_no_condition_2_1_6,45,12,624,300
loop_2056_circuit_no_condition_2_1_6,45,13,624,300
loop_2056_circuit_no_condition_2_1_6,45,14,5424,300
loop_2056_circuit_no_condition_2_1_6,45,15,5428,300
loop_2056_circuit_no_condition_2_1_6,45,0,624,400
loop_2056_circuit_no_condition_2_1_6,45,1,3521,400
loop_2056_circuit_no_condition_2_1_6,45,2,624,400
loop_2056_circuit_no_condition_2_1_6,45,3,624,400
loop_2056_circuit_no_condition_2_1_6,45,4,4529,400
loop_2056_circuit_no_condition_2_1_6,45,5,5429,400
loop_2056_circuit_no_condition_2_1_6,45,6,624,400
loop_2056_circuit_no_condition_2_1_6,45,7,624,400
loop_2056_circuit_no_condition_2_1_6,45,8,5216,400
loop_2056_circuit_no_condition_2_1_6,45,9,624,400
loop_2056_circuit_no_condition_2_1_6,45,10,624,400
loop_2056_circuit_no_condition_2_1_6,45,11,624,400
loop_2056_circuit_no_condition_2_1_6,45,12,4666,400
loop_2056_circuit_no_condition_2_1_6,45,13,624,400
loop_2056_circuit_no_condition_2_1_6,45,14,624,400
loop_2056_circuit_no_condition_2_1_6,45,15,5203,400
loop_2056_circuit_no_condition_2_1_6,45,0,624,501
loop_2056_circuit_no_condition_2_1_6,45,1,3742,501
loop_2056_circuit_no_condition_2_1_6,45,2,3482,501
loop_2056_circuit_no_condition_2_1_6,45,3,4850,501
loop_2056_circuit_no_condition_2_1_6,45,4,624,501
loop_2056_circuit_no_condition_2_1_6,45,5,5429,501
loop_2056_circuit_no_condition_2_1_6,45,6,624,501
loop_2056_circuit_no_condition_2_1_6,45,7,4340,501
loop_2056_circuit_no_condition_2_1_6,45,8,624,501
loop_2056_circuit_no_condition_2_1_6,45,9,624,501
loop_2056_circuit_no_condition_2_1_6,45,10,624,501
loop_2056_circuit_no_condition_2_1_6,45,11,624,501
loop_2056_circuit_no_condition_2_1_6,45,12,3640,501
loop_2056_circuit_no_condition_2_1_6,45,13,624,501
loop_2056_circuit_no_condition_2_1_6,45,14,624,501
loop_2056_circuit_no_condition_2_1_6,45,15,624,501
loop_2056_circuit_no_condition_2_1_6,45,0,5422,600
loop_2056_circuit_no_condition_2_1_6,45,1,5422,600
loop_2056_circuit_no_condition_2_1_6,45,2,5422,600
loop_2056_circuit_no_condition_2_1_6,45,3,5423,600
loop_2056_circuit_no_condition_2_1_6,45,4,5422,600
loop_2056_circuit_no_condition_2_1_6,45,5,5421,600
loop_2056_circuit_no_condition_2_1_6,45,6,5422,600
loop_2056_circuit_no_condition_2_1_6,45,7,5421,600
loop_2056_circuit_no_condition_2_1_6,45,8,5423,600
loop_2056_circuit_no_condition_2_1_6,45,9,5421,600
loop_2056_circuit_no_condition_2_1_6,45,10,5421,600
loop_2056_circuit_no_condition_2_1_6,45,11,5422,600
loop_2056_circuit_no_condition_2_1_6,45,12,5421,600
loop_2056_circuit_no_condition_2_1_6,45,13,5421,600
loop_2056_circuit_no_condition_2_1_6,45,14,5421,600
loop_2056_circuit_no_condition_2_1_6,45,15,5420,600
loop_2056_circuit_no_condition_2_1_6,45,0,5429,700
loop_2056_circuit_no_condition_2_1_6,45,1,5419,700
loop_2056_circuit_no_condition_2_1_6,45,2,5421,700
loop_2056_circuit_no_condition_2_1_6,45,3,5420,700
loop_2056_circuit_no_condition_2_1_6,45,4,5419,700
loop_2056_circuit_no_condition_2_1_6,45,5,5420,700
loop_2056_circuit_no_condition_2_1_6,45,6,5420,700
loop_2056_circuit_no_condition_2_1_6,45,7,5419,700
loop_2056_circuit_no_condition_2_1_6,45,8,5418,700
loop_2056_circuit_no_condition_2_1_6,45,9,5419,700
loop_2056_circuit_no_condition_2_1_6,45,10,5420,700
loop_2056_circuit_no_condition_2_1_6,45,11,5425,700
loop_2056_circuit_no_condition_2_1_6,45,12,5421,700
loop_2056_circuit_no_condition_2_1_6,45,13,5422,700
loop_2056_circuit_no_condition_2_1_6,45,14,5415,700
loop_2056_circuit_no_condition_2_1_6,45,15,5419,700
loop_2056_circuit_no_condition_2_1_6,45,0,5418,800
loop_2056_circuit_no_condition_2_1_6,45,1,5414,800
loop_2056_circuit_no_condition_2_1_6,45,2,5416,800
loop_2056_circuit_no_condition_2_1_6,45,3,5415,800
loop_2056_circuit_no_condition_2_1_6,45,4,5414,800
loop_2056_circuit_no_condition_2_1_6,45,5,5419,800
loop_2056_circuit_no_condition_2_1_6,45,6,5417,800
loop_2056_circuit_no_condition_2_1_6,45,7,5424,800
loop_2056_circuit_no_condition_2_1_6,45,8,5419,800
loop_2056_circuit_no_condition_2_1_6,45,9,5419,800
loop_2056_circuit_no_condition_2_1_6,45,10,5417,800
loop_2056_circuit_no_condition_2_1_6,45,11,5419,800
loop_2056_circuit_no_condition_2_1_6,45,12,5414,800
loop_2056_circuit_no_condition_2_1_6,45,13,5415,800
loop_2056_circuit_no_condition_2_1_6,45,14,5417,800
loop_2056_circuit_no_condition_2_1_6,45,15,5413,800
loop_2056_circuit_no_condition_2_1_6,45,0,5419,900
loop_2056_circuit_no_condition_2_1_6,45,1,5416,900
loop_2056_circuit_no_condition_2_1_6,45,2,5421,900
loop_2056_circuit_no_condition_2_1_6,45,3,5415,900
loop_2056_circuit_no_condition_2_1_6,45,4,5420,900
loop_2056_circuit_no_condition_2_1_6,45,5,5425,900
loop_2056_circuit_no_condition_2_1_6,45,6,5416,900
loop_2056_circuit_no_condition_2_1_6,45,7,5415,900
loop_2056_circuit_no_condition_2_1_6,45,8,5419,900
loop_2056_circuit_no_condition_2_1_6,45,9,5419,900
loop_2056_circuit_no_condition_2_1_6,45,10,5420,900
loop_2056_circuit_no_condition_2_1_6,45,11,5418,900
loop_2056_circuit_no_condition_2_1_6,45,12,5419,900
loop_2056_circuit_no_condition_2_1_6,45,13,5416,900
loop_2056_circuit_no_condition_2_1_6,45,14,5419,900
loop_2056_circuit_no_condition_2_1_6,45,15,5418,900
loop_2056_circuit_no_condition_2_1_6,45,0,5422,1001
loop_2056_circuit_no_condition_2_1_6,45,1,5416,1001
loop_2056_circuit_no_condition_2_1_6,45,2,5416,1001
loop_2056_circuit_no_condition_2_1_6,45,3,5417,1001
loop_2056_circuit_no_condition_2_1_6,45,4,5419,1001
loop_2056_circuit_no_condition_2_1_6,45,5,5417,1001
loop_2056_circuit_no_condition_2_1_6,45,6,5417,1001
loop_2056_circuit_no_condition_2_1_6,45,7,5416,1001
loop_2056_circuit_no_condition_2_1_6,45,8,5416,1001
loop_2056_circuit_no_condition_2_1_6,45,9,5416,1001
loop_2056_circuit_no_condition_2_1_6,45,10,5417,1001
loop_2056_circuit_no_condition_2_1_6,45,11,5417,1001
loop_2056_circuit_no_condition_2_1_6,45,12,5418,1001
loop_2056_circuit_no_condition_2_1_6,45,13,5416,1001
loop_2056_circuit_no_condition_2_1_6,45,14,5420,1001
loop_2056_circuit_no_condition_2_1_6,45,15,5418,1001
loop_2056_circuit_no_condition_2_1_6,45,0,5417,1100
loop_2056_circuit_no_condition_2_1_6,45,1,5415,1100
loop_2056_circuit_no_condition_2_1_6,45,2,5417,1100
loop_2056_circuit_no_condition_2_1_6,45,3,5419,1100
loop_2056_circuit_no_condition_2_1_6,45,4,5418,1100
loop_2056_circuit_no_condition_2_1_6,45,5,5425,1100
loop_2056_circuit_no_condition_2_1_6,45,6,5417,1100
loop_2056_circuit_no_condition_2_1_6,45,7,5418,1100
loop_2056_circuit_no_condition_2_1_6,45,8,5418,1100
loop_2056_circuit_no_condition_2_1_6,45,9,5417,1100
loop_2056_circuit_no_condition_2_1_6,45,10,5418,1100
loop_2056_circuit_no_condition_2_1_6,45,11,5416,1100
loop_2056_circuit_no_condition_2_1_6,45,12,5418,1100
loop_2056_circuit_no_condition_2_1_6,45,13,5417,1100
loop_2056_circuit_no_condition_2_1_6,45,14,5417,1100
loop_2056_circuit_no_condition_2_1_6,45,15,5417,1100
loop_2056_circuit_no_condition_2_1_6,45,0,5424,1200
loop_2056_circuit_no_condition_2_1_6,45,1,5425,1200
loop_2056_circuit_no_condition_2_1_6,45,2,5425,1200
loop_2056_circuit_no_condition_2_1_6,45,3,5425,1200
loop_2056_circuit_no_condition_2_1_6,45,4,5430,1200
loop_2056_circuit_no_condition_2_1_6,45,5,5423,1200
loop_2056_circuit_no_condition_2_1_6,45,6,5425,1200
loop_2056_circuit_no_condition_2_1_6,45,7,5425,1200
loop_2056_circuit_no_condition_2_1_6,45,8,5425,1200
loop_2056_circuit_no_condition_2_1_6,45,9,5424,1200
loop_2056_circuit_no_condition_2_1_6,45,10,5423,1200
loop_2056_circuit_no_condition_2_1_6,45,11,5424,1200
loop_2056_circuit_no_condition_2_1_6,45,12,5423,1200
loop_2056_circuit_no_condition_2_1_6,45,13,5425,1200
loop_2056_circuit_no_condition_2_1_6,45,14,5428,1200
loop_2056_circuit_no_condition_2_1_6,45,15,5425,1200
loop_2056_circuit_no_condition_2_1_6,45,0,5416,1300
loop_2056_circuit_no_condition_2_1_6,45,1,5420,1300
loop_2056_circuit_no_condition_2_1_6,45,2,5416,1300
loop_2056_circuit_no_condition_2_1_6,45,3,5416,1300
loop_2056_circuit_no_condition_2_1_6,45,4,5415,1300
loop_2056_circuit_no_condition_2_1_6,45,5,5416,1300
loop_2056_circuit_no_condition_2_1_6,45,6,5416,1300
loop_2056_circuit_no_condition_2_1_6,45,7,5416,1300
loop_2056_circuit_no_condition_2_1_6,45,8,5426,1300
loop_2056_circuit_no_condition_2_1_6,45,9,5416,1300
loop_2056_circuit_no_condition_2_1_6,45,10,5416,1300
loop_2056_circuit_no_condition_2_1_6,45,11,5415,1300
loop_2056_circuit_no_condition_2_1_6,45,12,5417,1300
loop_2056_circuit_no_condition_2_1_6,45,13,5415,1300
loop_2056_circuit_no_condition_2_1_6,45,14,5415,1300
loop_2056_circuit_no_condition_2_1_6,45,15,5415,1300
loop_2056_circuit_no_condition_2_1_6,45,0,5414,1400
loop_2056_circuit_no_condition_2_1_6,45,1,5413,1400
loop_2056_circuit_no_condition_2_1_6,45,2,5413,1400
loop_2056_circuit_no_condition_2_1_6,45,3,5414,1400
loop_2056_circuit_no_condition_2_1_6,45,4,5415,1400
loop_2056_circuit_no_condition_2_1_6,45,5,5418,1400
loop_2056_circuit_no_condition_2_1_6,45,6,5414,1400
loop_2056_circuit_no_condition_2_1_6,45,7,5414,1400
loop_2056_circuit_no_condition_2_1_6,45,8,5414,1400
loop_2056_circuit_no_condition_2_1_6,45,9,5416,1400
loop_2056_circuit_no_condition_2_1_6,45,10,5414,1400
loop_2056_circuit_no_condition_2_1_6,45,11,5414,1400
loop_2056_circuit_no_condition_2_1_6,45,12,5414,1400
loop_2056_circuit_no_condition_2_1_6,45,13,5413,1400
loop_2056_circuit_no_condition_2_1_6,45,14,5413,1400
loop_2056_circuit_no_condition_2_1_6,45,15,5413,1400
loop_2056_circuit_no_condition_2_1_6,45,0,5413,1501
loop_2056_circuit_no_condition_2_1_6,45,1,5412,1501
loop_2056_circuit_no_condition_2_1_6,45,2,5412,1501
loop_2056_circuit_no_condition_2_1_6,45,3,5414,1501
loop_2056_circuit_no_condition_2_1_6,45,4,5412,1501
loop_2056_circuit_no_condition_2_1_6,45,5,5417,1501
loop_2056_circuit_no_condition_2_1_6,45,6,5412,1501
loop_2056_circuit_no_condition_2_1_6,45,7,5413,1501
loop_2056_circuit_no_condition_2_1_6,45,8,5413,1501
loop_2056_circuit_no_condition_2_1_6,45,9,5412,1501
loop_2056_circuit_no_condition_2_1_6,45,10,5412,1501
loop_2056_circuit_no_condition_2_1_6,45,11,5412,1501
loop_2056_circuit_no_condition_2_1_6,45,12,5413,1501
loop_2056_circuit_no_condition_2_1_6,45,13,5413,1501
loop_2056_circuit_no_condition_2_1_6,45,14,5412,1501
loop_2056_circuit_no_condition_2_1_6,45,15,5413,1501
loop_2056_circuit_no_condition_2_1_6,45,0,5424,1600
loop_2056_circuit_no_condition_2_1_6,45,1,5424,1600
loop_2056_circuit_no_condition_2_1_6,45,2,5420,1600
loop_2056_circuit_no_condition_2_1_6,45,3,5424,1600
loop_2056_circuit_no_condition_2_1_6,45,4,5420,1600
loop_2056_circuit_no_condition_2_1_6,45,5,5430,1600
loop_2056_circuit_no_condition_2_1_6,45,6,5419,1600
loop_2056_circuit_no_condition_2_1_6,45,7,5425,1600
loop_2056_circuit_no_condition_2_1_6,45,8,5424,1600
loop_2056_circuit_no_condition_2_1_6,45,9,5425,1600
loop_2056_circuit_no_condition_2_1_6,45,10,5418,1600
loop_2056_circuit_no_condition_2_1_6,45,11,5420,1600
loop_2056_circuit_no_condition_2_1_6,45,12,5423,1600
loop_2056_circuit_no_condition_2_1_6,45,13,5425,1600
loop_2056_circuit_no_condition_2_1_6,45,14,5426,1600
loop_2056_circuit_no_condition_2_1_6,45,15,5424,1600
loop_2056_circuit_no_condition_2_1_6,45,0,5420,1700
loop_2056_circuit_no_condition_2_1_6,45,1,5421,1700
loop_2056_circuit_no_condition_2_1_6,45,2,5420,1700
loop_2056_circuit_no_condition_2_1_6,45,3,5421,1700
loop_2056_circuit_no_condition_2_1_6,45,4,5421,1700
loop_2056_circuit_no_condition_2_1_6,45,5,5426,1700
loop_2056_circuit_no_condition_2_1_6,45,6,5421,1700
loop_2056_circuit_no_condition_2_1_6,45,7,5421,1700
loop_2056_circuit_no_condition_2_1_6,45,8,5417,1700
loop_2056_circuit_no_condition_2_1_6,45,9,5421,1700
loop_2056_circuit_no_condition_2_1_6,45,10,5421,1700
loop_2056_circuit_no_condition_2_1_6,45,11,5421,1700
loop_2056_circuit_no_condition_2_1_6,45,12,5420,1700
loop_2056_circuit_no_condition_2_1_6,45,13,5421,1700
loop_2056_circuit_no_condition_2_1_6,45,14,5421,1700
loop_2056_circuit_no_condition_2_1_6,45,15,5421,1700
loop_2056_circuit_no_condition_2_1_6,45,0,5417,1800
loop_2056_circuit_no_condition_2_1_6,45,1,5416,1800
loop_2056_circuit_no_condition_2_1_6,45,2,5418,1800
loop_2056_circuit_no_condition_2_1_6,45,3,5414,1800
loop_2056_circuit_no_condition_2_1_6,45,4,5421,1800
loop_2056_circuit_no_condition_2_1_6,45,5,5419,1800
loop_2056_circuit_no_condition_2_1_6,45,6,5416,1800
loop_2056_circuit_no_condition_2_1_6,45,7,5417,1800
loop_2056_circuit_no_condition_2_1_6,45,8,5417,1800
loop_2056_circuit_no_condition_2_1_6,45,9,5418,1800
loop_2056_circuit_no_condition_2_1_6,45,10,5417,1800
loop_2056_circuit_no_condition_2_1_6,45,11,5417,1800
loop_2056_circuit_no_condition_2_1_6,45,12,5418,1800
loop_2056_circuit_no_condition_2_1_6,45,13,5420,1800
loop_2056_circuit_no_condition_2_1_6,45,14,5417,1800
loop_2056_circuit_no_condition_2_1_6,45,15,5416,1800
loop_2056_circuit_no_condition_2_1_6,45,0,5414,1900
loop_2056_circuit_no_condition_2_1_6,45,1,5420,1900
loop_2056_circuit_no_condition_2_1_6,45,2,5421,1900
loop_2056_circuit_no_condition_2_1_6,45,3,5423,1900
loop_2056_circuit_no_condition_2_1_6,45,4,5421,1900
loop_2056_circuit_no_condition_2_1_6,45,5,5424,1900
loop_2056_circuit_no_condition_2_1_6,45,6,5413,1900
loop_2056_circuit_no_condition_2_1_6,45,7,5417,1900
loop_2056_circuit_no_condition_2_1_6,45,8,5419,1900
loop_2056_circuit_no_condition_2_1_6,45,9,5415,1900
loop_2056_circuit_no_condition_2_1_6,45,10,5414,1900
loop_2056_circuit_no_condition_2_1_6,45,11,5419,1900
loop_2056_circuit_no_condition_2_1_6,45,12,5435,1900
loop_2056_circuit_no_condition_2_1_6,45,13,5423,1900
loop_2056_circuit_no_condition_2_1_6,45,14,5420,1900
loop_2056_circuit_no_condition_2_1_6,45,15,5413,1900
loop_2056_circuit_no_condition_2_1_6,45,0,5420,2000
loop_2056_circuit_no_condition_2_1_6,45,1,5421,2000
loop_2056_circuit_no_condition_2_1_6,45,2,624,2000
loop_2056_circuit_no_condition_2_1_6,45,3,5420,2000
loop_2056_circuit_no_condition_2_1_6,45,4,5425,2000
loop_2056_circuit_no_condition_2_1_6,45,5,5416,2000
loop_2056_circuit_no_condition_2_1_6,45,6,5420,2000
loop_2056_circuit_no_condition_2_1_6,45,7,5418,2000
loop_2056_circuit_no_condition_2_1_6,45,8,5420,2000
loop_2056_circuit_no_condition_2_1_6,45,9,5411,2000
loop_2056_circuit_no_condition_2_1_6,45,10,5421,2000
loop_2056_circuit_no_condition_2_1_6,45,11,624,2000
loop_2056_circuit_no_condition_2_1_6,45,12,5422,2000
loop_2056_circuit_no_condition_2_1_6,45,13,5420,2000
loop_2056_circuit_no_condition_2_1_6,45,14,5400,2000
loop_2056_circuit_no_condition_2_1_6,45,15,624,2000
loop_2056_circuit_no_condition_2_1_6,46,0,5432,1
loop_2056_circuit_no_condition_2_1_6,46,1,5392,1
loop_2056_circuit_no_condition_2_1_6,46,2,5421,1
loop_2056_circuit_no_condition_2_1_6,46,3,5424,1
loop_2056_circuit_no_condition_2_1_6,46,4,5432,1
loop_2056_circuit_no_condition_2_1_6,46,5,5426,1
loop_2056_circuit_no_condition_2_1_6,46,6,624,1
loop_2056_circuit_no_condition_2_1_6,46,7,5427,1
loop_2056_circuit_no_condition_2_1_6,46,8,5418,1
loop_2056_circuit_no_condition_2_1_6,46,9,5384,1
loop_2056_circuit_no_condition_2_1_6,46,10,5425,1
loop_2056_circuit_no_condition_2_1_6,46,11,5427,1
loop_2056_circuit_no_condition_2_1_6,46,12,5403,1
loop_2056_circuit_no_condition_2_1_6,46,13,624,1
loop_2056_circuit_no_condition_2_1_6,46,14,5427,1
loop_2056_circuit_no_condition_2_1_6,46,15,5425,1
loop_2056_circuit_no_condition_2_1_6,46,0,5411,102
loop_2056_circuit_no_condition_2_1_6,46,1,5414,102
loop_2056_circuit_no_condition_2_1_6,46,2,5411,102
loop_2056_circuit_no_condition_2_1_6,46,3,5407,102
loop_2056_circuit_no_condition_2_1_6,46,4,5427,102
loop_2056_circuit_no_condition_2_1_6,46,5,5409,102
loop_2056_circuit_no_condition_2_1_6,46,6,5411,102
loop_2056_circuit_no_condition_2_1_6,46,7,5418,102
loop_2056_circuit_no_condition_2_1_6,46,8,5408,102
loop_2056_circuit_no_condition_2_1_6,46,9,5416,102
loop_2056_circuit_no_condition_2_1_6,46,10,5411,102
loop_2056_circuit_no_condition_2_1_6,46,11,5423,102
loop_2056_circuit_no_condition_2_1_6,46,12,5406,102
loop_2056_circuit_no_condition_2_1_6,46,13,5417,102
loop_2056_circuit_no_condition_2_1_6,46,14,5417,102
loop_2056_circuit_no_condition_2_1_6,46,15,5409,102
loop_2056_circuit_no_condition_2_1_6,46,0,5415,201
loop_2056_circuit_no_condition_2_1_6,46,1,5414,201
loop_2056_circuit_no_condition_2_1_6,46,2,5412,201
loop_2056_circuit_no_condition_2_1_6,46,3,5360,201
loop_2056_circuit_no_condition_2_1_6,46,4,5435,201
loop_2056_circuit_no_condition_2_1_6,46,5,5412,201
loop_2056_circuit_no_condition_2_1_6,46,6,5435,201
loop_2056_circuit_no_condition_2_1_6,46,7,5417,201
loop_2056_circuit_no_condition_2_1_6,46,8,5426,201
loop_2056_circuit_no_condition_2_1_6,46,9,5406,201
loop_2056_circuit_no_condition_2_1_6,46,10,5421,201
loop_2056_circuit_no_condition_2_1_6,46,11,5416,201
loop_2056_circuit_no_condition_2_1_6,46,12,5417,201
loop_2056_circuit_no_condition_2_1_6,46,13,5432,201
loop_2056_circuit_no_condition_2_1_6,46,14,5416,201
loop_2056_circuit_no_condition_2_1_6,46,15,5417,201
loop_2056_circuit_no_condition_2_1_6,46,0,624,301
loop_2056_circuit_no_condition_2_1_6,46,1,624,301
loop_2056_circuit_no_condition_2_1_6,46,2,624,301
loop_2056_circuit_no_condition_2_1_6,46,3,624,301
loop_2056_circuit_no_condition_2_1_6,46,4,5424,301
loop_2056_circuit_no_condition_2_1_6,46,5,5144,301
loop_2056_circuit_no_condition_2_1_6,46,6,624,301
loop_2056_circuit_no_condition_2_1_6,46,7,624,301
loop_2056_circuit_no_condition_2_1_6,46,8,624,301
loop_2056_circuit_no_condition_2_1_6,46,9,624,301
loop_2056_circuit_no_condition_2_1_6,46,10,624,301
loop_2056_circuit_no_condition_2_1_6,46,11,624,301
loop_2056_circuit_no_condition_2_1_6,46,12,624,301
loop_2056_circuit_no_condition_2_1_6,46,13,624,301
loop_2056_circuit_no_condition_2_1_6,46,14,624,301
loop_2056_circuit_no_condition_2_1_6,46,15,624,301
loop_2056_circuit_no_condition_2_1_6,46,0,624,401
loop_2056_circuit_no_condition_2_1_6,46,1,624,401
loop_2056_circuit_no_condition_2_1_6,46,2,624,401
loop_2056_circuit_no_condition_2_1_6,46,3,624,401
loop_2056_circuit_no_condition_2_1_6,46,4,5432,401
loop_2056_circuit_no_condition_2_1_6,46,5,624,401
loop_2056_circuit_no_condition_2_1_6,46,6,624,401
loop_2056_circuit_no_condition_2_1_6,46,7,624,401
loop_2056_circuit_no_condition_2_1_6,46,8,624,401
loop_2056_circuit_no_condition_2_1_6,46,9,624,401
loop_2056_circuit_no_condition_2_1_6,46,10,624,401
loop_2056_circuit_no_condition_2_1_6,46,11,624,401
loop_2056_circuit_no_condition_2_1_6,46,12,624,401
loop_2056_circuit_no_condition_2_1_6,46,13,624,401
loop_2056_circuit_no_condition_2_1_6,46,14,624,401
loop_2056_circuit_no_condition_2_1_6,46,15,624,401
loop_2056_circuit_no_condition_2_1_6,46,0,5218,501
loop_2056_circuit_no_condition_2_1_6,46,1,624,501
loop_2056_circuit_no_condition_2_1_6,46,2,624,501
loop_2056_circuit_no_condition_2_1_6,46,3,624,501
loop_2056_circuit_no_condition_2_1_6,46,4,5109,501
loop_2056_circuit_no_condition_2_1_6,46,5,5430,501
loop_2056_circuit_no_condition_2_1_6,46,6,624,501
loop_2056_circuit_no_condition_2_1_6,46,7,624,501
loop_2056_circuit_no_condition_2_1_6,46,8,624,501
loop_2056_circuit_no_condition_2_1_6,46,9,4248,501
loop_2056_circuit_no_condition_2_1_6,46,10,624,501
loop_2056_circuit_no_condition_2_1_6,46,11,624,501
loop_2056_circuit_no_condition_2_1_6,46,12,624,501
loop_2056_circuit_no_condition_2_1_6,46,13,624,501
loop_2056_circuit_no_condition_2_1_6,46,14,624,501
loop_2056_circuit_no_condition_2_1_6,46,15,624,501
loop_2056_circuit_no_condition_2_1_6,46,0,5400,601
loop_2056_circuit_no_condition_2_1_6,46,1,5411,601
loop_2056_circuit_no_condition_2_1_6,46,2,5399,601
loop_2056_circuit_no_condition_2_1_6,46,3,5412,601
loop_2056_circuit_no_condition_2_1_6,46,4,5401,601
loop_2056_circuit_no_condition_2_1_6,46,5,5422,601
loop_2056_circuit_no_condition_2_1_6,46,6,5407,601
loop_2056_circuit_no_condition_2_1_6,46,7,5408,601
loop_2056_circuit_no_condition_2_1_6,46,8,5409,601
loop_2056_circuit_no_condition_2_1_6,46,9,5406,601
loop_2056_circuit_no_condition_2_1_6,46,10,5400,601
loop_2056_circuit_no_condition_2_1_6,46,11,5411,601
loop_2056_circuit_no_condition_2_1_6,46,12,5408,601
loop_2056_circuit_no_condition_2_1_6,46,13,5401,601
loop_2056_circuit_no_condition_2_1_6,46,14,5414,601
loop_2056_circuit_no_condition_2_1_6,46,15,5405,601
loop_2056_circuit_no_condition_2_1_6,46,0,5420,701
loop_2056_circuit_no_condition_2_1_6,46,1,5404,701
loop_2056_circuit_no_condition_2_1_6,46,2,5402,701
loop_2056_circuit_no_condition_2_1_6,46,3,5409,701
loop_2056_circuit_no_condition_2_1_6,46,4,5412,701
loop_2056_circuit_no_condition_2_1_6,46,5,5424,701
loop_2056_circuit_no_condition_2_1_6,46,6,5407,701
loop_2056_circuit_no_condition_2_1_6,46,7,5404,701
loop_2056_circuit_no_condition_2_1_6,46,8,5403,701
loop_2056_circuit_no_condition_2_1_6,46,9,5403,701
loop_2056_circuit_no_condition_2_1_6,46,10,5401,701
loop_2056_circuit_no_condition_2_1_6,46,11,5404,701
loop_2056_circuit_no_condition_2_1_6,46,12,5409,701
loop_2056_circuit_no_condition_2_1_6,46,13,5404,701
loop_2056_circuit_no_condition_2_1_6,46,14,5407,701
loop_2056_circuit_no_condition_2_1_6,46,15,5402,701
loop_2056_circuit_no_condition_2_1_6,46,0,5404,801
loop_2056_circuit_no_condition_2_1_6,46,1,5407,801
loop_2056_circuit_no_condition_2_1_6,46,2,5405,801
loop_2056_circuit_no_condition_2_1_6,46,3,5410,801
loop_2056_circuit_no_condition_2_1_6,46,4,5410,801
loop_2056_circuit_no_condition_2_1_6,46,5,5406,801
loop_2056_circuit_no_condition_2_1_6,46,6,5403,801
loop_2056_circuit_no_condition_2_1_6,46,7,5403,801
loop_2056_circuit_no_condition_2_1_6,46,8,5405,801
loop_2056_circuit_no_condition_2_1_6,46,9,5403,801
loop_2056_circuit_no_condition_2_1_6,46,10,5405,801
loop_2056_circuit_no_condition_2_1_6,46,11,5402,801
loop_2056_circuit_no_condition_2_1_6,46,12,5409,801
loop_2056_circuit_no_condition_2_1_6,46,13,5424,801
loop_2056_circuit_no_condition_2_1_6,46,14,5411,801
loop_2056_circuit_no_condition_2_1_6,46,15,5408,801
loop_2056_circuit_no_condition_2_1_6,46,0,5407,901
loop_2056_circuit_no_condition_2_1_6,46,1,5406,901
loop_2056_circuit_no_condition_2_1_6,46,2,5409,901
loop_2056_circuit_no_condition_2_1_6,46,3,5409,901
loop_2056_circuit_no_condition_2_1_6,46,4,5417,901
loop_2056_circuit_no_condition_2_1_6,46,5,5407,901
loop_2056_circuit_no_condition_2_1_6,46,6,5409,901
loop_2056_circuit_no_condition_2_1_6,46,7,5405,901
loop_2056_circuit_no_condition_2_1_6,46,8,5405,901
loop_2056_circuit_no_condition_2_1_6,46,9,5406,901
loop_2056_circuit_no_condition_2_1_6,46,10,5406,901
loop_2056_circuit_no_condition_2_1_6,46,11,5408,901
loop_2056_circuit_no_condition_2_1_6,46,12,5416,901
loop_2056_circuit_no_condition_2_1_6,46,13,5411,901
loop_2056_circuit_no_condition_2_1_6,46,14,5421,901
loop_2056_circuit_no_condition_2_1_6,46,15,5406,901
loop_2056_circuit_no_condition_2_1_6,46,0,5413,1001
loop_2056_circuit_no_condition_2_1_6,46,1,5401,1001
loop_2056_circuit_no_condition_2_1_6,46,2,5400,1001
loop_2056_circuit_no_condition_2_1_6,46,3,5406,1001
loop_2056_circuit_no_condition_2_1_6,46,4,5400,1001
loop_2056_circuit_no_condition_2_1_6,46,5,5422,1001
loop_2056_circuit_no_condition_2_1_6,46,6,5402,1001
loop_2056_circuit_no_condition_2_1_6,46,7,5409,1001
loop_2056_circuit_no_condition_2_1_6,46,8,5412,1001
loop_2056_circuit_no_condition_2_1_6,46,9,5404,1001
loop_2056_circuit_no_condition_2_1_6,46,10,5403,1001
loop_2056_circuit_no_condition_2_1_6,46,11,5405,1001
loop_2056_circuit_no_condition_2_1_6,46,12,5399,1001
loop_2056_circuit_no_condition_2_1_6,46,13,5404,1001
loop_2056_circuit_no_condition_2_1_6,46,14,5400,1001
loop_2056_circuit_no_condition_2_1_6,46,15,5400,1001
loop_2056_circuit_no_condition_2_1_6,46,0,5406,1101
loop_2056_circuit_no_condition_2_1_6,46,1,5399,1101
loop_2056_circuit_no_condition_2_1_6,46,2,5398,1101
loop_2056_circuit_no_condition_2_1_6,46,3,5413,1101
loop_2056_circuit_no_condition_2_1_6,46,4,5406,1101
loop_2056_circuit_no_condition_2_1_6,46,5,5420,1101
loop_2056_circuit_no_condition_2_1_6,46,6,5399,1101
loop_2056_circuit_no_condition_2_1_6,46,7,5398,1101
loop_2056_circuit_no_condition_2_1_6,46,8,5408,1101
loop_2056_circuit_no_condition_2_1_6,46,9,5406,1101
loop_2056_circuit_no_condition_2_1_6,46,10,5403,1101
loop_2056_circuit_no_condition_2_1_6,46,11,5406,1101
loop_2056_circuit_no_condition_2_1_6,46,12,5416,1101
loop_2056_circuit_no_condition_2_1_6,46,13,5398,1101
loop_2056_circuit_no_condition_2_1_6,46,14,5401,1101
loop_2056_circuit_no_condition_2_1_6,46,15,5397,1101
loop_2056_circuit_no_condition_2_1_6,46,0,5402,1201
loop_2056_circuit_no_condition_2_1_6,46,1,5403,1201
loop_2056_circuit_no_condition_2_1_6,46,2,5406,1201
loop_2056_circuit_no_condition_2_1_6,46,3,5414,1201
loop_2056_circuit_no_condition_2_1_6,46,4,5422,1201
loop_2056_circuit_no_condition_2_1_6,46,5,5403,1201
loop_2056_circuit_no_condition_2_1_6,46,6,5409,1201
loop_2056_circuit_no_condition_2_1_6,46,7,5403,1201
loop_2056_circuit_no_condition_2_1_6,46,8,5402,1201
loop_2056_circuit_no_condition_2_1_6,46,9,5407,1201
loop_2056_circuit_no_condition_2_1_6,46,10,5400,1201
loop_2056_circuit_no_condition_2_1_6,46,11,5412,1201
loop_2056_circuit_no_condition_2_1_6,46,12,5403,1201
loop_2056_circuit_no_condition_2_1_6,46,13,5398,1201
loop_2056_circuit_no_condition_2_1_6,46,14,5410,1201
loop_2056_circuit_no_condition_2_1_6,46,15,5400,1201
loop_2056_circuit_no_condition_2_1_6,46,0,5411,1301
loop_2056_circuit_no_condition_2_1_6,46,1,5412,1301
loop_2056_circuit_no_condition_2_1_6,46,2,5408,1301
loop_2056_circuit_no_condition_2_1_6,46,3,5403,1301
loop_2056_circuit_no_condition_2_1_6,46,4,5426,1301
loop_2056_circuit_no_condition_2_1_6,46,5,5410,1301
loop_2056_circuit_no_condition_2_1_6,46,6,5406,1301
loop_2056_circuit_no_condition_2_1_6,46,7,5401,1301
loop_2056_circuit_no_condition_2_1_6,46,8,5410,1301
loop_2056_circuit_no_condition_2_1_6,46,9,5413,1301
loop_2056_circuit_no_condition_2_1_6,46,10,5408,1301
loop_2056_circuit_no_condition_2_1_6,46,11,5411,1301
loop_2056_circuit_no_condition_2_1_6,46,12,5407,1301
loop_2056_circuit_no_condition_2_1_6,46,13,5410,1301
loop_2056_circuit_no_condition_2_1_6,46,14,5405,1301
loop_2056_circuit_no_condition_2_1_6,46,15,5411,1301
loop_2056_circuit_no_condition_2_1_6,46,0,5414,1401
loop_2056_circuit_no_condition_2_1_6,46,1,5417,1401
loop_2056_circuit_no_condition_2_1_6,46,2,5402,1401
loop_2056_circuit_no_condition_2_1_6,46,3,5404,1401
loop_2056_circuit_no_condition_2_1_6,46,4,5411,1401
loop_2056_circuit_no_condition_2_1_6,46,5,5424,1401
loop_2056_circuit_no_condition_2_1_6,46,6,5405,1401
loop_2056_circuit_no_condition_2_1_6,46,7,5411,1401
loop_2056_circuit_no_condition_2_1_6,46,8,5409,1401
loop_2056_circuit_no_condition_2_1_6,46,9,5403,1401
loop_2056_circuit_no_condition_2_1_6,46,10,5405,1401
loop_2056_circuit_no_condition_2_1_6,46,11,5405,1401
loop_2056_circuit_no_condition_2_1_6,46,12,5414,1401
loop_2056_circuit_no_condition_2_1_6,46,13,5408,1401
loop_2056_circuit_no_condition_2_1_6,46,14,5405,1401
loop_2056_circuit_no_condition_2_1_6,46,15,5410,1401
loop_2056_circuit_no_condition_2_1_6,46,0,624,1501
loop_2056_circuit_no_condition_2_1_6,46,1,624,1501
loop_2056_circuit_no_condition_2_1_6,46,2,624,1501
loop_2056_circuit_no_condition_2_1_6,46,3,624,1501
loop_2056_circuit_no_condition_2_1_6,46,4,5429,1501
loop_2056_circuit_no_condition_2_1_6,46,5,624,1501
loop_2056_circuit_no_condition_2_1_6,46,6,624,1501
loop_2056_circuit_no_condition_2_1_6,46,7,624,1501
loop_2056_circuit_no_condition_2_1_6,46,8,624,1501
loop_2056_circuit_no_condition_2_1_6,46,9,624,1501
loop_2056_circuit_no_condition_2_1_6,46,10,624,1501
loop_2056_circuit_no_condition_2_1_6,46,11,5414,1501
loop_2056_circuit_no_condition_2_1_6,46,12,624,1501
loop_2056_circuit_no_condition_2_1_6,46,13,624,1501
loop_2056_circuit_no_condition_2_1_6,46,14,624,1501
loop_2056_circuit_no_condition_2_1_6,46,15,624,1501
loop_2056_circuit_no_condition_2_1_6,46,0,5439,1601
loop_2056_circuit_no_condition_2_1_6,46,1,5419,1601
loop_2056_circuit_no_condition_2_1_6,46,2,5433,1601
loop_2056_circuit_no_condition_2_1_6,46,3,5419,1601
loop_2056_circuit_no_condition_2_1_6,46,4,5433,1601
loop_2056_circuit_no_condition_2_1_6,46,5,5351,1601
loop_2056_circuit_no_condition_2_1_6,46,6,5427,1601
loop_2056_circuit_no_condition_2_1_6,46,7,624,1601
loop_2056_circuit_no_condition_2_1_6,46,8,5418,1601
loop_2056_circuit_no_condition_2_1_6,46,9,5393,1601
loop_2056_circuit_no_condition_2_1_6,46,10,5431,1601
loop_2056_circuit_no_condition_2_1_6,46,11,5396,1601
loop_2056_circuit_no_condition_2_1_6,46,12,5422,1601
loop_2056_circuit_no_condition_2_1_6,46,13,5429,1601
loop_2056_circuit_no_condition_2_1_6,46,14,5418,1601
loop_2056_circuit_no_condition_2_1_6,46,15,5402,1601
loop_2056_circuit_no_condition_2_1_6,47,0,5431,1
loop_2056_circuit_no_condition_2_1_6,47,1,5431,1
loop_2056_circuit_no_condition_2_1_6,47,2,5426,1
loop_2056_circuit_no_condition_2_1_6,47,3,624,1
loop_2056_circuit_no_condition_2_1_6,47,4,5427,1
loop_2056_circuit_no_condition_2_1_6,47,5,5429,1
loop_2056_circuit_no_condition_2_1_6,47,6,624,1
loop_2056_circuit_no_condition_2_1_6,47,7,5420,1
loop_2056_circuit_no_condition_2_1_6,47,8,624,1
loop_2056_circuit_no_condition_2_1_6,47,9,624,1
loop_2056_circuit_no_condition_2_1_6,47,10,5418,1
loop_2056_circuit_no_condition_2_1_6,47,11,624,1
loop_2056_circuit_no_condition_2_1_6,47,12,5430,1
loop_2056_circuit_no_condition_2_1_6,47,13,5422,1
loop_2056_circuit_no_condition_2_1_6,47,14,5426,1
loop_2056_circuit_no_condition_2_1_6,47,15,5424,1
loop_2056_circuit_no_condition_2_1_6,47,0,5403,101
loop_2056_circuit_no_condition_2_1_6,47,1,5418,101
loop_2056_circuit_no_condition_2_1_6,47,2,5420,101
loop_2056_circuit_no_condition_2_1_6,47,3,5405,101
loop_2056_circuit_no_condition_2_1_6,47,4,5431,101
loop_2056_circuit_no_condition_2_1_6,47,5,5420,101
loop_2056_circuit_no_condition_2_1_6,47,6,5378,101
loop_2056_circuit_no_condition_2_1_6,47,7,5428,101
loop_2056_circuit_no_condition_2_1_6,47,8,5422,101
loop_2056_circuit_no_condition_2_1_6,47,9,5412,101
loop_2056_circuit_no_condition_2_1_6,47,10,5420,101
loop_2056_circuit_no_condition_2_1_6,47,11,5421,101
loop_2056_circuit_no_condition_2_1_6,47,12,5419,101
loop_2056_circuit_no_condition_2_1_6,47,13,5378,101
loop_2056_circuit_no_condition_2_1_6,47,14,5389,101
loop_2056_circuit_no_condition_2_1_6,47,15,5414,101
loop_2056_circuit_no_condition_2_1_6,47,0,4845,200
loop_2056_circuit_no_condition_2_1_6,47,1,5422,200
loop_2056_circuit_no_condition_2_1_6,47,2,5417,200
loop_2056_circuit_no_condition_2_1_6,47,3,4309,200
loop_2056_circuit_no_condition_2_1_6,47,4,4314,200
loop_2056_circuit_no_condition_2_1_6,47,5,5408,200
loop_2056_circuit_no_condition_2_1_6,47,6,5407,200
loop_2056_circuit_no_condition_2_1_6,47,7,5418,200
loop_2056_circuit_no_condition_2_1_6,47,8,5352,200
loop_2056_circuit_no_condition_2_1_6,47,9,624,200
loop_2056_circuit_no_condition_2_1_6,47,10,5422,200
loop_2056_circuit_no_condition_2_1_6,47,11,5423,200
loop_2056_circuit_no_condition_2_1_6,47,12,5400,200
loop_2056_circuit_no_condition_2_1_6,47,13,5420,200
loop_2056_circuit_no_condition_2_1_6,47,14,4424,200
loop_2056_circuit_no_condition_2_1_6,47,15,5401,200
loop_2056_circuit_no_condition_2_1_6,47,0,624,301
loop_2056_circuit_no_condition_2_1_6,47,1,624,301
loop_2056_circuit_no_condition_2_1_6,47,2,624,301
loop_2056_circuit_no_condition_2_1_6,47,3,624,301
loop_2056_circuit_no_condition_2_1_6,47,4,5432,301
loop_2056_circuit_no_condition_2_1_6,47,5,624,301
loop_2056_circuit_no_condition_2_1_6,47,6,624,301
loop_2056_circuit_no_condition_2_1_6,47,7,624,301
loop_2056_circuit_no_condition_2_1_6,47,8,624,301
loop_2056_circuit_no_condition_2_1_6,47,9,624,301
loop_2056_circuit_no_condition_2_1_6,47,10,624,301
loop_2056_circuit_no_condition_2_1_6,47,11,624,301
loop_2056_circuit_no_condition_2_1_6,47,12,624,301
loop_2056_circuit_no_condition_2_1_6,47,13,624,301
loop_2056_circuit_no_condition_2_1_6,47,14,624,301
loop_2056_circuit_no_condition_2_1_6,47,15,624,301
loop_2056_circuit_no_condition_2_1_6,47,0,624,400
loop_2056_circuit_no_condition_2_1_6,47,1,624,400
loop_2056_circuit_no_condition_2_1_6,47,2,624,400
loop_2056_circuit_no_condition_2_1_6,47,3,624,400
loop_2056_circuit_no_condition_2_1_6,47,4,5433,400
loop_2056_circuit_no_condition_2_1_6,47,5,624,400
loop_2056_circuit_no_condition_2_1_6,47,6,624,400
loop_2056_circuit_no_condition_2_1_6,47,7,624,400
loop_2056_circuit_no_condition_2_1_6,47,8,624,400
loop_2056_circuit_no_condition_2_1_6,47,9,624,400
loop_2056_circuit_no_condition_2_1_6,47,10,624,400
loop_2056_circuit_no_condition_2_1_6,47,11,624,400
loop_2056_circuit_no_condition_2_1_6,47,12,624,400
loop_2056_circuit_no_condition_2_1_6,47,13,624,400
loop_2056_circuit_no_condition_2_1_6,47,14,624,400
loop_2056_circuit_no_condition_2_1_6,47,15,624,400
loop_2056_circuit_no_condition_2_1_6,47,0,624,501
loop_2056_circuit_no_condition_2_1_6,47,1,4649,501
loop_2056_circuit_no_condition_2_1_6,47,2,624,501
loop_2056_circuit_no_condition_2_1_6,47,3,624,501
loop_2056_circuit_no_condition_2_1_6,47,4,624,501
loop_2056_circuit_no_condition_2_1_6,47,5,5417,501
loop_2056_circuit_no_condition_2_1_6,47,6,624,501
loop_2056_circuit_no_condition_2_1_6,47,7,624,501
loop_2056_circuit_no_condition_2_1_6,47,8,624,501
loop_2056_circuit_no_condition_2_1_6,47,9,624,501
loop_2056_circuit_no_condition_2_1_6,47,10,624,501
loop_2056_circuit_no_condition_2_1_6,47,11,624,501
loop_2056_circuit_no_condition_2_1_6,47,12,5431,501
loop_2056_circuit_no_condition_2_1_6,47,13,624,501
loop_2056_circuit_no_condition_2_1_6,47,14,624,501
loop_2056_circuit_no_condition_2_1_6,47,15,624,501
loop_2056_circuit_no_condition_2_1_6,47,0,5414,600
loop_2056_circuit_no_condition_2_1_6,47,1,5403,600
loop_2056_circuit_no_condition_2_1_6,47,2,5404,600
loop_2056_circuit_no_condition_2_1_6,47,3,5415,600
loop_2056_circuit_no_condition_2_1_6,47,4,5403,600
loop_2056_circuit_no_condition_2_1_6,47,5,5405,600
loop_2056_circuit_no_condition_2_1_6,47,6,5410,600
loop_2056_circuit_no_condition_2_1_6,47,7,5406,600
loop_2056_circuit_no_condition_2_1_6,47,8,5407,600
loop_2056_circuit_no_condition_2_1_6,47,9,5404,600
loop_2056_circuit_no_condition_2_1_6,47,10,5402,600
loop_2056_circuit_no_condition_2_1_6,47,11,5411,600
loop_2056_circuit_no_condition_2_1_6,47,12,5425,600
loop_2056_circuit_no_condition_2_1_6,47,13,5405,600
loop_2056_circuit_no_condition_2_1_6,47,14,5411,600
loop_2056_circuit_no_condition_2_1_6,47,15,5402,600
loop_2056_circuit_no_condition_2_1_6,47,0,5394,701
loop_2056_circuit_no_condition_2_1_6,47,1,5397,701
loop_2056_circuit_no_condition_2_1_6,47,2,5396,701
loop_2056_circuit_no_condition_2_1_6,47,3,5395,701
loop_2056_circuit_no_condition_2_1_6,47,4,5402,701
loop_2056_circuit_no_condition_2_1_6,47,5,5399,701
loop_2056_circuit_no_condition_2_1_6,47,6,5398,701
loop_2056_circuit_no_condition_2_1_6,47,7,5402,701
loop_2056_circuit_no_condition_2_1_6,47,8,5394,701
loop_2056_circuit_no_condition_2_1_6,47,9,5396,701
loop_2056_circuit_no_condition_2_1_6,47,10,5396,701
loop_2056_circuit_no_condition_2_1_6,47,11,5395,701
loop_2056_circuit_no_condition_2_1_6,47,12,5396,701
loop_2056_circuit_no_condition_2_1_6,47,13,5417,701
loop_2056_circuit_no_condition_2_1_6,47,14,5395,701
loop_2056_circuit_no_condition_2_1_6,47,15,5394,701
loop_2056_circuit_no_condition_2_1_6,47,0,5402,801
loop_2056_circuit_no_condition_2_1_6,47,1,5400,801
loop_2056_circuit_no_condition_2_1_6,47,2,5404,801
loop_2056_circuit_no_condition_2_1_6,47,3,5404,801
loop_2056_circuit_no_condition_2_1_6,47,4,5401,801
loop_2056_circuit_no_condition_2_1_6,47,5,5399,801
loop_2056_circuit_no_condition_2_1_6,47,6,5403,801
loop_2056_circuit_no_condition_2_1_6,47,7,5415,801
loop_2056_circuit_no_condition_2_1_6,47,8,5400,801
loop_2056_circuit_no_condition_2_1_6,47,9,5407,801
loop_2056_circuit_no_condition_2_1_6,47,10,5403,801
loop_2056_circuit_no_condition_2_1_6,47,11,5403,801
loop_2056_circuit_no_condition_2_1_6,47,12,5422,801
loop_2056_circuit_no_condition_2_1_6,47,13,5407,801
loop_2056_circuit_no_condition_2_1_6,47,14,5407,801
loop_2056_circuit_no_condition_2_1_6,47,15,5403,801
loop_2056_circuit_no_condition_2_1_6,47,0,5406,900
loop_2056_circuit_no_condition_2_1_6,47,1,5415,900
loop_2056_circuit_no_condition_2_1_6,47,2,5409,900
loop_2056_circuit_no_condition_2_1_6,47,3,5406,900
loop_2056_circuit_no_condition_2_1_6,47,4,5410,900
loop_2056_circuit_no_condition_2_1_6,47,5,5427,900
loop_2056_circuit_no_condition_2_1_6,47,6,5412,900
loop_2056_circuit_no_condition_2_1_6,47,7,5410,900
loop_2056_circuit_no_condition_2_1_6,47,8,5407,900
loop_2056_circuit_no_condition_2_1_6,47,9,5408,900
loop_2056_circuit_no_condition_2_1_6,47,10,5401,900
loop_2056_circuit_no_condition_2_1_6,47,11,5405,900
loop_2056_circuit_no_condition_2_1_6,47,12,5401,900
loop_2056_circuit_no_condition_2_1_6,47,13,5398,900
loop_2056_circuit_no_condition_2_1_6,47,14,5410,900
loop_2056_circuit_no_condition_2_1_6,47,15,5399,900
loop_2056_circuit_no_condition_2_1_6,47,0,5410,1000
loop_2056_circuit_no_condition_2_1_6,47,1,5410,1000
loop_2056_circuit_no_condition_2_1_6,47,2,5403,1000
loop_2056_circuit_no_condition_2_1_6,47,3,5411,1000
loop_2056_circuit_no_condition_2_1_6,47,4,5406,1000
loop_2056_circuit_no_condition_2_1_6,47,5,5424,1000
loop_2056_circuit_no_condition_2_1_6,47,6,5409,1000
loop_2056_circuit_no_condition_2_1_6,47,7,5412,1000
loop_2056_circuit_no_condition_2_1_6,47,8,5418,1000
loop_2056_circuit_no_condition_2_1_6,47,9,5407,1000
loop_2056_circuit_no_condition_2_1_6,47,10,5404,1000
loop_2056_circuit_no_condition_2_1_6,47,11,5409,1000
loop_2056_circuit_no_condition_2_1_6,47,12,5403,1000
loop_2056_circuit_no_condition_2_1_6,47,13,5407,1000
loop_2056_circuit_no_condition_2_1_6,47,14,5401,1000
loop_2056_circuit_no_condition_2_1_6,47,15,5410,1000
loop_2056_circuit_no_condition_2_1_6,47,0,5412,1100
loop_2056_circuit_no_condition_2_1_6,47,1,5405,1100
loop_2056_circuit_no_condition_2_1_6,47,2,5408,1100
loop_2056_circuit_no_condition_2_1_6,47,3,5404,1100
loop_2056_circuit_no_condition_2_1_6,47,4,5414,1100
loop_2056_circuit_no_condition_2_1_6,47,5,5407,1100
loop_2056_circuit_no_condition_2_1_6,47,6,5411,1100
loop_2056_circuit_no_condition_2_1_6,47,7,5412,1100
loop_2056_circuit_no_condition_2_1_6,47,8,5418,1100
loop_2056_circuit_no_condition_2_1_6,47,9,5408,1100
loop_2056_circuit_no_condition_2_1_6,47,10,5407,1100
loop_2056_circuit_no_condition_2_1_6,47,11,5407,1100
loop_2056_circuit_no_condition_2_1_6,47,12,5427,1100
loop_2056_circuit_no_condition_2_1_6,47,13,5408,1100
loop_2056_circuit_no_condition_2_1_6,47,14,5404,1100
loop_2056_circuit_no_condition_2_1_6,47,15,5407,1100
loop_2056_circuit_no_condition_2_1_6,47,0,5396,1201
loop_2056_circuit_no_condition_2_1_6,47,1,5399,1201
loop_2056_circuit_no_condition_2_1_6,47,2,5397,1201
loop_2056_circuit_no_condition_2_1_6,47,3,5418,1201
loop_2056_circuit_no_condition_2_1_6,47,4,5398,1201
loop_2056_circuit_no_condition_2_1_6,47,5,5397,1201
loop_2056_circuit_no_condition_2_1_6,47,6,5412,1201
loop_2056_circuit_no_condition_2_1_6,47,7,5396,1201
loop_2056_circuit_no_condition_2_1_6,47,8,5397,1201
loop_2056_circuit_no_condition_2_1_6,47,9,5396,1201
loop_2056_circuit_no_condition_2_1_6,47,10,5399,1201
loop_2056_circuit_no_condition_2_1_6,47,11,5396,1201
loop_2056_circuit_no_condition_2_1_6,47,12,5398,1201
loop_2056_circuit_no_condition_2_1_6,47,13,5415,1201
loop_2056_circuit_no_condition_2_1_6,47,14,5406,1201
loop_2056_circuit_no_condition_2_1_6,47,15,5395,1201
loop_2056_circuit_no_condition_2_1_6,47,0,5405,1300
loop_2056_circuit_no_condition_2_1_6,47,1,5404,1300
loop_2056_circuit_no_condition_2_1_6,47,2,5413,1300
loop_2056_circuit_no_condition_2_1_6,47,3,5410,1300
loop_2056_circuit_no_condition_2_1_6,47,4,5405,1300
loop_2056_circuit_no_condition_2_1_6,47,5,5424,1300
loop_2056_circuit_no_condition_2_1_6,47,6,5404,1300
loop_2056_circuit_no_condition_2_1_6,47,7,5404,1300
loop_2056_circuit_no_condition_2_1_6,47,8,5407,1300
loop_2056_circuit_no_condition_2_1_6,47,9,5405,1300
loop_2056_circuit_no_condition_2_1_6,47,10,5407,1300
loop_2056_circuit_no_condition_2_1_6,47,11,5411,1300
loop_2056_circuit_no_condition_2_1_6,47,12,5407,1300
loop_2056_circuit_no_condition_2_1_6,47,13,5403,1300
loop_2056_circuit_no_condition_2_1_6,47,14,5403,1300
loop_2056_circuit_no_condition_2_1_6,47,15,5404,1300
loop_2056_circuit_no_condition_2_1_6,47,0,5406,1400
loop_2056_circuit_no_condition_2_1_6,47,1,5410,1400
loop_2056_circuit_no_condition_2_1_6,47,2,5409,1400
loop_2056_circuit_no_condition_2_1_6,47,3,5415,1400
loop_2056_circuit_no_condition_2_1_6,47,4,5399,1400
loop_2056_circuit_no_condition_2_1_6,47,5,5419,1400
loop_2056_circuit_no_condition_2_1_6,47,6,5402,1400
loop_2056_circuit_no_condition_2_1_6,47,7,5399,1400
loop_2056_circuit_no_condition_2_1_6,47,8,5399,1400
loop_2056_circuit_no_condition_2_1_6,47,9,5411,1400
loop_2056_circuit_no_condition_2_1_6,47,10,5411,1400
loop_2056_circuit_no_condition_2_1_6,47,11,5414,1400
loop_2056_circuit_no_condition_2_1_6,47,12,5401,1400
loop_2056_circuit_no_condition_2_1_6,47,13,5412,1400
loop_2056_circuit_no_condition_2_1_6,47,14,5416,1400
loop_2056_circuit_no_condition_2_1_6,47,15,5399,1400
loop_2056_circuit_no_condition_2_1_6,47,0,5408,1500
loop_2056_circuit_no_condition_2_1_6,47,1,624,1500
loop_2056_circuit_no_condition_2_1_6,47,2,624,1500
loop_2056_circuit_no_condition_2_1_6,47,3,624,1500
loop_2056_circuit_no_condition_2_1_6,47,4,4188,1500
loop_2056_circuit_no_condition_2_1_6,47,5,5427,1500
loop_2056_circuit_no_condition_2_1_6,47,6,624,1500
loop_2056_circuit_no_condition_2_1_6,47,7,624,1500
loop_2056_circuit_no_condition_2_1_6,47,8,624,1500
loop_2056_circuit_no_condition_2_1_6,47,9,624,1500
loop_2056_circuit_no_condition_2_1_6,47,10,624,1500
loop_2056_circuit_no_condition_2_1_6,47,11,624,1500
loop_2056_circuit_no_condition_2_1_6,47,12,624,1500
loop_2056_circuit_no_condition_2_1_6,47,13,624,1500
loop_2056_circuit_no_condition_2_1_6,47,14,624,1500
loop_2056_circuit_no_condition_2_1_6,47,15,624,1500
loop_2056_circuit_no_condition_2_1_6,48,0,5430,1
loop_2056_circuit_no_condition_2_1_6,48,1,5425,1
loop_2056_circuit_no_condition_2_1_6,48,2,624,1
loop_2056_circuit_no_condition_2_1_6,48,3,5431,1
loop_2056_circuit_no_condition_2_1_6,48,4,5430,1
loop_2056_circuit_no_condition_2_1_6,48,5,5435,1
loop_2056_circuit_no_condition_2_1_6,48,6,624,1
loop_2056_circuit_no_condition_2_1_6,48,7,2986,1
loop_2056_circuit_no_condition_2_1_6,48,8,5411,1
loop_2056_circuit_no_condition_2_1_6,48,9,5381,1
loop_2056_circuit_no_condition_2_1_6,48,10,5427,1
loop_2056_circuit_no_condition_2_1_6,48,11,5429,1
loop_2056_circuit_no_condition_2_1_6,48,12,5427,1
loop_2056_circuit_no_condition_2_1_6,48,13,5424,1
loop_2056_circuit_no_condition_2_1_6,48,14,5417,1
loop_2056_circuit_no_condition_2_1_6,48,15,624,1
loop_2056_circuit_no_condition_2_1_6,48,0,5422,100
loop_2056_circuit_no_condition_2_1_6,48,1,5415,100
loop_2056_circuit_no_condition_2_1_6,48,2,5352,100
loop_2056_circuit_no_condition_2_1_6,48,3,5415,100
loop_2056_circuit_no_condition_2_1_6,48,4,5415,100
loop_2056_circuit_no_condition_2_1_6,48,5,5410,100
loop_2056_circuit_no_condition_2_1_6,48,6,624,100
loop_2056_circuit_no_condition_2_1_6,48,7,5411,100
loop_2056_circuit_no_condition_2_1_6,48,8,5416,100
loop_2056_circuit_no_condition_2_1_6,48,9,5397,100
loop_2056_circuit_no_condition_2_1_6,48,10,5331,100
loop_2056_circuit_no_condition_2_1_6,48,11,5363,100
loop_2056_circuit_no_condition_2_1_6,48,12,5362,100
loop_2056_circuit_no_condition_2_1_6,48,13,5420,100
loop_2056_circuit_no_condition_2_1_6,48,14,5421,100
loop_2056_circuit_no_condition_2_1_6,48,15,624,100
loop_2056_circuit_no_condition_2_1_6,48,0,5379,201
loop_2056_circuit_no_condition_2_1_6,48,1,5419,201
loop_2056_circuit_no_condition_2_1_6,48,2,5377,201
loop_2056_circuit_no_condition_2_1_6,48,3,5391,201
loop_2056_circuit_no_condition_2_1_6,48,4,5395,201
loop_2056_circuit_no_condition_2_1_6,48,5,5401,201
loop_2056_circuit_no_condition_2_1_6,48,6,5420,201
loop_2056_circuit_no_condition_2_1_6,48,7,5411,201
loop_2056_circuit_no_condition_2_1_6,48,8,5421,201
loop_2056_circuit_no_condition_2_1_6,48,9,5413,201
loop_2056_circuit_no_condition_2_1_6,48,10,5411,201
loop_2056_circuit_no_condition_2_1_6,48,11,5410,201
loop_2056_circuit_no_condition_2_1_6,48,12,5420,201
loop_2056_circuit_no_condition_2_1_6,48,13,5432,201
loop_2056_circuit_no_condition_2_1_6,48,14,5425,201
loop_2056_circuit_no_condition_2_1_6,48,15,5374,201
loop_2056_circuit_no_condition_2_1_6,48,0,624,301
loop_2056_circuit_no_condition_2_1_6,48,1,624,301
loop_2056_circuit_no_condition_2_1_6,48,2,5426,301
loop_2056_circuit_no_condition_2_1_6,48,3,624,301
loop_2056_circuit_no_condition_2_1_6,48,4,624,301
loop_2056_circuit_no_condition_2_1_6,48,5,5424,301
loop_2056_circuit_no_condition_2_1_6,48,6,624,301
loop_2056_circuit_no_condition_2_1_6,48,7,624,301
loop_2056_circuit_no_condition_2_1_6,48,8,624,301
loop_2056_circuit_no_condition_2_1_6,48,9,624,301
loop_2056_circuit_no_condition_2_1_6,48,10,624,301
loop_2056_circuit_no_condition_2_1_6,48,11,624,301
loop_2056_circuit_no_condition_2_1_6,48,12,624,301
loop_2056_circuit_no_condition_2_1_6,48,13,5431,301
loop_2056_circuit_no_condition_2_1_6,48,14,5423,301
loop_2056_circuit_no_condition_2_1_6,48,15,624,301
loop_2056_circuit_no_condition_2_1_6,48,0,5004,400
loop_2056_circuit_no_condition_2_1_6,48,1,3579,400
loop_2056_circuit_no_condition_2_1_6,48,2,624,400
loop_2056_circuit_no_condition_2_1_6,48,3,624,400
loop_2056_circuit_no_condition_2_1_6,48,4,5428,400
loop_2056_circuit_no_condition_2_1_6,48,5,624,400
loop_2056_circuit_no_condition_2_1_6,48,6,624,400
loop_2056_circuit_no_condition_2_1_6,48,7,624,400
loop_2056_circuit_no_condition_2_1_6,48,8,624,400
loop_2056_circuit_no_condition_2_1_6,48,9,624,400
loop_2056_circuit_no_condition_2_1_6,48,10,624,400
loop_2056_circuit_no_condition_2_1_6,48,11,624,400
loop_2056_circuit_no_condition_2_1_6,48,12,624,400
loop_2056_circuit_no_condition_2_1_6,48,13,624,400
loop_2056_circuit_no_condition_2_1_6,48,14,624,400
loop_2056_circuit_no_condition_2_1_6,48,15,624,400
loop_2056_circuit_no_condition_2_1_6,48,0,624,501
loop_2056_circuit_no_condition_2_1_6,48,1,3876,501
loop_2056_circuit_no_condition_2_1_6,48,2,624,501
loop_2056_circuit_no_condition_2_1_6,48,3,624,501
loop_2056_circuit_no_condition_2_1_6,48,4,5425,501
loop_2056_circuit_no_condition_2_1_6,48,5,4909,501
loop_2056_circuit_no_condition_2_1_6,48,6,624,501
loop_2056_circuit_no_condition_2_1_6,48,7,624,501
loop_2056_circuit_no_condition_2_1_6,48,8,624,501
loop_2056_circuit_no_condition_2_1_6,48,9,624,501
loop_2056_circuit_no_condition_2_1_6,48,10,624,501
loop_2056_circuit_no_condition_2_1_6,48,11,624,501
loop_2056_circuit_no_condition_2_1_6,48,12,624,501
loop_2056_circuit_no_condition_2_1_6,48,13,624,501
loop_2056_circuit_no_condition_2_1_6,48,14,624,501
loop_2056_circuit_no_condition_2_1_6,48,15,624,501
loop_2056_circuit_no_condition_2_1_6,48,0,5396,600
loop_2056_circuit_no_condition_2_1_6,48,1,5398,600
loop_2056_circuit_no_condition_2_1_6,48,2,5400,600
loop_2056_circuit_no_condition_2_1_6,48,3,5405,600
loop_2056_circuit_no_condition_2_1_6,48,4,5400,600
loop_2056_circuit_no_condition_2_1_6,48,5,5394,600
loop_2056_circuit_no_condition_2_1_6,48,6,5397,600
loop_2056_circuit_no_condition_2_1_6,48,7,5394,600
loop_2056_circuit_no_condition_2_1_6,48,8,5399,600
loop_2056_circuit_no_condition_2_1_6,48,9,5395,600
loop_2056_circuit_no_condition_2_1_6,48,10,5401,600
loop_2056_circuit_no_condition_2_1_6,48,11,5400,600
loop_2056_circuit_no_condition_2_1_6,48,12,5397,600
loop_2056_circuit_no_condition_2_1_6,48,13,5414,600
loop_2056_circuit_no_condition_2_1_6,48,14,5400,600
loop_2056_circuit_no_condition_2_1_6,48,15,5395,600
loop_2056_circuit_no_condition_2_1_6,48,0,5406,700
loop_2056_circuit_no_condition_2_1_6,48,1,5401,700
loop_2056_circuit_no_condition_2_1_6,48,2,5402,700
loop_2056_circuit_no_condition_2_1_6,48,3,5400,700
loop_2056_circuit_no_condition_2_1_6,48,4,5414,700
loop_2056_circuit_no_condition_2_1_6,48,5,5409,700
loop_2056_circuit_no_condition_2_1_6,48,6,5407,700
loop_2056_circuit_no_condition_2_1_6,48,7,5400,700
loop_2056_circuit_no_condition_2_1_6,48,8,5410,700
loop_2056_circuit_no_condition_2_1_6,48,9,5404,700
loop_2056_circuit_no_condition_2_1_6,48,10,5410,700
loop_2056_circuit_no_condition_2_1_6,48,11,5399,700
loop_2056_circuit_no_condition_2_1_6,48,12,5406,700
loop_2056_circuit_no_condition_2_1_6,48,13,5423,700
loop_2056_circuit_no_condition_2_1_6,48,14,5408,700
loop_2056_circuit_no_condition_2_1_6,48,15,5410,700
loop_2056_circuit_no_condition_2_1_6,48,0,5418,801
loop_2056_circuit_no_condition_2_1_6,48,1,5406,801
loop_2056_circuit_no_condition_2_1_6,48,2,5407,801
loop_2056_circuit_no_condition_2_1_6,48,3,5407,801
loop_2056_circuit_no_condition_2_1_6,48,4,5408,801
loop_2056_circuit_no_condition_2_1_6,48,5,5427,801
loop_2056_circuit_no_condition_2_1_6,48,6,5416,801
loop_2056_circuit_no_condition_2_1_6,48,7,5403,801
loop_2056_circuit_no_condition_2_1_6,48,8,5414,801
loop_2056_circuit_no_condition_2_1_6,48,9,5407,801
loop_2056_circuit_no_condition_2_1_6,48,10,5406,801
loop_2056_circuit_no_condition_2_1_6,48,11,5407,801
loop_2056_circuit_no_condition_2_1_6,48,12,5413,801
loop_2056_circuit_no_condition_2_1_6,48,13,5408,801
loop_2056_circuit_no_condition_2_1_6,48,14,5412,801
loop_2056_circuit_no_condition_2_1_6,48,15,5407,801
loop_2056_circuit_no_condition_2_1_6,48,0,5395,901
loop_2056_circuit_no_condition_2_1_6,48,1,5411,901
loop_2056_circuit_no_condition_2_1_6,48,2,5399,901
loop_2056_circuit_no_condition_2_1_6,48,3,5397,901
loop_2056_circuit_no_condition_2_1_6,48,4,5397,901
loop_2056_circuit_no_condition_2_1_6,48,5,5411,901
loop_2056_circuit_no_condition_2_1_6,48,6,5394,901
loop_2056_circuit_no_condition_2_1_6,48,7,5397,901
loop_2056_circuit_no_condition_2_1_6,48,8,5398,901
loop_2056_circuit_no_condition_2_1_6,48,9,5394,901
loop_2056_circuit_no_condition_2_1_6,48,10,5401,901
loop_2056_circuit_no_condition_2_1_6,48,11,5394,901
loop_2056_circuit_no_condition_2_1_6,48,12,5420,901
loop_2056_circuit_no_condition_2_1_6,48,13,5399,901
loop_2056_circuit_no_condition_2_1_6,48,14,5399,901
loop_2056_circuit_no_condition_2_1_6,48,15,5393,901
loop_2056_circuit_no_condition_2_1_6,48,0,5399,1000
loop_2056_circuit_no_condition_2_1_6,48,1,5411,1000
loop_2056_circuit_no_condition_2_1_6,48,2,5417,1000
loop_2056_circuit_no_condition_2_1_6,48,3,5409,1000
loop_2056_circuit_no_condition_2_1_6,48,4,5418,1000
loop_2056_circuit_no_condition_2_1_6,48,5,5399,1000
loop_2056_circuit_no_condition_2_1_6,48,6,5396,1000
loop_2056_circuit_no_condition_2_1_6,48,7,5397,1000
loop_2056_circuit_no_condition_2_1_6,48,8,5397,1000
loop_2056_circuit_no_condition_2_1_6,48,9,5409,1000
loop_2056_circuit_no_condition_2_1_6,48,10,5406,1000
loop_2056_circuit_no_condition_2_1_6,48,11,5405,1000
loop_2056_circuit_no_condition_2_1_6,48,12,5404,1000
loop_2056_circuit_no_condition_2_1_6,48,13,5406,1000
loop_2056_circuit_no_condition_2_1_6,48,14,5397,1000
loop_2056_circuit_no_condition_2_1_6,48,15,5397,1000
loop_2056_circuit_no_condition_2_1_6,48,0,5411,1100
loop_2056_circuit_no_condition_2_1_6,48,1,5415,1100
loop_2056_circuit_no_condition_2_1_6,48,2,5406,1100
loop_2056_circuit_no_condition_2_1_6,48,3,5408,1100
loop_2056_circuit_no_condition_2_1_6,48,4,5414,1100
loop_2056_circuit_no_condition_2_1_6,48,5,5426,1100
loop_2056_circuit_no_condition_2_1_6,48,6,5418,1100
loop_2056_circuit_no_condition_2_1_6,48,7,5407,1100
loop_2056_circuit_no_condition_2_1_6,48,8,5417,1100
loop_2056_circuit_no_condition_2_1_6,48,9,5411,1100
loop_2056_circuit_no_condition_2_1_6,48,10,5413,1100
loop_2056_circuit_no_condition_2_1_6,48,11,5410,1100
loop_2056_circuit_no_condition_2_1_6,48,12,5406,1100
loop_2056_circuit_no_condition_2_1_6,48,13,5409,1100
loop_2056_circuit_no_condition_2_1_6,48,14,5409,1100
loop_2056_circuit_no_condition_2_1_6,48,15,5408,1100
loop_2056_circuit_no_condition_2_1_6,48,0,5398,1201
loop_2056_circuit_no_condition_2_1_6,48,1,5402,1201
loop_2056_circuit_no_condition_2_1_6,48,2,5404,1201
loop_2056_circuit_no_condition_2_1_6,48,3,5399,1201
loop_2056_circuit_no_condition_2_1_6,48,4,5423,1201
loop_2056_circuit_no_condition_2_1_6,48,5,5408,1201
loop_2056_circuit_no_condition_2_1_6,48,6,5405,1201
loop_2056_circuit_no_condition_2_1_6,48,7,5401,1201
loop_2056_circuit_no_condition_2_1_6,48,8,5414,1201
loop_2056_circuit_no_condition_2_1_6,48,9,5401,1201
loop_2056_circuit_no_condition_2_1_6,48,10,5417,1201
loop_2056_circuit_no_condition_2_1_6,48,11,5402,1201
loop_2056_circuit_no_condition_2_1_6,48,12,5402,1201
loop_2056_circuit_no_condition_2_1_6,48,13,5401,1201
loop_2056_circuit_no_condition_2_1_6,48,14,5398,1201
loop_2056_circuit_no_condition_2_1_6,48,15,5403,1201
loop_2056_circuit_no_condition_2_1_6,48,0,5408,1301
loop_2056_circuit_no_condition_2_1_6,48,1,5414,1301
loop_2056_circuit_no_condition_2_1_6,48,2,5417,1301
loop_2056_circuit_no_condition_2_1_6,48,3,5410,1301
loop_2056_circuit_no_condition_2_1_6,48,4,5428,1301
loop_2056_circuit_no_condition_2_1_6,48,5,5409,1301
loop_2056_circuit_no_condition_2_1_6,48,6,5410,1301
loop_2056_circuit_no_condition_2_1_6,48,7,5409,1301
loop_2056_circuit_no_condition_2_1_6,48,8,5406,1301
loop_2056_circuit_no_condition_2_1_6,48,9,5406,1301
loop_2056_circuit_no_condition_2_1_6,48,10,5408,1301
loop_2056_circuit_no_condition_2_1_6,48,11,5406,1301
loop_2056_circuit_no_condition_2_1_6,48,12,5406,1301
loop_2056_circuit_no_condition_2_1_6,48,13,5409,1301
loop_2056_circuit_no_condition_2_1_6,48,14,5410,1301
loop_2056_circuit_no_condition_2_1_6,48,15,5406,1301
loop_2056_circuit_no_condition_2_1_6,48,0,5417,1400
loop_2056_circuit_no_condition_2_1_6,48,1,5410,1400
loop_2056_circuit_no_condition_2_1_6,48,2,5406,1400
loop_2056_circuit_no_condition_2_1_6,48,3,5404,1400
loop_2056_circuit_no_condition_2_1_6,48,4,5403,1400
loop_2056_circuit_no_condition_2_1_6,48,5,5408,1400
loop_2056_circuit_no_condition_2_1_6,48,6,5407,1400
loop_2056_circuit_no_condition_2_1_6,48,7,5410,1400
loop_2056_circuit_no_condition_2_1_6,48,8,5405,1400
loop_2056_circuit_no_condition_2_1_6,48,9,5421,1400
loop_2056_circuit_no_condition_2_1_6,48,10,5399,1400
loop_2056_circuit_no_condition_2_1_6,48,11,5409,1400
loop_2056_circuit_no_condition_2_1_6,48,12,5405,1400
loop_2056_circuit_no_condition_2_1_6,48,13,5414,1400
loop_2056_circuit_no_condition_2_1_6,48,14,5407,1400
loop_2056_circuit_no_condition_2_1_6,48,15,5409,1400
loop_2056_circuit_no_condition_2_1_6,48,0,5400,1500
loop_2056_circuit_no_condition_2_1_6,48,1,5399,1500
loop_2056_circuit_no_condition_2_1_6,48,2,5408,1500
loop_2056_circuit_no_condition_2_1_6,48,3,5404,1500
loop_2056_circuit_no_condition_2_1_6,48,4,5422,1500
loop_2056_circuit_no_condition_2_1_6,48,5,5412,1500
loop_2056_circuit_no_condition_2_1_6,48,6,5405,1500
loop_2056_circuit_no_condition_2_1_6,48,7,5412,1500
loop_2056_circuit_no_condition_2_1_6,48,8,5401,1500
loop_2056_circuit_no_condition_2_1_6,48,9,5400,1500
loop_2056_circuit_no_condition_2_1_6,48,10,5404,1500
loop_2056_circuit_no_condition_2_1_6,48,11,5404,1500
loop_2056_circuit_no_condition_2_1_6,48,12,5399,1500
loop_2056_circuit_no_condition_2_1_6,48,13,5410,1500
loop_2056_circuit_no_condition_2_1_6,48,14,5404,1500
loop_2056_circuit_no_condition_2_1_6,48,15,5414,1500
loop_2056_circuit_no_condition_2_1_6,48,0,5397,1601
loop_2056_circuit_no_condition_2_1_6,48,1,5414,1601
loop_2056_circuit_no_condition_2_1_6,48,2,5380,1601
loop_2056_circuit_no_condition_2_1_6,48,3,5425,1601
loop_2056_circuit_no_condition_2_1_6,48,4,5388,1601
loop_2056_circuit_no_condition_2_1_6,48,5,5429,1601
loop_2056_circuit_no_condition_2_1_6,48,6,624,1601
loop_2056_circuit_no_condition_2_1_6,48,7,5419,1601
loop_2056_circuit_no_condition_2_1_6,48,8,5418,1601
loop_2056_circuit_no_condition_2_1_6,48,9,5429,1601
loop_2056_circuit_no_condition_2_1_6,48,10,5427,1601
loop_2056_circuit_no_condition_2_1_6,48,11,5420,1601
loop_2056_circuit_no_condition_2_1_6,48,12,5424,1601
loop_2056_circuit_no_condition_2_1_6,48,13,5432,1601
loop_2056_circuit_no_condition_2_1_6,48,14,5417,1601
loop_2056_circuit_no_condition_2_1_6,48,15,5422,1601
loop_2056_circuit_no_condition_2_1_6,49,0,5427,1
loop_2056_circuit_no_condition_2_1_6,49,1,624,1
loop_2056_circuit_no_condition_2_1_6,49,2,3532,1
loop_2056_circuit_no_condition_2_1_6,49,3,5408,1
loop_2056_circuit_no_condition_2_1_6,49,4,5427,1
loop_2056_circuit_no_condition_2_1_6,49,5,5429,1
loop_2056_circuit_no_condition_2_1_6,49,6,5429,1
loop_2056_circuit_no_condition_2_1_6,49,7,5421,1
loop_2056_circuit_no_condition_2_1_6,49,8,5401,1
loop_2056_circuit_no_condition_2_1_6,49,9,5416,1
loop_2056_circuit_no_condition_2_1_6,49,10,624,1
loop_2056_circuit_no_condition_2_1_6,49,11,624,1
loop_2056_circuit_no_condition_2_1_6,49,12,5394,1
loop_2056_circuit_no_condition_2_1_6,49,13,624,1
loop_2056_circuit_no_condition_2_1_6,49,14,624,1
loop_2056_circuit_no_condition_2_1_6,49,15,5410,1
loop_2056_circuit_no_condition_2_1_6,49,0,5428,100
loop_2056_circuit_no_condition_2_1_6,49,1,5428,100
loop_2056_circuit_no_condition_2_1_6,49,2,5423,100
loop_2056_circuit_no_condition_2_1_6,49,3,5418,100
loop_2056_circuit_no_condition_2_1_6,49,4,5403,100
loop_2056_circuit_no_condition_2_1_6,49,5,5420,100
loop_2056_circuit_no_condition_2_1_6,49,6,5432,100
loop_2056_circuit_no_condition_2_1_6,49,7,5421,100
loop_2056_circuit_no_condition_2_1_6,49,8,5420,100
loop_2056_circuit_no_condition_2_1_6,49,9,5418,100
loop_2056_circuit_no_condition_2_1_6,49,10,5413,100
loop_2056_circuit_no_condition_2_1_6,49,11,5423,100
loop_2056_circuit_no_condition_2_1_6,49,12,5432,100
loop_2056_circuit_no_condition_2_1_6,49,13,5422,100
loop_2056_circuit_no_condition_2_1_6,49,14,5420,100
loop_2056_circuit_no_condition_2_1_6,49,15,5375,100
loop_2056_circuit_no_condition_2_1_6,49,0,5368,200
loop_2056_circuit_no_condition_2_1_6,49,1,5373,200
loop_2056_circuit_no_condition_2_1_6,49,2,5422,200
loop_2056_circuit_no_condition_2_1_6,49,3,5352,200
loop_2056_circuit_no_condition_2_1_6,49,4,5430,200
loop_2056_circuit_no_condition_2_1_6,49,5,5374,200
loop_2056_circuit_no_condition_2_1_6,49,6,5423,200
loop_2056_circuit_no_condition_2_1_6,49,7,5375,200
loop_2056_circuit_no_condition_2_1_6,49,8,5418,200
loop_2056_circuit_no_condition_2_1_6,49,9,5423,200
loop_2056_circuit_no_condition_2_1_6,49,10,5359,200
loop_2056_circuit_no_condition_2_1_6,49,11,5344,200
loop_2056_circuit_no_condition_2_1_6,49,12,5422,200
loop_2056_circuit_no_condition_2_1_6,49,13,5426,200
loop_2056_circuit_no_condition_2_1_6,49,14,5421,200
loop_2056_circuit_no_condition_2_1_6,49,15,5388,200
loop_2056_circuit_no_condition_2_1_6,49,0,5424,301
loop_2056_circuit_no_condition_2_1_6,49,1,624,301
loop_2056_circuit_no_condition_2_1_6,49,2,624,301
loop_2056_circuit_no_condition_2_1_6,49,3,5418,301
loop_2056_circuit_no_condition_2_1_6,49,4,5426,301
loop_2056_circuit_no_condition_2_1_6,49,5,624,301
loop_2056_circuit_no_condition_2_1_6,49,6,624,301
loop_2056_circuit_no_condition_2_1_6,49,7,5423,301
loop_2056_circuit_no_condition_2_1_6,49,8,624,301
loop_2056_circuit_no_condition_2_1_6,49,9,624,301
loop_2056_circuit_no_condition_2_1_6,49,10,624,301
loop_2056_circuit_no_condition_2_1_6,49,11,624,301
loop_2056_circuit_no_condition_2_1_6,49,12,624,301
loop_2056_circuit_no_condition_2_1_6,49,13,624,301
loop_2056_circuit_no_condition_2_1_6,49,14,5421,301
loop_2056_circuit_no_condition_2_1_6,49,15,624,301
loop_2056_circuit_no_condition_2_1_6,49,0,624,401
loop_2056_circuit_no_condition_2_1_6,49,1,624,401
loop_2056_circuit_no_condition_2_1_6,49,2,624,401
loop_2056_circuit_no_condition_2_1_6,49,3,624,401
loop_2056_circuit_no_condition_2_1_6,49,4,5435,401
loop_2056_circuit_no_condition_2_1_6,49,5,624,401
loop_2056_circuit_no_condition_2_1_6,49,6,624,401
loop_2056_circuit_no_condition_2_1_6,49,7,4613,401
loop_2056_circuit_no_condition_2_1_6,49,8,624,401
loop_2056_circuit_no_condition_2_1_6,49,9,624,401
loop_2056_circuit_no_condition_2_1_6,49,10,624,401
loop_2056_circuit_no_condition_2_1_6,49,11,624,401
loop_2056_circuit_no_condition_2_1_6,49,12,624,401
loop_2056_circuit_no_condition_2_1_6,49,13,624,401
loop_2056_circuit_no_condition_2_1_6,49,14,624,401
loop_2056_circuit_no_condition_2_1_6,49,15,624,401
loop_2056_circuit_no_condition_2_1_6,49,0,624,501
loop_2056_circuit_no_condition_2_1_6,49,1,624,501
loop_2056_circuit_no_condition_2_1_6,49,2,624,501
loop_2056_circuit_no_condition_2_1_6,49,3,624,501
loop_2056_circuit_no_condition_2_1_6,49,4,4646,501
loop_2056_circuit_no_condition_2_1_6,49,5,5429,501
loop_2056_circuit_no_condition_2_1_6,49,6,624,501
loop_2056_circuit_no_condition_2_1_6,49,7,624,501
loop_2056_circuit_no_condition_2_1_6,49,8,624,501
loop_2056_circuit_no_condition_2_1_6,49,9,624,501
loop_2056_circuit_no_condition_2_1_6,49,10,624,501
loop_2056_circuit_no_condition_2_1_6,49,11,624,501
loop_2056_circuit_no_condition_2_1_6,49,12,624,501
loop_2056_circuit_no_condition_2_1_6,49,13,624,501
loop_2056_circuit_no_condition_2_1_6,49,14,624,501
loop_2056_circuit_no_condition_2_1_6,49,15,624,501
loop_2056_circuit_no_condition_2_1_6,49,0,5405,600
loop_2056_circuit_no_condition_2_1_6,49,1,5421,600
loop_2056_circuit_no_condition_2_1_6,49,2,5403,600
loop_2056_circuit_no_condition_2_1_6,49,3,5406,600
loop_2056_circuit_no_condition_2_1_6,49,4,5414,600
loop_2056_circuit_no_condition_2_1_6,49,5,5420,600
loop_2056_circuit_no_condition_2_1_6,49,6,5407,600
loop_2056_circuit_no_condition_2_1_6,49,7,5415,600
loop_2056_circuit_no_condition_2_1_6,49,8,5401,600
loop_2056_circuit_no_condition_2_1_6,49,9,5414,600
loop_2056_circuit_no_condition_2_1_6,49,10,5421,600
loop_2056_circuit_no_condition_2_1_6,49,11,5401,600
loop_2056_circuit_no_condition_2_1_6,49,12,5401,600
loop_2056_circuit_no_condition_2_1_6,49,13,5402,600
loop_2056_circuit_no_condition_2_1_6,49,14,5414,600
loop_2056_circuit_no_condition_2_1_6,49,15,5412,600
loop_2056_circuit_no_condition_2_1_6,49,0,5405,700
loop_2056_circuit_no_condition_2_1_6,49,1,5409,700
loop_2056_circuit_no_condition_2_1_6,49,2,5405,700
loop_2056_circuit_no_condition_2_1_6,49,3,5407,700
loop_2056_circuit_no_condition_2_1_6,49,4,5398,700
loop_2056_circuit_no_condition_2_1_6,49,5,5418,700
loop_2056_circuit_no_condition_2_1_6,49,6,5407,700
loop_2056_circuit_no_condition_2_1_6,49,7,5399,700
loop_2056_circuit_no_condition_2_1_6,49,8,5401,700
loop_2056_circuit_no_condition_2_1_6,49,9,5403,700
loop_2056_circuit_no_condition_2_1_6,49,10,5409,700
loop_2056_circuit_no_condition_2_1_6,49,11,5403,700
loop_2056_circuit_no_condition_2_1_6,49,12,5399,700
loop_2056_circuit_no_condition_2_1_6,49,13,5401,700
loop_2056_circuit_no_condition_2_1_6,49,14,5409,700
loop_2056_circuit_no_condition_2_1_6,49,15,5406,700
loop_2056_circuit_no_condition_2_1_6,49,0,5406,801
loop_2056_circuit_no_condition_2_1_6,49,1,5407,801
loop_2056_circuit_no_condition_2_1_6,49,2,5406,801
loop_2056_circuit_no_condition_2_1_6,49,3,5403,801
loop_2056_circuit_no_condition_2_1_6,49,4,5425,801
loop_2056_circuit_no_condition_2_1_6,49,5,5407,801
loop_2056_circuit_no_condition_2_1_6,49,6,5404,801
loop_2056_circuit_no_condition_2_1_6,49,7,5407,801
loop_2056_circuit_no_condition_2_1_6,49,8,5405,801
loop_2056_circuit_no_condition_2_1_6,49,9,5397,801
loop_2056_circuit_no_condition_2_1_6,49,10,5405,801
loop_2056_circuit_no_condition_2_1_6,49,11,5413,801
loop_2056_circuit_no_condition_2_1_6,49,12,5405,801
loop_2056_circuit_no_condition_2_1_6,49,13,5414,801
loop_2056_circuit_no_condition_2_1_6,49,14,5423,801
loop_2056_circuit_no_condition_2_1_6,49,15,5403,801
loop_2056_circuit_no_condition_2_1_6,49,0,5407,900
loop_2056_circuit_no_condition_2_1_6,49,1,5399,900
loop_2056_circuit_no_condition_2_1_6,49,2,5409,900
loop_2056_circuit_no_condition_2_1_6,49,3,5416,900
loop_2056_circuit_no_condition_2_1_6,49,4,5410,900
loop_2056_circuit_no_condition_2_1_6,49,5,5427,900
loop_2056_circuit_no_condition_2_1_6,49,6,5408,900
loop_2056_circuit_no_condition_2_1_6,49,7,5406,900
loop_2056_circuit_no_condition_2_1_6,49,8,5405,900
loop_2056_circuit_no_condition_2_1_6,49,9,5407,900
loop_2056_circuit_no_condition_2_1_6,49,10,5405,900
loop_2056_circuit_no_condition_2_1_6,49,11,5407,900
loop_2056_circuit_no_condition_2_1_6,49,12,5408,900
loop_2056_circuit_no_condition_2_1_6,49,13,5408,900
loop_2056_circuit_no_condition_2_1_6,49,14,5406,900
loop_2056_circuit_no_condition_2_1_6,49,15,5406,900
loop_2056_circuit_no_condition_2_1_6,49,0,5400,1000
loop_2056_circuit_no_condition_2_1_6,49,1,5403,1000
loop_2056_circuit_no_condition_2_1_6,49,2,5398,1000
loop_2056_circuit_no_condition_2_1_6,49,3,5401,1000
loop_2056_circuit_no_condition_2_1_6,49,4,5399,1000
loop_2056_circuit_no_condition_2_1_6,49,5,5405,1000
loop_2056_circuit_no_condition_2_1_6,49,6,5422,1000
loop_2056_circuit_no_condition_2_1_6,49,7,5410,1000
loop_2056_circuit_no_condition_2_1_6,49,8,5403,1000
loop_2056_circuit_no_condition_2_1_6,49,9,5407,1000
loop_2056_circuit_no_condition_2_1_6,49,10,5402,1000
loop_2056_circuit_no_condition_2_1_6,49,11,5400,1000
loop_2056_circuit_no_condition_2_1_6,49,12,5400,1000
loop_2056_circuit_no_condition_2_1_6,49,13,5402,1000
loop_2056_circuit_no_condition_2_1_6,49,14,5400,1000
loop_2056_circuit_no_condition_2_1_6,49,15,5404,1000
loop_2056_circuit_no_condition_2_1_6,49,0,5402,1100
loop_2056_circuit_no_condition_2_1_6,49,1,5408,1100
loop_2056_circuit_no_condition_2_1_6,49,2,5406,1100
loop_2056_circuit_no_condition_2_1_6,49,3,5411,1100
loop_2056_circuit_no_condition_2_1_6,49,4,5423,1100
loop_2056_circuit_no_condition_2_1_6,49,5,5407,1100
loop_2056_circuit_no_condition_2_1_6,49,6,5403,1100
loop_2056_circuit_no_condition_2_1_6,49,7,5405,1100
loop_2056_circuit_no_condition_2_1_6,49,8,5402,1100
loop_2056_circuit_no_condition_2_1_6,49,9,5408,1100
loop_2056_circuit_no_condition_2_1_6,49,10,5412,1100
loop_2056_circuit_no_condition_2_1_6,49,11,5408,1100
loop_2056_circuit_no_condition_2_1_6,49,12,5401,1100
loop_2056_circuit_no_condition_2_1_6,49,13,5413,1100
loop_2056_circuit_no_condition_2_1_6,49,14,5408,1100
loop_2056_circuit_no_condition_2_1_6,49,15,5413,1100
loop_2056_circuit_no_condition_2_1_6,49,0,5413,1201
loop_2056_circuit_no_condition_2_1_6,49,1,5410,1201
loop_2056_circuit_no_condition_2_1_6,49,2,5400,1201
loop_2056_circuit_no_condition_2_1_6,49,3,5409,1201
loop_2056_circuit_no_condition_2_1_6,49,4,5402,1201
loop_2056_circuit_no_condition_2_1_6,49,5,5419,1201
loop_2056_circuit_no_condition_2_1_6,49,6,5408,1201
loop_2056_circuit_no_condition_2_1_6,49,7,5399,1201
loop_2056_circuit_no_condition_2_1_6,49,8,5407,1201
loop_2056_circuit_no_condition_2_1_6,49,9,5398,1201
loop_2056_circuit_no_condition_2_1_6,49,10,5399,1201
loop_2056_circuit_no_condition_2_1_6,49,11,5410,1201
loop_2056_circuit_no_condition_2_1_6,49,12,5398,1201
loop_2056_circuit_no_condition_2_1_6,49,13,5400,1201
loop_2056_circuit_no_condition_2_1_6,49,14,5398,1201
loop_2056_circuit_no_condition_2_1_6,49,15,5403,1201
loop_2056_circuit_no_condition_2_1_6,49,0,5403,1301
loop_2056_circuit_no_condition_2_1_6,49,1,5405,1301
loop_2056_circuit_no_condition_2_1_6,49,2,5399,1301
loop_2056_circuit_no_condition_2_1_6,49,3,5411,1301
loop_2056_circuit_no_condition_2_1_6,49,4,5400,1301
loop_2056_circuit_no_condition_2_1_6,49,5,5397,1301
loop_2056_circuit_no_condition_2_1_6,49,6,5414,1301
loop_2056_circuit_no_condition_2_1_6,49,7,5397,1301
loop_2056_circuit_no_condition_2_1_6,49,8,5398,1301
loop_2056_circuit_no_condition_2_1_6,49,9,5405,1301
loop_2056_circuit_no_condition_2_1_6,49,10,5397,1301
loop_2056_circuit_no_condition_2_1_6,49,11,5422,1301
loop_2056_circuit_no_condition_2_1_6,49,12,5403,1301
loop_2056_circuit_no_condition_2_1_6,49,13,5418,1301
loop_2056_circuit_no_condition_2_1_6,49,14,5403,1301
loop_2056_circuit_no_condition_2_1_6,49,15,5398,1301
loop_2056_circuit_no_condition_2_1_6,49,0,5410,1400
loop_2056_circuit_no_condition_2_1_6,49,1,5408,1400
loop_2056_circuit_no_condition_2_1_6,49,2,5414,1400
loop_2056_circuit_no_condition_2_1_6,49,3,5412,1400
loop_2056_circuit_no_condition_2_1_6,49,4,5414,1400
loop_2056_circuit_no_condition_2_1_6,49,5,5428,1400
loop_2056_circuit_no_condition_2_1_6,49,6,5419,1400
loop_2056_circuit_no_condition_2_1_6,49,7,5410,1400
loop_2056_circuit_no_condition_2_1_6,49,8,5408,1400
loop_2056_circuit_no_condition_2_1_6,49,9,5406,1400
loop_2056_circuit_no_condition_2_1_6,49,10,5409,1400
loop_2056_circuit_no_condition_2_1_6,49,11,5406,1400
loop_2056_circuit_no_condition_2_1_6,49,12,5413,1400
loop_2056_circuit_no_condition_2_1_6,49,13,5408,1400
loop_2056_circuit_no_condition_2_1_6,49,14,5415,1400
loop_2056_circuit_no_condition_2_1_6,49,15,5409,1400
loop_2056_circuit_no_condition_2_1_6,49,0,5392,1500
loop_2056_circuit_no_condition_2_1_6,49,1,5403,1500
loop_2056_circuit_no_condition_2_1_6,49,2,5403,1500
loop_2056_circuit_no_condition_2_1_6,49,3,5405,1500
loop_2056_circuit_no_condition_2_1_6,49,4,5403,1500
loop_2056_circuit_no_condition_2_1_6,49,5,5407,1500
loop_2056_circuit_no_condition_2_1_6,49,6,5422,1500
loop_2056_circuit_no_condition_2_1_6,49,7,5406,1500
loop_2056_circuit_no_condition_2_1_6,49,8,5407,1500
loop_2056_circuit_no_condition_2_1_6,49,9,5419,1500
loop_2056_circuit_no_condition_2_1_6,49,10,5403,1500
loop_2056_circuit_no_condition_2_1_6,49,11,5407,1500
loop_2056_circuit_no_condition_2_1_6,49,12,5405,1500
loop_2056_circuit_no_condition_2_1_6,49,13,5413,1500
loop_2056_circuit_no_condition_2_1_6,49,14,5406,1500
loop_2056_circuit_no_condition_2_1_6,49,15,5406,1500
loop_2056_circuit_no_condition_2_1_6,49,0,5420,1600
loop_2056_circuit_no_condition_2_1_6,49,1,5424,1600
loop_2056_circuit_no_condition_2_1_6,49,2,5416,1600
loop_2056_circuit_no_condition_2_1_6,49,3,5423,1600
loop_2056_circuit_no_condition_2_1_6,49,4,5424,1600
loop_2056_circuit_no_condition_2_1_6,49,5,5418,1600
loop_2056_circuit_no_condition_2_1_6,49,6,5428,1600
loop_2056_circuit_no_condition_2_1_6,49,7,5419,1600
loop_2056_circuit_no_condition_2_1_6,49,8,5423,1600
loop_2056_circuit_no_condition_2_1_6,49,9,5421,1600
loop_2056_circuit_no_condition_2_1_6,49,10,5419,1600
loop_2056_circuit_no_condition_2_1_6,49,11,5429,1600
loop_2056_circuit_no_condition_2_1_6,49,12,5417,1600
loop_2056_circuit_no_condition_2_1_6,49,13,5419,1600
loop_2056_circuit_no_condition_2_1_6,49,14,5423,1600
loop_2056_circuit_no_condition_2_1_6,49,15,5420,1600
