tick,run,wholeUpdate,controlBehaviorUpdate,transportLinesUpdate,electricHeatFluidCircuitUpdate,electricNetworkUpdate,fluidFlowUpdate,entityUpdate,trains,spacePlatforms
0,0,2287500,46200,73600,1929500,1916200,100,11800,1500,1600
1,0,1224200,44500,47800,1098300,1092800,0,3500,100,200
2,0,1222800,44300,46600,1104600,1098900,100,3100,100,0
3,0,1205400,44500,46100,1085900,1080500,100,3200,100,0
4,0,1196900,44000,46500,1070300,1064900,100,2900,0,300
5,0,1202000,43900,46200,1069900,1064500,100,2900,100,100
6,0,1197000,44000,46200,1070400,1065000,100,2900,100,0
7,0,1241300,44200,46600,1070500,1065000,100,3000,0,0
8,0,1190100,43600,46100,1070100,1064900,0,3100,100,300
9,0,1242700,45800,45900,1110900,1105500,100,2900,100,200
10,0,1213200,44200,46800,1070600,1064900,200,3100,100,0
11,0,1191800,43900,46300,1069800,1064400,100,3000,100,200
12,0,1198500,47500,45800,1072300,1065000,100,3000,100,200
13,0,1192400,44000,45900,1069600,1064300,100,3100,100,200
14,0,1190100,43700,46100,1069300,1064000,100,3000,100,0
15,0,1216800,44300,45700,1084700,1079500,100,3000,100,0
16,0,1212200,44000,48200,1084000,1078800,100,3100,100,100
17,0,1192300,43900,46600,1069900,1064600,100,3000,100,200
18,0,1284000,44300,46200,1069800,1064500,0,3100,100,100
19,0,1250400,44200,46700,1083400,1078100,100,3000,100,200
20,0,1194600,43800,46000,1070200,1064900,100,3000,100,200
21,0,1218700,44100,46500,1069800,1064600,0,3000,100,200
22,0,1279700,43900,46300,1127200,1104400,0,3000,100,100
23,0,1203900,46900,50600,1081200,1075100,100,3500,200,200
24,0,1192600,44100,46400,1082600,1077200,100,3000,100,100
25,0,1195900,44700,46200,1084800,1079500,100,3000,100,200
26,0,1178300,44400,46300,1069500,1064300,100,2900,0,100
27,0,1197800,44500,46700,1083700,1078400,0,3100,100,200
28,0,1179900,44600,46600,1069200,1064100,0,3000,100,300
29,0,1220400,44300,46500,1097900,1092700,100,3000,100,300
30,0,1213700,44000,46700,1090400,1085300,0,3200,100,100
31,0,1212900,44300,46600,1083500,1078400,100,3200,100,100
32,0,1194100,44100,46800,1070200,1065000,100,3100,100,0
33,0,1193600,44000,46800,1069400,1064300,100,2900,100,0
34,0,1215100,44200,46900,1069600,1064300,0,2900,0,200
35,0,1196700,44300,46200,1075800,1070700,0,2900,0,100
36,0,1278500,44400,53200,1103000,1097700,100,3100,100,0
37,0,1228800,45700,47700,1097700,1092600,100,3100,100,100
38,0,1233000,44300,46900,1083200,1078000,100,3000,100,200
39,0,1217000,44200,46800,1084300,1079000,0,3000,100,0
40,0,1194100,43800,46400,1070600,1065300,100,3100,100,300
41,0,1183000,43800,46800,1069100,1064000,100,2900,0,0
42,0,1189300,43900,46800,1069700,1064400,0,3200,100,0
43,0,1226500,44200,46000,1109200,1103800,100,2400,100,100
44,0,1191000,44400,46900,1069700,1064400,100,3000,0,0
45,0,1194100,44000,46700,1069600,1064300,100,3000,100,300
46,0,1218400,44200,46600,1069900,1064600,100,3200,100,300
47,0,1205500,44500,46500,1086800,1081500,100,2900,0,0
48,0,1187200,44300,46200,1069500,1064200,100,3300,100,100
49,0,1282500,44500,47000,1125100,1119700,0,2900,0,100
50,0,1220300,44300,47000,1074800,1069400,100,3000,0,0
51,0,1230000,44500,46800,1070100,1064700,100,3100,100,200
52,0,1199800,44300,46800,1069700,1064300,100,3000,100,100
53,0,1206100,44400,46400,1083400,1077900,100,3000,0,200
54,0,1206000,44200,46500,1084000,1078700,100,3000,100,100
55,0,1190400,44100,46100,1069400,1064100,100,3100,100,300
56,0,1188000,44200,46300,1070000,1064600,100,3100,100,200
57,0,1225800,44100,46400,1108200,1103000,100,3000,100,0
58,0,1235100,43700,46300,1069700,1064500,100,3100,100,0
59,0,1197700,44500,46600,1070100,1064900,0,3000,100,0
60,0,1266200,44000,46900,1069900,1064500,100,2900,0,300
61,0,1288900,44400,46900,1090500,1085100,100,3000,100,100
62,0,1301500,47500,48000,1183400,1173900,100,3100,100,0
63,0,1220400,45000,49500,1095400,1089100,100,3700,400,100
64,0,1201800,44100,46200,1087100,1081300,100,2900,100,100
65,0,1190800,44000,46300,1071800,1066300,0,3000,100,0
66,0,1227700,44200,47800,1075400,1069900,100,3000,100,0
67,0,1195100,44100,46300,1070800,1065100,100,2900,100,200
68,0,1187500,44000,46100,1069700,1064400,100,3000,100,100
69,0,1192400,44200,46100,1070200,1064700,100,3100,100,200
70,0,1214200,44000,45900,1068200,1062600,100,2900,100,200
71,0,1206800,44200,46100,1078300,1072600,100,3100,100,300
72,0,1197400,44100,46200,1083100,1077700,100,3400,100,0
73,0,1187900,44300,45900,1070300,1064800,100,3000,100,0
74,0,1205500,44200,45800,1085300,1079700,100,3200,0,100
75,0,1192400,44200,45700,1070000,1064300,100,2900,100,0
76,0,1221800,46400,45900,1092800,1084400,100,3000,100,0
77,0,1245800,46800,50200,1100400,1094000,100,3500,200,0
78,0,1258600,46600,46700,1101600,1095600,100,2600,100,0
79,0,1217900,44100,46700,1074900,1069400,0,3200,100,100
80,0,1230000,43300,46500,1072700,1067600,100,2900,0,200
81,0,1253700,43700,46900,1074000,1068500,0,3000,100,100
82,0,1221200,43800,47800,1080900,1075700,100,3000,0,100
83,0,1178000,43600,46000,1072800,1067500,100,3200,0,100
84,0,1185900,43800,46300,1079100,1073500,100,2800,100,200
85,0,1198000,45300,46200,1090300,1085100,100,2900,100,200
86,0,1179100,43900,46400,1073800,1068600,100,3000,100,200
87,0,1176800,43700,46200,1073600,1068200,100,2900,100,0
88,0,1179500,43500,46100,1073200,1067900,100,3100,0,0
89,0,1190600,44000,46100,1073600,1068400,100,2900,100,0
90,0,1220500,43600,46400,1101700,1096500,0,3000,0,100
91,0,1223000,43600,46300,1096800,1088000,100,3000,100,200
92,0,1212300,44000,50400,1082100,1076400,100,3400,200,300
93,0,1196500,43900,46600,1076200,1070700,100,3000,0,100
94,0,1214700,43500,46400,1074700,1069600,100,3100,0,0
95,0,1187600,47100,46000,1075100,1070100,100,2900,100,100
96,0,1218400,43600,46700,1074100,1068900,100,2900,100,100
97,0,1219600,43900,46300,1099600,1094300,100,3100,100,200
98,0,1232900,43700,46100,1089700,1084300,100,3300,100,0
99,0,1202100,44000,46500,1074800,1069600,0,3200,100,100
100,0,1203000,43400,46500,1088500,1083200,100,3200,100,100
101,0,1193200,43700,46300,1075300,1070100,100,3000,100,200
102,0,1201900,43900,46500,1081400,1076300,100,3000,100,100
103,0,1182000,44100,46200,1073700,1068500,0,3100,100,300
104,0,1195000,43800,46700,1073200,1067900,100,3200,100,200
105,0,1226300,44000,46700,1093600,1088500,100,3000,100,100
106,0,1246800,44800,46500,1095300,1090200,100,2900,100,200
107,0,1198600,43900,46400,1075000,1069800,0,3000,0,100
108,0,1194600,43900,46400,1074000,1068800,100,3100,100,200
109,0,1192200,43700,46400,1073700,1068400,100,3000,100,200
110,0,1194000,44000,46300,1073700,1068500,100,3100,100,200
111,0,1280000,43600,46600,1087600,1082500,100,3000,0,200
112,0,1287000,43800,46600,1130300,1123000,200,3100,100,200
113,0,1215000,43800,51600,1082100,1072900,100,3500,200,200
114,0,1192100,44000,46500,1076100,1071000,100,3300,0,100
115,0,1223800,43600,46400,1109100,1103800,100,2900,100,200
116,0,1192300,43600,46200,1077500,1072200,100,3100,0,100
117,0,1193600,43400,46100,1077800,1072700,100,3000,100,200
118,0,1240700,43800,46400,1073800,1068600,100,2900,0,100
119,0,24396000,52200,46300,1589000,1579100,0,22664100,300,100
120,0,32640000,57200,49400,1667100,1657900,100,30809400,300,100
121,0,1749600,44100,48300,1594900,1586700,100,4900,100,100
122,0,1313300,44800,49500,1161800,1155800,100,4300,100,200
123,0,1196400,43900,46200,1075600,1070000,100,3100,100,100
124,0,1213800,43700,46300,1088500,1082900,100,3200,100,100
125,0,1200300,43700,46500,1073900,1068200,0,3000,100,100
126,0,1245200,43700,46600,1084500,1079000,100,3300,100,0
127,0,1213200,43600,46000,1077000,1067600,100,3000,0,100
128,0,1235300,43900,46000,1108600,1102900,100,3300,100,100
129,0,1224900,44800,47300,1081700,1076200,100,3100,100,0
130,0,1242500,45600,46600,1074400,1069100,100,3600,100,0
131,0,1214900,43900,46300,1073500,1068000,100,3000,0,0
132,0,1209200,43400,45900,1073800,1068300,100,3400,100,100
133,0,1216300,44300,46000,1073900,1068500,100,3000,100,300
134,0,1239300,44900,46500,1115800,1110500,0,3200,100,100
135,0,1246400,43700,46300,1115700,1110400,100,3200,100,100
136,0,1246100,44900,47800,1087600,1082200,100,3500,100,100
137,0,1236200,45600,47200,1078200,1072800,100,3100,100,0
138,0,1260300,44000,49100,1085400,1079900,100,3200,100,300
139,0,1234400,43600,47900,1076400,1070900,0,3100,100,200
140,0,1204900,43900,46200,1074900,1069400,100,3000,100,200
141,0,1234500,43700,46400,1075600,1070200,100,2900,100,100
142,0,1298800,46700,47200,1101200,1095400,100,3300,100,200
143,0,1235400,44700,46900,1077600,1072200,100,3300,100,0
144,0,1192900,44000,46200,1074900,1069400,100,3000,100,100
145,0,1247400,44300,46300,1075800,1070500,0,3000,100,0
146,0,1277300,45900,47800,1075100,1069600,100,3100,100,100
147,0,1182900,44600,50100,1074200,1069000,100,2500,0,100
148,0,1197700,43600,46000,1090300,1084900,100,3300,100,0
149,0,1212100,44100,48300,1089600,1084300,100,2900,0,0
150,0,1207700,44600,46200,1086500,1081000,100,3000,100,200
151,0,1206800,46400,48200,1074500,1069300,100,3000,100,0
152,0,1197800,45800,47100,1074900,1069600,0,3200,0,100
153,0,1197200,43900,46400,1075400,1070000,100,3000,100,200
154,0,1230100,43900,46400,1090200,1081200,100,3100,100,300
155,0,1217000,45600,48900,1093200,1087300,100,3500,100,200
156,0,1232400,46300,48300,1081400,1075900,100,3400,100,200
157,0,1195400,44100,47100,1075800,1070200,0,2900,0,0
158,0,1229600,43800,46600,1086200,1080800,100,3000,100,100
159,0,1202500,44200,46100,1076200,1070800,100,2900,100,200
160,0,1195900,44800,46600,1077700,1072400,100,3000,0,200
161,0,1192400,44500,46100,1074500,1069100,100,2900,0,200
162,0,1222300,43700,46300,1104400,1096600,100,3100,0,300
163,0,1212900,44400,49300,1085200,1079400,100,3400,200,200
164,0,1202900,44700,46900,1076200,1070800,100,3200,100,300
165,0,1196000,46600,49000,1074300,1069000,100,3100,100,100
166,0,1235900,44500,47900,1090100,1084600,0,3000,100,300
167,0,1190700,44700,46700,1075100,1069600,100,3000,100,100
168,0,1193700,44500,46600,1075000,1069500,100,3000,100,200
169,0,1217500,44100,46800,1098400,1093100,100,3100,100,200
170,0,1218500,60200,47300,1081800,1076500,100,3400,100,100
171,0,1239900,45000,48700,1086500,1081000,100,3000,100,100
172,0,1197800,43900,46200,1074500,1069200,100,3200,0,0
173,0,1248900,43900,46300,1086800,1078700,0,2900,100,0
174,0,1226100,44100,48700,1075200,1069300,100,3800,200,100
175,0,1202800,45200,47100,1083200,1077600,0,3000,100,100
176,0,1230100,44000,46400,1113000,1104200,100,3300,100,0
177,0,1203400,44200,50400,1078400,1072100,100,3400,200,100
178,0,1238600,44800,47000,1073200,1067500,100,3300,0,100
179,0,1197800,43800,46300,1075300,1069700,100,3000,0,0
180,0,1208400,45300,46900,1094400,1088900,0,3200,100,100
181,0,1204400,43900,46200,1090300,1084900,100,3200,100,100
182,0,1189700,43700,46000,1081000,1075100,100,3100,100,100
183,0,1248100,44400,47500,1133700,1127700,200,3100,100,100
184,0,1204500,45200,47600,1084600,1079200,100,3300,100,0
185,0,1191500,45200,47000,1075300,1069800,0,3100,0,100
186,0,1244100,43800,46100,1098300,1092200,100,3500,100,200
187,0,1224500,44000,46300,1104300,1098300,100,3200,100,200
188,0,1183800,43300,46300,1074500,1069000,100,3200,100,100
189,0,1196700,45500,46400,1070700,1064600,0,2400,100,100
190,0,1270200,44800,47200,1111100,1105400,100,3000,0,200
191,0,1201000,43400,46200,1070100,1064700,100,3100,100,200
192,0,1202300,43900,46300,1071000,1065300,0,3100,0,100
193,0,1204700,46500,48500,1071600,1066100,100,3100,200,100
194,0,1196100,44600,46100,1070400,1065100,100,3200,100,300
195,0,1206300,44100,45900,1071600,1066100,100,3100,0,0
196,0,1193300,43800,45900,1070200,1064800,100,3300,100,0
197,0,1229600,47200,48100,1096500,1090900,0,2900,100,200
198,0,1234200,43900,46200,1073300,1068000,100,3100,100,200
199,0,1212600,43800,46300,1071200,1065800,100,2900,100,0
200,0,1199900,43900,46100,1080400,1074900,0,3100,100,0
201,0,1221300,43700,46300,1070400,1065000,100,2900,100,200
202,0,1235600,44100,46100,1091600,1082300,100,3300,100,100
203,0,1238200,48600,51600,1105000,1098900,100,3600,200,100
204,0,1259800,45200,48700,1100900,1095300,200,3200,200,100
205,0,1238500,44700,46800,1090800,1084700,100,3100,100,200
206,0,1200100,46000,47000,1083800,1078300,100,3100,100,200
207,0,1201100,44700,46300,1084600,1079200,100,3100,100,200
208,0,1196700,45600,49200,1080400,1074700,100,3000,100,200
209,0,1199400,44000,46000,1075800,1070400,100,2900,0,200
210,0,1255500,43700,46500,1127600,1118500,100,3100,100,100
211,0,1269900,47300,51000,1120600,1114500,100,3500,100,200
212,0,1247100,47100,46400,1111200,1105200,0,2700,100,100
213,0,1229600,44500,46600,1099300,1093700,100,3000,100,100
214,0,1224400,43900,46600,1075300,1069700,0,3500,100,100
215,0,1191000,44000,46100,1073300,1067900,100,3100,100,0
216,0,1224000,43700,46400,1073500,1067900,100,2900,100,100
217,0,1194800,43500,46200,1076100,1070900,100,3100,0,100
218,0,1223300,43900,46300,1078500,1072900,100,3200,100,0
219,0,1202200,43600,46400,1077000,1072000,100,3000,100,100
220,0,1202100,43400,45800,1089900,1084800,100,3100,100,200
221,0,1202800,43700,46200,1075700,1070600,100,3000,100,300
222,0,1221100,43700,46400,1090800,1085400,100,3100,0,0
223,0,1199800,43700,46200,1073800,1068400,100,2900,100,100
224,0,1211500,43600,46200,1084000,1078600,100,3100,100,300
225,0,1246900,44200,68400,1089300,1083800,0,2600,100,100
226,0,1274600,45400,48800,1110500,1104900,100,3500,100,0
227,0,1265900,53700,85900,1093200,1087000,100,3100,100,100
228,0,1262600,45800,83700,1087800,1082100,100,3300,200,100
229,0,1216000,43900,46900,1083500,1078000,100,3000,100,100
230,0,1275200,44100,46700,1094900,1089700,100,3200,100,300
231,0,1313600,44900,47600,1084700,1079500,100,3100,100,100
232,0,1209200,44100,46600,1081100,1075900,100,3400,100,100
233,0,1201800,44100,46600,1078600,1073200,100,3100,0,0
234,0,1195400,43800,50000,1075400,1070200,100,3100,0,100
235,0,1234900,43700,46500,1075800,1070700,100,3100,100,0
236,0,1233000,43600,46200,1089300,1084300,100,3000,0,0
237,0,1193000,43800,46400,1078400,1073300,100,2900,0,100
238,0,1256900,44800,46900,1091300,1086000,100,3000,100,300
239,0,24415200,52000,47300,1377900,1370500,100,22886800,200,100
240,0,32876300,53500,46600,1559700,1551700,100,31173000,200,0
241,0,1575800,44500,48800,1439500,1433300,100,4600,0,200
242,0,1386200,45100,47300,1262800,1256700,100,3600,100,100
243,0,1205300,43900,45700,1085100,1079400,100,3300,0,100
244,0,1193800,43700,46200,1074500,1069100,100,3000,100,200
245,0,1194600,43800,46000,1073300,1067500,100,2900,100,200
246,0,1230600,43900,46200,1073000,1067400,0,3200,100,0
247,0,1252200,44300,46100,1127300,1120600,0,2900,0,100
248,0,1211600,44800,48200,1085600,1079400,100,3600,100,100
249,0,1200200,44800,47100,1075100,1069400,100,2900,100,300
250,0,1228700,44200,48200,1073300,1067800,0,3300,100,0
251,0,1205700,43700,46300,1081200,1075600,100,3100,0,0
252,0,1199600,43800,46300,1071900,1066200,100,3100,100,100
253,0,1204400,43900,46300,1073900,1068500,100,2900,100,200
254,0,1276100,43600,50000,1138300,1129100,100,3000,100,100
255,0,1228600,44300,50200,1082400,1076500,200,3500,200,100
256,0,1212100,43500,47000,1073500,1067800,100,3500,100,200
257,0,1228200,43700,47100,1081700,1076500,100,3100,0,300
258,0,1229000,43700,46500,1070800,1065500,0,3200,100,100
259,0,1220100,43800,46700,1070800,1065600,100,3000,100,300
260,0,1199000,43800,46500,1072800,1067500,100,3300,100,100
261,0,1234900,43400,46600,1077700,1072300,100,3000,100,100
262,0,1222800,43800,47500,1073300,1068000,100,3500,0,200
263,0,1191300,43700,45900,1079000,1073600,100,3200,100,200
264,0,1189800,43600,46600,1076800,1071500,100,3100,100,100
265,0,1200600,43700,46500,1087800,1082400,100,3100,100,100
266,0,1246600,44000,46700,1087700,1082600,100,3500,100,100
267,0,1238400,43700,46300,1092600,1086000,100,3000,100,100
268,0,1196300,44300,50100,1075300,1069600,100,3400,200,0
269,0,1202600,43800,46800,1082400,1076900,100,3000,100,300
270,0,1194000,43800,46600,1070700,1065300,100,3000,100,0
271,0,1219600,43900,46600,1084200,1079000,0,3100,100,100
272,0,1195600,43400,46800,1072400,1067200,100,3300,100,100
273,0,1194800,43800,46500,1072500,1067200,200,3100,100,200
274,0,1242400,43600,46600,1092400,1087100,100,3100,100,0
275,0,1206500,43900,46500,1076400,1070800,100,3000,100,300
276,0,1231300,43500,46500,1077100,1071800,100,3000,0,100
277,0,1203400,43600,46600,1073000,1067600,100,3000,100,0
278,0,1223600,43900,46500,1070900,1065700,0,2900,0,300
279,0,1198700,44000,46300,1072700,1067400,100,3000,0,200
280,0,1184100,43800,46100,1070600,1065400,100,3400,100,100
281,0,1213000,43700,46300,1092600,1087300,0,3000,100,300
282,0,1198000,43600,47300,1081000,1075700,100,3400,100,100
283,0,1197200,44000,46300,1074000,1068900,100,2900,0,100
284,0,1199000,43700,46700,1073300,1068200,100,3200,100,100
285,0,1206600,43500,46500,1077800,1072600,100,2900,100,200
286,0,1223100,43500,46700,1072300,1067200,100,3200,100,200
287,0,1205800,43500,46400,1085300,1080000,100,3100,0,0
288,0,1248400,43800,46800,1114200,1108800,100,3000,100,100
289,0,1195100,44000,47100,1074800,1069600,100,3400,100,100
290,0,1214200,43500,46600,1088800,1083600,100,3100,100,200
291,0,1234200,43800,46800,1071100,1065700,100,2900,100,200
292,0,1215100,43600,49400,1072900,1067600,100,3400,100,400
293,0,1199000,43900,46200,1071900,1066900,100,3000,100,200
294,0,1195300,43300,46200,1072500,1067200,0,3300,100,100
295,0,1194200,43700,46000,1073600,1068400,100,3000,100,300
296,0,1194800,44000,46500,1070800,1065500,100,3000,0,0
297,0,1252800,43900,46200,1087500,1082100,100,2900,0,100
298,0,1266200,44000,46800,1070900,1065400,100,3300,100,0
299,0,1203100,44000,46400,1075500,1069900,100,3000,100,100
300,0,1203500,43800,46100,1087300,1082000,100,3400,100,200
301,0,1244300,44000,46500,1122800,1117100,100,3100,100,100
302,0,1200600,43900,46800,1085000,1079500,100,3100,200,100
303,0,1193600,44100,46300,1074200,1068900,100,3000,100,100
304,0,1209800,44000,47800,1092500,1086400,100,3100,100,300
305,0,1198400,45500,47000,1073200,1067800,100,3000,100,100
306,0,1260100,73400,46700,1072600,1064400,100,3400,100,100
307,0,1224000,44200,54600,1073700,1067900,100,2900,100,200
308,0,1192800,43800,46500,1075600,1070100,0,3100,100,100
309,0,1205300,44100,46800,1079300,1073900,100,3100,100,100
310,0,1224800,43800,46500,1072400,1067000,100,3300,100,100
311,0,1207000,43800,46000,1085100,1079600,100,3100,0,200
312,0,1190100,43900,46200,1072800,1067500,100,3100,0,100
313,0,1197100,43800,46100,1074400,1069200,100,2900,100,100
314,0,1241700,44000,46100,1111900,1105100,100,3100,100,0
315,0,1267000,44300,50900,1077700,1071700,200,3600,200,100
316,0,1264700,44000,47200,1075200,1069600,100,3200,100,100
317,0,1205900,44000,46600,1079000,1073500,100,3000,100,0
318,0,1223700,43700,46500,1072800,1067400,100,2900,0,0
319,0,1214100,43900,46500,1072700,1067300,100,3100,100,200
320,0,1188800,43700,46400,1072600,1067300,100,3000,100,0
321,0,1218100,44000,46500,1070900,1065700,100,2900,0,0
322,0,1241500,43800,46400,1099700,1093800,100,3200,100,200
323,0,1197600,43600,46500,1083700,1077900,100,3000,100,300
324,0,1185000,43800,46800,1073000,1067800,100,3300,100,0
325,0,1180300,43600,46300,1070800,1065500,100,3100,100,100
326,0,1184300,44000,46300,1075500,1070100,100,3200,100,100
327,0,1181700,43800,46000,1072700,1067500,0,3000,100,100
328,0,1296500,46900,48700,1142600,1137100,100,3400,0,200
329,0,1263900,44000,46800,1116900,1110700,100,3200,100,100
330,0,1207300,44500,46900,1083900,1078400,100,3200,100,0
331,0,1196700,44500,46700,1071100,1065700,100,3100,0,0
332,0,1199300,46400,46900,1073300,1067900,0,3500,100,100
333,0,1193300,43900,46400,1070700,1065400,100,3000,100,0
334,0,1212700,43900,46700,1072800,1067600,100,3400,100,100
335,0,1186700,43800,46400,1072300,1067200,100,3100,100,0
336,0,1229200,44000,46600,1086400,1081200,100,3300,100,200
337,0,1188900,44100,46600,1074800,1069400,100,3000,100,100
338,0,1241700,43700,48200,1100300,1092200,100,3200,100,200
339,0,1226000,44500,57300,1087500,1081500,100,3200,100,0
340,0,1184200,43800,46600,1073800,1068000,200,3300,100,200
341,0,1197300,44100,46200,1086500,1081000,100,2900,0,100
342,0,1182400,43900,46100,1073600,1067900,0,3200,100,100
343,0,1232100,48400,51600,1104000,1097100,100,3600,100,100
344,0,1214200,44100,46900,1096500,1090900,100,3300,0,100
345,0,1208100,43600,46300,1085400,1079600,100,3000,100,200
346,0,1228500,43800,46000,1079600,1074000,100,3000,0,300
347,0,1194500,44200,46300,1077400,1072100,100,3100,0,100
348,0,1196800,45000,47200,1074900,1069500,100,3100,100,100
349,0,1193300,44200,46300,1072300,1067200,0,3100,100,0
350,0,1235200,44500,46900,1106900,1101100,100,3500,100,200
351,0,1229800,44200,46300,1080700,1075400,100,3100,100,0
352,0,1202600,44300,46000,1077700,1072200,0,3100,0,100
353,0,1199000,44300,46200,1072800,1067300,100,3000,100,300
354,0,1196800,44400,46200,1074700,1069300,0,3100,100,0
355,0,1190400,44200,46100,1072700,1067300,100,3100,100,0
356,0,1189100,44000,46100,1072200,1067000,100,3100,100,100
357,0,1205300,45000,45900,1087600,1081800,100,3000,100,200
358,0,1237700,44100,46600,1069700,1064000,100,3000,100,0
359,0,24664100,56500,46900,1342500,1332900,0,23130400,300,200
360,0,32784100,54100,47100,1401600,1394700,100,31179500,300,300
361,0,1491200,44900,47700,1344600,1338200,100,4600,100,100
362,0,1428100,44400,47100,1295300,1289500,100,3200,0,100
363,0,1403000,44400,46000,1272300,1266300,100,3500,100,0
364,0,1206000,44200,46300,1077800,1072200,0,3100,0,100
365,0,1276300,43600,46100,1149300,1140200,100,3000,100,0
366,0,1274500,45100,49400,1107100,1101400,0,3400,100,100
367,0,1213800,44000,46600,1074000,1068700,100,3300,100,100
368,0,1190400,43800,46400,1071100,1065800,100,3400,0,200
369,0,1198300,44000,46300,1072600,1067200,100,2900,100,100
370,0,1223900,43600,46700,1073000,1067600,100,3500,100,100
371,0,1205500,43300,46400,1082500,1077200,0,3100,0,200
372,0,1210600,44000,46500,1087500,1082200,100,3200,100,100
373,0,1194900,44200,46700,1071400,1066200,0,3100,100,100
374,0,1211200,43600,52800,1078400,1073100,100,3000,0,200
375,0,1200100,43700,46700,1071300,1066200,200,2900,100,200
376,0,1208300,43600,46700,1072200,1066900,0,3100,100,200
377,0,1227600,43400,46500,1086200,1081000,100,2900,100,300
378,0,1236800,43600,46300,1070900,1065600,100,3200,100,100
379,0,1255300,44000,46300,1103300,1095100,100,3000,0,200
380,0,1259800,45300,54000,1106200,1095500,100,3600,100,100
381,0,1251100,44500,47000,1078200,1072700,100,3100,100,300
382,0,1223600,44000,48400,1070800,1065600,100,3000,100,0
383,0,1202000,44300,47100,1086000,1080700,100,3000,100,200
384,0,1194300,44300,47000,1073100,1067500,100,3400,100,100
385,0,1207000,44100,47100,1084300,1079100,100,3100,100,0
386,0,1198500,44300,46700,1075100,1069800,100,3400,0,100
387,0,1219000,47700,48400,1094600,1089400,0,3200,0,100
388,0,1189900,44100,46600,1071000,1065900,100,3100,0,0
389,0,1201000,44700,47200,1071900,1066800,100,3000,0,200
390,0,1261400,44600,45900,1087200,1081900,100,2400,0,100
391,0,1246900,44400,47200,1071800,1066600,100,3000,100,0
392,0,1211000,44700,47000,1072100,1067000,100,3400,100,0
393,0,1222300,45000,46100,1091300,1085300,100,2500,100,100
394,0,1253500,45900,46900,1085600,1079800,100,3300,100,100
395,0,1300800,78800,68500,1105400,1094100,100,3000,100,200
396,0,1242400,45600,47800,1083400,1077500,100,3100,100,100
397,0,1193500,44000,46100,1069500,1063600,100,2900,0,100
398,0,1212800,44400,46100,1067400,1061600,100,2900,0,100
399,0,1200800,44100,45900,1067500,1061900,100,3100,100,0
400,0,1240900,44300,45900,1075800,1070000,100,3000,100,200
401,0,1254200,44200,47200,1070400,1064900,100,3000,100,0
402,0,1178400,44200,46000,1069300,1064000,100,3000,100,200
403,0,1178400,44000,45900,1068800,1063600,100,3200,0,0
404,0,1179000,44100,46000,1069100,1063900,0,3100,100,200
405,0,1196300,44000,46000,1080400,1075000,100,2900,0,0
406,0,1227100,44400,46200,1087000,1081500,0,3100,100,100
407,0,1209400,44100,46000,1091800,1085000,100,2900,100,300
408,0,1202600,45600,50100,1069200,1063300,100,3600,100,300
409,0,1193800,44700,46700,1069300,1063600,100,3000,100,300
410,0,1206600,44900,46300,1081100,1075500,0,2900,100,200
411,0,1225200,44700,46400,1068700,1063400,0,3000,100,200
412,0,1218500,45600,46900,1069500,1063900,0,3200,100,200
413,0,1187000,44500,46300,1069300,1063600,100,2900,100,0
414,0,1202200,44200,47600,1081900,1076500,100,3300,100,100
415,0,1209100,44900,46400,1087900,1082500,100,3100,100,0
416,0,1278600,72000,87800,1077800,1071500,100,3500,200,0
417,0,1247600,46600,83800,1080100,1074000,200,3200,100,200
418,0,1250400,44000,47700,1081700,1076300,0,3200,0,0
419,0,1198300,44000,47200,1072000,1066900,100,2900,0,200
420,0,1192100,44500,47200,1075300,1070100,100,3200,0,100
421,0,1227000,44300,47000,1072300,1067200,100,3100,100,0
422,0,1207900,44700,47700,1071200,1065700,100,3100,100,0
423,0,1198600,44100,46800,1087000,1081600,100,3100,100,300
424,0,1183400,43900,46600,1072400,1067200,100,3100,0,200
425,0,1186000,43700,46900,1072500,1067200,100,3000,100,200
426,0,1225700,43600,47000,1072400,1067300,100,3200,0,200
427,0,1252300,44000,46400,1134900,1126900,0,3100,100,0
428,0,1222500,48500,48200,1097300,1091000,200,3600,200,100
429,0,1196600,44100,46800,1081100,1075800,0,3200,100,200
430,0,1217600,43400,46700,1081000,1075500,100,3400,100,100
431,0,1210900,43700,46500,1094300,1089200,100,3100,100,200
432,0,1188100,43600,46200,1078200,1073100,100,3100,100,100
433,0,1187000,43400,46200,1077200,1072000,100,3300,0,100
434,0,1188500,43400,46000,1077500,1072300,100,3200,100,100
435,0,1188900,43600,46200,1076800,1071600,100,3000,100,200
436,0,1192600,43700,46200,1075500,1070200,0,3000,100,200
437,0,1226400,43700,46600,1107300,1101900,100,3000,100,100
438,0,1234100,43500,46600,1087000,1081700,100,3100,0,0
439,0,1226500,43800,46600,1089200,1084000,100,3100,100,0
440,0,1233800,43400,46500,1113200,1100800,100,3100,100,200
441,0,1251700,44500,50100,1078300,1072300,100,3500,300,200
442,0,1220900,44400,45800,1075400,1069900,100,2700,100,100
443,0,1189800,43600,46100,1073200,1067900,100,3000,100,300
444,0,1199600,44000,46200,1088600,1083200,100,3200,0,200
445,0,1208300,43300,46200,1087500,1082300,100,3100,100,100
446,0,1194300,43800,46100,1074200,1069100,100,3100,100,100
447,0,1194400,43300,46100,1073200,1068000,0,3100,100,200
448,0,1212600,43900,46200,1091800,1086700,100,3600,100,200
449,0,1227400,45100,47400,1100400,1095400,100,3100,100,100
450,0,1201300,43600,46000,1072400,1067200,0,3200,0,200
451,0,1202400,43700,46600,1073500,1068300,100,3100,100,0
452,0,1244300,48000,45700,1077400,1067800,100,2500,0,100
453,0,1231200,43700,46700,1076300,1068000,100,2900,100,0
454,0,1310900,47000,59800,1137400,1130800,100,3700,200,100
455,0,1249400,44200,48500,1127300,1121300,100,3000,0,100
456,0,1244000,43700,46500,1089500,1084200,100,3500,100,200
457,0,1223300,44000,46300,1101600,1096400,100,2900,100,100
458,0,1236600,43700,46400,1089400,1084200,100,3200,100,100
459,0,1206900,43600,46400,1078900,1073600,100,3100,100,300
460,0,1193300,43800,46200,1080300,1074900,0,3000,0,200
461,0,1198300,43900,46100,1082900,1077400,0,3000,100,200
462,0,1195600,44000,49400,1078600,1073200,100,3200,100,100
463,0,1196600,43700,45700,1078900,1073400,0,3300,0,0
464,0,1203400,43900,45900,1087300,1082100,100,3100,100,200
465,0,1195300,43700,46300,1074900,1069600,100,3100,100,0
466,0,1220500,44000,46200,1075800,1070300,100,3000,0,200
467,0,1196500,43900,46200,1081300,1075600,100,3100,100,200
468,0,1229100,44400,52000,1098000,1092400,100,2900,0,200
469,0,1234400,45100,48800,1100900,1093900,100,3200,100,0
470,0,1229600,44600,50300,1087700,1081800,100,3700,200,200
471,0,1243000,43900,46700,1079700,1074300,100,3000,100,0
472,0,1211700,44000,46600,1076500,1071200,100,3000,100,300
473,0,1209000,43900,46600,1077200,1071900,100,3100,100,200
474,0,1208500,43700,46400,1076500,1071200,0,3500,100,200
475,0,1196300,43900,46300,1079400,1073800,100,3100,100,300
476,0,1210600,43900,46200,1082400,1077000,100,3100,100,100
477,0,1214400,43700,46100,1079700,1074200,100,3000,0,200
478,0,1258700,43900,46500,1075000,1069700,100,3200,100,200
479,0,24404800,53800,51200,1330400,1321600,100,22913100,200,100
480,0,32503400,51800,46900,1379200,1372000,100,30969500,300,200
481,0,1468300,44500,46900,1324900,1319100,100,4300,0,0
482,0,1424100,44200,46600,1294400,1288300,0,3600,0,200
483,0,1372000,44500,46700,1171500,1165800,100,3400,100,200
484,0,1290700,44200,46500,1095900,1090200,100,3100,100,0
485,0,1268000,44100,46000,1073100,1067400,100,3000,100,300
486,0,1371400,44000,46600,1080200,1074500,100,2900,100,0
487,0,1191700,44100,45700,1069900,1064400,100,3000,100,0
488,0,1181400,44200,46100,1069300,1063800,100,3100,100,100
489,0,1189000,44400,45800,1068900,1063500,100,2900,100,0
490,0,1218500,43800,46000,1074900,1065800,100,3300,0,200
491,0,1199000,43600,46300,1074500,1069400,100,3000,0,0
492,0,1197600,44600,46500,1079300,1074200,100,3200,100,100
493,0,1187300,43600,46300,1072200,1067100,100,2900,0,100
494,0,1204400,43400,46400,1090100,1080900,100,3300,100,100
495,0,1199300,43700,46300,1072400,1067300,0,3000,0,100
496,0,1276700,43900,46600,1148100,1140900,0,2900,0,100
497,0,1219900,46300,50900,1084200,1078600,200,3400,200,200
498,0,1238000,44100,46900,1085000,1079600,100,3100,100,0
499,0,1233200,46200,48900,1088500,1083300,0,3200,100,100
500,0,1193600,44500,48500,1071800,1066400,100,3200,100,0
501,0,1227600,45700,47100,1071300,1066100,100,3100,0,100
502,0,1225100,44500,47200,1073500,1068300,100,3000,100,0
503,0,1196800,44300,46900,1080700,1075300,100,3000,100,0
504,0,1186000,44000,47100,1070300,1065100,0,3100,100,100
505,0,1196100,44400,47000,1072900,1067600,100,3000,0,100
506,0,1183000,44600,47000,1077100,1072000,100,3300,100,100
507,0,1183900,45000,46800,1071100,1066000,100,3000,0,100
508,0,1217300,44400,46900,1099000,1093700,100,3000,100,100
509,0,1201100,44800,47200,1072400,1067100,100,2900,0,0
510,0,1212700,44300,46900,1085700,1080500,100,3000,0,0
511,0,1253700,44400,47000,1121800,1113400,0,3000,100,100
512,0,1241400,46700,49800,1104900,1099100,100,3700,100,0
513,0,1223000,45300,52700,1087600,1082100,100,3100,100,0
514,0,1266700,44200,47400,1075600,1070400,100,3100,100,100
515,0,1223100,43900,46500,1077300,1072000,200,3000,100,0
516,0,1220400,43700,46800,1072500,1067300,100,3000,100,200
517,0,1185900,43600,46500,1070800,1065700,0,3000,100,200
518,0,1212900,43700,46100,1072900,1067700,100,3100,100,100
519,0,1200400,43600,46400,1078500,1072900,100,3100,100,100
520,0,1180200,43600,45900,1073500,1068300,100,3000,100,200
521,0,1193600,43500,46300,1084100,1078800,100,3100,100,100
522,0,1178700,43900,46400,1070700,1065400,100,3000,100,0
523,0,1181300,43700,46300,1072400,1067300,100,3100,100,100
524,0,1183600,43900,46400,1072300,1067000,100,3100,100,200
525,0,1202400,43800,46100,1087200,1082000,100,3000,100,0
526,0,1221900,44100,46500,1084000,1078700,0,3000,100,100
527,0,1183600,43900,46300,1071400,1066100,100,3000,100,200
528,0,1182800,43900,46300,1072800,1067400,0,3100,0,0
529,0,1189600,43800,46100,1070900,1065600,100,2900,100,0
530,0,1216900,43500,46700,1088000,1082500,100,3000,100,0
531,0,1246300,44000,46700,1087000,1081600,100,3000,100,0
532,0,1210700,44000,46700,1073000,1067700,100,3100,100,0
533,0,1218600,44000,46700,1085100,1079700,0,3000,100,0
534,0,1208600,43800,48100,1083700,1078500,100,3000,100,0
535,0,1194900,43800,46500,1072500,1067200,100,2900,100,100
536,0,1201500,44100,46400,1072400,1067100,100,2900,100,100
537,0,1200200,43500,46200,1083700,1078400,100,3000,100,100
538,0,1242200,44000,46700,1072500,1067100,100,3100,100,200
539,0,1202500,43800,46500,1070400,1065000,100,3000,100,300
540,0,1205200,44200,46300,1083800,1078600,100,2900,100,100
541,0,1204900,43900,46500,1085000,1079700,0,2900,0,100
542,0,1190000,43800,46300,1072900,1067500,100,3100,100,100
543,0,1188400,43600,46300,1070700,1065400,100,3000,100,100
544,0,1190900,43700,46400,1072300,1066900,100,3200,100,0
545,0,1243400,43500,46700,1086900,1081600,100,3000,0,200
546,0,1241300,44200,46800,1070700,1065400,100,3100,100,100
547,0,1227900,45000,46500,1106300,1100800,100,3100,100,200
548,0,1193400,43900,46200,1081900,1076500,100,3200,0,300
549,0,1197600,44200,46200,1080600,1075400,100,2900,100,100
550,0,1209300,43900,46700,1070800,1065400,100,3200,0,100
551,0,1188300,43900,46400,1071000,1065600,100,3000,0,100
552,0,1189700,43800,46200,1070800,1065300,100,3100,100,100
553,0,1200200,43700,46200,1085400,1080100,100,3000,100,100
554,0,1228000,45000,47000,1109300,1104000,100,3500,0,100
555,0,1190800,43500,45900,1074900,1069600,100,3100,100,100
556,0,1195600,44000,45800,1072500,1067200,100,3000,100,100
557,0,1189800,43900,46400,1070900,1065500,0,2900,100,100
558,0,1217400,43800,46200,1072500,1067300,100,3300,100,100
559,0,1219700,43900,46200,1087000,1081700,100,3100,0,200
560,0,1244400,43900,46400,1130400,1125200,100,2900,100,0
561,0,1241400,46200,46600,1085900,1080600,0,2900,0,0
562,0,1221900,43600,46400,1072700,1067400,100,3100,0,200
563,0,1192500,43800,46300,1072100,1067000,100,3000,100,0
564,0,1194200,43800,46500,1073200,1067900,100,3100,100,200
565,0,1195500,43800,46200,1072500,1067200,100,3000,100,100
566,0,1197800,43600,53100,1073000,1067700,100,3300,100,0
567,0,1207000,43800,46300,1087600,1082400,100,3100,100,100
568,0,1220300,44000,46300,1104900,1099600,100,3200,100,0
569,0,1214400,43600,50300,1086000,1080700,100,3000,0,100
570,0,1240300,44200,46500,1072800,1067400,0,3200,100,0
571,0,1262900,43800,46900,1087300,1082200,200,3000,100,0
572,0,1191900,44000,46100,1070700,1065400,100,3300,0,300
573,0,1240800,43700,46500,1118500,1113100,100,3100,100,0
574,0,1218400,43800,46500,1078100,1072700,100,2900,100,0
575,0,1185700,43800,46200,1073500,1068000,100,3000,100,100
576,0,1267900,43700,46700,1086800,1081500,100,3100,100,100
577,0,1209800,43600,46500,1070500,1065400,100,2900,100,300
578,0,1208900,43800,46200,1073000,1067600,100,3000,0,0
579,0,1194000,44100,47600,1072900,1067500,100,3000,100,0
580,0,1189800,44000,46000,1082900,1077700,100,3100,0,100
581,0,1203600,43700,46000,1092300,1087000,100,3000,100,200
582,0,1179700,43900,46200,1072300,1067000,100,2900,100,0
583,0,1193700,43900,45900,1086400,1081100,0,3100,100,0
584,0,1181600,43700,46000,1072700,1067500,100,3400,100,300
585,0,1190300,43900,45800,1072600,1067400,100,3200,100,0
586,0,1229700,43900,46300,1091800,1082900,100,3500,0,100
587,0,1215300,45400,48900,1096000,1090100,200,3600,100,200
588,0,1217800,44200,48100,1102100,1096500,100,3200,0,100
589,0,1204700,43700,47800,1087600,1082300,100,3100,100,100
590,0,1199700,44900,46600,1084300,1078800,100,3100,100,100
591,0,1234100,43500,46900,1081200,1075800,0,2900,100,0
592,0,1205600,43800,46300,1081800,1076400,100,3400,100,0
593,0,1204200,43800,46200,1081400,1075900,100,2900,0,200
594,0,1196000,43700,46200,1076600,1071300,100,3400,0,200
595,0,1197600,43900,46300,1078400,1073000,0,3000,100,0
596,0,1199400,43800,45800,1079500,1073900,100,3100,100,300
597,0,1209800,43900,46200,1090200,1084900,100,3100,100,0
598,0,1250300,44100,46500,1074400,1069100,100,3000,100,200
599,0,25160500,57100,46200,1631000,1622200,100,23384000,300,0
600,0,32564600,52600,49500,1511000,1503100,100,30900800,200,300
601,0,1622800,43900,47600,1469200,1462900,0,4100,0,100
602,0,1528100,43400,47600,1387500,1378100,100,3700,100,200
603,0,1255400,43800,45900,1122300,1116500,100,3400,100,100
604,0,1277800,44100,46300,1149600,1144000,100,3100,0,200
605,0,1204800,43800,46000,1079200,1073700,100,3100,100,300
606,0,1248600,44000,46300,1083400,1078200,100,3100,100,0
607,0,1265300,43700,46200,1071800,1066200,100,3100,0,200
608,0,1254400,43100,46100,1076100,1066800,100,3100,100,0
609,0,1194900,43800,46100,1072900,1067300,100,3000,0,200
610,0,1232400,43600,46300,1089800,1084300,0,3000,100,0
611,0,1199200,47200,47400,1074100,1065500,100,3300,100,100
612,0,1189400,43600,46600,1071200,1065500,100,3400,100,100
613,0,1186100,43700,46100,1071000,1065400,100,3100,100,0
614,0,1193900,43600,46200,1072800,1067300,100,3200,100,100
615,0,1228900,44000,46300,1094100,1088600,100,3000,100,100
616,0,1204500,43700,46200,1072800,1067100,100,3000,100,100
617,0,1237100,45900,47900,1098900,1093200,100,3000,100,200
618,0,1238900,44900,46600,1079900,1074600,100,3600,0,100
619,0,1210500,44000,46600,1074400,1069100,100,3000,100,0
620,0,1193000,43500,46300,1072400,1067100,100,2900,100,0
621,0,1241500,43700,46200,1093600,1088200,100,2900,100,0
622,0,1210800,43500,46300,1072500,1067300,100,3300,100,0
623,0,1191100,43900,46100,1070800,1065600,100,3000,100,200
624,0,1226500,43400,46200,1110400,1104800,0,3100,100,200
625,0,1213900,43600,46200,1093900,1088500,100,3000,100,100
626,0,1193100,44800,46200,1072600,1067200,100,3800,100,100
627,0,1191100,43600,46500,1072200,1066900,100,3000,0,100
628,0,1205600,43800,46500,1084700,1079500,100,3400,100,100
629,0,1228900,43700,46500,1095800,1090500,100,3100,100,300
630,0,1268900,43800,46600,1144800,1139000,100,2900,0,0
631,0,1263700,45700,51100,1112600,1107200,100,9000,600,0
632,0,1219500,43800,47900,1077400,1072100,100,3300,100,100
633,0,1211000,44700,46600,1075000,1069600,100,2900,100,0
634,0,1219400,43600,46800,1072800,1067300,100,3100,100,0
635,0,1191500,43800,46400,1072900,1067500,100,3000,0,0
636,0,1223900,43700,46500,1073000,1067700,100,3100,100,200
637,0,1197800,43600,46300,1072600,1067300,100,3100,0,100
638,0,1270500,44100,46700,1087200,1081700,100,3300,100,0
639,0,1232700,43800,47200,1075500,1070000,100,3100,100,0
640,0,1182900,44000,46200,1071300,1065800,100,3500,100,100
641,0,1204500,43500,46200,1086300,1080900,100,2900,100,0
642,0,1185300,43600,46400,1073000,1067400,0,3600,100,100
643,0,1208700,43600,46000,1096200,1090800,100,3000,100,0
644,0,1213400,45200,46600,1096300,1090900,100,3000,100,0
645,0,1233600,44400,47600,1108200,1101600,100,2900,100,100
646,0,1250500,46200,51600,1082200,1075300,100,3700,200,100
647,0,1195900,44500,46800,1070700,1065500,100,3000,100,100
648,0,1192600,44500,46800,1072600,1066900,100,2900,0,0
649,0,1200300,44900,47000,1072900,1067400,100,2900,100,200
650,0,1201600,44000,46800,1072800,1067400,100,3400,100,0
651,0,1231000,44700,46800,1072700,1067300,100,3000,100,200
652,0,1216600,45400,46900,1088200,1082500,100,3000,100,200
653,0,1195400,44500,47100,1071400,1066000,100,3100,100,200
654,0,1195800,44100,46700,1072300,1066900,100,3300,100,100
655,0,1248000,43800,47100,1072900,1067400,100,2900,0,300
656,0,1256700,44300,47300,1072500,1067000,100,3300,100,200
657,0,1194100,43900,46800,1072600,1067100,100,3100,100,300
658,0,1304000,43800,47000,1133600,1127400,100,3000,100,100
659,0,1218100,44200,48700,1081700,1076200,100,3200,100,100
660,0,1222100,44400,47000,1095300,1089900,100,3100,100,100
661,0,1195100,44100,46700,1082300,1077000,100,2900,0,100
662,0,1200800,44200,46700,1087300,1081900,100,3000,100,100
663,0,1189700,43800,46600,1072600,1067100,100,3000,100,0
664,0,1192400,44100,47000,1072600,1067100,100,3100,0,300
665,0,1207800,44000,46800,1088400,1082800,0,3000,100,0
666,0,1228800,44000,46900,1079900,1074500,100,3400,100,100
667,0,1200200,43900,46800,1081600,1076100,100,3000,100,200
668,0,1183100,44100,46500,1071100,1065600,100,3200,100,0
669,0,1228100,44000,46900,1072500,1067300,100,3100,100,200
670,0,1251900,44200,46800,1087800,1082500,100,3000,100,400
671,0,1200600,43900,46600,1086900,1081600,100,3100,100,200
672,0,1189900,44600,46500,1076900,1071400,100,3100,100,100
673,0,1219700,45400,46800,1105900,1100500,100,3000,100,200
674,0,1193900,43900,46700,1082500,1077200,100,3200,100,0
675,0,1186300,44100,46600,1072300,1066900,100,3100,0,100
676,0,1187100,44100,46900,1070500,1065200,100,3100,100,0
677,0,1189900,44200,46600,1073800,1068500,100,3000,100,300
678,0,1242300,44200,47100,1098700,1093400,100,3000,100,200
679,0,1220300,43900,47200,1092400,1087000,100,3000,100,0
680,0,1221200,47300,48800,1104400,1098500,100,3000,100,0
681,0,1222300,44500,46500,1079700,1074300,100,3000,100,0
682,0,1203800,44300,46400,1070700,1065400,100,3000,0,200
683,0,1176200,44000,46300,1072300,1067000,100,3000,100,100
684,0,1176200,44100,46200,1072100,1066800,100,3100,100,0
685,0,1180700,46300,46300,1072100,1066800,100,3000,0,100
686,0,1201900,44000,46300,1092900,1087500,100,3200,100,100
687,0,1197500,43800,46700,1081600,1076200,100,2900,0,0
688,0,1183200,43500,46700,1070700,1065400,100,3100,0,300
689,0,1193400,44100,46800,1072600,1067300,100,3000,100,0
690,0,1195800,43600,46900,1072500,1067100,100,3400,100,0
691,0,1202200,44300,47100,1070600,1065300,100,3000,100,0
692,0,1187000,44100,46800,1070200,1065000,0,3300,100,0
693,0,1266000,44500,47000,1143000,1133700,100,3100,100,0
694,0,1252500,44700,57400,1087000,1081200,100,3600,200,100
695,0,1189100,43700,46100,1072800,1067400,100,3100,200,0
696,0,1236800,43500,46400,1089600,1084200,100,3000,100,0
697,0,1195400,43700,46200,1075800,1070500,100,3000,100,0
698,0,1217700,43600,50900,1073500,1068200,100,3300,100,0
699,0,1215300,43700,46300,1087300,1082000,100,3200,0,0
700,0,1291300,43600,46500,1133500,1128200,100,3000,100,0
701,0,1222100,43900,46400,1076200,1071000,100,2900,100,200
702,0,1190800,44000,46400,1072400,1067100,100,3000,100,200
703,0,1186400,43600,46300,1070700,1065500,100,3100,100,0
704,0,1196600,44100,46300,1083300,1077800,100,3000,0,300
705,0,1189600,43900,46300,1072800,1067500,100,3000,100,0
706,0,1258500,43800,46800,1117500,1108900,100,3100,100,100
707,0,1199600,44600,48900,1077600,1071800,100,3400,200,100
708,0,1218700,43800,46400,1092900,1087500,100,3000,100,100
709,0,1189700,43900,46400,1072500,1067200,100,3200,100,100
710,0,1188800,43500,46400,1071800,1066600,100,3200,100,100
711,0,1239900,43700,46700,1089000,1083700,100,3000,0,0
712,0,1194700,43400,46200,1073300,1068000,100,3000,100,300
713,0,1193300,43400,46200,1073100,1067800,100,3000,100,0
714,0,1234800,43600,46700,1117800,1112600,100,2900,100,0
715,0,1216100,43700,46500,1101000,1095600,100,3100,0,300
716,0,1195300,43700,46200,1075100,1069700,100,3100,100,100
717,0,1202500,44800,46200,1077900,1071800,0,3000,100,100
718,0,1246100,43800,46700,1073100,1067600,100,3100,100,300
719,0,24809900,57000,46300,1462500,1453000,100,23189000,300,200
720,0,32309700,49000,48300,1465000,1458400,0,30691400,200,200
721,0,1564600,44400,47700,1414700,1408500,100,4300,0,100
722,0,1434600,44000,47100,1284000,1277900,100,3800,0,0
723,0,1229100,43700,46700,1102900,1097400,100,3300,100,100
724,0,1236400,45200,48100,1089100,1083600,0,3100,0,200
725,0,1210600,43900,46200,1073500,1067900,100,3000,100,0
726,0,1248800,44000,46800,1072800,1067500,100,3000,100,300
727,0,1220700,43900,46200,1086200,1080300,100,3000,100,100
728,0,1195000,43600,46200,1071600,1066000,100,3300,0,0
729,0,1201100,44100,46400,1071200,1065500,0,3000,100,0
730,0,1266600,43800,46500,1110500,1104900,0,3000,0,200
731,0,1259400,44100,46400,1071100,1065600,100,3000,100,100
732,0,1252300,43600,46400,1073000,1067200,100,3200,100,200
733,0,1195700,44100,46300,1071000,1065300,0,2900,100,0
734,0,1197400,43900,46200,1072600,1067200,100,3200,100,100
735,0,1203200,44000,46300,1072900,1067400,100,3000,100,0
736,0,1248400,44000,46200,1117600,1111700,100,3000,100,100
737,0,1262900,45200,58200,1122000,1116500,100,3100,100,100
738,0,1238600,44200,46600,1083200,1077800,100,3000,100,200
739,0,1211100,43800,46700,1073500,1068100,100,3000,100,400
740,0,1254900,44300,46500,1083000,1077600,100,3400,0,200
741,0,1303900,44000,46900,1070700,1065400,100,3000,0,0
742,0,1206300,43800,46400,1072700,1067500,100,3100,100,100
743,0,1198500,44000,46600,1093200,1080300,100,3000,100,100
744,0,1177200,43800,46000,1073200,1067900,0,3200,0,200
745,0,1178300,44100,46300,1072900,1067500,100,2900,100,200
746,0,1177100,44200,46000,1072700,1067400,100,3200,0,200
747,0,1193600,44000,46000,1086500,1081200,100,3000,100,100
748,0,1197600,43900,46000,1086000,1080600,0,3300,100,200
749,0,1242000,44200,46500,1115300,1106700,100,2900,100,100
750,0,1216600,44700,50900,1074500,1068600,100,3700,200,200
751,0,1211600,44000,46700,1073900,1068500,100,2900,100,100
752,0,1230400,44300,46500,1100900,1095600,100,3300,100,100
753,0,1206100,43700,46700,1072800,1067600,100,2900,0,300
754,0,1227600,44000,46500,1087800,1082500,100,3200,0,200
755,0,1185000,43800,46200,1070700,1065300,100,3000,0,200
756,0,1221400,43700,46800,1072900,1067600,100,3100,100,0
757,0,1232000,43900,46100,1111100,1105700,100,3100,100,200
758,0,1214800,43600,46800,1072800,1067300,100,3000,100,200
759,0,1195300,43900,46300,1072400,1067000,100,3000,100,100
760,0,1180200,43800,46100,1071500,1065900,100,3000,0,100
761,0,1185400,43800,46400,1071300,1065800,100,3000,0,200
762,0,1245200,43700,46600,1097300,1091800,100,3000,100,200
763,0,1259400,48900,50700,1095800,1087200,100,7700,100,100
764,0,1203900,43900,46100,1092400,1087000,100,3000,100,0
765,0,1194900,45000,47700,1076000,1070400,100,3100,100,100
766,0,1212100,43600,46500,1072900,1067500,100,2900,0,200
767,0,1179500,43800,46000,1071500,1066200,100,2900,100,0
768,0,1182200,44000,45900,1072800,1067500,100,3300,100,0
769,0,1183400,43700,46300,1071100,1065700,100,2900,100,100
770,0,1186600,43700,46000,1072900,1067400,0,3600,100,0
771,0,1239500,43800,46400,1094000,1088500,100,3000,0,200
772,0,1201400,43800,49800,1075500,1070100,0,4400,0,100
773,0,1189500,44200,46100,1073000,1067600,100,3000,0,200
774,0,1185600,44000,46100,1073100,1067600,100,3200,0,300
775,0,1183000,43600,46200,1071100,1065600,100,3000,100,0
776,0,1198800,44100,46300,1086500,1081200,100,3100,100,100
777,0,1185100,44000,46000,1072900,1067400,0,3000,100,100
778,0,1303600,43900,46500,1141500,1134200,100,3000,100,0
779,0,1259300,47500,51400,1103600,1097200,500,3800,800,200
780,0,1196500,44200,47100,1072700,1067200,200,3100,0,100
781,0,1194300,43900,46200,1073200,1067600,100,2900,100,100
782,0,1213500,43600,46500,1091900,1086000,100,3000,100,300
783,0,1216500,43900,46600,1093600,1088100,100,3000,100,300
784,0,1205000,43700,46400,1072300,1066900,0,3400,100,0
785,0,1234600,43800,46300,1108300,1102600,0,3000,100,0
786,0,1230500,43600,46400,1074700,1069300,0,3000,100,200
787,0,1206700,43700,46300,1072700,1067300,100,2900,100,0
788,0,1196200,43600,46100,1072700,1067300,100,3100,100,0
789,0,1195100,44000,46300,1071000,1065500,0,3100,100,200
790,0,1230400,43700,46800,1084400,1079000,100,3200,0,100
791,0,1191500,43800,46100,1070800,1065400,0,3000,100,0
792,0,1205700,43600,46300,1085300,1079500,100,3100,0,200
793,0,1231400,44000,46400,1071900,1066400,100,3000,0,200
794,0,1222900,43900,46600,1079100,1073700,0,3300,100,100
795,0,1190600,43800,46500,1071000,1065500,100,3000,100,100
796,0,1195800,43800,46300,1072300,1067000,100,3200,100,200
797,0,1190800,43400,46500,1070500,1065200,100,2900,100,100
798,0,1238400,43500,46400,1087800,1082400,100,3300,100,200
799,0,1224600,47000,49900,1085600,1079700,100,3000,0,0
800,0,1199800,43600,46300,1083900,1078300,100,3100,100,100
801,0,1230800,43900,46600,1072700,1067300,100,2900,100,300
802,0,1213400,43800,46600,1072700,1067100,100,3200,200,100
803,0,1194600,43700,46100,1087200,1081700,100,3000,100,100
804,0,1181300,43400,45900,1072600,1067300,100,3300,100,0
805,0,1188800,43800,45900,1081100,1075700,100,3000,0,200
806,0,1183000,45600,46500,1071500,1066000,100,3100,100,100
807,0,1182800,43700,46000,1072700,1067400,100,3000,100,100
808,0,1178900,43600,46300,1070600,1065200,100,3100,100,100
809,0,1193500,44000,46300,1072500,1067300,100,3000,100,100
810,0,1196600,43700,46100,1072600,1067400,100,3000,100,0
811,0,1208900,43500,46400,1072500,1067200,100,3000,100,300
812,0,1217500,43700,46200,1091300,1085900,100,3100,100,200
813,0,1207600,43600,50500,1073500,1067900,100,2900,100,200
814,0,1226900,43800,46500,1083400,1078000,0,3000,100,200
815,0,1199700,43600,46100,1072800,1067400,100,2900,0,200
816,0,1234100,43900,46600,1085300,1079900,100,3200,100,100
817,0,1198800,43400,46600,1070700,1065400,100,2800,100,100
818,0,1219000,43900,46200,1072700,1067300,100,3500,100,100
819,0,1232100,43700,46100,1099800,1094500,100,3000,100,100
820,0,1254200,43800,46600,1131600,1126000,100,2900,100,0
821,0,1210800,44100,46900,1087500,1081900,100,3000,100,100
822,0,1197000,44000,46000,1082000,1076600,0,3100,0,0
823,0,1193200,43900,46300,1072400,1067300,0,3000,100,200
824,0,1230700,44000,46300,1072700,1067400,100,3300,100,0
825,0,1262200,43800,46700,1071300,1065800,100,2800,100,0
826,0,1282900,43500,46800,1095100,1089700,100,3200,100,100
827,0,1192100,46500,49100,1078800,1073300,100,3000,100,100
828,0,1183300,43400,46100,1073300,1068000,100,3300,100,0
829,0,1214600,45200,46400,1098500,1093300,100,3100,100,100
830,0,1187900,43700,46000,1073200,1067900,100,3000,0,0
831,0,1230400,43500,46200,1084900,1079500,100,3300,100,100
832,0,1249700,43600,46000,1129900,1124500,100,2900,100,100
833,0,1256100,49100,56800,1116500,1109800,100,3300,200,100
834,0,1225700,44700,49400,1101600,1095800,100,3300,100,100
835,0,1203200,43700,46000,1087400,1081700,100,3000,0,0
836,0,1201400,44400,47000,1087000,1081100,100,3400,0,100
837,0,1196800,44600,46800,1080600,1075100,0,3000,0,100
838,0,1266200,46300,47600,1089900,1083300,0,3000,100,0
839,0,25070200,55500,47600,1486600,1477700,0,23434200,300,200
840,0,32954000,56500,47200,1668100,1658800,100,31129800,400,500
841,0,1730100,46700,50000,1572300,1566000,0,5300,200,200
842,0,1467900,46600,47300,1325900,1319700,0,4300,0,100
843,0,1250000,45500,49200,1105400,1098400,100,3500,100,100
844,0,1225700,44200,48000,1077500,1071300,100,3600,200,0
845,0,1217100,45100,47000,1077300,1071600,100,3100,100,100
846,0,1276900,49300,48900,1078700,1070900,100,2900,100,100
847,0,1229700,46400,48400,1085300,1079400,100,3500,100,100
848,0,1220000,44000,47000,1096600,1087500,0,3300,0,100
849,0,1224500,45000,49100,1078900,1072600,100,3400,200,100
850,0,1250300,43700,46900,1082100,1076200,100,3300,100,100
851,0,1209400,46700,46600,1077100,1071500,0,3000,0,100
852,0,1200200,43700,46500,1073400,1067600,100,3200,100,200
853,0,1235800,43100,46200,1114400,1104300,100,2900,0,100
854,0,1196700,45300,46400,1072900,1067300,100,3100,100,300
855,0,1267300,44000,46500,1090800,1085100,100,2900,100,0
856,0,1256700,43900,47000,1085200,1075400,0,3300,100,200
857,0,1204400,44600,46300,1078400,1072900,100,3100,100,100
858,0,1230100,43900,48000,1073000,1067500,100,3200,100,100
859,0,1215500,43900,46600,1079600,1073700,100,3000,200,200
860,0,1214500,43800,46500,1098000,1089900,100,3000,0,100
861,0,1224700,44000,47100,1074200,1068600,200,3200,100,0
862,0,1232800,43700,46300,1092100,1085300,100,3000,100,100
863,0,1198400,46800,51800,1078800,1072500,100,3400,100,200
864,0,1178900,44000,46200,1072900,1067600,100,3200,100,100
865,0,1180800,43800,46100,1074900,1069600,100,3100,100,100
866,0,1178500,43900,46300,1070700,1065200,100,3400,100,100
867,0,1180200,44700,46400,1072900,1067400,100,2900,100,200
868,0,1180400,43500,46100,1073100,1067900,100,2900,100,200
869,0,1230400,43900,46000,1101600,1092400,100,3100,200,0
870,0,1231300,44300,51200,1079000,1072800,100,3700,100,200
871,0,1213500,44200,47000,1073500,1067900,100,3000,100,0
872,0,1217300,44000,46600,1073000,1067300,100,3200,100,200
873,0,1217200,44400,46400,1073000,1067500,100,2900,100,300
874,0,1226600,43700,46900,1071100,1065600,100,3000,100,200
875,0,1197900,43500,46400,1071100,1065500,100,3000,100,100
876,0,1266100,45700,47300,1102600,1097200,100,3000,100,100
877,0,1227500,44800,46800,1087200,1081900,100,3100,0,200
878,0,1225600,44000,46400,1074100,1068800,100,3100,0,100
879,0,1214900,44100,46000,1077000,1071200,100,2500,100,100
880,0,1195300,44200,46700,1072500,1067000,100,3100,100,100
881,0,1197400,44000,46400,1069700,1064300,100,3000,100,0
882,0,1189500,44000,46400,1069200,1064000,100,3100,0,200
883,0,1230000,44500,46400,1105600,1100400,0,2900,0,300
884,0,1190800,44000,45700,1069000,1063800,100,3200,100,300
885,0,1196100,44100,46200,1068900,1063800,100,2900,0,0
886,0,1259100,44200,46200,1069300,1064000,100,3200,100,0
887,0,1218900,44000,46000,1066800,1061600,100,3100,100,200
888,0,1214900,46300,45800,1098000,1082800,100,3200,0,0
889,0,1222600,43700,46000,1102100,1093200,100,2900,100,100
890,0,1218200,45200,50000,1085100,1079300,100,3600,200,100
891,0,1227500,44300,46300,1069400,1064100,100,2900,100,0
892,0,1198500,44000,46000,1068100,1062800,100,3400,100,0
893,0,1189500,43900,46100,1066900,1061800,100,2900,100,100
894,0,1190000,43700,46100,1071900,1066200,100,3200,100,300
895,0,1185800,43800,46000,1068800,1063500,100,3000,0,200
896,0,1219500,43800,45900,1091500,1083000,100,3300,0,200
897,0,1205700,47400,47800,1080800,1075400,100,2800,100,100
898,0,1237700,44200,46700,1069200,1063700,100,3000,100,0
899,0,1203800,45000,45800,1075300,1070200,100,3100,100,0
900,0,1183900,43700,45900,1068900,1063600,100,3200,100,100
901,0,1194900,43700,46000,1069400,1064200,100,2900,100,0
902,0,1205600,43800,46100,1078300,1073000,0,3200,100,300
903,0,1224800,44000,46400,1098400,1092900,100,3000,100,200
904,0,1217100,44200,47200,1081400,1076300,100,3200,100,300
905,0,1224000,44900,46300,1083800,1078400,100,3300,100,0
906,0,1228400,44000,46500,1069300,1064100,100,3400,100,0
907,0,1199800,44100,46200,1069400,1064100,100,3000,100,0
908,0,1217500,43900,46700,1087800,1082300,100,3100,100,100
909,0,1193300,43700,46300,1070800,1065600,100,3000,100,100
910,0,1296500,44100,46700,1095400,1089500,100,3300,100,300
911,0,1290500,44900,46400,1080500,1075200,100,3300,100,0
912,0,1196800,45000,46600,1069900,1064600,100,3300,100,100
913,0,1186700,43800,45800,1067300,1062100,100,3100,0,100
914,0,1188500,45100,46000,1069500,1064200,100,3300,100,300
915,0,1197900,44100,46100,1077800,1072300,100,3000,100,100
916,0,1204600,48100,46100,1076300,1064300,100,3000,100,300
917,0,1241500,44300,46300,1079500,1074300,100,2900,100,100
918,0,1264200,43900,47300,1081900,1076700,100,3400,100,100
919,0,1198100,44000,46200,1067800,1062400,200,3000,100,100
920,0,1179500,43900,45800,1069100,1063900,100,3100,100,0
921,0,1211700,44200,45900,1070000,1064700,100,2900,0,0
922,0,1202600,44000,46000,1066900,1061800,100,3200,100,300
923,0,1172000,44000,45500,1068200,1062900,100,3100,0,300
924,0,1196300,44100,45800,1092900,1087300,100,3200,0,0
925,0,1175900,44200,45800,1070500,1065000,100,2900,0,200
926,0,1176900,44300,45700,1071600,1066100,100,3300,100,400
927,0,1185000,44100,45800,1080900,1075400,100,3100,100,100
928,0,1178800,44100,46000,1071600,1065900,100,3300,100,200
929,0,1189500,44200,45600,1075600,1070100,100,2900,0,200
930,0,1188100,44200,46000,1070200,1064900,100,3200,100,200
931,0,1200400,44400,46400,1077700,1072200,100,3000,100,200
932,0,1191900,45300,47100,1071400,1066100,100,3200,0,100
933,0,1192600,44000,46400,1070700,1065200,100,3100,100,0
934,0,1208700,44100,46000,1070100,1064500,100,3100,0,300
935,0,1187100,44100,46000,1068400,1062800,100,2900,100,0
936,0,1214100,44100,46600,1069400,1064100,100,3100,100,0
937,0,1190400,44000,45900,1069400,1063900,100,3200,0,100
938,0,1239200,44000,45800,1094100,1085600,100,3000,0,100
939,0,1235000,45500,50100,1090100,1084100,100,3400,100,100
940,0,1183500,45400,47700,1072200,1066400,200,3200,100,0
941,0,1188000,44400,46300,1071100,1065600,100,3000,0,100
942,0,1186000,44200,46400,1070900,1065600,100,3400,100,100
943,0,1190700,44300,46300,1070900,1065600,100,3100,0,200
944,0,1185800,44200,46000,1070900,1065400,100,3100,100,0
945,0,1219000,46000,46900,1084300,1078800,100,3100,0,200
946,0,1211700,44100,46200,1070800,1065600,100,3000,100,0
947,0,1196800,44100,45900,1086200,1080900,100,3100,100,100
948,0,1220500,44200,46000,1069300,1063800,100,3100,100,400
949,0,1224200,44100,46000,1084500,1078900,100,2900,0,100
950,0,1186200,44400,45200,1070400,1064800,0,3100,100,0
951,0,1217700,44300,46100,1069700,1064400,100,3000,100,200
952,0,1202100,45100,45900,1081700,1076300,0,3100,100,200
953,0,1195000,44200,46100,1078400,1072800,0,3100,100,200
954,0,1185400,44300,46000,1068000,1062600,100,3200,100,100
955,0,1206400,44000,45700,1083200,1077900,100,3000,100,200
956,0,1206400,44000,46100,1084300,1079000,100,3000,100,0
957,0,1191400,44000,46200,1069000,1063700,100,3000,100,0
958,0,1285100,50800,51700,1102400,1094600,100,3200,100,200
959,0,24582900,52200,55300,1495800,1483400,0,22937500,300,0
960,0,32981300,54200,46600,1570800,1562500,100,31261500,300,200
961,0,1633900,44800,47600,1494800,1488700,0,4500,100,200
962,0,1506800,44200,46600,1380000,1374200,100,3700,0,0
963,0,1222500,44100,46600,1092900,1087100,100,3200,100,100
964,0,1217100,44100,45700,1083100,1077300,100,3300,0,100
965,0,1212500,43600,46100,1076700,1067400,100,2900,0,100
966,0,1266100,44000,47300,1087600,1082300,100,3200,0,0
967,0,1218400,43400,46900,1074600,1069000,100,3000,0,0
968,0,1203000,44100,47000,1070800,1065500,100,3200,100,100
969,0,1206600,43400,46500,1070600,1065500,100,2900,100,0
970,0,1256900,43900,46800,1086600,1081400,0,3100,0,200
971,0,1194100,43800,46000,1070800,1065500,100,3300,0,100
972,0,1224500,43800,46700,1082200,1076900,0,3300,0,100
973,0,1203100,44000,46700,1072300,1067200,100,3000,100,200
974,0,1269900,43700,45900,1139200,1116500,100,2900,0,100
975,0,1244800,44000,47300,1091000,1085500,200,3000,200,0
976,0,1224100,43800,46900,1088800,1083500,0,3300,100,0
977,0,1205500,43600,46500,1070400,1065400,100,2900,100,100
978,0,1230000,43600,46900,1070400,1065200,100,3100,100,0
979,0,1269600,43700,47100,1070900,1065600,100,3000,100,100
980,0,1223200,43800,46800,1072600,1067100,100,3200,0,300
981,0,1261800,44000,46800,1107800,1102500,100,2900,0,300
982,0,1238300,44700,47100,1096500,1091500,100,4900,0,100
983,0,1192600,43800,46300,1083200,1078100,100,3100,100,0
984,0,1181400,43600,45900,1072100,1067100,100,3200,100,100
985,0,1180000,43600,46200,1070600,1065600,0,3100,100,100
986,0,1208200,43900,46200,1088400,1083300,100,3100,100,0
987,0,1204100,43800,46000,1081400,1074800,100,3100,0,300
988,0,1264100,46500,62700,1115200,1109700,200,6700,100,0
989,0,1205600,44200,46900,1073000,1067600,0,3000,100,100
990,0,1205700,43800,46800,1072700,1067400,100,3000,100,0
991,0,1218600,43800,46400,1085300,1080200,0,3000,100,300
992,0,1193700,43700,46400,1071100,1065900,100,3000,0,200
993,0,1211400,43600,46400,1086600,1081300,100,3000,100,0
994,0,1220600,43600,46900,1072700,1067500,100,3200,0,200
995,0,1270500,43800,48800,1094400,1089300,100,3000,100,0
996,0,1288500,43700,47100,1072900,1067400,0,3100,0,100
997,0,1195200,43700,46300,1072300,1067000,100,2900,100,200
998,0,1217200,43400,46500,1072500,1067300,100,3300,100,200
999,0,1196100,43800,46200,1070100,1065000,100,3000,100,100
1000,0,1228000,43200,46200,1109800,1101900,0,3600,100,100
1001,0,1217700,45100,54500,1079100,1073200,100,3500,200,200
1002,0,1184200,43900,46700,1076500,1070900,100,3000,0,300
1003,0,1186500,44100,46300,1072500,1067100,0,2900,100,0
1004,0,1189800,44100,46400,1072600,1067400,100,3200,100,0
1005,0,1223200,43500,46600,1101700,1096200,100,2900,0,300
1006,0,1229600,43700,47100,1087600,1082400,100,3300,0,200
1007,0,1185100,43900,46300,1070500,1065400,100,3000,0,0
1008,0,1205200,43800,46300,1092000,1086800,100,3000,100,100
1009,0,1228200,43900,46300,1112200,1107100,0,2800,100,100
1010,0,1236500,44300,46000,1079800,1074300,100,2600,0,100
1011,0,1251400,44100,46800,1078800,1073600,100,3000,100,0
1012,0,1187100,44100,46500,1067300,1062000,100,3400,0,200
1013,0,1251700,44000,49300,1128800,1123300,100,2800,100,300
1014,0,1226800,46600,48600,1104700,1099200,600,3200,100,200
1015,0,1191100,43900,46100,1077500,1072100,100,3000,100,100
1016,0,1198000,46600,47000,1082500,1076800,100,2700,0,0
1017,0,1185200,44200,46300,1071400,1065900,100,3000,0,0
1018,0,1250400,44300,46400,1086700,1081100,100,3000,0,200
1019,0,1198300,43900,46200,1072800,1067400,200,3100,100,100
1020,0,1180800,43500,46100,1071100,1065700,100,3100,100,200
1021,0,1183800,43800,46000,1072700,1067400,100,2900,0,100
1022,0,1191200,43800,45800,1084800,1079400,100,3000,0,0
1023,0,1185000,43800,46200,1075000,1069600,0,3000,100,0
1024,0,1184500,43600,46200,1073300,1067900,100,3500,100,100
1025,0,1197200,43600,46200,1086200,1080700,100,3000,100,0
1026,0,1215900,44100,46100,1073100,1067600,0,3000,100,0
1027,0,1190400,44000,46100,1072700,1067300,100,3000,100,100
1028,0,1204700,43400,46000,1089000,1079500,100,2900,100,0
1029,0,1271200,46100,47800,1145500,1131000,100,3100,100,0
1030,0,1241000,49100,48700,1089100,1083600,100,2700,0,100
1031,0,1215100,43900,46300,1094700,1089100,0,3100,100,100
1032,0,1221300,43900,46100,1093400,1088100,0,3100,0,200
1033,0,1203900,44100,45700,1092000,1086800,100,3000,0,0
1034,0,1197600,43800,46200,1079400,1074100,0,3000,100,0
1035,0,1197500,43800,45600,1077500,1072200,100,3000,100,200
1036,0,1218900,44000,46200,1093900,1088600,100,3000,100,0
1037,0,1203200,44500,46100,1082000,1076700,0,3000,100,100
1038,0,1223400,44400,47600,1075400,1070200,100,3100,100,300
1039,0,1217200,44300,46600,1075700,1070400,0,3000,100,200
1040,0,1200300,43800,46400,1073500,1068200,0,3300,100,200
1041,0,1268600,44100,46700,1074200,1069000,0,2900,0,0
1042,0,1279200,43800,46700,1101800,1093100,100,3500,100,0
1043,0,1229200,44800,49000,1101200,1091800,200,3500,100,200
1044,0,1213800,44700,50700,1092900,1086800,100,3600,200,100
1045,0,1199700,43800,46300,1088800,1083500,100,3000,100,200
1046,0,1184300,44000,46200,1074600,1069200,200,3400,100,200
1047,0,1183900,43900,46000,1074400,1069000,100,3300,100,200
1048,0,1184500,43800,46400,1073700,1068300,100,3200,100,100
1049,0,1191500,43900,46200,1071900,1066600,100,3100,0,0
1050,0,1207800,45600,46500,1082200,1076900,100,3300,100,100
1051,0,1205100,44500,47200,1075500,1070300,100,3000,100,200
1052,0,1196900,43700,46000,1073000,1067800,100,3300,100,200
1053,0,1196300,43600,46300,1072600,1067400,100,3100,100,0
1054,0,1215900,44200,46400,1072000,1066700,100,3100,100,100
1055,0,1203700,43600,46200,1089300,1084000,100,3000,100,200
1056,0,1217100,43900,46400,1070900,1065600,100,2900,0,200
1057,0,1196800,43800,48500,1072000,1066600,100,3000,100,100
1058,0,1228200,43800,46600,1084600,1079100,100,3100,100,0
1059,0,1202900,43600,46000,1071200,1065800,100,3000,100,200
1060,0,1190100,43800,46300,1071600,1066200,100,3100,100,200
1061,0,1210500,43900,46400,1088200,1082800,100,3100,100,300
1062,0,1193500,43900,46300,1073100,1067800,100,3000,100,0
1063,0,1226600,43900,46200,1102200,1095100,100,2900,100,0
1064,0,1250300,45500,58100,1120600,1115200,0,3200,100,0
1065,0,1212800,43900,46600,1087900,1082600,100,3200,100,100
1066,0,1228500,43900,46600,1077400,1072000,100,3200,0,100
1067,0,1194800,43700,45900,1075800,1070600,0,3000,100,200
1068,0,1217300,44100,46400,1096600,1091100,100,2900,0,0
1069,0,1196800,43900,46300,1074800,1069500,100,2900,100,200
1070,0,1232100,43800,46300,1111600,1106100,100,3200,100,0
1071,0,1235600,44200,46200,1072200,1066900,100,3100,100,100
1072,0,1245000,43700,46900,1073600,1068300,100,3200,100,0
1073,0,1223600,44100,46600,1071800,1066500,0,2900,0,100
1074,0,1194000,44200,46400,1071200,1065900,100,3400,0,100
1075,0,1194500,44000,46300,1073300,1068000,100,3100,100,0
1076,0,1263200,44100,46400,1141300,1132100,100,3200,100,200
1077,0,1207200,44700,50400,1077300,1071600,100,3600,200,300
1078,0,1253700,43800,46400,1081900,1076500,100,3100,200,0
1079,0,24396600,51700,46300,1330700,1323500,100,22924400,200,100
1080,0,32722600,53000,47100,1488300,1480600,100,31033400,200,0
1081,0,1668400,44300,48300,1392000,1386300,0,4400,0,0
1082,0,1422700,43900,47000,1305500,1299800,100,3200,100,0
1083,0,1223700,44000,46300,1105000,1099100,100,3200,100,100
1084,0,1193100,44000,46300,1073200,1067300,100,3100,100,300
1085,0,1196700,43500,46100,1076600,1067000,100,3100,100,0
1086,0,1244400,44100,45900,1091700,1085600,100,3200,200,300
1087,0,1208300,46800,48300,1075600,1070100,100,3200,100,0
1088,0,1186200,44000,46400,1069000,1063700,0,3200,100,0
1089,0,1213400,44100,46500,1084000,1078700,100,3000,0,300
1090,0,1226100,43800,46200,1068900,1063600,0,3200,100,200
1091,0,1196400,43900,46200,1066900,1061700,100,3100,100,100
1092,0,1196900,43900,45600,1069300,1063700,100,3000,100,200
1093,0,1198700,43600,46000,1072400,1067000,100,3000,100,100
1094,0,1212600,43800,46600,1077700,1072500,100,3100,100,0
1095,0,1190600,44100,46200,1071600,1066400,0,2900,100,0
1096,0,1196000,44300,46300,1068200,1063100,100,3100,100,300
1097,0,1200700,43900,46500,1069000,1063600,200,3000,100,200
1098,0,1240900,44000,46500,1081700,1076600,100,3100,100,100
1099,0,1206500,43800,46500,1068700,1063500,0,3000,100,200
1100,0,1202500,44100,46100,1085400,1080200,100,3000,0,200
1101,0,1225800,44000,53900,1068900,1063700,100,2900,100,100
1102,0,1208700,44300,45800,1068800,1063500,100,3300,100,300
1103,0,1224600,44100,45900,1068800,1063600,100,3000,0,100
1104,0,1220500,43900,46100,1084200,1078800,100,3100,100,200
1105,0,1190600,44000,46500,1083900,1078700,100,3000,100,200
1106,0,1183400,44100,46300,1077900,1072600,100,3000,100,0
1107,0,1193000,43800,46300,1089400,1084000,100,2900,0,200
1108,0,1217900,47700,50600,1102600,1096900,100,2800,100,0
1109,0,1181700,43800,45900,1067000,1061900,100,3100,100,100
1110,0,1190500,43900,46200,1073800,1068600,100,3000,0,200
1111,0,1189700,44200,46300,1066800,1061600,100,3100,0,100
1112,0,1195300,43600,52400,1069000,1063800,100,3300,100,200
1113,0,1201500,44100,46300,1081900,1076800,100,3100,100,0
1114,0,1246100,44100,47000,1110500,1105400,100,3200,100,0
1115,0,1179500,44100,45900,1069300,1064000,0,3000,100,0
1116,0,1208200,44000,46400,1068600,1063500,0,3000,0,100
1117,0,1182400,44000,46100,1068900,1063800,0,3000,100,100
1118,0,1203000,44200,45900,1068700,1063600,100,2900,0,100
1119,0,1215100,44300,46100,1091800,1086500,100,3000,100,0
1120,0,1180700,44000,46100,1069000,1063700,100,3100,100,0
1121,0,1229400,47500,46400,1109400,1100000,100,2900,0,0
1122,0,1190800,44200,46800,1074600,1069500,100,3100,100,100
1123,0,1187100,44300,46500,1070100,1064800,0,3100,100,100
1124,0,1191600,44200,46300,1067800,1062600,100,3200,100,300
1125,0,1210100,44200,46500,1069700,1064500,100,3000,0,100
1126,0,1239600,44000,46300,1084000,1078900,100,3100,0,100
1127,0,1209400,44100,46500,1084300,1079200,0,3200,100,100
1128,0,1200400,43900,46500,1076500,1071100,100,3000,100,100
1129,0,1201900,43900,49400,1068000,1062800,100,3100,100,100
1130,0,1216200,43900,46200,1092500,1087300,100,3700,100,0
1131,0,1219800,44000,46500,1067300,1062100,100,3200,100,0
1132,0,1213100,43900,46200,1087600,1082300,100,2900,0,0
1133,0,1213200,44300,46200,1087200,1082100,0,3100,100,200
1134,0,1263700,44000,46700,1106300,1101100,100,3300,0,0
1135,0,1226000,44000,46600,1079000,1073900,100,3100,100,100
1136,0,1202300,44100,46400,1080500,1075200,100,3300,100,100
1137,0,1187400,44500,46100,1069300,1063900,100,3200,0,200
1138,0,1234800,44400,46600,1068500,1063200,100,3200,100,0
1139,0,1209500,44400,46000,1083700,1067200,0,3000,100,0
1140,0,1184000,44400,46100,1068000,1062600,100,3200,100,100
1141,0,1184700,44200,46000,1069100,1063800,100,3100,100,100
1142,0,1205000,44300,46300,1089800,1084400,0,3100,100,100
1143,0,1181400,44300,45900,1069200,1063900,100,3300,100,100
1144,0,1184000,44300,46100,1069100,1063800,100,3000,100,0
1145,0,1202000,44300,46000,1084600,1079100,100,3000,100,0
1146,0,1211300,44100,46100,1067300,1061900,100,3200,100,0
1147,0,1262300,44000,45800,1141400,1135900,0,3300,100,200
1148,0,1220500,45400,50100,1102100,1096500,100,2500,0,100
1149,0,1217800,45500,46900,1095800,1090300,100,3300,100,100
1150,0,1228800,43800,46800,1086200,1081000,100,3300,100,0
1151,0,1211200,44000,46900,1083600,1078200,100,3300,100,0
1152,0,1219000,43700,47000,1094900,1089700,100,3400,100,100
1153,0,1204000,43600,46800,1079300,1074100,100,3100,0,0
1154,0,1202300,43900,46300,1077200,1072100,100,3500,0,0
1155,0,1199900,43900,46500,1074000,1068900,100,3000,100,0
1156,0,1234500,47000,49200,1083500,1077300,100,3300,400,100
1157,0,1208600,43700,46700,1077900,1072800,0,3000,100,100
1158,0,1234400,43800,47100,1076700,1071500,100,3200,100,200
1159,0,1231600,43700,46900,1085500,1080200,100,3100,100,200
1160,0,1207100,44000,47100,1074600,1069600,200,3300,0,0
1161,0,1242800,44100,46600,1088200,1083000,100,3000,100,300
1162,0,1288800,43800,46600,1140100,1133300,100,3100,100,200
1163,0,1237900,46600,50900,1106300,1100200,100,3500,100,0
1164,0,1208800,44100,47400,1089600,1084200,100,3200,100,100
1165,0,1290300,44300,45800,1086200,1080700,100,2600,0,100
1166,0,1296400,43900,47000,1084700,1079400,100,3200,100,100
1167,0,1200400,43900,46000,1090500,1085300,100,3000,100,200
1168,0,1187400,43900,46100,1080700,1075500,0,3300,100,100
1169,0,1208100,43500,46400,1089800,1084300,100,2900,0,200
1170,0,1202600,43600,46200,1079700,1074300,100,3300,100,300
1171,0,1204200,43900,46900,1077700,1072500,100,3100,100,200
1172,0,1207900,43500,46300,1088100,1082800,100,2900,0,200
1173,0,1197200,43600,46500,1075600,1070300,100,3100,100,0
1174,0,1216000,44000,46500,1074200,1069000,100,3100,100,0
1175,0,1184800,43800,46300,1073600,1068500,100,3100,0,200
1176,0,1255200,43800,46400,1105400,1096400,100,3600,0,100
1177,0,1200500,45100,48800,1075000,1069400,100,3500,200,200
1178,0,1215800,43900,46900,1077000,1071700,100,3100,0,300
1179,0,1195700,43400,45900,1074900,1069500,100,3100,0,100
1180,0,1194400,43700,46400,1088000,1082900,100,3300,100,100
1181,0,1188000,43900,46000,1074200,1069000,100,3100,0,100
1182,0,1183900,43400,46000,1071800,1066800,100,3200,100,100
1183,0,1223800,44000,46100,1105200,1100000,100,3000,100,0
1184,0,1202000,43700,46000,1084600,1079400,0,2900,100,0
1185,0,1194500,44000,46300,1073100,1068000,100,3100,100,100
1186,0,1230600,43400,46300,1088200,1083000,100,3200,100,200
1187,0,1190800,43700,46200,1070800,1065800,100,3100,100,0
1188,0,1179200,43700,45900,1070800,1065600,100,3000,100,0
1189,0,1190000,43500,46300,1072800,1067800,100,3300,100,100
1190,0,1210300,43600,46100,1090900,1085900,100,3100,0,100
1191,0,1223500,43400,46400,1072700,1067600,100,3000,100,0
1192,0,1194000,43700,46400,1071400,1066300,100,3200,100,0
1193,0,1206900,44100,46100,1087100,1082000,100,3100,0,100
1194,0,1201500,43600,46100,1087400,1082200,100,3600,100,0
1195,0,1187300,43900,46300,1072600,1067400,100,3200,100,100
1196,0,1222600,43700,46500,1070900,1065800,100,3100,100,100
1197,0,1267500,43300,46400,1128100,1119800,100,2900,100,0
1198,0,1258000,44200,48300,1083800,1078100,100,3500,200,200
1199,0,25161500,54800,46900,1644000,1635600,100,23367800,300,200
1200,0,32750900,54300,48200,1583700,1574500,100,31015100,200,200
1201,0,1668300,43900,47700,1530600,1520900,0,4400,200,200
1202,0,1493500,45800,47400,1368100,1362000,100,3300,100,0
1203,0,1214600,44100,46500,1089900,1084600,100,3400,100,200
1204,0,1230400,44100,46300,1107000,1097900,100,3100,100,100
1205,0,1227100,46300,51000,1091700,1081600,100,3400,200,100
1206,0,1246900,45300,46600,1080300,1074800,100,3500,100,0
1207,0,1193500,44000,46400,1067500,1062000,100,2900,100,0
1208,0,1178900,44000,45900,1066500,1061400,200,3300,100,100
1209,0,1205600,44000,45900,1077000,1071700,100,3000,0,200
1210,0,1233300,43900,46300,1068900,1063600,100,3000,100,100
1211,0,1199200,44200,45900,1068900,1063700,0,3100,100,0
1212,0,1214300,44100,45900,1077700,1072400,100,3400,100,400
1213,0,1208500,44000,47400,1070100,1064600,100,2900,0,0
1214,0,1201900,44100,46700,1067300,1062000,100,3200,100,100
1215,0,1206300,43900,46200,1069400,1064000,100,3000,100,0
1216,0,1207900,43900,46200,1068900,1063700,100,3100,100,300
1217,0,1207000,44000,45700,1068900,1063800,0,3000,100,0
1218,0,1254200,44100,46800,1076700,1071400,100,3100,100,0
1219,0,1211900,43700,46000,1075400,1070100,100,3000,100,300
1220,0,1192300,43900,46500,1069100,1063800,100,3100,0,300
1221,0,1227700,43800,46300,1069000,1063700,0,3000,100,0
1222,0,1235800,44100,46800,1082900,1077600,100,3300,100,0
1223,0,1197700,44100,51900,1067500,1062300,100,6600,100,100
1224,0,1207300,43800,46500,1090700,1085500,0,3000,100,200
1225,0,1185200,44300,46300,1069300,1064100,100,3000,100,100
1226,0,1190700,44100,46100,1073000,1067700,100,3100,100,100
1227,0,1237800,44000,46500,1078200,1072900,100,3000,0,200
1228,0,1210400,44100,46400,1068800,1063500,100,3100,100,100
1229,0,1188900,43900,46100,1068700,1063400,0,2900,0,200
1230,0,1192100,44300,46200,1068800,1063500,100,2900,0,300
1231,0,1215700,44100,46300,1084000,1078600,100,3100,0,100
1232,0,1192700,44100,46100,1066700,1061600,100,3500,0,300
1233,0,1217600,44200,46100,1093600,1088500,100,3000,100,0
1234,0,1207200,43800,46200,1066600,1061500,100,3100,100,200
1235,0,1181200,43800,46000,1066800,1061700,100,2900,0,300
1236,0,1230300,43800,46500,1081300,1076300,100,3000,100,200
1237,0,1184900,43800,46000,1068600,1063300,100,3000,100,100
1238,0,1214600,43700,46300,1073800,1067700,100,3100,100,100
1239,0,1192600,44100,46500,1068900,1063800,100,2900,100,300
1240,0,1242500,43900,46500,1130000,1124700,100,3000,100,0
1241,0,1201000,43900,46400,1079400,1074300,100,3000,100,200
1242,0,1192400,44300,46300,1069100,1063600,200,3200,100,0
1243,0,1187400,44100,46400,1068700,1063400,100,2900,100,0
1244,0,1191000,44300,46300,1066700,1061300,100,2900,100,0
1245,0,1202900,44300,46300,1068800,1063400,100,2900,0,200
1246,0,1219500,44200,46700,1069000,1063600,0,3100,100,100
1247,0,1254000,44200,46200,1133500,1128200,0,3000,100,0
1248,0,1190800,44100,46400,1067400,1062100,100,3100,100,300
1249,0,1200100,44100,46300,1069400,1064100,100,2900,0,100
1250,0,1253800,44100,46400,1085600,1080100,100,3300,100,100
1251,0,1265800,44100,46800,1066900,1061600,100,3100,100,0
1252,0,1192100,44300,46100,1068800,1063500,100,3300,100,100
1253,0,1260700,44200,46200,1139300,1133500,100,2900,100,100
1254,0,1198900,44300,46600,1080200,1074800,100,3100,200,100
1255,0,1196300,46600,48700,1073900,1068600,100,3100,100,0
1256,0,1189700,44200,46200,1074700,1069300,100,3100,100,0
1257,0,1183600,44300,46100,1068000,1062600,100,2900,0,0
1258,0,1286300,44400,46800,1082700,1077400,100,3000,100,100
1259,0,1232600,44300,46300,1083700,1078300,100,3000,100,0
1260,0,1197600,44200,45800,1077600,1068900,100,3000,100,100
1261,0,1180000,44300,45800,1069400,1064000,100,3000,100,200
1262,0,1190900,44100,46200,1082500,1077100,100,3200,100,100
1263,0,1179300,44100,45800,1067100,1061800,100,3100,100,0
1264,0,1177100,44000,45800,1066800,1061600,100,3300,0,200
1265,0,1197700,44200,45700,1085800,1080400,100,3200,100,0
1266,0,1262700,44200,45900,1120100,1111600,100,3300,100,300
1267,0,1197900,45100,47600,1075200,1069100,200,3400,200,200
1268,0,1177200,44200,45600,1067900,1062500,100,3100,100,200
1269,0,1196700,43900,45700,1083700,1078300,100,2900,0,200
1270,0,1222900,44200,46400,1085500,1080200,100,3200,0,0
1271,0,1179700,44200,45600,1067900,1062300,100,3000,100,100
1272,0,1180700,44000,46200,1069400,1063900,100,3100,100,100
1273,0,1180300,44200,45600,1069200,1063700,0,3200,0,0
1274,0,1219600,44400,46200,1105700,1100200,100,3300,100,0
1275,0,1187800,43900,46000,1069200,1063800,100,3300,0,100
1276,0,1193400,44200,46200,1069100,1063800,0,3300,0,200
1277,0,1190800,44200,46200,1067700,1062400,100,3000,0,100
1278,0,1217100,44000,46000,1067400,1061900,100,3200,100,200
1279,0,1278900,44000,46000,1143500,1137400,100,3100,100,100
1280,0,1215100,44300,46900,1088100,1082300,100,3500,200,0
1281,0,1240800,44500,46200,1094300,1084100,100,3200,100,0
1282,0,1235300,45300,46400,1090200,1084900,100,3300,100,200
1283,0,1194400,44300,45700,1080800,1075400,100,3100,0,100
1284,0,1189600,44000,45900,1077700,1072300,100,3300,100,0
1285,0,1186400,44100,45700,1077100,1071700,100,3100,100,200
1286,0,1186900,44000,45900,1076500,1071200,100,3100,100,0
1287,0,1182000,43900,46000,1074000,1068800,100,3100,100,0
1288,0,1186700,43900,45800,1075500,1069900,100,3300,100,100
1289,0,1233300,44100,45700,1073600,1068100,100,2400,100,100
1290,0,1221500,44100,46600,1069800,1064300,100,3000,0,0
1291,0,1197200,44100,45800,1071700,1066100,0,3100,0,100
1292,0,1203500,44300,46100,1070400,1064900,0,3000,100,200
1293,0,1191300,43800,45400,1071000,1065500,100,3100,100,200
1294,0,1232100,44200,46700,1085200,1079800,100,3400,100,200
1295,0,1222000,43900,45700,1095100,1089200,100,3000,100,0
1296,0,1241700,44100,46500,1088800,1083200,100,2900,100,0
1297,0,1199100,44100,45900,1074300,1068800,0,3000,100,100
1298,0,1230100,44100,46300,1084800,1079200,100,3000,100,200
1299,0,1205100,44000,46400,1080800,1075300,100,3100,100,300
1300,0,1190600,45200,45700,1072200,1066700,100,3000,100,400
1301,0,1182800,44000,45900,1071200,1065700,100,2900,100,100
1302,0,1200500,44000,45800,1089300,1084000,100,3000,0,200
1303,0,1192600,44900,46100,1077100,1071600,100,3000,100,0
1304,0,1204200,44100,46000,1090200,1084900,100,3000,0,0
1305,0,1193900,44300,45600,1074200,1068800,100,3000,100,100
1306,0,1216000,44200,46000,1073400,1068000,100,3100,100,200
1307,0,1190200,44000,45700,1070700,1065200,100,3000,100,200
1308,0,1192800,44100,46100,1070300,1064700,100,3800,100,0
1309,0,1241500,43900,46200,1117600,1111700,100,3300,100,100
1310,0,1215900,44700,46800,1082600,1077000,100,3100,0,300
1311,0,1239500,44100,46000,1076900,1071500,100,3000,100,200
1312,0,1202600,44300,46200,1076000,1070400,100,3300,100,100
1313,0,1210200,44100,45800,1085600,1080200,100,3000,0,200
1314,0,1197600,44000,46100,1073300,1067900,100,3400,100,0
1315,0,1196100,44000,45800,1071900,1066400,0,3100,100,0
1316,0,1219600,44400,45800,1097600,1092000,100,3100,0,200
1317,0,1198200,44300,46500,1074800,1069400,100,3200,100,0
1318,0,1240600,43800,46600,1074600,1068800,100,3100,100,100
1319,0,24651500,50100,46500,1325000,1318900,0,23189900,100,100
1320,0,32142000,50800,47400,1374600,1368500,0,30584500,100,0
1321,0,1496800,44100,47000,1292600,1286900,100,3900,100,100
1322,0,1393400,44000,46300,1271300,1261900,0,3500,100,0
1323,0,1352100,43800,46000,1230200,1224700,0,3400,100,0
1324,0,1418900,43900,45600,1293100,1287400,100,3600,100,100
1325,0,1237400,44300,47200,1106500,1100900,100,3700,0,0
1326,0,1263100,45800,47700,1078700,1073100,100,3300,100,100
1327,0,1212100,44300,46000,1069100,1063600,100,3000,100,100
1328,0,1189000,44100,46200,1069000,1063400,100,3000,100,200
1329,0,1216600,43800,46100,1087300,1081900,100,2900,100,0
1330,0,1267100,44600,51000,1085800,1079700,100,3100,100,100
1331,0,1199300,44100,47000,1069600,1064000,100,3000,100,100
1332,0,1198500,44100,46100,1078500,1072700,100,3100,0,0
1333,0,1193900,44100,46900,1069300,1064000,100,3100,100,100
1334,0,1191200,44300,45900,1067400,1062000,0,3200,100,0
1335,0,1252100,44000,45900,1072600,1067300,100,2500,0,100
1336,0,1297600,44200,46900,1072700,1067700,100,3100,100,0
1337,0,1201400,43400,46600,1072700,1067500,100,3000,100,100
1338,0,1260600,43600,46700,1100300,1094900,100,3100,100,100
1339,0,1243300,44000,46600,1096700,1091500,0,3100,100,300
1340,0,1198800,43400,46500,1074200,1068800,100,3100,100,200
1341,0,1239800,43600,46500,1084400,1079200,100,3100,100,100
1342,0,1226100,43800,46800,1072600,1067300,100,2900,0,100
1343,0,1179700,44400,46800,1073500,1068400,100,3000,100,0
1344,0,1182000,43800,46000,1072800,1067500,100,2900,0,0
1345,0,1189100,43500,46200,1070600,1065400,0,2900,0,200
1346,0,1194200,43800,45500,1079300,1074000,100,3000,0,400
1347,0,1183500,43700,46200,1070600,1065600,0,3100,100,0
1348,0,1183300,43800,46200,1070500,1065300,100,3000,100,100
1349,0,1192500,43500,46200,1073000,1067900,100,3000,100,100
1350,0,1195100,43300,46500,1070900,1066000,0,3000,0,300
1351,0,1238400,43600,46600,1070500,1065400,100,3000,0,0
1352,0,1252000,43500,46700,1104600,1099200,100,3000,100,200
1353,0,1224100,46200,49300,1096200,1091100,100,2900,100,100
1354,0,1211100,43600,46300,1073400,1068100,100,3200,100,100
1355,0,1199300,43800,46300,1087500,1082200,100,3000,100,300
1356,0,1212100,43900,46500,1070300,1065200,100,3000,100,0
1357,0,1184300,43500,46000,1072000,1066800,0,3100,100,0
1358,0,1220600,43800,46200,1070600,1065500,100,3100,100,0
1359,0,1198700,43700,46200,1076000,1070800,0,3000,100,100
1360,0,1200500,43700,46200,1093700,1088500,100,3500,100,100
1361,0,1190600,43800,46400,1080500,1075500,100,3100,100,400
1362,0,1179900,43600,46300,1072600,1067400,100,3200,100,0
1363,0,1181400,43500,46000,1073600,1068300,100,3100,100,0
1364,0,1181800,43400,45900,1072900,1067800,100,3200,100,100
1365,0,1198800,43300,45900,1086900,1081800,100,3000,100,0
1366,0,1207400,43700,46000,1076900,1071700,100,3100,100,100
1367,0,1198200,45000,46100,1088200,1083100,100,3000,100,0
1368,0,1186100,43900,46400,1072700,1067600,100,3200,100,200
1369,0,1190800,43400,45500,1072800,1067800,0,2400,0,0
1370,0,1248200,43600,46300,1127300,1119000,100,3100,100,0
1371,0,1245500,44200,49000,1081300,1075600,200,3500,200,300
1372,0,1197400,44000,46500,1071600,1066300,100,3100,0,200
1373,0,1221000,43900,46200,1091900,1086700,100,2900,100,300
1374,0,1248100,46100,53800,1124800,1119600,100,2900,100,0
1375,0,1202400,43300,47100,1083700,1078600,100,3100,100,100
1376,0,1216500,43700,46200,1094700,1089600,100,3300,0,200
1377,0,1215900,43900,46300,1093800,1088700,100,3200,0,100
1378,0,1257000,43500,46200,1087700,1082300,0,3100,100,0
1379,0,1211800,44100,46500,1075700,1070300,0,3200,100,0
1380,0,1219300,43500,46300,1093600,1088200,100,3300,100,100
1381,0,1199200,43700,46000,1075600,1070200,100,2900,100,0
1382,0,1237100,43900,46300,1074100,1068600,100,2900,100,0
1383,0,1220700,43700,46100,1073300,1068000,100,2900,100,200
1384,0,1203000,43900,46400,1086800,1081400,100,3200,100,0
1385,0,1200000,43800,46000,1082200,1076900,100,3100,100,100
1386,0,1274200,43800,46100,1130700,1125500,100,3600,100,100
1387,0,1219100,43900,46100,1098800,1093300,100,2400,100,0
1388,0,1208200,45300,46500,1092300,1086700,100,3100,100,0
1389,0,1198400,43800,46200,1081200,1075900,100,3100,100,0
1390,0,1226800,43700,46700,1085400,1080200,100,3300,0,100
1391,0,1194600,43600,46200,1073800,1068500,100,3200,100,300
1392,0,1189700,44000,46500,1072500,1067400,0,2900,0,100
1393,0,1190200,43700,46000,1073400,1068100,100,3100,100,100
1394,0,1229700,43800,46100,1113900,1108700,0,3300,100,100
1395,0,1192400,43800,46200,1073600,1068400,100,2900,100,300
1396,0,1193200,44100,46300,1071800,1066500,100,3000,100,100
1397,0,1194300,43600,46100,1071200,1065800,100,3000,100,0
1398,0,1221300,43600,45800,1071600,1066200,100,3300,100,0
1399,0,1268600,43800,46600,1128000,1119100,100,3100,0,0
1400,0,1208900,44300,49000,1075200,1069400,100,3800,200,200
1401,0,1234600,43300,46800,1079100,1073700,100,3000,0,0
1402,0,1234100,44000,46400,1081700,1076300,0,3000,100,300
1403,0,1191400,43500,46200,1075000,1069600,100,3000,0,200
1404,0,1196200,43900,46200,1073900,1068600,100,3100,100,300
1405,0,1213100,44000,46200,1103400,1097900,100,3000,100,100
1406,0,1187200,43700,46200,1071300,1066000,0,3100,100,0
1407,0,1186300,43700,46200,1071700,1066500,100,3100,100,0
1408,0,1210200,43500,46100,1091500,1086200,100,3000,100,100
1409,0,1198600,43700,46200,1073200,1067800,100,3000,100,0
1410,0,1201700,44000,46100,1073400,1068200,0,3500,100,200
1411,0,1208100,43800,46400,1072800,1067200,0,3300,100,200
1412,0,1277500,43900,46200,1144200,1137300,0,3300,100,200
1413,0,1291800,46500,52000,1100800,1095100,100,3500,200,200
1414,0,1274400,44700,47600,1093300,1087800,100,3000,100,0
1415,0,1232200,44700,46900,1108500,1102400,0,2800,100,100
1416,0,1265700,44300,47400,1110200,1104800,100,3200,100,100
1417,0,1212400,45500,46200,1088800,1083200,100,3200,0,0
1418,0,1228300,44000,46600,1081600,1076400,100,3300,100,200
1419,0,1210600,44000,46200,1079400,1074200,100,3000,0,0
1420,0,1241900,44100,45900,1081900,1076700,100,3000,0,200
1421,0,1266400,44000,46400,1087200,1081400,100,3100,100,0
1422,0,1189300,43900,47300,1079200,1073900,100,3000,100,100
1423,0,1190500,44000,46200,1075500,1070200,0,3000,100,0
1424,0,1188200,44100,46000,1076300,1071100,100,3100,0,200
1425,0,1188700,43700,46200,1073800,1068500,100,3100,100,300
1426,0,1211900,43800,46200,1074000,1068800,100,3300,100,100
1427,0,1209600,43500,46000,1100000,1091300,100,3000,100,0
1428,0,1276300,47700,54000,1145500,1137800,100,3500,200,200
1429,0,1249300,45300,52200,1112000,1105700,200,3700,200,200
1430,0,1219400,44300,46400,1094300,1088800,100,3100,100,200
1431,0,1257500,43800,46500,1098500,1093000,100,3100,100,0
1432,0,1229900,43900,46200,1099500,1093700,100,3000,0,100
1433,0,1212800,43800,46300,1085900,1080500,100,3000,0,200
1434,0,1201800,44000,46300,1080700,1075300,100,3200,100,200
1435,0,1222700,43700,46400,1093000,1087400,100,3100,100,100
1436,0,1199100,43800,45900,1083800,1078300,100,3400,100,0
1437,0,1197900,43600,46300,1079000,1073500,100,2900,0,200
1438,0,1251100,43800,46300,1077300,1071800,100,3100,0,300
1439,0,24492300,49500,46200,1293400,1287200,0,23062300,100,100
1440,0,33035000,57000,47100,1591000,1583000,0,31293600,400,200
1441,0,1626200,44600,48100,1479400,1473400,100,4600,100,0
1442,0,1503300,44000,47500,1377200,1371600,100,3800,100,100
1443,0,1475700,44100,46800,1343100,1334600,0,3900,0,100
1444,0,1342300,45600,52400,1114800,1108800,100,4100,200,200
1445,0,1284400,43300,46700,1080100,1070500,100,3000,100,200
1446,0,1239900,44400,46100,1072900,1067300,100,3100,0,100
1447,0,1194800,43900,46300,1071000,1065500,100,3000,100,0
1448,0,1203200,44200,46700,1090100,1084700,100,3000,0,100
1449,0,1195900,44000,47400,1072500,1067300,100,3100,100,100
1450,0,1235800,44100,46400,1089900,1084200,100,3100,100,300
1451,0,1197300,43900,46400,1078500,1072800,0,3000,100,100
1452,0,1201500,43500,46200,1083000,1073800,100,2900,0,200
1453,0,1201800,43900,46000,1083700,1077800,100,3000,100,100
1454,0,1192600,44200,46600,1071800,1066600,100,3300,100,0
1455,0,1195700,44000,46400,1068800,1063500,100,3000,100,200
1456,0,1265500,44100,45900,1138800,1130600,100,3100,100,0
1457,0,1231600,46400,48200,1095700,1089800,100,3400,200,100
1458,0,1248900,45600,48900,1079800,1074200,100,3200,100,0
1459,0,1213900,44000,46500,1069700,1064400,100,3000,100,0
1460,0,1186800,44300,46100,1069100,1063800,0,3200,0,100
1461,0,1225100,44200,46200,1069300,1063900,0,3000,100,0
1462,0,1223600,44100,46800,1069700,1064400,100,2900,100,0
1463,0,1187000,43700,46500,1067800,1062600,100,3200,100,200
1464,0,1194700,44000,46200,1069700,1064200,100,3200,100,200
1465,0,1206300,43900,45800,1072000,1066700,0,3000,0,100
1466,0,1201500,44400,45800,1067600,1062200,100,2900,0,0
1467,0,1187900,43900,45700,1068700,1063600,100,2900,0,100
1468,0,1195400,44600,46100,1071600,1066400,100,3200,100,200
1469,0,1200800,43900,45700,1069200,1063800,200,2900,100,0
1470,0,1222800,44200,45900,1088000,1082600,100,2700,0,100
1471,0,1229300,45600,48500,1084500,1078900,100,2900,100,100
1472,0,1212600,45100,46100,1075600,1070300,100,3300,100,100
1473,0,1205500,44100,46500,1069100,1063800,100,3200,100,100
1474,0,1221800,44100,46200,1069200,1063800,100,3100,0,100
1475,0,1233600,44000,45800,1069300,1063900,100,3100,100,100
1476,0,1255100,44100,46700,1067900,1062500,100,2900,100,0
1477,0,1189300,43900,46300,1069400,1064100,100,3000,100,200
1478,0,1220600,44000,45900,1074700,1069200,100,2900,100,0
1479,0,1194000,44000,46200,1068200,1063000,100,3000,100,200
1480,0,1180000,45200,45500,1067000,1061800,100,3100,0,100
1481,0,1195300,44100,45500,1079900,1074600,100,3100,100,100
1482,0,1182900,43900,46000,1067000,1061900,100,3200,100,100
1483,0,1179300,43900,46100,1067000,1061700,100,3300,100,0
1484,0,1201200,44200,45900,1082700,1074500,100,3100,100,100
1485,0,1202200,44700,48300,1073300,1067300,100,3500,100,100
1486,0,1213100,43900,46700,1068200,1062800,100,3000,100,200
1487,0,1219000,44100,46100,1098800,1093400,100,3100,0,100
1488,0,1182500,43900,45700,1067200,1061900,100,3500,100,0
1489,0,1203700,44000,46200,1069800,1064400,100,3000,100,100
1490,0,1185200,44100,45900,1066800,1061700,100,3200,100,100
1491,0,1226900,44100,46100,1069100,1063800,100,3000,100,0
1492,0,1224200,44300,45900,1094800,1088300,100,3100,100,200
1493,0,1209400,44400,46400,1079200,1073800,100,3100,100,100
1494,0,1207600,44000,48800,1076900,1071600,100,3100,0,100
1495,0,1190600,43700,46100,1067600,1062500,100,2900,100,100
1496,0,1203600,44300,46100,1069500,1064000,100,3000,100,200
1497,0,1225200,44400,46500,1084100,1078800,100,3000,100,0
1498,0,1236300,44100,45800,1067400,1062000,100,3100,100,200
1499,0,1222400,44700,47800,1083500,1078100,100,3000,100,300
1500,0,1202300,44100,45900,1069000,1063600,100,3000,100,100
1501,0,1195400,44000,46000,1069000,1063600,100,3000,100,200
1502,0,1187000,44400,46000,1067000,1061600,100,3100,0,200
1503,0,1193100,44200,45800,1074800,1069400,100,3100,100,0
1504,0,1238000,44400,55100,1101200,1095700,100,3300,100,100
1505,0,1242700,44100,46100,1074300,1068900,100,3100,100,300
1506,0,1364900,44000,52100,1123100,1117000,0,3200,0,0
1507,0,1216200,44600,46500,1072000,1066400,100,3100,200,0
1508,0,1200400,44100,46000,1090800,1085500,100,3100,100,0
1509,0,1220700,44200,46000,1108900,1103400,100,3100,100,0
1510,0,1206300,44100,45900,1069500,1064000,100,3400,0,100
1511,0,1182600,44100,46000,1069400,1064100,100,3100,100,100
1512,0,1223400,44200,46000,1111400,1106100,100,3000,0,200
1513,0,1214200,43800,45800,1103000,1093600,100,3000,0,0
1514,0,1186800,44000,46500,1072900,1067800,100,3200,100,300
1515,0,1184400,43900,46100,1072600,1067600,100,3100,100,0
1516,0,1189600,43600,46500,1072700,1067500,100,3100,100,200
1517,0,1211400,43700,46300,1095800,1090700,100,2900,0,200
1518,0,1216100,43900,46600,1072300,1067100,0,3100,100,0
1519,0,1266300,43600,46200,1136200,1130800,100,3000,100,0
1520,0,1193700,45300,47600,1078900,1073700,100,3400,100,0
1521,0,1233700,44000,46600,1092400,1087100,0,3100,0,200
1522,0,1214500,43500,46400,1077600,1072400,100,3100,0,100
1523,0,1201200,44000,46200,1090100,1084800,100,3100,0,300
1524,0,1185700,43900,46300,1072300,1067100,100,3200,100,100
1525,0,1199600,43400,46300,1087300,1081900,100,3000,100,100
1526,0,1207000,43500,46500,1094200,1089000,100,3000,100,100
1527,0,1193900,43500,46200,1082400,1077200,0,3100,100,100
1528,0,1189700,43700,46000,1071100,1066000,100,3100,0,100
1529,0,1188300,43700,46200,1073600,1068500,100,3100,0,100
1530,0,1193100,43500,46600,1070700,1065400,0,3300,100,200
1531,0,1223300,43800,46400,1094000,1088800,100,3000,0,100
1532,0,1245700,43500,46200,1119000,1110600,0,3100,100,100
1533,0,1215500,44800,50900,1078300,1072500,100,3700,200,100
1534,0,1218400,43500,47000,1074200,1069000,0,3200,100,0
1535,0,1201100,44000,46800,1087200,1082000,100,2900,100,0
1536,0,1219600,43800,46300,1073400,1068100,100,3600,100,0
1537,0,1243100,43900,46400,1088800,1083400,100,3100,100,100
1538,0,1235900,43800,46300,1073200,1067900,200,3200,100,0
1539,0,1192800,44000,46200,1072600,1067400,100,3000,100,0
1540,0,1216200,43600,46300,1109600,1104500,0,3300,100,100
1541,0,1182700,43600,46100,1072300,1067100,100,2900,0,300
1542,0,1179500,43200,45900,1072800,1067800,100,3100,100,0
1543,0,1183200,43800,46200,1074400,1069800,100,3300,100,100
1544,0,1185000,44400,46400,1072800,1067700,0,3100,100,100
1545,0,1260100,43700,46200,1142900,1134300,100,3300,0,0
1546,0,1226400,43800,48600,1081600,1075800,100,3800,200,100
1547,0,1222300,46800,46200,1106300,1100900,100,3100,100,0
1548,0,1199100,43800,46400,1086100,1080800,100,3500,100,300
1549,0,1204800,43800,46400,1085500,1080300,100,3000,100,100
1550,0,1209200,43800,45900,1083000,1077700,100,3200,100,200
1551,0,1253500,43900,46300,1093600,1088500,0,3300,100,100
1552,0,1208200,43300,46400,1079100,1073900,0,3100,100,200
1553,0,1203900,43800,46600,1078200,1073100,100,3100,100,100
1554,0,1258600,44700,48200,1132400,1124400,100,3200,100,100
1555,0,1236400,44800,50800,1096600,1090700,100,3700,100,200
1556,0,1209100,43700,46500,1083300,1077700,100,3200,0,100
1557,0,1222100,43600,61500,1080000,1074800,100,2900,100,200
1558,0,1256000,43400,46800,1080200,1074900,100,3000,100,200
1559,0,24948300,61500,46600,1396900,1391000,100,23392700,100,400
1560,0,32648000,52400,46800,1433600,1425500,100,31076000,200,300
1561,0,1517700,44100,48300,1373700,1367700,0,4100,100,0
1562,0,1476000,43500,47200,1336900,1328400,0,3800,100,300
1563,0,1330000,43400,47000,1189000,1179200,100,3300,0,200
1564,0,1206600,43900,46600,1074000,1068400,0,3000,100,200
1565,0,1209600,43900,46500,1078800,1069200,100,3100,100,100
1566,0,1252700,43900,46100,1082600,1077000,100,3100,100,0
1567,0,1207100,44200,46700,1069300,1064000,100,3100,100,200
1568,0,1250300,44400,46200,1071000,1065500,100,2500,0,100
1569,0,1292400,44200,46600,1110300,1104500,100,3000,100,100
1570,0,1233200,44200,46500,1082800,1077400,0,2900,100,0
1571,0,1217200,43800,46200,1087300,1081900,100,3100,0,100
1572,0,1199000,43900,46100,1072100,1066800,100,2900,0,200
1573,0,1193200,44000,46100,1072600,1067400,100,2900,0,200
1574,0,1197300,43100,53400,1070900,1065400,0,3000,100,300
1575,0,1194200,43600,46200,1071300,1066000,0,2900,100,100
1576,0,1215400,43600,46600,1086000,1080400,100,3100,0,100
1577,0,1196200,43800,46200,1070900,1065500,100,3000,100,300
1578,0,1226700,43600,46000,1072600,1067300,0,2900,100,0
1579,0,1205100,43900,46400,1070600,1065400,100,3100,100,300
1580,0,1187000,44100,46400,1070600,1065300,100,3100,100,200
1581,0,1236700,43600,46400,1081000,1075700,100,3000,100,500
1582,0,1290800,44000,46400,1139000,1131900,100,3200,100,200
1583,0,1233000,44400,51400,1099000,1088200,100,3600,200,100
1584,0,1192700,44300,46800,1069700,1064100,100,3400,100,0
1585,0,1195900,43900,46700,1069200,1063900,100,2900,0,200
1586,0,1192800,44000,46000,1067100,1061900,100,3200,100,200
1587,0,1190700,44100,46200,1070200,1064500,0,2900,0,100
1588,0,1194600,43900,46300,1068900,1063700,100,3000,100,100
1589,0,1227400,50400,46000,1087500,1078000,100,3100,0,200
1590,0,1269500,44200,47000,1073600,1068400,100,3100,100,100
1591,0,1286800,44100,47100,1083500,1078300,100,3000,100,200
1592,0,1201700,44300,47800,1073100,1067700,100,3100,100,0
1593,0,1195400,43600,46200,1066400,1061300,100,3100,100,0
1594,0,1217500,43900,46500,1067000,1061600,100,3200,100,200
1595,0,1184000,43700,46000,1068800,1063700,100,3100,100,0
1596,0,1215900,43800,45900,1068900,1063700,100,3300,100,100
1597,0,1232900,43800,46200,1114000,1106500,100,2900,100,100
1598,0,1251100,45200,51300,1089300,1083400,100,3500,200,200
1599,0,1237500,44200,46300,1068700,1063300,100,3300,100,200
1600,0,1208700,43900,46200,1069300,1063700,0,3100,100,100
1601,0,1181500,44000,46200,1068600,1063400,100,3000,100,0
1602,0,1175700,43800,46100,1067500,1062100,100,3600,100,0
1603,0,1178100,43700,46200,1067500,1062100,100,3100,100,100
1604,0,1214000,44900,46500,1100500,1095200,100,3100,0,0
1605,0,1188500,44000,46200,1070600,1065300,100,2900,100,200
1606,0,1208300,44500,46300,1069000,1063800,100,3100,0,200
1607,0,1178100,43900,45900,1067000,1061800,200,3100,100,200
1608,0,1179900,43900,46000,1069100,1063900,100,3200,0,200
1609,0,1181100,44000,45800,1067100,1061900,100,3100,100,100
1610,0,1183400,44000,45900,1068700,1063600,100,3100,0,200
1611,0,1242600,48800,48000,1089900,1082500,100,3000,100,100
1612,0,1187200,44200,45500,1069600,1064100,100,3000,100,100
1613,0,1199800,43800,45900,1083200,1078000,100,3100,100,300
1614,0,1180200,43800,45900,1068800,1063500,0,3000,100,0
1615,0,1186400,44300,46200,1067100,1061900,0,3000,100,0
1616,0,1185100,44100,46100,1066700,1061700,100,3000,200,200
1617,0,1202500,43900,45900,1082600,1077000,100,3100,100,100
1618,0,1305400,47600,50100,1111800,1105400,400,3600,200,100
1619,0,1200900,44300,46100,1069600,1064000,100,3000,100,200
1620,0,1186200,44000,46100,1067600,1062200,100,3000,100,0
1621,0,1191600,44200,46100,1067100,1061800,100,3000,0,0
1622,0,1202400,44200,45900,1093900,1088300,100,3100,100,300
1623,0,1182400,44000,46100,1067800,1062300,100,3000,0,100
1624,0,1190800,44200,46200,1072000,1066600,100,3200,100,100
1625,0,1200100,45400,46800,1078000,1072600,100,2900,100,0
1626,0,1212700,44200,46100,1067700,1062300,100,3200,100,0
1627,0,1188600,44200,46100,1069500,1063900,100,3100,100,0
1628,0,1179500,44300,46000,1069300,1063900,100,3100,100,0
1629,0,1186500,43900,46000,1069700,1064400,100,3200,100,100
1630,0,1260300,44100,46200,1084200,1078900,100,3100,0,200
1631,0,1209700,44100,46600,1071100,1065500,100,3000,100,100
1632,0,1202000,43800,57100,1076500,1066800,100,3100,100,300
1633,0,1182000,45000,46900,1069500,1064000,100,3300,100,0
1634,0,1187200,44000,46200,1069200,1063700,200,3700,100,100
1635,0,1227400,44000,45700,1099000,1093500,100,3000,100,100
1636,0,1193700,43900,46200,1067900,1062500,100,2900,0,100
1637,0,1195100,44100,45800,1067300,1061800,100,2900,0,100
1638,0,1268000,44100,46200,1116000,1110300,100,3200,100,200
1639,0,1245600,44300,46300,1112300,1106700,100,3100,100,0
1640,0,1202300,44200,46500,1085700,1080300,100,3100,100,200
1641,0,1218600,44100,46600,1071800,1066600,100,3100,100,0
1642,0,1208700,44300,46200,1069800,1064500,100,3100,100,200
1643,0,1178300,44300,45600,1069200,1063700,100,3100,100,100
1644,0,1195600,44400,45800,1086400,1080900,100,3100,100,300
1645,0,1197800,44000,45600,1089800,1084300,100,3100,0,0
1646,0,1179700,44100,45800,1068500,1063100,100,3200,100,0
1647,0,1189600,45100,45600,1071700,1066300,100,3000,100,200
1648,0,1186300,44200,46300,1067500,1062200,100,3200,100,100
1649,0,1194100,44000,46600,1069000,1063600,100,3100,100,0
1650,0,1200800,44100,46000,1071600,1066200,100,3300,100,100
1651,0,1225100,44100,49900,1078300,1074400,0,3000,100,200
1652,0,1276000,46800,52800,1124500,1118800,100,3200,0,100
1653,0,1212300,44000,50600,1086800,1081600,100,3100,0,100
1654,0,1215500,44400,46600,1069400,1064000,100,3200,100,0
1655,0,1191100,44100,46100,1069500,1064300,100,3000,100,100
1656,0,1219500,44000,46100,1069100,1063800,100,3000,100,300
1657,0,1207700,44200,46400,1082600,1077400,100,3000,0,200
1658,0,1213700,44100,46300,1070400,1065000,100,3300,100,0
1659,0,1251300,44200,46100,1125200,1112100,100,3100,100,0
1660,0,1193300,44100,45800,1078400,1073000,100,3400,100,100
1661,0,1224400,44500,46200,1067200,1061900,100,2900,0,100
1662,0,1207200,44100,45900,1069400,1063900,100,3200,0,200
1663,0,1181900,44200,46000,1067400,1062000,100,3100,100,0
1664,0,1223200,44200,45400,1107100,1097800,100,3300,0,200
1665,0,1252900,46700,67600,1100700,1094800,100,3500,200,100
1666,0,1239900,44800,47600,1088700,1083200,100,3300,0,100
1667,0,1200100,44600,46700,1079100,1073700,100,3100,100,0
1668,0,1198400,44700,46400,1079900,1074500,100,3300,100,100
1669,0,1200500,44600,46200,1076800,1071500,0,3000,100,200
1670,0,1196600,44400,46300,1071600,1066100,100,3000,100,100
1671,0,1225500,44500,46800,1071600,1066200,100,3100,0,200
1672,0,1196000,44600,46100,1071300,1066000,100,3100,0,300
1673,0,1199900,44800,46300,1078100,1072700,100,2900,100,0
1674,0,1196900,44800,46200,1079000,1073500,0,3300,100,0
1675,0,1230900,44500,45800,1070500,1065000,100,2900,100,0
1676,0,1237400,44200,46200,1070400,1065000,100,3400,100,200
1677,0,1185500,44000,46200,1069900,1064500,100,3100,100,0
1678,0,1323100,51200,51900,1130800,1114700,100,3500,200,100
1679,0,24669600,50100,46800,1427000,1416000,100,23090200,100,200
1680,0,32501200,49700,47900,1484700,1478800,100,30874000,200,0
1681,0,1591300,45900,48400,1446500,1437200,0,4000,100,200
1682,0,1495600,44300,50000,1352200,1346500,100,4000,200,100
1683,0,1246200,45400,49000,1098400,1092700,100,3500,100,200
1684,0,1194200,43800,46700,1075200,1069700,100,3400,100,0
1685,0,1198900,43500,46800,1071800,1066500,100,3000,100,200
1686,0,1243100,44100,46600,1072600,1067300,100,3000,0,200
1687,0,1208000,44500,46500,1073100,1067800,100,3100,0,300
1688,0,1200600,46200,47700,1076700,1071300,100,3200,100,100
1689,0,1236700,44100,46800,1109000,1103700,100,2900,0,100
1690,0,1232300,44100,47900,1079100,1073600,100,3500,100,100
1691,0,1197300,43600,46300,1071700,1066500,100,3100,100,0
1692,0,1251500,45500,46700,1078300,1068700,100,2900,100,100
1693,0,1237400,45000,48000,1073700,1068100,0,2900,0,0
1694,0,1188600,43800,46200,1071600,1066400,100,3000,100,200
1695,0,1191500,43800,46600,1072900,1067600,100,3100,0,300
1696,0,1219600,45300,46100,1095800,1090200,100,3100,100,100
1697,0,1197500,45400,48100,1074000,1068800,0,3100,100,300
1698,0,1243500,43500,46500,1092200,1078400,100,3100,0,300
1699,0,1221100,44200,51400,1076200,1070400,100,3600,200,100
1700,0,1197600,43900,46600,1084400,1079000,100,3100,100,0
1701,0,1232900,45000,47500,1085100,1078900,100,2900,100,0
1702,0,1231400,44600,50500,1083600,1076600,200,3400,100,0
1703,0,1209800,47100,52300,1088100,1082300,100,3500,200,100
1704,0,1181900,43800,46500,1075500,1069700,100,3000,0,200
1705,0,1193700,43800,46300,1087600,1082300,100,3100,100,200
1706,0,1181300,45100,47400,1073000,1067300,100,3100,100,100
1707,0,1188400,45600,48000,1080300,1074800,100,2900,0,100
1708,0,1212800,44800,46300,1100700,1095300,0,3200,100,100
1709,0,1219000,44400,46700,1093900,1088500,100,2900,0,0
1710,0,1249000,47700,48300,1109800,1104000,100,3000,100,300
1711,0,1236900,45000,48700,1089700,1083400,100,3200,100,300
1712,0,1227500,45300,48300,1088000,1082300,100,3400,200,0
1713,0,1209000,44000,46700,1075800,1070300,0,3000,100,300
1714,0,1234800,44100,46800,1073100,1067700,100,3500,100,200
1715,0,1186800,45000,46400,1073800,1068500,100,3000,100,0
1716,0,1260900,44400,48300,1105400,1096000,100,3100,100,200
1717,0,1225100,46600,51700,1085500,1079500,100,3500,200,100
1718,0,1226200,44000,46400,1075400,1069900,100,3400,100,200
1719,0,1225000,43900,46700,1087000,1079200,0,3100,0,100
1720,0,1215300,46600,48800,1075300,1069500,100,3600,100,200
1721,0,1200200,44500,47300,1074500,1069000,100,3100,100,300
1722,0,1199000,43700,46600,1073500,1068300,100,3300,100,200
1723,0,1253900,43800,46600,1089300,1083900,100,3000,0,0
1724,0,1238300,44300,47600,1089500,1083900,100,2900,0,100
1725,0,1200200,45100,47800,1073800,1068300,0,3000,0,0
1726,0,1230600,43500,46400,1088500,1082700,100,3200,100,0
1727,0,1184900,44100,45800,1071900,1066600,0,3200,100,100
1728,0,1221600,43600,46100,1104800,1098600,100,3100,100,0
1729,0,1218400,45800,49600,1087700,1080000,100,3100,200,300
1730,0,1262500,44200,50500,1128500,1120200,200,3700,100,200
1731,0,1257200,45100,49600,1088900,1078800,100,3500,200,200
1732,0,1201100,44500,46700,1071300,1065500,100,3100,100,300
1733,0,1199100,45200,46700,1071800,1066100,100,3100,100,300
1734,0,1207800,45000,48300,1085900,1080400,0,3200,100,200
1735,0,1190000,44000,47400,1069900,1064600,100,3200,100,300
1736,0,1186700,44000,45900,1068200,1062900,100,3100,100,0
1737,0,1264000,43900,46100,1139000,1132100,100,3000,100,100
1738,0,1284800,46600,51700,1092500,1086500,100,3600,100,100
1739,0,1220600,45100,46800,1084000,1078700,100,3300,0,0
1740,0,1209400,44300,46100,1085900,1080500,100,3100,100,100
1741,0,1206800,44100,46200,1080200,1074800,100,3200,100,200
1742,0,1210300,44800,47800,1080900,1075600,100,3100,100,200
1743,0,1211500,45800,49400,1077600,1072100,100,3000,100,0
1744,0,1212300,46100,49400,1081300,1075600,100,3100,100,200
1745,0,1214300,43800,46800,1078600,1073200,100,3100,100,500
1746,0,1230300,44100,46200,1076900,1071600,100,3100,0,200
1747,0,1206000,45500,48200,1075700,1070400,100,3100,100,0
1748,0,1202200,45900,47700,1075200,1070000,0,3100,0,200
1749,0,1211700,44100,46200,1072900,1067700,100,3100,100,300
1750,0,1220600,43700,46500,1072700,1067400,100,3100,100,0
1751,0,1209300,45500,48800,1073100,1067900,100,3000,100,100
1752,0,1206800,46600,48200,1071700,1066300,100,3000,100,200
1753,0,1204300,45200,47600,1077300,1071100,0,3200,100,200
1754,0,1238400,43700,46400,1072800,1067600,100,3600,100,100
1755,0,1246700,43900,46500,1087800,1082800,100,3000,100,100
1756,0,1203000,44700,48300,1071500,1066000,100,3600,100,200
1757,0,1206200,45700,54000,1072100,1066800,100,3000,0,200
1758,0,1233300,45200,47800,1076400,1071100,100,3300,100,200
1759,0,1214900,44100,46100,1077700,1072200,0,3000,100,300
1760,0,1244000,44800,46400,1075400,1070000,100,3200,0,0
1761,0,1324400,48400,53100,1078100,1071700,200,3700,200,100
1762,0,1259400,47000,51000,1094800,1088700,100,4300,200,0
1763,0,1179300,44000,46400,1072400,1066900,0,3100,0,200
1764,0,1185000,43900,45800,1080300,1074600,100,3100,100,100
1765,0,1185600,44900,48700,1077500,1072000,100,3000,100,200
1766,0,1180300,44500,47300,1074400,1069100,200,3100,100,0
1767,0,1176200,44400,45800,1071700,1066100,100,3100,100,200
1768,0,1192900,44200,45700,1085700,1080300,100,3200,100,100
1769,0,1190100,43900,46000,1072600,1067300,100,3000,100,200
1770,0,1216100,46400,47400,1089300,1083500,100,3100,100,200
1771,0,1225400,45100,47900,1092400,1086700,100,3200,0,200
1772,0,1211700,43800,49100,1080500,1074300,100,3200,100,0
1773,0,1429400,44200,46500,1297000,1289300,100,3000,100,100
1774,0,1417700,119400,134400,1094300,1084100,100,3800,100,100
1775,0,1203700,44500,46500,1076900,1071300,100,3100,100,200
1776,0,1232100,43900,46600,1076100,1070400,100,3100,100,100
1777,0,1192800,44800,45800,1076300,1070900,100,3100,100,200
1778,0,1266800,47500,50400,1115300,1109800,100,3200,100,200
1779,0,1213200,44100,45700,1081400,1076000,0,3200,100,0
1780,0,1191100,44100,45800,1074200,1068800,0,3000,0,100
1781,0,1194400,44000,46300,1077200,1071300,100,3100,100,0
1782,0,1193200,45900,49600,1074600,1069300,100,3000,0,0
1783,0,1187200,44900,46500,1072800,1067300,100,3100,100,300
1784,0,1235900,44300,46100,1119900,1111100,100,3500,0,100
1785,0,1255400,45200,51700,1083200,1077100,100,3600,100,300
1786,0,1259400,45100,46300,1086400,1080400,100,2700,0,100
1787,0,1365800,44500,47700,1252000,1246700,100,2900,0,100
1788,0,1194400,43700,46800,1083100,1077900,100,3100,0,100
1789,0,1194400,44000,46300,1079100,1073900,100,3000,0,100
1790,0,1195600,44200,46300,1079800,1074500,100,3200,0,300
1791,0,1245200,46200,47600,1091200,1086200,100,3100,100,0
1792,0,1281000,46000,46600,1153000,1144100,0,3300,0,100
1793,0,1256600,44700,51700,1121300,1115200,100,3800,100,100
1794,0,1225300,44400,48100,1103900,1098100,100,3700,100,100
1795,0,1220400,46000,48100,1099800,1094000,100,3300,0,100
1796,0,1209900,43900,46900,1093200,1087900,100,3100,100,100
1797,0,1202400,43400,46400,1087000,1081800,100,3200,100,0
1798,0,1303100,43700,47500,1127100,1120100,100,3500,100,100
1799,0,26284900,56900,55200,1845100,1835300,100,24260800,400,300
1800,0,33729800,58600,50600,1930700,1920200,0,31625500,500,100
1801,0,2245500,111700,50400,2022200,2010900,0,5100,100,0
1802,0,1275500,44500,47600,1133600,1128200,100,4800,100,100
1803,0,1205900,44400,46600,1071000,1065700,100,3100,100,200
1804,0,1216300,44200,46500,1071700,1066100,100,3200,100,300
1805,0,1242600,45200,48000,1083500,1077700,100,2900,100,0
1806,0,1259000,44000,46400,1072600,1067000,100,3000,100,0
1807,0,1243000,44300,47500,1070600,1065200,100,3100,100,300
1808,0,1194100,43900,46100,1070400,1065000,100,3100,100,0
1809,0,1545200,46800,46900,1410800,1405500,100,2500,100,100
1810,0,1271000,44300,46000,1102800,1097600,100,3200,100,100
1811,0,1231900,44900,46800,1090200,1084700,100,3100,100,0
1812,0,1221100,44300,47000,1076800,1071200,0,3100,0,100
1813,0,1207200,44100,45900,1074500,1069400,100,2900,0,100
1814,0,1197500,45500,46300,1070300,1065000,0,2900,100,0
1815,0,1201700,43900,45900,1071000,1065600,100,2900,100,0
1816,0,1267300,45600,46600,1083900,1078600,100,3200,100,300
1817,0,1241900,44700,47000,1073900,1068700,100,2900,0,0
1818,0,1267600,46300,46200,1101200,1094400,100,3200,100,0
1819,0,1237700,45700,51800,1075100,1068900,100,3600,200,200
1820,0,1197300,44700,46000,1078600,1073100,100,3000,100,100
1821,0,1228100,44300,47200,1074200,1068900,100,2900,0,200
1822,0,1215500,44600,46800,1068600,1063000,100,2900,100,100
1823,0,1193400,43900,46200,1084700,1079200,100,2900,100,100
1824,0,1188300,44200,46100,1077300,1071700,100,3200,0,100
1825,0,1201000,45000,47100,1089200,1083800,100,3000,100,0
1826,0,1192700,45400,48200,1077300,1071900,100,3400,100,100
1827,0,1184600,44200,45800,1071200,1066000,100,3100,100,100
1828,0,1178600,44200,45700,1068200,1062900,0,3000,0,200
1829,0,1193100,45200,46100,1069900,1064700,100,3000,100,100
1830,0,1194800,44100,46200,1070900,1065700,100,3300,100,100
1831,0,1204900,44500,47100,1070700,1065400,100,3100,100,0
1832,0,1198000,44600,47800,1069600,1064400,100,3100,100,200
1833,0,1204700,44500,46800,1071800,1066200,100,2900,100,0
1834,0,1230300,45400,47900,1074400,1069000,100,3000,0,300
1835,0,1196400,44200,48500,1069800,1064200,100,3000,100,100
1836,0,1249200,44200,46600,1083300,1077900,100,3400,0,100
1837,0,1205900,44100,46900,1069400,1064000,100,3100,100,100
1838,0,1273500,44500,46500,1109200,1101600,100,2900,100,200
1839,0,1246400,46500,50900,1093600,1087500,100,3600,200,100
1840,0,1202700,44200,48800,1072100,1066600,0,3400,100,200
1841,0,1197800,44000,45800,1070200,1064700,100,3000,100,0
1842,0,1189000,44000,46000,1068700,1063200,100,3000,100,100
1843,0,1191500,43800,46200,1067500,1062300,100,3200,0,100
1844,0,1207300,43900,45900,1083600,1078400,100,3400,100,200
1845,0,1241100,43900,46100,1067600,1062300,100,3100,100,200
1846,0,1284600,43800,46700,1077700,1071700,100,3100,0,300
1847,0,1221700,44100,46200,1069900,1064600,100,3100,100,100
1848,0,1208400,44100,46100,1069500,1064300,0,3000,0,0
1849,0,1188600,45900,49200,1069100,1063800,100,3000,100,100
1850,0,1185700,44800,46400,1069500,1064100,100,3200,100,100
1851,0,1278400,44400,46400,1129000,1119900,100,3000,100,0
1852,0,1256000,48600,48300,1124000,1118100,100,3300,200,200
1853,0,1209800,46900,48300,1081700,1076300,100,3200,100,200
1854,0,1183700,45000,46800,1069700,1064300,100,3000,100,100
1855,0,1188800,46300,46200,1071600,1066400,100,3000,0,100
1856,0,1184300,44700,46500,1069400,1064000,100,2900,0,0
1857,0,1193900,44200,46500,1078500,1073200,100,2900,100,0
1858,0,1238800,45300,47500,1070900,1065500,100,3200,100,0
1859,0,1202700,44200,45900,1079300,1073800,0,3000,100,300
1860,0,1207300,44400,46200,1093400,1087800,0,3100,0,200
1861,0,1186100,44200,46700,1071900,1066600,100,2900,0,200
1862,0,1181400,44100,47000,1070700,1065200,100,3100,100,100
1863,0,1186200,45500,46800,1070000,1064600,0,3000,100,200
1864,0,1189100,44800,46700,1069400,1064000,100,3000,0,200
1865,0,1189000,44900,46600,1067200,1061700,100,3100,100,0
1866,0,1236600,44900,47200,1086700,1080600,0,3500,100,200
1867,0,1216800,46200,47500,1087700,1082000,100,3000,0,200
1868,0,1193800,46500,48500,1071500,1065800,0,3400,0,0
1869,0,1197100,44800,46500,1067900,1062100,100,3100,100,100
1870,0,1204600,45100,46700,1067200,1061700,0,3100,100,0
1871,0,1198100,44500,46700,1072700,1067000,100,3000,100,200
1872,0,1193700,44900,47300,1070800,1065300,200,3000,100,200
1873,0,1216300,45100,47400,1094600,1088700,0,3000,100,200
1874,0,1202400,45000,47300,1079800,1074100,100,3400,100,100
1875,0,1192100,44600,46500,1069400,1064000,0,3200,100,200
1876,0,1192300,44900,46800,1068900,1063500,0,3000,100,100
1877,0,1192100,44900,46900,1067900,1062500,100,3100,100,200
1878,0,1263000,45400,48800,1068300,1062900,100,2900,100,100
1879,0,1230800,45000,47200,1070100,1064500,100,3100,100,0
1880,0,1186600,45000,46700,1072800,1067100,100,3100,100,0
1881,0,1213200,44900,46600,1070800,1065300,100,2900,100,200
1882,0,1211400,48600,46500,1071400,1063600,100,3500,100,100
1883,0,1193900,46000,49300,1074200,1067700,100,3600,200,100
1884,0,1178300,44500,45800,1070300,1064600,100,3300,100,0
1885,0,1182800,44200,45600,1073100,1067400,100,3000,100,200
1886,0,1184300,44300,46000,1077800,1072100,100,3300,0,200
1887,0,1194400,44200,45600,1089000,1083400,100,3100,100,100
1888,0,1181800,44300,46100,1074400,1068500,100,3400,100,200
1889,0,1197000,44200,46200,1074300,1068700,100,3300,0,0
1890,0,1220100,44200,51300,1077500,1071800,100,3000,100,0
1891,0,1208900,44000,46700,1073100,1067400,100,3000,100,100
1892,0,1198600,44300,46400,1069600,1064000,100,3200,0,200
1893,0,1198100,44000,45900,1070600,1065400,100,3200,100,200
1894,0,1229300,45700,46400,1080600,1075100,100,3100,100,200
1895,0,1188500,44100,46000,1069200,1063800,100,3000,100,0
1896,0,1223300,44100,46000,1071000,1065500,100,3000,100,0
1897,0,1196600,44400,46300,1069300,1063800,100,3000,100,100
1898,0,1217600,44000,45900,1070000,1064700,100,3100,0,100
1899,0,1199800,44000,46000,1069800,1064300,100,3000,100,0
1900,0,1191800,44200,46300,1070300,1064900,100,3100,0,200
1901,0,1195100,44200,46100,1081500,1076000,0,3000,100,0
1902,0,1198000,44900,46200,1080400,1071400,100,3400,100,0
1903,0,1208700,45300,50000,1072500,1066500,100,3500,200,200
1904,0,1210800,44100,45800,1087500,1081800,100,3500,0,100
1905,0,1198700,44100,45800,1072200,1066600,100,3200,100,0
1906,0,1214800,44200,45800,1070100,1064700,100,3400,0,0
1907,0,1192500,44700,46000,1075800,1070200,100,3200,100,0
1908,0,1218000,46300,54500,1088100,1082300,100,3400,100,0
1909,0,1252000,48400,46700,1085900,1080200,100,3200,100,100
1910,0,1235400,43800,46300,1087000,1081300,100,3100,0,100
1911,0,1226300,44200,46100,1074000,1068500,100,3200,0,200
1912,0,1223200,44200,50400,1083400,1072700,100,3800,200,200
1913,0,1196400,44100,46600,1073000,1067300,100,2900,100,0
1914,0,1192800,44200,46100,1073800,1068200,0,3200,100,200
1915,0,1206000,44200,50900,1080600,1075200,0,3400,100,300
1916,0,1203100,44400,45800,1079600,1070700,100,3200,100,200
1917,0,1208500,45200,50200,1075000,1068600,100,3500,200,200
1918,0,1239300,44400,46600,1071000,1065500,100,3000,100,100
1919,0,25312400,58200,46000,1545900,1535500,300,23615000,300,100
1920,0,33187200,56000,48100,1594800,1583600,100,31435000,400,100
1921,0,1659200,44700,48800,1504900,1494700,100,5000,100,100
1922,0,1441400,44600,46900,1302500,1292800,100,3800,0,0
1923,0,1239000,45500,51700,1094500,1084700,100,4100,100,200
1924,0,1205700,44400,46600,1071500,1065600,100,3100,100,0
1925,0,1211200,44300,46400,1070300,1064700,100,3000,100,200
1926,0,1257600,44100,45900,1081100,1075400,100,3100,100,200
1927,0,1211500,44400,47200,1069200,1063600,100,3000,100,100
1928,0,1214000,44400,46200,1083700,1077900,100,3100,0,0
1929,0,1219000,43700,46000,1080400,1071100,100,3000,100,100
1930,0,1295100,44200,47100,1069700,1063800,100,3000,100,100
1931,0,1325400,44400,46900,1069900,1064300,100,3000,100,200
1932,0,1187700,44400,46400,1068900,1063300,100,3200,100,0
1933,0,1192500,44400,46000,1069800,1064200,100,3000,100,100
1934,0,1200400,44200,46000,1069300,1063600,0,2900,100,300
1935,0,1221100,46500,46600,1081600,1076100,100,3000,100,0
1936,0,1199800,44300,46600,1069300,1063900,100,3200,0,300
1937,0,1197000,44400,45900,1070400,1064800,100,3000,100,0
1938,0,1222600,44200,46000,1070200,1064500,100,2900,0,200
1939,0,1221800,44300,46400,1084400,1078900,0,3300,100,0
1940,0,1227700,44700,46200,1068100,1062500,100,2900,100,300
1941,0,1239200,44300,45900,1067100,1061700,100,2300,100,100
1942,0,1211300,43500,46400,1075600,1066400,100,3100,100,100
1943,0,1174000,44200,46300,1069700,1064200,0,3100,100,0
1944,0,1218700,44200,45700,1112400,1106800,100,3200,100,100
1945,0,1177400,45700,47800,1069400,1064000,100,3000,100,100
1946,0,1174200,44200,46300,1068000,1062600,100,3000,100,100
1947,0,1173100,44100,45700,1068800,1063400,100,2900,0,300
1948,0,1176600,44200,45900,1069100,1063700,200,3100,100,200
1949,0,1184900,44500,46300,1069700,1064300,100,2900,100,200
1950,0,1187200,44400,46800,1069400,1064000,100,2900,0,100
1951,0,1188000,44300,46200,1067000,1061700,100,2900,0,100
1952,0,1185100,44000,45900,1069700,1064200,100,3000,100,0
1953,0,1186300,44400,45900,1069200,1063700,0,3100,0,100
1954,0,1199400,44000,46200,1068900,1063500,100,2900,0,100
1955,0,1180000,44700,46100,1069400,1064000,100,3000,100,200
1956,0,1225400,44400,46300,1086100,1080700,100,3300,100,200
1957,0,1224100,44300,46300,1101800,1094700,100,2900,100,100
1958,0,1228300,45400,49900,1071600,1065800,100,3500,200,200
1959,0,1196300,44400,46300,1067300,1062000,100,3000,100,200
1960,0,1190100,44300,46800,1072300,1066800,100,3000,100,0
1961,0,1194200,43100,46300,1076800,1066900,100,3100,100,100
1962,0,1195200,43900,46600,1074500,1069300,100,3000,100,100
1963,0,1181600,43800,46500,1072900,1067700,0,3300,0,300
1964,0,1190900,43900,46500,1075900,1070800,100,3400,100,100
1965,0,1197200,43600,47800,1072500,1067300,100,3000,100,200
1966,0,1224000,43900,46600,1076300,1071100,0,2900,100,0
1967,0,1189700,44300,46400,1073300,1067900,100,3000,100,300
1968,0,1198800,43600,46200,1084500,1079400,100,3100,100,300
1969,0,1188200,43600,46200,1072400,1067300,100,2900,100,0
1970,0,1233600,45300,46200,1112500,1104400,0,3100,0,0
1971,0,1289700,45900,48700,1090500,1084100,100,3000,100,200
1972,0,1214800,44400,46700,1067400,1061700,0,3100,100,200
1973,0,1182000,44100,45500,1067200,1061500,100,3000,100,0
1974,0,1182600,44200,46000,1067100,1061500,100,3000,100,200
1975,0,1193200,44400,46100,1069500,1063900,100,3000,100,100
1976,0,1198000,43800,45800,1077200,1068200,100,3000,100,0
1977,0,1205000,42600,46300,1083900,1074500,100,3000,100,0
1978,0,1264800,44000,46200,1095500,1090400,100,3000,100,0
1979,0,1217800,43600,46400,1091900,1086600,100,3100,100,200
1980,0,1187500,43600,46400,1070900,1065700,100,3100,0,200
1981,0,1189700,44100,46300,1074300,1069100,0,3000,100,0
1982,0,1184300,43600,46100,1072700,1067600,100,3100,100,0
1983,0,1186700,43600,46400,1072600,1067500,100,3000,100,0
1984,0,1263700,43900,46400,1147200,1140800,100,2900,100,300
1985,0,1216700,44400,47800,1089800,1084300,100,3800,100,100
1986,0,1233400,43600,46600,1085000,1079800,100,3000,0,100
1987,0,1203000,43800,46300,1081000,1075600,100,3200,100,0
1988,0,1199700,43800,46300,1079200,1074100,100,3300,100,300
1989,0,1215200,43500,53500,1082300,1077200,100,3000,100,0
1990,0,1227300,44000,46800,1079200,1073700,100,3000,100,100
1991,0,1207500,43700,46700,1080600,1075200,100,3000,100,100
1992,0,1218800,43600,46500,1092600,1087300,100,3000,100,200
1993,0,1229500,43800,46500,1102100,1096800,100,3100,100,100
1994,0,1195800,43600,45900,1078500,1073300,100,3300,100,200
1995,0,1217300,43600,46600,1091400,1086100,100,3100,100,200
1996,0,1210600,43400,46100,1079200,1074000,0,3300,100,100
1997,0,1208800,43500,46500,1074600,1069400,100,3000,100,200
1998,0,1294000,44000,46600,1135400,1127500,100,3300,0,100
1999,0,1274500,47800,51100,1111800,1105600,100,3500,200,200
2000,0,1234600,44300,46400,1111900,1106500,100,3500,100,100
2001,0,1242600,43700,46700,1084300,1078700,0,3000,100,0
2002,0,1270400,43600,46400,1084300,1078900,100,3200,100,200
2003,0,1226200,43500,46600,1081600,1076200,0,3400,100,100
2004,0,1190600,44100,47500,1078000,1072500,100,3000,100,100
2005,0,1230000,43700,46000,1119500,1113900,100,3000,0,300
2006,0,1225700,45000,46200,1106900,1101500,100,3100,100,100
2007,0,1208400,43500,46000,1091500,1086100,100,3100,100,100
2008,0,1197900,43600,46100,1083700,1078300,100,3200,100,0
2009,0,1207600,43900,46200,1081400,1076200,100,3100,100,100
2010,0,1213500,44000,46400,1080400,1075000,100,3200,100,200
2011,0,1207200,43300,46400,1077800,1072500,100,3300,100,200
2012,0,1386300,44000,46400,1261800,1256200,100,3200,100,0
2013,0,1212900,44600,46600,1084300,1078800,100,3000,100,100
2014,0,1226100,43600,46800,1078500,1073300,100,3000,100,0
2015,0,1242300,43900,46800,1078500,1073100,100,3000,100,100
2016,0,1286100,44100,46800,1077900,1072500,100,3000,0,0
2017,0,1191900,43900,46300,1076200,1070700,0,2900,100,100
2018,0,1226300,43900,46400,1085100,1079600,100,3300,100,100
2019,0,1240600,45800,48800,1107100,1101300,100,3100,100,100
2020,0,1198200,43600,46300,1081700,1076300,100,3100,100,0
2021,0,1197100,43800,46600,1078800,1073400,0,3100,100,200
2022,0,1191500,44100,46000,1074700,1069500,100,3100,100,200
2023,0,1192300,43800,46200,1074200,1068900,100,3000,100,100
2024,0,1211600,43600,46100,1086200,1080600,100,3100,100,0
2025,0,1188900,43900,45900,1073900,1068200,100,3000,100,300
2026,0,1216100,44300,47100,1072700,1067200,100,3300,100,0
2027,0,1207100,44000,46300,1091000,1085600,100,3000,100,0
2028,0,1195000,43500,46100,1074500,1069300,100,3000,100,200
2029,0,1206700,43800,46200,1087200,1082000,100,3000,100,100
2030,0,1192200,44000,46100,1074000,1068600,100,3000,100,300
2031,0,1224200,43700,46200,1072900,1067600,100,3000,0,100
2032,0,1198300,43700,46100,1074300,1069000,100,3300,100,0
2033,0,1231000,44100,46500,1072700,1067500,100,2900,100,200
2034,0,1213900,43900,46000,1072500,1067200,100,3200,100,0
2035,0,1185200,43700,46200,1072600,1067200,100,3300,100,100
2036,0,1183800,43500,46200,1070900,1065700,0,3200,100,200
2037,0,1183500,43600,46000,1071200,1065900,100,3100,100,0
2038,0,1232200,44100,46200,1071800,1066500,100,3100,100,0
2039,0,24685800,55100,46200,1349600,1341200,0,23197500,200,100
2040,0,33379100,54000,47200,1807700,1800300,100,31427500,500,300
2041,0,1846300,44400,49100,1709200,1702900,100,5700,0,100
2042,0,1415100,44600,48300,1289300,1283300,100,4000,0,200
2043,0,1194700,44500,47100,1073800,1067800,0,3500,0,0
2044,0,1199100,44500,47000,1075000,1068900,100,3100,100,0
2045,0,1199300,44400,47400,1075500,1069400,100,2900,100,0
2046,0,1249300,44300,46700,1085700,1080100,100,3200,100,100
2047,0,1210300,44400,46800,1083400,1077600,100,3100,100,100
2048,0,1214900,44100,48200,1099000,1093300,100,3600,0,200
2049,0,1207900,45700,47000,1078600,1072700,100,2900,100,200
2050,0,1240100,43900,46900,1077000,1067600,100,3200,0,200
2051,0,1206600,44600,46200,1069600,1063900,100,3100,100,200
2052,0,1202700,44400,46700,1071400,1066000,0,3100,100,100
2053,0,1199200,44700,46300,1068700,1063400,100,3000,0,0
2054,0,1197900,44700,46200,1067400,1062100,100,3100,100,100
2055,0,1223900,46600,46500,1080600,1074600,0,3000,100,100
2056,0,1194800,44300,46000,1068700,1063300,100,3100,100,100
2057,0,1200800,44700,46800,1069900,1064400,100,2900,100,200
2058,0,1233100,44500,46300,1067100,1061900,100,3100,100,300
2059,0,1226100,44700,47100,1069300,1063900,100,3200,0,0
2060,0,1220500,44500,46600,1083500,1078100,100,3000,100,0
2061,0,1249900,44500,46500,1087000,1078000,100,3000,100,0
2062,0,1263300,48100,49900,1088100,1078800,100,3600,200,100
2063,0,1201800,44000,46500,1071300,1065900,100,3500,100,100
2064,0,1233500,44200,46400,1070000,1064700,100,3300,100,200
2065,0,1217900,44000,46400,1069200,1064000,0,3000,100,100
2066,0,1182100,45200,46000,1069300,1063900,100,3300,0,200
2067,0,1180200,44200,46300,1070700,1065400,100,3100,0,100
2068,0,1182100,44000,46000,1067400,1061900,0,2900,100,300
2069,0,1191000,43700,45800,1068000,1062700,100,3000,100,200
2070,0,1203500,44000,46400,1078300,1073000,100,3000,0,200
2071,0,1204000,43900,50100,1068800,1063500,100,3100,0,200
2072,0,1193000,43900,46200,1068600,1063600,100,3000,100,100
2073,0,1194900,43700,46200,1068700,1063600,100,3000,100,200
2074,0,1214600,43900,46500,1068700,1063300,100,3400,100,100
2075,0,1201900,43700,46200,1086600,1081400,100,3000,100,0
2076,0,1215700,43800,46400,1069800,1064700,100,3100,100,0
2077,0,1190900,43600,46300,1069000,1063500,100,3100,100,200
2078,0,1238600,44200,45700,1097700,1089500,100,3200,200,0
2079,0,1207000,44500,48000,1071800,1066100,100,3500,100,200
2080,0,1200500,44200,47000,1083100,1077800,100,3200,100,200
2081,0,1202100,44300,46200,1082100,1076600,100,3000,100,0
2082,0,1195600,44000,46100,1071300,1066000,100,3200,100,0
2083,0,1209800,44200,46300,1086400,1081100,100,3200,100,200
2084,0,1202100,44000,46500,1078200,1072900,100,3200,100,100
2085,0,1204500,44500,46500,1076400,1071200,0,3000,100,200
2086,0,1226800,43800,46000,1067300,1061700,0,3100,100,200
2087,0,1181500,43900,45900,1069300,1064100,100,3100,100,0
2088,0,1199900,43800,45700,1081900,1076500,100,3000,100,0
2089,0,1212600,43900,45600,1088000,1082800,100,3000,100,100
2090,0,1201100,47100,45800,1071400,1063700,100,3500,100,100
2091,0,1247000,44100,46400,1080900,1075600,100,3000,0,100
2092,0,1207100,43900,46000,1069000,1063700,100,2900,100,100
2093,0,1198100,44000,46000,1068700,1063500,100,3100,100,200
2094,0,1197500,44500,46200,1069200,1063900,0,3200,100,200
2095,0,1255100,43900,46300,1083400,1078100,100,3100,100,100
2096,0,1309300,44100,45700,1158500,1149700,100,3400,100,0
2097,0,1213400,45000,48100,1084700,1078600,100,3400,100,100
2098,0,1258200,44000,46100,1084400,1078700,100,3000,100,300
2099,0,1198300,44000,45900,1067000,1061500,100,2900,100,0
2100,0,1232400,44000,46300,1068900,1063500,100,3200,100,0
2101,0,1237100,44100,46300,1069300,1063900,100,2900,0,300
2102,0,1176500,44000,45100,1069100,1063700,100,3100,0,200
2103,0,1215500,44100,45600,1106200,1100700,100,2900,100,100
2104,0,1179000,44000,46000,1067100,1061700,100,3300,100,0
2105,0,1180900,44100,45600,1069100,1063600,100,2900,100,200
2106,0,1209100,44000,45900,1069100,1063500,100,3100,100,200
2107,0,1183000,44000,45800,1069500,1063900,100,3100,0,0
2108,0,1199200,44100,45800,1092100,1086600,100,3400,100,300
2109,0,1233800,44100,45600,1118400,1109100,100,3000,100,0
2110,0,1224900,43300,50400,1080800,1070800,100,3900,100,200
2111,0,1192100,43600,46500,1074100,1068500,100,2900,0,0
2112,0,1196000,44000,46300,1078600,1073400,100,3100,0,100
2113,0,1201900,43800,46600,1082300,1077100,100,2900,0,200
2114,0,1204300,43400,46300,1085800,1080600,100,3000,100,200
2115,0,1193000,43700,46500,1072800,1067600,100,3300,100,100
2116,0,1195700,43500,46500,1070400,1065200,100,3000,100,200
2117,0,1213300,44800,48200,1083600,1078100,200,3100,0,100
2118,0,1215200,43300,46500,1072900,1067700,100,3200,0,100
2119,0,1201800,43600,46500,1070400,1065200,100,3100,100,0
2120,0,1199700,43700,46300,1084800,1079800,100,3300,0,100
2121,0,1219200,43600,46600,1070700,1065400,100,3100,0,100
2122,0,1313000,43900,46400,1172600,1165700,0,3100,100,0
2123,0,1239900,45300,48200,1118600,1111600,200,3100,100,200
2124,0,1222100,45900,51000,1101200,1095600,200,3700,200,100
2125,0,1199200,43600,46700,1089200,1083900,100,3300,100,200
2126,0,1234700,44000,46600,1084100,1078700,100,3100,0,100
2127,0,1222000,43800,46400,1080000,1074600,100,3100,100,100
2128,0,1190600,43700,45900,1081100,1075800,100,3300,100,200
2129,0,1203500,43600,46600,1085000,1079700,100,3200,100,100
2130,0,1206500,43800,46300,1086700,1081300,100,3200,100,0
2131,0,1208700,43800,46400,1083800,1078500,0,3100,0,200
2132,0,1198500,43700,46100,1079100,1073700,100,3200,0,200
2133,0,1198000,43800,46300,1076800,1071600,100,3000,200,100
2134,0,1234100,43700,46800,1093700,1088500,100,2900,100,0
2135,0,1186900,44100,46300,1076200,1071000,100,3000,100,100
2136,0,1248900,43600,46400,1106600,1101400,0,3000,100,0
2137,0,1207300,44100,47800,1091000,1085700,100,3100,100,100
2138,0,1252100,46800,47600,1101400,1095400,100,3300,100,200
2139,0,1224500,43800,45900,1101100,1095600,100,3200,100,0
2140,0,1187800,43500,46100,1081500,1076300,100,3100,100,0
2141,0,1192000,43800,45800,1081100,1075900,0,3000,100,100
2142,0,1195400,43700,45900,1085200,1080000,100,3000,100,200
2143,0,1192300,43700,46300,1077600,1072400,100,3300,0,100
2144,0,1208700,43600,46000,1085700,1080200,100,3100,0,100
2145,0,1215300,43700,46200,1079700,1074400,100,3100,0,200
2146,0,1232400,44000,46400,1078700,1073400,100,3200,100,100
2147,0,1201300,43700,46200,1075600,1070300,0,3000,100,0
2148,0,1204500,43800,46300,1073500,1068100,0,2900,100,200
2149,0,1186400,43700,46100,1071300,1066300,100,3100,100,100
2150,0,1217800,43900,46600,1094800,1089200,100,3200,100,100
2151,0,1240800,43500,46800,1082800,1077500,0,3100,100,200
2152,0,1209200,43600,46700,1074500,1069300,100,3200,100,100
2153,0,1216800,43800,46800,1088800,1083600,100,2900,100,100
2154,0,1193000,43700,46100,1073900,1068600,100,3200,0,100
2155,0,1191200,43700,46500,1074000,1068600,100,3200,100,100
2156,0,1190900,43300,46100,1071500,1066100,100,3200,100,100
2157,0,1248000,43700,46300,1090100,1084700,100,3000,100,200
2158,0,1284300,43700,46500,1090200,1084900,100,3000,0,0
2159,0,24390600,51400,45900,1357300,1335500,0,22893100,100,0
2160,0,32800900,49700,47000,1433200,1427100,0,31217800,200,300
2161,0,1448400,43600,47200,1316000,1310600,0,3500,100,0
2162,0,1399600,44100,46600,1274900,1269500,100,3300,100,0
2163,0,1344200,43500,46600,1223300,1217900,100,3000,100,100
2164,0,1206400,43600,45900,1081800,1076400,100,3000,100,500
2165,0,1246200,43900,45700,1120200,1111700,0,2900,100,200
2166,0,1316900,45300,49300,1138900,1129800,100,3500,100,100
2167,0,1248100,44700,49800,1102000,1096200,100,3600,200,200
2168,0,1206300,44400,48400,1081800,1076500,100,3100,0,200
2169,0,1200800,44700,47000,1072200,1067000,0,3100,100,300
2170,0,1249300,45400,47900,1087700,1082500,0,3100,0,200
2171,0,1208700,44300,46300,1080500,1075400,100,3000,100,0
2172,0,1195700,44000,46000,1072800,1067700,100,3100,100,0
2173,0,1198800,44700,48100,1070600,1065600,100,3000,100,0
2174,0,1236900,43700,46500,1106500,1100500,100,3100,100,300
2175,0,1215900,43800,47400,1076100,1070700,100,3300,100,200
2176,0,1224800,44100,46800,1072900,1067600,200,3200,0,300
2177,0,1221600,44200,46400,1071000,1065600,100,2800,0,100
2178,0,1245100,44100,46600,1072800,1067300,200,3200,100,0
2179,0,1253700,44000,46800,1087300,1081700,100,3000,100,100
2180,0,1196300,44100,46600,1071000,1065600,100,3100,100,0
2181,0,1313500,46900,50800,1138000,1132600,0,4300,0,0
2182,0,1241500,43400,46600,1080300,1074600,100,3000,100,100
2183,0,1198700,43900,46400,1072900,1067600,100,3100,100,0
2184,0,1193900,44100,46200,1072800,1067500,100,3100,100,300
2185,0,1247300,44400,46800,1072600,1067100,100,2900,0,0
2186,0,1288800,44800,47400,1086400,1080900,100,3100,100,0
2187,0,1187600,44200,46400,1076200,1070800,100,3100,100,100
2188,0,1246600,45000,48700,1090900,1085700,0,3500,0,100
2189,0,1231700,44300,49700,1073500,1068000,100,3000,100,200
2190,0,1194500,44300,46600,1072900,1067500,100,2900,0,200
2191,0,1204700,44200,46500,1072300,1067000,100,3100,100,0
2192,0,1190200,43800,46500,1071400,1066000,100,3000,0,200
2193,0,1192400,43800,46700,1072400,1067000,100,2900,0,0
2194,0,1225000,44000,46400,1080300,1075000,100,3000,0,0
2195,0,1368900,44700,46500,1257500,1252100,100,3000,100,0
2196,0,1215700,43800,46700,1071500,1066200,100,2900,100,100
2197,0,1188200,43700,46300,1070700,1065100,100,3100,100,200
2198,0,1211300,44400,46400,1072900,1067600,100,3000,100,100
2199,0,1193500,44100,46400,1072900,1067400,100,3000,100,300
2200,0,1198400,43800,46300,1089300,1080000,0,2900,100,0
2201,0,1212700,44400,50400,1089900,1084000,100,3500,200,100
2202,0,1185100,44000,46200,1075400,1069900,0,3400,100,100
2203,0,1182100,44100,46300,1072700,1067300,100,3100,100,0
2204,0,1201000,43900,46200,1086300,1080900,100,3200,100,300
2205,0,1208000,52300,46300,1074900,1067600,100,3100,100,200
2206,0,1216800,44000,46300,1070400,1064400,100,3000,100,200
2207,0,1183600,43700,46300,1068200,1062700,100,3000,100,100
2208,0,1192700,44000,46500,1073200,1067800,100,3200,100,100
2209,0,1191500,45100,47100,1067700,1062100,100,3000,100,0
2210,0,1198500,43600,45900,1073500,1067600,100,3100,100,100
2211,0,1225700,43900,46000,1081100,1075900,100,3100,100,100
2212,0,1205400,43800,45800,1083700,1078500,0,3100,100,100
2213,0,1190300,44200,46000,1067100,1061800,100,3100,100,300
2214,0,1188200,43900,46100,1068800,1063600,100,3100,100,200
2215,0,1187500,44100,46100,1071200,1065900,100,3000,100,0
2216,0,1222700,43900,45600,1092200,1086900,100,3100,100,100
2217,0,1198300,45700,45900,1080600,1075300,100,2900,0,200
2218,0,1231900,43700,46100,1066700,1061500,100,3000,100,200
2219,0,1229000,43800,46200,1067000,1061900,100,3000,100,0
2220,0,1206000,44000,46400,1068900,1063700,100,3300,100,200
2221,0,1208400,44000,45700,1098200,1093000,0,2900,100,100
2222,0,1223100,43800,46300,1115700,1110300,100,3100,100,100
2223,0,1201500,44100,46000,1088200,1072700,100,3000,100,100
2224,0,1178600,43900,46000,1067000,1061800,100,3100,100,200
2225,0,1181900,44000,46300,1068900,1063600,100,3100,100,400
2226,0,1221900,43900,46000,1083100,1077900,100,3000,100,100
2227,0,1185800,44000,46000,1071200,1066000,100,3000,100,100
2228,0,1189300,44600,46000,1080600,1075500,0,3100,100,100
2229,0,1219600,44000,45800,1101000,1095800,0,3000,100,0
2230,0,1216200,43800,45900,1068900,1063700,100,3100,0,200
2231,0,1189200,44300,45800,1068200,1063000,100,2900,100,100
2232,0,1194300,43900,45900,1073200,1067600,100,3200,100,200
2233,0,1186900,43900,45900,1069200,1063800,100,3000,100,300
2234,0,1184300,44000,45800,1069100,1063900,100,3000,100,0
2235,0,1234800,44100,46400,1113700,1108300,100,3000,100,200
2236,0,1198300,44100,46600,1071200,1065900,100,3000,100,0
2237,0,1208400,46200,46100,1077100,1063800,100,3000,100,0
2238,0,1225400,44000,46500,1069600,1064400,100,3000,100,300
2239,0,1207400,43900,46100,1069100,1063800,100,3000,0,0
2240,0,1206600,44100,46100,1084200,1079100,100,2900,100,0
2241,0,1253500,43500,46500,1097600,1091700,100,2500,100,100
2242,0,1219800,43800,46400,1081200,1075700,100,3100,100,100
2243,0,1198900,44500,45900,1084400,1079000,100,3100,100,0
2244,0,1198600,43500,45900,1086100,1076700,100,3400,100,100
2245,0,1189100,43400,46000,1075300,1065800,100,3200,100,200
2246,0,1184600,44100,46100,1069300,1063900,100,3200,100,100
2247,0,1187000,43700,46200,1071500,1066000,100,3000,100,200
2248,0,1221300,43800,45900,1108800,1103200,100,3300,100,100
2249,0,1216000,44200,47900,1090300,1084800,100,3100,100,100
2250,0,1270100,44300,48800,1100100,1094600,100,3100,100,200
2251,0,1244200,45400,46800,1079700,1074300,100,3100,100,100
2252,0,1206200,44100,46300,1078500,1072900,100,3000,100,0
2253,0,1208800,46800,46600,1081100,1075600,100,3100,100,200
2254,0,1217100,44300,46000,1074200,1068400,100,3100,100,100
2255,0,1214800,44200,45800,1095000,1083500,0,3100,100,200
2256,0,1232800,44100,46000,1086100,1080500,100,3000,100,0
2257,0,1198800,44100,46500,1081500,1076000,100,2900,100,100
2258,0,1218400,44200,45900,1075400,1069800,100,3100,100,100
2259,0,1201600,43400,45800,1079100,1070300,100,3000,100,100
2260,0,1185300,43600,46600,1075100,1069900,100,3300,100,0
2261,0,1195100,43600,46600,1075300,1070200,100,2900,100,0
2262,0,1203100,43500,46100,1086100,1079400,100,3300,100,0
2263,0,1242800,44000,48800,1120300,1111500,100,2500,0,100
2264,0,1242100,45600,47900,1115700,1110300,0,3600,100,100
2265,0,1222700,44000,46300,1092800,1087600,100,3100,100,100
2266,0,1234600,43900,46700,1086600,1081200,100,3000,0,0
2267,0,1217000,43600,46500,1095500,1090400,100,3500,100,100
2268,0,1205900,43800,46200,1080400,1074900,100,3200,100,200
2269,0,1209700,43400,46400,1081400,1076100,100,3100,100,100
2270,0,1270900,43900,46500,1094000,1088800,100,3300,0,100
2271,0,1300000,43600,47000,1077800,1072400,0,3100,100,100
2272,0,1212800,43700,46800,1076300,1070900,100,3300,100,100
2273,0,1193000,44100,46400,1075000,1069600,100,3400,100,0
2274,0,1193900,43500,46500,1076000,1071000,100,3200,100,200
2275,0,1225400,43400,46500,1105400,1100000,100,3100,100,0
2276,0,1198500,43600,46800,1075500,1070300,100,3300,100,100
2277,0,1233900,44000,46300,1111800,1106500,100,2900,0,200
2278,0,1246800,43700,46800,1074000,1068900,100,3500,0,200
2279,0,24696200,47800,46400,1377700,1363900,0,23184700,100,200
2280,0,32414000,50600,48600,1411000,1401100,0,30860800,200,100
2281,0,1484000,45000,49400,1275200,1269400,100,4000,100,200
2282,0,1463300,43800,46500,1278200,1271900,100,3700,100,100
2283,0,1333700,43900,45800,1214700,1209500,100,3100,100,100
2284,0,1306100,43800,46300,1186500,1181300,100,3400,100,100
2285,0,1295100,44100,46300,1172200,1166700,100,3000,200,100
2286,0,1230200,44300,46200,1073900,1068700,100,2900,100,200
2287,0,1218800,45900,46100,1089100,1083100,100,3000,100,100
2288,0,1181200,43600,47900,1067200,1062100,100,3100,100,200
2289,0,1191900,44100,46100,1068700,1063600,100,3000,100,300
2290,0,1213100,43900,46500,1067600,1062400,100,3100,100,0
2291,0,1187200,44100,45800,1068700,1063400,100,2900,0,200
2292,0,1238300,44000,46300,1117800,1110700,100,3000,100,100
2293,0,1224300,44600,47800,1098200,1092100,200,3400,100,100
2294,0,1197300,44100,46500,1078500,1073000,100,3200,100,200
2295,0,1186000,43800,46400,1066700,1061500,100,3100,100,0
2296,0,1191000,43900,46000,1069100,1063600,100,3000,0,0
2297,0,1194200,44000,46200,1068400,1063300,100,3000,100,0
2298,0,1231200,44200,46200,1069300,1063800,100,3600,100,0
2299,0,1224500,44000,46400,1078300,1073000,100,3200,100,100
2300,0,1194900,44300,46200,1071600,1066400,0,3000,100,100
2301,0,1243800,44200,47100,1087100,1081500,100,3000,0,0
2302,0,1218600,44300,46400,1068700,1063300,100,3000,100,300
2303,0,1202800,44000,46100,1078000,1072800,100,3000,0,300
2304,0,1174900,44200,46000,1068700,1063600,100,3400,100,100
2305,0,1179100,44200,46100,1069000,1063600,0,2900,100,0
2306,0,1185300,43800,46100,1069100,1063800,0,3200,100,100
2307,0,1217800,43900,46000,1103000,1097000,100,2900,100,100
2308,0,1229000,44600,48300,1110900,1101400,100,3300,100,200
2309,0,1199300,43900,46400,1071500,1066200,100,3200,100,300
2310,0,1198800,43500,46300,1072400,1067200,100,3200,100,100
2311,0,1203400,43400,46300,1072700,1067500,0,3000,100,300
2312,0,1239800,43500,46200,1071100,1066000,100,3000,0,100
2313,0,1230900,43900,46700,1072700,1067500,100,2900,100,0
2314,0,1254500,43500,46300,1106300,1100800,0,3000,100,0
2315,0,1208000,44100,47500,1078200,1072900,100,3400,100,200
2316,0,1267300,45800,47500,1108900,1103100,100,3200,100,0
2317,0,1263400,44100,47400,1122700,1117000,100,2900,200,200
2318,0,1223300,44100,46800,1071400,1066100,200,3000,100,0
2319,0,1201300,43300,46400,1071000,1065600,100,3100,0,0
2320,0,1184600,43600,46100,1072800,1067600,100,2900,0,100
2321,0,1215100,45500,51300,1089700,1083700,100,2900,100,0
2322,0,1191600,43500,47700,1077000,1071800,100,3400,0,100
2323,0,1193800,43800,46100,1076000,1070700,100,3000,100,0
2324,0,1188200,43600,46000,1074100,1068800,100,3000,100,200
2325,0,1195700,43500,46400,1075100,1069800,100,3100,100,0
2326,0,1214400,43600,46100,1073300,1068200,100,3000,100,100
2327,0,1202900,45600,49300,1082600,1077400,300,3000,0,200
2328,0,1197500,45000,47700,1074600,1069500,100,3400,100,100
2329,0,1196800,43700,46500,1075000,1069900,100,3000,100,200
2330,0,1200500,43500,46100,1073100,1068000,100,3200,100,100
2331,0,1232400,43600,46200,1074000,1068800,100,3000,0,300
2332,0,1227800,43500,46300,1092400,1087000,0,3400,0,100
2333,0,1211700,44000,46400,1073100,1067800,100,3100,0,200
2334,0,1208900,43600,46400,1077000,1071700,100,3300,100,0
2335,0,1211600,43600,46000,1094400,1089200,100,3100,0,200
2336,0,1205200,44900,47400,1080700,1075500,400,3500,0,0
2337,0,1200800,43700,46300,1071900,1066700,100,3100,0,300
2338,0,1243000,43300,46400,1072700,1067600,0,3300,100,0
2339,0,1217500,43600,46200,1086500,1081300,100,3000,100,0
2340,0,1193400,43300,46200,1073200,1068100,100,3300,100,100
2341,0,1214300,43600,46400,1091300,1086100,100,3100,100,0
2342,0,1185200,43800,46200,1070600,1065400,100,2900,100,200
2343,0,1229600,43200,46400,1072700,1067600,100,3100,100,0
2344,0,1213100,43800,46600,1070500,1065300,100,3000,100,0
2345,0,1204300,43900,46100,1086800,1081700,100,2900,100,0
2346,0,1239300,43600,46500,1087900,1082700,100,2900,100,0
2347,0,1209500,43600,46300,1082100,1076700,100,3100,0,200
2348,0,1230700,43400,46100,1115600,1110400,100,3000,0,100
2349,0,1196600,43600,46200,1074200,1069000,100,2900,100,0
2350,0,1235100,43900,46600,1087900,1083000,100,3100,100,200
2351,0,1274500,46800,50100,1135300,1127700,0,3300,100,100
2352,0,1252800,47100,52500,1115900,1109700,100,4200,200,0
2353,0,1230900,47000,48600,1101600,1096200,100,3500,100,200
2354,0,1221700,45200,48200,1097700,1092400,100,3100,0,0
2355,0,1365200,46200,48900,1164700,1156800,100,3300,0,100
2356,0,1449800,45500,51100,1183900,1177900,100,3900,200,300
2357,0,1383400,45100,49400,1233100,1225900,100,3700,0,300
2358,0,1375400,46500,49100,1176300,1170500,200,4400,100,100
2359,0,1306100,44700,47900,1130900,1125700,100,3200,100,100
2360,0,1239800,45300,46600,1108800,1103600,100,3200,100,300
2361,0,1283200,43700,46500,1103900,1097700,100,3200,100,100
2362,0,1288600,44300,47100,1101300,1095800,100,3800,100,0
2363,0,1197900,45600,47200,1077300,1072100,100,3100,100,0
2364,0,1198200,45300,47800,1076300,1071100,100,3600,100,200
2365,0,1213200,44700,47800,1082100,1076800,100,3100,100,100
2366,0,1186500,44400,48700,1076600,1071400,100,3100,100,0
2367,0,1185800,44400,47100,1073100,1068000,100,3100,100,300
2368,0,1201300,45000,46500,1079000,1073700,100,2900,100,100
2369,0,1227100,44000,46500,1090400,1085100,100,3000,100,300
2370,0,1209300,44000,46500,1072600,1067300,100,3300,100,200
2371,0,1215300,43700,46600,1072900,1067700,100,3100,100,300
2372,0,1235800,43900,46500,1102300,1096500,100,3200,0,100
2373,0,1229800,44300,47100,1087600,1081900,100,2900,100,200
2374,0,1290800,45900,47300,1087800,1082300,100,3200,100,0
2375,0,1260800,46800,47600,1096500,1090800,0,3300,0,100
2376,0,1237900,43600,47000,1078100,1072800,100,3800,100,100
2377,0,1192300,44000,46500,1072900,1067400,100,3000,100,200
2378,0,1221900,45500,46200,1073500,1067800,100,3000,0,0
2379,0,1202300,44000,48200,1071200,1066000,0,3000,0,200
2380,0,1180400,43700,46400,1072900,1067500,100,3000,100,100
2381,0,1185000,44000,46300,1072600,1067100,100,3100,100,0
2382,0,1209200,45800,51400,1093200,1087700,100,3400,100,0
2383,0,1192200,44000,46400,1074400,1069000,100,3100,100,0
2384,0,1183900,44000,46200,1071300,1066000,100,3100,100,200
2385,0,1203700,44300,46500,1086300,1080800,100,3100,100,100
2386,0,1212200,44500,46400,1072700,1067300,100,3200,0,400
2387,0,1179800,44100,46500,1071200,1065800,100,2900,0,100
2388,0,1223300,46700,49500,1104300,1097800,100,3400,100,0
2389,0,1212600,44200,47500,1089800,1084100,100,3200,100,200
2390,0,1196300,44200,46500,1073200,1067700,100,3300,100,200
2391,0,1232400,44100,46600,1073000,1067700,100,3000,100,0
2392,0,1205100,45700,46500,1073000,1067600,0,3200,100,0
2393,0,1205900,44800,47900,1073500,1068200,100,3000,100,200
2394,0,1195000,44000,46500,1070500,1065300,100,3300,100,100
2395,0,1212200,44100,46200,1089100,1083600,100,3000,0,300
2396,0,1207800,44300,46500,1077100,1071700,100,3100,100,0
2397,0,1189600,44200,46400,1072800,1067500,0,3000,100,100
2398,0,1239400,44000,46800,1073200,1067700,100,2900,100,100
2399,0,25695200,65000,46600,2106100,2098300,100,23412200,500,200
2400,0,32924300,56200,48600,1946200,1934700,0,30765500,600,200
2401,0,1660600,44400,49000,1484100,1477700,100,5500,200,100
2402,0,1241600,44000,47500,1086300,1080600,100,4600,100,100
2403,0,1228000,43900,46000,1088000,1081200,100,3000,100,200
2404,0,1221500,45200,50000,1076400,1070400,100,3600,100,100
2405,0,1288700,43900,46600,1071200,1065700,100,3100,100,0
2406,0,1327600,43800,46800,1072800,1067500,100,2900,100,600
2407,0,1207500,43700,46400,1072800,1067100,100,3000,100,0
2408,0,1205800,43600,46100,1087900,1082500,100,3200,100,0
2409,0,1198800,43700,45500,1070700,1065200,100,3000,100,0
2410,0,1225100,44000,46400,1072500,1067100,100,3400,100,0
2411,0,1201100,44100,46300,1075500,1070200,100,3000,100,0
2412,0,1196100,43700,46200,1073200,1067900,100,2900,100,0
2413,0,1194400,44200,46300,1070600,1065300,100,2900,100,200
2414,0,1192200,44000,46100,1072900,1067700,100,3200,100,200
2415,0,1231300,44000,46400,1099800,1094500,100,3100,100,200
2416,0,1293900,43800,46300,1163800,1154400,100,3200,100,600
2417,0,1236500,44200,48600,1097900,1091200,100,3200,100,100
2418,0,1256600,46500,48000,1088000,1082600,100,3200,100,100
2419,0,1215000,43800,46800,1072900,1067600,100,3200,0,200
2420,0,1189900,43800,46200,1072600,1067200,100,3000,100,0
2421,0,1243900,43800,46800,1088700,1072200,100,3000,100,0
2422,0,1226100,43900,46300,1071500,1066000,200,3000,100,300
2423,0,1194500,43600,46100,1072900,1067600,0,3000,100,0
2424,0,1198100,43700,46200,1076400,1071000,100,3100,100,100
2425,0,1199300,43900,46400,1078100,1072800,100,2900,100,0
2426,0,1199100,43900,46400,1073900,1068400,100,3000,0,200
2427,0,1214900,43900,46200,1087300,1081900,100,3000,100,200
2428,0,1224200,43700,46000,1112300,1106400,100,3000,0,300
2429,0,1241000,44200,47400,1106300,1099200,200,2900,100,0
2430,0,1239400,44700,51500,1088000,1082000,100,3600,200,100
2431,0,1257000,44100,46900,1095900,1088700,100,3100,0,200
2432,0,1257000,46100,51300,1084200,1077800,200,4100,200,100
2433,0,1223500,43700,47500,1084100,1078600,100,3000,100,0
2434,0,1232000,43900,46900,1071500,1066100,0,3100,100,0
2435,0,1200700,43900,46600,1071200,1065800,100,3000,0,200
2436,0,1276700,43500,46700,1077000,1067600,100,3300,100,100
2437,0,1227700,43600,45800,1067700,1061900,100,3000,100,200
2438,0,1224900,46100,47500,1074000,1068600,100,3000,100,100
2439,0,1202200,44100,46300,1071000,1065800,100,3100,0,0
2440,0,1239900,44100,47200,1066900,1061700,100,3200,100,100
2441,0,1267800,44200,45700,1084000,1078400,100,2600,100,100
2442,0,1176800,44100,46500,1067200,1061700,100,3000,100,0
2443,0,1176800,44000,46000,1068000,1062600,0,3000,100,100
2444,0,1206500,46500,45900,1092500,1086800,100,3000,100,100
2445,0,1204900,46000,47200,1084900,1079500,100,2900,0,100
2446,0,1268200,45500,83900,1081600,1071700,100,3300,200,100
2447,0,1186100,43800,46400,1073000,1067600,100,3000,100,200
2448,0,1182700,43800,46400,1072900,1067600,100,3100,100,100
2449,0,1184300,43800,46100,1070600,1065300,100,3000,100,100
2450,0,1186600,44000,46300,1072800,1067600,0,3000,100,200
2451,0,1238000,44100,46700,1091500,1086200,0,3100,0,200
2452,0,1208200,44400,46500,1086100,1080900,100,3000,0,200
2453,0,1197600,44700,47500,1072000,1066800,100,3000,100,0
2454,0,1192900,43700,46500,1072300,1067000,100,3100,100,100
2455,0,1191300,43900,46300,1070600,1065300,100,3100,0,100
2456,0,1197100,44200,46300,1070500,1065200,100,2900,0,200
2457,0,1191200,43600,46400,1070400,1065200,100,2900,0,200
2458,0,1246500,44100,46900,1070400,1065300,0,3100,100,200
2459,0,1201500,44500,46300,1078400,1073100,100,2900,0,300
2460,0,1200700,45500,46300,1083700,1078400,200,3200,100,100
2461,0,1187700,43900,46400,1070700,1065400,0,3000,100,200
2462,0,1186700,43800,46000,1073100,1067800,100,3300,100,0
2463,0,1186600,44100,45900,1071100,1065900,0,3100,0,0
2464,0,1186800,44000,46400,1071600,1066300,100,2900,100,0
2465,0,1226000,43900,46100,1110900,1105500,100,3000,100,0
2466,0,1220900,44500,46500,1075100,1069700,100,3200,0,0
2467,0,1227000,43600,46100,1073100,1067800,100,2900,100,0
2468,0,1221700,44000,46200,1085600,1080200,100,3100,100,200
2469,0,1181600,43700,46000,1070300,1065000,100,2900,100,0
2470,0,1206300,43800,46500,1072500,1067200,100,3100,100,0
2471,0,1243200,80200,50900,1087300,1079800,100,3100,0,0
2472,0,1252400,63300,82500,1077700,1069800,100,3400,100,100
2473,0,1193700,45600,46400,1075700,1070400,100,3000,100,100
2474,0,1186200,45800,47300,1068800,1061800,0,3100,100,200
2475,0,1182500,43800,46400,1068500,1063400,100,3100,100,200
2476,0,1186300,44000,46500,1069000,1063900,100,3000,100,100
2477,0,1185900,44000,46300,1068800,1063500,100,3000,100,200
2478,0,1230400,44300,46200,1081800,1072400,100,3000,100,100
2479,0,1239800,45600,53100,1091400,1086100,100,3100,100,100
2480,0,1189800,44200,46200,1078300,1073100,100,3200,100,200
2481,0,1217900,44200,47000,1073400,1068300,100,2900,100,100
2482,0,1203000,43800,46600,1069300,1064200,100,3100,100,0
2483,0,1177200,43800,45800,1070700,1065500,100,3100,100,200
2484,0,1187400,44000,46400,1071000,1065800,0,3100,100,200
2485,0,1196600,44300,46100,1070800,1065600,100,3100,100,300
2486,0,1193900,43900,46300,1073900,1068600,100,3000,100,0
2487,0,1198100,44200,46300,1075100,1070000,100,3200,100,300
2488,0,1190100,44100,46100,1068400,1063100,0,3300,100,0
2489,0,1199200,44000,46300,1070200,1065000,100,3000,100,100
2490,0,1205500,44000,46500,1084500,1079200,100,3600,100,200
2491,0,1214700,44000,46400,1084800,1079500,100,3000,100,0
2492,0,1228400,44200,46000,1101000,1092800,100,3100,100,100
2493,0,1218900,44900,48700,1077700,1071900,100,3400,200,200
2494,0,1230000,44300,47700,1078500,1073200,100,3100,100,300
2495,0,1187500,43800,46200,1071200,1066000,100,2900,0,200
2496,0,1233600,43800,46200,1084300,1079000,100,3400,100,100
2497,0,1192500,44000,46200,1070000,1064700,100,3000,100,100
2498,0,1258200,44200,46600,1074900,1069400,100,3200,100,100
2499,0,1222100,44200,46200,1070200,1064700,100,2900,100,100
2500,0,1205700,43700,45900,1094300,1088800,100,3400,100,100
2501,0,1200800,45800,45700,1085300,1080000,100,3000,100,0
2502,0,1181700,44200,46000,1068300,1063100,0,2900,0,0
2503,0,1179300,43600,45900,1069300,1064000,100,3100,100,300
2504,0,1185200,43800,46100,1069600,1064500,0,3400,0,200
2505,0,1229300,44200,45700,1111200,1105100,100,3000,100,0
2506,0,1256200,46800,48100,1104200,1098400,100,3300,100,100
2507,0,1232800,44100,46300,1113600,1106100,100,3300,100,100
2508,0,1224600,44900,49700,1096300,1090500,100,4300,200,200
2509,0,1211600,43900,46500,1090300,1084900,100,3100,100,300
2510,0,1202200,44000,45700,1083200,1077900,100,3200,100,100
2511,0,1240400,44000,46300,1078300,1073000,100,3100,100,200
2512,0,1200900,44100,46000,1076600,1071200,100,3300,100,0
2513,0,1201500,43800,46200,1078500,1073200,100,3000,100,0
2514,0,1196800,43900,46700,1076100,1070800,100,3200,100,0
2515,0,1212500,43700,46200,1088700,1083400,100,3000,100,0
2516,0,1208100,44100,46800,1074000,1068600,100,3300,100,100
2517,0,1203100,44000,46400,1070600,1065300,100,2900,100,300
2518,0,1251200,44000,46000,1072000,1066300,100,3000,100,0
2519,0,24885900,56300,45900,1471400,1464000,100,23253300,300,100
2520,0,32591200,49600,47300,1483700,1477400,100,30939500,100,100
2521,0,1560300,43800,47400,1422500,1416900,100,3600,100,0
2522,0,1395500,43600,47200,1263700,1258400,0,3600,100,0
2523,0,1244000,43600,46300,1100500,1095300,100,3300,100,100
2524,0,1233700,45300,46900,1084700,1079500,0,3100,100,200
2525,0,1286300,43600,46800,1084300,1079000,100,3000,100,200
2526,0,1365600,43500,46900,1072800,1067400,100,3200,0,200
2527,0,1194400,43900,46000,1067400,1061700,0,2400,100,0
2528,0,1196700,44300,46500,1079400,1073800,100,3200,100,100
2529,0,1294900,43700,46200,1113500,1107800,0,2900,0,300
2530,0,1279700,44300,51200,1078400,1072700,100,2800,100,100
2531,0,1198000,46500,45900,1075300,1063800,100,3200,100,0
2532,0,1184600,44000,45800,1067300,1061600,100,2900,0,100
2533,0,1198400,44000,46200,1082000,1076600,100,3100,100,200
2534,0,1185200,44100,45700,1069000,1063700,100,3000,100,200
2535,0,1187800,44300,45600,1069200,1063800,100,3100,100,0
2536,0,1211300,44300,45900,1090100,1084700,100,3000,0,200
2537,0,1211400,44000,46000,1089800,1084400,100,3000,100,200
2538,0,1229400,44600,46100,1080800,1075200,100,3100,100,0
2539,0,1199200,44200,45800,1069000,1063500,100,3000,100,100
2540,0,1177600,44000,45900,1067200,1061700,0,2900,0,200
2541,0,1209400,44100,45800,1067000,1061600,100,3000,100,200
2542,0,1266800,44000,45700,1132500,1126900,100,3100,100,300
2543,0,1206700,44400,47200,1093000,1087500,100,3100,100,100
2544,0,1181900,44300,46300,1075100,1069700,100,3600,100,100
2545,0,1175400,43800,46000,1067200,1061600,100,3100,100,100
2546,0,1178300,44200,45500,1067400,1062000,100,3200,100,100
2547,0,1195900,44200,45700,1080200,1074900,100,3000,100,300
2548,0,1203800,46600,46000,1082200,1076700,100,3100,100,300
2549,0,1204200,44100,45900,1080800,1075300,100,3100,100,0
2550,0,1205000,44100,51500,1071000,1065500,100,2900,0,100
2551,0,1228200,44000,45900,1091200,1077900,100,3000,100,100
2552,0,1211900,45000,47900,1080000,1074600,100,9600,0,0
2553,0,1193800,43800,46100,1067800,1062300,100,3100,100,100
2554,0,1212800,43800,46200,1067200,1061800,100,3100,100,200
2555,0,1200700,44100,45700,1082200,1076900,100,3000,100,0
2556,0,1216100,44100,45800,1069300,1063900,100,3100,0,300
2557,0,1239300,44000,45600,1117400,1110200,100,3100,100,200
2558,0,1260000,46500,51700,1099800,1093900,100,3800,100,300
2559,0,1206100,44000,51400,1072600,1066600,100,3100,100,100
2560,0,1237100,44100,45800,1083000,1076600,0,3400,100,0
2561,0,1226800,46400,48100,1074500,1068700,100,3000,100,0
2562,0,1184300,43800,46200,1075000,1069500,100,3100,0,100
2563,0,1180700,44300,45800,1069200,1063800,100,3100,100,100
2564,0,1246800,44400,45600,1135100,1129600,100,2900,100,0
2565,0,1213300,44600,46300,1092900,1082700,100,3100,100,0
2566,0,1229100,43600,47500,1084800,1079600,0,2900,100,100
2567,0,1191500,44100,46500,1082200,1077100,100,3100,100,100
2568,0,1194100,43500,46700,1082600,1077500,100,3400,100,0
2569,0,1200600,43900,46600,1080400,1075200,100,3300,0,300
2570,0,1208000,44800,46500,1078600,1073500,0,3100,100,200
2571,0,1254000,44800,46700,1091500,1086300,100,3000,100,300
2572,0,1222200,43700,46300,1089200,1084200,100,3300,100,200
2573,0,1209200,43900,46700,1081600,1076500,100,3100,100,0
2574,0,1190700,43800,46400,1074800,1069700,100,3100,100,0
2575,0,1202400,46700,48500,1074600,1069300,100,3000,100,300
2576,0,1196800,43600,46200,1075900,1070700,100,3000,100,300
2577,0,1217300,43600,46300,1093300,1088000,0,3000,0,100
2578,0,1256300,45800,48500,1076000,1070800,100,3400,100,300
2579,0,1215300,44400,46700,1078900,1068900,0,3200,100,0
2580,0,1199200,43500,47400,1075400,1070200,100,3100,100,100
2581,0,1198400,43500,46500,1075300,1070100,100,3000,100,100
2582,0,1199300,43700,46800,1074700,1069600,100,3200,100,100
2583,0,1188800,43600,46400,1072200,1067000,100,3100,100,0
2584,0,1200200,44100,46500,1078900,1071800,100,2900,100,100
2585,0,1226100,44300,48100,1087800,1082200,100,3500,200,100
2586,0,1267200,44200,51300,1099800,1094400,100,3500,100,100
2587,0,1217500,46600,47600,1084300,1079100,100,3100,100,0
2588,0,1203200,44200,46700,1085300,1079800,0,3400,100,0
2589,0,1207700,45700,48200,1081700,1076400,100,3100,0,200
2590,0,1223700,44200,47200,1074700,1069600,100,3400,100,0
2591,0,1237200,44800,47400,1074000,1068800,0,3000,100,0
2592,0,1263500,44200,47900,1092800,1085700,100,3000,100,0
2593,0,1211000,45300,49600,1080500,1074900,100,3700,200,100
2594,0,1201400,44700,46900,1080400,1074900,100,3300,100,200
2595,0,1201700,44400,46500,1076600,1071300,100,3200,100,100
2596,0,1207500,44600,46700,1076300,1070900,0,2900,100,200
2597,0,1202400,43900,48300,1076000,1070600,100,2900,100,0
2598,0,1242500,44600,48700,1079800,1073300,0,3100,100,0
2599,0,1270000,46700,55900,1103900,1097400,200,3800,200,200
2600,0,1217400,43900,46500,1096000,1090500,100,3300,100,100
2601,0,1254600,45200,47800,1089900,1084200,100,3100,100,0
2602,0,1263300,44400,48500,1096300,1090400,100,3300,100,100
2603,0,1194800,43400,46500,1080300,1075000,100,3000,0,300
2604,0,1196100,43700,46700,1079700,1074600,0,3300,100,200
2605,0,1201700,43600,47100,1084800,1079500,100,3100,0,100
2606,0,1195500,43800,47000,1080600,1075200,100,3100,0,0
2607,0,1199200,44900,48400,1079600,1074400,100,3000,100,100
2608,0,1197600,43700,46300,1076200,1070900,100,3000,100,100
2609,0,1206700,43600,46400,1075200,1070100,100,2900,100,0
2610,0,1261300,45200,47300,1074600,1069400,100,3200,100,0
2611,0,1287800,46000,47800,1085300,1080100,100,3000,100,100
2612,0,1250500,44800,47600,1117400,1112100,100,3100,100,100
2613,0,1226700,43900,46800,1090100,1084800,100,3100,100,100
2614,0,1241600,43900,47100,1095000,1087600,100,3200,100,200
2615,0,1215600,45400,47900,1087400,1081700,100,3600,200,100
2616,0,1240700,43900,46900,1084400,1079100,100,3100,0,100
2617,0,1205000,43600,46700,1078800,1073600,100,3000,100,0
2618,0,1242100,43700,47600,1092100,1085400,100,3300,100,100
2619,0,1239500,47400,49600,1096000,1088100,100,3500,200,100
2620,0,1207600,44900,49500,1085400,1076300,100,3500,200,0
2621,0,1207800,43700,46000,1089100,1083300,100,2900,100,0
2622,0,1229800,44000,46600,1076000,1070600,100,3200,100,200
2623,0,1212800,44100,46200,1072600,1067100,100,3100,0,200
2624,0,1210000,45100,46800,1095500,1087500,100,2900,0,100
2625,0,1201700,46100,48300,1075600,1069800,100,3400,200,0
2626,0,1413600,45100,48000,1270300,1264800,100,3000,100,0
2627,0,1194900,44500,46600,1084500,1079100,100,3100,0,200
2628,0,1195100,44800,48800,1080400,1074900,100,2900,0,200
2629,0,1191400,44400,46100,1076500,1071400,100,3000,100,200
2630,0,1193200,43400,46400,1077900,1068500,100,3500,100,200
2631,0,1224600,44200,46300,1075100,1069900,0,2900,100,0
2632,0,1199300,44200,46400,1078700,1073400,100,3500,100,100
2633,0,1195600,45600,47800,1074800,1069600,0,3100,100,100
2634,0,1196500,44200,46000,1083600,1078400,100,3100,100,100
2635,0,1182500,44000,46300,1070400,1065100,100,3000,100,100
2636,0,1181900,44000,45900,1069800,1064400,100,3400,100,0
2637,0,1238900,44100,45900,1122500,1115800,100,3100,100,0
2638,0,1292900,45800,51300,1104700,1098400,100,3700,200,100
2639,0,25349800,58000,46800,1476000,1461300,100,23708600,400,100
2640,0,33316200,52000,47800,1612900,1606000,100,31549900,300,100
2641,0,1674900,45800,48200,1516400,1509800,0,5000,100,0
2642,0,1464000,45100,46600,1327200,1320900,0,3900,100,200
2643,0,1216600,44500,46400,1080200,1074600,100,3600,0,200
2644,0,1216900,44200,46300,1073600,1068000,100,3100,100,200
2645,0,1213200,45400,51000,1073500,1066900,200,3500,200,200
2646,0,1279700,44500,46800,1104100,1098100,100,3400,100,300
2647,0,1259600,43900,46500,1118300,1108700,100,3100,100,100
2648,0,1223100,47100,51300,1080800,1074700,100,3700,200,100
2649,0,1206200,44300,46100,1073400,1067800,100,2900,0,0
2650,0,1227900,44100,46300,1070100,1064400,100,3300,100,300
2651,0,1210300,44700,47700,1081600,1076200,100,3200,100,100
2652,0,1194800,44400,46400,1070200,1064600,100,3000,100,200
2653,0,1243200,44100,46000,1069900,1064300,0,3100,100,0
2654,0,1276000,45300,46500,1100900,1095200,100,3200,100,100
2655,0,1212300,44200,46400,1072200,1066200,100,3200,100,200
2656,0,1219000,44200,46300,1083500,1078000,100,3200,100,100
2657,0,1207500,44200,46600,1068200,1062800,0,3100,100,0
2658,0,1234800,44200,46300,1069700,1064000,100,3200,100,0
2659,0,1210200,44000,46300,1069900,1064400,100,2800,100,100
2660,0,1228200,44200,47800,1105200,1096100,100,3300,100,300
2661,0,1275800,46300,51100,1109700,1103700,100,3600,200,100
2662,0,1314100,76500,87500,1076300,1069800,100,2900,100,100
2663,0,1190100,44200,49700,1070600,1065100,0,3200,100,100
2664,0,1182500,44300,47400,1070000,1064600,100,3000,100,200
2665,0,1178100,44000,45700,1070300,1064700,100,3000,100,300
2666,0,1180300,44200,45700,1069900,1064400,100,2900,0,200
2667,0,1178300,44200,45600,1067900,1062600,0,3000,100,0
2668,0,1195100,44300,45900,1081700,1076100,100,2900,100,200
2669,0,1193000,44600,45900,1068500,1063100,100,3000,100,200
2670,0,1202900,44200,46400,1071400,1065800,0,2900,0,0
2671,0,1213800,44100,46100,1067900,1062600,0,3000,100,100
2672,0,1209200,44100,46700,1069300,1063700,0,3200,100,200
2673,0,1205900,44600,46000,1070500,1064900,0,2900,0,0
2674,0,1455100,47900,53100,1278400,1271600,100,3700,200,100
2675,0,1218700,44100,47200,1078000,1072300,100,3100,0,100
2676,0,1224100,44000,46300,1069600,1063900,100,3100,100,0
2677,0,1219700,43900,45800,1088800,1083300,100,2900,100,100
2678,0,1233500,44000,46500,1075500,1070100,0,3200,0,100
2679,0,1209300,44100,46100,1069500,1063900,100,3000,100,100
2680,0,1187300,44200,45500,1068300,1062900,100,3400,100,200
2681,0,1197800,44200,45600,1071000,1065600,100,3000,100,0
2682,0,1408600,44100,48500,1288000,1277300,100,3400,100,0
2683,0,1743000,114700,126300,1449200,1291600,100,3600,100,100
2684,0,1251900,46200,48300,1075200,1069200,100,3800,100,100
2685,0,1235100,43900,46800,1074400,1068900,100,3100,100,200
2686,0,1227500,43700,46700,1074000,1068700,100,3100,100,300
2687,0,1243000,43600,46400,1118600,1112700,100,3200,100,200
2688,0,1218800,45700,48700,1090100,1084500,100,3700,100,100
2689,0,1204000,44000,46500,1073000,1067700,0,3000,0,100
2690,0,1219500,43800,47700,1087700,1082500,0,3100,100,0
2691,0,1230600,43400,46600,1073000,1067800,100,3000,100,0
2692,0,1206400,43900,46500,1076800,1069500,100,3200,100,300
2693,0,1204400,44000,47500,1073200,1067700,100,3500,100,200
2694,0,1203800,43900,46300,1082100,1076700,100,3100,100,300
2695,0,1270300,44500,48600,1091900,1086800,100,3000,0,300
2696,0,1258400,43900,46800,1071200,1066000,100,3300,100,100
2697,0,1201700,43800,46400,1086700,1081500,100,3000,100,0
2698,0,1238300,44300,45700,1070200,1063900,100,2600,0,200
2699,0,1193900,44200,46300,1069800,1063900,100,3000,100,100
2700,0,1183300,44000,46000,1067400,1061700,100,3300,100,100
2701,0,1236500,44200,45600,1118800,1112700,100,3100,100,0
2702,0,1208200,44200,46700,1087300,1081400,100,3100,100,200
2703,0,1210300,45400,46500,1078200,1072400,100,3100,100,0
2704,0,1203500,44200,47300,1079600,1074000,100,3400,0,100
2705,0,1204700,42900,46000,1078900,1069600,0,3100,100,100
2706,0,1239200,44100,47100,1072700,1067500,100,3000,100,200
2707,0,1191900,44100,46100,1071700,1066500,100,3200,0,200
2708,0,1206200,43600,46100,1089900,1084500,100,3100,100,100
2709,0,1222700,45000,46600,1093900,1088700,100,3100,100,200
2710,0,1222500,43500,47400,1070900,1065500,0,2900,100,0
2711,0,1196200,43900,46700,1070700,1065600,0,3100,100,0
2712,0,1203400,43900,46500,1072800,1067700,0,3000,100,300
2713,0,1191500,43700,46400,1072300,1067200,100,2900,0,100
2714,0,1219900,45200,47100,1099900,1094600,100,3100,100,100
2715,0,1264900,46600,48100,1097900,1092700,100,3000,0,0
2716,0,1223900,43600,46700,1070200,1065100,0,3300,100,200
2717,0,1192600,44000,46900,1072100,1066900,100,2900,100,200
2718,0,1233900,43900,46600,1086900,1081700,100,3100,100,0
2719,0,1201100,43800,46800,1071900,1066800,100,3000,100,100
2720,0,1184800,43700,46200,1072800,1067500,100,3300,100,100
2721,0,1217200,43700,46400,1076900,1071500,100,3000,100,0
2722,0,1235400,43800,47000,1100000,1094400,100,3300,100,100
2723,0,1176300,43600,46400,1072500,1067200,100,3100,0,200
2724,0,1192300,43400,46400,1087400,1082100,100,3100,100,0
2725,0,1191800,43500,46300,1087000,1081900,0,2900,0,100
2726,0,1178100,43700,46200,1072600,1067400,100,3000,100,100
2727,0,1176800,43600,46300,1072400,1067300,100,3000,100,200
2728,0,1197400,43400,46200,1091000,1086000,100,3000,0,300
2729,0,1214700,44500,46300,1099300,1094300,100,3000,0,100
2730,0,1199600,43400,46400,1082000,1076900,0,3200,100,200
2731,0,1209500,43900,46700,1083300,1078100,100,3000,100,200
2732,0,1195400,43700,46600,1072500,1067400,100,2900,100,0
2733,0,1200900,44000,46700,1072400,1067300,100,2900,100,100
2734,0,1243800,43800,46700,1101700,1096600,100,2900,100,200
2735,0,1215900,43900,46600,1092900,1087800,100,3000,100,100
2736,0,1271100,44200,46400,1123000,1117700,100,3400,100,0
2737,0,1206200,43900,46400,1077900,1072800,100,3000,100,100
2738,0,1204700,43700,46200,1070900,1065600,100,3300,100,0
2739,0,1202600,43900,46500,1072700,1067200,100,3000,100,0
2740,0,1197700,43900,46400,1072000,1066600,100,3100,100,0
2741,0,1218700,43800,53200,1087400,1082100,0,3000,100,0
2742,0,1215800,43900,46700,1092500,1087200,100,2900,0,200
2743,0,1194300,43700,46300,1072700,1067600,100,3000,0,100
2744,0,1200900,43700,46400,1083500,1078100,100,3000,100,0
2745,0,1194400,43500,46300,1072700,1067200,100,3000,100,200
2746,0,1254400,43700,46600,1072300,1067100,100,3100,100,100
2747,0,1210900,43900,46300,1072300,1067100,100,3100,0,0
2748,0,1187600,43800,46100,1071300,1066000,100,3000,100,0
2749,0,1222800,46500,49600,1098900,1089700,100,3000,100,100
2750,0,1188100,44000,46600,1069700,1064200,100,3100,100,200
2751,0,1231900,44400,46500,1081700,1076500,100,3000,100,300
2752,0,1192100,44200,46000,1069000,1063900,100,3300,100,300
2753,0,1201500,44100,45800,1081700,1076400,100,3100,100,100
2754,0,1182700,44300,46000,1068500,1063400,100,3000,0,0
2755,0,1202300,44300,45900,1085900,1080700,0,3100,100,200
2756,0,1197500,44100,46100,1081800,1076500,100,3000,100,200
2757,0,1200400,44300,46600,1079000,1073600,100,3000,100,0
2758,0,1235600,44400,46700,1073100,1067800,100,3000,100,0
2759,0,24977500,59700,46000,1439000,1430200,100,23389400,300,200
2760,0,33329100,57800,47000,1940600,1929800,100,31232200,300,100
2761,0,1578800,44500,47800,1436300,1429800,100,4300,100,200
2762,0,1503700,44500,46800,1369700,1363500,0,3400,100,100
2763,0,1251000,43500,46000,1115400,1105900,0,3400,100,100
2764,0,1227200,44300,46700,1089000,1083100,100,3100,0,200
2765,0,1256100,43600,46500,1116300,1107300,100,3100,0,100
2766,0,1264300,44300,46900,1083700,1078200,100,3200,100,100
2767,0,1217300,44000,46700,1072400,1067300,100,3100,100,200
2768,0,1207900,43900,46500,1072400,1067100,100,3400,100,500
2769,0,1214100,43600,46600,1085300,1080200,0,3000,100,0
2770,0,1243400,43600,46900,1087500,1082300,100,3400,100,100
2771,0,1267900,43400,46300,1120300,1113200,100,2900,100,200
2772,0,1238800,44300,49600,1084400,1078900,200,3600,200,100
2773,0,1234000,43700,46600,1098800,1093500,100,3100,100,100
2774,0,1217200,43500,46500,1085100,1079400,0,3000,100,200
2775,0,1207600,43700,46200,1070700,1065400,100,3100,0,100
2776,0,1211500,44000,46700,1072600,1067600,100,3400,100,0
2777,0,1252000,43800,46700,1075400,1069900,100,3000,100,100
2778,0,1282300,43500,46700,1092900,1087600,100,3200,100,200
2779,0,1211500,43900,46400,1071000,1065500,100,3000,100,0
2780,0,1246400,43900,46900,1072300,1067100,100,3600,100,200
2781,0,1304200,44500,46000,1068100,1061800,100,2700,100,200
2782,0,1221600,43900,45700,1082700,1077300,100,3000,0,200
2783,0,1177100,44100,45600,1068900,1063500,100,3100,0,100
2784,0,1239800,44300,45600,1131900,1123100,100,3200,100,0
2785,0,1211600,45600,49400,1095400,1089500,100,3500,200,100
2786,0,1172400,44200,45600,1067300,1061800,100,3100,100,200
2787,0,1192300,44300,45900,1086600,1081200,100,3000,100,300
2788,0,1176800,44000,45800,1069000,1063600,100,3000,100,0
2789,0,1185100,44300,45800,1069200,1063800,100,3100,100,0
2790,0,1203700,44100,45700,1083600,1078100,200,3000,0,200
2791,0,1193700,44300,47500,1069500,1064100,0,2900,100,0
2792,0,1203500,44500,47400,1082600,1077300,100,3300,100,0
2793,0,1204300,44800,47100,1078900,1073500,100,3000,100,200
2794,0,1214000,44100,45800,1068900,1063400,100,3200,100,0
2795,0,1201200,44100,46100,1084200,1078500,100,2900,100,0
2796,0,1219100,44300,45700,1068300,1063000,100,3100,0,300
2797,0,1244500,44400,45900,1120000,1111100,100,3000,100,200
2798,0,1227200,45100,47900,1073000,1067000,100,3400,200,200
2799,0,1206800,44000,47000,1069700,1064300,100,2900,100,0
2800,0,1176500,44100,46000,1069100,1063600,100,3000,100,200
2801,0,1197500,44200,45700,1083400,1078000,100,3100,100,0
2802,0,1183000,44400,45700,1069100,1063700,100,3200,0,200
2803,0,1184800,44300,45900,1068900,1063500,100,3000,100,100
2804,0,1190000,44200,45600,1071400,1065900,0,3100,100,0
2805,0,1197300,44300,49000,1072500,1067000,100,3100,0,0
2806,0,1236300,44300,47200,1095200,1089900,100,3000,100,0
2807,0,1187500,45400,47200,1072600,1067200,100,3000,100,0
2808,0,1219700,44200,45900,1069300,1063800,100,3200,100,100
2809,0,1207700,44100,46000,1068800,1063400,0,2900,100,100
2810,0,1254400,44600,45500,1137700,1128300,100,3000,100,0
2811,0,1292300,46200,56100,1121300,1115100,200,3400,200,200
2812,0,1206900,44400,46300,1085700,1079900,100,3000,100,200
2813,0,1226300,47200,47500,1093100,1087500,100,3300,100,0
2814,0,1192200,44200,45600,1080300,1074900,100,3300,100,200
2815,0,1192200,43900,45800,1079600,1074000,100,3000,100,100
2816,0,1197100,43400,45400,1085600,1076500,0,3300,0,300
2817,0,1223300,45400,46200,1107200,1101300,100,3000,100,100
2818,0,1247000,45300,47500,1075100,1068800,100,3200,100,200
2819,0,1206400,44200,45900,1082100,1076300,100,3000,100,0
2820,0,1190600,44000,46100,1078600,1073100,0,3100,100,0
2821,0,1238700,45400,83200,1080600,1074900,200,3300,100,0
2822,0,1184000,43900,46300,1073400,1068100,100,3100,100,0
2823,0,1197000,43700,46300,1086800,1081300,0,3000,100,200
2824,0,1193300,44100,46600,1072400,1067300,100,3100,100,0
2825,0,1201500,44000,46700,1071100,1066000,100,2900,0,0
2826,0,1263300,43700,46500,1104300,1098500,100,3000,0,100
2827,0,1235600,43900,47600,1095900,1090500,100,3000,100,200
2828,0,1215100,44000,46300,1087600,1082400,100,3500,100,100
2829,0,1203600,43600,46300,1077100,1071900,100,3100,100,0
2830,0,1239400,43700,46900,1081600,1076200,100,3200,0,100
2831,0,1204000,43900,46600,1080800,1075600,100,3000,100,0
2832,0,1201200,43700,46300,1078000,1072800,0,3000,100,100
2833,0,1205100,43500,46600,1080700,1075000,100,3000,100,200
2834,0,1218600,44000,46400,1090300,1085200,100,3000,100,0
2835,0,1207200,43600,46600,1080600,1075300,100,3000,100,100
2836,0,1208700,44000,46500,1077000,1071700,100,2900,100,100
2837,0,1207000,44000,46600,1075300,1070100,0,3000,100,100
2838,0,1231900,44000,46500,1074800,1069500,100,3000,0,0
2839,0,1258300,44100,47100,1080800,1075400,100,3000,100,100
2840,0,1231500,44000,46600,1083400,1078100,100,3100,100,0
2841,0,1231200,43300,47100,1081100,1071900,0,3100,100,0
2842,0,1212400,44200,46400,1069700,1064200,100,3500,0,200
2843,0,1197500,43300,46100,1089400,1079900,100,3000,0,0
2844,0,1178300,44100,45700,1068000,1062500,100,3100,100,200
2845,0,1180600,44300,45800,1070600,1065000,0,3000,100,300
2846,0,1194700,44400,45800,1084400,1078800,100,3200,0,100
2847,0,1196000,44500,45700,1084000,1078200,100,3100,100,0
2848,0,1188300,43400,45400,1079800,1070600,100,3300,100,0
2849,0,1209600,43900,46300,1088700,1083400,100,3100,100,200
2850,0,1194400,43400,46600,1072600,1067300,0,3300,100,300
2851,0,1202200,44000,46700,1073600,1068400,100,3000,100,300
2852,0,1208800,43700,46500,1087100,1082000,100,3000,100,200
2853,0,1195900,43900,46600,1071800,1066500,100,3200,100,200
2854,0,1225200,43900,49000,1085000,1079500,100,3200,100,200
2855,0,1190600,43600,46400,1073700,1068500,100,3000,100,0
2856,0,1239200,43400,46200,1086300,1081100,100,3000,0,200
2857,0,1220000,43500,46500,1086400,1081100,100,2900,0,200
2858,0,1231300,43700,46300,1081600,1076400,100,2900,100,100
2859,0,1208700,43700,46600,1072700,1067500,0,3000,0,100
2860,0,1199100,43800,46200,1074100,1068900,100,3000,100,0
2861,0,1205100,43600,53300,1071200,1066200,0,2900,100,0
2862,0,1200000,44200,45900,1088700,1083500,0,3000,100,200
2863,0,1194400,43900,46000,1071400,1066400,100,3000,0,200
2864,0,1206100,43500,45800,1083800,1078800,100,3300,0,100
2865,0,1242300,43700,46400,1072700,1067600,100,2900,0,200
2866,0,1285600,43900,46700,1092400,1087400,0,3100,100,0
2867,0,1228200,44000,46400,1113000,1105600,100,3100,100,0
2868,0,1209900,45700,52300,1081600,1075600,100,4000,200,200
2869,0,1222500,43900,46400,1105400,1100100,100,2900,100,100
2870,0,1238300,43900,46500,1080600,1075500,100,3200,100,100
2871,0,1261800,44600,48200,1079300,1074000,100,2900,0,100
2872,0,1195400,43600,46300,1073600,1068400,100,3000,100,100
2873,0,1189400,43600,46300,1073400,1068200,100,2900,100,100
2874,0,1202200,43500,46400,1090000,1084800,100,3200,100,100
2875,0,1198200,44000,46600,1084800,1079300,100,3200,0,300
2876,0,1194700,43700,46000,1083400,1078200,0,3100,100,100
2877,0,1184000,43300,46000,1073000,1067900,100,3100,0,200
2878,0,1240500,43800,46100,1080900,1075700,0,3000,0,200
2879,0,24774900,56700,46100,1464900,1456400,100,23164300,300,200
2880,0,32897700,55000,47800,1587400,1578700,100,31162700,300,200
2881,0,1651200,44700,48800,1512200,1505700,100,4600,100,100
2882,0,1488800,62200,47600,1343300,1336500,100,3900,100,200
2883,0,1236000,44700,50600,1092900,1086900,100,3200,200,100
2884,0,1192800,44400,46400,1070400,1065000,100,3200,100,100
2885,0,1189500,44200,46400,1067400,1062100,100,3000,0,100
2886,0,1234000,44300,46500,1070000,1064600,100,3300,100,0
2887,0,1201300,44400,46100,1067000,1061700,100,3000,100,0
2888,0,1195400,44000,45900,1069500,1063900,0,3100,0,200
2889,0,1202100,44200,46200,1070000,1064700,100,3100,100,200
2890,0,1249000,46100,57600,1079900,1070300,100,2700,0,100
2891,0,1206200,44700,47000,1072800,1067200,100,3000,100,0
2892,0,1216400,44100,46500,1077500,1068200,100,3200,100,0
2893,0,1186400,44500,46200,1070000,1064500,100,3000,100,100
2894,0,1189700,44500,46600,1067100,1061800,100,2900,0,0
2895,0,1215300,46100,48300,1073700,1068200,0,2900,0,200
2896,0,1220900,44700,47000,1084900,1079700,100,3000,100,300
2897,0,1217900,44300,47000,1087900,1082600,0,2900,0,300
2898,0,1232800,44600,47000,1074800,1069600,100,3000,0,300
2899,0,1214700,44800,46900,1075300,1070200,100,3100,100,100
2900,0,1194900,44500,46800,1075300,1070000,100,3100,0,100
2901,0,1261300,44300,47200,1069200,1063900,100,3000,100,0
2902,0,1235400,44300,46600,1067200,1061800,100,3000,100,200
2903,0,1183400,43800,46200,1077200,1072000,100,2900,100,200
2904,0,1213100,45300,47100,1102000,1094700,0,3100,0,0
2905,0,1207800,50300,50900,1082600,1075500,100,3400,100,100
2906,0,1180100,44000,46100,1071200,1065700,100,3200,100,100
2907,0,1174100,43900,45900,1068800,1063400,100,3000,100,100
2908,0,1190800,44400,45600,1083500,1078400,100,3100,100,0
2909,0,1191700,43700,46200,1069300,1064100,100,3100,100,300
2910,0,1204200,44100,46400,1067300,1061800,100,3100,100,100
2911,0,1214600,44000,46600,1080900,1075600,100,3000,0,100
2912,0,1198000,43800,46300,1067000,1061800,100,3300,100,100
2913,0,1208200,44200,46500,1077100,1071900,100,3000,100,0
2914,0,1212600,44000,46200,1067500,1062200,100,3400,100,0
2915,0,1186000,43700,46200,1069600,1064200,100,3000,100,200
2916,0,1219000,44000,46500,1069800,1064500,0,3000,100,0
2917,0,1191800,44200,45700,1068900,1063700,0,3000,100,200
2918,0,1246300,44000,46100,1098000,1092600,100,3200,100,0
2919,0,1202300,44000,46000,1069900,1064800,100,3200,100,200
2920,0,1197600,44200,46500,1078700,1073500,100,3300,100,0
2921,0,1189700,43800,46200,1069300,1064100,100,3000,100,0
2922,0,1189500,43800,46100,1069300,1064000,100,3300,100,400
2923,0,1195000,44100,46100,1068600,1063500,100,2900,100,100
2924,0,1188800,45900,46800,1070200,1064900,0,3100,0,100
2925,0,1190500,44000,46100,1067000,1061800,100,3000,100,0
2926,0,1222600,43400,46000,1077000,1067800,100,3300,100,300
2927,0,1195900,44100,46100,1069600,1064400,100,2900,0,0
2928,0,1186300,44000,46300,1068800,1063700,100,3100,100,0
2929,0,1193400,46100,47300,1067900,1062700,100,3100,100,0
2930,0,1189600,44000,46000,1069700,1064500,100,3000,100,100
2931,0,1247000,43800,46300,1092900,1087600,100,3100,0,0
2932,0,1246800,44200,46700,1076600,1071400,100,3300,100,0
2933,0,1240600,45800,47000,1088800,1083300,100,3300,0,300
2934,0,1193300,43900,47500,1074500,1069100,100,3300,100,100
2935,0,1189300,43900,46200,1072900,1067700,0,3000,100,0
2936,0,1214600,43900,46000,1092600,1087200,100,3300,100,200
2937,0,1189300,44400,45600,1072200,1066500,100,3000,100,100
2938,0,1250400,44200,45800,1081800,1070600,0,3700,0,0
2939,0,1226100,44400,47300,1089600,1084000,100,3500,100,100
2940,0,1223200,45100,47400,1101100,1095700,100,3100,100,100
2941,0,1213000,44000,46900,1086000,1080800,100,3200,100,200
2942,0,1210700,44000,46700,1087000,1081900,100,3300,100,100
2943,0,1238500,68900,48300,1089300,1076600,100,3000,100,0
2944,0,1206200,44200,46400,1077500,1071500,100,3500,100,100
2945,0,1258300,44000,46400,1128400,1119100,100,3000,0,200
2946,0,1274900,45000,50900,1099800,1093700,200,3600,200,300
2947,0,1251600,46000,48000,1116100,1109600,100,3200,100,0
2948,0,1205700,44000,46300,1083200,1077200,200,3000,200,0
2949,0,1210400,44100,46100,1081600,1075500,100,3100,100,200
2950,0,1301900,44100,46900,1090400,1085000,100,3100,100,300
2951,0,1308000,45200,48600,1094500,1088900,0,3000,100,100
2952,0,1262200,44000,46000,1136900,1129300,0,3100,100,100
2953,0,1371200,45000,50600,1232900,1225000,100,3900,200,100
2954,0,1661700,53400,55300,1482900,1471700,100,4000,100,100
2955,0,1414200,45500,51000,1263400,1254400,200,4200,100,300
2956,0,1413000,46900,54100,1231700,1221900,100,4200,200,200
2957,0,1486500,45100,48900,1320000,1311400,100,4300,200,100
2958,0,1497600,46000,52900,1252000,1242200,100,4100,200,200
2959,0,1371500,45100,50700,1155600,1147600,100,4100,200,100
2960,0,1293300,45100,48700,1146000,1137500,100,3900,100,100
2961,0,1358400,44800,49300,1140700,1132200,100,3800,200,100
2962,0,1328500,44000,49300,1118900,1107000,100,5000,200,200
2963,0,1327600,44500,48500,1116900,1107500,200,4100,100,100
2964,0,1383100,46400,56800,1147500,1139200,200,3000,100,200
2965,0,1254500,45400,49800,1128800,1120700,100,3900,100,200
2966,0,1256400,43100,48100,1134600,1122000,0,4100,100,200
2967,0,1279800,47500,54000,1146600,1139000,100,4200,200,200
2968,0,1359900,44500,49300,1233300,1225300,200,4200,200,200
2969,0,1449900,43900,50300,1302700,1290200,100,3900,200,200
2970,0,1682400,82100,88100,1436400,1347700,100,4100,200,300
2971,0,1459700,79600,82900,1213400,1191400,400,3700,200,300
2972,0,1269800,44100,47900,1121300,1113200,100,3700,200,200
2973,0,1259400,44400,49300,1104000,1095200,100,3900,100,100
2974,0,1304500,43700,49100,1108900,1096600,200,3600,200,300
2975,0,1362700,44400,50200,1217800,1210400,100,3800,200,200
2976,0,1451000,43900,47500,1258800,1248100,100,4000,200,200
2977,0,1338500,45800,51200,1186700,1178200,100,4000,200,100
2978,0,1439300,44600,49100,1246100,1236900,200,4000,100,0
2979,0,1268600,44500,50800,1091200,1084600,100,4000,200,300
2980,0,1205700,44700,47700,1078700,1073400,100,3100,100,200
2981,0,1210200,43900,46500,1076600,1071300,100,3500,100,0
2982,0,1202700,44000,46900,1075900,1070600,100,3000,0,300
2983,0,1208400,44100,46300,1079700,1074400,0,3100,0,200
2984,0,1237100,47300,46700,1099200,1092100,100,3100,100,100
2985,0,1426000,44200,50500,1259100,1249900,100,3800,300,100
2986,0,1339700,44300,51300,1141600,1131900,100,4500,200,200
2987,0,1238500,44800,49100,1104600,1094600,100,4200,100,0
2988,0,1289800,44400,50700,1115500,1107300,100,4600,200,100
2989,0,1292000,44500,48800,1123700,1115100,100,3700,200,200
2990,0,1255800,44100,50400,1103500,1097700,100,4400,100,100
2991,0,1298200,45000,48900,1083600,1077900,100,3300,100,200
2992,0,1220200,43600,46800,1073400,1068000,100,3200,100,0
2993,0,1206700,43900,46200,1071700,1066500,100,3000,100,200
2994,0,1283100,44000,46600,1071200,1066000,100,2900,0,100
2995,0,1292300,44300,48300,1071100,1065800,100,2900,100,0
2996,0,1204600,43400,46200,1072900,1067600,100,3300,100,100
2997,0,1220000,44000,46300,1083000,1077700,100,2900,100,0
2998,0,1261600,43700,46500,1073600,1068200,100,2900,100,0
2999,0,26412400,62600,46100,2049700,2037800,100,24187800,400,300
3000,0,32295000,50800,47700,1888800,1881600,100,30239600,500,200
3001,0,1850800,44500,47800,1700100,1693600,100,4800,100,0
3002,0,1280200,44100,52500,1132700,1127000,100,7700,100,100
3003,0,1234200,43900,46300,1107100,1101500,100,3000,100,0
3004,0,1203300,44100,46900,1075400,1069900,100,3000,0,200
3005,0,1210200,43900,46300,1082900,1077400,0,3100,100,100
3006,0,1244500,43800,46600,1077100,1071500,100,2900,100,200
3007,0,1206600,44200,46500,1073600,1068000,100,3000,0,0
3008,0,1193800,44100,46200,1073600,1067800,100,3000,0,100
3009,0,1199800,43800,47500,1072900,1067200,100,3100,100,200
3010,0,1246500,44100,46800,1089400,1083900,100,3200,0,200
3011,0,1219100,44000,46600,1083300,1077700,100,3000,100,0
3012,0,1220200,43800,46800,1076800,1070700,100,3500,100,200
3013,0,1209900,44100,46700,1073500,1067800,100,2900,100,100
3014,0,1206300,43500,45900,1072000,1066400,100,3300,100,100
3015,0,1212000,43700,46600,1074500,1068800,100,3100,100,0
3016,0,1220100,43400,46200,1070900,1065300,100,3200,100,0
3017,0,1201700,43700,46500,1073300,1067800,100,3100,100,0
3018,0,1244600,44400,48000,1073300,1067600,100,3200,100,100
3019,0,1250200,44200,46400,1097700,1088200,100,3100,100,0
3020,0,1215500,44500,48900,1075200,1069600,100,3600,200,100
3021,0,1233700,43900,46700,1071000,1065500,100,2900,100,0
3022,0,1220600,44100,46500,1071700,1066400,100,3100,0,100
3023,0,1195400,44000,46400,1073600,1068300,100,3000,0,200
3024,0,1207700,43900,46500,1091800,1086700,100,2900,100,200
3025,0,1263300,45500,53300,1095600,1090100,100,3000,0,0
3026,0,1232600,43800,46500,1076800,1071300,100,3300,100,100
3027,0,1196900,43700,46800,1073700,1068400,100,3000,100,200
3028,0,1189700,43900,46100,1072300,1067000,100,3100,0,200
3029,0,1200300,43900,46200,1072400,1067200,100,3100,100,0
3030,0,1207500,43700,46400,1072600,1067200,100,3200,100,100
3031,0,1215200,43900,47100,1082100,1076900,100,3000,100,200
3032,0,1196900,43900,46200,1072600,1067500,100,3000,100,0
3033,0,1196500,43900,46400,1071500,1066000,100,3000,100,100
3034,0,1215800,43700,46100,1070500,1065300,100,3200,100,100
3035,0,1250700,43600,46400,1076400,1070700,100,3100,0,200
3036,0,1296500,44800,49500,1073700,1068100,100,3000,100,100
3037,0,1185800,44000,46400,1070800,1065600,100,3000,100,100
3038,0,1257100,46900,49400,1110700,1105100,0,3400,2600,200
3039,0,1205100,44100,46500,1082900,1077400,0,2900,0,100
3040,0,1180200,44600,46200,1071500,1066100,0,3500,100,0
3041,0,1186700,43800,47200,1073000,1067600,100,2900,0,300
3042,0,1190600,44000,46100,1073200,1067700,0,3200,100,200
3043,0,1191400,44000,46400,1073500,1068200,100,3100,100,0
3044,0,1190400,43700,46100,1072500,1067100,100,3100,100,300
3045,0,1206500,44400,46300,1084700,1079300,100,3000,100,100
3046,0,1218700,44100,47900,1072700,1067300,100,2900,100,0
3047,0,1191300,43900,46300,1072400,1067100,100,2900,0,100
3048,0,1180900,43900,46000,1070500,1065200,100,3200,0,0
3049,0,1231300,44100,46300,1112200,1106200,100,2900,100,100
3050,0,1195100,44900,47700,1071400,1066000,100,3300,100,100
3051,0,1277100,46900,47900,1117800,1112100,100,3000,0,0
3052,0,1209600,44900,46900,1080700,1075200,100,3200,0,100
3053,0,1214200,45500,47200,1088200,1082400,100,3100,100,100
3054,0,1199200,44300,46700,1082300,1076600,100,3100,100,100
3055,0,1192900,44000,46300,1072300,1066900,100,3100,100,200
3056,0,1241000,44300,48000,1083100,1077500,100,3300,0,200
3057,0,1217300,43900,46700,1072600,1066900,0,3000,0,0
3058,0,1235100,44300,46500,1071100,1065500,200,3400,100,0
3059,0,1207100,44000,46600,1084100,1078300,100,3000,100,100
3060,0,1191100,44900,46900,1076100,1070600,100,3000,0,100
3061,0,1182300,43900,46500,1071100,1065500,100,3100,0,200
3062,0,1183500,43500,47300,1073800,1068200,0,3100,100,100
3063,0,1180700,43900,46300,1070500,1064900,100,3100,100,0
3064,0,1182900,44200,46300,1071100,1065400,100,3100,100,100
3065,0,1228200,44200,46200,1115000,1107500,100,2900,100,300
3066,0,1242500,44600,49500,1085700,1079700,100,3800,200,0
3067,0,1187300,43700,46200,1073000,1067400,100,3000,100,200
3068,0,1180300,44100,46000,1072500,1067100,100,2900,100,100
3069,0,1207000,43900,46000,1092900,1087400,100,3000,100,300
3070,0,1210100,43800,46300,1071800,1066100,0,3200,100,100
3071,0,1187000,44100,46200,1073300,1067800,100,3000,100,0
3072,0,1209300,44100,46300,1092900,1087400,100,3100,100,300
3073,0,1233600,46200,47700,1110500,1104600,100,3000,100,200
3074,0,1197600,43800,47400,1073300,1067900,100,3200,100,0
3075,0,1211500,43600,46400,1086300,1080400,100,3100,0,200
3076,0,1201700,43500,47100,1072900,1067600,100,3100,200,0
3077,0,1197700,43700,46400,1071500,1066300,0,3000,100,0
3078,0,1230200,44000,46700,1070800,1065400,100,3200,100,0
3079,0,1296100,43900,46500,1156800,1148300,100,3000,100,100
3080,0,1230600,44900,48900,1086600,1080600,100,3800,200,200
3081,0,1237800,44200,47100,1073400,1067900,100,2900,0,100
3082,0,1232100,43900,46300,1072500,1067200,100,3300,100,0
3083,0,1193200,44200,46000,1072800,1067500,100,2900,0,0
3084,0,1186200,44100,46200,1072400,1067000,100,2900,100,0
3085,0,1192400,43400,46200,1078000,1068700,100,3000,100,300
3086,0,1215600,43700,49300,1089300,1083800,0,8900,100,0
3087,0,1228800,44300,46400,1071300,1065900,100,3000,100,0
3088,0,1219000,43700,46400,1081100,1075500,100,3100,100,0
3089,0,1240400,44000,46500,1117000,1111000,100,3100,100,0
3090,0,1198300,43800,47800,1071500,1065700,100,3200,200,100
3091,0,1201400,44000,46500,1073100,1067700,100,3000,100,100
3092,0,1226300,43900,45800,1104000,1098500,100,3000,100,0
3093,0,1215100,44700,47600,1085200,1079600,200,3800,400,0
3094,0,1217800,43600,46600,1072900,1067500,100,3300,100,100
3095,0,1185900,44000,46200,1070400,1065200,100,3000,100,100
3096,0,1227600,45000,46900,1078900,1073700,500,3200,0,100
3097,0,1191400,43700,46500,1070700,1065300,100,2900,0,100
3098,0,1216900,44000,46400,1077900,1072400,100,3100,0,0
3099,0,1201100,44000,46500,1076300,1070800,0,3000,0,200
3100,0,1185200,44000,47300,1072200,1066900,100,3000,100,200
3101,0,1185200,43800,46400,1071200,1065800,100,3000,100,200
3102,0,1192200,43900,46400,1073100,1067700,100,3100,100,0
3103,0,1188600,43600,47300,1071200,1066000,100,3000,100,200
3104,0,1190800,44100,46500,1072200,1067000,0,3400,100,0
3105,0,1195500,43700,46400,1070500,1065300,100,3100,100,0
3106,0,1234300,43900,47000,1084800,1079000,100,3000,100,0
3107,0,1197200,45800,46900,1073000,1067500,100,3000,100,0
3108,0,1194200,43800,46600,1072000,1066500,100,3200,0,0
3109,0,1214700,43600,46700,1086900,1081400,100,3100,100,0
3110,0,1194800,43700,46300,1077100,1071600,100,2900,100,0
3111,0,1232200,44200,46700,1072700,1067100,100,2900,0,100
3112,0,1218900,45900,47400,1080900,1075600,0,2900,0,100
3113,0,1222800,44000,46500,1093500,1088200,0,3000,0,0
3114,0,1263500,61400,46500,1119900,1110300,100,3000,100,0
3115,0,1201100,43500,46200,1073100,1067300,100,3000,0,200
3116,0,1210200,43600,46500,1086000,1080300,100,2900,100,0
3117,0,1195100,44200,47500,1071300,1065800,200,3000,100,200
3118,0,1283000,43600,47000,1071400,1065900,100,3300,100,100
3119,0,25240900,58100,46600,1664300,1656400,0,23388500,600,200
3120,0,32992200,56800,48300,1671400,1662600,100,31091100,300,200
3121,0,1868500,50300,50500,1561200,1553000,100,4800,100,100
3122,0,1408300,44000,47100,1284700,1278500,100,4200,100,100
3123,0,1239700,45200,48300,1114300,1108200,100,3400,100,200
3124,0,1211700,44100,48600,1087700,1081500,100,3300,100,300
3125,0,1194100,43600,46700,1071600,1066100,100,2900,0,100
3126,0,1231200,44200,46400,1071900,1066300,100,3000,100,200
3127,0,1202000,45800,47100,1073800,1068100,100,3000,100,0
3128,0,1206000,44000,46200,1094200,1088700,100,3000,0,100
3129,0,1200200,43800,46600,1078300,1072700,100,3100,100,0
3130,0,1235600,43100,46900,1088000,1078100,0,3200,100,0
3131,0,1192100,44200,46300,1071000,1065000,0,3100,100,200
3132,0,1192300,45900,47000,1070200,1064900,100,3200,100,400
3133,0,1186600,44300,46000,1069600,1064400,0,3100,100,100
3134,0,1189900,43900,45800,1069500,1063900,100,3200,100,300
3135,0,1249700,44200,46200,1116800,1108100,100,2900,0,0
3136,0,1245200,45100,55800,1090900,1084800,200,3600,200,100
3137,0,1216800,44000,46500,1080000,1074300,100,2900,100,0
3138,0,1230700,44300,46100,1070400,1065000,0,3300,200,0
3139,0,1216100,43800,46400,1069800,1064400,100,3000,100,300
3140,0,1202100,44100,46200,1069800,1064300,100,3000,100,0
3141,0,1213300,44100,47500,1068100,1062800,100,3000,100,0
3142,0,1217500,44100,46500,1074500,1069300,100,3300,0,300
3143,0,1191600,44000,46100,1073800,1068500,100,3000,100,0
3144,0,1190800,44200,46000,1073400,1068200,100,3500,100,200
3145,0,1202300,44900,45700,1080500,1075300,100,2900,0,100
3146,0,1183800,45700,47600,1068500,1063100,100,3100,100,0
3147,0,1180900,44300,45800,1069600,1064300,100,3100,0,0
3148,0,1182700,43900,45800,1069600,1064200,100,3100,0,300
3149,0,1242600,43700,45900,1080500,1074700,100,2700,100,100
3150,0,1233800,44500,48100,1080400,1074400,100,3100,100,0
3151,0,1208200,45900,48100,1073900,1068600,100,3100,100,0
3152,0,1191200,43900,46300,1073400,1068100,100,3300,100,200
3153,0,1193700,44000,46400,1074100,1068800,100,3100,100,0
3154,0,1214400,44700,46500,1074400,1069100,100,3100,100,300
3155,0,1183900,43700,45800,1072900,1067600,100,3000,100,100
3156,0,1255100,44600,47500,1110400,1104800,100,3000,100,200
3157,0,1198200,44000,46500,1077800,1072400,0,3100,100,0
3158,0,1224600,44000,46300,1074900,1069600,100,3200,100,200
3159,0,1196400,43900,46000,1074600,1069000,100,3100,0,200
3160,0,1192400,43900,46100,1082800,1075700,100,3300,100,100
3161,0,1192200,44200,47800,1072700,1066900,100,3500,100,0
3162,0,1180700,44100,46200,1071300,1066000,100,3400,100,0
3163,0,1194800,43700,56700,1074600,1069300,0,3100,100,0
3164,0,1194900,44300,47900,1075100,1069700,100,3100,0,200
3165,0,1209200,43800,46400,1075900,1070600,100,3000,100,300
3166,0,1420400,114900,138100,1088000,1081400,100,2800,100,200
3167,0,1205800,44100,48900,1070400,1064700,100,3000,100,200
3168,0,1197800,44000,46500,1069200,1063800,0,3200,100,0
3169,0,1241100,44300,46600,1113600,1105700,100,3100,100,0
3170,0,1234100,46300,48700,1092300,1086400,200,3500,200,300
3171,0,1241000,44100,46700,1073200,1067600,100,3100,100,100
3172,0,1209100,44200,46400,1081900,1076500,100,3100,100,200
3173,0,1201600,44200,46300,1072100,1066400,100,3000,100,100
3174,0,1197500,44800,46800,1072400,1067100,100,3000,100,100
3175,0,1209000,43600,45900,1084000,1078600,100,3100,0,300
3176,0,1194400,43800,45800,1071300,1065900,100,3000,0,200
3177,0,1204700,44400,46000,1081800,1076600,100,2900,0,200
3178,0,1243900,44900,46000,1071100,1065500,100,3300,100,200
3179,0,1201200,44100,46200,1070700,1065400,100,3100,100,200
3180,0,1225000,44100,45800,1068400,1063100,100,3200,100,100
3181,0,1213800,44000,46200,1070000,1064500,100,3000,100,0
3182,0,1393800,44200,45900,1276300,1270600,100,3200,100,200
3183,0,1420000,44500,49000,1296200,1289900,100,3100,100,200
3184,0,1236900,46600,47900,1109900,1104600,100,3300,100,200
3185,0,1239000,44300,46000,1114100,1108700,100,3300,100,200
3186,0,1243400,44100,45900,1090100,1084600,100,3100,100,0
3187,0,1210900,44100,45900,1085000,1079500,100,3200,100,0
3188,0,1197700,43900,45800,1083500,1078200,100,3200,100,100
3189,0,1201200,44100,45800,1079500,1074200,100,2900,0,300
3190,0,1225700,44600,45900,1080400,1074900,100,3300,100,100
3191,0,1204000,44000,47900,1077300,1072000,100,3200,100,100
3192,0,1192200,44200,45800,1075400,1070200,100,3200,0,0
3193,0,1206300,43700,45600,1090000,1084600,100,3100,100,200
3194,0,1189700,43800,45900,1071700,1066200,100,3400,100,100
3195,0,1192100,45200,46000,1071900,1066600,100,3200,100,200
3196,0,1208600,44200,46200,1074400,1069000,0,3000,100,100
3197,0,1277300,52700,49900,1122400,1114500,0,3100,0,0
3198,0,1281800,44400,47200,1103200,1097800,100,3600,0,200
3199,0,1264200,44400,47000,1105000,1099600,100,3000,100,0
3200,0,1221500,44200,46000,1086800,1081500,100,3500,100,100
3201,0,1263200,44400,46400,1100100,1094700,100,3000,100,100
3202,0,1243200,44500,46500,1080400,1075100,100,3400,100,200
3203,0,1192300,44300,46200,1081500,1076100,100,3100,100,200
3204,0,1217900,47100,51700,1090900,1085200,100,3000,0,200
3205,0,1264100,44300,46500,1085000,1079500,100,3100,100,0
3206,0,1296800,44500,46600,1092200,1086800,100,3100,100,300
3207,0,1192000,44200,46100,1079000,1073700,100,3400,100,200
3208,0,1189100,45000,48500,1074200,1068900,100,3200,100,0
3209,0,1194900,44500,45700,1073700,1068300,100,3200,100,0
3210,0,1214300,44600,46100,1086100,1080500,100,3200,0,200
3211,0,1260500,44300,47100,1088100,1082400,100,3100,0,300
3212,0,1228000,44500,46600,1073800,1068400,100,3300,0,100
3213,0,1194600,44400,45600,1072500,1067100,100,3200,0,100
3214,0,1210200,43900,46000,1071100,1065800,100,3100,100,0
3215,0,1201600,44200,45800,1086300,1081000,100,2900,100,0
3216,0,1227100,44200,45900,1084200,1078700,100,3000,100,0
3217,0,1207000,44700,46700,1089900,1084300,100,3100,100,0
3218,0,1209400,44500,46100,1070000,1064500,100,3200,100,100
3219,0,1195600,45700,46300,1072100,1066600,0,3100,100,100
3220,0,1178200,44300,46100,1069700,1064300,100,3300,100,200
3221,0,1180900,44000,45600,1070900,1065500,100,3100,0,0
3222,0,1180500,44200,45800,1068500,1063100,100,3100,100,100
3223,0,1180000,44200,46200,1070300,1064900,100,3000,100,200
3224,0,1184800,44100,45700,1073800,1068100,100,3500,100,0
3225,0,1182600,44300,46000,1068300,1062900,100,3100,100,0
3226,0,1202100,44400,46000,1067300,1061900,100,3300,0,200
3227,0,1195900,44200,46100,1082800,1073500,100,3100,0,100
3228,0,1199800,45300,49200,1071500,1065500,200,3900,200,200
3229,0,1195400,44300,46200,1070100,1064400,100,3100,100,100
3230,0,1191200,44500,46000,1068000,1062600,100,3000,0,200
3231,0,1224000,44100,46600,1070000,1064500,100,3200,100,0
3232,0,1197400,44800,46200,1070900,1065500,100,3600,0,100
3233,0,1237400,45400,55500,1081600,1075100,200,3700,200,100
3234,0,1204800,44000,46800,1087500,1082200,100,3100,100,0
3235,0,1187500,43600,46600,1072500,1067400,100,3000,100,0
3236,0,1191000,44100,46400,1070300,1065200,100,3600,0,200
3237,0,1191600,43800,46900,1070800,1065500,100,3000,100,0
3238,0,1270200,44000,46900,1101000,1095700,100,3000,100,100
3239,0,25525700,52200,46900,1648900,1642600,0,23735100,200,100
3240,0,33259400,55600,48100,1793500,1784200,100,31306600,600,300
3241,0,1758600,44100,48700,1609000,1602800,0,5000,100,100
3242,0,1336800,43800,48000,1122200,1116800,100,4100,200,100
3243,0,1275800,43700,46600,1071100,1065900,100,2900,0,100
3244,0,1194700,44000,47300,1072900,1067500,100,3000,0,100
3245,0,1213100,44300,46000,1091400,1085400,0,2500,100,100
3246,0,1255800,45200,47700,1089200,1083900,100,3500,100,0
3247,0,1219800,43900,46100,1084200,1075200,100,3000,100,100
3248,0,1187800,44900,46500,1074000,1068300,200,3400,100,100
3249,0,1202700,45400,46900,1072800,1067100,100,3000,100,0
3250,0,1242900,45400,46800,1073300,1067700,100,3200,100,500
3251,0,1218800,44600,46900,1086400,1080700,100,3100,100,100
3252,0,1214400,44000,45700,1081100,1072000,100,3100,100,300
3253,0,1206500,43900,46300,1079600,1073900,0,3000,100,100
3254,0,1206500,43800,46300,1085000,1076000,100,3300,100,100
3255,0,1206700,43900,46800,1078100,1072600,100,3100,100,300
3256,0,1203600,44100,46600,1073600,1068200,100,3100,0,200
3257,0,1215100,46000,46500,1083500,1078000,100,3200,0,200
3258,0,1251900,44600,47400,1080500,1075100,0,3200,100,0
3259,0,1239000,44400,47700,1083700,1078600,100,3300,100,200
3260,0,1233900,44300,48100,1098100,1093000,100,3300,100,0
3261,0,1251900,44700,47300,1081200,1075900,0,3100,100,200
3262,0,1244300,44200,47400,1082200,1077100,100,3100,100,100
3263,0,1206600,44400,47100,1081000,1075900,100,3300,0,0
3264,0,1209800,44200,47400,1077800,1072400,100,3000,100,100
3265,0,1196000,44200,46400,1084000,1078800,100,3000,0,0
3266,0,1201200,44600,46800,1082000,1076700,100,3400,100,200
3267,0,1263600,44300,48200,1129800,1124500,100,3000,100,300
3268,0,1214800,44300,47000,1082200,1076800,100,3700,100,100
3269,0,1208300,44600,47600,1072800,1067500,100,2800,100,0
3270,0,1210700,44400,47600,1072800,1067400,100,3600,100,100
3271,0,1215300,44600,47200,1072800,1067500,100,3000,100,100
3272,0,1212700,44600,47200,1070900,1065500,100,3100,100,0
3273,0,1255700,44900,47300,1071500,1066100,100,3000,100,200
3274,0,1280400,44600,47400,1085100,1079800,100,3400,100,0
3275,0,1193400,44300,46500,1072700,1067300,100,3200,100,100
3276,0,1230200,44300,47200,1071700,1066400,100,3200,100,0
3277,0,1223200,45900,47300,1086700,1081200,0,3600,200,300
3278,0,1227400,44600,47000,1075800,1070400,100,6200,0,100
3279,0,1244700,44400,47200,1110000,1104400,100,2900,0,200
3280,0,1203300,44800,46800,1087400,1082100,100,3100,100,300
3281,0,1201500,44400,47400,1073700,1068300,100,3100,100,0
3282,0,1211900,44300,46800,1086200,1080900,100,3100,100,100
3283,0,1190400,44400,46900,1071400,1066100,100,3100,0,200
3284,0,1199900,44700,47600,1073700,1068400,0,3200,100,0
3285,0,1200500,44700,47100,1070700,1065500,100,3400,100,100
3286,0,1223200,44400,47300,1073100,1067700,100,3400,0,200
3287,0,1193300,44800,46800,1077100,1071700,100,3100,0,300
3288,0,1198100,45300,48700,1076000,1070700,100,3300,0,100
3289,0,1210100,44600,47200,1082000,1076600,100,3100,0,100
3290,0,1255500,44800,47300,1070500,1065200,100,3600,100,200
3291,0,1318600,44600,47500,1072600,1067300,100,3000,100,0
3292,0,1237800,44700,47000,1104900,1096500,0,3200,100,200
3293,0,1216000,44300,49900,1075400,1069800,100,3500,200,100
3294,0,1202900,43600,46500,1080200,1074900,100,3100,100,100
3295,0,1203100,43600,46400,1072700,1067300,100,2900,100,0
3296,0,1186600,43800,46400,1072700,1067300,0,3400,100,100
3297,0,1189900,44000,46500,1070400,1065200,0,3000,100,0
3298,0,1245700,44000,46500,1072800,1067400,100,2900,100,0
3299,0,1203400,43900,46400,1072500,1067300,100,3000,0,100
3300,0,1192600,43700,46200,1075400,1070100,100,3100,100,200
3301,0,1191300,44300,47000,1073700,1068400,100,2900,100,200
3302,0,1184100,43900,46100,1072600,1067400,100,3300,100,200
3303,0,1215000,43800,46100,1100900,1095600,100,3000,100,200
3304,0,1229000,43800,46600,1073000,1067600,100,3500,100,0
3305,0,1219600,44100,46900,1076200,1067500,100,2900,0,200
3306,0,1283600,49800,52800,1105100,1098500,100,3100,200,200
3307,0,1201700,44900,46400,1083900,1078300,100,2900,0,200
3308,0,1202600,45200,47900,1089600,1084200,100,3100,0,200
3309,0,1189800,44300,46500,1073900,1068800,100,3000,100,100
3310,0,1216900,43700,46400,1074000,1068600,100,3000,100,100
3311,0,1191600,43800,46300,1071200,1065900,100,3100,100,0
3312,0,1186300,43600,46100,1072900,1067400,100,3400,100,0
3313,0,1199400,44000,46000,1085500,1080300,100,2900,100,0
3314,0,1189700,44000,45900,1075800,1070400,100,3200,100,0
3315,0,1225100,47100,46700,1099800,1094300,0,3200,100,200
3316,0,1194000,43700,46100,1073700,1068700,100,3000,100,100
3317,0,1190800,43900,46500,1070700,1065400,100,3100,100,100
3318,0,1233100,43600,46400,1086700,1081200,200,3200,100,300
3319,0,1201900,43500,46500,1070800,1065500,100,3100,0,300
3320,0,1191100,45100,47200,1074000,1068600,100,2900,100,300
3321,0,1221300,44100,46700,1070900,1065500,100,3000,100,0
3322,0,1264500,45100,56600,1105400,1099600,100,3100,100,100
3323,0,1189600,44300,46300,1073900,1068500,100,3200,100,0
3324,0,1186700,44100,46100,1072900,1067700,100,3100,100,0
3325,0,1186700,43800,46400,1072600,1067400,0,3000,100,0
3326,0,1190400,43800,46000,1070600,1065300,100,3200,100,100
3327,0,1173200,43500,45700,1070600,1065500,100,3000,100,0
3328,0,1193800,43600,46100,1082000,1076600,100,3300,0,100
3329,0,1216500,44100,46900,1081300,1075800,100,3000,100,200
3330,0,1202000,43700,46700,1073500,1068000,100,3400,100,100
3331,0,1202000,44000,46900,1071000,1065800,100,3000,0,300
3332,0,1195300,43800,46400,1071000,1065700,100,3400,100,0
3333,0,1194600,43800,45800,1070700,1065400,0,3100,100,200
3334,0,1221000,43800,46600,1072700,1067400,100,3100,0,0
3335,0,1267700,44000,46300,1099300,1092200,100,3000,0,200
3336,0,1272200,44100,51200,1077100,1071000,100,3800,100,200
3337,0,1212800,44400,46400,1085000,1079100,100,3100,100,0
3338,0,1231100,43700,46200,1085100,1079800,100,3000,100,100
3339,0,1197000,43900,46300,1072900,1067600,100,3000,0,100
3340,0,1197400,43600,45900,1086900,1081700,100,2800,100,200
3341,0,1186000,43400,46200,1071000,1065800,100,3000,100,0
3342,0,1221700,43900,45800,1109600,1104000,100,3100,100,100
3343,0,1191900,44000,46400,1072900,1067500,100,3000,100,0
3344,0,1199400,43700,46300,1084700,1079200,100,3300,100,0
3345,0,1192000,43900,46200,1072900,1067600,0,3100,100,200
3346,0,1210800,43600,46600,1070800,1065400,100,3000,100,0
3347,0,1182800,44300,46200,1072400,1067100,100,3000,0,200
3348,0,1187300,43900,46100,1071000,1065600,100,3100,100,300
3349,0,1205200,43700,46200,1089500,1084300,100,3000,100,100
3350,0,1195000,44000,46300,1076200,1071000,100,3300,0,200
3351,0,1225300,44100,46700,1072700,1067300,0,3100,100,100
3352,0,1203200,43500,46300,1072900,1067600,100,3300,100,100
3353,0,1212200,43900,46600,1087700,1082400,100,3100,100,0
3354,0,1196100,43800,46500,1072800,1067600,100,3100,100,0
3355,0,1194200,44100,45900,1070900,1065700,100,2900,100,0
3356,0,1221600,44000,46400,1097300,1092200,100,3000,0,200
3357,0,1203700,43800,46400,1072900,1067600,100,2900,100,0
3358,0,1233700,43900,46400,1070900,1065600,100,3200,0,300
3359,0,26002600,62700,46100,2566600,2556100,100,23270100,500,0
3360,0,33393600,52800,49000,1816400,1807700,100,31391300,400,200
3361,0,1797300,43800,48100,1623700,1617200,0,5100,100,0
3362,0,1425900,44500,47400,1282400,1276800,0,4600,100,100
3363,0,1227000,43900,46800,1091100,1085700,100,3000,0,200
3364,0,1225300,44100,47600,1087600,1082200,100,3200,100,100
3365,0,1209500,43800,46700,1073800,1068500,100,3100,100,200
3366,0,1342800,44000,47000,1086800,1081400,100,3200,100,300
3367,0,1293100,43800,46700,1072300,1067000,100,3100,100,300
3368,0,1193500,43500,46100,1071600,1066300,0,3000,100,100
3369,0,1205600,44100,46300,1072900,1067500,100,2800,100,0
3370,0,1241600,44100,47000,1078000,1072400,100,3500,100,100
3371,0,1201800,43700,46000,1074400,1068900,100,2900,100,300
3372,0,1196400,44100,46600,1073900,1068400,0,3200,0,100
3373,0,1198500,44000,46100,1073200,1067800,100,3100,100,100
3374,0,1196500,43600,46700,1072700,1067400,100,3100,100,100
3375,0,1274200,43800,46800,1084000,1078600,0,3100,100,0
3376,0,1359300,44300,47000,1117900,1112600,100,3000,0,300
3377,0,1200000,44100,46400,1079600,1074300,0,3000,100,0
3378,0,1221000,43800,46600,1071700,1066200,100,3000,100,0
3379,0,1202800,43900,46600,1070500,1065200,0,3000,100,0
3380,0,1197700,44000,46400,1085600,1080400,100,3000,100,0
3381,0,1229300,43800,46400,1087900,1082600,0,3000,100,0
3382,0,1211400,43600,46400,1072800,1067400,100,2900,100,0
3383,0,1184900,43800,46700,1072900,1067600,100,3100,100,300
3384,0,1211800,43700,47000,1090400,1085100,100,3300,100,0
3385,0,1185900,43700,46500,1070900,1065500,100,3000,0,200
3386,0,1185600,43700,46400,1070600,1065300,100,3100,100,200
3387,0,1202000,43800,46300,1087400,1082200,100,3000,100,100
3388,0,1192600,43600,46000,1070700,1065300,100,3000,100,100
3389,0,1186600,43900,46500,1072700,1067500,100,3000,100,0
3390,0,1195000,43600,46400,1072300,1067100,100,2900,100,0
3391,0,1221100,43900,46200,1087000,1081700,100,3100,100,0
3392,0,1198600,44000,46200,1072900,1067800,100,3000,100,0
3393,0,1193500,43900,46300,1070100,1065000,100,2900,0,400
3394,0,1226300,44100,46600,1085600,1080300,100,3400,100,0
3395,0,1196700,44000,46000,1085300,1080000,100,3000,100,200
3396,0,1217500,44000,46300,1072600,1067400,100,3600,100,100
3397,0,1233600,43900,46600,1078300,1073000,0,2900,100,100
3398,0,1300400,46900,47600,1130800,1121800,0,3000,100,200
3399,0,1221500,44200,48200,1090500,1084700,100,3500,200,100
3400,0,1185700,44400,46200,1075500,1069900,100,3300,100,200
3401,0,1183600,43800,46400,1072400,1067000,100,3000,100,200
3402,0,1181500,43800,46200,1073300,1067900,100,3100,100,200
3403,0,1192800,43900,46500,1082600,1077300,100,3000,100,300
3404,0,1209600,44000,46300,1097500,1092000,100,3100,0,100
3405,0,1204800,43800,47100,1087100,1081600,100,2900,100,200
3406,0,1214500,43900,46600,1072000,1066800,100,2900,100,0
3407,0,1185000,44700,46500,1073100,1067700,0,3000,100,200
3408,0,1183400,44400,46800,1072400,1067000,100,3200,100,200
3409,0,1187600,44300,46500,1072700,1067300,100,2900,100,200
3410,0,1202300,46800,50300,1080700,1075300,100,3100,100,100
3411,0,1265300,44100,46900,1119000,1110300,100,3100,100,100
3412,0,1212100,44100,48400,1082400,1076600,100,3600,100,100
3413,0,1194900,43800,46700,1074800,1069300,100,2900,100,100
3414,0,1205200,46500,46100,1084300,1078800,100,3200,100,100
3415,0,1197900,43800,46400,1075900,1070500,100,3100,100,200
3416,0,1200800,43800,46800,1081400,1075900,100,2900,100,100
3417,0,1202500,43700,46500,1081200,1075900,100,2900,0,300
3418,0,1246500,44100,46400,1077800,1072500,100,3200,100,300
3419,0,1233800,44100,46900,1092100,1086500,100,3400,500,200
3420,0,1208200,43700,46600,1084900,1079500,100,3400,0,100
3421,0,1201800,44000,46500,1075500,1070200,100,3100,100,0
3422,0,1206600,43800,46100,1082600,1077200,0,3000,0,0
3423,0,1200200,44100,46400,1074300,1069100,100,3000,100,300
3424,0,1222400,43600,46900,1101300,1092300,0,3100,100,100
3425,0,1243700,46600,52600,1095500,1089700,200,3600,200,200
3426,0,1231200,43900,47000,1076100,1070400,100,3500,100,100
3427,0,1195100,43900,46700,1072200,1066500,100,3000,100,200
3428,0,1230900,43900,46400,1073400,1067800,100,2900,0,0
3429,0,1222400,43800,46900,1072400,1066700,100,2900,100,0
3430,0,1232300,43800,46700,1089800,1084000,100,3000,0,0
3431,0,1204200,42900,46200,1086300,1076500,100,3100,100,0
3432,0,1206100,43800,46100,1088100,1081700,100,3200,100,100
3433,0,1207500,46800,46000,1083800,1078000,100,3000,100,0
3434,0,1195900,44300,46900,1076400,1070600,100,3400,100,100
3435,0,1193500,44000,46000,1073300,1067800,100,3300,100,100
3436,0,1200400,44100,46100,1077000,1067700,100,3200,100,0
3437,0,1193100,43800,45800,1069600,1063700,100,3100,100,0
3438,0,1218100,44300,46500,1069900,1064500,100,3000,0,100
3439,0,1252500,43900,46000,1114700,1106000,100,3100,100,200
3440,0,1221500,46200,49400,1090800,1084300,100,3700,100,100
3441,0,1223400,44700,47000,1070500,1064800,100,3000,0,200
3442,0,1231100,44200,46600,1084400,1079000,100,3100,100,100
3443,0,1177000,44100,47300,1067000,1061700,100,2900,0,100
3444,0,1178700,43800,46100,1067400,1062000,100,3000,100,100
3445,0,1194800,44200,47300,1077600,1072400,100,3100,100,100
3446,0,1241600,44300,46400,1119000,1113600,100,3200,100,100
3447,0,1189200,43800,46400,1071400,1066300,0,3300,0,0
3448,0,1189900,44000,46500,1068900,1063700,100,3400,100,100
3449,0,1198400,43900,46400,1070600,1065400,100,3000,0,300
3450,0,1205500,44100,46200,1067600,1062500,100,3000,0,200
3451,0,1203600,43900,46500,1069000,1063900,100,3000,100,0
3452,0,1203900,44200,47500,1067200,1062000,100,3100,0,0
3453,0,1214300,47600,46600,1075300,1069700,100,3000,100,200
3454,0,1226500,43800,46200,1068700,1063400,100,3000,100,100
3455,0,1196200,44100,46600,1067000,1061900,100,3000,100,100
3456,0,1221700,44000,46300,1068900,1063700,100,3400,0,200
3457,0,1191700,43800,46300,1068700,1063500,0,2900,100,100
3458,0,1229200,43800,46600,1083700,1078600,0,3100,100,0
3459,0,1260200,43900,46200,1091900,1083000,100,2500,100,200
3460,0,1307100,44800,51400,1098800,1092700,100,3600,200,100
3461,0,1248700,44100,46000,1073400,1067500,100,2500,0,0
3462,0,1189800,44200,46500,1080200,1074900,100,3000,0,0
3463,0,1179600,43800,46400,1069600,1064200,0,3100,100,200
3464,0,1177800,43900,45900,1067100,1061500,100,3300,100,100
3465,0,1185400,44300,45500,1070900,1065400,100,2600,0,100
3466,0,1211900,43800,46400,1074400,1068800,100,3100,100,200
3467,0,1178300,44100,45900,1071700,1066500,0,3000,100,200
3468,0,1195400,43600,46000,1085600,1080300,100,3100,100,0
3469,0,1185600,43700,46300,1071000,1065800,100,3100,100,100
3470,0,1202000,43600,46100,1087500,1082200,0,3000,100,200
3471,0,1220600,44100,46000,1071400,1066100,0,3100,100,0
3472,0,1192700,43700,46000,1072500,1067100,100,3400,100,100
3473,0,1207900,44200,45900,1090800,1085600,100,3100,100,0
3474,0,1184500,43700,46300,1072400,1067200,100,3000,0,300
3475,0,1187200,43800,46100,1072800,1067500,100,3000,100,100
3476,0,1187500,43800,46100,1071000,1065700,100,3100,100,0
3477,0,1221800,43700,46100,1102200,1096900,0,3100,100,200
3478,0,1236600,43900,46500,1071000,1065800,100,3600,0,200
3479,0,24411800,55400,46400,1313000,1304300,100,22951900,100,100
3480,0,32764900,56900,47200,1451800,1442800,100,31163200,300,200
3481,0,1538100,44400,49100,1379900,1373800,100,4700,200,0
3482,0,1442000,43900,46700,1325300,1319500,0,3500,100,0
3483,0,1363200,43900,46400,1238800,1233000,100,3300,100,0
3484,0,1227400,43700,52600,1083800,1078200,0,3200,100,0
3485,0,1214100,43800,46500,1075500,1065800,100,3100,0,100
3486,0,1232800,44000,46200,1067500,1061700,100,3200,100,0
3487,0,1203200,44000,46200,1068900,1063800,0,3200,100,200
3488,0,1191400,44700,47600,1068100,1063000,100,3100,100,0
3489,0,1216600,44000,45700,1090400,1084600,100,2900,0,100
3490,0,1309300,46100,47300,1097300,1091300,100,3400,0,200
3491,0,1261300,44700,47800,1085100,1079300,100,2700,100,0
3492,0,1197400,45200,49600,1073600,1068100,100,3100,100,100
3493,0,1190600,44200,46200,1073600,1068200,100,3000,100,0
3494,0,1186600,43700,46100,1070900,1065400,100,2900,100,0
3495,0,1198600,43500,46200,1080200,1074300,100,3100,100,100
3496,0,1218600,44200,46500,1096600,1090400,100,3100,100,400
3497,0,1220200,46800,47100,1094700,1089200,100,2900,0,100
3498,0,1222200,43800,46400,1071100,1065800,100,2900,100,0
3499,0,1205800,44400,46500,1072800,1067500,100,3100,100,0
3500,0,1181800,44000,46200,1071400,1066100,100,3000,100,0
3501,0,1217400,43900,46400,1071500,1066100,100,3000,100,300
3502,0,1210900,44100,46600,1073600,1068200,100,2900,100,100
3503,0,1199900,44100,46200,1089500,1084000,100,3000,0,200
3504,0,1194600,44000,46900,1080200,1075000,100,3100,100,200
3505,0,1194000,44000,46300,1073300,1068100,100,2900,100,100
3506,0,1190400,44500,46400,1071900,1066600,100,3100,100,100
3507,0,1200000,44000,47300,1073700,1068200,100,3000,100,0
3508,0,1199600,43600,46500,1073100,1067500,100,3100,0,200
3509,0,1225200,44000,46400,1093700,1084500,100,3000,0,200
3510,0,1230900,44500,50700,1083000,1077100,100,3900,100,200
3511,0,1234900,47100,47500,1083000,1077600,100,3000,100,100
3512,0,1214100,43800,46300,1074200,1068700,100,3400,100,0
3513,0,1215000,44100,46300,1087900,1082400,100,3000,100,0
3514,0,1223900,43700,46300,1073900,1068600,100,3000,100,0
3515,0,1202800,43500,46000,1079200,1072000,100,2900,0,200
3516,0,1248200,44200,48300,1084200,1078000,100,3500,200,100
3517,0,1210200,43500,46300,1085300,1079900,100,3000,100,200
3518,0,1224200,44900,46700,1072000,1066700,100,3100,100,100
3519,0,1198900,43900,46300,1072100,1066700,100,2900,0,100
3520,0,1194500,45200,46500,1076600,1071300,100,3000,0,100
3521,0,1228700,43800,46500,1071600,1066000,100,3000,100,0
3522,0,1215300,44000,46600,1071400,1065900,100,3300,0,100
3523,0,1186500,44000,46100,1073200,1067700,100,3100,0,100
3524,0,1201900,44100,46200,1086500,1081200,100,3100,100,0
3525,0,1200300,45100,46600,1079500,1074400,100,3000,100,200
3526,0,1214600,43600,46400,1073400,1068000,100,3000,100,300
3527,0,1188100,43900,46200,1072600,1067300,100,2900,100,100
3528,0,1186000,44100,46000,1071400,1065800,100,3200,100,200
3529,0,1189400,44100,46000,1071700,1066300,200,3000,100,100
3530,0,1191900,44900,46700,1071300,1066000,0,3000,100,100
3531,0,1274600,43800,46400,1120700,1115100,100,2900,100,300
3532,0,1197000,43800,46400,1073900,1068600,100,3100,100,100
3533,0,1199500,43700,45800,1079500,1074200,100,2900,100,100
3534,0,1192500,43400,45900,1077500,1068500,100,3100,100,200
3535,0,1197600,46200,48000,1073500,1068000,0,3000,100,0
3536,0,1198100,44000,46200,1073800,1068300,100,3600,100,200
3537,0,1201300,43400,46500,1073400,1067900,100,3000,100,0
3538,0,1249300,44100,46900,1075200,1069900,100,3000,0,0
3539,0,1215100,43800,46600,1074600,1069200,100,3000,100,100
3540,0,1208200,43600,47000,1077400,1068300,200,3000,100,100
3541,0,1201100,44200,45500,1073600,1068000,100,3000,100,100
3542,0,1191900,44000,46100,1069300,1064200,100,3000,100,200
3543,0,1201100,43400,46200,1074100,1068700,100,3000,0,0
3544,0,1216800,43800,45500,1099500,1092900,100,3100,0,100
3545,0,1296000,62100,53000,1088900,1078200,100,3500,200,300
3546,0,1284400,43800,47400,1074300,1068500,100,3400,200,200
3547,0,1195100,44300,46100,1073400,1068000,100,3100,100,300
3548,0,1196400,43700,45900,1081800,1074700,100,3100,0,0
3549,0,1196900,43900,47900,1072700,1066800,100,3500,100,100
3550,0,1212900,44000,46100,1073100,1067700,200,3100,100,200
3551,0,1189900,44000,46100,1073600,1068200,100,3100,100,0
3552,0,1225400,44100,46700,1071900,1066600,100,3100,0,300
3553,0,1210300,45600,46200,1072100,1066700,0,2900,100,100
3554,0,1186300,44100,46100,1073600,1067900,0,3100,100,300
3555,0,1187100,43500,46200,1073400,1068000,100,3000,100,0
3556,0,1191000,43500,46300,1073500,1068200,0,3100,0,200
3557,0,1219000,43600,46200,1098600,1092500,100,3000,100,200
3558,0,1265000,45400,47100,1114100,1108400,100,3200,100,200
3559,0,1412100,46200,56700,1265700,1260200,100,3400,100,300
3560,0,1188300,43900,46300,1075900,1070300,100,3400,100,100
3561,0,1219100,44100,46000,1073500,1068000,100,3100,100,100
3562,0,1213300,43900,47900,1072700,1067100,100,3100,100,0
3563,0,1178700,43700,46600,1072700,1067100,100,3100,0,200
3564,0,1179100,43700,45800,1073800,1068200,100,2900,100,100
3565,0,1191000,44000,45800,1086400,1080800,100,2900,100,200
3566,0,1186100,44200,46500,1079200,1073900,100,3500,100,100
3567,0,1181800,43700,45800,1073200,1067800,100,3100,100,100
3568,0,1182500,43700,45800,1073700,1068300,100,3400,100,100
3569,0,1193900,43700,46200,1072900,1067500,100,3000,100,0
3570,0,1202400,43800,46100,1073900,1068300,100,3300,100,0
3571,0,1203500,43900,46300,1071500,1066000,0,3000,0,100
3572,0,1255500,45500,46200,1123200,1113900,100,3100,400,200
3573,0,1226400,45100,51300,1084300,1078300,200,3700,200,200
3574,0,1237900,44600,47500,1078500,1072800,100,3100,100,300
3575,0,1193100,44200,46700,1080400,1074900,100,3100,100,0
3576,0,1228900,44500,46600,1079000,1073700,100,3100,100,0
3577,0,1219000,44100,46600,1096400,1091000,100,3100,100,200
3578,0,1258000,44000,46300,1109200,1103700,100,3100,0,0
3579,0,1224100,44000,46800,1097100,1091800,100,3200,100,300
3580,0,1213400,44400,46600,1098900,1093500,100,3100,0,100
3581,0,1203900,46100,47000,1085400,1079900,100,3100,100,0
3582,0,1194900,43900,46200,1083000,1077700,0,3100,0,200
3583,0,1231400,43900,46500,1079000,1073600,100,3000,0,200
3584,0,1231900,43900,46300,1086800,1081300,100,3600,100,0
3585,0,1421100,43900,46000,1302300,1266700,0,3200,100,100
3586,0,1269700,46600,48300,1118500,1112500,100,3600,200,200
3587,0,1195300,45100,46300,1083200,1077600,100,3200,100,100
3588,0,1188100,44100,46200,1075500,1070100,100,3100,100,100
3589,0,1196100,44900,46100,1074200,1068900,100,3600,100,300
3590,0,1197100,44100,46600,1071300,1066100,100,3100,100,100
3591,0,1229600,43900,46200,1073700,1068300,100,3000,0,200
3592,0,1222500,44000,46400,1091000,1085400,100,3600,100,100
3593,0,1213200,44100,46100,1086700,1081500,100,3300,0,0
3594,0,1205000,43800,47100,1086000,1080600,100,3200,0,100
3595,0,1193000,43700,46600,1074800,1069600,0,3100,100,0
3596,0,1204900,43800,46000,1089600,1084200,100,3200,100,0
3597,0,1191900,43600,46300,1073000,1067800,100,3000,100,100
3598,0,1251900,43700,46100,1083500,1077900,100,3000,100,0
3599,0,24726600,49800,46400,1380200,1374400,100,23203100,200,0
0,1,3509900,47000,73100,3155800,3141600,200,11500,1700,1700
1,1,1214400,44900,48800,1087200,1081300,100,3300,100,0
2,1,1188900,44400,47200,1069900,1064200,100,3000,100,200
3,1,1191200,44200,46200,1069100,1064000,100,3100,100,100
4,1,1196100,44200,46700,1069300,1063800,100,3000,100,200
5,1,1202400,44100,46200,1072400,1067200,100,3000,0,100
6,1,1195000,44100,46400,1069700,1064400,100,3100,100,200
7,1,1237700,43900,46400,1069200,1064200,100,3100,100,100
8,1,1203900,43700,46300,1083700,1078200,100,2900,0,0
9,1,1225100,44100,46300,1093500,1088200,100,2900,0,100
10,1,1222900,44100,45700,1076700,1070500,100,2500,100,200
11,1,1206200,43600,46600,1078000,1068800,100,3600,500,200
12,1,1259400,43600,46300,1139200,1120300,100,3300,100,200
13,1,1206100,46000,51000,1077200,1071100,100,3400,100,200
14,1,1206400,44000,46300,1085200,1079400,100,2900,100,100
15,1,1210300,43500,46100,1077100,1071400,100,2900,100,0
16,1,1200200,43500,45900,1073900,1068200,0,3000,100,100
17,1,1205100,43100,48600,1073800,1068200,100,3000,100,100
18,1,1306400,43500,46900,1097500,1091800,100,3000,0,200
19,1,1291200,45100,47100,1121200,1115300,100,3000,100,0
20,1,1198500,43400,46200,1075000,1069400,100,3100,100,200
21,1,1230900,44700,46700,1078400,1072200,100,3000,100,0
22,1,1220300,43900,46500,1073000,1067500,100,3300,100,200
23,1,1193300,43500,45900,1084000,1078300,100,3000,100,0
24,1,1198400,43700,46200,1088200,1082600,0,3400,0,100
25,1,1183900,43700,46200,1073500,1067900,0,3100,100,0
26,1,1236500,43500,46100,1126100,1118500,100,3100,100,100
27,1,1204400,44100,47100,1081100,1075400,100,3500,200,0
28,1,1185600,43400,45900,1074000,1068600,100,3000,100,0
29,1,1213800,43300,46300,1090600,1085200,100,3000,100,200
30,1,1200700,43700,46700,1074800,1069600,100,3100,100,100
31,1,1215200,43700,46200,1088100,1082800,0,3100,100,0
32,1,1196700,43200,46500,1073800,1068400,100,3200,100,100
33,1,1239300,46000,48300,1112200,1106700,100,3000,100,100
34,1,1255100,44700,46800,1103400,1097800,100,3100,100,100
35,1,1213200,45700,46700,1088400,1083000,100,3100,100,200
36,1,1235000,44400,46900,1074100,1068600,100,3100,100,100
37,1,1215900,44200,52600,1073900,1068400,100,4400,0,100
38,1,1275400,44200,47300,1119600,1113400,100,2400,0,100
39,1,1248700,44800,49600,1105500,1096400,100,3000,100,300
40,1,1286200,46100,53700,1140500,1134100,100,3800,200,200
41,1,1214100,43400,47000,1090300,1084700,100,3100,100,0
42,1,1198200,43500,46200,1078000,1072400,100,3000,100,0
43,1,1198200,43500,46100,1074000,1068700,100,3100,100,300
44,1,1190200,43600,45900,1073600,1068100,100,3200,0,100
45,1,1212200,43600,46300,1080600,1070700,100,2900,100,100
46,1,1275700,50100,52100,1105800,1099700,100,3500,100,100
47,1,1228300,44200,47300,1098100,1092600,100,3300,100,100
48,1,1194500,44200,47100,1074300,1068700,100,3100,100,200
49,1,1257800,43800,46900,1090400,1084800,100,2900,100,300
50,1,1235000,44200,47400,1079000,1073600,100,3000,100,200
51,1,1250800,44200,47200,1087500,1082000,100,3100,200,100
52,1,1203200,43800,46900,1073800,1068200,100,3000,100,0
53,1,1233100,43900,46500,1108700,1103300,100,2900,0,0
54,1,1220600,44000,49100,1090400,1085000,0,3500,100,100
55,1,1207800,43100,46000,1085700,1080300,100,3000,100,300
56,1,1209900,43900,46500,1088600,1083000,100,2900,0,100
57,1,1202100,43700,46500,1075300,1069800,100,3000,0,100
58,1,1253700,43400,47800,1076400,1071000,100,3400,100,100
59,1,1235300,44000,46800,1078100,1072600,100,3000,100,200
60,1,1344800,43800,46500,1118600,1113200,0,3000,100,200
61,1,1245500,43600,46400,1075200,1069900,100,3200,100,200
62,1,1183700,43300,46100,1073300,1068000,100,3100,100,200
63,1,1181400,43200,46200,1074000,1068600,100,3000,100,100
64,1,1185800,43300,46000,1073400,1067900,100,2900,0,200
65,1,1198700,43700,46100,1085400,1080100,100,3000,0,100
66,1,1219000,43800,46000,1073400,1068000,100,3000,100,100
67,1,1208100,44100,47500,1085200,1079800,100,3000,100,100
68,1,1210300,43600,53800,1083200,1078000,100,3000,100,200
69,1,1196400,43600,46500,1074200,1068800,100,3000,100,100
70,1,1232600,44600,46000,1087800,1082400,100,3100,0,300
71,1,1198100,44100,46500,1073700,1068400,100,3100,100,100
72,1,1193700,44000,46300,1083600,1078200,100,3300,100,100
73,1,1193500,43600,46300,1078800,1073400,100,3000,100,200
74,1,1193800,43600,47200,1073000,1067700,100,2900,0,200
75,1,1187100,43500,46300,1073600,1068300,100,3000,100,100
76,1,1199400,44200,46800,1073500,1068200,100,3300,100,100
77,1,1196400,43600,46600,1072800,1067500,100,3000,0,100
78,1,1239900,43500,46300,1093000,1087400,100,3000,100,200
79,1,1214200,43800,46900,1075800,1070400,100,3100,100,100
80,1,1244200,43800,46600,1090500,1080200,100,3100,100,200
81,1,1241600,43900,46400,1075100,1069700,100,3000,100,0
82,1,1208000,43700,46200,1072900,1067600,100,3100,100,100
83,1,1179500,43200,45900,1075500,1070000,0,3100,100,100
84,1,1189700,43600,45700,1084400,1078900,100,3000,0,200
85,1,1188200,45500,46500,1080100,1074500,100,3100,100,100
86,1,1179200,43800,45900,1073900,1068700,100,3200,100,100
87,1,1194600,43500,45900,1089900,1080900,100,3100,100,200
88,1,1213300,43800,48500,1095900,1090100,100,3800,200,0
89,1,1198500,43900,46500,1079000,1073600,100,3100,0,100
90,1,1194200,43600,45900,1074100,1068800,100,3100,100,100
91,1,1206200,43000,47100,1077400,1071600,100,3000,100,0
92,1,1194200,43700,46300,1076000,1070500,100,2900,100,200
93,1,1190900,43800,46100,1075100,1069700,100,3100,100,100
94,1,1239400,43900,46100,1096500,1091300,0,3200,0,300
95,1,1189200,43500,46300,1079800,1074500,100,3100,100,0
96,1,1228000,44300,46400,1080700,1075400,100,2900,100,0
97,1,1223000,43700,46000,1096300,1090800,0,2900,100,100
98,1,1220500,43700,46600,1074000,1068600,100,3200,100,200
99,1,1203000,44500,46100,1074500,1069300,100,3000,0,0
100,1,1188100,43500,46100,1073700,1068300,0,3300,100,0
101,1,1196600,43600,46400,1078100,1072700,100,2900,100,100
102,1,1194100,43600,46000,1074000,1068600,100,3200,100,0
103,1,1184600,43400,46000,1075200,1069700,100,3000,100,300
104,1,1200500,44400,46400,1075500,1070300,100,2900,0,100
105,1,1208800,43400,46800,1073900,1068500,0,2900,100,100
106,1,1218400,43400,46400,1073400,1068100,100,3100,0,100
107,1,1209700,43300,46100,1073200,1068000,100,3100,100,300
108,1,1231400,43500,46200,1112200,1105100,100,3300,100,300
109,1,1237500,44400,50400,1099900,1093800,100,3600,200,200
110,1,1200800,45000,46500,1074700,1069100,100,3300,100,300
111,1,1271700,43900,46500,1074100,1068600,0,2900,0,100
112,1,1224700,43300,46600,1073900,1068500,0,3000,100,100
113,1,1191700,43800,46300,1073200,1067600,100,2900,100,300
114,1,1189600,43400,46000,1073300,1068100,0,3100,0,0
115,1,1217400,43400,46100,1101500,1095600,0,3000,0,0
116,1,1208100,45000,46200,1086000,1080600,100,3000,100,100
117,1,1196200,43400,46100,1074400,1068900,100,3000,100,100
118,1,1242000,43300,46300,1073100,1067700,100,3400,100,0
119,1,26181800,68500,46100,2159800,2146100,200,23844400,600,500
120,1,33058500,55300,51900,1903600,1893800,100,30970400,300,300
121,1,1996000,44400,49400,1836100,1829800,0,4800,300,200
122,1,1527400,44300,47700,1378400,1372800,100,5000,100,100
123,1,1223300,45100,48000,1098600,1093000,100,3200,100,200
124,1,1203900,43800,46600,1074900,1069200,100,3300,100,0
125,1,1202000,44000,46600,1073400,1067800,100,3100,100,100
126,1,1259300,43400,46200,1087700,1082300,100,3100,100,100
127,1,1226900,43400,46200,1091800,1086400,100,2900,100,100
128,1,1208900,43600,46100,1075300,1069800,100,3100,100,200
129,1,1231100,43500,46600,1091200,1081900,100,2900,100,100
130,1,1248900,43600,46600,1083700,1077900,100,3100,100,200
131,1,1215600,44000,45900,1076500,1070900,100,2900,0,100
132,1,1215700,43800,46500,1085300,1079700,100,3300,100,100
133,1,1208000,43600,46000,1069300,1064200,100,3100,100,100
134,1,1192200,44100,45700,1069400,1064100,100,3200,100,100
135,1,1235600,43900,46700,1099800,1094600,100,3000,0,200
136,1,1250200,43900,46600,1086900,1081500,100,3000,100,100
137,1,1219400,44900,47000,1070800,1065600,0,3100,100,100
138,1,1239100,43900,46700,1069800,1064300,100,3300,0,300
139,1,1219800,44000,45900,1070000,1064700,0,3100,100,300
140,1,1203300,43700,46200,1069900,1064600,100,3100,100,200
141,1,1254300,43900,46100,1095600,1090200,100,2900,0,200
142,1,1270500,44000,45700,1081100,1075600,100,2600,100,100
143,1,1247900,43900,45700,1098800,1093500,100,3000,100,200
144,1,1203200,43900,46400,1084600,1079300,0,3100,100,100
145,1,1240400,44000,45800,1069900,1064600,100,2900,100,100
146,1,1258000,43600,46700,1069500,1064300,100,3300,100,0
147,1,1188900,43600,45800,1084600,1079400,100,3000,200,0
148,1,1212300,43700,45800,1102500,1095500,100,3000,100,0
149,1,1223000,44600,49600,1091400,1085400,100,3500,200,200
150,1,1192000,43700,46300,1072100,1066600,100,3100,0,100
151,1,1214300,44500,47000,1091000,1085800,100,3000,100,100
152,1,1186800,43800,46000,1070300,1064900,100,3100,0,100
153,1,1184900,43800,46100,1069500,1064200,100,3000,100,100
154,1,1208900,43800,46200,1069500,1064200,100,3200,200,100
155,1,1187000,43500,45600,1077900,1072500,100,3100,100,0
156,1,1230800,44200,46600,1086000,1080600,0,3300,100,100
157,1,1191300,43500,45900,1074500,1068600,100,2900,100,100
158,1,1206200,43800,46300,1069700,1064300,100,3100,0,300
159,1,1196300,43800,46300,1069900,1064600,100,3100,0,0
160,1,1198900,46100,46000,1082300,1069800,100,3400,0,300
161,1,1241600,43600,46000,1126200,1120500,100,3000,100,200
162,1,1201800,45700,46600,1082600,1075400,100,3600,100,0
163,1,1196900,44100,47200,1078700,1073100,100,3100,100,100
164,1,1202500,44200,47500,1077400,1071700,100,3200,100,200
165,1,1188600,43900,46200,1071200,1065700,0,2900,0,0
166,1,1221500,44600,47000,1071700,1066200,100,3000,100,100
167,1,1187800,43900,45500,1070100,1064700,100,3000,100,200
168,1,1194200,44000,46000,1084000,1078500,100,3000,100,100
169,1,1189500,44200,45900,1069800,1064400,100,3100,100,0
170,1,1197600,44000,45700,1081800,1076100,100,3100,100,200
171,1,1222900,44100,46300,1072500,1067100,100,3100,100,100
172,1,1193300,43800,46400,1070700,1065200,100,3300,100,200
173,1,1226300,44000,45600,1069900,1064400,100,2500,0,0
174,1,1241300,44400,64200,1085100,1079600,100,3100,100,0
175,1,1187200,44100,46200,1070600,1065000,100,3100,0,0
176,1,1185700,44300,45900,1069000,1063600,100,3100,0,0
177,1,1230500,44100,45900,1109700,1099800,100,3100,100,100
178,1,1262400,45300,50700,1081100,1074500,100,3700,200,100
179,1,1198100,44000,46300,1071900,1066200,100,3100,0,200
180,1,1181500,43900,45800,1070100,1064400,100,3100,100,100
181,1,1181300,44100,45400,1070600,1065000,100,3000,100,100
182,1,1190000,43900,45900,1080500,1074900,100,3100,100,0
183,1,1235500,44100,84300,1082900,1076400,100,3300,100,0
184,1,1213600,44000,46800,1096600,1090500,100,3100,100,100
185,1,1192100,43700,46400,1077200,1071700,100,3100,0,0
186,1,1218200,43700,47400,1074000,1068400,100,3100,0,200
187,1,1187500,43500,46100,1073200,1067700,100,3000,0,0
188,1,1182300,42900,45800,1073600,1068300,100,3200,100,100
189,1,1194500,43600,46100,1071900,1066600,100,3000,100,300
190,1,1230100,43500,46300,1073100,1067500,100,3400,100,400
191,1,1213400,44000,46600,1086300,1080800,100,3000,0,0
192,1,1202500,43300,46300,1074300,1069000,100,3300,0,100
193,1,1198000,43400,46200,1073700,1068600,100,3100,0,100
194,1,1198800,43300,46300,1073600,1068500,100,3300,0,200
195,1,1204300,43500,46600,1073200,1067900,100,3000,0,0
196,1,1214000,43200,46200,1087700,1082100,100,3300,0,100
197,1,1284400,43800,46500,1149200,1141800,100,3000,0,200
198,1,1332500,72800,51000,1131800,1120800,100,3500,200,200
199,1,1221400,45700,46600,1076900,1070800,100,3000,100,100
200,1,1211800,43900,46100,1091500,1085800,100,2600,100,300
201,1,1225500,44000,47000,1070600,1064400,200,3100,100,100
202,1,1216200,44300,46400,1069900,1064000,100,3200,100,200
203,1,1185500,43900,45700,1070100,1064500,100,3000,100,0
204,1,1219600,43700,46100,1069800,1064300,100,3000,100,100
205,1,1205500,45400,45900,1071000,1065500,100,3100,100,0
206,1,1181200,44200,46000,1070200,1064800,0,2900,100,0
207,1,1184500,44000,45600,1070200,1064600,100,3000,100,300
208,1,1179400,43900,45700,1069900,1064400,100,3200,100,100
209,1,1204800,43800,45500,1085500,1080000,100,3100,100,100
210,1,1206000,43900,45800,1084400,1078900,100,3000,100,0
211,1,1219000,43800,45600,1094900,1089200,100,3100,100,200
212,1,1215200,44300,46100,1091600,1086100,100,3100,100,100
213,1,1207100,45100,47200,1083600,1078300,100,3000,0,200
214,1,1219100,44300,46700,1075700,1070100,100,3100,100,100
215,1,1184700,44300,45800,1069800,1064100,100,3200,100,100
216,1,1221200,43800,46100,1070100,1064500,100,3400,100,200
217,1,1196200,43400,46300,1077500,1068400,100,3000,100,200
218,1,1228400,43900,46200,1087700,1082100,100,3300,100,100
219,1,1240400,43800,46100,1114200,1107000,100,3100,100,100
220,1,1227200,45200,49800,1103100,1096900,100,3700,200,200
221,1,1202900,44300,46100,1075700,1070000,100,3100,100,100
222,1,1201500,44100,46100,1071800,1066400,100,3100,100,100
223,1,1196400,44100,46200,1072000,1066500,100,3000,100,100
224,1,1197700,44500,46300,1071600,1066100,100,3000,100,200
225,1,1227300,44500,46500,1090600,1084900,100,2900,100,200
226,1,1233400,44500,46600,1077900,1072500,100,3200,100,200
227,1,1184400,44400,46600,1069400,1064100,100,3100,0,0
228,1,1189700,44500,46700,1070100,1064800,100,3100,100,200
229,1,1211000,44900,46800,1080300,1075000,100,3100,100,100
230,1,1231200,44700,46700,1069800,1064300,100,2900,100,100
231,1,1278300,44400,46700,1083600,1078200,100,3000,0,100
232,1,1251200,45100,46000,1129900,1124400,100,3100,100,200
233,1,1189600,44500,46000,1069800,1064200,0,3100,100,100
234,1,1186100,44200,46400,1069900,1064300,100,3100,100,0
235,1,1223400,44200,46000,1069900,1064500,100,3100,100,200
236,1,1224400,44000,46400,1084300,1078900,100,3400,100,0
237,1,1202600,44100,45600,1085100,1079700,100,3000,100,200
238,1,1238400,44900,47700,1075600,1070200,100,3300,100,100
239,1,26336500,72500,45800,2214600,2194800,100,23929000,900,100
240,1,33374400,53000,58500,1915000,1907200,0,31282900,400,300
241,1,1907600,44500,49500,1760400,1753300,0,4600,200,200
242,1,1533100,43800,48200,1395200,1388800,100,4600,200,0
243,1,1203700,43800,47200,1077400,1071800,100,4500,100,200
244,1,1194300,43900,46000,1071800,1066400,100,3200,0,100
245,1,1207600,44900,49000,1071100,1065500,0,9300,200,300
246,1,1254800,44000,45900,1086200,1080800,100,3100,100,200
247,1,1201400,43900,46800,1076600,1071000,100,3100,100,200
248,1,1181500,43700,45500,1070100,1064700,0,2900,100,100
249,1,1199300,43200,46200,1078200,1068600,0,3000,0,200
250,1,1216300,43600,46100,1070300,1064500,100,3100,100,100
251,1,1211100,43800,45600,1093400,1088100,0,2400,100,200
252,1,1231800,44600,52800,1094100,1088800,100,3300,100,100
253,1,1202800,43200,46100,1077700,1072500,100,2900,100,200
254,1,1202700,43300,46400,1073100,1068000,100,3000,100,300
255,1,1215200,43300,46600,1087200,1082100,100,3000,100,100
256,1,1210500,43400,46400,1071100,1066000,100,3400,100,100
257,1,1223100,43600,46600,1072800,1067700,100,3100,0,0
258,1,1231300,43400,46400,1083800,1078600,100,3000,100,0
259,1,1218900,43300,46500,1074000,1068800,100,3100,100,0
260,1,1246300,43600,47800,1115200,1109500,0,3000,0,200
261,1,1219100,43500,46900,1074300,1068900,100,3100,200,300
262,1,1247600,43400,46600,1104000,1095500,100,2900,0,200
263,1,1191800,45800,45400,1074700,1069100,100,2700,100,0
264,1,1285800,43400,46500,1168400,1158700,100,3000,100,100
265,1,1203800,45100,50700,1077500,1071300,100,3600,200,100
266,1,1238300,44800,48200,1077400,1071900,100,3200,100,300
267,1,1224800,43600,46800,1087700,1082400,100,3100,100,200
268,1,1182000,43700,46100,1073400,1068200,100,3100,0,0
269,1,1223800,43500,46300,1106700,1101300,100,3000,100,200
270,1,1208100,44500,47400,1083700,1078500,100,3100,100,100
271,1,1203600,43000,46400,1075000,1069700,100,3000,100,100
272,1,1192700,43800,46200,1075100,1069900,100,3100,0,0
273,1,1236100,43500,46200,1117900,1112600,100,2900,100,100
274,1,1249100,43500,46700,1095300,1089800,100,3100,100,100
275,1,1203100,43300,46400,1075600,1070400,100,3000,100,200
276,1,1227000,43300,46200,1071100,1066000,100,3200,0,200
277,1,1205100,43700,46300,1073000,1067900,100,2900,100,100
278,1,1221400,43900,45600,1070900,1064700,0,2300,0,100
279,1,1199000,44000,46000,1070100,1064300,100,3100,100,0
280,1,1222300,43900,46100,1107800,1102600,100,2900,100,0
281,1,1208300,44000,46600,1086600,1081200,0,3100,100,100
282,1,1188200,43900,46400,1071800,1066500,100,3000,100,200
283,1,1194100,43900,46000,1070000,1064700,100,3000,0,200
284,1,1194000,44000,45700,1069700,1064300,100,3100,100,300
285,1,1198300,43700,45700,1069800,1064400,0,2900,100,200
286,1,1222900,43900,45900,1070100,1064700,100,3000,0,100
287,1,1215600,43600,45500,1093200,1088000,100,3100,100,100
288,1,1226900,45300,46900,1091500,1086500,100,3200,100,200
289,1,1203500,45400,48700,1076900,1071700,100,3200,100,100
290,1,1216100,44000,46000,1089300,1084100,100,3100,100,200
291,1,1248200,44000,46700,1084800,1079500,100,3100,100,300
292,1,1197300,44000,45800,1068200,1062800,100,3000,0,100
293,1,1192800,43800,46100,1070400,1065300,100,3000,0,100
294,1,1239400,44000,45600,1116300,1108400,100,2900,100,0
295,1,1204700,44700,46100,1076200,1070900,100,3400,0,100
296,1,1199100,44000,46700,1070300,1064900,100,3000,100,0
297,1,1240600,43900,45600,1069600,1064400,100,2500,100,0
298,1,1265200,43800,46600,1068300,1063000,100,3100,100,0
299,1,1198200,43600,46000,1070000,1064400,100,2900,100,200
300,1,1186900,43800,46000,1070300,1065000,100,3100,0,200
301,1,1255500,43900,46000,1135200,1126400,100,2900,100,100
302,1,1217200,43800,49400,1086900,1078000,200,3600,100,100
303,1,1189600,43700,47300,1069700,1064500,100,3100,0,100
304,1,1187600,43900,45800,1069500,1064200,100,3000,100,100
305,1,1198400,43800,46100,1079900,1074600,100,3000,100,300
306,1,1288000,45300,82100,1075400,1069500,100,3400,200,0
307,1,1203500,43700,46300,1073300,1068100,100,3000,100,300
308,1,1218200,46400,47000,1096600,1091000,0,3200,100,200
309,1,1204700,43800,46300,1078000,1072800,0,3100,100,100
310,1,1225100,43300,46200,1073800,1068500,0,3100,100,0
311,1,1204000,43600,46100,1084100,1078800,0,3000,100,100
312,1,1187700,43400,46000,1071700,1066500,100,3100,0,500
313,1,1216800,42900,46000,1099200,1090500,100,3100,100,100
314,1,1223400,44200,49700,1084500,1078900,100,3300,200,200
315,1,1286000,43800,52900,1102000,1096300,100,5000,100,100
316,1,1260500,43500,46600,1073200,1068000,100,3100,100,200
317,1,1204700,43300,46400,1073900,1068700,100,2900,100,300
318,1,1223700,43100,46300,1073000,1068100,100,3100,100,0
319,1,1211700,44100,46100,1070000,1064400,100,2500,100,100
320,1,1185200,43600,46000,1069300,1064000,100,3100,100,100
321,1,1221600,43700,46100,1073300,1068100,0,3000,100,100
322,1,1221100,45100,46100,1078100,1072700,100,3100,100,300
323,1,1188600,43800,45400,1084400,1079100,0,3100,100,400
324,1,1178400,43700,45800,1069500,1064300,0,2900,100,200
325,1,1177100,43800,45200,1069700,1064500,100,3000,100,100
326,1,1193700,43700,45700,1083900,1078600,100,3100,0,200
327,1,1178200,44000,45200,1069900,1064700,0,3100,100,100
328,1,1223100,45900,46100,1073700,1068400,100,2900,100,100
329,1,1244200,45000,46100,1103800,1098500,100,3200,100,100
330,1,1200000,44100,45900,1081000,1075900,100,3300,100,100
331,1,1190000,43900,45800,1069800,1064500,100,3200,100,100
332,1,1203400,43900,46100,1086900,1081500,100,3100,100,100
333,1,1252600,55500,83900,1080200,1074100,100,2800,100,0
334,1,1226700,44300,46300,1084900,1079500,100,3000,100,300
335,1,1247800,43800,45600,1134600,1129000,100,3000,100,200
336,1,1218600,44400,46400,1071100,1065800,100,3000,100,100
337,1,1185100,43800,45800,1069800,1064600,100,3100,100,100
338,1,1209600,45800,46100,1069900,1064700,100,3200,100,0
339,1,1192800,43700,45600,1074300,1069200,0,3000,100,200
340,1,1238000,45400,83600,1086300,1080500,100,3100,100,0
341,1,1207200,43900,47000,1094900,1089700,100,3100,100,100
342,1,1186500,43300,46100,1079000,1073700,100,3200,0,0
343,1,1192900,43600,46100,1083900,1078700,100,3100,100,200
344,1,1183000,43400,46200,1073100,1067900,100,3100,100,100
345,1,1193800,43400,46100,1072900,1067900,100,3000,0,100
346,1,1215500,43400,46400,1072900,1067900,100,3200,100,0
347,1,1187900,43900,46100,1072600,1067500,100,3000,0,200
348,1,1231400,43200,46200,1116700,1111300,100,3200,100,200
349,1,1226700,43600,46500,1106300,1101100,0,3000,100,100
350,1,1211400,43600,47000,1087500,1082300,100,3700,100,0
351,1,1216700,43500,46400,1072700,1067500,100,3100,0,0
352,1,1193300,43900,45900,1073400,1068200,0,3000,100,200
353,1,1193300,43600,46400,1073600,1068400,100,3100,100,0
354,1,1187800,43600,46000,1075200,1070100,100,3300,100,0
355,1,1191300,44400,48100,1073600,1068500,0,3300,100,100
356,1,1231800,43200,46300,1115200,1110000,100,3000,100,400
357,1,1218200,43400,46200,1097300,1092100,100,3000,100,100
358,1,1270800,43400,46400,1107300,1102200,100,3300,100,100
359,1,26078700,69700,46200,2094400,2078800,100,23760200,700,300
360,1,33489700,55100,53200,1867500,1857900,0,31352600,200,300
361,1,1929300,44500,49400,1765500,1759100,100,4500,0,300
362,1,1577000,43600,47900,1422800,1416800,0,4100,100,300
363,1,1226100,43800,47100,1088100,1082400,100,4200,0,200
364,1,1203300,43400,46400,1073800,1068100,0,2900,100,100
365,1,1199100,43600,46400,1072800,1067000,100,2900,100,0
366,1,1267200,43600,46500,1091400,1085700,100,3100,100,200
367,1,1208800,43600,45600,1072500,1066900,200,3100,100,100
368,1,1189300,43400,46100,1073600,1068100,0,3100,0,100
369,1,1217600,43000,46200,1091200,1081600,100,2900,100,100
370,1,1244400,43200,48600,1091100,1081700,100,3300,100,300
371,1,1197900,43100,46300,1075900,1066800,100,2900,100,0
372,1,1205000,43600,45700,1086200,1080500,100,3100,100,200
373,1,1205700,43800,46000,1086800,1081500,100,3000,100,100
374,1,1210600,43400,46000,1090400,1081700,0,3100,100,200
375,1,1231400,44600,49900,1099900,1094300,100,3100,0,100
376,1,1309600,44300,85300,1107600,1101600,100,3300,100,100
377,1,1230900,46100,46000,1078000,1070400,0,2500,0,200
378,1,1253500,43900,48400,1085600,1080300,100,3100,100,100
379,1,1221800,43600,46700,1072500,1067100,0,3100,100,0
380,1,1214000,43600,46200,1087400,1081900,100,3100,100,100
381,1,1242800,43800,46100,1072400,1067000,100,3100,100,100
382,1,1215500,43500,46100,1072800,1067300,100,3100,0,300
383,1,1202300,43600,45900,1079500,1074100,100,3100,100,300
384,1,1215600,43500,45600,1090400,1084900,0,3200,0,200
385,1,1182900,43600,45800,1071200,1065800,100,3000,0,100
386,1,1208200,43900,46200,1085900,1080800,100,3300,0,100
387,1,1185700,43500,45700,1072200,1066800,0,3000,100,100
388,1,1192900,43100,45700,1072600,1067300,100,3200,100,100
389,1,1299100,43100,45900,1172400,1164700,100,3000,100,0
390,1,1283400,44800,52300,1082500,1076500,100,3600,200,400
391,1,1249500,46000,46700,1081800,1076000,100,3000,100,0
392,1,1214400,43600,46600,1080100,1074600,100,3100,100,100
393,1,1199300,43500,46400,1072600,1067300,100,3000,0,0
394,1,1223800,43700,46700,1070300,1065000,100,3400,0,100
395,1,1202300,46700,46700,1074300,1068800,100,3000,0,0
396,1,1227400,43700,46100,1073900,1068500,100,3000,100,100
397,1,1217700,43600,46300,1093700,1088400,100,3000,100,100
398,1,1216500,43400,46100,1073900,1068400,0,2900,100,200
399,1,1203900,43100,46100,1073600,1068300,100,3000,100,200
400,1,1238700,43400,46100,1073500,1068300,100,3100,0,0
401,1,1243000,43600,46600,1073300,1067800,100,3100,0,200
402,1,1241000,43200,46100,1121500,1102400,100,3000,100,0
403,1,1206400,47500,52700,1080700,1074700,100,3600,200,100
404,1,1188400,43900,47900,1076200,1070900,100,3500,100,300
405,1,1187900,43400,46300,1071300,1065800,100,3000,100,300
406,1,1220600,43400,46300,1084400,1079200,100,2900,0,100
407,1,1186300,43700,46100,1071300,1065900,100,3000,100,100
408,1,1188800,43300,45900,1073400,1068100,100,3200,100,100
409,1,1192900,43300,45700,1073800,1068500,100,2900,100,0
410,1,1193000,43600,46100,1073300,1067900,100,3100,0,100
411,1,1244600,43600,46800,1088200,1082700,100,3900,600,0
412,1,1199400,43500,46200,1073100,1067800,100,3000,100,0
413,1,1189300,42800,45400,1076800,1067900,100,2900,100,100
414,1,1196800,43800,46400,1072900,1067600,100,3500,100,200
415,1,1206700,43800,46000,1083100,1077700,100,3000,100,100
416,1,1222600,46400,57400,1086600,1081200,100,3400,0,100
417,1,1221200,45300,47400,1095700,1090300,100,3200,100,100
418,1,1265900,45200,47400,1094000,1088500,100,3100,100,100
419,1,1206300,43600,46200,1075400,1070100,100,3100,100,100
420,1,1190100,43700,45900,1073600,1068300,100,3000,100,100
421,1,1231900,43600,46300,1075100,1069800,100,3300,100,100
422,1,1208000,43300,46200,1073500,1068400,100,3000,100,200
423,1,1179100,43600,45800,1070600,1065400,100,3100,0,100
424,1,1202400,43500,45800,1085600,1078100,100,3200,100,200
425,1,1217600,45000,50400,1091400,1085400,200,3500,200,100
426,1,1230200,43300,47600,1083000,1072800,100,3200,100,100
427,1,1201500,43600,46200,1085300,1079900,0,3100,100,100
428,1,1181300,43300,45900,1073700,1068300,0,3100,100,200
429,1,1203900,43700,46000,1088200,1082900,0,3100,0,200
430,1,1210400,43200,46300,1074400,1069100,100,3200,100,300
431,1,1194000,43500,46000,1078600,1073200,100,3100,0,200
432,1,1206900,43500,47700,1096700,1091300,100,3200,100,200
433,1,1184900,43600,46100,1075700,1070500,100,3200,0,200
434,1,1187000,43600,46800,1074300,1069100,100,3100,100,100
435,1,1185800,43800,46400,1073200,1067900,100,3000,100,100
436,1,1196200,43700,46300,1073800,1068400,100,3200,0,0
437,1,1195500,43600,46100,1073600,1068100,100,3100,100,0
438,1,1262900,43600,46300,1114600,1108800,100,3200,100,0
439,1,1225800,43700,48100,1085000,1079500,100,3100,0,100
440,1,1203000,43400,46300,1084500,1079000,100,3400,100,100
441,1,1222200,43500,46600,1072000,1066700,100,3100,0,100
442,1,1214800,43500,46400,1072800,1067500,100,3100,100,100
443,1,1187600,43400,45900,1070700,1065400,100,3100,100,100
444,1,1197900,43900,45900,1085900,1080500,100,3300,100,100
445,1,1219600,43500,46200,1097500,1092100,100,3000,100,200
446,1,1208600,43700,46200,1085300,1080000,100,3500,0,200
447,1,1185100,43400,46200,1070600,1065400,100,3000,100,0
448,1,1189200,43600,46000,1070500,1065100,100,3300,100,0
449,1,1194500,43600,46100,1072900,1067600,100,2900,100,0
450,1,1198700,43300,46200,1072900,1067400,100,3300,0,100
451,1,1196800,43300,45800,1070700,1065300,0,3000,100,100
452,1,1263400,43500,46600,1101200,1095600,100,3200,100,100
453,1,1229500,44000,47300,1086400,1081100,100,3000,100,0
454,1,1216600,44200,46700,1073400,1067800,0,2900,100,100
455,1,1186100,44200,46300,1073200,1067800,100,3000,100,100
456,1,1224500,44000,46600,1073900,1068500,0,3100,100,0
457,1,1194100,44100,46800,1073200,1067900,100,3000,100,100
458,1,1222800,44000,46800,1082000,1076700,100,3200,100,0
459,1,1204100,43700,46600,1081400,1076100,0,2900,100,200
460,1,1181900,43500,46000,1070600,1065400,100,3300,100,300
461,1,1182000,43500,46100,1070400,1065100,100,3000,100,100
462,1,1198500,43300,45900,1086300,1081100,100,3400,100,100
463,1,1198800,43700,45900,1085500,1080200,100,3100,100,0
464,1,1183200,43500,46200,1070400,1065200,0,3100,100,300
465,1,1190700,43500,46000,1072600,1067400,100,3000,100,100
466,1,1363800,43500,46100,1224800,1215700,100,3100,100,0
467,1,1214100,44300,49500,1088200,1082300,100,3500,200,100
468,1,1188400,43400,46300,1074000,1068600,0,3200,100,100
469,1,1209800,43600,45800,1085600,1080200,100,3000,100,100
470,1,1204900,44000,46300,1079400,1073900,0,3100,0,300
471,1,1230600,43600,46500,1073700,1068200,100,2900,0,0
472,1,1207200,43900,52700,1074100,1068700,100,3300,100,0
473,1,1226300,44300,46800,1099900,1094400,100,3200,100,200
474,1,1202300,43900,46600,1073900,1068500,0,3100,100,200
475,1,1200700,43600,46000,1084700,1079400,100,3000,100,0
476,1,1200300,43500,46300,1072900,1067600,100,3100,0,0
477,1,1211100,43600,46200,1078800,1073600,0,3000,100,0
478,1,1241200,43400,46500,1072400,1067000,100,3200,0,100
479,1,25832000,62300,46300,2118100,2104100,100,23536400,600,500
480,1,34019900,63600,51700,2147200,2135000,200,31659500,700,200
481,1,2053400,44200,50700,1868500,1861100,0,5800,300,100
482,1,1315500,43500,49300,1157800,1152000,100,4900,300,200
483,1,1300400,43700,46600,1074500,1068600,100,3100,100,200
484,1,1285300,43800,46800,1073700,1068200,100,3100,100,100
485,1,1287400,43700,46500,1074300,1068600,100,3000,0,100
486,1,1430700,43500,46400,1109100,1099900,100,3100,0,100
487,1,1210800,44200,49000,1075600,1069700,100,3500,100,100
488,1,1188000,43500,46100,1075100,1069400,100,3000,0,400
489,1,1197400,43300,46300,1075200,1069300,100,3100,100,200
490,1,1237000,43600,46600,1085700,1080400,100,3000,0,0
491,1,1192600,43900,46300,1074000,1068400,0,2900,100,100
492,1,1187800,43700,46100,1074300,1068700,100,3200,100,100
493,1,1188200,43900,46200,1076400,1071100,100,2900,100,100
494,1,1200900,43500,46100,1084600,1079400,100,3000,0,100
495,1,1208000,43600,46200,1080200,1074900,100,3000,100,0
496,1,1202100,43500,46300,1071200,1065800,100,3200,100,100
497,1,1213100,43700,46300,1088200,1082800,100,3000,0,200
498,1,1221300,43500,46400,1073600,1068200,100,3200,100,200
499,1,1204200,43200,46100,1073100,1067600,100,2900,100,100
500,1,1208700,43300,46300,1091200,1085900,100,3100,100,100
501,1,1237800,43800,46600,1085000,1079700,100,3100,100,100
502,1,1218000,43300,46500,1073400,1068200,100,2900,100,100
503,1,1191400,43400,46300,1076600,1067900,100,2900,0,200
504,1,1202400,43400,46000,1088200,1082900,100,3300,100,100
505,1,1197500,46300,46200,1073600,1068200,100,2900,0,0
506,1,1178300,43700,46000,1073700,1068500,0,3400,0,100
507,1,1277600,43400,46000,1159100,1151200,100,2900,100,100
508,1,1207800,44300,48400,1077800,1072000,100,3700,100,100
509,1,1205800,43500,46400,1088100,1082700,100,3000,0,100
510,1,1198800,43800,46300,1073100,1067900,100,3200,0,100
511,1,1198900,43600,46300,1073800,1068400,100,3100,100,200
512,1,1211300,43800,46400,1088600,1083300,100,3600,100,200
513,1,1193100,43700,46500,1073600,1068200,100,3000,100,200
514,1,1297700,45400,48700,1111500,1106100,200,3500,100,0
515,1,1208200,44000,46700,1074000,1068500,100,3000,0,100
516,1,1221800,43700,46100,1073000,1067700,100,3300,100,200
517,1,1190000,43900,46000,1073100,1067800,100,3100,0,0
518,1,1209700,43400,46400,1073400,1068200,100,3100,0,200
519,1,1196800,43800,46300,1075600,1070300,0,3000,0,200
520,1,1267900,43200,46000,1161100,1155500,100,3400,100,200
521,1,1213900,44000,46400,1103300,1098000,100,3000,0,100
522,1,1194200,43600,46300,1086200,1080800,0,3100,100,100
523,1,1192700,43400,46300,1080700,1075300,100,3000,100,100
524,1,1188700,43500,46300,1076100,1070700,100,2900,100,300
525,1,1191600,44000,46500,1073500,1068100,100,2900,0,300
526,1,1216300,43700,46000,1074600,1069300,100,3100,100,300
527,1,1198000,43900,46300,1083900,1078400,100,3100,100,200
528,1,1195000,48100,52600,1074400,1069300,100,2700,0,200
529,1,1199300,43500,46500,1073000,1067800,0,2900,100,0
530,1,1205600,43600,46500,1073400,1068100,100,3000,100,0
531,1,1236600,43700,46700,1073200,1068000,100,3200,100,300
532,1,1212200,43600,46600,1073300,1068200,100,3200,100,0
533,1,1241200,43800,46500,1108100,1102700,100,2900,100,100
534,1,1203600,43700,46300,1075100,1069900,100,3100,100,0
535,1,1204000,43800,46600,1077200,1072000,100,3000,100,200
536,1,1217100,43600,46400,1080900,1075600,0,3000,100,100
537,1,1197500,44000,46200,1074000,1069000,100,3000,0,0
538,1,1248200,43500,46900,1073600,1068200,100,3000,100,200
539,1,1211500,43200,46500,1073200,1068000,100,3000,100,100
540,1,1206200,43800,46100,1088600,1083300,100,3300,100,100
541,1,1215800,43600,45900,1094400,1089100,0,3000,100,100
542,1,1195600,43500,50700,1073700,1068400,100,3000,100,200
543,1,1193600,43700,46000,1073300,1068100,100,3000,0,100
544,1,1192600,43900,46200,1071900,1066700,100,2900,100,100
545,1,1231000,43700,46400,1073600,1068300,100,3100,100,0
546,1,1281000,43500,46600,1108800,1100800,100,3100,0,100
547,1,1224600,43800,50100,1090000,1083800,100,3600,100,200
548,1,1212500,45600,47300,1094000,1088400,100,3400,0,200
549,1,1203500,43500,47800,1080000,1074400,100,3500,100,100
550,1,1222200,44200,46200,1073600,1068400,100,3000,100,200
551,1,1192400,44000,46400,1074500,1069100,100,3000,100,100
552,1,1207200,43900,46400,1088200,1082500,100,3100,0,200
553,1,1188000,44100,46400,1073200,1067700,100,3100,100,0
554,1,1190400,44300,46200,1073400,1068100,100,3000,100,200
555,1,1207700,44000,46800,1087100,1081400,100,3000,100,300
556,1,1202800,44000,46900,1073800,1068400,100,3200,100,100
557,1,1206400,44500,47900,1074300,1068500,100,2900,0,100
558,1,1223200,44300,46800,1073900,1068700,100,3100,100,0
559,1,1213500,43700,46800,1073100,1067800,100,3100,100,200
560,1,1242700,45800,50600,1116700,1111000,0,3200,0,100
561,1,1246500,44200,48200,1084400,1078900,100,3300,100,100
562,1,1261300,43900,46900,1100100,1094600,100,3100,100,100
563,1,1202100,43900,46600,1076600,1071200,100,3700,100,0
564,1,1199200,43500,47100,1074200,1068900,100,3100,100,100
565,1,1216100,53200,46900,1079600,1069800,0,3100,100,100
566,1,1193200,44000,46600,1070300,1064700,100,3000,100,100
567,1,1195300,44300,46100,1069600,1064500,100,3100,100,200
568,1,1183200,43900,45900,1069500,1064400,100,2900,0,100
569,1,1207200,44200,46000,1077400,1072200,100,3000,0,100
570,1,1251300,44300,46500,1074700,1069200,100,2800,100,100
571,1,1258500,44000,47300,1073200,1067900,100,3100,100,200
572,1,1198400,43400,46600,1073300,1068100,100,3000,0,100
573,1,1202600,43900,46600,1074100,1068900,100,3000,100,100
574,1,1220100,43600,46800,1073000,1067800,100,2900,100,0
575,1,1199400,43400,46200,1086400,1081000,100,2900,100,0
576,1,1277100,43800,49900,1085400,1080000,100,3100,100,200
577,1,1229100,43600,50500,1073600,1068200,100,8500,300,200
578,1,1211400,43800,46600,1073000,1067700,0,3100,100,200
579,1,1193800,43700,46900,1073100,1067800,100,3000,100,200
580,1,1193500,43800,46400,1085900,1080600,0,3000,0,100
581,1,1184100,43500,46400,1073100,1068000,100,3100,100,0
582,1,1198800,43500,46500,1090800,1085700,100,3000,100,200
583,1,1181600,43900,46600,1074000,1068600,100,3100,100,100
584,1,1182000,43700,46300,1073400,1068100,100,3000,100,100
585,1,1190600,43600,46200,1073200,1067900,100,3100,100,100
586,1,1222400,43800,46500,1088500,1083200,100,3500,0,200
587,1,1181500,43600,46300,1073000,1067700,0,3100,100,200
588,1,1182900,43800,46000,1073200,1068000,100,3300,100,100
589,1,1211100,44200,46500,1097400,1092000,0,2900,100,200
590,1,1185200,43900,46400,1074000,1068700,100,3100,100,200
591,1,1217200,43800,46600,1073500,1068200,0,3100,0,100
592,1,1203300,43700,46300,1087800,1082500,0,3200,100,0
593,1,1188700,44000,46600,1072100,1066800,100,3100,100,100
594,1,1189400,43500,46700,1071300,1066100,100,3200,100,100
595,1,1189800,43800,46700,1072700,1067400,100,3100,0,200
596,1,1240100,43600,46400,1119700,1114200,100,3200,100,0
597,1,1201700,43800,49000,1076600,1071300,0,3000,0,100
598,1,1240900,43800,47000,1073400,1068200,100,3200,0,100
599,1,25536500,66500,46700,1962600,1948600,100,23408000,1000,300
600,1,33683700,55600,51800,1821100,1811900,100,31676400,500,200
601,1,1911500,43900,47900,1737600,1730700,0,4800,100,0
602,1,1605700,43800,48500,1468100,1461800,100,4700,100,100
603,1,1254300,43500,47100,1121800,1115900,0,4200,100,100
604,1,1236900,43900,48300,1101100,1095000,100,3500,100,200
605,1,1215300,44000,46900,1082800,1077100,100,3400,100,100
606,1,1254400,43900,46900,1073800,1068300,0,3400,100,200
607,1,1305200,43900,46600,1090300,1084400,100,2900,0,200
608,1,1263000,43600,46100,1074500,1069000,100,3400,100,400
609,1,1195000,43300,46000,1073300,1067600,0,3000,100,100
610,1,1237800,43400,45800,1089100,1083300,100,3100,100,200
611,1,1199600,43800,46500,1080400,1075000,100,3400,100,0
612,1,1188700,43700,46200,1073800,1068400,100,3400,100,200
613,1,1187400,43400,45900,1073700,1068400,100,3000,100,100
614,1,1201400,43400,46500,1073600,1068200,100,3100,0,300
615,1,1206700,43700,46300,1073100,1067700,100,3100,0,200
616,1,1226200,43900,46200,1087700,1082500,0,3100,100,300
617,1,1222500,43800,46500,1082000,1076500,100,3000,100,400
618,1,1234600,43600,46100,1074600,1069300,100,3300,100,100
619,1,1212100,43600,46300,1073600,1068400,100,3100,100,100
620,1,1207000,43600,46200,1086700,1081500,100,3300,100,200
621,1,1237600,43900,46400,1088100,1082900,100,2900,0,100
622,1,1212300,43900,45900,1073100,1067800,100,3000,100,100
623,1,1229200,43700,45900,1110000,1104400,100,3000,100,100
624,1,1250700,43500,49100,1127800,1118600,100,3400,100,100
625,1,1196600,43300,46200,1074300,1069000,100,2900,100,0
626,1,1194100,43600,46300,1073300,1067800,100,3400,100,100
627,1,1192600,43800,46300,1073800,1068200,100,3100,100,0
628,1,1218900,43300,45700,1096500,1090900,0,3000,100,200
629,1,1210900,43800,46700,1074100,1068700,100,3100,100,100
630,1,1214000,43700,46900,1089200,1083600,100,3100,0,100
631,1,1233800,43600,46600,1096500,1091100,0,3000,0,100
632,1,1216100,44500,46600,1077300,1071700,100,3200,100,100
633,1,1193300,43700,46400,1073800,1068300,100,3100,100,400
634,1,1235700,43800,46200,1091000,1085500,0,3100,0,100
635,1,1189700,43800,46200,1074000,1068600,100,3000,100,100
636,1,1227400,43600,46200,1073400,1068100,100,3300,100,200
637,1,1205000,43800,46400,1076000,1070700,100,3000,100,100
638,1,1284600,44400,46900,1100800,1095500,0,2900,100,200
639,1,1247600,44300,46400,1097300,1091800,100,3000,100,0
640,1,1185100,43100,46300,1073600,1068300,100,3100,0,100
641,1,1190600,43300,46000,1072900,1067700,100,3100,0,300
642,1,1184800,43500,45900,1073300,1068000,100,3300,100,400
643,1,1200500,43600,46000,1088000,1082700,0,3100,100,100
644,1,1191100,43600,45700,1076600,1071200,100,3100,100,200
645,1,1282200,49800,54000,1144500,1136900,100,2800,0,0
646,1,1233300,44200,47200,1074500,1068800,100,3400,200,0
647,1,1204900,43600,46200,1079900,1074400,100,3100,0,0
648,1,1276900,43800,45900,1157200,1148200,100,3100,100,200
649,1,1237300,44500,48800,1089300,1083200,100,3100,200,200
650,1,1221600,43800,46900,1090200,1082000,100,3000,100,0
651,1,1244500,43500,46400,1090100,1084700,100,2900,0,0
652,1,1196700,43700,46100,1073500,1068100,100,3000,0,100
653,1,1193200,43600,46100,1073200,1067900,100,3100,100,700
654,1,1195200,43700,46000,1073300,1068000,100,3100,100,100
655,1,1244900,43500,46700,1073400,1068200,100,2900,0,100
656,1,1244400,43700,46800,1074000,1068400,100,3100,0,0
657,1,1227200,43400,46200,1101700,1095400,100,2900,100,300
658,1,1280300,48500,58400,1083200,1077400,100,5000,200,100
659,1,1217100,44600,47500,1082500,1077300,100,3000,100,200
660,1,1197400,43600,46300,1073800,1068400,100,3200,100,100
661,1,1199900,43700,46400,1088100,1082700,100,3000,100,300
662,1,1188200,43600,46100,1073700,1068300,100,3200,100,100
663,1,1187800,43900,45900,1072300,1066800,100,2900,0,200
664,1,1189300,43800,45900,1076500,1071000,100,3100,100,100
665,1,1205900,43400,46200,1090000,1084600,100,3000,100,200
666,1,1247900,43500,52500,1094700,1089300,100,3100,100,100
667,1,1190900,43800,46400,1071700,1066500,0,3000,0,100
668,1,1185900,43500,46300,1073500,1068100,100,3100,100,100
669,1,1242500,43600,46600,1088000,1082600,100,2800,100,0
670,1,1234100,43100,46500,1076400,1067500,100,2900,100,0
671,1,1233300,46100,46300,1119600,1114100,100,3100,100,100
672,1,1245900,45200,48300,1127000,1119700,100,3700,100,100
673,1,1205500,43400,49600,1083500,1076900,200,3600,100,100
674,1,1187600,43400,46100,1074100,1068600,100,3400,0,100
675,1,1188700,43400,46100,1074300,1068900,100,3000,100,100
676,1,1199800,44900,46200,1074700,1069200,100,3100,100,200
677,1,1195800,43200,46500,1073400,1068000,100,2900,100,100
678,1,1220300,43800,46100,1073100,1067800,100,3000,100,100
679,1,1221200,43800,46300,1089400,1083800,100,3000,100,100
680,1,1186900,43600,46100,1075800,1070200,100,3300,100,100
681,1,1217600,43600,46100,1073500,1068100,0,3000,100,200
682,1,1209800,43500,46100,1073700,1068400,0,3100,0,200
683,1,1190300,43600,45600,1087600,1082400,100,3000,0,100
684,1,1176800,43500,45800,1073500,1068200,100,3100,100,100
685,1,1201100,43400,45700,1097100,1091400,100,2900,100,0
686,1,1212800,43300,47800,1099700,1094100,100,3200,0,0
687,1,1196000,43500,46800,1076500,1071300,0,3600,100,200
688,1,1202800,43700,46300,1088600,1083300,100,3000,0,100
689,1,1196900,43300,46200,1073600,1068300,100,3100,100,100
690,1,1202500,43500,47200,1074600,1069200,100,3000,0,0
691,1,1211600,43300,46800,1073900,1068500,0,3000,100,100
692,1,1190700,43600,46100,1073300,1068100,100,2900,100,200
693,1,1208200,47400,46600,1082300,1076700,100,2900,100,0
694,1,1223900,43600,46900,1072200,1066900,100,3200,100,100
695,1,1184000,43100,46100,1074000,1068600,100,3000,0,200
696,1,1225300,43500,46200,1073800,1068500,100,3000,100,200
697,1,1194300,43600,46100,1073100,1067800,100,2900,100,100
698,1,1217500,43800,46400,1073200,1068000,100,3100,100,100
699,1,1224700,43700,46000,1089800,1080700,100,3100,100,0
700,1,1265900,47600,54900,1082800,1077000,100,3800,100,200
701,1,1219100,44000,46500,1073800,1068300,100,3000,100,200
702,1,1204600,43600,46300,1084600,1079100,100,3000,100,100
703,1,1204500,43700,46400,1088100,1082800,100,3100,100,300
704,1,1189300,43700,46000,1073900,1068700,100,3100,100,200
705,1,1194100,43400,46100,1073400,1067900,100,3000,100,100
706,1,1234300,43300,46300,1092500,1087000,100,3100,100,300
707,1,1197100,43300,45700,1082900,1073900,0,3100,100,200
708,1,1187400,43700,46200,1073900,1068500,0,3000,100,100
709,1,1208300,43900,46100,1089000,1083700,100,3000,100,0
710,1,1189700,43500,46100,1073400,1068100,0,2900,0,100
711,1,1222100,43400,46000,1073700,1068300,100,3100,100,0
712,1,1193200,43700,46100,1073300,1068000,100,3100,100,0
713,1,1193200,43600,46200,1076900,1071400,100,3100,0,200
714,1,1189600,43400,46400,1073600,1068200,100,3200,0,200
715,1,1202100,43700,45900,1087900,1082600,100,3000,0,300
716,1,1193300,43400,46200,1073000,1067700,100,3100,100,100
717,1,1217300,43600,46700,1087900,1082500,100,2900,100,200
718,1,1243100,43500,46100,1073100,1067700,100,3100,100,0
719,1,25521800,70300,46400,2073300,2058900,0,23253100,500,400
720,1,33331100,55100,52400,1829600,1819600,0,31300700,300,300
721,1,1931200,43800,49400,1756800,1749600,100,4700,100,200
722,1,1709000,45500,48300,1528600,1522200,0,4700,100,300
723,1,1230400,44200,47000,1094700,1089100,100,3800,100,200
724,1,1223900,43400,46400,1074600,1068900,0,2900,100,200
725,1,1226300,43900,46600,1073600,1068000,0,3000,100,0
726,1,1254800,43500,46400,1071600,1065900,0,3100,100,100
727,1,1246000,43400,46300,1101600,1092400,100,3100,100,100
728,1,1234300,43800,48100,1105100,1098700,100,3300,100,100
729,1,1217000,43500,47300,1076800,1070900,100,3300,100,200
730,1,1239400,43700,46700,1073600,1067500,0,3400,100,0
731,1,1282400,43500,46700,1080000,1074300,100,3000,100,0
732,1,1277300,43500,46600,1088700,1083300,0,3100,100,100
733,1,1193700,43600,46100,1070600,1065100,100,2900,100,100
734,1,1217000,43400,46000,1089400,1083700,100,3000,100,200
735,1,1211800,43600,46600,1080000,1074300,100,3200,100,200
736,1,1210900,43800,46400,1071600,1065900,100,3100,0,100
737,1,1206600,43700,46300,1072500,1067000,100,3100,100,100
738,1,1229700,43900,46300,1072900,1067300,0,3000,100,200
739,1,1210400,43800,46400,1070600,1065200,100,2900,100,200
740,1,1250400,43500,46100,1072900,1067200,100,3100,100,400
741,1,1343400,44400,47900,1093900,1088000,100,3200,200,300
742,1,1210100,43500,46100,1074300,1068800,100,3100,100,100
743,1,1177300,43900,45700,1072600,1067100,100,3100,100,0
744,1,1176400,43900,46200,1072500,1067200,100,3400,0,100
745,1,1177400,43600,46000,1072100,1066700,0,3100,100,200
746,1,1189800,43400,46100,1085600,1080200,0,3100,0,100
747,1,1189900,43400,45500,1085600,1080200,0,2900,100,200
748,1,1199100,43600,45900,1085700,1080400,100,2900,100,100
749,1,1196200,43300,46100,1071700,1066300,200,3000,100,0
750,1,1200900,43300,46300,1073100,1067500,100,3000,100,200
751,1,1207600,43500,46200,1072500,1066900,100,2800,100,100
752,1,1215400,43700,46700,1087100,1081700,100,3000,100,100
753,1,1202200,43300,46300,1072300,1067100,100,3000,100,0
754,1,1213700,43800,46800,1077700,1072300,100,2900,100,300
755,1,1203600,44200,46800,1087000,1081800,100,2900,0,100
756,1,1224000,43900,46700,1071900,1066600,100,3000,100,200
757,1,1190300,44700,46700,1070700,1065500,100,2900,100,100
758,1,1227100,44000,47000,1085700,1080400,100,3200,100,200
759,1,1209300,44100,46800,1087200,1081900,100,3000,0,100
760,1,1185200,43900,46500,1072700,1067400,100,3300,100,100
761,1,1184700,44300,46400,1070400,1064900,100,3000,100,0
762,1,1280500,44100,46600,1131900,1126200,100,3200,100,100
763,1,1213700,44200,47000,1080500,1074900,100,2900,100,0
764,1,1183700,44100,47000,1072500,1067100,0,3300,0,200
765,1,1188200,44500,46400,1072500,1067000,100,3000,100,100
766,1,1208300,44000,47000,1072400,1067000,100,3200,100,100
767,1,1180900,44200,46500,1071800,1066500,100,3000,100,100
768,1,1178700,44100,46400,1070300,1065000,100,3200,100,100
769,1,1213100,44300,46500,1098700,1093500,100,3000,100,100
770,1,1184500,44100,46400,1072100,1066800,100,3000,100,300
771,1,1212900,43800,46400,1072300,1066900,100,3100,100,300
772,1,1187800,44100,46200,1073000,1067500,100,3100,0,200
773,1,1184900,44300,46700,1072500,1067000,100,3000,100,0
774,1,1185100,44300,46700,1072400,1067100,100,3200,100,200
775,1,1209300,43900,46600,1098800,1093100,0,3100,100,200
776,1,1215900,45900,49000,1096000,1090300,100,3400,100,0
777,1,1195600,44200,46300,1078800,1073300,100,3100,0,100
778,1,1246700,44400,47000,1087500,1081900,100,3200,100,100
779,1,1200500,44500,46400,1072700,1067200,100,3200,100,0
780,1,1189100,44100,46400,1072600,1067300,100,2900,100,100
781,1,1190400,44300,46400,1071900,1066500,100,2900,100,100
782,1,1190500,44100,46400,1070500,1065100,100,3100,100,400
783,1,1209200,44400,46500,1088600,1083100,100,3200,100,0
784,1,1209800,44200,46900,1079100,1073600,100,3300,100,200
785,1,1194800,43800,46500,1072000,1066700,100,3000,100,100
786,1,1226700,44200,46500,1072700,1067300,100,3200,100,300
787,1,1217900,43900,47000,1087100,1081600,100,3100,100,300
788,1,1187500,43900,46400,1072300,1067000,100,3200,0,200
789,1,1260800,46600,46800,1125000,1118000,0,2900,0,200
790,1,1220000,44400,47700,1076000,1070400,100,3100,100,0
791,1,1194600,44200,46900,1072800,1067500,100,3100,100,100
792,1,1190100,44200,46800,1070600,1065100,100,3100,100,100
793,1,1252300,43800,47000,1099100,1093700,100,3000,100,200
794,1,1210600,44100,46900,1070600,1065300,100,3000,100,0
795,1,1193000,43800,46500,1074800,1069400,100,3200,100,0
796,1,1203100,44100,46900,1077000,1071700,100,2900,100,100
797,1,1211200,44200,47800,1086200,1081000,100,2900,100,100
798,1,1220700,43900,46900,1072200,1066900,100,3100,100,0
799,1,1202400,44200,46800,1070600,1065000,100,3000,100,100
800,1,1200800,44000,46500,1085200,1079800,100,3100,200,100
801,1,1215400,44200,46600,1070500,1065300,100,3000,100,0
802,1,1263700,44100,46700,1122500,1116700,0,3300,0,300
803,1,1233200,44100,49400,1119800,1114100,100,3100,0,200
804,1,1197700,46400,48500,1080200,1074500,0,3500,100,100
805,1,1191700,44000,46600,1081400,1075900,100,3200,100,0
806,1,1182000,44100,46300,1071100,1065600,100,3300,100,0
807,1,1183600,44100,46200,1071300,1066000,100,3100,100,100
808,1,1183700,44200,46500,1073000,1067600,100,3000,100,100
809,1,1191200,44200,46700,1070700,1065300,100,3100,100,0
810,1,1213500,44000,46800,1085000,1079500,100,2900,100,200
811,1,1216800,44300,47100,1077700,1072200,100,3400,100,0
812,1,1207200,44300,47300,1073400,1067900,100,3100,100,100
813,1,1203300,44100,46900,1072700,1067300,0,3000,0,300
814,1,1233700,43900,47200,1083600,1078200,100,3200,100,200
815,1,1217700,44300,46600,1085900,1080300,100,3000,100,200
816,1,1238400,44100,47200,1085800,1080200,100,3100,100,0
817,1,1253900,43600,46900,1109400,1099700,100,3000,0,100
818,1,1266600,44000,52500,1092100,1085600,100,3600,200,100
819,1,1209000,43300,46500,1074300,1068900,100,3300,100,100
820,1,1197300,43900,46000,1072500,1067100,0,3200,100,100
821,1,1193100,43300,46500,1072500,1067200,100,3000,100,100
822,1,1208900,43600,46200,1088900,1083400,100,3100,100,200
823,1,1206700,43700,46400,1087500,1082200,100,3100,100,200
824,1,1256400,43500,46300,1095600,1090100,100,3000,0,100
825,1,1275800,43500,46500,1085100,1079600,100,3100,100,200
826,1,1269700,43800,46700,1071000,1065600,100,2900,100,100
827,1,1182600,43300,46300,1072900,1067500,100,3000,100,100
828,1,1179000,43600,46000,1070500,1065300,100,2900,100,200
829,1,1188100,43600,46000,1072400,1067200,100,2900,100,0
830,1,1187100,43600,45800,1073400,1068200,100,3300,100,200
831,1,1544400,43700,46100,1398000,1388300,100,3100,100,200
832,1,1213300,44700,48300,1078700,1072300,100,3800,100,100
833,1,1205500,43900,46300,1088400,1082700,100,3100,100,100
834,1,1185700,43100,46300,1071200,1065700,100,3300,100,100
835,1,1184000,43500,45800,1072200,1067000,100,3200,0,300
836,1,1187500,44100,45900,1071100,1065700,100,3200,100,200
837,1,1188500,43600,46300,1070600,1065200,100,2900,100,0
838,1,1269500,45500,53400,1096100,1090600,100,3400,100,100
839,1,25355200,61300,46100,1886600,1877400,0,23310700,700,600
840,1,33380900,54500,50600,1794900,1782100,100,31425500,300,200
841,1,1732200,44800,49300,1563900,1556400,0,4500,200,100
842,1,1638600,43900,47900,1491900,1485400,0,4500,100,100
843,1,1431500,43500,47500,1292700,1286600,0,4200,100,200
844,1,1238800,43500,47500,1094000,1088200,200,3900,100,100
845,1,1229100,44100,46600,1095000,1089400,100,2900,100,0
846,1,1275300,43200,47200,1084500,1078800,100,3300,100,300
847,1,1208300,44000,46300,1076900,1071300,100,3000,100,0
848,1,1200600,44000,46500,1074200,1068400,100,3000,100,200
849,1,1211800,43600,46300,1073100,1067800,100,3100,100,200
850,1,1221200,43600,46300,1073900,1068600,100,3000,100,300
851,1,1227000,43600,46000,1102100,1096300,100,3100,100,100
852,1,1310300,44100,46600,1185900,1176300,100,3100,100,300
853,1,1221600,43800,50300,1087500,1077900,100,3600,200,0
854,1,1201100,44000,46400,1074700,1069100,100,3100,0,100
855,1,1260700,43500,46700,1085400,1079900,100,3200,100,100
856,1,1255400,43800,46900,1089800,1084000,100,3000,100,100
857,1,1202700,43500,46700,1073900,1068200,100,3000,0,300
858,1,1227000,43300,46200,1073900,1068700,100,3300,100,600
859,1,1262100,44500,47900,1124500,1118600,400,3200,100,100
860,1,1226400,74400,47000,1077800,1071300,100,3400,100,100
861,1,1228000,45300,47500,1077000,1071600,100,3000,100,0
862,1,1255500,44900,75800,1074500,1068400,200,3200,100,300
863,1,1177800,43400,45900,1073600,1068300,0,3000,0,100
864,1,1195200,43900,46000,1089300,1080500,100,3000,100,100
865,1,1195300,44200,48500,1079000,1073300,100,3500,200,200
866,1,1185700,44200,49100,1076100,1070800,0,3100,0,200
867,1,1191200,43700,45900,1086100,1080700,100,3100,100,0
868,1,1182700,43400,45800,1073600,1068200,100,3300,100,100
869,1,1202900,43600,46300,1074100,1068700,100,3000,100,200
870,1,1209500,43600,46600,1073300,1068000,100,2900,100,0
871,1,1205500,43500,46200,1073300,1067900,100,3000,100,100
872,1,1212800,43600,46600,1074800,1069400,100,3100,100,100
873,1,1211900,44400,46500,1076000,1070400,100,3000,0,100
874,1,1230300,43500,46400,1074600,1069200,100,3100,100,200
875,1,1227000,43400,46300,1102900,1097700,100,3000,100,0
876,1,1233500,43500,46200,1073300,1068000,100,3200,0,100
877,1,1208400,43500,46300,1073600,1068300,100,2900,100,0
878,1,1217900,43800,46100,1073600,1068200,100,3100,0,100
879,1,1228400,43600,46300,1092000,1086500,100,3100,100,0
880,1,1208800,43800,46000,1087600,1082400,100,3200,100,200
881,1,1189100,44000,46100,1073400,1068100,100,3000,100,200
882,1,1190000,43900,46200,1073300,1068100,100,3000,0,200
883,1,1205900,43700,45900,1087600,1082300,100,3100,100,300
884,1,1208300,43300,46200,1088000,1082700,100,3000,0,300
885,1,1208400,43300,46400,1083900,1078600,100,3000,0,0
886,1,1288500,43600,46400,1107000,1099500,100,3000,0,0
887,1,1236600,46200,56200,1085100,1079600,100,2900,0,200
888,1,1184700,43600,46200,1073200,1067700,0,3000,100,200
889,1,1189400,43200,46000,1074200,1068800,100,3100,100,100
890,1,1202100,43300,46100,1087000,1081800,100,2900,100,200
891,1,1222300,43400,46300,1073800,1068400,100,3100,100,200
892,1,1197200,43500,45900,1073800,1068700,0,3400,0,100
893,1,1223900,43300,46300,1106800,1101400,100,2900,0,200
894,1,1197400,43600,46400,1073700,1068600,100,3100,100,0
895,1,1189400,43500,46300,1073800,1068600,100,3000,100,300
896,1,1197000,43500,46200,1073300,1068000,100,3100,100,200
897,1,1207800,43500,46000,1087800,1082500,100,3000,0,200
898,1,1237600,43400,46400,1073500,1068400,0,3100,0,0
899,1,1201500,43600,46500,1073900,1068700,100,3000,100,200
900,1,1258600,43200,46000,1144400,1139200,100,3400,100,300
901,1,1212800,45500,45900,1086900,1081600,100,3100,100,0
902,1,1200000,43300,46000,1076000,1070700,100,3300,100,0
903,1,1197500,43900,46200,1073000,1067900,100,3400,100,100
904,1,1216400,43700,46000,1087100,1081600,100,3300,100,100
905,1,1220200,43600,46400,1087900,1082700,100,3000,0,200
906,1,1227100,44000,46300,1073000,1067700,0,3300,100,0
907,1,1220100,43700,46700,1093700,1088600,100,3000,100,0
908,1,1208800,43800,46200,1084300,1079100,100,3000,100,200
909,1,1194800,43600,46300,1073600,1068300,100,2900,100,100
910,1,1260100,43800,46500,1073500,1068000,100,2900,100,200
911,1,1241500,43600,46600,1073500,1068100,100,3000,0,100
912,1,1183300,43600,46200,1074000,1068800,0,3200,100,100
913,1,1262300,43700,46200,1144200,1134000,100,3100,0,100
914,1,1214500,45100,51100,1085900,1079900,100,3700,200,200
915,1,1194600,43200,46500,1074000,1068500,100,3200,100,100
916,1,1197900,43600,46400,1073100,1068000,100,3100,100,100
917,1,1233600,43500,46300,1071500,1066200,100,3000,100,100
918,1,1239300,43700,46300,1073800,1068500,100,3000,100,100
919,1,1217100,43400,46500,1088900,1083600,100,3100,0,300
920,1,1188900,43500,46100,1079800,1074500,0,3100,100,200
921,1,1226800,43400,46100,1072900,1067500,100,3000,100,200
922,1,1211700,44300,46100,1077100,1071900,100,3300,100,100
923,1,1177200,43500,46100,1073100,1067900,100,3300,0,100
924,1,1176500,43600,45800,1073600,1068200,100,3300,100,100
925,1,1177900,43500,46000,1073500,1068300,100,2900,100,200
926,1,1242600,43700,45900,1136200,1127300,100,3100,100,200
927,1,1308600,44900,48200,1190000,1181900,100,3600,200,100
928,1,1203100,45500,49700,1080300,1074400,100,3700,100,0
929,1,1194000,43500,46200,1074700,1069300,100,3000,100,100
930,1,1195300,43300,46000,1074000,1068700,100,3100,0,100
931,1,1198300,43800,46300,1073600,1068300,100,3000,100,0
932,1,1206600,43700,46200,1088500,1082700,100,3000,100,100
933,1,1192600,43500,45900,1073900,1068400,100,3100,100,300
934,1,1245100,43600,46200,1096100,1090600,100,2900,100,100
935,1,1197000,44600,48000,1076500,1071000,100,3100,0,200
936,1,1228700,43500,47500,1074300,1068800,100,3300,100,100
937,1,1197500,43500,46100,1073600,1068200,100,3000,100,0
938,1,1218700,43300,46400,1074000,1068300,100,3100,100,0
939,1,1221100,43900,46300,1088600,1083200,100,2900,100,100
940,1,1181100,43700,45900,1074000,1068500,100,3200,100,100
941,1,1256100,43800,46000,1136600,1122800,100,3000,0,300
942,1,1240300,46000,61600,1093900,1087700,100,3500,200,200
943,1,1195100,43700,46900,1076600,1070800,100,3300,100,200
944,1,1189300,43800,46000,1074000,1068600,0,3100,100,100
945,1,1191400,43100,46300,1073500,1068100,100,3000,100,100
946,1,1232900,43500,45900,1089700,1084200,100,3100,0,0
947,1,1186500,43400,46100,1073400,1068000,100,3000,0,100
948,1,1253100,43300,46400,1101000,1095700,100,3000,100,300
949,1,1215600,43600,45900,1075300,1069900,100,2900,100,100
950,1,1189000,43800,46300,1073700,1068400,100,3000,100,100
951,1,1218800,43500,46300,1073900,1068500,0,3000,100,0
952,1,1188800,43600,45900,1073200,1067900,100,2900,100,200
953,1,1202500,43500,45800,1088600,1083200,100,3000,100,100
954,1,1190900,43400,46000,1072800,1067600,100,3000,100,300
955,1,1218400,43600,45900,1097200,1091500,0,3100,100,100
956,1,1199900,44500,46500,1074800,1069100,0,3300,100,200
957,1,1199600,43700,46500,1073100,1067800,0,2900,100,0
958,1,1243000,43400,46400,1073100,1067900,100,3100,100,200
959,1,25217900,64400,46300,1965300,1957700,0,23096400,300,200
960,1,33404000,48300,46900,1735500,1728200,200,31515500,100,0
961,1,1789500,43800,46800,1641400,1631400,0,4400,100,0
962,1,1899400,48200,49900,1749000,1742700,600,4600,0,0
963,1,1439000,45800,47900,1296600,1290800,100,4600,100,200
964,1,1213200,44200,47100,1069100,1063900,100,4200,100,0
965,1,1209600,43600,46200,1069100,1063900,100,2900,100,0
966,1,1258800,44200,46200,1067300,1062200,100,3000,100,0
967,1,1230500,43700,46000,1081900,1076700,0,3000,100,100
968,1,1215500,43800,46000,1083700,1078500,100,3100,0,300
969,1,1214300,43700,45900,1076200,1070900,100,3000,100,100
970,1,1242700,44000,46600,1069000,1063800,100,3100,100,100
971,1,1191500,43800,45900,1068900,1063700,0,3100,0,100
972,1,1215500,43900,46300,1078900,1073700,100,3100,100,100
973,1,1196300,43900,45800,1067000,1061900,100,2600,100,200
974,1,1190500,43900,46100,1068500,1063300,100,3100,100,100
975,1,1203900,44000,46000,1068900,1063600,100,3100,0,200
976,1,1267600,47200,50400,1111600,1105300,100,3100,100,200
977,1,1221000,44300,46800,1072600,1067200,100,3200,100,0
978,1,1246700,44100,46800,1081100,1075700,100,3000,100,0
979,1,1260500,44400,46200,1071300,1065900,100,2900,0,100
980,1,1213500,43900,46200,1067100,1061500,100,3100,100,100
981,1,1224100,43800,47700,1068300,1062900,100,2900,100,200
982,1,1207100,43900,46200,1068600,1063300,100,3100,100,100
983,1,1201200,44100,45600,1091000,1085700,100,3000,100,200
984,1,1181700,44000,46800,1070800,1065000,100,3100,100,0
985,1,1179900,44000,45400,1069500,1064000,0,3000,100,200
986,1,1189500,44000,46000,1068700,1063500,0,3400,100,100
987,1,1200300,43100,45600,1079300,1070600,100,3000,0,300
988,1,1191300,43700,46300,1073000,1067500,100,3300,100,100
989,1,1200800,44000,46400,1073100,1067700,100,3000,0,200
990,1,1234300,43700,46400,1100200,1087800,0,3400,100,500
991,1,1222800,44100,50800,1076800,1070600,100,3600,200,100
992,1,1213400,43500,46400,1089200,1083500,100,3000,100,100
993,1,1207900,43700,46200,1086700,1080800,100,3000,0,200
994,1,1223000,44200,46300,1073300,1067700,0,3000,100,100
995,1,1246600,43500,46400,1072100,1066700,0,3100,100,100
996,1,1316100,43300,46500,1086700,1080900,100,3100,100,200
997,1,1234000,44800,52500,1088700,1083500,100,8000,0,0
998,1,1217900,43600,46400,1073100,1067600,100,3400,100,200
999,1,1197100,43700,46400,1070900,1065500,100,3100,100,0
1000,1,1186200,43400,45900,1070600,1065200,100,2900,100,0
1001,1,1192500,43500,46000,1072200,1066800,100,2900,100,200
1002,1,1193400,43400,46000,1087700,1082300,100,3300,100,200
1003,1,1191900,43600,46100,1077500,1072100,100,3100,100,100
1004,1,1203400,43500,46200,1071100,1065700,100,3300,0,100
1005,1,1189300,43500,46200,1072500,1067100,100,3000,100,100
1006,1,1210600,43700,46000,1070900,1065400,100,3200,100,0
1007,1,1202400,43700,46000,1088400,1083100,100,3000,100,100
1008,1,1185600,43600,46000,1072200,1067000,100,3300,100,100
1009,1,1186700,43300,45900,1070500,1065200,100,3000,0,0
1010,1,1260500,43600,46800,1106300,1101000,100,3100,0,0
1011,1,1239700,43600,46400,1073100,1067500,100,3000,100,200
1012,1,1188300,43800,46000,1072700,1067100,100,2900,100,0
1013,1,1198100,43300,45900,1087300,1081900,0,3000,100,300
1014,1,1189000,43700,45900,1072500,1067100,100,3200,100,100
1015,1,1182400,43300,46000,1072600,1067100,100,3200,100,200
1016,1,1188200,43700,46000,1074500,1069200,100,3300,0,200
1017,1,1243100,43200,52900,1113200,1103900,0,6600,100,100
1018,1,1262000,44500,49400,1089100,1083100,100,3000,100,100
1019,1,1213400,43700,46100,1088900,1083500,100,3000,100,200
1020,1,1183100,43500,46300,1072300,1066900,100,3100,100,0
1021,1,1198200,43400,45900,1087500,1082100,100,3000,0,0
1022,1,1194500,43300,46100,1087300,1082000,100,3200,100,100
1023,1,1180000,43700,46000,1072500,1067200,100,3000,0,100
1024,1,1201600,43400,45600,1091200,1085800,100,3100,100,0
1025,1,1200800,43500,46200,1090600,1085300,0,3000,100,0
1026,1,1209300,43800,46200,1071000,1065600,100,3100,100,100
1027,1,1189100,42900,46500,1071000,1065500,100,3100,100,100
1028,1,1186500,43600,46200,1072300,1066900,0,3200,100,200
1029,1,1204800,43600,46100,1085400,1080000,100,3000,100,300
1030,1,1259500,43300,46100,1117100,1111800,100,3000,100,100
1031,1,1208100,43800,46300,1090200,1084900,100,3100,100,200
1032,1,1218100,43400,46200,1096400,1091100,100,3100,100,100
1033,1,1194000,45900,45800,1083700,1078200,100,2900,0,200
1034,1,1188600,43600,46100,1072600,1067300,100,3000,0,300
1035,1,1190000,43600,46200,1070700,1065600,0,3100,100,0
1036,1,1205900,43500,46000,1086500,1081200,0,3300,0,0
1037,1,1193100,43600,46300,1071200,1065900,100,2900,100,0
1038,1,1245900,43700,45700,1101900,1096500,100,2400,0,300
1039,1,1219300,43600,46300,1076200,1070900,100,3000,100,0
1040,1,1195900,43800,46100,1070600,1065400,100,3000,0,200
1041,1,1261300,43800,46700,1070500,1065300,100,3000,100,0
1042,1,1237600,43600,46300,1070900,1065400,100,3000,100,100
1043,1,1184500,43700,46000,1073000,1067600,100,3000,0,100
1044,1,1246600,44000,46000,1137200,1131600,100,3200,0,100
1045,1,1194300,43500,46000,1085500,1080200,100,2900,100,200
1046,1,1179900,43500,45800,1072400,1067000,100,3000,100,0
1047,1,1206200,42600,46100,1098300,1088700,0,3000,100,100
1048,1,1181200,43800,45900,1070500,1065200,100,2900,0,200
1049,1,1188900,43700,45800,1072500,1067300,100,3100,100,100
1050,1,1189100,43500,45700,1070200,1065000,100,3100,0,200
1051,1,1217400,43800,45800,1088300,1079400,100,3000,100,100
1052,1,1233900,43600,46500,1114200,1108900,100,3000,100,100
1053,1,1190000,43600,46300,1072600,1067300,100,2800,100,100
1054,1,1207500,43400,46400,1072100,1067000,100,3100,100,100
1055,1,1181300,43600,45900,1070200,1065100,0,2900,100,100
1056,1,1214100,43700,46400,1070600,1065400,100,3000,100,0
1057,1,1228800,43400,46100,1108500,1103000,100,2900,100,200
1058,1,1229700,43800,48000,1081300,1075300,100,3200,100,0
1059,1,1221200,45300,47100,1086100,1080300,100,3000,100,0
1060,1,1196000,43500,46100,1076600,1067300,100,3500,100,100
1061,1,1200800,44200,46100,1079100,1069800,100,3000,100,100
1062,1,1191900,44000,46100,1069900,1064700,100,3100,100,200
1063,1,1194000,43900,46500,1068400,1063200,100,3100,0,0
1064,1,1194700,43900,45900,1080400,1075300,100,2900,100,0
1065,1,1192400,43700,45800,1068800,1063700,100,3000,100,100
1066,1,1224000,45300,46500,1076100,1070800,0,2900,100,0
1067,1,1181600,44000,45600,1067200,1061900,100,3100,100,200
1068,1,1185800,44100,46100,1068900,1063800,100,3000,100,0
1069,1,1188700,43800,45900,1067000,1061800,100,3000,100,0
1070,1,1203100,43800,46000,1080700,1075200,100,2900,100,0
1071,1,1246900,44200,46400,1087500,1082100,100,3000,100,0
1072,1,1291500,45100,49900,1108900,1102000,100,3100,0,0
1073,1,1288400,47200,51400,1121000,1114800,100,3800,200,200
1074,1,1212500,43900,47300,1081900,1076500,100,3500,200,0
1075,1,1201000,44000,46500,1074700,1069300,100,2900,100,200
1076,1,1209800,43800,47000,1083300,1077900,100,3400,0,300
1077,1,1196600,43900,46400,1070300,1065100,100,3000,0,100
1078,1,1255100,43800,46800,1070000,1064400,100,3100,100,100
1079,1,26228900,63300,46100,2198500,2190300,200,23865100,300,200
1080,1,33074700,48700,49100,1910900,1900200,100,30902000,200,100
1081,1,2129200,44300,47000,1810800,1804500,0,5100,400,100
1082,1,1487400,44100,46500,1356900,1351100,0,4400,100,100
1083,1,1191700,44300,46200,1074700,1068900,0,3200,0,200
1084,1,1192100,43900,45700,1070500,1065000,100,3200,0,100
1085,1,1228100,43900,45800,1103600,1094900,100,3000,100,300
1086,1,1259900,44300,48000,1086700,1080500,100,3500,200,100
1087,1,1217600,43400,45900,1090400,1081100,100,3100,0,200
1088,1,1189200,43900,46400,1073500,1068400,100,3200,100,100
1089,1,1205700,43300,46200,1073200,1068100,100,3000,0,200
1090,1,1247900,43700,46300,1087300,1082100,100,3100,100,0
1091,1,1204200,43600,46400,1073700,1068700,100,2900,100,0
1092,1,1201300,43100,46500,1075500,1070000,100,3300,100,200
1093,1,1200600,43900,46500,1076300,1070400,100,2500,0,0
1094,1,1227600,44300,47700,1084000,1078100,100,3200,100,200
1095,1,1194900,44000,45800,1076600,1070800,100,3100,100,100
1096,1,1216400,45200,47800,1070500,1064700,0,3500,100,0
1097,1,1224500,44100,46100,1081200,1075600,100,2900,0,200
1098,1,1338100,43800,46300,1187800,1181400,100,3100,100,0
1099,1,1257800,44000,46800,1114700,1107300,100,2800,100,0
1100,1,1213700,45600,47400,1085700,1080200,100,3300,400,0
1101,1,1237800,43300,47000,1083700,1078200,100,3300,100,100
1102,1,1218900,43300,46500,1073100,1068000,100,3100,100,100
1103,1,1240400,43600,46800,1073700,1068300,100,3000,0,100
1104,1,1212200,43500,46300,1073200,1067800,100,3100,0,0
1105,1,1178700,43300,45900,1073300,1068200,0,3100,100,100
1106,1,1191400,43400,46200,1086500,1081100,100,3000,100,0
1107,1,1228300,43600,45900,1123200,1114200,100,3000,100,100
1108,1,1215500,45400,49500,1092300,1086500,200,3800,200,100
1109,1,1196400,43300,47300,1074300,1068900,100,3100,100,0
1110,1,1195600,43400,46400,1075000,1069800,100,3200,100,200
1111,1,1198500,43400,46500,1074700,1069500,100,3000,100,100
1112,1,1195700,43400,46400,1075300,1069800,0,3200,100,100
1113,1,1190400,43100,46400,1073900,1068500,100,3000,100,100
1114,1,1261100,43200,46400,1118800,1113100,100,3100,100,100
1115,1,1193500,44200,46800,1079200,1073700,100,3300,100,100
1116,1,1224400,44700,46600,1074100,1068700,0,3400,100,0
1117,1,1193500,43200,46200,1073300,1068200,100,3100,0,100
1118,1,1212300,43300,46200,1073200,1068100,100,3200,100,200
1119,1,1196000,43100,45900,1073400,1068000,100,3000,0,300
1120,1,1204500,43200,46000,1089200,1083900,100,3000,100,0
1121,1,1205000,43300,46400,1086700,1081400,100,3100,100,100
1122,1,1191900,43800,46400,1074300,1069200,0,3000,100,100
1123,1,1205800,43600,46200,1086400,1081400,100,3100,100,300
1124,1,1203400,43300,46500,1073500,1068300,100,3100,100,100
1125,1,1219600,43400,46700,1073000,1067900,100,3100,100,100
1126,1,1237900,43400,46600,1089100,1083500,100,3000,100,100
1127,1,1218900,43400,46000,1085100,1077800,100,3000,100,0
1128,1,1225100,45800,49400,1085100,1079500,100,3400,200,0
1129,1,1206500,43300,46400,1082600,1077400,100,3000,0,0
1130,1,1199900,43800,46600,1073400,1068200,100,3100,100,100
1131,1,1226900,43500,46400,1072900,1067700,0,3000,0,100
1132,1,1216000,43200,46500,1088300,1082900,100,3200,0,200
1133,1,1200700,46900,46500,1072800,1067600,100,3100,100,100
1134,1,1237400,43200,46500,1077200,1072000,0,3100,100,0
1135,1,1246900,43200,46100,1101700,1092200,100,3000,100,0
1136,1,1204600,43900,46100,1082600,1077100,100,3200,100,0
1137,1,1196400,43700,45900,1073400,1068100,100,2900,100,200
1138,1,1241600,43600,46700,1073600,1068300,100,3000,100,200
1139,1,1213800,43700,46200,1088700,1083200,100,3000,100,200
1140,1,1189400,43500,46000,1073900,1068700,100,3200,100,100
1141,1,1207200,43700,46100,1090600,1085400,100,2900,0,100
1142,1,1187200,43800,46300,1071500,1066300,100,2900,0,0
1143,1,1183100,43500,45900,1073400,1068200,100,3100,100,100
1144,1,1187100,43700,46400,1072200,1066700,100,3300,100,300
1145,1,1202800,43400,45900,1088100,1082700,100,3100,100,0
1146,1,1232600,43200,46100,1087900,1082700,0,3000,0,100
1147,1,1195100,43100,45900,1076700,1071300,100,3000,100,200
1148,1,1216500,44300,46000,1103700,1098400,100,3100,100,200
1149,1,1226600,43200,45900,1106300,1099400,100,3100,100,200
1150,1,1244900,44100,50500,1091100,1081000,100,3700,100,100
1151,1,1200500,44300,46500,1070100,1064700,100,3000,100,300
1152,1,1190600,43900,45700,1069700,1064400,100,3000,100,0
1153,1,1190400,44000,46300,1069500,1064200,100,2900,0,0
1154,1,1194400,43800,46100,1069900,1064600,100,3000,100,0
1155,1,1223500,43500,46200,1097400,1092100,0,3100,100,100
1156,1,1213200,43700,46500,1070000,1064700,100,3100,100,200
1157,1,1205800,44000,46300,1069600,1064300,100,2800,100,200
1158,1,1225600,43800,45900,1069600,1064200,100,3200,0,100
1159,1,1214800,43700,45800,1069300,1064000,100,2600,0,100
1160,1,1194400,43700,46100,1069600,1064400,100,3000,100,200
1161,1,1244200,43800,46000,1087400,1082100,100,2900,0,100
1162,1,1267200,43900,46100,1120900,1113700,100,3000,0,100
1163,1,1203700,43500,47800,1078200,1068900,200,3400,200,100
1164,1,1219900,43600,46400,1100600,1095100,100,3200,100,0
1165,1,1266800,43200,46000,1073300,1068000,100,3000,0,100
1166,1,1263300,43900,46700,1088100,1082700,100,3000,100,200
1167,1,1182600,43500,45700,1073700,1068400,0,3000,100,0
1168,1,1180100,43500,46000,1073600,1068300,100,3200,0,100
1169,1,1237300,43400,45900,1121700,1116500,100,2900,100,0
1170,1,1193700,43300,46100,1074000,1068800,100,3100,200,100
1171,1,1208900,43700,46200,1087900,1082500,100,3200,100,100
1172,1,1190000,43500,46300,1073600,1068300,100,3100,100,300
1173,1,1187700,43400,46100,1073100,1067800,100,3000,100,0
1174,1,1211400,43500,46600,1073300,1067900,100,3100,100,100
1175,1,1238800,43400,46200,1130500,1124900,100,3000,100,100
1176,1,1232200,44100,48600,1081000,1075400,100,3300,100,100
1177,1,1213800,43700,45800,1097400,1092000,100,2900,100,200
1178,1,1209500,43500,45900,1073300,1068100,0,3200,100,200
1179,1,1192500,43200,45900,1073400,1068000,100,3000,100,100
1180,1,1192400,43200,45400,1087700,1082400,100,3200,0,200
1181,1,1199300,43600,46200,1089100,1083700,100,3000,0,200
1182,1,1189200,43800,45900,1075900,1070600,100,3100,100,0
1183,1,1213200,44600,47500,1095500,1090300,100,3000,0,100
1184,1,1188100,43400,46300,1071600,1066400,100,2900,100,0
1185,1,1193700,43100,46100,1073500,1068100,100,3100,100,100
1186,1,1214900,43600,46300,1073700,1068400,100,3400,100,200
1187,1,1191300,43200,46100,1073700,1068400,100,3000,100,200
1188,1,1250200,43600,45800,1143500,1137800,100,3000,100,100
1189,1,1228900,48800,47900,1096100,1090700,100,3800,700,200
1190,1,1214600,43700,48100,1089800,1084200,100,3400,0,100
1191,1,1228900,43700,46500,1080300,1074900,0,2800,100,200
1192,1,1192700,43500,46500,1073300,1067700,100,2900,100,100
1193,1,1189800,43500,46700,1073800,1068500,100,3100,100,100
1194,1,1194900,43300,46300,1077500,1068200,100,3000,100,0
1195,1,1190900,43100,46000,1076600,1067400,100,2900,100,200
1196,1,1241800,43600,46700,1084800,1079200,0,3000,100,0
1197,1,1218900,43600,46400,1078800,1073200,100,2900,100,0
1198,1,1236800,43400,46300,1073600,1064600,100,3000,100,200
1199,1,25714800,69600,46300,2128100,2113100,0,23408400,600,400
1200,1,33358800,54600,51400,1887300,1877200,100,31305900,200,200
1201,1,1931100,44400,48600,1780800,1774800,0,4900,200,300
1202,1,1482500,43900,47200,1349600,1343900,100,4600,100,100
1203,1,1191600,43700,45700,1071300,1065700,100,3500,100,200
1204,1,1265100,44000,45900,1143300,1137700,100,3300,100,0
1205,1,1188100,43700,46300,1067400,1062100,100,3000,100,200
1206,1,1248600,44000,45700,1082300,1076800,100,3200,100,0
1207,1,1209000,43900,45900,1083700,1078300,100,3000,0,200
1208,1,1181200,43700,45500,1066800,1061400,100,3400,100,0
1209,1,1201700,43800,45800,1066800,1061400,100,2900,100,100
1210,1,1233200,43900,46200,1068700,1063400,100,3400,100,100
1211,1,1260300,44000,45300,1133300,1128000,100,3100,100,200
1212,1,1235200,44100,46000,1103800,1098500,100,3200,100,100
1213,1,1209800,43800,45900,1075300,1070200,100,2900,0,100
1214,1,1214300,44100,46200,1077000,1071300,100,3200,100,600
1215,1,1204600,43700,45900,1068800,1063400,100,3200,100,100
1216,1,1214000,43800,46000,1069000,1063400,100,3200,100,100
1217,1,1262700,43700,46100,1119500,1113800,100,2900,100,0
1218,1,1260800,43700,55500,1073300,1067700,100,3000,100,100
1219,1,1219600,43700,46400,1082600,1077200,100,3300,100,100
1220,1,1200800,44300,46200,1069400,1064000,100,3400,0,400
1221,1,1246300,44700,45800,1081900,1076200,100,2700,100,100
1222,1,1210900,44000,45700,1068700,1063300,100,3100,100,100
1223,1,1186800,43800,45700,1067400,1061700,100,3200,100,100
1224,1,1237300,43800,45300,1123400,1118000,0,3300,100,100
1225,1,1186800,43900,45200,1068900,1063500,100,3100,100,100
1226,1,1186500,44000,45300,1068900,1063500,100,3400,100,0
1227,1,1228200,44200,45600,1068700,1063200,100,3100,200,0
1228,1,1207300,43900,46100,1068800,1063300,100,3100,100,100
1229,1,1186500,44300,46000,1067400,1061900,100,2900,100,100
1230,1,1236700,44000,45900,1111200,1102600,100,3200,100,100
1231,1,1268900,46000,49500,1116800,1102200,100,3700,200,500
1232,1,1221700,46300,51100,1078000,1071600,100,3900,200,200
1233,1,1195400,44400,48100,1070300,1064500,100,2900,100,100
1234,1,1218400,44100,46200,1069300,1063600,100,3200,0,0
1235,1,1199300,44200,45500,1084800,1071200,100,2900,100,200
1236,1,1225900,43900,45900,1070400,1064800,100,3300,0,200
1237,1,1191500,44100,46200,1069700,1064200,100,2900,100,0
1238,1,1238700,43300,45700,1094600,1085200,100,3200,100,200
1239,1,1198900,44000,45600,1072300,1066500,100,3000,0,200
1240,1,1189800,45500,46000,1074800,1069100,0,3200,100,100
1241,1,1191600,43700,45900,1070000,1064500,100,3000,0,100
1242,1,1193100,44100,46000,1069700,1064100,0,3300,100,300
1243,1,1204700,44000,46100,1085400,1079800,100,3000,0,200
1244,1,1265700,43900,45800,1138500,1131900,100,2900,100,200
1245,1,1270700,48500,48900,1108300,1102000,100,3100,200,100
1246,1,1258100,44200,47400,1088800,1083300,100,3400,100,100
1247,1,1206500,44200,46300,1078300,1072900,100,3100,100,0
1248,1,1201000,44100,45900,1074800,1069700,100,3200,100,200
1249,1,1220800,44000,46200,1078000,1072600,100,2900,100,100
1250,1,1263400,44200,46700,1077700,1072300,100,3000,100,0
1251,1,1325500,44000,46000,1075300,1069600,100,3200,100,0
1252,1,1234400,43900,48000,1093100,1087600,100,3500,100,100
1253,1,1196700,44000,46000,1077800,1072300,100,3300,100,0
1254,1,1200300,44000,47100,1074700,1069300,0,3100,300,0
1255,1,1199800,44100,46000,1078300,1072900,200,3000,100,100
1256,1,1204400,43900,46200,1076500,1071300,100,3000,100,200
1257,1,1198300,44000,46200,1073300,1067900,0,3100,100,100
1258,1,1353600,48800,46100,1117000,1111200,100,3400,100,100
1259,1,1292300,45300,49600,1112400,1106700,100,3700,200,0
1260,1,1193200,44400,46400,1076200,1070800,100,3800,100,100
1261,1,1194700,44000,46200,1079300,1074000,100,3200,100,200
1262,1,1189500,44600,45700,1075000,1070000,100,3000,0,100
1263,1,1197700,44000,46900,1079300,1073700,100,3100,0,200
1264,1,1195700,44000,46600,1077100,1071600,100,3000,100,100
1265,1,1192200,44300,46000,1076800,1071100,100,3000,100,100
1266,1,1229600,44200,46400,1075000,1069500,100,3200,100,100
1267,1,1190100,44000,46800,1070200,1064900,100,3100,100,200
1268,1,1180600,44300,45800,1070100,1064600,100,3600,100,0
1269,1,1183600,44200,45500,1068700,1063200,100,3000,100,200
1270,1,1211000,43900,46100,1071400,1066100,100,3000,0,0
1271,1,1185200,44000,46200,1071400,1065900,0,3100,100,200
1272,1,1181800,43600,45600,1071000,1065300,100,3400,100,0
1273,1,1195700,44000,46000,1085100,1079600,100,2900,100,200
1274,1,1201300,44200,46300,1085400,1079700,100,3100,100,100
1275,1,1210400,43700,47000,1086300,1080800,100,3100,100,300
1276,1,1204200,44000,46700,1070500,1065100,100,3300,100,100
1277,1,1206200,44300,46800,1071000,1065500,100,3100,100,100
1278,1,1229400,44200,46700,1071000,1065500,100,3200,100,100
1279,1,1217200,44100,46000,1076500,1071000,100,3100,100,200
1280,1,1258100,45500,50100,1124200,1118100,800,3100,0,100
1281,1,1246800,43900,47000,1100900,1095300,100,3100,100,0
1282,1,1244400,44300,47300,1094100,1088300,100,3300,100,100
1283,1,1193100,44300,46200,1070100,1064500,100,3000,100,200
1284,1,1174700,43900,45700,1069900,1064300,100,3100,100,0
1285,1,1180300,43900,45500,1069500,1064200,100,3000,100,100
1286,1,1186100,43800,45700,1076500,1071000,100,3100,100,200
1287,1,1181600,44000,45600,1069300,1064000,100,2900,100,200
1288,1,1184700,44000,45900,1070600,1065100,100,3100,100,100
1289,1,1235400,44000,46800,1069700,1064500,100,3100,0,0
1290,1,1236900,44300,46500,1088200,1082700,100,3100,100,300
1291,1,1222400,44200,48900,1088400,1083000,0,8800,300,0
1292,1,1190800,44000,46000,1072500,1067200,100,2900,100,0
1293,1,1240400,43900,46000,1118800,1110900,100,3100,100,100
1294,1,1239800,44300,49500,1075800,1065900,100,3700,200,0
1295,1,1216900,44100,46600,1084900,1079300,0,3200,100,100
1296,1,1227900,44200,46600,1070200,1065000,100,3300,100,100
1297,1,1198800,43800,46000,1068700,1063300,100,2900,0,200
1298,1,1216600,44100,45700,1069500,1064300,100,3100,0,0
1299,1,1196700,44200,46000,1070000,1064500,0,3100,100,0
1300,1,1194800,43800,45600,1082800,1077500,100,3100,100,200
1301,1,1184900,43900,45400,1070100,1064700,100,3100,100,100
1302,1,1197500,43800,45600,1084000,1078800,100,3100,100,100
1303,1,1183400,43900,45300,1070200,1064900,100,3000,0,100
1304,1,1184800,44000,45300,1069700,1064200,100,3400,100,100
1305,1,1190700,44000,45800,1069900,1064500,100,3000,100,0
1306,1,1255800,43700,45900,1109200,1103700,0,3200,100,200
1307,1,1208500,44000,46000,1082500,1077200,100,2900,100,100
1308,1,1209800,44100,46100,1085100,1079600,100,3300,0,200
1309,1,1194200,43700,45800,1069900,1064500,100,2900,100,300
1310,1,1194600,43900,46100,1069400,1064200,100,3100,100,200
1311,1,1243400,43900,46100,1083900,1078600,100,3000,100,0
1312,1,1194700,43900,45900,1070200,1064800,100,3000,0,200
1313,1,1191100,44200,45900,1069800,1064400,100,3100,100,200
1314,1,1234100,44200,47400,1105700,1100500,100,3100,0,100
1315,1,1185700,43700,45600,1069800,1064300,100,3100,100,100
1316,1,1193000,44000,45700,1069300,1063900,100,3200,0,200
1317,1,1196300,43700,45500,1070400,1065100,100,2900,0,100
1318,1,1252300,43800,46300,1084500,1079100,100,2900,100,0
1319,1,26101900,75600,45800,2116600,2103500,100,23795900,900,700
1320,1,33410300,53800,47700,1840400,1831200,100,31293900,200,200
1321,1,1971100,43900,48700,1720600,1714000,0,5600,200,100
1322,1,1292400,43900,46500,1145600,1139800,0,4900,100,0
1323,1,1194500,43700,46200,1071900,1066500,100,3100,0,100
1324,1,1199400,44300,44900,1070000,1064500,100,2900,100,0
1325,1,1199800,44300,45700,1070100,1064400,100,3000,0,200
1326,1,1287900,43000,45700,1108800,1099500,0,3000,100,200
1327,1,1240800,43800,46400,1089200,1083800,100,3000,0,0
1328,1,1250900,43700,46400,1124600,1116600,100,3000,100,0
1329,1,1238800,44700,50800,1093200,1086200,100,3600,200,200
1330,1,1251100,43800,46900,1088300,1083100,100,3200,100,0
1331,1,1200100,43200,46700,1074000,1068600,100,3300,100,300
1332,1,1193700,43200,46600,1073600,1068600,100,3000,100,100
1333,1,1189800,43200,46100,1073100,1067900,100,3100,100,100
1334,1,1201100,43600,46400,1075800,1070500,0,3000,100,0
1335,1,1279100,43400,48000,1089500,1084200,0,2900,100,100
1336,1,1305900,43600,46900,1073400,1068400,100,3200,0,100
1337,1,1220300,43500,46800,1073200,1068100,100,3000,100,0
1338,1,1231700,43100,46400,1071700,1066500,100,2900,100,0
1339,1,1219800,43500,46200,1078600,1073400,100,3000,0,100
1340,1,1210800,43200,46300,1088200,1083200,100,3200,100,0
1341,1,1283700,43500,46800,1125200,1116800,100,3000,100,300
1342,1,1269700,43900,49100,1092300,1086500,100,3500,200,100
1343,1,1179700,43400,46200,1073600,1068300,100,3100,100,300
1344,1,1191000,43300,46000,1073800,1068500,0,3100,100,300
1345,1,1198000,43400,46300,1073200,1068200,100,3000,100,0
1346,1,1193300,43600,46000,1087600,1082400,100,3300,100,200
1347,1,1185400,43400,46300,1072900,1067700,0,3000,100,100
1348,1,1206800,43300,46400,1094300,1089100,0,3100,100,100
1349,1,1196900,43300,46800,1073000,1067800,100,3100,100,100
1350,1,1197500,43300,46400,1073300,1068100,200,3000,100,100
1351,1,1240500,43700,46600,1073400,1068300,100,2900,100,100
1352,1,1290300,43400,46100,1148600,1143100,0,3000,100,100
1353,1,1254400,74100,48600,1102000,1096400,100,2900,100,100
1354,1,1302400,43700,46800,1159200,1151900,100,3000,100,0
1355,1,1223200,44200,49300,1106400,1100600,100,3100,100,200
1356,1,1221900,44400,46900,1071900,1066300,100,3200,0,0
1357,1,1187700,43900,46000,1070400,1064600,100,2900,100,0
1358,1,1215300,43400,45900,1077100,1067900,100,3100,100,100
1359,1,1194700,43700,46100,1070900,1065000,100,3000,100,0
1360,1,1188700,44100,46000,1080800,1075300,0,3200,0,0
1361,1,1189000,43800,45700,1078800,1073300,100,3000,0,0
1362,1,1181400,43700,46100,1074100,1068500,100,3100,100,0
1363,1,1223900,44000,46300,1111000,1105500,100,3700,200,200
1364,1,1189700,42700,45800,1079600,1069800,100,3100,100,100
1365,1,1190100,43200,46300,1073400,1068200,100,2900,100,0
1366,1,1210100,43200,46200,1073400,1068300,100,2900,100,200
1367,1,1182700,43100,45800,1073900,1068500,100,3100,100,100
1368,1,1186200,43300,45900,1073400,1068400,100,3200,100,100
1369,1,1227100,43400,46000,1101300,1094300,100,3000,100,100
1370,1,1212800,44600,48300,1079100,1073400,100,3400,200,200
1371,1,1231900,44100,46700,1074800,1069400,100,2900,0,200
1372,1,1198900,44000,47300,1072800,1067500,100,3000,100,200
1373,1,1229000,44400,46700,1101500,1096300,0,3000,100,200
1374,1,1189300,44100,46900,1074300,1069100,100,3100,100,200
1375,1,1205000,43700,46700,1085600,1080200,100,3100,100,0
1376,1,1230100,45600,46700,1101900,1096300,0,3000,0,0
1377,1,1197000,44100,46400,1075200,1070000,100,3300,100,100
1378,1,1250200,44400,47200,1073900,1068400,100,3100,100,400
1379,1,1209800,44200,46800,1073300,1068100,0,3000,0,100
1380,1,1204900,44100,46700,1073300,1068100,100,3000,100,200
1381,1,1198700,44100,46800,1071900,1066500,100,2900,100,0
1382,1,1268800,44200,47200,1100800,1095400,100,3100,100,300
1383,1,1274700,45300,47400,1110800,1104900,100,3100,0,200
1384,1,1221400,46300,46700,1096400,1090800,100,3300,100,100
1385,1,1197200,44300,46800,1076000,1070500,100,3100,100,100
1386,1,1223200,44000,47100,1073500,1068200,0,3200,0,100
1387,1,1195500,44100,47000,1073700,1068300,100,3000,100,200
1388,1,1188400,44200,46900,1073700,1068400,0,3300,100,0
1389,1,1195200,43800,46700,1075400,1069800,100,2900,100,100
1390,1,1223200,45200,47200,1076500,1071000,100,3100,100,200
1391,1,1204700,44000,47000,1082900,1068000,100,3100,100,100
1392,1,1189600,44400,46800,1073300,1067700,100,3200,100,100
1393,1,1204500,44200,46800,1087500,1082100,100,3100,100,0
1394,1,1191500,44100,46700,1073900,1068500,0,3100,100,0
1395,1,1194100,44000,46700,1073400,1068000,100,3400,100,100
1396,1,1234400,44000,46600,1107900,1102400,100,3100,100,100
1397,1,1206900,44300,47000,1075000,1069600,100,3000,0,100
1398,1,1253000,44100,46900,1105500,1099800,100,3000,0,100
1399,1,1215500,44200,47200,1074200,1068600,100,3100,100,100
1400,1,1210100,44100,46900,1087900,1082400,100,3100,100,100
1401,1,1243400,44100,47100,1088200,1082600,0,3000,100,200
1402,1,1223900,44400,47200,1073500,1068200,100,3100,100,100
1403,1,1211700,44100,46600,1093200,1087800,100,3000,100,200
1404,1,1196900,44600,46800,1073600,1068200,100,3000,100,200
1405,1,1184500,44500,46700,1073500,1068200,100,3100,0,100
1406,1,1191300,44100,46400,1072700,1067400,0,3300,100,100
1407,1,1190000,44000,46600,1073100,1067800,0,3100,100,200
1408,1,1199100,44000,46400,1086400,1081200,100,3000,100,100
1409,1,1197000,44100,46900,1072900,1067500,100,3100,100,0
1410,1,1218200,45000,46800,1081700,1076400,100,3200,100,0
1411,1,1208300,44100,47100,1073200,1068000,100,3000,100,100
1412,1,1217700,44400,46900,1087300,1081900,100,3100,100,200
1413,1,1239700,43900,47100,1073300,1068000,100,3000,0,0
1414,1,1257800,44500,47500,1088000,1082500,100,3000,100,200
1415,1,1192600,44300,46600,1072800,1067400,100,3100,0,200
1416,1,1224800,44700,47100,1072100,1066800,0,3200,100,300
1417,1,1233000,44200,46800,1111600,1103500,100,3000,100,100
1418,1,1258400,45600,49200,1091700,1085400,100,3500,200,200
1419,1,1217500,44500,46300,1074800,1069300,100,3100,100,100
1420,1,1228300,43500,46200,1073900,1068400,100,3100,100,300
1421,1,1261600,43100,46200,1101100,1095900,100,3000,100,100
1422,1,1197900,43400,46300,1073700,1068400,100,3200,0,100
1423,1,1188400,43500,46000,1075800,1070500,100,3100,100,100
1424,1,1246200,44300,47100,1133200,1128000,100,3100,100,100
1425,1,1194200,43400,46000,1079700,1074400,100,3000,0,200
1426,1,1209500,43900,45900,1073600,1068400,100,3100,100,100
1427,1,1181600,43500,46100,1073200,1068000,0,2900,100,300
1428,1,1181200,43300,45700,1073400,1068200,100,3200,100,200
1429,1,1188300,43400,46300,1073000,1067800,100,3100,100,100
1430,1,1262900,43300,46200,1142000,1135100,100,3100,100,100
1431,1,1237300,44300,47600,1078100,1072200,100,3400,200,200
1432,1,1204900,43800,46300,1076900,1071300,0,3100,100,200
1433,1,1195500,43400,46400,1076000,1070400,100,2900,100,100
1434,1,1193600,43600,46400,1074100,1068700,100,3300,100,200
1435,1,1206900,43500,45900,1084700,1079300,100,2900,0,100
1436,1,1203800,43700,46000,1088400,1083100,100,2900,0,200
1437,1,1203200,43500,46500,1081800,1076500,100,3000,100,0
1438,1,1241500,43700,46400,1073200,1067800,100,3000,100,100
1439,1,25858100,65900,46200,2000700,1987600,100,23692500,800,300
1440,1,33161600,69300,52100,1768400,1760900,100,31206100,500,100
1441,1,1838800,44700,49500,1688300,1681800,0,4200,100,200
1442,1,1580500,44200,48800,1437800,1431400,0,4300,100,400
1443,1,1217200,43900,48000,1083700,1078000,0,3800,200,100
1444,1,1311900,43900,46900,1092300,1086500,0,3100,100,0
1445,1,1328400,43900,46700,1133900,1127800,100,3000,0,100
1446,1,1256100,44600,47200,1085300,1079400,100,3100,200,300
1447,1,1209100,45100,50500,1076900,1071200,0,3000,100,100
1448,1,1185200,44200,46500,1073600,1067900,100,3100,100,300
1449,1,1197300,44300,46700,1073700,1068100,100,2900,100,0
1450,1,1241100,44100,46900,1092200,1082900,0,3000,0,200
1451,1,1211200,43600,46300,1095500,1086400,100,2900,100,200
1452,1,1195900,44500,46300,1080800,1075200,100,3200,100,200
1453,1,1195900,44400,46200,1084200,1078600,100,2900,0,100
1454,1,1191600,44100,46500,1073500,1068000,100,3000,0,200
1455,1,1196100,44200,46900,1072400,1066800,200,3100,100,0
1456,1,1201500,43700,46800,1073600,1068100,100,3400,0,200
1457,1,1199000,43600,46000,1073400,1067900,100,3000,100,100
1458,1,1301100,43900,46000,1152000,1146100,100,3200,0,100
1459,1,1208500,43700,46500,1075600,1069800,0,3000,100,100
1460,1,1203900,43900,46300,1081600,1076100,100,3100,100,100
1461,1,1224900,43900,46600,1073300,1067600,100,3000,100,100
1462,1,1233300,44000,46200,1087700,1082200,0,3200,100,400
1463,1,1189900,43900,46100,1072300,1066700,100,3000,0,300
1464,1,1199300,43700,46100,1073800,1068400,100,3200,100,200
1465,1,1225100,43500,46200,1093700,1088400,100,3000,100,100
1466,1,1217200,43900,46200,1085300,1080000,100,3100,100,100
1467,1,1194200,43800,46200,1073700,1068300,100,3000,100,100
1468,1,1200300,43600,46100,1072000,1066500,100,3100,100,0
1469,1,1209300,46100,46000,1074600,1069300,100,3100,100,200
1470,1,1211500,43800,46600,1074100,1068700,100,3100,100,100
1471,1,1246600,43800,46400,1114700,1109100,0,3000,100,0
1472,1,1202600,43700,46500,1075600,1070000,100,3100,0,0
1473,1,1226500,45700,48300,1095000,1088800,100,3000,0,100
1474,1,1233500,43300,46800,1085700,1076300,100,3100,0,400
1475,1,1229900,44100,46600,1073400,1067900,0,3100,0,200
1476,1,1246500,43700,45400,1073800,1068100,100,2600,100,0
1477,1,1194900,43700,46400,1074000,1068600,100,3000,100,200
1478,1,1245400,43700,46600,1102900,1097100,100,3200,100,0
1479,1,1217000,43600,46200,1094200,1088800,100,3000,100,0
1480,1,1188200,43400,46100,1077000,1068000,100,3000,0,100
1481,1,1200700,43900,46200,1087200,1081900,0,3000,0,100
1482,1,1193200,43600,46200,1077000,1068000,100,3200,0,200
1483,1,1184000,43600,46000,1073300,1068000,100,3300,100,200
1484,1,1213400,44100,46300,1099500,1094000,100,3100,100,200
1485,1,1242300,46400,50300,1115400,1109700,100,3100,100,0
1486,1,1249100,44900,46700,1100900,1093700,100,3300,100,200
1487,1,1215300,44300,50500,1080200,1074000,200,3800,200,100
1488,1,1188300,43200,46500,1073700,1068300,100,3100,0,200
1489,1,1211600,43700,46100,1089200,1083800,100,2900,100,0
1490,1,1192800,43300,46100,1074100,1068900,0,2900,100,300
1491,1,1229400,43600,46300,1073400,1068200,100,3100,100,100
1492,1,1202000,43500,46200,1073600,1068100,0,3000,100,200
1493,1,1212600,43600,46000,1085400,1079800,100,3000,100,200
1494,1,1201500,43500,46400,1075300,1069800,100,3300,100,100
1495,1,1197000,43800,46300,1072900,1067600,100,3000,100,0
1496,1,1211500,43500,46300,1073600,1068100,100,3200,100,200
1497,1,1219800,43600,46400,1074500,1068900,100,2900,0,200
1498,1,1258400,43700,46500,1086300,1081000,100,3300,100,100
1499,1,1228200,43600,46200,1089600,1084000,100,2900,100,100
1500,1,1266800,44600,47900,1127500,1121800,100,3300,100,100
1501,1,1199900,43300,46700,1075700,1070200,0,3300,100,0
1502,1,1198600,43700,47300,1076700,1071500,0,3400,100,100
1503,1,1190500,43600,45900,1073600,1068200,100,3200,100,100
1504,1,1199100,43400,46200,1074100,1068700,100,3100,100,100
1505,1,1238700,43200,46100,1072000,1066500,100,3000,100,200
1506,1,1334600,43900,46400,1093500,1087000,100,3300,0,100
1507,1,1216000,43500,45900,1076700,1071400,100,3000,100,300
1508,1,1185000,43900,47300,1073800,1068500,100,3100,100,100
1509,1,1195500,43500,45700,1082700,1077400,100,3100,100,100
1510,1,1210600,43600,46300,1073700,1068100,100,2900,100,0
1511,1,1184900,43400,45700,1073700,1068400,0,3300,0,0
1512,1,1193300,43200,46000,1084100,1078600,100,2900,0,300
1513,1,1199200,43600,45900,1091000,1085700,100,3000,100,100
1514,1,1199100,43200,53400,1079300,1070300,100,3100,100,200
1515,1,1195900,43400,46100,1084800,1079500,0,3100,100,100
1516,1,1201800,45600,46300,1079700,1074000,100,3200,100,100
1517,1,1191800,43500,46000,1073700,1068300,100,3000,100,200
1518,1,1216900,43500,46300,1073400,1068100,100,3300,0,100
1519,1,1203600,43900,46200,1073000,1067800,100,3100,100,200
1520,1,1195900,44500,46300,1086400,1081100,100,3100,100,100
1521,1,1227100,43800,46200,1086600,1077500,100,3100,100,100
1522,1,1236600,43600,47200,1100900,1092000,100,3000,100,100
1523,1,1196600,44000,48200,1074900,1068800,100,3500,100,200
1524,1,1190900,43700,45900,1077300,1071700,100,3600,100,100
1525,1,1208000,46100,48300,1088200,1082900,0,3000,0,100
1526,1,1196400,44600,48500,1080600,1075300,100,3000,0,100
1527,1,1200400,43600,45900,1088300,1082800,100,3000,100,100
1528,1,1200800,43300,46700,1081300,1075900,100,3300,100,200
1529,1,1192500,43600,46300,1076200,1070800,0,3000,100,100
1530,1,1222200,62900,46400,1076800,1070800,100,3000,100,100
1531,1,1211500,43800,46300,1077500,1071800,100,3100,100,200
1532,1,1191700,43700,46600,1072100,1066800,100,3200,100,100
1533,1,1192400,44200,46300,1071300,1066200,100,3000,100,200
1534,1,1219000,44700,47500,1073300,1068100,100,3300,100,0
1535,1,1192300,45900,47500,1073500,1068200,100,3100,100,100
1536,1,1238000,44600,47200,1086700,1081100,100,3000,100,300
1537,1,1232900,44200,46000,1072500,1067000,0,2900,100,200
1538,1,1233900,43900,46100,1072400,1067000,100,3100,0,100
1539,1,1197200,44900,47500,1073100,1067700,100,3000,200,200
1540,1,1233100,45500,75500,1089000,1082900,100,3300,100,200
1541,1,1211300,43700,46900,1098000,1092300,100,2900,100,100
1542,1,1190300,43400,46900,1080800,1075200,100,3200,0,200
1543,1,1187100,43200,45900,1077300,1071800,100,3000,0,100
1544,1,1198700,44500,47800,1083900,1077700,100,2900,0,100
1545,1,1218200,44500,48800,1095100,1085400,0,3100,200,100
1546,1,1212700,43200,46400,1075100,1069600,100,3000,100,100
1547,1,1184200,43600,45900,1075800,1070200,100,3100,100,300
1548,1,1192700,43800,46800,1081900,1074800,100,3200,100,200
1549,1,1211700,45900,48100,1085700,1080000,100,2900,0,300
1550,1,1200500,44000,46400,1075300,1070100,100,3000,100,0
1551,1,1229200,43700,46400,1075100,1069700,100,3000,100,100
1552,1,1201000,43900,46400,1075700,1070300,100,3000,100,200
1553,1,1196500,45100,46300,1076000,1070500,100,2900,0,100
1554,1,1203000,46000,48400,1076400,1071000,100,3200,100,100
1555,1,1217600,44000,52400,1089500,1083900,100,2400,100,0
1556,1,1202900,43800,46100,1075400,1070000,100,3000,100,200
1557,1,1204800,43800,46600,1074400,1069100,100,3100,100,200
1558,1,1259100,44600,48000,1082900,1077500,100,3200,0,100
1559,1,26100500,65300,46700,2181400,2171400,300,23737500,500,300
1560,1,33544100,55000,51900,1928100,1920200,100,31439700,300,200
1561,1,1952900,44200,50600,1767600,1760900,100,5000,200,200
1562,1,1409300,44200,48600,1234600,1226500,100,4500,0,300
1563,1,1252300,44800,51300,1114500,1108000,100,3600,200,100
1564,1,1213600,43900,46800,1075000,1069000,100,3300,0,100
1565,1,1209500,43100,46000,1078500,1068900,100,2900,100,100
1566,1,1252700,43800,46600,1069900,1064300,100,3100,100,200
1567,1,1210800,43800,46100,1069700,1064400,100,3100,100,200
1568,1,1263800,43500,47000,1070000,1064600,100,3100,100,300
1569,1,1269700,45400,48600,1070300,1065000,100,6500,0,400
1570,1,1221900,43800,45900,1069400,1064200,0,2900,100,300
1571,1,1208100,43800,45600,1082600,1077300,100,3100,100,100
1572,1,1192500,43600,45800,1069800,1064500,100,3200,100,100
1573,1,1185300,43700,45800,1070100,1064700,0,3100,0,300
1574,1,1205000,43800,46000,1083800,1078500,100,3100,0,0
1575,1,1232200,43600,46200,1105700,1100400,100,3100,0,100
1576,1,1244900,48400,56900,1089000,1083400,100,9500,100,0
1577,1,1212600,43500,46100,1079200,1073900,0,3100,100,100
1578,1,1227200,43600,45800,1070100,1064700,0,3000,100,100
1579,1,1204800,43500,45900,1069300,1064100,100,3000,100,0
1580,1,1189400,47400,45800,1069600,1064400,100,3100,100,200
1581,1,1228300,44000,45700,1069400,1064200,100,3100,100,200
1582,1,1237600,43800,45700,1087500,1082200,100,3400,100,0
1583,1,1202500,44200,45800,1079300,1074200,100,3100,0,300
1584,1,1186600,43700,46100,1069800,1064600,100,3000,0,0
1585,1,1195900,43500,45900,1069300,1064300,100,2900,0,200
1586,1,1215900,43800,45900,1091600,1086300,0,3300,100,300
1587,1,1190500,43500,45600,1070200,1065100,100,3100,0,200
1588,1,1287500,43900,46000,1164000,1158300,100,2900,0,0
1589,1,1214900,44100,46800,1076500,1071000,100,3100,100,0
1590,1,1298700,43900,46900,1091600,1086400,100,3000,100,100
1591,1,1271700,44100,48200,1072800,1067400,100,3100,100,100
1592,1,1201900,43900,46200,1069400,1064300,100,3300,100,200
1593,1,1193800,43900,46200,1069800,1064400,100,3100,100,200
1594,1,1210700,44100,46200,1069500,1064200,100,3100,100,200
1595,1,1182600,43600,45600,1069600,1064400,0,3100,0,200
1596,1,1237900,43900,46400,1089700,1084600,100,3100,100,300
1597,1,1188100,43600,45700,1069100,1064000,0,3100,100,100
1598,1,1209400,43700,46100,1069800,1064600,100,3100,0,100
1599,1,1245500,43800,46000,1084900,1079500,100,3000,0,100
1600,1,1199200,43900,46200,1069200,1064100,0,3100,100,200
1601,1,1216400,43800,45300,1104300,1095800,100,3300,0,200
1602,1,1193100,44900,48900,1073200,1067700,100,3400,200,200
1603,1,1214600,43600,46700,1103000,1097700,100,3200,100,200
1604,1,1188400,44000,46200,1076700,1071600,0,3200,0,100
1605,1,1186300,43700,45900,1069700,1064400,100,3000,0,200
1606,1,1221700,43600,45800,1084700,1079500,0,2900,100,100
1607,1,1181200,43800,45700,1069500,1064400,100,3100,0,200
1608,1,1177800,43600,45900,1070100,1065000,100,3100,100,0
1609,1,1183400,43900,45900,1069600,1064400,100,3000,100,300
1610,1,1203100,43700,46100,1089900,1084600,100,3000,100,0
1611,1,1212600,43800,45800,1069700,1064500,100,3100,100,100
1612,1,1184000,44000,45900,1069900,1064700,100,3000,100,0
1613,1,1182400,43800,46100,1069700,1064600,100,3100,100,0
1614,1,1236800,46400,46100,1121800,1113200,0,3300,100,200
1615,1,1279000,46300,58800,1133800,1128000,100,8500,100,200
1616,1,1203300,43900,45900,1078700,1072800,100,2600,0,100
1617,1,1233500,43800,46700,1108400,1102700,100,3100,100,100
1618,1,1252200,43600,46900,1074300,1069100,100,3300,100,200
1619,1,1206000,43300,47900,1073900,1068800,100,2800,100,100
1620,1,1192700,43200,46900,1073300,1068300,100,3100,100,0
1621,1,1198800,43500,46300,1073500,1068100,100,2900,100,200
1622,1,1197500,43200,45700,1088100,1083000,100,3300,0,200
1623,1,1187300,43300,46200,1073200,1067900,100,3000,0,100
1624,1,1226900,46100,46300,1101900,1096600,100,3100,100,0
1625,1,1190000,43700,46300,1076900,1071700,100,3100,100,0
1626,1,1217100,43300,46000,1073000,1067900,100,3100,0,300
1627,1,1206200,43700,46000,1088700,1083500,0,3100,100,100
1628,1,1185500,43600,46200,1073200,1068100,100,3300,0,200
1629,1,1200300,43600,46200,1080900,1072200,100,3100,100,200
1630,1,1326600,44500,51500,1122700,1115400,100,3700,200,100
1631,1,1252800,45500,56600,1095900,1089900,100,4000,200,200
1632,1,1192900,43900,46400,1079500,1074100,100,3200,100,0
1633,1,1183000,43300,46300,1073200,1068200,100,3100,100,300
1634,1,1195300,43400,46500,1073200,1067900,100,3100,100,300
1635,1,1207600,44600,48000,1074100,1068900,100,3000,100,0
1636,1,1205300,43400,46200,1073000,1067900,100,3200,100,0
1637,1,1223500,43500,46700,1088600,1083300,100,2800,100,300
1638,1,1237400,43700,46900,1081500,1076100,100,3200,100,100
1639,1,1213500,43500,46200,1074900,1069600,100,3100,100,100
1640,1,1189900,43400,46200,1073800,1068600,100,2900,100,200
1641,1,1221000,43100,46200,1072600,1067400,100,3100,100,100
1642,1,1213400,43200,46000,1072700,1067500,100,3000,100,0
1643,1,1200200,43400,45900,1089400,1080700,100,3000,0,200
1644,1,1198500,44100,48500,1079800,1074000,100,3500,100,100
1645,1,1187500,43600,46700,1075900,1070500,0,3000,100,100
1646,1,1185500,43600,46500,1073300,1068000,100,3100,0,200
1647,1,1192500,43700,46100,1073600,1068400,100,3000,100,100
1648,1,1191700,43600,46100,1072900,1067900,100,3200,100,0
1649,1,1226000,43300,46300,1100000,1094800,0,3000,100,0
1650,1,1218100,43900,46800,1088000,1082900,100,3000,0,200
1651,1,1223000,43300,46200,1091100,1086000,0,3300,100,100
1652,1,1208400,43700,46700,1074400,1069200,100,3000,100,0
1653,1,1190500,43500,46600,1073500,1068400,100,2900,0,0
1654,1,1221200,43500,46400,1073400,1068100,100,3300,0,100
1655,1,1209500,43200,46500,1088400,1083100,100,3000,0,200
1656,1,1221700,43300,46200,1073200,1068000,100,3100,100,200
1657,1,1200900,43700,46300,1073500,1068100,0,3100,100,0
1658,1,1234200,43700,46400,1090400,1085100,100,3100,100,0
1659,1,1199900,43200,46200,1073200,1067800,100,3000,100,200
1660,1,1188700,43500,46200,1073600,1068200,100,3100,100,200
1661,1,1245100,43400,46400,1088500,1083300,100,2900,100,0
1662,1,1207400,43800,46500,1073000,1067700,100,3100,100,0
1663,1,1199800,43200,45700,1086700,1081400,0,2900,0,100
1664,1,1186700,43500,46100,1073400,1068200,100,3000,100,300
1665,1,1272100,43500,46000,1152700,1147300,100,2900,100,300
1666,1,1235300,43800,47900,1085400,1080200,100,2500,100,100
1667,1,1204500,44000,46300,1084900,1079600,100,3000,100,100
1668,1,1208000,43600,46400,1089600,1084200,100,3200,100,100
1669,1,1200500,43600,46400,1074800,1069600,100,3100,100,100
1670,1,1198500,43500,46200,1073200,1068000,0,3200,100,0
1671,1,1246700,43700,46400,1094300,1089000,100,3000,100,200
1672,1,1290000,85000,46500,1121300,1099700,300,3000,100,200
1673,1,1202600,43600,46800,1074800,1068700,100,3500,200,100
1674,1,1195300,43400,46200,1074100,1068600,0,3100,100,0
1675,1,1252100,43700,46300,1090100,1084600,100,3000,100,100
1676,1,1262700,43500,47100,1079100,1073700,100,3000,100,200
1677,1,1195400,43600,46900,1074000,1068800,100,2900,100,100
1678,1,1297700,43900,46400,1119200,1113900,0,3100,100,200
1679,1,26256800,65900,46800,2171400,2161000,100,23894200,800,400
1680,1,33669400,56000,55900,1902300,1892600,100,31573900,300,400
1681,1,1934100,44500,49700,1769800,1763000,100,4700,100,200
1682,1,1552000,43700,48400,1401400,1395100,100,4700,100,300
1683,1,1232200,43800,47700,1080500,1074900,100,4000,100,100
1684,1,1211700,43900,46600,1089800,1084100,100,3200,100,300
1685,1,1247200,43300,46600,1111000,1101700,100,2900,100,300
1686,1,1280900,43500,46100,1092300,1086500,100,3000,0,200
1687,1,1207900,43800,46200,1081200,1076000,100,3000,100,0
1688,1,1189400,43800,46100,1069800,1064600,100,3100,100,0
1689,1,1196000,43900,46100,1068200,1062900,100,3100,100,200
1690,1,1225200,43800,46400,1067800,1062600,0,3000,100,0
1691,1,1209500,43500,45900,1085200,1079700,100,3000,100,100
1692,1,1268200,45200,45800,1088400,1083000,0,3300,100,200
1693,1,1236400,45200,46200,1075600,1070200,100,3000,0,100
1694,1,1187500,44100,45800,1070500,1065300,100,3100,100,200
1695,1,1185400,43600,45800,1069500,1064200,100,2500,0,100
1696,1,1197300,43600,46000,1069600,1064300,100,3100,0,200
1697,1,1194300,43900,46500,1069500,1064400,0,3000,100,0
1698,1,1217400,43900,46300,1069800,1064700,100,3100,0,200
1699,1,1212700,45300,46400,1080500,1075000,100,3100,100,0
1700,1,1191500,43600,45900,1080600,1075400,100,3100,0,100
1701,1,1210500,43800,45800,1069100,1063900,100,2400,0,0
1702,1,1217900,43900,46100,1083200,1077800,100,3000,100,100
1703,1,1174500,43900,45600,1070100,1064900,100,3000,100,100
1704,1,1173600,43600,45700,1069300,1064100,100,3000,100,300
1705,1,1174500,43800,45200,1069900,1064600,100,3100,0,100
1706,1,1256200,43800,45700,1148400,1140500,100,3300,100,100
1707,1,1185600,44300,47900,1071600,1065800,100,3400,200,400
1708,1,1190200,43700,46200,1081100,1075800,100,3200,100,200
1709,1,1191200,43700,45700,1069300,1064100,100,2900,100,200
1710,1,1200800,44000,46400,1070100,1064800,100,3300,100,100
1711,1,1216300,44200,45900,1080500,1073600,100,3100,100,200
1712,1,1329400,85400,85000,1112400,1091600,200,3100,100,300
1713,1,1224700,44600,47600,1094500,1088500,0,3000,100,100
1714,1,1225800,43900,46000,1074200,1068400,100,2600,0,100
1715,1,1197500,44000,46000,1088500,1082800,100,3000,100,100
1716,1,1221900,44100,46300,1070800,1065400,100,3000,0,0
1717,1,1194200,44100,46000,1069900,1064500,100,2900,100,200
1718,1,1209300,43600,46000,1069500,1064300,100,2900,100,0
1719,1,1290000,44200,46300,1153900,1148400,100,3000,100,100
1720,1,1221800,43800,47100,1092300,1086900,100,3100,100,100
1721,1,1204300,43900,46400,1079000,1073500,100,3000,100,100
1722,1,1205900,44500,46400,1078700,1073300,200,3300,100,100
1723,1,1241400,43800,46000,1081000,1075700,100,3000,0,0
1724,1,1225100,43300,46200,1084500,1079100,100,3100,100,0
1725,1,1193100,43900,45900,1069800,1064700,0,3000,100,200
1726,1,1251200,43800,46400,1108200,1102900,100,3300,100,0
1727,1,1185300,43700,45700,1070500,1065400,100,3000,100,300
1728,1,1183300,43700,45500,1069700,1064500,100,3100,100,200
1729,1,1187800,43700,45800,1069400,1064200,100,3000,100,100
1730,1,1187200,43700,45600,1069600,1064400,100,3200,100,100
1731,1,1217900,43900,46300,1068500,1063300,0,3000,100,200
1732,1,1237800,43800,46000,1116200,1107000,100,3100,100,0
1733,1,1215300,44700,50500,1081300,1074800,100,3400,200,300
1734,1,1188700,43700,46300,1070300,1064900,100,3100,0,100
1735,1,1200900,43500,45500,1084700,1079500,100,3100,100,0
1736,1,1204600,43900,46000,1084800,1079300,100,3200,0,100
1737,1,1194000,43700,45700,1069500,1064000,100,2900,100,0
1738,1,1234600,44200,46100,1070200,1064800,100,3000,100,200
1739,1,1211000,44100,45900,1069800,1064600,0,3000,100,0
1740,1,1210700,43800,45900,1089300,1083900,0,3300,100,100
1741,1,1203200,44000,45800,1080500,1075200,100,2900,100,200
1742,1,1193300,44000,45600,1070200,1064800,100,3300,100,100
1743,1,1194200,44000,46000,1069800,1064300,0,3100,0,0
1744,1,1193300,43700,45700,1069500,1064200,100,3100,100,300
1745,1,1262300,43900,45600,1134800,1128000,0,3100,100,300
1746,1,1250500,47200,48900,1087200,1081200,100,3200,100,100
1747,1,1218700,44200,46600,1091500,1085500,100,3100,100,100
1748,1,1202400,44200,46200,1076100,1070400,100,3600,100,100
1749,1,1190500,43900,45600,1070100,1064300,100,3100,100,100
1750,1,1224600,43900,46200,1072400,1066500,100,3100,100,100
1751,1,1198900,43900,45800,1070900,1065300,100,3100,0,200
1752,1,1199700,43800,45900,1070000,1064400,100,3000,100,0
1753,1,1191500,44200,45700,1070100,1064600,100,3000,0,0
1754,1,1266700,43900,46300,1096600,1087400,0,3100,100,200
1755,1,1246500,45100,49300,1078800,1072400,100,3800,200,300
1756,1,1210800,43600,46500,1077700,1068500,100,3000,100,100
1757,1,1203600,43500,46700,1074200,1068700,100,3000,100,100
1758,1,1223700,43300,46700,1072900,1067700,100,3300,100,200
1759,1,1213200,43700,46700,1073600,1068600,100,3000,100,0
1760,1,1246500,43400,46100,1087400,1082300,100,3300,100,0
1761,1,1300000,44700,46800,1097500,1091700,0,3100,100,200
1762,1,1217500,43600,47100,1076100,1070900,0,3000,0,100
1763,1,1177900,43400,46200,1072900,1067700,100,3000,100,200
1764,1,1193200,43300,46200,1088900,1083500,100,3000,0,200
1765,1,1177300,43400,46100,1073600,1068400,100,3000,100,300
1766,1,1176400,43300,45700,1073400,1068200,100,3200,0,200
1767,1,1176800,43300,46000,1073200,1068000,100,3100,100,200
1768,1,1193500,44900,45900,1085900,1080500,100,3200,100,0
1769,1,1188600,43500,46400,1073500,1068300,100,3000,100,100
1770,1,1192100,43300,46000,1073300,1068300,100,3200,100,100
1771,1,1197000,43300,46300,1072900,1067500,100,3000,0,300
1772,1,1196900,43500,46500,1073500,1068200,100,3300,100,100
1773,1,1211100,43400,46300,1087800,1082600,100,3100,100,100
1774,1,1249700,43500,47400,1104400,1095700,100,3200,100,100
1775,1,1232100,50300,52300,1089400,1082700,200,3100,200,200
1776,1,1235200,43400,47300,1077400,1068300,100,3100,100,300
1777,1,1207100,44100,47000,1087200,1081900,0,2900,100,100
1778,1,1218800,44100,47000,1073900,1068700,100,3200,100,100
1779,1,1199600,43200,46500,1072500,1067500,100,3000,100,200
1780,1,1183100,45200,46200,1073100,1068100,100,3100,0,0
1781,1,1191300,43400,46500,1076600,1071300,100,3000,0,100
1782,1,1205700,46800,46600,1091500,1086200,0,2900,100,0
1783,1,1186700,43600,46300,1073400,1068200,100,3100,100,100
1784,1,1186500,43600,46400,1073200,1068100,100,3000,100,0
1785,1,1230000,43500,46500,1073500,1068300,100,3000,0,0
1786,1,1246600,43200,46400,1088300,1082900,0,3400,0,100
1787,1,1184700,43400,46200,1076100,1071100,0,2800,100,200
1788,1,1208200,43800,46100,1099900,1094500,100,3200,100,100
1789,1,1203300,43700,46800,1088300,1083200,100,3100,100,200
1790,1,1197200,45400,48300,1079600,1074600,100,3000,100,100
1791,1,1218400,43700,46400,1073600,1068400,100,2900,100,100
1792,1,1189100,43600,46200,1073500,1068300,100,3300,100,100
1793,1,1184500,43300,46400,1072800,1067600,100,3000,100,100
1794,1,1200800,43800,46400,1084900,1068300,100,3100,100,100
1795,1,1236300,43500,52000,1119500,1110800,100,3100,100,100
1796,1,1205700,43300,50300,1079900,1070300,200,3600,200,200
1797,1,1198600,43600,46100,1081500,1075600,100,3000,100,100
1798,1,1230900,43900,46400,1070000,1064600,100,3000,0,0
1799,1,24922100,66900,45600,1973600,1955300,100,22784700,500,200
1800,1,36526700,72800,51100,2808600,2792400,100,33511200,900,300
1801,1,2413000,45900,57600,2228500,2218600,0,6500,200,400
1802,1,1318200,45200,53000,1151000,1144400,100,4900,200,200
1803,1,1217500,44300,47300,1078200,1072700,100,3100,100,100
1804,1,1231500,44400,46800,1077100,1071600,100,3200,100,300
1805,1,1248000,43700,46400,1090400,1083000,100,3200,100,0
1806,1,1380500,45200,50900,1157800,1149600,100,3800,200,200
1807,1,1499700,48400,53700,1262900,1247000,100,4000,200,200
1808,1,1621600,81400,87400,1388100,1299700,100,4300,200,200
1809,1,1497900,80100,84000,1236300,1212500,300,3700,100,200
1810,1,1310700,44500,52100,1086700,1080600,100,4400,200,100
1811,1,1216100,43600,46900,1081700,1076100,100,3400,100,0
1812,1,1214700,43500,46700,1079500,1073900,100,3600,100,100
1813,1,1285000,43700,46400,1151300,1141500,100,3300,100,100
1814,1,1441900,45400,54800,1257400,1248800,100,4500,300,100
1815,1,1249000,43900,50300,1089100,1083400,200,4500,100,100
1816,1,1335500,44200,47700,1078200,1072600,100,3300,100,0
1817,1,1304800,43300,46700,1071500,1066400,0,3000,100,300
1818,1,1267700,43200,47400,1074700,1069300,100,3400,100,100
1819,1,1235800,43000,46500,1074100,1068900,100,3200,100,0
1820,1,1256400,45000,48100,1126200,1116500,100,3200,100,300
1821,1,1351000,44500,52800,1123300,1117700,200,4300,200,200
1822,1,1285800,43800,47900,1083400,1077700,100,3700,100,600
1823,1,1194100,43700,46200,1078300,1072900,100,3100,100,0
1824,1,1195200,43300,46800,1078200,1073300,100,3700,100,0
1825,1,1215000,43800,46100,1095700,1088600,0,3300,100,200
1826,1,1267400,43900,49700,1131000,1121200,100,4000,200,100
1827,1,1212400,43800,51600,1079400,1073600,100,3600,100,100
1828,1,1194000,43500,46500,1075900,1070400,100,3600,100,0
1829,1,1211200,44000,47100,1073100,1068000,100,3000,100,100
1830,1,1213700,44200,47100,1073800,1068500,100,3000,100,100
1831,1,1218100,44000,47100,1071600,1066300,100,3000,100,100
1832,1,1210900,43500,46500,1072900,1068000,0,3000,100,0
1833,1,1218700,44200,46700,1074000,1068700,0,3000,100,0
1834,1,1244300,43600,46700,1075400,1069900,0,3100,100,100
1835,1,1213500,43200,46600,1081700,1076300,100,3200,100,0
1836,1,1281300,43500,46800,1096500,1091400,0,3200,0,100
1837,1,1224700,43400,47000,1071500,1066200,100,3000,100,0
1838,1,1250000,43800,46900,1070100,1065000,100,3300,100,200
1839,1,1214000,43500,46200,1072100,1067100,100,3100,0,200
1840,1,1206500,43300,46100,1072200,1067200,0,3100,100,100
1841,1,1206200,43500,46200,1070400,1065300,100,3100,0,300
1842,1,1187500,43500,46300,1072000,1066900,100,3000,100,0
1843,1,1193200,43200,46200,1070700,1065400,0,3100,100,0
1844,1,1202800,45100,46400,1077600,1072000,100,3200,0,100
1845,1,1261100,43500,46700,1071900,1066800,100,2900,100,0
1846,1,1304200,43400,46800,1070800,1065400,200,3100,100,100
1847,1,1273200,43700,46300,1113300,1106400,100,3200,200,0
1848,1,1228700,46800,51100,1076300,1070200,100,4000,200,100
1849,1,1193200,45400,46500,1074600,1069300,0,3000,100,200
1850,1,1186500,43800,46100,1070700,1065400,100,3200,100,100
1851,1,1217900,43200,46400,1072500,1067100,100,3400,0,100
1852,1,1202300,43900,46100,1085200,1080000,100,3100,100,200
1853,1,1185800,43900,45900,1071800,1066600,100,3000,0,200
1854,1,1194500,44700,48700,1079500,1074100,100,3400,0,100
1855,1,1181100,43800,46200,1070400,1065100,100,3200,0,100
1856,1,1187300,43400,45900,1072400,1067200,100,3000,100,0
1857,1,1189500,43600,45900,1072700,1067500,100,3100,100,100
1858,1,1231800,43700,46200,1071100,1065800,100,3100,100,0
1859,1,1195300,43900,46200,1072900,1067600,0,3000,100,0
1860,1,1208900,43400,45900,1098300,1092700,100,3100,100,300
1861,1,1189400,44000,46100,1077300,1071800,100,3000,100,100
1862,1,1189500,44400,45700,1080400,1075100,100,3100,100,0
1863,1,1180300,43300,45800,1072500,1067400,100,3100,100,200
1864,1,1188800,43300,45800,1072700,1067500,100,3400,0,100
1865,1,1188800,43500,46400,1072700,1067400,100,3000,100,0
1866,1,1219200,44000,46300,1072400,1066900,100,3400,100,100
1867,1,1190500,43700,46200,1070700,1065400,100,3100,100,100
1868,1,1188100,43600,46200,1072700,1067500,100,3200,0,0
1869,1,1194200,43600,46000,1070700,1065400,100,2900,100,100
1870,1,1204900,43500,46200,1072200,1066900,100,3200,100,0
1871,1,1190700,43600,45900,1070600,1065100,100,3200,100,100
1872,1,1188400,43900,45900,1072300,1067000,100,3100,100,200
1873,1,1241900,43300,46000,1131300,1124200,100,3100,100,200
1874,1,1226800,44900,50500,1098900,1092800,100,3600,200,200
1875,1,1225800,45300,47800,1100000,1094400,0,3400,100,300
1876,1,1204400,43500,46500,1074300,1068900,100,3300,0,100
1877,1,1200400,43500,46100,1072700,1067200,0,3000,100,100
1878,1,1265600,43400,46700,1074300,1068700,0,3000,100,100
1879,1,1229100,44000,46500,1072400,1067000,100,3000,0,200
1880,1,1187900,43100,46200,1076300,1067100,100,3100,100,200
1881,1,1210700,43600,45800,1068400,1062400,100,3000,100,100
1882,1,1207400,43800,47100,1070200,1064700,100,3100,100,0
1883,1,1190100,43900,46000,1083600,1078400,100,3100,100,0
1884,1,1172500,43800,45300,1069300,1063800,100,3100,100,0
1885,1,1190500,43800,45700,1080800,1075300,100,3100,100,100
1886,1,1173300,44000,46200,1068500,1063200,100,3200,100,100
1887,1,1185200,43700,45700,1081200,1076000,0,3000,100,0
1888,1,1204100,43600,46200,1095500,1089800,100,3000,100,100
1889,1,1225300,44700,48500,1096200,1090500,100,3500,100,0
1890,1,1203200,44300,46700,1069000,1063500,100,3100,100,200
1891,1,1204800,44200,46600,1068700,1063300,100,3100,0,0
1892,1,1197700,44300,46800,1069900,1064700,0,3000,100,100
1893,1,1198600,44200,46400,1072500,1067200,100,2900,100,100
1894,1,1231300,44400,47200,1085200,1079900,100,3300,100,100
1895,1,1212200,44300,46200,1088200,1081600,100,2900,100,100
1896,1,1263300,43700,49600,1092900,1083100,100,3800,200,200
1897,1,1205700,44600,46900,1070600,1065100,100,2900,100,0
1898,1,1222900,44100,46200,1070100,1064700,100,3100,100,100
1899,1,1204200,43800,46300,1069800,1064600,100,3000,0,100
1900,1,1192900,44000,46400,1069700,1064400,100,3300,100,0
1901,1,1185500,43700,45900,1069700,1064300,0,3100,100,100
1902,1,1198500,43700,46000,1081600,1076300,100,3000,0,200
1903,1,1200100,44000,45800,1071800,1066500,100,3100,100,100
1904,1,1185900,43700,45700,1069800,1064600,100,3000,0,200
1905,1,1194500,43700,46100,1069700,1064500,100,2900,100,300
1906,1,1229500,43900,46200,1084700,1079500,0,3200,100,200
1907,1,1204400,43500,46200,1083600,1078400,100,3000,100,100
1908,1,1213600,43900,45500,1095500,1087000,100,3300,0,300
1909,1,1276300,44800,50500,1094900,1088900,100,3500,200,100
1910,1,1235500,43900,46700,1091500,1086000,100,3400,100,100
1911,1,1221300,44000,46200,1069400,1064300,100,3000,100,100
1912,1,1192000,43400,45800,1069900,1064800,100,3300,100,200
1913,1,1196200,43900,46100,1078900,1073800,100,2900,0,200
1914,1,1186600,44100,46000,1068600,1063500,100,3000,100,0
1915,1,1187900,43600,45600,1069600,1064300,100,3000,0,200
1916,1,1221200,44000,46000,1097600,1091700,100,3000,100,100
1917,1,1189100,43600,46100,1070200,1064800,100,3100,0,200
1918,1,1234600,43800,46300,1069600,1064500,100,3100,0,0
1919,1,25490900,63000,45900,1957700,1947800,100,23379600,500,300
1920,1,33202800,57500,50100,1745300,1734600,100,31285300,300,300
1921,1,1829800,44200,48500,1663900,1657200,0,4700,200,400
1922,1,1856600,44400,47500,1703500,1697200,0,4300,0,200
1923,1,1515800,45800,47200,1370900,1364500,0,4300,100,100
1924,1,1246900,46100,46800,1088000,1082100,100,4300,100,200
1925,1,1211200,45500,45900,1070900,1065200,100,3100,0,300
1926,1,1265800,44400,45800,1070400,1064900,100,3200,0,0
1927,1,1213600,44000,46000,1069300,1063800,0,3000,100,100
1928,1,1207100,43300,46000,1076700,1067700,100,3100,100,100
1929,1,1217300,43400,47400,1073500,1068200,100,2900,100,200
1930,1,1317800,43300,46800,1077800,1072400,100,3700,100,200
1931,1,1341500,43600,48200,1075100,1069800,100,3000,100,200
1932,1,1190400,43500,46300,1073600,1068100,100,3100,100,100
1933,1,1198700,43400,46400,1073600,1068100,100,2900,100,200
1934,1,1225500,43600,46500,1089000,1083800,100,3100,100,100
1935,1,1197600,43200,46100,1073600,1068000,100,2900,100,100
1936,1,1224600,43200,46400,1090000,1084600,100,2900,100,100
1937,1,1260400,45800,47800,1120100,1114000,0,3100,100,100
1938,1,1252900,43400,46700,1087700,1082200,100,3300,100,0
1939,1,1231800,43100,46900,1091900,1086800,100,3000,0,0
1940,1,1283800,43400,46400,1120900,1115100,0,2900,100,200
1941,1,1268800,45300,54500,1078100,1072400,200,3100,100,100
1942,1,1254500,44000,46900,1113500,1108000,100,3200,100,200
1943,1,1189600,43800,47000,1082700,1077200,100,3000,200,0
1944,1,1183800,43700,47300,1076400,1071200,100,3100,100,0
1945,1,1178300,44000,46800,1073100,1067800,100,3100,100,200
1946,1,1179200,43900,45700,1073500,1068300,0,3100,100,0
1947,1,1177500,43700,46200,1073100,1068000,100,3000,100,0
1948,1,1186300,44000,46100,1077600,1068500,0,3100,100,200
1949,1,1208100,44100,46800,1087800,1079900,100,3100,100,100
1950,1,1232900,44100,56400,1093600,1087600,100,3500,200,100
1951,1,1203100,43300,46600,1078500,1073100,100,3000,200,100
1952,1,1190700,43500,46500,1073600,1068400,100,3100,100,300
1953,1,1190000,43200,47300,1073100,1068000,100,3000,100,0
1954,1,1213700,43400,46500,1073000,1067900,100,3000,0,100
1955,1,1184700,43100,46400,1075300,1070100,100,3000,100,0
1956,1,1235400,45600,47500,1086200,1081000,0,3000,100,100
1957,1,1212700,43400,46200,1086600,1081400,100,3000,0,200
1958,1,1220300,43200,46600,1073800,1068300,100,3200,100,0
1959,1,1203600,43400,46400,1073300,1068000,100,3000,0,200
1960,1,1188700,43100,46600,1073300,1068100,100,3100,100,0
1961,1,1191800,43500,46200,1073400,1068200,100,3000,0,200
1962,1,1220600,43300,46400,1100300,1094800,100,3100,100,300
1963,1,1207900,44600,47400,1097900,1092500,100,3100,100,100
1964,1,1201100,43200,46400,1083100,1077800,100,3100,100,200
1965,1,1210800,44000,46400,1084100,1078900,100,3100,100,300
1966,1,1217500,43300,46100,1074700,1069600,100,3400,100,200
1967,1,1192200,43500,46100,1074200,1069000,100,3000,100,100
1968,1,1184600,43500,46100,1074000,1068800,100,3000,100,200
1969,1,1193000,43500,46300,1073200,1068100,100,3100,0,100
1970,1,1192500,43700,46200,1074800,1069500,100,3100,100,100
1971,1,1291900,43400,46500,1100800,1091700,0,3100,100,100
1972,1,1258700,44400,50300,1105100,1098500,100,3700,200,200
1973,1,1201000,43700,46600,1084000,1078500,100,3000,100,0
1974,1,1218100,43800,49200,1092000,1086600,100,3100,100,100
1975,1,1205300,43300,46200,1078400,1073100,100,3000,100,0
1976,1,1201200,43900,46600,1073700,1068300,0,2900,100,100
1977,1,1202600,43200,46400,1073000,1067600,100,2900,100,100
1978,1,1305200,43700,46400,1128500,1118500,100,3000,100,200
1979,1,1225100,43700,50900,1080600,1070900,100,3400,200,200
1980,1,1195400,43700,45700,1074700,1068900,100,2900,100,200
1981,1,1194600,45500,47900,1072400,1067100,100,3000,0,200
1982,1,1186100,43900,46200,1070100,1064800,100,3100,100,200
1983,1,1183700,43900,46200,1069700,1064400,0,3000,100,100
1984,1,1187600,43600,46200,1070100,1064700,100,3100,0,0
1985,1,1233300,43400,45400,1114100,1105000,100,3100,100,100
1986,1,1228300,44600,48500,1071300,1065400,100,3400,200,200
1987,1,1211200,43000,46100,1090000,1080700,100,2900,100,300
1988,1,1197400,43500,46400,1074100,1068600,100,3100,100,100
1989,1,1200500,44000,46500,1073700,1068300,100,3000,100,200
1990,1,1222400,43600,46700,1073900,1068300,100,3300,100,0
1991,1,1220000,45400,49000,1091100,1085300,0,2900,100,200
1992,1,1212100,45100,47700,1081400,1075800,100,3200,200,300
1993,1,1209600,43300,46100,1087300,1081500,0,2900,0,200
1994,1,1190600,43300,46600,1075000,1069400,100,3100,100,0
1995,1,1200000,43500,46200,1075000,1069700,100,3100,100,0
1996,1,1231600,45800,47100,1095300,1089800,100,3000,100,100
1997,1,1224900,44300,46700,1092500,1086900,0,3100,0,200
1998,1,1242500,43700,45900,1085500,1079700,0,2500,0,100
1999,1,1249200,45400,52300,1094300,1088800,100,3000,100,200
2000,1,1198800,43800,46000,1071800,1066500,100,3300,100,0
2001,1,1246800,44000,46300,1086700,1081300,100,3000,100,100
2002,1,1258400,43900,46200,1069700,1064400,0,3100,100,200
2003,1,1206400,43900,46100,1069700,1064400,100,3100,100,200
2004,1,1180800,44000,46500,1069600,1064400,100,3000,100,0
2005,1,1214800,43800,46000,1101400,1094300,0,3100,0,100
2006,1,1219900,48300,53800,1083300,1077100,0,3500,200,200
2007,1,1194800,45300,48300,1070500,1065200,0,3000,0,100
2008,1,1188400,44600,46100,1070200,1065000,100,3200,100,200
2009,1,1559800,44200,46500,1430400,1419600,0,3100,0,0
2010,1,1232300,44900,48800,1085500,1078900,100,3800,100,200
2011,1,1217800,43800,47100,1082500,1077100,100,3000,100,100
2012,1,1208900,44100,46500,1083400,1077800,100,3000,100,0
2013,1,1195500,43900,46800,1070800,1065500,100,3000,100,200
2014,1,1226800,43500,46400,1074700,1068700,100,2500,0,100
2015,1,1235500,43300,46600,1073500,1068200,100,3000,100,200
2016,1,1302300,43600,47100,1088200,1082600,100,3000,100,100
2017,1,1192100,43300,45900,1073100,1068000,100,3100,100,0
2018,1,1248000,43300,46000,1108300,1099700,0,3200,100,300
2019,1,1231400,44800,49300,1090100,1078700,100,3000,100,200
2020,1,1191300,43300,46700,1074300,1069000,100,3100,100,100
2021,1,1219300,43100,46100,1100500,1091700,100,3100,100,200
2022,1,1224800,45300,49100,1095100,1089300,200,3600,200,100
2023,1,1194600,43400,46200,1074500,1069400,100,3200,100,100
2024,1,1204000,43700,52400,1070500,1064900,100,3100,100,300
2025,1,1188100,44600,45600,1071100,1065400,100,3100,100,0
2026,1,1251200,46200,46700,1083600,1078000,0,3100,0,300
2027,1,1193600,44200,46300,1071600,1066200,0,3700,100,200
2028,1,1195300,43900,45800,1083800,1078500,0,2900,100,200
2029,1,1189600,43900,45700,1068500,1063000,100,2900,100,200
2030,1,1185700,43600,45800,1069200,1063800,100,2900,0,0
2031,1,1223100,43800,45600,1069800,1064300,100,3000,0,200
2032,1,1211300,43500,46100,1089700,1084100,100,3000,100,100
2033,1,1246800,43400,46400,1085300,1080000,100,3100,100,200
2034,1,1226400,43700,46000,1088500,1082900,100,3100,100,200
2035,1,1185500,43700,46100,1073100,1067600,100,3000,100,0
2036,1,1196500,43500,45900,1079700,1074400,0,3100,100,100
2037,1,1187100,44000,45900,1069500,1064200,100,2900,0,200
2038,1,1231900,43800,46000,1069700,1064300,100,3000,0,0
2039,1,25551200,67000,45900,2046800,2037800,0,23348800,600,400
2040,1,33523000,56000,52300,1964600,1953200,0,31391200,500,300
2041,1,1930100,46400,50800,1769700,1762300,0,5000,200,200
2042,1,1731500,44600,47900,1590600,1583800,0,7900,100,300
2043,1,1449100,43800,46800,1323100,1316800,0,4300,100,200
2044,1,1204000,44500,46700,1073000,1067100,100,4100,300,100
2045,1,1204400,43300,46100,1083600,1074500,100,3100,100,0
2046,1,1245900,43800,46800,1073500,1068200,100,3100,100,100
2047,1,1200600,43400,46400,1075700,1070400,0,3000,0,200
2048,1,1218000,43300,50400,1102900,1097700,0,3400,0,100
2049,1,1206700,45100,47100,1079700,1074300,100,3000,0,200
2050,1,1233600,43500,46200,1072300,1067000,100,3100,0,200
2051,1,1205800,43500,46300,1073400,1068300,100,3200,100,200
2052,1,1199300,43400,46500,1072700,1067600,100,3000,100,500
2053,1,1219300,43400,46200,1095000,1089500,0,2900,100,0
2054,1,1255300,44300,56100,1112200,1106800,100,3300,100,200
2055,1,1219600,44400,47200,1076700,1071600,100,3100,100,0
2056,1,1239100,43400,46700,1108700,1102900,4100,3000,100,100
2057,1,1238700,43500,47000,1091400,1085600,200,3100,100,100
2058,1,1251400,43800,47200,1075300,1069800,100,3200,200,100
2059,1,1221300,43800,46700,1074900,1069400,100,3000,0,200
2060,1,1235500,43700,46600,1099800,1094300,100,3200,100,100
2061,1,1257300,45600,47900,1091500,1086000,100,3300,100,0
2062,1,1243000,43600,47400,1076300,1070800,100,3200,100,0
2063,1,1215000,43500,46200,1086200,1081100,100,3000,100,200
2064,1,1236900,43500,46600,1073600,1068400,100,3200,100,200
2065,1,1215800,43600,46300,1073700,1068500,100,3000,100,200
2066,1,1194000,43400,54100,1073200,1067900,100,3100,100,200
2067,1,1190400,43300,46300,1080500,1075100,100,3100,100,200
2068,1,1188500,43400,46200,1074700,1069500,100,3200,100,200
2069,1,1195300,43900,46400,1073000,1067900,100,3000,100,0
2070,1,1197800,43400,46200,1073000,1067700,100,3100,0,400
2071,1,1201000,43600,46300,1073500,1068200,100,2900,0,0
2072,1,1210400,43100,46500,1088300,1083100,100,3000,100,100
2073,1,1220600,43500,46400,1096500,1087800,100,2900,100,0
2074,1,1262900,46000,52600,1092000,1085200,100,7100,200,200
2075,1,1201900,43200,46700,1085500,1079700,0,3000,0,100
2076,1,1226700,43200,46700,1073900,1068700,100,3300,100,100
2077,1,1224600,43300,46300,1098900,1093500,100,3000,0,200
2078,1,1213500,43800,45600,1073800,1068500,100,2300,0,0
2079,1,1197300,43600,46400,1073100,1068000,100,3100,100,0
2080,1,1185600,43500,46100,1073500,1068100,100,3100,0,200
2081,1,1217700,43800,47700,1097300,1092100,100,2900,100,0
2082,1,1197400,43700,46000,1074100,1069000,100,3100,100,200
2083,1,1194100,43300,46300,1073000,1067900,0,2900,0,100
2084,1,1209800,43600,46400,1088300,1083200,100,3200,0,200
2085,1,1217200,43600,46300,1089200,1070300,100,2900,100,0
2086,1,1298200,45500,46800,1139200,1133500,0,6500,100,100
2087,1,1198000,43800,46900,1080900,1075700,100,3200,100,200
2088,1,1202300,43300,46300,1083600,1078200,100,3400,100,100
2089,1,1201800,43500,46300,1073400,1068100,100,2900,0,100
2090,1,1202700,43300,47700,1073600,1068300,100,10200,300,100
2091,1,1234300,43700,46400,1071700,1066600,100,3000,100,100
2092,1,1223000,43400,46500,1088200,1082800,100,3200,0,100
2093,1,1200700,43400,46300,1073100,1068000,100,2900,100,100
2094,1,1218900,43500,46300,1091100,1086000,100,3300,100,100
2095,1,1276800,43600,46500,1104200,1098700,100,3100,100,200
2096,1,1230600,43600,46500,1082700,1077300,100,3000,100,100
2097,1,1196200,43400,46300,1073400,1067900,100,3100,100,0
2098,1,1241300,43500,46400,1073400,1068000,100,2900,100,0
2099,1,1204700,43500,46200,1073900,1068300,100,3100,100,200
2100,1,1231300,43300,46400,1073900,1068700,100,3000,100,0
2101,1,1253000,43400,46300,1091000,1085500,100,2900,100,200
2102,1,1197600,43500,46000,1088600,1083200,100,3100,100,0
2103,1,1179600,43200,45800,1073200,1067900,100,3000,0,200
2104,1,1184200,43400,45800,1073600,1068300,100,2900,0,100
2105,1,1196900,43200,46000,1087500,1082300,100,2900,100,100
2106,1,1213300,43500,45700,1073800,1068500,0,3100,0,100
2107,1,1259000,43600,45900,1147000,1141600,100,2900,0,100
2108,1,1197400,43600,45700,1090600,1085200,100,3500,100,100
2109,1,1248000,44400,46700,1131900,1122700,0,3000,100,100
2110,1,1253300,45500,79600,1077600,1071600,100,3300,100,100
2111,1,1187500,43700,46400,1073800,1068400,100,3000,100,0
2112,1,1195500,43400,46200,1079600,1074300,100,3100,100,200
2113,1,1204100,43400,46100,1088400,1083000,100,3100,100,100
2114,1,1203400,43400,46200,1084500,1079100,0,3300,100,200
2115,1,1216100,43500,46000,1097200,1091800,100,3000,0,300
2116,1,1202500,43700,46600,1073900,1068600,100,3000,100,200
2117,1,1210900,43800,46200,1081300,1075900,100,3100,100,100
2118,1,1225300,43900,47000,1081800,1076300,100,3100,0,100
2119,1,1207300,43400,46400,1073700,1068500,100,3000,100,200
2120,1,1234400,43700,46100,1116600,1107800,100,3100,100,0
2121,1,1232700,44100,49200,1076400,1070500,100,3400,200,100
2122,1,1224400,43700,47500,1083600,1078100,100,3100,100,100
2123,1,1189200,43700,46200,1079500,1074300,100,3300,0,200
2124,1,1182300,43700,45800,1074100,1068800,100,3100,100,100
2125,1,1181800,43400,46000,1073400,1068400,100,3000,100,0
2126,1,1235000,43500,46300,1088200,1083100,100,3100,100,200
2127,1,1203600,43600,46000,1073800,1068600,100,3000,0,200
2128,1,1182400,43700,46100,1073600,1068200,100,3300,100,100
2129,1,1194000,43200,48500,1076800,1071500,100,3000,100,100
2130,1,1190500,43400,46000,1073300,1068100,100,2900,100,100
2131,1,1192200,43700,46200,1073200,1067900,100,3000,100,100
2132,1,1195200,43800,46000,1073300,1068100,100,3200,100,0
2133,1,1275200,43100,46100,1154200,1145400,100,2900,100,100
2134,1,1247700,45300,48900,1099600,1093600,200,3800,200,0
2135,1,1188200,43600,46000,1076600,1070600,100,3100,100,200
2136,1,1250400,44300,46500,1095200,1089800,100,3400,100,200
2137,1,1206400,43400,46400,1088200,1082600,0,3000,100,200
2138,1,1225200,43600,46300,1085800,1080300,100,3100,100,100
2139,1,1194900,43600,46200,1073300,1068200,100,3000,100,0
2140,1,1180000,43500,45900,1072700,1067500,100,3000,100,100
2141,1,1183300,43500,46000,1073500,1068300,100,3100,100,0
2142,1,1187400,43700,46000,1078800,1073300,100,3000,100,100
2143,1,1204300,43600,56500,1076400,1070900,100,3000,100,200
2144,1,1249000,43100,46500,1125800,1119700,100,3200,100,0
2145,1,1212200,44000,46900,1074100,1068600,100,3100,100,100
2146,1,1226900,43500,46400,1073700,1068300,100,3200,100,0
2147,1,1198900,43500,46200,1074000,1068800,100,3000,100,0
2148,1,1201800,44100,46400,1072800,1067600,100,3100,100,200
2149,1,1257600,43500,46200,1139000,1133000,0,3100,100,200
2150,1,1231700,45300,47000,1101400,1096300,100,3500,100,200
2151,1,1238900,43700,47000,1075200,1069700,100,3100,100,100
2152,1,1196800,43600,45700,1073100,1067700,100,3000,100,200
2153,1,1197500,43200,46300,1074000,1068700,100,2900,100,100
2154,1,1194100,43600,46300,1073500,1068300,100,3200,100,100
2155,1,1192300,43600,46000,1072100,1066800,100,3100,100,200
2156,1,1204000,43500,46000,1079300,1073900,100,3000,100,0
2157,1,1240700,43900,46400,1076000,1070600,100,2500,0,0
2158,1,1270900,43700,48100,1074300,1068900,0,3200,100,0
2159,1,25520000,65400,46400,2053400,2043200,100,23291100,700,200
2160,1,33293200,55500,51600,1829300,1818300,100,31286100,500,200
2161,1,1891600,44100,49500,1729600,1722500,100,4700,300,300
2162,1,1832100,43600,48700,1682700,1675500,100,4800,100,200
2163,1,1452500,44600,49600,1317400,1311600,0,4000,0,300
2164,1,1206700,43900,46200,1073900,1068100,100,3100,100,0
2165,1,1198800,43500,46000,1071500,1065900,100,2900,100,0
2166,1,1262700,43500,46200,1085400,1079800,100,3200,0,200
2167,1,1209700,43600,46100,1073900,1068100,0,3000,0,100
2168,1,1189000,43700,46200,1072600,1067000,100,3200,100,0
2169,1,1199300,43800,46100,1073000,1067700,0,3100,100,0
2170,1,1254200,43300,44900,1102400,1096700,100,2500,0,200
2171,1,1196300,43300,46000,1071300,1065600,100,3000,100,200
2172,1,1190100,43400,45900,1073000,1067500,100,3000,0,100
2173,1,1198000,43500,53500,1072900,1067300,100,2700,0,200
2174,1,1204700,43600,45800,1070700,1065100,100,3300,100,100
2175,1,1262200,43600,46200,1126700,1117600,100,3000,100,100
2176,1,1256000,43800,51300,1086500,1080500,200,4000,200,200
2177,1,1252700,43800,46800,1090300,1084900,100,3100,100,200
2178,1,1264900,43600,46800,1078500,1073000,100,3300,0,100
2179,1,1244000,43500,47000,1070700,1065200,100,2900,100,100
2180,1,1200800,43400,46900,1073000,1067500,0,2900,0,100
2181,1,1242300,43400,46400,1072900,1067600,100,3000,100,200
2182,1,1243000,43100,46500,1084300,1079000,100,3100,100,200
2183,1,1185800,43400,46100,1072700,1067400,0,3000,100,100
2184,1,1197000,43600,45600,1076200,1070700,100,3200,100,100
2185,1,1253800,44400,46400,1072600,1067400,100,3100,100,0
2186,1,1279600,43500,46100,1072500,1067200,100,3100,0,100
2187,1,1180800,43700,46000,1070500,1065100,100,3000,100,100
2188,1,1241800,43800,46100,1087100,1081800,0,3100,100,0
2189,1,1217200,43700,46100,1072200,1067000,100,3000,100,100
2190,1,1232900,48800,49300,1095300,1089600,100,3100,200,0
2191,1,1216900,44500,47100,1081900,1076400,100,3000,0,200
2192,1,1192700,43500,46700,1072600,1067200,100,3300,0,100
2193,1,1192500,43300,46100,1076100,1070800,100,3000,100,200
2194,1,1219800,43600,46100,1071000,1065600,0,3000,0,100
2195,1,1179100,43500,46200,1070800,1065400,100,3100,100,0
2196,1,1217300,43400,45900,1070700,1065400,100,3200,100,100
2197,1,1191600,43600,46000,1071000,1065400,100,3100,100,100
2198,1,1227300,44600,48700,1075800,1070400,100,3200,0,200
2199,1,1192000,43500,46000,1071900,1066400,100,3000,100,200
2200,1,1179400,43500,45700,1072900,1067700,100,3400,100,200
2201,1,1179100,43300,46000,1070700,1065400,100,3000,100,0
2202,1,1188800,43600,45900,1081400,1076000,100,3000,100,100
2203,1,1193300,43100,45800,1086800,1081500,100,3100,100,100
2204,1,1210600,43400,46100,1096900,1087500,100,3200,100,0
2205,1,1219500,44800,53700,1076200,1070200,100,3500,200,100
2206,1,1219000,44300,46900,1072900,1067600,100,2900,100,200
2207,1,1262400,79900,46200,1105500,1085600,200,3000,100,200
2208,1,1195000,43500,47000,1073700,1067800,100,3100,100,100
2209,1,1206900,43800,46400,1084400,1078900,0,3000,100,100
2210,1,1195500,43500,46500,1070500,1065200,100,3100,0,200
2211,1,1217000,43500,46100,1072800,1067200,100,3000,100,0
2212,1,1194800,43600,46300,1073600,1068100,100,3000,100,0
2213,1,1191700,43800,46000,1070600,1065100,100,3000,0,200
2214,1,1199800,43900,45800,1086000,1080700,0,3200,100,0
2215,1,1185900,43500,46200,1072400,1067000,100,3100,100,0
2216,1,1190400,43500,46000,1072700,1067300,0,3100,100,100
2217,1,1192100,43800,46100,1070300,1065000,100,3100,100,100
2218,1,1234600,43400,46400,1071000,1065600,100,3000,100,200
2219,1,1234600,43700,46200,1070700,1065300,100,3000,100,100
2220,1,1209800,43300,46200,1075000,1069700,100,3300,100,200
2221,1,1196600,43600,46000,1086400,1081000,0,2900,100,0
2222,1,1194600,43400,45900,1086300,1080700,100,3400,100,100
2223,1,1183100,43600,45700,1072300,1067000,100,3000,100,0
2224,1,1196900,43600,45800,1086000,1080700,500,3000,100,100
2225,1,1240000,43600,45700,1127100,1120200,100,3000,0,200
2226,1,1237300,44200,61000,1074800,1068800,100,3800,200,200
2227,1,1187600,43300,46500,1073200,1067600,100,2900,100,0
2228,1,1182200,43400,45800,1072600,1067000,100,2900,100,100
2229,1,1206500,43500,45800,1084600,1079200,100,3100,100,100
2230,1,1221500,43700,46500,1073000,1067700,0,3300,100,0
2231,1,1204400,43300,46000,1085400,1080100,100,3000,100,0
2232,1,1207200,43300,45800,1088800,1083500,100,2900,100,200
2233,1,1204500,43700,46600,1086900,1081600,100,3000,100,100
2234,1,1189700,43600,45800,1072500,1067200,100,3300,0,0
2235,1,1192000,43600,46200,1072700,1067400,0,2900,100,0
2236,1,1201400,43500,46100,1072500,1067100,100,3100,100,100
2237,1,1217600,43800,46500,1087800,1082500,100,3000,100,300
2238,1,1288800,43600,46200,1132700,1125200,100,3300,100,100
2239,1,1273200,44400,51000,1094400,1088300,100,3600,200,100
2240,1,1216400,43800,47600,1089800,1084200,100,3400,100,100
2241,1,1248600,43500,46400,1083400,1078100,100,2900,100,300
2242,1,1225600,43400,48000,1072100,1066800,100,3200,100,0
2243,1,1192000,43600,46100,1073200,1067900,100,3000,0,100
2244,1,1202900,43400,46200,1086600,1081100,100,3100,100,0
2245,1,1179800,43200,45800,1070600,1065300,100,3100,100,100
2246,1,1216600,44200,45800,1100000,1094700,100,3300,0,200
2247,1,1223900,44400,45700,1104500,1097000,100,3100,0,200
2248,1,1214200,44100,48600,1086900,1080900,100,3800,100,100
2249,1,1204400,43400,46200,1074900,1069500,100,2900,100,100
2250,1,1251100,44800,46800,1071900,1066500,200,3300,100,100
2251,1,1276000,43900,46900,1112400,1106800,100,3200,0,100
2252,1,1216600,44900,48000,1082300,1076600,100,3100,100,0
2253,1,1215000,43800,48600,1086800,1081000,100,3100,0,100
2254,1,1238800,43300,46600,1084900,1075700,0,3400,200,100
2255,1,1197000,43800,46000,1073100,1067600,100,3000,100,100
2256,1,1232000,43500,46500,1074000,1068400,0,3400,100,100
2257,1,1213200,45200,48200,1085800,1080200,100,3100,100,200
2258,1,1261900,44500,47000,1110400,1104700,100,3000,0,0
2259,1,1206400,43500,47000,1076000,1070300,100,3000,100,200
2260,1,1204700,45000,47400,1086200,1080700,100,3100,100,0
2261,1,1200800,43800,46400,1074100,1068600,100,3100,100,100
2262,1,1226900,45600,49400,1095400,1089600,100,2900,100,0
2263,1,1215700,43900,46900,1091500,1085400,100,3000,100,100
2264,1,1198000,43900,46500,1074600,1069300,100,3000,0,200
2265,1,1203800,44000,46600,1071000,1065500,100,3100,100,200
2266,1,1252000,44000,46500,1095400,1088400,100,3000,100,200
2267,1,1220000,44000,50500,1079200,1073000,100,3700,100,200
2268,1,1202100,44200,46400,1072400,1066800,100,3100,100,100
2269,1,1209500,43900,46000,1072600,1067400,100,3000,100,0
2270,1,1263000,43600,46500,1072900,1067700,100,3100,100,100
2271,1,1314000,43800,46500,1070800,1065300,100,3000,100,200
2272,1,1210700,43300,46200,1072600,1067100,100,3400,100,200
2273,1,1231700,43300,49800,1104700,1099200,100,9100,200,0
2274,1,1203200,43600,46900,1075200,1069700,100,3200,100,0
2275,1,1195800,43900,46300,1070700,1065300,100,2900,100,100
2276,1,1192100,43300,46200,1073300,1068100,100,3100,100,100
2277,1,1213300,43800,46400,1085600,1080200,100,3100,100,100
2278,1,1244600,43400,46600,1070900,1065500,0,3200,100,200
2279,1,26148900,69400,46100,2144900,2132100,100,23821500,500,400
2280,1,33245600,56500,54000,1892000,1882600,100,31167500,500,300
2281,1,2061000,43800,50700,1799500,1792800,0,5200,100,300
2282,1,1479000,44300,56100,1248400,1242700,100,4500,0,200
2283,1,1192900,43700,46600,1074900,1069000,100,3100,100,100
2284,1,1197800,43300,46400,1076800,1067600,100,3100,100,100
2285,1,1209600,43800,46200,1088900,1083400,100,3100,100,100
2286,1,1285600,43600,46600,1120100,1114700,0,3200,100,0
2287,1,1217000,43900,47100,1085500,1079900,100,3000,100,100
2288,1,1190300,44000,46800,1075300,1069800,100,3200,100,0
2289,1,1211100,43800,46100,1085200,1079900,100,3100,100,200
2290,1,1220900,43500,46000,1074000,1068600,100,2900,100,0
2291,1,1204500,43500,45800,1088100,1082800,100,3000,0,200
2292,1,1186800,43400,46400,1071900,1066600,100,3200,100,100
2293,1,1183600,43200,46000,1073200,1068000,100,2900,100,100
2294,1,1195400,43300,46100,1079500,1074100,0,3000,100,0
2295,1,1198800,43500,46000,1083600,1078300,100,3100,100,200
2296,1,1197700,43900,45600,1070400,1064600,100,2600,0,100
2297,1,1196800,43800,46600,1069700,1064300,100,3100,100,200
2298,1,1225000,43800,45900,1069400,1064200,100,3100,100,200
2299,1,1226400,43800,46200,1085800,1080100,100,3000,100,100
2300,1,1306200,49400,46100,1177700,1163500,100,2900,0,0
2301,1,1253900,47600,50200,1077200,1070800,100,3500,100,100
2302,1,1230800,43800,46500,1077900,1068500,100,3100,100,0
2303,1,1215300,44000,46500,1088100,1082600,100,3100,100,100
2304,1,1183000,45600,46300,1074700,1068900,100,3100,100,100
2305,1,1203000,44200,46000,1085500,1079800,100,3100,100,200
2306,1,1213100,44400,69400,1069600,1064100,100,2400,100,100
2307,1,1176000,44100,46500,1068800,1063500,0,3000,100,0
2308,1,1187100,44200,46100,1072200,1066800,0,3000,0,200
2309,1,1222100,44100,46300,1099800,1094500,100,3000,100,100
2310,1,1205200,44100,47600,1074200,1068900,100,3000,100,100
2311,1,1198900,44000,46500,1069400,1064100,100,3100,100,0
2312,1,1236500,44400,46100,1069600,1064400,100,3100,100,200
2313,1,1213900,44100,46100,1069800,1064500,0,3000,100,0
2314,1,1235200,44000,46600,1079300,1067900,100,3100,100,100
2315,1,1279000,51400,54600,1119500,1108400,100,3800,200,0
2316,1,1239800,44100,47000,1075400,1069600,100,3400,100,300
2317,1,1208700,43600,46300,1069800,1064300,100,3000,100,200
2318,1,1218800,43900,46200,1069900,1064400,100,3300,100,200
2319,1,1202200,43900,45800,1069800,1064300,100,3100,100,100
2320,1,1183500,43900,45600,1071000,1065700,100,3000,100,100
2321,1,1207100,43700,45500,1089800,1084400,100,3000,100,100
2322,1,1212500,44000,46700,1097300,1091400,100,3200,100,0
2323,1,1187000,43700,45900,1070100,1065000,100,3300,100,200
2324,1,1186200,43800,46500,1069900,1064800,100,2900,100,100
2325,1,1191400,43700,46300,1070200,1064900,100,3100,100,100
2326,1,1227500,43800,45800,1084800,1079500,100,3000,0,0
2327,1,1183800,43600,45900,1070200,1064600,100,3100,100,100
2328,1,1189200,43600,46400,1073000,1067500,0,3200,100,0
2329,1,1199200,43800,46400,1073600,1068300,0,3000,100,100
2330,1,1197200,43700,46100,1069400,1064100,100,3100,100,0
2331,1,1229100,43700,46100,1070300,1064900,100,3100,100,200
2332,1,1202800,44200,46100,1070100,1064600,100,3000,100,100
2333,1,1207200,43700,45700,1082800,1077600,100,3100,100,200
2334,1,1199700,43600,45800,1070100,1065000,100,3400,100,100
2335,1,1234400,43800,45400,1116300,1107900,100,3100,0,100
2336,1,1211300,44800,48000,1073200,1067000,100,3500,200,0
2337,1,1216300,43900,46700,1081600,1076200,200,3100,100,100
2338,1,1235600,44200,45200,1069900,1064400,100,2600,100,100
2339,1,1211900,44000,45900,1080200,1074700,100,3100,100,200
2340,1,1190200,43800,46300,1069800,1064300,100,3300,100,200
2341,1,1211400,44000,45900,1088400,1082800,100,3100,100,100
2342,1,1207400,43700,45800,1087600,1082300,100,3200,100,100
2343,1,1226000,44000,45600,1070000,1064500,100,3100,0,200
2344,1,1209600,44200,46100,1069800,1064200,0,3200,0,0
2345,1,1186500,43800,45700,1070200,1064800,100,3100,100,300
2346,1,1223000,43900,46500,1070100,1064700,100,3100,100,200
2347,1,1196600,43900,45500,1069900,1064200,100,3100,100,100
2348,1,1203100,44000,45900,1085200,1079800,100,3000,100,200
2349,1,1211900,43800,45500,1088200,1082600,100,2900,100,100
2350,1,1219500,43900,45600,1070100,1064500,100,3000,100,0
2351,1,1193200,44800,45400,1070200,1064800,100,3100,100,100
2352,1,1200200,43800,45800,1084900,1079500,100,3000,0,0
2353,1,1182700,43900,45200,1069700,1064300,100,2900,100,0
2354,1,1188200,44000,46000,1069500,1064200,100,2900,100,200
2355,1,1229200,43900,46000,1069000,1063600,100,3000,0,100
2356,1,1375100,43900,46900,1206800,1199900,100,3100,100,100
2357,1,1219500,45100,46700,1094800,1089200,100,3100,100,200
2358,1,1233600,44100,46400,1086500,1081000,100,3200,400,100
2359,1,1211600,43900,46100,1081600,1076300,0,3100,100,200
2360,1,1186200,43900,45700,1070000,1064700,100,3000,100,100
2361,1,1218000,44000,45500,1069000,1063500,100,3000,100,200
2362,1,1214800,43800,46100,1072500,1067100,100,3100,100,200
2363,1,1226500,44000,47000,1114800,1109500,100,3100,100,300
2364,1,1181400,43900,45700,1070000,1064800,100,3100,100,200
2365,1,1196600,43600,45300,1080700,1075400,100,3000,100,100
2366,1,1183200,43300,45300,1077600,1068300,100,3300,100,100
2367,1,1181300,44000,46100,1070200,1064800,0,3100,100,0
2368,1,1184100,43700,45800,1069700,1064200,100,3000,100,100
2369,1,1257300,43900,45800,1139700,1130800,0,3100,100,100
2370,1,1247300,45700,50200,1106200,1099900,100,3500,200,100
2371,1,1196300,43900,46000,1071300,1065500,100,3000,0,200
2372,1,1191500,44200,46100,1070200,1064600,0,3200,100,100
2373,1,1209900,43900,46200,1085300,1079700,100,3000,100,100
2374,1,1268300,43900,46100,1085700,1080100,100,3300,0,0
2375,1,1201400,43900,46000,1068500,1062700,100,3000,0,300
2376,1,1231300,43800,46000,1086300,1080900,100,3100,100,100
2377,1,1228000,43900,45500,1108200,1101400,0,2900,100,100
2378,1,1227900,43700,45700,1083300,1077900,0,3300,100,100
2379,1,1200800,44100,45400,1080700,1075400,100,2900,100,200
2380,1,1174300,43900,45500,1068100,1062500,100,3100,100,200
2381,1,1199200,43900,45900,1088900,1083200,100,3000,100,0
2382,1,1193300,44100,46100,1079100,1072300,100,3000,0,200
2383,1,1259500,45900,61000,1120900,1114700,200,3400,200,200
2384,1,1196900,44000,46900,1082400,1076700,100,3300,0,100
2385,1,1201800,43800,45800,1085600,1080300,100,3200,100,200
2386,1,1208700,44000,46200,1070000,1064400,100,3200,0,300
2387,1,1178200,43900,45100,1070100,1064400,100,3000,100,0
2388,1,1192700,44100,45700,1084300,1078800,100,2900,100,200
2389,1,1196500,44200,45600,1081300,1075800,100,2900,100,300
2390,1,1185200,43900,45800,1070300,1064800,100,2900,0,0
2391,1,1231600,44000,45900,1079400,1074000,100,3200,100,200
2392,1,1219100,44100,57300,1085400,1079700,100,2900,100,0
2393,1,1193500,43800,45800,1070900,1065300,100,3100,100,200
2394,1,1189100,43800,46200,1069900,1064700,100,2900,100,200
2395,1,1188000,44100,45900,1069400,1064100,100,3200,100,100
2396,1,1197000,44000,46100,1069600,1064400,100,3100,0,100
2397,1,1226000,43700,45900,1105800,1097700,0,3000,100,100
2398,1,1288900,45700,62000,1092500,1086100,100,3700,200,100
2399,1,25761400,68900,46500,2058100,2041700,0,23510800,500,500
2400,1,33341600,56500,52200,1836800,1821400,100,31312700,400,200
2401,1,1895900,44500,48100,1728800,1721600,0,4800,100,400
2402,1,1754400,43900,47700,1596000,1588900,0,4500,100,200
2403,1,1291600,44000,46800,1144300,1138700,0,4200,100,0
2404,1,1270600,43700,46400,1129100,1119900,0,3200,100,100
2405,1,1328200,44900,50400,1089800,1083400,100,3400,100,200
2406,1,1335700,45100,47100,1080300,1074500,100,3200,100,100
2407,1,1203900,44000,45600,1070300,1064500,0,2900,100,200
2408,1,1186000,43800,45800,1070200,1064400,100,3200,100,0
2409,1,1209000,43100,45800,1084000,1074600,0,3100,0,0
2410,1,1236700,44100,46300,1084700,1079100,100,3300,100,200
2411,1,1208800,43900,45800,1086400,1080800,100,3200,100,100
2412,1,1196300,43600,46000,1076900,1067600,100,3100,100,200
2413,1,1191800,43500,46500,1072600,1067400,100,3000,100,200
2414,1,1190500,43100,46500,1071700,1066400,100,3000,100,0
2415,1,1196400,43800,45900,1069900,1064500,100,2500,100,0
2416,1,1205500,44100,46000,1072900,1067100,0,3100,0,200
2417,1,1263200,43600,46300,1129600,1124200,100,3000,100,0
2418,1,1231800,44400,46500,1080000,1074500,100,3000,0,100
2419,1,1203500,43900,46000,1069700,1064200,0,2900,100,300
2420,1,1198900,44100,46100,1083600,1078200,100,3000,100,200
2421,1,1225700,43500,46200,1077300,1068300,100,3100,100,100
2422,1,1217600,43900,46500,1069400,1064000,0,3100,100,0
2423,1,1191100,43900,46100,1070100,1064800,100,3100,100,0
2424,1,1189600,44000,45700,1069900,1064300,0,3100,100,100
2425,1,1209300,44000,45900,1090000,1084600,100,3100,100,100
2426,1,1193000,43900,45500,1069700,1064300,100,3000,100,0
2427,1,1193600,43700,46000,1069500,1064200,100,3200,100,100
2428,1,1182100,44000,45400,1069800,1064300,100,3400,100,200
2429,1,1214100,43700,45600,1084600,1079200,0,2900,0,200
2430,1,1276800,51500,45600,1134100,1119900,100,3300,0,100
2431,1,1243100,46000,48400,1077200,1070800,100,3600,200,100
2432,1,1248500,44300,49500,1100800,1091600,100,3400,100,300
2433,1,1225200,44800,51800,1077100,1071100,100,3800,200,100
2434,1,1240600,45700,46800,1071300,1065800,100,3300,100,200
2435,1,1199600,43700,46000,1070800,1064900,100,3100,100,200
2436,1,1274400,43800,46400,1071400,1065600,0,3000,100,100
2437,1,1228500,43500,45900,1074400,1068900,100,3100,100,0
2438,1,1218400,43700,46400,1070500,1065000,100,3100,100,0
2439,1,1206300,45000,45600,1075000,1068900,0,3300,100,100
2440,1,1240200,43500,46100,1070400,1064700,100,3100,100,200
2441,1,1274000,43200,46600,1091700,1082400,100,2900,0,200
2442,1,1196400,43400,46000,1086200,1080800,100,3300,100,100
2443,1,1181300,43800,46500,1073000,1068100,100,3000,100,0
2444,1,1225500,43500,46300,1112100,1105500,100,3100,100,100
2445,1,1251400,45400,50900,1120200,1110000,100,3500,200,100
2446,1,1241200,45600,49400,1090800,1085400,100,2900,100,0
2447,1,1185500,43900,46000,1071500,1065600,0,3000,0,100
2448,1,1178100,43800,46100,1070100,1064800,100,3000,100,0
2449,1,1186500,43900,45900,1070600,1065100,100,3100,100,0
2450,1,1183200,44000,45800,1070200,1064600,100,3100,100,100
2451,1,1212700,43800,46100,1069700,1064300,100,3000,100,100
2452,1,1192000,43900,45700,1075600,1070200,100,3400,100,200
2453,1,1192300,43600,45800,1071600,1065700,100,3100,100,100
2454,1,1202500,44200,46000,1081500,1076000,100,3100,100,200
2455,1,1190500,44000,46000,1069600,1064300,100,3000,100,100
2456,1,1197700,44300,45700,1070000,1064600,100,3100,0,100
2457,1,1210700,43800,46100,1084200,1078800,0,3000,0,0
2458,1,1256700,43600,46300,1083400,1077900,0,3100,0,0
2459,1,1199400,43800,45600,1076800,1070800,100,3200,100,100
2460,1,1187400,44000,45700,1068500,1063000,100,2900,100,200
2461,1,1189500,44100,45800,1070000,1064500,0,2900,100,100
2462,1,1202300,46100,45800,1091500,1077700,0,3100,100,200
2463,1,1182100,44100,45800,1069600,1064000,100,3200,100,0
2464,1,1184800,43800,45900,1069900,1064500,100,3100,0,100
2465,1,1186100,43800,45800,1069900,1064600,100,3000,100,300
2466,1,1217400,44000,45900,1073100,1067700,100,3400,0,200
2467,1,1239400,43500,45900,1081200,1075600,100,3100,100,200
2468,1,1202600,43900,46000,1070200,1064800,100,3500,100,0
2469,1,1182800,44000,45600,1070100,1064700,0,3100,100,100
2470,1,1203300,43600,45800,1070200,1064600,100,3300,0,200
2471,1,1201900,43600,45400,1092200,1083000,100,3100,100,0
2472,1,1184100,43300,46000,1075700,1070500,0,3100,100,100
2473,1,1205600,43700,46200,1098000,1093000,100,3000,100,200
2474,1,1184600,43300,46200,1073500,1068400,100,3300,100,0
2475,1,1182900,43700,46400,1071300,1066200,0,3000,100,300
2476,1,1203700,43200,46300,1086300,1081200,100,3000,100,100
2477,1,1190800,43100,46200,1072700,1067700,100,3000,100,200
2478,1,1214100,43500,46300,1073300,1068200,100,3000,100,0
2479,1,1203900,43300,46600,1073500,1068400,100,3000,0,200
2480,1,1233100,43200,45800,1124100,1118700,100,3000,100,300
2481,1,1213500,43500,46300,1073400,1068100,0,3100,100,200
2482,1,1219500,43700,46100,1088800,1083400,0,2900,100,200
2483,1,1194300,43200,46100,1087600,1082500,100,3200,100,0
2484,1,1191300,43400,46300,1073300,1068200,100,3000,100,0
2485,1,1193600,43200,46200,1071800,1066400,100,2900,100,0
2486,1,1192800,43400,46500,1073100,1067800,100,2900,100,0
2487,1,1265000,43300,46200,1143800,1138700,100,2900,100,0
2488,1,1193500,43300,46300,1073300,1068300,100,3000,100,100
2489,1,1200800,43300,46400,1073100,1067900,100,3000,100,100
2490,1,1194700,43100,46400,1072900,1067900,100,3100,100,100
2491,1,1200600,43200,46200,1072400,1067200,100,3100,100,0
2492,1,1199400,43400,46300,1073200,1068100,100,3100,200,100
2493,1,1240800,43200,46300,1119000,1112200,0,3100,100,100
2494,1,1243000,44000,53600,1080500,1074600,100,3500,200,200
2495,1,1201900,43400,46600,1085700,1080200,0,3200,100,200
2496,1,1228000,43800,46300,1073800,1068400,100,2900,100,200
2497,1,1227800,43300,46200,1103200,1097800,100,2900,100,0
2498,1,1257500,43400,46500,1076100,1070900,100,3200,100,0
2499,1,1219500,43600,46500,1072800,1067600,0,2900,100,0
2500,1,1205400,43600,45900,1094300,1089100,100,3000,100,100
2501,1,1187100,44600,46600,1073000,1067900,100,3000,0,200
2502,1,1187100,43200,45900,1073700,1068500,100,3200,100,300
2503,1,1182600,43500,46000,1073200,1068000,100,3100,100,100
2504,1,1198800,43200,58300,1074500,1069200,100,3000,100,100
2505,1,1190800,43700,45800,1073300,1068200,100,2900,100,0
2506,1,1269800,43600,46500,1129500,1123700,0,3200,100,300
2507,1,1195700,44100,46100,1079500,1074000,100,3200,200,300
2508,1,1186000,43300,45900,1073400,1068300,100,3100,100,200
2509,1,1191500,43800,46100,1073700,1068400,100,3100,100,200
2510,1,1205000,43700,46300,1087500,1082200,100,3100,100,0
2511,1,1226300,43500,46300,1073300,1068000,100,2900,0,100
2512,1,1191900,43400,46100,1073700,1068600,100,3400,100,0
2513,1,1204800,43300,46200,1088800,1083600,100,3000,100,200
2514,1,1211800,43500,46300,1095700,1090600,100,2900,0,100
2515,1,1195800,43600,49400,1072500,1067300,200,3000,100,0
2516,1,1202000,43700,46400,1071900,1066800,100,3000,100,100
2517,1,1203300,43600,46300,1073000,1068000,100,3000,100,200
2518,1,1250400,46100,46400,1072900,1067500,100,3100,100,200
2519,1,25970600,68700,46100,2096500,2083100,100,23689000,600,400
2520,1,32891900,51800,51700,1862100,1855100,100,30826700,200,200
2521,1,1971300,43900,48400,1817500,1811400,0,4400,200,300
2522,1,1681400,50000,51300,1504600,1497700,100,4700,100,200
2523,1,1287300,43700,48600,1123400,1117400,100,4000,200,200
2524,1,1216600,45500,47900,1077800,1072200,100,3400,0,100
2525,1,1312400,43900,46400,1089300,1083600,100,3000,0,100
2526,1,1440300,43600,46600,1111900,1105800,100,3100,100,300
2527,1,1216900,43500,46400,1078400,1072400,100,3100,200,0
2528,1,1229400,44000,46500,1110900,1105300,100,3000,0,200
2529,1,1276400,43800,47200,1077400,1071400,100,2900,0,0
2530,1,1314000,43600,47100,1102000,1096400,100,3000,0,200
2531,1,1192400,44200,46600,1073600,1068100,100,3000,100,100
2532,1,1196200,43900,46600,1080300,1074700,100,3100,100,200
2533,1,1196700,46900,48700,1078000,1072400,100,3000,100,300
2534,1,1190900,44000,46900,1073500,1068200,100,3000,100,0
2535,1,1220800,44000,56300,1091100,1085800,100,3000,100,200
2536,1,1210500,46300,46700,1080000,1074700,100,3100,100,200
2537,1,1205100,44000,47000,1077000,1071700,0,2800,100,100
2538,1,1222200,44300,46800,1072600,1067300,100,3300,100,200
2539,1,1205200,43700,46900,1072800,1067700,100,3000,100,100
2540,1,1183000,43400,46600,1073800,1068400,100,3200,100,100
2541,1,1215700,43900,46500,1072700,1067500,100,3000,100,100
2542,1,1263600,43500,46800,1129100,1123400,100,3100,100,200
2543,1,1189500,43800,46300,1077400,1071700,100,3000,100,0
2544,1,1179600,44000,46700,1073300,1067800,100,3300,0,0
2545,1,1180600,44000,46400,1073400,1068200,100,3100,100,0
2546,1,1185000,43600,46500,1073400,1068100,0,2900,100,300
2547,1,1189300,43500,46500,1073800,1068100,100,3000,100,200
2548,1,1201100,43400,46400,1082800,1077600,100,3100,100,200
2549,1,1244700,43400,46600,1121700,1115000,100,3000,100,100
2550,1,1232700,44900,48100,1094200,1088500,100,3400,100,100
2551,1,1215900,45400,47300,1075100,1069700,200,3100,100,100
2552,1,1192700,43400,46900,1072900,1067500,100,3100,100,200
2553,1,1200800,43700,46600,1072700,1067300,0,3000,100,100
2554,1,1241200,44000,46900,1089100,1083400,100,3100,100,0
2555,1,1194700,43800,46600,1083200,1077800,100,3000,100,0
2556,1,1290500,43400,46600,1136700,1126900,100,3400,100,100
2557,1,1221500,45300,51500,1081100,1074700,200,3800,200,200
2558,1,1225400,44300,47100,1075300,1069700,0,3300,100,200
2559,1,1202100,43900,46700,1073800,1068200,100,3000,200,200
2560,1,1228100,43700,47200,1073000,1067600,100,3200,100,100
2561,1,1232500,44200,50400,1090200,1084700,100,3000,100,100
2562,1,1182900,44200,46600,1073600,1068200,0,3000,100,200
2563,1,1201100,45100,46500,1090200,1084400,100,3000,100,100
2564,1,1189000,44100,46600,1075500,1069800,100,3500,100,100
2565,1,1192300,43900,46800,1073700,1067800,100,3000,100,100
2566,1,1229400,43900,46500,1088200,1082500,100,3200,100,100
2567,1,1182800,43500,46500,1073200,1067600,100,3000,100,0
2568,1,1184100,43600,46700,1073300,1067800,100,3100,100,500
2569,1,1195200,43600,46500,1073000,1067600,100,3000,100,0
2570,1,1274000,52100,47800,1133900,1126000,100,3100,100,200
2571,1,1273600,44400,51000,1101800,1095400,100,3600,200,300
2572,1,1209600,43900,47200,1076400,1070800,100,3300,100,100
2573,1,1199700,43500,46700,1074700,1069300,100,3100,100,300
2574,1,1195000,43600,46700,1075800,1070200,100,3100,100,200
2575,1,1197300,44000,46600,1073700,1068300,100,3100,100,0
2576,1,1203300,43500,47000,1079200,1073700,0,3000,100,0
2577,1,1212200,44000,47000,1079400,1074100,100,3000,100,200
2578,1,1253700,44000,47300,1073900,1068600,100,3100,100,300
2579,1,1209500,43500,46800,1072200,1066700,100,3000,0,100
2580,1,1200900,43400,46800,1077000,1071500,100,3100,100,400
2581,1,1198900,43700,46600,1073100,1067700,100,3100,100,100
2582,1,1226000,43500,46600,1100500,1094300,100,3100,100,200
2583,1,1203200,43900,46900,1085900,1079900,100,3100,100,0
2584,1,1210900,43900,46700,1086300,1080900,100,3000,100,200
2585,1,1200300,43500,46600,1073300,1068100,100,3000,100,0
2586,1,1221800,43800,46800,1073100,1067600,100,3200,100,100
2587,1,1215000,43600,46800,1088100,1082400,100,2900,100,0
2588,1,1187300,43700,46300,1073200,1067500,100,3300,100,100
2589,1,1197400,43900,46800,1073300,1067900,0,3000,100,0
2590,1,1232300,43900,46600,1087800,1082400,100,3000,100,100
2591,1,1232100,43800,46900,1073700,1068300,100,3100,100,200
2592,1,1214800,44100,46700,1073500,1067900,100,3000,0,100
2593,1,1202700,43500,46800,1088900,1083400,100,3000,100,100
2594,1,1190300,43800,46100,1073800,1068300,100,2900,100,200
2595,1,1192500,43500,46500,1073600,1068400,100,3100,100,200
2596,1,1199600,43600,46800,1073600,1068300,100,3300,0,200
2597,1,1213600,44200,46100,1085000,1079500,100,3100,100,100
2598,1,1220900,43800,46800,1073000,1067700,100,3200,100,200
2599,1,1220300,44000,46700,1087000,1081700,100,3000,100,100
2600,1,1203700,43300,46700,1088800,1083500,100,3300,0,100
2601,1,1228300,44100,46800,1074100,1068800,100,3000,100,0
2602,1,1221200,43900,46800,1073500,1068200,100,3000,100,100
2603,1,1187100,43600,46300,1073200,1067700,100,3100,0,100
2604,1,1242500,43600,46400,1125000,1116700,100,3000,100,100
2605,1,1204600,44000,48800,1077100,1071200,100,3500,200,200
2606,1,1210800,43500,52600,1090300,1084900,100,3500,0,0
2607,1,1203900,44000,46100,1088300,1083200,100,3000,100,100
2608,1,1194200,43900,46100,1073300,1068100,100,3500,100,200
2609,1,1219000,43900,46400,1088900,1083500,100,2900,100,200
2610,1,1246200,43600,46600,1072700,1067400,100,2900,100,100
2611,1,1287000,43200,47100,1107400,1101800,100,3200,100,200
2612,1,1200200,43700,46500,1073600,1068300,100,3100,100,100
2613,1,1199600,43500,46200,1073500,1068300,100,2900,100,100
2614,1,1228900,43700,46400,1088200,1082600,0,3200,0,0
2615,1,1188500,43700,46200,1073200,1067800,100,3200,100,200
2616,1,1235600,43900,47100,1081000,1075500,0,3000,100,200
2617,1,1242300,43700,46500,1121800,1112500,100,3000,100,200
2618,1,1239600,43900,50300,1085300,1079300,100,3600,200,100
2619,1,1211200,44000,46400,1086300,1080900,300,3100,100,0
2620,1,1192300,43600,46300,1079800,1074400,100,3000,100,100
2621,1,1187700,43200,46000,1074300,1068800,200,3100,0,300
2622,1,1222800,43900,46000,1073700,1068300,100,3100,0,100
2623,1,1204900,43700,46100,1073900,1068300,100,3000,0,200
2624,1,1204300,43500,46100,1094600,1088900,100,3000,100,100
2625,1,1192600,43200,51000,1073600,1068400,100,2900,100,100
2626,1,1207600,43500,46200,1073100,1067700,100,3100,100,0
2627,1,1181700,43200,46000,1073700,1068300,100,3000,100,0
2628,1,1181100,42900,46100,1072800,1067500,100,3400,0,0
2629,1,1187800,43700,46000,1074300,1069000,100,3000,100,100
2630,1,1250600,43200,45900,1135300,1126200,100,2900,100,0
2631,1,1248600,43500,51400,1082200,1072500,100,3400,200,100
2632,1,1201600,43800,46300,1083600,1077900,100,3100,100,0
2633,1,1197200,43900,46700,1084100,1078900,100,2900,100,100
2634,1,1191100,46500,46300,1070200,1064800,100,3500,100,100
2635,1,1180500,43900,46200,1069400,1064100,0,3000,100,200
2636,1,1182300,43600,45800,1069600,1064400,200,3000,100,0
2637,1,1186300,43900,46200,1069500,1064300,100,3100,100,200
2638,1,1250100,43700,46000,1089400,1084200,100,3000,100,100
2639,1,26086200,67300,46000,2108600,2095200,100,23795200,600,500
2640,1,33157100,56600,53400,1825700,1812900,100,31151700,200,200
2641,1,1886300,44700,48800,1713100,1706100,100,4800,300,200
2642,1,1740400,44400,47600,1590000,1583700,100,4500,100,100
2643,1,1283800,44300,46300,1147100,1141400,100,4200,100,100
2644,1,1220000,44300,46700,1071200,1065500,100,3400,100,100
2645,1,1225500,43300,46400,1104400,1094000,100,2900,100,200
2646,1,1279500,43700,46600,1074000,1068800,100,3100,100,200
2647,1,1222700,43300,46100,1081700,1076500,100,3000,100,100
2648,1,1187100,43400,46000,1074100,1069100,100,3100,100,0
2649,1,1202500,43700,46300,1073600,1068500,100,2800,100,100
2650,1,1227000,43500,46100,1076400,1071100,100,3200,100,100
2651,1,1198300,43400,45900,1074000,1068700,100,3000,0,100
2652,1,1213100,43500,46400,1093600,1088300,0,3200,100,100
2653,1,1252100,44100,48000,1073600,1068300,100,2900,100,0
2654,1,1243500,43900,47200,1073000,1067900,100,3100,100,0
2655,1,1205800,43500,46200,1073600,1068400,100,3100,100,100
2656,1,1209800,43600,46400,1073000,1067900,100,3000,0,600
2657,1,1227700,43500,46400,1087200,1082000,0,3100,0,300
2658,1,1230500,43700,46800,1073500,1068300,100,3400,100,200
2659,1,1280400,43800,46700,1141500,1136300,100,3000,0,100
2660,1,1214500,43300,46300,1096800,1091700,100,3200,0,200
2661,1,1231700,43200,46300,1083100,1078000,100,2900,100,100
2662,1,1227700,43200,46200,1087200,1082000,100,3000,0,100
2663,1,1183200,43600,46100,1073400,1068200,100,3000,100,0
2664,1,1183300,43600,45800,1073200,1068100,100,3000,100,300
2665,1,1180000,43200,45700,1072200,1067100,100,3100,100,200
2666,1,1212300,43700,45800,1101600,1096600,100,3100,100,300
2667,1,1182900,43500,45900,1073900,1068600,100,3000,100,100
2668,1,1185600,43600,46100,1073100,1067900,100,3200,0,0
2669,1,1190700,43300,45900,1073100,1068100,100,3100,0,200
2670,1,1200000,43800,46100,1072800,1067600,100,3100,0,0
2671,1,1212200,43200,46600,1073500,1068300,100,3100,0,200
2672,1,1246300,43400,46400,1111000,1101800,100,3000,100,100
2673,1,1228600,44600,51100,1087100,1081400,100,3500,200,100
2674,1,1240200,44000,47700,1085200,1079900,100,3200,100,0
2675,1,1198300,44300,47200,1073700,1068700,0,3000,100,0
2676,1,1239300,43000,45600,1091100,1081700,100,2700,100,100
2677,1,1202600,43900,46400,1073400,1068200,100,2900,100,0
2678,1,1238400,43600,46500,1073900,1068500,100,8700,100,200
2679,1,1197700,43500,46300,1073400,1068100,100,3100,100,200
2680,1,1230000,43900,46000,1113700,1108300,100,2900,100,100
2681,1,1218200,44400,46600,1094100,1088900,100,3000,100,200
2682,1,1189300,43200,46500,1074200,1068900,100,3100,100,200
2683,1,1192400,43500,46600,1073300,1068100,0,2900,0,100
2684,1,1229100,43400,46900,1072800,1067700,100,3300,100,300
2685,1,1334800,43200,47000,1190400,1184600,100,3000,100,200
2686,1,1242300,45700,45200,1090200,1084700,100,3000,100,100
2687,1,1206900,44900,47100,1079100,1073800,100,3000,0,100
2688,1,1206600,44000,46800,1086200,1080900,100,3600,100,0
2689,1,1209800,43500,48900,1078100,1072600,100,3000,0,200
2690,1,1208500,43400,50900,1074000,1068900,100,2700,0,200
2691,1,1228600,43700,47100,1072800,1067600,100,3100,0,200
2692,1,1195400,43500,46500,1073000,1067800,100,3200,100,200
2693,1,1203100,43300,46600,1083800,1078500,100,3000,100,200
2694,1,1210300,43700,46400,1088700,1083300,100,2900,100,0
2695,1,1240900,43600,47100,1074700,1069200,100,3100,100,300
2696,1,1251500,44100,46700,1072800,1067300,0,3100,100,200
2697,1,1189800,43700,46100,1073900,1068300,100,3100,100,100
2698,1,1235800,43700,46500,1074000,1068400,100,3500,100,0
2699,1,1208700,43300,46300,1088200,1082600,0,3100,100,100
2700,1,1221200,43900,46600,1105800,1096700,100,3300,100,0
2701,1,1211800,44300,51400,1079600,1073500,100,3600,200,200
2702,1,1194100,43600,46400,1074700,1069200,100,3400,0,100
2703,1,1213000,43900,46000,1073700,1068200,100,6400,100,300
2704,1,1193400,43700,46100,1074300,1068900,100,2900,100,100
2705,1,1206100,43200,46000,1086200,1077000,100,3100,100,100
2706,1,1229500,43600,46800,1074600,1069200,100,3100,0,300
2707,1,1221100,43700,45800,1107900,1102600,100,3100,0,200
2708,1,1200400,43600,47200,1080600,1075100,100,3400,100,200
2709,1,1198900,43500,46500,1074900,1069500,0,3000,100,100
2710,1,1211000,43700,45300,1073600,1068100,100,2700,100,100
2711,1,1189800,43100,46000,1073600,1068300,100,3000,100,100
2712,1,1184100,43300,45800,1073800,1068500,100,3100,100,100
2713,1,1202800,43600,45900,1088100,1082700,100,3100,100,200
2714,1,1246700,43700,46300,1130200,1121200,100,3000,100,100
2715,1,1260200,44100,49100,1088300,1078800,100,3800,200,100
2716,1,1223900,44000,47800,1074000,1068500,0,2900,100,100
2717,1,1195200,43300,46400,1073400,1068100,100,3000,100,0
2718,1,1217100,43300,46000,1073500,1068000,100,3100,100,200
2719,1,1203300,43900,46200,1073600,1068400,100,3300,0,200
2720,1,1183500,43300,45800,1073500,1068100,100,3200,100,200
2721,1,1224400,43400,46200,1083200,1077800,100,3300,100,100
2722,1,1211300,44600,46100,1075200,1069600,0,3100,100,100
2723,1,1177400,43800,46000,1074000,1068700,100,3000,100,100
2724,1,1178000,43500,45900,1073000,1067800,100,3200,0,0
2725,1,1191900,43100,45800,1087800,1082700,100,3100,0,100
2726,1,1177700,43400,46000,1073500,1068100,100,3100,100,100
2727,1,1195500,43400,45600,1089900,1081000,100,3000,100,100
2728,1,1214800,43800,48200,1098800,1092900,200,3600,200,0
2729,1,1191000,43600,46400,1073700,1068200,200,2900,100,100
2730,1,1207300,43700,46000,1088100,1082700,100,3000,100,100
2731,1,1205900,43100,45900,1084300,1078700,100,3100,100,100
2732,1,1196700,43500,46400,1073600,1068300,100,3100,100,0
2733,1,1197000,43800,46000,1073500,1068200,100,2900,100,0
2734,1,1221700,43400,46200,1074100,1068600,100,3300,100,200
2735,1,1212200,43700,46200,1091800,1086400,100,3000,100,300
2736,1,1225700,43600,46300,1073300,1068000,0,2900,100,300
2737,1,1219800,42800,46400,1092700,1083200,100,3000,100,0
2738,1,1208600,43600,46000,1073400,1068200,100,3300,100,300
2739,1,1205200,43600,45900,1073700,1068400,100,3000,100,200
2740,1,1197200,43500,46000,1072900,1067600,100,2900,0,100
2741,1,1204700,43300,45900,1088800,1083500,100,3000,100,200
2742,1,1204100,44200,47000,1082200,1077000,100,3200,100,300
2743,1,1201800,43400,45900,1084300,1079100,100,3300,100,300
2744,1,1191900,43500,46200,1073200,1067900,100,3100,100,200
2745,1,1211500,43500,46100,1088100,1082600,100,3000,0,200
2746,1,1257800,43300,46600,1073200,1067700,0,3000,100,0
2747,1,1209800,43700,46100,1073700,1068400,0,3000,100,200
2748,1,1191200,43600,45800,1079200,1073900,100,3200,100,100
2749,1,1270400,45400,45700,1149300,1140700,100,3100,100,200
2750,1,1205600,43600,50300,1075800,1070100,100,3800,100,0
2751,1,1226200,43400,46200,1076900,1071300,100,3200,0,100
2752,1,1194200,44400,46200,1073700,1068400,100,3100,100,300
2753,1,1189900,43500,46100,1073500,1068200,100,3100,100,100
2754,1,1201800,43500,46500,1087900,1082500,100,3100,100,200
2755,1,1220200,43500,45900,1105800,1100500,100,3000,100,100
2756,1,1218600,43400,46100,1101100,1095800,100,3300,100,200
2757,1,1196700,43500,46100,1073300,1067900,100,3000,100,200
2758,1,1236000,43600,46400,1073700,1068500,100,3000,100,0
2759,1,25840000,66800,46000,2080200,2071000,100,23598600,700,200
2760,1,33357700,52800,47700,1832900,1823400,100,31357200,300,100
2761,1,1873400,44500,47500,1716900,1710600,100,5100,200,100
2762,1,1507100,43800,46900,1357800,1352000,0,4700,0,100
2763,1,1248300,43000,46800,1101800,1091900,100,4100,100,200
2764,1,1219300,43800,46700,1075800,1070100,100,2900,100,100
2765,1,1228900,43400,46400,1086400,1080700,100,3100,100,100
2766,1,1267100,43800,46600,1073500,1068000,0,2900,0,0
2767,1,1222300,43300,46600,1073800,1068300,100,3100,100,300
2768,1,1228800,43900,46100,1089500,1083500,0,3100,100,500
2769,1,1261200,43600,46100,1130900,1125200,100,3000,100,100
2770,1,1256300,43500,53000,1076600,1070900,100,3000,100,0
2771,1,1248600,42900,46500,1099000,1089700,100,3100,100,100
2772,1,1204800,43600,46200,1073500,1068000,0,3000,100,200
2773,1,1203400,43500,46200,1073600,1068200,100,2900,100,100
2774,1,1220300,43600,46400,1087400,1082000,0,3000,0,0
2775,1,1210600,43400,46300,1072800,1067500,100,3100,100,300
2776,1,1268000,43800,46400,1123500,1118000,100,3100,100,100
2777,1,1259500,44100,46000,1077900,1072100,100,2700,0,100
2778,1,1271000,44100,47000,1085600,1080000,100,3100,100,100
2779,1,1237900,44300,48000,1094800,1089500,0,3000,0,0
2780,1,1251200,43800,46400,1073500,1068400,100,3200,100,200
2781,1,1302000,43900,46400,1069800,1064600,100,2900,100,0
2782,1,1208400,43600,45900,1069500,1064000,100,3200,100,0
2783,1,1219400,43800,45600,1111800,1106400,100,3200,100,100
2784,1,1186400,43700,46100,1080900,1075400,100,2900,0,100
2785,1,1188700,43600,45600,1084900,1079700,0,2900,0,100
2786,1,1173700,43500,45700,1070200,1064900,0,3000,100,200
2787,1,1186300,43800,46100,1081000,1075900,0,3100,100,0
2788,1,1179500,44000,46000,1071400,1066000,100,3500,0,100
2789,1,1189900,44800,50200,1071000,1065800,100,3100,100,100
2790,1,1210400,43900,48300,1088800,1083500,100,3300,100,200
2791,1,1193400,44800,46500,1070700,1065600,0,3300,0,200
2792,1,1184900,43900,45800,1069800,1064500,100,3100,100,200
2793,1,1187800,43800,46200,1070900,1065700,100,3100,100,100
2794,1,1213800,44400,49900,1070300,1065100,100,3200,100,200
2795,1,1187400,43900,46100,1071900,1066700,100,2900,100,0
2796,1,1229200,44000,46900,1078900,1073600,0,3100,0,100
2797,1,1219900,43800,46300,1096300,1091100,100,3100,0,300
2798,1,1221900,44000,47300,1072900,1067500,100,3400,0,100
2799,1,1208100,44000,46000,1073000,1067600,100,3000,100,100
2800,1,1178400,44100,45900,1070700,1065400,0,3000,0,200
2801,1,1185100,44600,45600,1070000,1064700,100,3200,0,100
2802,1,1185500,44100,46300,1070000,1064700,100,2900,100,100
2803,1,1178400,43800,45900,1069300,1064100,100,3100,0,300
2804,1,1232200,44100,45800,1111500,1103100,100,3400,100,200
2805,1,1226600,45000,50100,1092100,1086000,200,3500,200,200
2806,1,1238600,44100,46800,1085700,1080000,100,3000,100,0
2807,1,1185700,43900,46200,1070500,1065000,100,3000,100,100
2808,1,1235700,43700,46100,1081700,1076300,100,3100,100,300
2809,1,1213900,44600,47200,1071300,1065800,100,2900,100,200
2810,1,1204600,43800,46000,1090100,1084700,100,3200,100,100
2811,1,1291400,45600,46700,1141700,1135100,100,3100,0,200
2812,1,1204400,45700,48300,1077700,1072100,100,4300,100,0
2813,1,1187900,43900,46000,1070100,1064700,100,3100,100,100
2814,1,1186700,44100,46400,1071200,1065900,100,3200,100,200
2815,1,1210900,44900,45900,1095800,1086600,100,3000,100,100
2816,1,1186600,43800,45900,1070300,1064700,0,3200,0,300
2817,1,1198600,44000,47300,1077800,1072000,100,3000,100,0
2818,1,1264800,44800,48400,1094200,1088500,100,3400,100,200
2819,1,1198000,44100,45900,1072300,1066600,100,3200,100,100
2820,1,1193000,44600,47900,1078000,1072500,100,2900,100,100
2821,1,1195200,44100,46000,1081500,1075900,100,3000,0,200
2822,1,1195000,46600,46000,1080000,1074200,100,3400,100,300
2823,1,1190500,44300,45600,1079000,1073400,100,3100,100,100
2824,1,1198300,44500,46600,1071300,1065700,100,3100,100,0
2825,1,1217000,46900,46800,1075600,1070100,100,3100,100,100
2826,1,1246400,45900,48700,1075800,1070100,100,3300,100,100
2827,1,1214600,46000,49000,1072500,1066700,100,3100,100,200
2828,1,1201400,44200,47900,1071800,1066300,100,3100,100,0
2829,1,1205900,44400,46100,1074700,1069300,0,2900,100,200
2830,1,1247300,48000,47400,1082600,1077200,0,3100,100,200
2831,1,1229100,44800,47000,1101600,1095700,100,3000,0,100
2832,1,1215200,44700,47700,1079800,1074200,100,3400,200,100
2833,1,1214800,44700,47700,1084200,1078500,100,3100,100,100
2834,1,1200200,46300,47400,1073700,1068200,100,3300,100,100
2835,1,1207600,47600,48400,1073000,1067400,100,3100,100,100
2836,1,1243500,46400,49200,1096200,1090400,100,3000,100,200
2837,1,1232100,44500,47300,1083200,1074400,0,3200,100,100
2838,1,1265100,44700,49500,1085300,1074600,200,3600,200,300
2839,1,1278100,47500,49100,1075900,1069900,0,3100,0,100
2840,1,1225300,44000,46400,1073200,1067700,100,3300,100,200
2841,1,1223300,43900,45700,1071700,1066300,100,3000,100,200
2842,1,1217100,43500,46500,1071500,1066000,100,3000,0,100
2843,1,1182500,44500,47000,1072100,1066900,100,2900,100,0
2844,1,1184000,44800,46600,1072900,1067500,100,3100,100,0
2845,1,1202700,44000,46400,1090100,1081200,100,3000,0,0
2846,1,1223300,45800,50400,1098500,1092400,200,3800,100,100
2847,1,1195300,45800,46600,1076800,1071100,100,3100,0,100
2848,1,1225700,48700,47100,1106700,1096100,0,3000,100,100
2849,1,1205200,44000,46800,1077000,1071300,100,2900,100,100
2850,1,1244300,44900,69400,1079500,1073800,100,3400,100,300
2851,1,1221100,44900,46500,1086600,1080800,100,3000,0,0
2852,1,1212700,43600,48100,1081500,1076000,100,3300,100,200
2853,1,1254100,46000,66100,1087500,1078100,100,3500,100,100
2854,1,1238100,44900,49800,1074800,1068800,200,3500,200,100
2855,1,1203000,44200,45800,1083300,1077600,100,3000,100,100
2856,1,1267200,45500,47900,1076700,1070500,100,3100,100,100
2857,1,1223000,44100,48600,1076900,1071200,100,3000,100,0
2858,1,1251200,45500,50800,1082000,1072000,100,3100,100,0
2859,1,1226000,47100,48100,1078800,1073600,100,3000,0,100
2860,1,1209100,43100,46900,1077200,1072000,100,3000,100,100
2861,1,1229600,45200,48100,1091800,1083900,0,3100,100,100
2862,1,1206700,45800,49000,1078800,1073000,100,3500,200,200
2863,1,1205600,43100,46800,1076000,1070700,100,3000,100,100
2864,1,1207000,43300,46600,1075400,1070200,100,3100,0,100
2865,1,1296800,72000,48500,1086500,1074900,100,3100,100,100
2866,1,1327600,45200,51500,1096400,1090200,100,3500,200,100
2867,1,1192300,44300,46300,1076300,1070700,100,3400,100,100
2868,1,1187500,43800,46200,1070400,1065000,100,2800,100,200
2869,1,1192400,45000,45800,1071500,1065800,0,2900,0,0
2870,1,1244700,44000,46200,1081600,1076000,0,3200,0,0
2871,1,1245200,43800,46600,1072200,1066500,100,3100,100,0
2872,1,1191400,43800,46200,1071600,1066100,100,3300,100,0
2873,1,1187100,43800,46100,1073100,1067800,0,2900,100,100
2874,1,1186900,45200,46100,1072900,1067200,100,3100,100,100
2875,1,1190400,45200,48300,1073700,1068300,100,3100,0,0
2876,1,1187700,44700,48200,1069700,1064300,100,3300,100,0
2877,1,1186600,43500,45300,1070500,1065200,100,3100,200,0
2878,1,1233300,43900,45900,1071500,1066200,100,3200,100,100
2879,1,26299600,70800,46600,2222500,2208400,200,23896000,900,800
2880,1,33517100,49600,52500,1914900,1903500,0,31434900,200,300
2881,1,1933700,45200,50600,1779800,1767700,0,4800,100,400
2882,1,1544700,44000,46800,1409000,1402900,0,4700,100,100
2883,1,1215600,44000,46600,1091100,1085500,100,4300,0,0
2884,1,1193200,44000,45800,1071300,1065600,0,3000,100,200
2885,1,1192300,43900,46000,1070400,1064800,100,3000,100,100
2886,1,1291800,44800,46700,1117900,1112300,100,3200,100,200
2887,1,1211300,44400,46000,1070500,1064700,100,3100,100,300
2888,1,1196700,44000,46100,1070200,1064600,0,3100,0,100
2889,1,1203300,44100,46000,1068200,1062600,100,3100,0,100
2890,1,1234500,42700,45800,1077900,1068700,100,3100,0,100
2891,1,1219100,44200,47200,1086300,1080800,100,3200,100,200
2892,1,1213300,43800,46900,1074200,1068900,100,3000,100,100
2893,1,1193200,43600,46300,1081100,1075900,100,2900,100,300
2894,1,1208200,43600,46400,1076400,1071200,100,3100,100,100
2895,1,1212600,43600,46100,1073000,1067900,0,3100,100,100
2896,1,1214700,43400,46300,1083300,1078100,100,3100,100,100
2897,1,1207000,43700,46700,1072900,1067700,100,3000,100,100
2898,1,1227800,43600,46700,1072900,1067600,100,2900,0,0
2899,1,1214400,43400,46400,1073400,1068200,100,3100,100,100
2900,1,1227300,46800,47000,1105800,1099900,100,3100,100,300
2901,1,1271900,44300,46900,1079100,1073800,100,3200,100,400
2902,1,1240900,44600,47200,1073500,1068300,100,3000,100,200
2903,1,1180700,43200,46100,1075500,1070300,100,3000,0,200
2904,1,1179200,43400,46100,1074600,1069400,100,3100,100,0
2905,1,1178500,43700,46300,1073100,1067900,100,3000,100,200
2906,1,1180300,43900,46200,1072900,1067700,100,3200,100,0
2907,1,1196700,45100,47700,1089700,1084600,100,3100,0,100
2908,1,1192100,43200,46400,1082900,1077600,100,3200,100,100
2909,1,1196800,43300,46300,1073500,1068300,0,3000,0,200
2910,1,1208900,43400,46300,1073800,1068400,100,2900,100,100
2911,1,1203900,43200,46900,1073400,1068200,100,3000,100,100
2912,1,1203500,43500,46600,1073200,1067900,100,2900,100,0
2913,1,1208500,43700,46600,1079600,1074400,100,3000,100,100
2914,1,1228700,43600,46900,1074900,1069600,100,3400,100,300
2915,1,1189100,43200,46300,1073800,1068600,100,3000,0,100
2916,1,1224500,43300,46600,1073200,1068100,100,3400,100,200
2917,1,1210500,43500,46000,1087600,1082400,100,3100,100,100
2918,1,1235200,43800,46600,1072900,1067800,100,3000,100,100
2919,1,1232800,43800,46100,1100800,1094900,0,2400,100,100
2920,1,1235200,43800,46000,1114800,1109200,100,3200,100,100
2921,1,1208500,45800,47700,1083100,1077400,100,3100,0,100
2922,1,1191000,43700,45800,1070300,1064500,100,3100,100,0
2923,1,1195100,43800,45600,1069900,1064300,100,3100,0,0
2924,1,1185300,44400,45400,1069800,1064300,100,3100,100,100
2925,1,1194600,44100,45600,1070200,1064700,0,3100,100,0
2926,1,1232200,43900,45900,1084600,1079000,100,3100,100,0
2927,1,1220200,44100,54300,1087400,1081700,100,3100,100,200
2928,1,1191000,44100,45900,1076500,1070800,100,3000,100,200
2929,1,1197100,43400,45500,1076600,1067900,0,3100,100,300
2930,1,1190500,43900,46700,1070000,1064200,100,3000,0,0
2931,1,1248400,43900,46100,1098300,1092800,100,3100,0,100
2932,1,1242400,43200,47000,1076900,1067900,100,3100,100,300
2933,1,1275600,43600,47100,1132400,1124600,100,3000,0,100
2934,1,1232300,45100,50100,1097700,1091900,100,3800,200,100
2935,1,1196400,43500,47600,1075500,1070100,0,3100,100,100
2936,1,1209300,43500,46500,1082100,1076600,100,3000,0,300
2937,1,1196100,43300,46200,1073500,1068300,100,3000,100,0
2938,1,1248100,43200,46700,1074200,1068800,100,3300,100,0
2939,1,1219100,43000,46200,1089500,1079900,100,3000,100,200
2940,1,1188400,43700,46200,1069500,1064300,100,3100,100,100
2941,1,1217200,43300,46400,1090800,1085500,100,3100,0,0
2942,1,1205200,44000,46200,1080800,1075600,100,3200,100,200
2943,1,1191600,44100,46000,1072200,1067000,100,3300,100,100
2944,1,1207500,44000,45900,1083300,1078000,100,3200,100,100
2945,1,1200200,43800,45500,1074100,1068800,0,3100,100,100
2946,1,1220800,43900,46400,1069900,1064800,100,3100,100,100
2947,1,1194800,43800,45800,1069800,1064600,100,3400,100,100
2948,1,1217200,43800,45500,1102100,1096100,0,3000,0,100
2949,1,1213900,44100,48800,1076900,1071300,100,3400,100,200
2950,1,1289100,44900,46200,1086400,1080900,0,2900,100,100
2951,1,1252600,44100,46200,1070700,1064900,100,3200,100,200
2952,1,1189200,43900,46200,1070100,1064900,100,3500,100,300
2953,1,1185700,43900,45900,1070100,1064800,100,3000,100,0
2954,1,1195100,44000,46200,1069900,1064800,0,3100,0,100
2955,1,1218900,43900,45900,1103900,1098400,100,3200,100,200
2956,1,1212300,43900,46800,1080700,1075300,100,3600,100,100
2957,1,1200100,44100,46400,1070000,1064800,100,3000,100,100
2958,1,1214700,44000,46300,1069200,1063900,100,3000,100,100
2959,1,1209300,43800,46200,1069400,1064300,100,3100,100,200
2960,1,1183200,43900,45900,1069900,1064500,0,3100,100,200
2961,1,1233700,43700,46200,1084800,1079500,0,3100,100,200
2962,1,1219000,46600,49500,1072900,1067700,0,3100,100,200
2963,1,1221100,44000,48500,1072800,1067400,100,3000,100,100
2964,1,1197600,43900,45900,1069700,1064100,0,2900,100,200
2965,1,1175000,44100,45900,1069800,1064500,100,3100,100,200
2966,1,1173900,43700,45600,1069600,1064500,100,3100,100,0
2967,1,1175700,43900,47200,1070000,1064700,100,3100,0,100
2968,1,1189400,44100,45700,1082700,1077300,100,3000,100,0
2969,1,1227300,47100,48000,1107800,1102400,100,3000,0,200
2970,1,1193800,44000,45900,1074300,1068900,100,3000,0,100
2971,1,1204100,58100,45700,1069300,1064000,100,3100,0,100
2972,1,1185600,43800,46000,1069300,1064100,0,3100,100,200
2973,1,1184700,43900,45900,1069600,1064300,100,3100,100,100
2974,1,1205200,43700,46100,1069600,1064400,100,3000,0,200
2975,1,1197100,43900,45500,1088100,1082800,0,2900,100,200
2976,1,1224700,43900,46000,1081600,1076200,100,3600,100,100
2977,1,1196300,44100,46000,1080800,1075400,100,3100,100,100
2978,1,1206700,44100,45600,1070200,1064800,100,3000,0,0
2979,1,1190500,44100,45900,1069700,1064400,100,3000,100,0
2980,1,1181200,44000,45700,1070000,1064500,100,3100,0,200
2981,1,1201800,44000,45900,1086100,1080700,100,2900,100,100
2982,1,1187400,43900,45800,1073400,1068100,100,2900,100,0
2983,1,1214000,44100,45900,1099000,1093600,100,2900,100,200
2984,1,1194300,44300,45900,1077400,1072200,100,3300,100,200
2985,1,1199500,44000,46100,1074800,1069500,100,3100,200,100
2986,1,1205100,43900,46000,1069400,1064200,100,3600,100,200
2987,1,1181700,43900,46000,1070000,1064600,0,3200,100,100
2988,1,1185800,44200,45700,1070000,1064600,100,3000,100,200
2989,1,1202800,44100,46000,1083100,1067800,100,3000,100,100
2990,1,1224100,43800,45900,1104300,1095200,100,3100,0,200
2991,1,1232000,44800,48700,1071300,1065100,100,3400,200,100
2992,1,1204500,44100,45600,1084300,1078500,100,3000,100,200
2993,1,1187700,43900,45700,1070200,1064400,100,3100,100,0
2994,1,1244500,43700,46300,1085200,1079300,100,3100,100,100
2995,1,1213700,43900,45600,1070700,1064900,100,3200,0,100
2996,1,1224500,44200,46000,1101000,1095300,100,3100,100,0
2997,1,1205700,43700,45900,1080900,1075300,100,3100,0,300
2998,1,1246800,43900,45800,1081900,1076000,100,3300,100,100
2999,1,25614800,68100,45900,1964500,1953100,100,23480600,700,100
3000,1,33272500,56000,47000,1827700,1817900,0,31263600,300,200
3001,1,1830500,44400,47300,1667300,1660800,100,5200,200,300
3002,1,1289600,43900,46700,1144600,1139000,100,4800,100,200
3003,1,1193700,43900,46500,1070900,1065000,100,3200,100,0
3004,1,1200600,44000,46000,1071800,1066000,100,3200,100,100
3005,1,1201400,44500,46900,1073500,1067700,100,3000,100,300
3006,1,1243400,43800,46200,1071000,1065100,100,3300,100,0
3007,1,1203000,43900,46200,1070600,1064600,100,3000,100,0
3008,1,1204500,44000,46000,1084700,1079200,0,3100,0,200
3009,1,1195200,43900,45800,1070000,1064400,100,3100,0,200
3010,1,1237400,43800,46600,1084600,1079300,100,3000,0,0
3011,1,1238300,43800,45900,1103700,1098000,100,3000,0,0
3012,1,1219900,44200,46700,1081500,1075900,100,3200,100,200
3013,1,1197400,44000,45800,1069500,1064100,100,3000,100,100
3014,1,1206300,43900,45900,1074900,1069300,100,3100,100,200
3015,1,1218800,43900,45700,1085000,1079600,100,3100,100,100
3016,1,1225400,44000,46500,1068600,1063200,100,3200,100,200
3017,1,1203300,43900,46300,1069900,1064500,100,3100,100,200
3018,1,1264400,43800,45700,1096000,1089600,100,2600,0,100
3019,1,1238300,43500,47700,1081600,1076100,100,3000,100,0
3020,1,1190200,43300,46700,1073100,1068000,100,2900,100,200
3021,1,1233500,43900,46400,1073600,1068300,100,3000,100,200
3022,1,1217800,43600,46600,1073200,1068000,100,3100,100,300
3023,1,1197000,43700,46400,1072900,1067800,100,3100,100,100
3024,1,1204900,43700,46200,1088600,1083200,100,3000,100,200
3025,1,1248900,43500,47300,1088500,1083300,100,3000,0,100
3026,1,1221600,43400,46900,1073300,1068100,100,3000,100,0
3027,1,1195300,43500,46300,1073200,1067900,100,3000,0,200
3028,1,1191600,43400,45900,1073800,1068800,0,3200,100,0
3029,1,1217600,43300,46300,1077400,1068300,100,9700,0,100
3030,1,1219500,44000,46400,1084800,1079000,100,3100,100,200
3031,1,1202200,43800,46400,1072500,1066900,100,3000,100,100
3032,1,1265500,44500,45800,1136300,1129400,100,3100,100,200
3033,1,1229100,44900,50000,1095300,1089100,100,3500,200,100
3034,1,1223500,43900,46500,1073500,1068000,100,3100,100,0
3035,1,1246500,44000,45700,1069900,1064400,100,3100,100,200
3036,1,1286400,44000,46800,1070200,1064700,100,3000,100,100
3037,1,1188900,44000,46100,1069900,1064300,100,3000,100,0
3038,1,1225800,43800,45800,1090000,1084500,100,3100,0,100
3039,1,1190900,43800,45300,1071000,1065600,0,2900,100,200
3040,1,1178600,44000,45900,1070200,1064800,100,3200,100,100
3041,1,1195900,43600,46000,1084800,1079500,100,3000,100,100
3042,1,1188400,44100,45800,1069400,1064000,100,3200,100,200
3043,1,1186400,44500,46000,1069600,1064200,100,3000,100,100
3044,1,1187200,43900,45900,1069700,1064300,100,3100,100,100
3045,1,1229900,44200,45600,1107300,1101700,100,3100,100,300
3046,1,1227200,44100,46800,1081200,1075800,100,3100,100,100
3047,1,1189200,44000,45400,1070200,1064900,0,3000,0,100
3048,1,1179100,43900,45600,1070100,1064700,0,3200,100,100
3049,1,1203100,43700,46200,1083400,1078100,100,3000,100,200
3050,1,1209600,43600,46000,1090800,1085400,100,3400,100,100
3051,1,1213700,43600,45700,1070400,1065200,100,3100,0,200
3052,1,1197600,44000,45800,1077200,1071800,100,3000,100,200
3053,1,1223000,46900,47100,1103800,1088400,100,3000,100,100
3054,1,1191900,44000,45500,1075700,1070400,100,3100,100,300
3055,1,1189100,44500,45600,1070200,1064900,100,3100,100,0
3056,1,1226800,44000,46100,1070000,1064700,0,3000,100,200
3057,1,1208800,44000,46200,1070200,1064900,100,3000,100,0
3058,1,1275300,44000,46000,1116100,1110600,100,3100,100,0
3059,1,1198000,43900,45700,1076800,1071500,100,3000,0,100
3060,1,1185800,45000,48100,1070400,1065100,100,3200,100,300
3061,1,1179900,44000,45600,1070100,1064700,100,3000,100,200
3062,1,1178600,44000,46000,1069100,1063800,100,3300,100,300
3063,1,1177700,44000,45800,1069700,1064500,100,3000,0,0
3064,1,1180700,44000,45900,1070000,1064700,100,3000,100,300
3065,1,1180500,45100,45900,1070400,1065100,100,3000,100,0
3066,1,1213700,43700,45900,1074800,1069400,100,3400,100,100
3067,1,1193800,44000,45600,1082600,1077400,0,3100,100,200
3068,1,1176600,43800,45700,1070200,1064800,100,3000,100,200
3069,1,1185200,44200,46000,1070400,1065100,100,2900,100,200
3070,1,1215700,43700,45700,1084600,1079300,100,3000,100,100
3071,1,1256800,43700,45900,1144400,1135100,100,3100,100,200
3072,1,1223400,45500,48700,1100800,1094400,100,3900,200,200
3073,1,1226900,44300,46100,1108800,1102500,100,2900,100,200
3074,1,1199500,45700,47600,1074000,1068100,100,3200,100,200
3075,1,1200600,44200,45300,1080100,1074300,100,3100,100,0
3076,1,1199400,44000,45900,1072000,1066300,100,2900,100,0
3077,1,1209600,43500,45900,1079200,1069800,100,2900,100,0
3078,1,1230000,44000,46500,1070100,1064400,100,2900,0,100
3079,1,1212500,44100,46300,1070000,1064400,100,3000,100,200
3080,1,1216900,44000,45500,1087600,1081600,100,3100,100,300
3081,1,1232300,44200,46100,1071700,1066100,100,3100,100,0
3082,1,1218200,44000,45700,1070000,1064300,100,3300,100,300
3083,1,1187600,44200,45800,1069900,1064100,100,3100,0,200
3084,1,1183400,43900,45900,1070400,1064600,100,3200,0,200
3085,1,1186500,43900,45600,1071200,1065300,100,3000,0,200
3086,1,1222900,43700,45300,1110300,1104800,0,3000,100,300
3087,1,1248400,44800,48800,1087900,1082300,0,3100,100,100
3088,1,1223500,44500,48100,1085100,1079500,100,3300,100,0
3089,1,1197300,44000,45900,1074500,1069100,100,2900,0,100
3090,1,1192100,43900,45400,1070400,1065100,100,3400,100,100
3091,1,1198100,43900,45800,1070100,1064700,100,3100,100,200
3092,1,1191800,43800,46100,1071000,1065700,100,3000,100,200
3093,1,1191300,43900,45800,1070400,1065000,100,3100,100,100
3094,1,1222100,45800,46100,1076400,1071000,200,3200,0,200
3095,1,1185100,43800,45600,1071300,1065900,0,3000,100,100
3096,1,1222700,44300,46000,1072700,1067100,100,3100,100,300
3097,1,1194300,44000,46000,1070100,1064400,100,3100,100,100
3098,1,1220300,43800,45600,1081300,1075700,100,3100,100,200
3099,1,1243700,44000,46300,1118100,1111100,100,3000,100,100
3100,1,1248400,47800,86300,1081800,1073300,100,3500,100,200
3101,1,1211100,46600,48600,1086900,1081400,100,3000,100,100
3102,1,1189400,44000,46000,1070000,1064500,100,3400,0,200
3103,1,1185300,44000,45900,1069600,1064100,100,3100,100,0
3104,1,1191300,44000,45700,1070300,1064900,100,2900,100,100
3105,1,1197300,44000,46000,1069700,1064200,100,3100,100,300
3106,1,1235500,44100,46200,1084500,1079100,100,3100,100,0
3107,1,1195500,44000,46000,1073100,1067600,100,3100,100,100
3108,1,1189700,43800,45900,1069300,1063700,100,2900,0,100
3109,1,1198300,44000,45800,1069900,1064500,100,2900,100,200
3110,1,1207300,43600,46000,1088300,1078400,0,3100,100,200
3111,1,1227700,44000,46400,1069500,1064000,100,3100,100,0
3112,1,1202900,43900,45800,1069500,1064100,100,3100,100,100
3113,1,1206300,44100,45700,1085300,1079700,100,3000,100,100
3114,1,1206000,44100,45600,1081500,1075800,100,3100,100,100
3115,1,1205400,44100,45900,1080600,1075100,100,2900,100,100
3116,1,1197600,44200,45800,1070000,1064500,0,3100,100,100
3117,1,1214600,43900,45800,1090200,1084700,0,3200,100,200
3118,1,1296700,45200,47100,1088400,1082900,0,3400,0,0
3119,1,25589500,72100,45900,1971500,1959100,100,23404400,1000,400
3120,1,33038500,51900,47700,1743300,1734500,100,31030900,300,200
3121,1,1982000,44500,47100,1667300,1661000,100,4900,100,200
3122,1,1483600,44200,46500,1350600,1344500,100,4400,0,100
3123,1,1220300,44300,46300,1095900,1089900,100,4500,100,300
3124,1,1194400,45400,46100,1071800,1066100,100,3200,0,100
3125,1,1220200,43200,45500,1098200,1088900,100,3100,0,100
3126,1,1243000,43400,46300,1072800,1067600,100,3000,100,0
3127,1,1207700,43100,45700,1083200,1077900,100,3100,0,0
3128,1,1228500,43600,46200,1116400,1111100,0,3500,100,100
3129,1,1212400,45600,47400,1086500,1081100,100,3100,100,100
3130,1,1232800,44900,47600,1077200,1072000,100,3400,100,200
3131,1,1191700,43500,46500,1073900,1068300,100,3100,100,100
3132,1,1200000,43100,46100,1086900,1081800,100,3100,100,100
3133,1,1184000,43300,45500,1074000,1068700,100,2900,100,100
3134,1,1191500,43400,46100,1073900,1068600,100,3000,100,100
3135,1,1201800,43200,46200,1073600,1068200,100,3000,0,200
3136,1,1315800,43800,46500,1174500,1167200,100,3200,100,100
3137,1,1226200,45500,47700,1079300,1073900,100,3000,100,100
3138,1,1239000,44200,47200,1074200,1069000,100,3200,100,100
3139,1,1244400,44300,47300,1095600,1090100,0,3000,0,100
3140,1,1210100,43800,47000,1073200,1067700,100,3100,100,0
3141,1,1233300,43800,46700,1088200,1083000,100,3000,100,0
3142,1,1223900,43600,46900,1073900,1068700,100,3000,0,0
3143,1,1223900,45500,46700,1100000,1094600,0,3000,100,100
3144,1,1179700,43400,46200,1073600,1068300,100,3100,100,0
3145,1,1190300,43100,46100,1073300,1068200,100,3100,0,200
3146,1,1184200,43300,46300,1073300,1068000,100,3300,100,100
3147,1,1200600,43900,46500,1086600,1081500,100,3100,100,0
3148,1,1187900,44000,46700,1072900,1067800,100,3400,100,100
3149,1,1239700,44000,47100,1073500,1068100,100,3000,100,100
3150,1,1235400,44900,47600,1082100,1076900,0,3300,100,100
3151,1,1201400,44500,46900,1073700,1068500,100,3100,100,100
3152,1,1204300,44000,46900,1086900,1081700,100,3000,100,0
3153,1,1190300,43700,46800,1073200,1068100,100,3100,0,300
3154,1,1211400,44200,47000,1073200,1068100,100,3400,100,100
3155,1,1199300,44000,46800,1088500,1083300,100,3000,0,100
3156,1,1221800,44200,46800,1077300,1072000,100,3100,100,0
3157,1,1222900,44100,47400,1101300,1096100,100,3100,100,100
3158,1,1224900,45200,46600,1086000,1080800,100,3300,100,0
3159,1,1193800,43900,46500,1073200,1068100,100,3000,100,200
3160,1,1180400,43800,46500,1073000,1068000,100,3100,100,0
3161,1,1182200,43700,46800,1073400,1068200,100,3100,100,0
3162,1,1195600,44000,46800,1087700,1082400,100,3100,100,200
3163,1,1243800,43800,46200,1130800,1121700,100,3200,100,0
3164,1,1218100,44000,50700,1085700,1075700,100,3700,100,0
3165,1,1205900,44000,46200,1070700,1064800,100,3100,100,200
3166,1,1230700,44000,46300,1076400,1071000,100,3200,100,0
3167,1,1200300,44000,46300,1070000,1064500,100,3100,100,0
3168,1,1211900,44000,46300,1085400,1080000,0,3100,100,0
3169,1,1196600,44000,45900,1069900,1064100,0,3100,0,100
3170,1,1227100,44000,45900,1100400,1094900,100,3200,100,200
3171,1,1238200,43900,46800,1076600,1071200,100,3200,100,200
3172,1,1192300,43900,45500,1069900,1064500,100,3100,100,100
3173,1,1192700,44000,46200,1069700,1064400,100,3000,100,0
3174,1,1193600,43800,46000,1069600,1064200,100,3100,100,200
3175,1,1185400,43600,45700,1069500,1064300,100,3100,100,0
3176,1,1269000,43800,46200,1145200,1136600,100,3100,100,100
3177,1,1237800,46500,52200,1102700,1087300,0,3100,200,100
3178,1,1261000,44900,48300,1084000,1078500,100,3300,100,200
3179,1,1204600,43600,46200,1072800,1067400,100,3200,100,200
3180,1,1238200,43900,46000,1080800,1075400,0,2900,100,0
3181,1,1211300,43800,46400,1070800,1065300,100,3000,100,0
3182,1,1201500,43600,46000,1083900,1078500,100,3000,100,300
3183,1,1183500,43500,45700,1069000,1063900,100,3100,100,200
3184,1,1213000,43400,45900,1097000,1091700,100,2900,100,200
3185,1,1186500,43600,46000,1070200,1065000,100,3200,100,300
3186,1,1214200,44000,45800,1069500,1064100,100,3600,0,200
3187,1,1190300,43500,45900,1070200,1064900,100,3200,100,100
3188,1,1182100,43900,45700,1069400,1064000,100,3000,100,100
3189,1,1207800,43800,45400,1090400,1085200,100,3100,100,100
3190,1,1215800,43900,47900,1071000,1065700,100,3200,100,100
3191,1,1204600,43500,45600,1085600,1076400,100,3100,0,100
3192,1,1186600,43600,46400,1073900,1068500,100,3100,0,200
3193,1,1209800,43900,45800,1097200,1091900,0,3100,100,100
3194,1,1190000,43600,46000,1073400,1068100,100,3100,100,200
3195,1,1202600,43000,46000,1087500,1082200,100,3000,100,200
3196,1,1206300,43500,46200,1073100,1067900,0,3100,100,0
3197,1,1226300,43500,46600,1089200,1083800,100,2900,100,100
3198,1,1265700,43200,46300,1109400,1104000,100,3200,100,0
3199,1,1248700,43500,46500,1101800,1096300,100,3100,100,100
3200,1,1203300,43500,46000,1073400,1067900,100,3300,100,0
3201,1,1229400,43500,46200,1073100,1067900,100,3000,100,200
3202,1,1236700,43400,46300,1088400,1083000,100,3000,100,100
3203,1,1216400,47200,50600,1090600,1085100,100,3100,100,0
3204,1,1221600,43300,46100,1103000,1097400,100,3000,100,0
3205,1,1258800,44400,47000,1084900,1079600,100,3300,100,200
3206,1,1247100,44400,47000,1075400,1070300,100,3400,100,0
3207,1,1184200,43400,45800,1073900,1068700,100,3000,100,200
3208,1,1186900,44100,48300,1074300,1069100,100,3600,100,100
3209,1,1193000,43300,46000,1073300,1068100,100,3100,100,0
3210,1,1196900,43900,46000,1072800,1067500,100,3200,0,200
3211,1,1241300,43400,46600,1075700,1070500,100,3100,100,100
3212,1,1230400,43600,46600,1087800,1082700,100,3100,100,0
3213,1,1202500,43400,46700,1084200,1079000,100,3000,100,100
3214,1,1213200,43600,46600,1073200,1068200,100,3100,100,200
3215,1,1200200,43300,46000,1088000,1082900,100,3100,0,300
3216,1,1218100,43500,46200,1073100,1068000,100,3300,100,0
3217,1,1189700,43400,46200,1072800,1067800,100,3000,100,100
3218,1,1241700,46400,50000,1097800,1092300,200,3300,100,100
3219,1,1213000,44200,48400,1085900,1080600,100,3100,0,200
3220,1,1184700,44100,45800,1075500,1070400,0,3400,100,100
3221,1,1182600,43400,46000,1073500,1068400,100,3000,0,100
3222,1,1184200,43500,45900,1073300,1068300,100,3000,100,100
3223,1,1190300,43700,46200,1080800,1075700,100,3000,100,200
3224,1,1183400,43400,45900,1073200,1068200,100,3000,100,0
3225,1,1188100,43600,46000,1073700,1068600,100,3000,0,200
3226,1,1221600,43500,46400,1087200,1081900,100,3100,100,100
3227,1,1182600,43300,46000,1073700,1068500,100,3100,100,100
3228,1,1187600,43700,46500,1073400,1068400,100,3100,100,0
3229,1,1195700,43500,46200,1073000,1067900,100,3000,100,100
3230,1,1208300,43600,46400,1088300,1083200,100,3200,100,0
3231,1,1251200,43300,46000,1103500,1098300,100,3000,100,300
3232,1,1227000,43800,46100,1105000,1099800,100,3100,0,0
3233,1,1204400,43100,46900,1080700,1075500,100,3000,100,200
3234,1,1196700,43800,46100,1084300,1079200,100,2900,100,200
3235,1,1188100,43300,46300,1073500,1068300,100,2900,100,0
3236,1,1195500,43300,46300,1073500,1068500,0,3000,0,100
3237,1,1204800,43400,46100,1087900,1082500,200,3000,100,0
3238,1,1240200,43800,48800,1073700,1068500,200,3300,200,200
3239,1,25902100,64400,46200,2021100,2013100,100,23724800,400,200
3240,1,33089100,58600,52600,1872900,1863700,100,31036700,400,300
3241,1,1835900,45500,51200,1666900,1660100,100,5500,100,200
3242,1,1785900,44000,47800,1544500,1538300,0,4400,100,100
3243,1,1585500,43700,49000,1360000,1351400,100,3800,100,200
3244,1,1233700,43700,49600,1093800,1087700,0,4300,100,100
3245,1,1197000,43700,46400,1073100,1067100,100,3000,0,300
3246,1,1266500,43400,46600,1094100,1088500,100,3100,100,200
3247,1,1212100,43300,46400,1078300,1072500,0,3100,100,200
3248,1,1187200,43200,46000,1073000,1067400,100,3500,100,500
3249,1,1206800,43800,46100,1073200,1068000,100,3000,100,100
3250,1,1236200,43400,46300,1073200,1067900,0,3200,0,200
3251,1,1202000,43900,46200,1074100,1068800,100,3200,100,100
3252,1,1203200,43600,45900,1074100,1068600,100,3100,100,100
3253,1,1222000,44000,45800,1100000,1094500,100,2900,0,200
3254,1,1199100,43600,46200,1075100,1069700,100,3200,100,0
3255,1,1198200,43400,46100,1073800,1068400,100,3100,100,100
3256,1,1224900,44600,46400,1088000,1078600,100,3100,0,100
3257,1,1241400,44400,50900,1094400,1085000,100,3500,200,200
3258,1,1254700,44000,47000,1089300,1083700,0,3100,100,100
3259,1,1224800,44100,46700,1073700,1068200,0,3100,100,100
3260,1,1225200,43500,46300,1095000,1089500,0,3100,0,300
3261,1,1258300,43400,46600,1091700,1086100,100,3400,100,200
3262,1,1232700,44100,46500,1073500,1068000,0,3100,100,0
3263,1,1196900,43600,46000,1073600,1068200,100,3000,100,100
3264,1,1208400,43500,46200,1077700,1072100,100,3100,100,100
3265,1,1197400,43600,45800,1086900,1081600,100,2900,0,0
3266,1,1196500,43400,46100,1073400,1068100,100,3000,100,100
3267,1,1244700,44100,46000,1115000,1109600,100,3000,100,100
3268,1,1189600,43700,45800,1075900,1070700,100,3700,100,200
3269,1,1202900,43500,46200,1073800,1068500,100,2900,100,200
3270,1,1203200,44000,46400,1073300,1068000,100,3100,0,300
3271,1,1212700,43400,46300,1075200,1069900,100,3000,100,100
3272,1,1221600,46600,47500,1083400,1078100,100,3200,100,200
3273,1,1242900,43400,46500,1073300,1068000,100,2900,100,200
3274,1,1264300,44200,48300,1087300,1081800,100,2600,100,200
3275,1,1190500,43600,46000,1074900,1069500,100,3100,0,100
3276,1,1232200,43600,46400,1075800,1070400,100,3100,0,200
3277,1,1197900,43800,46100,1075500,1070300,100,3000,0,100
3278,1,1229600,44000,46200,1084200,1078800,100,3100,0,100
3279,1,1203200,43500,46300,1073200,1067800,100,3000,100,0
3280,1,1191600,44000,46500,1077600,1072300,100,3000,100,100
3281,1,1215000,43700,46400,1077000,1071700,100,2900,100,0
3282,1,1199200,43800,47200,1074800,1069600,100,3100,100,100
3283,1,1191900,43500,46100,1074000,1068800,100,2900,0,200
3284,1,1199400,45500,46600,1075100,1069700,100,3100,100,100
3285,1,1215500,43800,46100,1083500,1076200,100,3100,100,300
3286,1,1232100,44400,47700,1075400,1069400,100,3500,200,100
3287,1,1196000,43700,46100,1079800,1074300,100,3000,0,200
3288,1,1191400,44800,46000,1075700,1070300,100,3300,0,200
3289,1,1198000,43600,46100,1074200,1068900,100,3000,100,100
3290,1,1250900,45000,47000,1078500,1073200,100,3000,100,100
3291,1,1277800,43700,46800,1073600,1068400,100,2900,100,0
3292,1,1197300,43500,46100,1073600,1068200,0,3300,200,0
3293,1,1194800,43800,46400,1073700,1068300,100,3000,100,200
3294,1,1218000,43100,46100,1098700,1093300,100,2900,100,100
3295,1,1213200,44900,47500,1087200,1081800,100,3000,100,400
3296,1,1189900,43500,46200,1074100,1068800,100,3100,100,100
3297,1,1196700,43700,46100,1073500,1068300,100,2900,100,200
3298,1,1243500,43500,46300,1073100,1067900,100,3100,200,100
3299,1,1194700,43600,45800,1073200,1067800,100,3100,0,200
3300,1,1189100,43600,45800,1073500,1068200,0,3200,100,0
3301,1,1233800,43800,45900,1119500,1113800,100,3000,100,100
3302,1,1207600,43700,46300,1091100,1085200,100,3300,100,100
3303,1,1211400,45900,46800,1093000,1084100,100,3100,100,100
3304,1,1239600,44300,48500,1074900,1069100,100,3500,200,100
3305,1,1211000,43500,46300,1073300,1067800,100,3000,0,200
3306,1,1214900,43300,46200,1073700,1068000,100,3100,100,200
3307,1,1191600,44900,46700,1075800,1070500,100,3000,100,100
3308,1,1192300,43200,46000,1085700,1080200,100,3300,100,100
3309,1,1187400,43600,46200,1073500,1068300,100,3200,100,0
3310,1,1209600,43700,46000,1073700,1068300,100,3100,0,100
3311,1,1188100,43900,46000,1073400,1068000,100,3000,100,100
3312,1,1182500,43700,45800,1073500,1068100,100,3200,0,100
3313,1,1182200,43400,45700,1073600,1068200,0,3000,0,200
3314,1,1185600,43500,46100,1073400,1068100,100,3400,100,0
3315,1,1215600,43600,46100,1098600,1090300,100,3200,100,0
3316,1,1218200,43300,50800,1087200,1076800,100,3600,200,0
3317,1,1194000,44000,46600,1069100,1063600,100,3100,100,100
3318,1,1210900,43700,46300,1069900,1064600,100,3200,100,0
3319,1,1214600,43800,46200,1085100,1079500,100,3100,100,100
3320,1,1209800,43700,45900,1097100,1091700,100,3100,0,300
3321,1,1242500,43800,47900,1092500,1087000,100,3100,100,100
3322,1,1243800,44500,45800,1097300,1091600,100,3200,100,300
3323,1,1187200,43800,46200,1072000,1066400,100,3700,100,100
3324,1,1181900,43700,45800,1069700,1064300,100,3300,100,100
3325,1,1183700,43700,45600,1070600,1065400,100,2900,0,100
3326,1,1186500,43300,46400,1069400,1064200,100,3000,100,200
3327,1,1184200,43600,45600,1081300,1075800,100,2900,100,100
3328,1,1183200,43800,46000,1069700,1064400,0,3300,0,300
3329,1,1211500,44000,46000,1088200,1082700,100,3100,0,100
3330,1,1189700,43700,46300,1070500,1065000,0,3600,100,100
3331,1,1196800,43800,46000,1069600,1064200,100,3100,100,200
3332,1,1198200,42900,46200,1077200,1067900,100,3300,100,200
3333,1,1215300,43700,46400,1089100,1080200,0,3100,100,200
3334,1,1236400,44100,49600,1073400,1067700,200,3600,200,0
3335,1,1237400,43900,46300,1073800,1068300,100,3000,100,100
3336,1,1278000,44000,46600,1095000,1085600,100,2900,100,200
3337,1,1202000,43600,46300,1075900,1070300,100,3100,100,100
3338,1,1259200,45600,48100,1108200,1102700,100,3300,100,200
3339,1,1200900,44100,46400,1074900,1069500,100,2900,100,100
3340,1,1187800,43400,45800,1077300,1072000,2900,3100,100,0
3341,1,1186800,43400,45700,1072600,1067400,100,3000,100,100
3342,1,1187000,43500,45900,1075200,1070000,100,3100,100,0
3343,1,1247400,46400,53100,1120400,1111600,100,3000,0,0
3344,1,1212000,44000,50800,1082200,1076300,200,4100,200,100
3345,1,1197100,43600,46700,1075400,1070000,100,2900,100,100
3346,1,1234500,44000,46300,1088800,1083300,0,3000,100,0
3347,1,1186000,43700,46200,1073500,1068100,100,3100,100,200
3348,1,1189300,43400,46000,1075400,1069900,100,3100,100,200
3349,1,1194300,43300,46300,1076900,1071400,100,3000,0,200
3350,1,1220300,44800,53900,1093300,1087700,100,3300,100,0
3351,1,1225300,43500,46100,1075400,1070000,100,3300,100,0
3352,1,1229800,56300,46400,1083200,1074200,100,3100,100,100
3353,1,1210800,44400,48200,1076000,1069900,100,3400,200,200
3354,1,1196400,43700,46800,1070400,1064800,100,3300,100,100
3355,1,1197400,45000,47300,1070800,1065400,100,2900,100,100
3356,1,1225200,44200,47700,1093000,1087100,100,3100,0,100
3357,1,1213300,43500,47000,1075700,1070500,100,2900,100,100
3358,1,1240400,43900,46300,1072300,1067100,100,3100,0,100
3359,1,25702100,69900,46400,2076600,2062200,100,23440200,600,300
3360,1,33334100,57500,50800,1825300,1814300,0,31300500,400,200
3361,1,1896100,45000,48500,1733700,1726500,100,4700,200,300
3362,1,1571500,44100,47800,1414900,1408600,100,4500,200,100
3363,1,1222500,44400,46800,1080400,1074500,100,4200,100,200
3364,1,1267500,44000,46100,1122500,1116200,100,3000,0,100
3365,1,1223200,45000,48000,1077000,1070900,100,3100,100,100
3366,1,1354400,45100,47300,1074400,1068700,0,3400,100,100
3367,1,1292000,44300,46700,1071300,1065000,0,3100,0,100
3368,1,1195300,44100,46000,1069800,1064300,100,3500,100,100
3369,1,1220100,44100,47000,1085000,1079300,100,3000,100,0
3370,1,1248100,44200,46400,1082200,1076800,100,3100,100,100
3371,1,1209700,45000,47100,1080400,1074800,100,3100,100,100
3372,1,1193100,44000,46800,1071500,1065900,100,3300,100,200
3373,1,1195200,44000,46200,1075300,1069500,100,3000,100,0
3374,1,1208700,44000,46500,1082300,1076800,100,3200,100,100
3375,1,1262300,44300,46000,1069700,1064200,100,3000,100,0
3376,1,1345800,44100,46000,1109100,1102500,100,3400,100,100
3377,1,1218600,44400,47400,1086500,1080800,100,3100,100,100
3378,1,1243500,44000,48000,1087600,1081900,100,3200,100,100
3379,1,1218800,44100,45900,1081800,1076200,100,3000,100,0
3380,1,1188300,43100,46000,1076700,1066800,100,3400,100,100
3381,1,1215700,44400,46400,1070700,1065300,100,3000,100,200
3382,1,1209100,43900,46500,1069900,1064300,100,3000,0,0
3383,1,1183800,44000,46100,1069700,1064300,100,3100,100,200
3384,1,1217000,44100,45900,1095700,1090100,100,3400,100,200
3385,1,1196000,44600,47200,1076800,1071200,100,3200,100,100
3386,1,1192100,44000,45600,1076500,1071100,100,3300,100,100
3387,1,1188600,43900,45900,1074400,1069000,100,3100,0,100
3388,1,1194100,44000,46000,1069900,1064700,100,3000,100,100
3389,1,1185500,44100,45800,1069900,1064600,100,3100,100,200
3390,1,1200700,44000,45800,1069900,1064500,100,3300,100,100
3391,1,1215900,43900,45800,1081300,1075700,100,3000,0,100
3392,1,1190500,44000,46300,1071000,1065600,100,3000,100,100
3393,1,1191700,44100,46300,1069800,1064200,100,3000,100,100
3394,1,1217600,43300,45900,1076300,1066600,100,3100,100,200
3395,1,1183900,43900,45900,1069800,1064200,100,3100,100,0
3396,1,1219700,44000,45900,1070300,1064800,100,3100,100,200
3397,1,1262900,44100,45800,1102600,1096900,100,3100,100,0
3398,1,1266800,43900,46700,1101600,1095700,100,3300,100,0
3399,1,1193400,44500,45900,1071100,1065400,100,2900,100,100
3400,1,1177200,44000,45600,1069800,1064400,100,3400,100,100
3401,1,1194900,44000,45500,1084700,1079000,100,2900,0,200
3402,1,1177400,44400,45800,1069400,1063900,100,3100,0,200
3403,1,1188400,44000,45400,1080100,1074700,100,3200,100,0
3404,1,1194100,43800,45400,1084300,1079000,100,2900,100,100
3405,1,1209200,43700,45900,1095700,1090300,100,3000,100,200
3406,1,1209900,44100,45900,1071400,1065900,100,3300,100,100
3407,1,1188100,43100,45400,1077100,1067800,100,3100,100,100
3408,1,1182200,43800,46200,1073300,1068200,100,3000,100,100
3409,1,1188100,43500,46300,1073200,1068200,100,3100,100,0
3410,1,1201200,43700,46300,1087900,1082900,100,3000,100,0
3411,1,1214400,43800,46300,1073200,1068000,100,3000,100,100
3412,1,1218600,43400,46300,1103300,1098100,100,3000,100,200
3413,1,1198600,43300,46400,1086300,1081100,100,3000,100,200
3414,1,1192200,43700,46200,1073900,1068700,100,2900,100,100
3415,1,1193500,43700,46400,1073100,1067800,100,3000,0,100
3416,1,1194000,43600,46100,1073400,1068200,100,3300,100,0
3417,1,1196600,43500,46200,1073800,1068500,100,3000,100,0
3418,1,1237600,43400,46400,1073400,1068000,100,3200,100,200
3419,1,1286900,43200,48400,1142500,1134900,100,3000,0,100
3420,1,1224800,44400,50400,1086700,1076400,100,3700,200,200
3421,1,1213700,44100,45900,1081600,1075900,100,3100,100,100
3422,1,1223300,44100,46300,1090200,1084800,100,3200,0,100
3423,1,1210700,44100,47500,1089000,1083600,100,3100,100,100
3424,1,1195400,43600,46300,1070700,1065300,100,3100,100,100
3425,1,1213600,44000,45700,1090800,1085400,100,3100,0,200
3426,1,1243400,45100,46100,1087300,1081800,100,3100,100,100
3427,1,1199500,45300,45900,1073400,1067900,100,3200,100,200
3428,1,1247100,44000,47600,1085900,1080400,100,3300,100,0
3429,1,1218800,44200,45900,1071800,1066100,100,3100,100,100
3430,1,1242000,44200,46300,1095800,1090000,100,3200,100,300
3431,1,1195600,43400,45700,1076600,1071100,100,3200,100,100
3432,1,1215100,43900,46000,1099900,1094400,100,3400,100,0
3433,1,1197800,44200,47000,1078100,1072700,100,3100,100,100
3434,1,1196700,43900,45800,1077800,1072400,0,3100,100,0
3435,1,1187200,43800,45400,1069200,1063900,100,3100,0,200
3436,1,1196500,43700,45600,1069900,1064600,100,2900,0,100
3437,1,1217900,46700,45500,1085100,1079700,100,3000,100,0
3438,1,1217900,43900,46100,1069800,1064400,0,3100,100,100
3439,1,1222000,43800,45700,1085500,1080000,100,3100,0,0
3440,1,1232800,44900,45800,1114900,1109800,100,3000,0,100
3441,1,1234700,43900,45600,1085300,1080100,200,3100,100,200
3442,1,1223800,44300,45900,1080500,1074800,100,3100,100,200
3443,1,1186300,43800,45800,1077600,1072200,100,2900,100,100
3444,1,1181900,43900,45700,1072100,1066700,100,3200,100,200
3445,1,1239400,43900,45900,1122800,1117200,0,3100,100,100
3446,1,1199600,43800,46000,1076400,1070800,100,3200,100,200
3447,1,1201700,44000,45700,1085500,1079900,100,3000,100,300
3448,1,1189600,43800,45600,1069700,1064400,100,3200,0,0
3449,1,1196700,43800,45700,1069700,1064100,100,3000,100,100
3450,1,1207500,43900,45900,1069600,1064200,100,3200,100,200
3451,1,1216200,43800,45800,1084000,1078600,100,3000,0,0
3452,1,1207400,43900,46200,1069800,1064600,0,3400,0,100
3453,1,1227300,43700,45900,1092000,1086600,100,3100,100,300
3454,1,1245200,44300,46100,1096900,1091400,100,3200,100,100
3455,1,1197900,44100,45600,1070600,1065300,100,3100,100,100
3456,1,1225300,44100,45700,1069900,1064500,100,3500,100,100
3457,1,1203000,44000,46000,1074400,1068900,0,3100,0,100
3458,1,1295100,43500,46000,1147200,1141500,0,3400,100,0
3459,1,1262900,44000,45900,1089900,1084300,100,3100,100,100
3460,1,1275100,46200,46600,1083000,1077500,100,3500,100,0
3461,1,1250100,44500,46200,1072200,1066600,100,3100,100,100
3462,1,1179500,44500,45800,1070400,1064900,0,3100,100,100
3463,1,1179300,44300,45600,1069800,1064300,0,3100,0,0
3464,1,1179200,44100,45400,1069900,1064400,100,3200,0,0
3465,1,1185700,44600,45600,1069800,1064400,200,3100,0,200
3466,1,1207900,44500,46000,1070000,1064600,0,3300,100,100
3467,1,1199900,47600,48100,1086100,1080200,0,3100,100,200
3468,1,1181200,44500,46300,1070300,1064900,100,3400,100,0
3469,1,1185800,44800,46100,1070400,1064700,100,3000,100,100
3470,1,1197800,44300,46200,1084200,1078600,0,3000,100,0
3471,1,1219000,44700,46200,1069500,1064100,100,3000,0,200
3472,1,1202100,44400,45900,1084700,1079400,100,2900,100,200
3473,1,1220400,44100,45700,1107500,1101500,0,3100,100,0
3474,1,1218400,46700,49100,1098700,1092800,100,3100,0,200
3475,1,1187200,44500,45800,1072600,1067100,100,3300,0,200
3476,1,1190800,44700,46000,1069800,1064400,100,3000,100,200
3477,1,1207500,43500,45500,1085700,1080300,100,3000,0,200
3478,1,1242300,44100,46600,1071800,1066400,100,3300,100,0
3479,1,25642300,67100,45800,2043500,2033100,100,23435400,400,200
3480,1,33302900,51300,51600,1857200,1849700,0,31280900,200,100
3481,1,1889900,44700,52800,1715700,1708600,100,3600,100,300
3482,1,1330400,44500,47000,1198600,1192900,100,4400,0,200
3483,1,1206600,44100,46200,1076600,1070900,100,3100,100,0
3484,1,1222600,43300,45800,1083100,1073900,100,3100,100,300
3485,1,1191700,43900,46000,1069800,1064400,100,3100,100,0
3486,1,1256800,44200,46100,1085000,1079500,100,3100,0,200
3487,1,1264000,44000,45500,1126000,1116800,200,3100,0,200
3488,1,1217100,43400,47900,1083800,1074200,100,3400,200,200
3489,1,1204100,44200,45900,1073800,1067600,100,3100,100,100
3490,1,1295000,43000,46000,1076900,1068000,100,3100,0,0
3491,1,1244800,44100,46200,1069900,1064300,100,3000,100,100
3492,1,1189900,43300,45800,1076000,1066700,100,3000,100,100
3493,1,1195300,43800,46000,1084200,1078600,0,3000,100,100
3494,1,1192800,43400,45600,1077300,1068300,100,3100,100,0
3495,1,1206600,43700,45700,1089900,1084400,100,3100,100,100
3496,1,1197800,43900,46400,1070100,1064600,100,3000,0,0
3497,1,1202900,43300,46100,1076800,1067800,100,3000,100,100
3498,1,1221700,43800,46500,1073400,1068200,100,3100,100,100
3499,1,1203200,43500,46400,1073000,1067800,100,3000,100,0
3500,1,1231100,43400,46100,1122200,1116800,100,3100,100,0
3501,1,1226600,44000,48100,1080300,1074900,0,3400,100,100
3502,1,1236100,43400,47000,1097700,1092400,100,3000,100,100
3503,1,1193100,43500,46200,1077700,1072500,100,3500,0,0
3504,1,1191300,43800,46400,1072700,1067500,100,3200,0,0
3505,1,1197700,43500,46400,1074900,1069600,100,3000,100,200
3506,1,1190600,43700,46100,1074100,1068900,100,3000,100,100
3507,1,1201300,43000,46300,1073500,1068400,100,3100,100,200
3508,1,1201000,43200,46400,1073400,1068300,0,3100,100,100
3509,1,1251800,43000,46400,1116600,1108000,100,3100,100,100
3510,1,1234300,45000,49300,1080800,1074800,100,4000,200,100
3511,1,1217600,44100,47200,1074200,1068500,100,3100,0,100
3512,1,1214800,43500,46900,1073600,1068000,100,3100,0,200
3513,1,1198000,43600,46300,1073400,1067900,0,3000,100,0
3514,1,1229000,43200,46100,1074300,1068700,100,3100,100,0
3515,1,1198300,43400,46300,1073800,1068300,0,3000,100,100
3516,1,1248900,45200,47500,1092700,1087100,100,3100,100,100
3517,1,1206200,43500,46900,1075900,1070400,0,3400,100,100
3518,1,1226600,43400,46300,1073600,1068300,100,3100,0,0
3519,1,1202900,43400,46200,1073800,1068500,100,3000,100,300
3520,1,1205000,43300,46300,1088300,1082900,0,3200,0,100
3521,1,1229500,43100,46400,1074000,1068700,100,3000,100,100
3522,1,1215400,43400,46400,1074300,1069100,0,3000,100,0
3523,1,1193400,43200,50500,1077300,1072000,100,3000,100,100
3524,1,1186800,43100,46000,1074200,1069000,100,3200,100,100
3525,1,1192200,43500,45900,1073700,1068400,100,3000,100,200
3526,1,1214200,43100,46100,1073400,1067900,100,3200,0,200
3527,1,1188700,43700,45800,1072400,1067100,100,3000,100,100
3528,1,1206000,43200,45800,1093100,1087800,0,3100,100,100
3529,1,1226400,43600,46100,1107800,1102600,0,2900,0,300
3530,1,1207200,43700,46400,1087400,1082100,100,3100,100,0
3531,1,1226600,43200,46300,1073600,1068500,100,3100,100,0
3532,1,1191700,43300,45900,1073200,1068100,100,3200,100,100
3533,1,1190700,43400,46100,1073400,1068300,100,3300,100,100
3534,1,1188900,43600,46200,1072900,1067900,0,3000,100,0
3535,1,1204700,43400,46200,1086300,1081200,100,3100,100,100
3536,1,1219200,43400,46600,1091300,1086200,100,3100,100,0
3537,1,1202900,43400,46200,1072300,1067000,0,3000,100,100
3538,1,1249300,43300,46700,1073400,1068200,100,3000,100,0
3539,1,1212600,43500,45900,1073500,1068300,100,3000,100,0
3540,1,1204700,43500,46100,1072700,1067800,100,3100,100,100
3541,1,1200600,43400,46200,1073700,1068700,200,3000,0,100
3542,1,1211600,43400,46100,1088900,1084000,0,3200,100,100
3543,1,1225700,43300,45800,1101200,1096200,0,3000,0,0
3544,1,1190900,43600,46000,1073100,1068100,100,3100,100,100
3545,1,1237200,43500,46300,1073000,1068000,100,3000,100,0
3546,1,1266600,43700,46600,1073400,1068400,100,3400,0,300
3547,1,1199600,43500,46100,1086900,1081900,100,3100,100,200
3548,1,1184400,43300,45900,1073400,1068400,100,3000,100,100
3549,1,1186900,43000,46000,1073000,1068100,100,3100,100,0
3550,1,1260000,43100,46200,1122000,1116800,100,3100,100,200
3551,1,1200700,43800,46300,1085700,1080500,0,3000,100,200
3552,1,1224200,43500,46800,1073000,1067800,100,3100,100,100
3553,1,1222700,43600,46000,1093700,1088500,100,3100,100,200
3554,1,1190900,43400,46300,1079200,1074100,100,3100,100,300
3555,1,1183800,43300,46100,1072200,1067100,100,2900,100,200
3556,1,1192900,43600,46100,1073300,1068200,100,3100,100,0
3557,1,1251600,43600,46000,1128300,1123000,100,3000,100,300
3558,1,1216900,43600,46300,1074200,1069000,100,3200,0,100
3559,1,1214300,43800,46100,1086800,1081700,100,3200,100,200
3560,1,1180500,43100,45800,1072800,1067700,100,3200,0,100
3561,1,1214200,43400,46000,1072800,1067800,0,3100,100,200
3562,1,1206300,43600,46400,1072900,1063700,100,3100,100,100
3563,1,1258000,44100,45600,1149700,1143100,100,3300,100,0
3564,1,1197400,45300,49200,1080800,1074900,100,4000,200,100
3565,1,1188900,43800,45800,1083100,1077600,100,3000,100,100
3566,1,1180500,43600,46100,1075400,1070000,100,3300,100,0
3567,1,1192500,44300,45400,1085200,1079800,100,3000,100,100
3568,1,1176900,43800,45800,1069700,1064600,0,3200,100,300
3569,1,1195400,43300,45800,1074800,1068900,100,2900,0,100
3570,1,1210400,43800,45800,1084800,1079600,100,2900,0,100
3571,1,1217900,44300,46000,1089700,1084400,100,3300,0,100
3572,1,1192400,43600,45900,1069800,1064600,100,3200,100,100
3573,1,1202800,43800,45600,1081500,1076300,100,2900,0,100
3574,1,1221000,43800,46000,1069600,1064200,100,3100,100,0
3575,1,1179200,43800,45800,1070000,1064800,100,3000,100,100
3576,1,1253300,43800,46400,1096100,1087400,100,3000,100,0
3577,1,1237800,46600,49800,1087600,1080000,100,3400,200,100
3578,1,1217200,43400,46000,1075000,1069300,100,4800,100,100
3579,1,1191200,43900,45700,1068400,1063000,100,2900,100,200
3580,1,1194100,43600,45900,1084300,1078900,100,3400,100,0
3581,1,1184400,43900,46000,1069500,1064300,100,2900,100,0
3582,1,1195100,43900,45300,1084700,1079400,0,3200,100,300
3583,1,1221300,43500,45800,1074100,1068600,100,3100,0,0
3584,1,1204700,43600,46200,1072100,1066800,100,3300,0,100
3585,1,1215700,43800,48400,1089000,1083500,100,9000,0,0
3586,1,1219900,43600,45600,1080900,1075700,100,3600,100,200
3587,1,1179000,43900,45700,1069800,1064600,0,3100,100,100
3588,1,1179700,44000,45800,1070100,1065000,100,3200,0,200
3589,1,1189800,43700,45900,1069900,1064600,100,2900,0,200
3590,1,1232100,48500,46000,1107400,1101700,0,2900,100,300
3591,1,1230500,43800,46100,1076700,1071300,0,3500,100,100
3592,1,1211000,43600,47600,1082600,1077300,0,3300,100,200
3593,1,1191800,43500,46500,1070800,1065600,100,3100,100,0
3594,1,1185100,44000,45400,1069400,1064200,100,3000,0,100
3595,1,1189000,44600,46800,1071300,1066000,100,2900,100,100
3596,1,1189400,43800,45900,1070200,1065000,0,3100,0,100
3597,1,1191800,43800,46100,1069100,1064100,100,2900,100,100
3598,1,1236700,43800,46000,1072600,1067100,100,3100,100,100
3599,1,25474300,65400,45500,2096300,2085700,100,23197400,600,300
0,2,3235800,46900,71600,2850600,2833300,0,13300,1600,1700
1,2,1634700,46200,53000,1482700,1476100,100,4700,100,100
2,2,1194200,44000,46800,1076200,1070200,100,3400,0,100
3,2,1194700,44000,46100,1070700,1065000,100,3000,100,100
4,2,1202200,44300,45800,1074200,1068400,100,2500,100,100
5,2,1212800,43900,46900,1073700,1068400,100,3000,100,200
6,2,1200500,43800,46400,1073900,1068800,100,3200,100,100
7,2,1254400,43200,46800,1076300,1070800,100,3000,0,0
8,2,1224900,43600,47000,1099400,1093800,100,3200,100,100
9,2,1206300,43400,48600,1072900,1067600,100,3100,0,100
10,2,1214200,43800,46600,1073200,1068000,100,2900,0,0
11,2,1201000,43300,46900,1073600,1068500,0,3000,100,0
12,2,1213500,43400,46200,1088200,1082900,0,3100,0,200
13,2,1224100,43500,45900,1103900,1095300,100,3000,100,200
14,2,1230300,44100,48700,1093300,1087400,100,3500,100,300
15,2,1236300,46200,46400,1090400,1085200,0,3100,100,0
16,2,1198700,43400,46300,1073000,1067600,100,3100,100,100
17,2,1200000,43400,46300,1074100,1068600,100,3100,100,0
18,2,1278600,43500,46900,1081400,1075900,100,3100,0,100
19,2,1221000,43700,46300,1072900,1067800,100,3000,100,100
20,2,1252200,43800,46900,1076500,1071200,100,3100,100,200
21,2,1238100,43500,46400,1073500,1068300,0,14700,0,100
22,2,1236900,43500,46500,1083800,1078700,100,3400,100,0
23,2,1180500,43500,45800,1073100,1068100,100,2900,100,200
24,2,1194700,43400,46200,1085000,1079700,100,3200,100,100
25,2,1183000,43100,45700,1073800,1068600,0,3000,0,100
26,2,1197300,43500,46000,1087800,1082600,100,3300,100,0
27,2,1186300,43500,45800,1077000,1071700,100,2900,100,300
28,2,1200300,43700,46900,1086200,1081100,0,3200,100,200
29,2,1206300,43500,45700,1090100,1081300,0,2900,100,300
30,2,1198300,43300,46200,1078100,1072900,100,3100,100,200
31,2,1197200,43300,45900,1073400,1068300,0,3000,100,200
32,2,1199300,43500,46100,1073300,1068200,100,3300,100,100
33,2,1195100,43300,46100,1072700,1067600,0,3000,100,100
34,2,1230600,43500,46200,1090500,1085300,100,3300,0,0
35,2,1251300,43800,45700,1129000,1123000,100,2400,100,0
36,2,1233400,43900,47100,1080200,1074600,100,3600,100,0
37,2,1214000,46300,48400,1072100,1064800,100,3000,100,100
38,2,1207600,43700,46200,1084800,1079400,100,3100,0,100
39,2,1220500,43900,46100,1069400,1064000,100,3000,100,100
40,2,1224300,43400,46200,1088000,1082700,100,3300,100,300
41,2,1213000,43600,45800,1089500,1084400,100,3100,100,100
42,2,1187700,43800,45900,1072100,1066700,100,3100,100,100
43,2,1190900,43500,48600,1069700,1064500,100,3000,100,0
44,2,1190100,43900,46000,1069600,1064400,100,3400,100,200
45,2,1198800,43400,46400,1074100,1068900,100,3100,100,200
46,2,1214800,43800,46000,1069800,1064600,100,3100,100,100
47,2,1191700,44000,46200,1069600,1064200,100,3000,100,100
48,2,1237600,44100,45900,1122400,1116900,0,3100,0,200
49,2,1227500,43500,46200,1075200,1070000,100,3000,100,100
50,2,1225300,43700,56900,1069600,1064500,100,3100,100,100
51,2,1227600,43800,46300,1068300,1062900,100,3100,100,100
52,2,1201200,44000,46200,1069800,1064600,100,3400,100,0
53,2,1207100,43700,46900,1082800,1077600,100,3000,100,100
54,2,1196300,44000,46100,1069500,1064300,100,3000,100,0
55,2,1222500,43300,45900,1097900,1092200,100,3100,100,200
56,2,1193000,44800,51300,1069800,1064700,100,3200,100,100
57,2,1189300,43600,45900,1069300,1064200,100,3000,0,100
58,2,1219400,43700,46500,1083900,1078800,100,3100,0,100
59,2,1212300,44100,46100,1069600,1064400,0,3000,100,0
60,2,1294100,43300,46600,1071700,1066300,0,3100,100,200
61,2,1320700,44400,46600,1122400,1117100,0,3100,100,100
62,2,1195100,46100,48100,1081300,1075800,100,3300,0,100
63,2,1179500,44100,46600,1069400,1064100,100,3000,100,100
64,2,1204100,45400,46600,1091500,1086100,100,3400,100,200
65,2,1185400,43900,46700,1070000,1064600,100,3000,0,100
66,2,1214300,44100,46000,1069800,1064500,100,3000,100,200
67,2,1206000,44100,46300,1084400,1079200,100,3000,100,200
68,2,1186500,43900,46200,1069600,1064400,100,3200,100,200
69,2,1199800,43900,47400,1081300,1076100,100,3100,100,200
70,2,1211500,43900,46900,1071300,1066000,100,3000,100,200
71,2,1187300,44300,46400,1069300,1063900,100,3100,100,200
72,2,1188400,44000,46600,1070600,1065300,100,3200,0,100
73,2,1200200,44200,46400,1085000,1079500,100,2900,0,100
74,2,1201700,44300,46600,1076700,1066600,100,3100,100,200
75,2,1259300,49200,55100,1107800,1101300,100,7700,200,100
76,2,1211500,47600,49300,1080300,1074500,0,3100,100,0
77,2,1193900,43900,45600,1070200,1064400,100,3000,0,100
78,2,1193200,44000,45800,1070300,1064500,0,3300,100,0
79,2,1225400,47200,46100,1068300,1062700,0,3000,100,200
80,2,1245200,44700,46400,1069000,1063400,100,3300,100,100
81,2,1248200,43600,46400,1076300,1070400,0,3000,100,200
82,2,1205900,43900,46600,1071100,1065300,100,3300,100,200
83,2,1209600,43700,45600,1105200,1099200,0,3200,0,300
84,2,1186100,45500,46600,1076800,1071100,0,3200,0,0
85,2,1183000,44700,46100,1076100,1070300,0,3200,100,0
86,2,1184100,42600,45300,1081400,1072100,0,3500,100,0
87,2,1194100,43200,46600,1089300,1084000,100,2900,100,0
88,2,1183500,43600,46100,1077000,1071800,100,3200,100,300
89,2,1208700,43200,46100,1093400,1084500,100,3200,100,100
90,2,1261800,44900,57300,1117800,1111700,200,3900,200,100
91,2,1215200,43500,46700,1091000,1085600,0,3000,100,0
92,2,1211500,43300,46300,1087400,1082200,100,3000,0,200
93,2,1207500,43600,46300,1084100,1079000,0,3000,100,200
94,2,1226100,43700,46300,1080100,1075000,100,3000,100,200
95,2,1190800,43500,46100,1078300,1073100,0,2900,100,300
96,2,1253100,43600,46100,1109400,1104200,0,3200,100,200
97,2,1247600,43800,54700,1114300,1108700,100,3100,100,200
98,2,1213200,43400,46500,1092400,1087000,100,3400,100,200
99,2,1239500,43300,46500,1087400,1082300,200,2900,100,300
100,2,1218900,43700,46300,1083600,1078500,100,3200,0,100
101,2,1212400,43400,46000,1093200,1088100,100,3100,100,100
102,2,1198800,43400,46000,1080700,1075500,100,3300,100,200
103,2,1216400,43300,45800,1098300,1093000,100,3100,100,200
104,2,1209300,43500,46000,1081200,1076100,100,3400,100,100
105,2,1212500,43200,46100,1074600,1069400,100,3000,100,0
106,2,1222500,43700,46800,1074900,1069600,100,3000,100,100
107,2,1208800,43200,46100,1085400,1080100,100,3000,0,100
108,2,1196500,43700,45900,1074500,1069300,100,3500,0,0
109,2,1206300,43300,45900,1088600,1083300,100,3000,100,100
110,2,1244700,43300,45700,1127100,1122100,100,3100,100,100
111,2,1278200,43600,46700,1077200,1072200,100,3000,100,200
112,2,1238900,43300,46500,1084100,1078800,100,3300,100,100
113,2,1196400,43400,45900,1074400,1069100,100,3000,100,0
114,2,1193500,43400,45900,1073700,1068400,100,3200,100,100
115,2,1192000,43300,45700,1072800,1067700,100,3000,100,100
116,2,1189300,45100,45800,1073700,1068600,100,3100,100,0
117,2,1190900,43700,45800,1074100,1068900,100,3000,100,0
118,2,1209000,43400,46000,1072300,1067200,100,3300,100,0
119,2,24637400,49400,46100,1345500,1339700,100,23142100,100,100
120,2,32456900,53800,47100,1608600,1601400,100,30687900,200,100
121,2,1687500,45900,49000,1542700,1536800,0,5000,100,100
122,2,1406300,43300,47300,1273200,1267300,0,3800,100,100
123,2,1209600,42400,46600,1082300,1072400,100,3600,100,100
124,2,1197100,43600,46000,1072800,1067200,100,3600,0,0
125,2,1198900,43400,45800,1072700,1067200,100,3100,100,300
126,2,1274500,43200,46300,1105600,1096400,0,2800,100,300
127,2,1242600,45300,50400,1091400,1085300,100,3500,200,200
128,2,1203200,43200,46400,1072900,1067000,100,3400,100,200
129,2,1208400,43400,46100,1075300,1066000,100,3000,100,0
130,2,1248000,43700,46100,1082100,1076400,100,3100,100,200
131,2,1205200,43900,46300,1069200,1063600,100,3100,200,100
132,2,1203000,43800,46300,1069000,1063700,100,3200,100,100
133,2,1251700,43900,46400,1115700,1110500,100,3100,100,100
134,2,1219500,44700,47500,1078400,1072700,100,3200,100,100
135,2,1208900,44600,45800,1069000,1063500,100,3000,100,100
136,2,1226100,42500,46200,1076000,1066700,100,3200,100,200
137,2,1223000,43500,46300,1084300,1078800,100,3100,0,100
138,2,1209000,43700,46100,1072600,1067000,100,3100,100,100
139,2,1241200,43700,46200,1072700,1067200,100,3100,100,100
140,2,1250100,43700,45900,1100100,1094600,100,3100,100,100
141,2,1230000,43400,46300,1072500,1066900,100,3200,100,0
142,2,1266700,43600,46500,1071500,1066000,100,2900,0,200
143,2,1219100,43400,45900,1072200,1066900,100,2900,100,300
144,2,1202000,43300,46000,1087400,1082000,100,3200,100,100
145,2,1241500,43600,46400,1072400,1066900,100,3000,100,100
146,2,1265200,43400,45800,1076100,1067200,100,3000,100,0
147,2,1200300,45900,47800,1091600,1086200,100,3000,100,200
148,2,1196000,44300,45500,1089000,1083200,0,3400,0,0
149,2,1188200,43600,46100,1072600,1067200,100,2900,100,0
150,2,1188000,43600,45900,1072800,1067400,100,3400,0,100
151,2,1204200,43400,46000,1085500,1080200,100,3000,100,0
152,2,1191900,43300,46000,1072400,1067100,0,3400,100,100
153,2,1196000,43600,46200,1076200,1070700,100,3000,100,200
154,2,1216200,43600,52400,1072800,1067300,0,3100,100,100
155,2,1185500,43500,45700,1073000,1067600,100,3100,100,100
156,2,1209700,42500,46000,1072500,1063200,0,3200,100,100
157,2,1195700,43700,46100,1082000,1076900,100,3100,0,0
158,2,1180100,43900,45900,1068700,1063300,100,3300,100,100
159,2,1210900,44000,46100,1068700,1063500,100,3100,100,200
160,2,1200300,43700,46100,1072000,1066600,100,3100,100,0
161,2,1197000,43600,45900,1068700,1063400,100,2900,100,100
162,2,1186800,43800,45800,1072900,1067500,100,3100,100,100
163,2,1183500,43800,45900,1068700,1063300,100,3000,0,100
164,2,1185800,43600,46000,1068200,1063000,0,3200,100,300
165,2,1216000,43600,45700,1097900,1092600,100,3200,100,200
166,2,1206200,43800,45900,1069600,1064100,100,3000,100,300
167,2,1190100,44200,46200,1074400,1069100,100,3100,100,200
168,2,1254200,43600,61100,1125000,1117400,100,3500,100,100
169,2,1211800,45200,50200,1086600,1080600,100,3400,100,200
170,2,1190800,43900,46200,1071900,1066500,100,3000,0,100
171,2,1219200,43900,46400,1069100,1063900,100,3200,100,100
172,2,1203500,43800,45600,1083200,1077900,100,3100,100,0
173,2,1247500,43800,46300,1085200,1079800,100,3100,100,0
174,2,1214100,43500,46300,1076000,1070600,0,3300,100,200
175,2,1206400,43800,46300,1086400,1081200,0,3100,0,200
176,2,1191800,43800,46100,1079900,1074700,100,3100,0,200
177,2,1197600,43700,46200,1083400,1078100,100,3100,0,100
178,2,1198800,43600,45800,1067200,1061900,100,3400,0,100
179,2,1207300,44100,45500,1069600,1064300,0,2900,100,100
180,2,1193900,43900,45900,1068600,1063400,100,3200,100,100
181,2,1232200,43400,45800,1122500,1117200,0,3100,100,100
182,2,1208000,43800,50100,1094000,1088700,100,4200,0,200
183,2,1190900,43400,46100,1082000,1076700,100,3100,100,300
184,2,1186900,42800,45400,1077800,1068500,100,3200,0,100
185,2,1201000,43800,46200,1086700,1081200,100,2900,100,0
186,2,1213500,43400,45900,1072900,1067500,100,3200,100,100
187,2,1186200,44000,45700,1072900,1067500,100,3100,0,100
188,2,1220200,43800,46100,1110000,1104600,100,3400,100,300
189,2,1187600,43600,45700,1070800,1065400,100,3000,100,200
190,2,1235100,43900,46300,1086400,1081100,100,3400,100,200
191,2,1196500,43900,46000,1072500,1067200,100,3000,100,0
192,2,1200200,43500,46200,1070700,1065300,100,3300,100,100
193,2,1198000,43800,46100,1072600,1067300,100,3000,100,200
194,2,1232200,43600,46300,1105700,1100300,100,3100,100,200
195,2,1203500,43600,46000,1074400,1069200,100,2900,100,200
196,2,1197700,43800,46500,1073000,1067900,100,3100,0,100
197,2,1197500,43100,45700,1072800,1067500,100,3000,100,200
198,2,1214400,43500,46200,1086100,1080900,100,3000,100,200
199,2,1234500,43800,46200,1086000,1080800,100,3100,100,0
200,2,1206100,43300,46200,1072700,1067400,100,3200,100,300
201,2,1222400,43600,46100,1072000,1066900,100,3000,100,300
202,2,1252100,43400,46500,1110200,1105100,100,3100,100,100
203,2,1200100,43500,45900,1088800,1083700,100,3000,100,300
204,2,1220800,43800,46000,1070900,1065800,100,3100,100,200
205,2,1202900,43300,46000,1072300,1067100,100,2900,0,100
206,2,1181200,43500,45600,1072300,1067200,200,3000,100,0
207,2,1227400,43400,45500,1114900,1109000,100,3000,100,200
208,2,1221600,43400,48700,1107700,1102400,100,3300,100,200
209,2,1218000,43300,47600,1098600,1093400,100,3000,0,100
210,2,1211800,43300,47000,1086800,1081500,100,3200,100,200
211,2,1210800,43200,46300,1083900,1078600,100,3000,0,0
212,2,1209300,43700,46700,1081300,1075900,100,3100,0,0
213,2,1205200,43400,46300,1079000,1073800,100,3100,100,200
214,2,1220400,43700,46200,1077100,1072000,0,3000,100,0
215,2,1195700,43700,46100,1076700,1071500,100,3000,100,200
216,2,1266100,46100,46400,1116700,1111300,0,3800,100,300
217,2,1203800,43600,47000,1085100,1079900,0,3300,0,100
218,2,1194900,43400,47000,1081300,1076100,100,3500,100,100
219,2,1220300,43700,46400,1078800,1073600,200,3100,100,100
220,2,1204100,43400,46100,1074000,1068900,100,3200,100,0
221,2,1204200,43400,46000,1078400,1073000,100,3000,0,0
222,2,1216400,43300,46100,1088800,1083600,100,3100,0,100
223,2,1235600,44500,49600,1103700,1094400,100,3100,0,100
224,2,1228200,43900,50800,1085000,1079200,100,3600,100,100
225,2,1221200,43700,46300,1087300,1082000,100,3300,100,200
226,2,1230400,43200,46300,1075900,1070700,100,3100,100,200
227,2,1197800,43300,45800,1077000,1071800,0,3000,100,100
228,2,1195400,43600,46000,1075800,1070600,100,3200,100,300
229,2,1208600,43500,45600,1087800,1082600,100,2900,100,200
230,2,1241200,44400,46300,1078600,1073300,100,3400,0,100
231,2,1276400,43500,46600,1073300,1068200,100,3000,100,200
232,2,1211500,43400,45800,1087500,1082300,100,3200,100,100
233,2,1194600,42900,46200,1073300,1067900,100,2900,100,200
234,2,1188900,43400,46000,1073500,1068300,100,2900,100,0
235,2,1236300,43200,46000,1077300,1071800,100,2900,100,200
236,2,1257400,43900,59700,1105200,1099500,100,3100,100,100
237,2,1190400,43500,46000,1075800,1070600,100,2900,0,100
238,2,1209600,43600,45900,1075100,1069800,100,3200,0,300
239,2,24373100,51500,45900,1342500,1335900,100,22871500,300,100
240,2,32415500,51800,47300,1383700,1377500,100,30869100,100,0
241,2,1438500,44500,47300,1313500,1307700,0,4500,100,0
242,2,1396900,43800,47000,1279200,1273600,100,3200,100,200
243,2,1302400,44100,47000,1184200,1178600,100,3200,100,200
244,2,1193800,44100,46500,1075400,1069800,100,3200,100,300
245,2,1208200,43900,46300,1087900,1082200,100,3000,100,0
246,2,1244700,43800,46300,1089800,1084300,100,3100,100,100
247,2,1222400,44000,46100,1101500,1092600,0,2900,100,100
248,2,1184100,44400,46100,1070900,1065200,0,3300,100,0
249,2,1183600,44000,46600,1070600,1065100,0,2900,100,100
250,2,1211400,43500,46600,1072900,1067300,100,3000,0,200
251,2,1264100,43500,46100,1147600,1141900,100,3000,100,100
252,2,1208900,44100,46800,1081500,1076100,100,3100,0,200
253,2,1218000,43700,47500,1088100,1082300,100,2900,100,100
254,2,1211900,43800,47000,1074900,1069600,100,3500,100,0
255,2,1206600,43900,46300,1073000,1067300,100,3100,100,200
256,2,1203900,43400,46100,1077400,1068100,0,3400,100,100
257,2,1221800,43900,46300,1087300,1081500,100,3100,100,200
258,2,1203800,43700,46200,1072500,1067000,100,3100,100,0
259,2,1235800,43800,46500,1072800,1067200,100,2900,100,100
260,2,1236600,43600,46300,1087900,1077800,100,3100,100,200
261,2,1236900,44100,48300,1084300,1079000,100,3100,100,0
262,2,1213700,43700,46700,1068600,1063400,100,3100,100,100
263,2,1178400,43700,45800,1067000,1061900,100,3100,100,0
264,2,1195700,43800,46600,1082100,1076900,100,3100,100,100
265,2,1176800,43900,46000,1066700,1061500,100,2900,0,200
266,2,1225100,43700,46300,1068600,1063300,100,2900,100,100
267,2,1239900,45200,50100,1100600,1095100,0,3000,100,100
268,2,1177200,43700,46800,1067800,1062500,100,3300,100,200
269,2,1183600,44000,47400,1068700,1063500,100,3000,100,200
270,2,1188000,44000,46400,1068200,1063000,100,3200,100,200
271,2,1193800,43900,46200,1067200,1061900,100,3100,100,200
272,2,1188300,43900,46100,1066500,1061400,0,3300,0,200
273,2,1192500,43800,46200,1068600,1063200,100,2900,0,100
274,2,1225100,44000,47800,1070600,1065400,100,3200,100,200
275,2,1198700,43800,46000,1068400,1063200,100,3000,100,100
276,2,1222600,43800,46700,1068500,1063300,100,3400,100,200
277,2,1198300,43800,46200,1069100,1063700,100,2900,100,100
278,2,1207800,43800,46000,1084400,1079000,100,3100,100,100
279,2,1225200,43700,45900,1080700,1075100,0,3000,100,100
280,2,1228200,43800,46600,1096700,1087600,100,3000,100,300
281,2,1220900,44800,58700,1078700,1072300,100,3500,200,200
282,2,1185900,43600,46300,1069200,1063300,100,3100,100,100
283,2,1204100,43700,45800,1081500,1076200,100,2900,100,100
284,2,1192900,43800,45800,1067200,1061900,0,3200,100,0
285,2,1196600,44300,46500,1068600,1063400,100,3100,100,200
286,2,1246600,43800,46400,1083500,1078100,100,3100,100,100
287,2,1263000,47900,85300,1089900,1081500,100,2900,100,100
288,2,1206800,43900,46400,1074200,1068300,100,3300,200,100
289,2,1188200,43500,46400,1069100,1063800,200,2900,100,100
290,2,1190900,43800,46500,1068800,1063500,0,3100,100,100
291,2,1224100,43800,46000,1068400,1063200,100,2600,0,200
292,2,1197500,43900,46500,1068900,1063600,100,3200,100,200
293,2,1208600,43700,46000,1082900,1077600,100,3100,100,200
294,2,1195100,44000,46200,1071200,1066100,0,2900,100,0
295,2,1195000,44800,46000,1068800,1063400,100,3100,100,0
296,2,1190800,43600,46000,1073500,1068100,100,3100,100,200
297,2,1354300,45900,85600,1124800,1118300,200,2900,1700,0
298,2,1239800,44000,47500,1072700,1066800,200,3200,100,200
299,2,1219500,44000,46400,1074000,1068500,100,3000,100,0
300,2,1203800,43700,46500,1072800,1067400,100,3100,100,0
301,2,1242000,43800,46300,1119900,1110800,100,3100,0,100
302,2,1217400,43400,48800,1095400,1085800,100,3400,200,100
303,2,1191000,43400,46500,1074800,1069400,100,3000,100,100
304,2,1186600,43200,46100,1074200,1068800,100,3200,100,200
305,2,1190200,43100,46400,1072200,1066900,100,3100,100,100
306,2,1227000,43300,46600,1073100,1067800,100,3100,100,500
307,2,1200100,43400,46500,1073200,1067900,100,3000,0,0
308,2,1199700,43300,46200,1082700,1077300,0,3300,0,100
309,2,1200400,43400,48500,1072100,1066800,100,3000,100,0
310,2,1220900,43300,46000,1072900,1067500,100,3200,0,100
311,2,1191300,43100,46000,1073000,1067400,0,3200,100,300
312,2,1191800,43800,46100,1070800,1065400,0,3400,100,100
313,2,1220300,43400,46100,1100500,1095100,100,3000,0,200
314,2,1263900,43400,46300,1136100,1128600,100,3100,100,0
315,2,1272400,44900,50400,1085100,1078900,100,3500,200,100
316,2,1263500,43500,46800,1085800,1080100,100,3500,0,0
317,2,1205500,43400,46500,1078400,1072800,100,3000,100,0
318,2,1198200,43500,46300,1075100,1069900,100,3200,100,0
319,2,1226000,43700,46600,1072900,1067500,200,3100,100,200
320,2,1208700,43500,46300,1072000,1066500,100,3300,100,200
321,2,1242500,43600,46500,1094400,1088900,0,2900,0,0
322,2,1222200,43500,51000,1073800,1068300,100,2900,0,100
323,2,1180000,43500,45900,1075500,1070200,100,3000,100,100
324,2,1260800,43500,45600,1150600,1141600,100,3200,0,0
325,2,1201600,44500,46600,1084400,1078700,400,3000,100,0
326,2,1184500,44000,46500,1072800,1067100,100,3100,100,100
327,2,1224100,43700,45800,1118100,1112700,100,2900,0,300
328,2,1227500,43400,46100,1079100,1073600,100,3500,100,100
329,2,1207900,43500,45700,1073600,1068200,100,2400,0,0
330,2,1188100,43800,46300,1070600,1065200,100,3000,0,0
331,2,1204800,43500,46000,1086400,1081000,100,3000,100,200
332,2,1192800,43600,45900,1073100,1067700,0,3000,100,300
333,2,1192600,43300,46500,1072500,1067100,100,2900,100,200
334,2,1210900,43600,46400,1072800,1067400,100,2900,100,0
335,2,1222200,43500,46100,1106100,1100600,100,2900,100,200
336,2,1218300,43600,46500,1079000,1073600,100,3000,100,100
337,2,1186900,43700,46000,1074700,1069300,100,2900,0,200
338,2,1182200,43500,45900,1074100,1068800,100,3000,100,100
339,2,1207900,43300,46100,1073100,1067800,100,3000,100,100
340,2,1278400,43800,45500,1154500,1145300,100,3400,0,0
341,2,1226000,44800,48600,1103700,1097700,100,3500,100,100
342,2,1224900,44900,47100,1112900,1107000,0,3200,0,100
343,2,1208800,43700,46700,1097000,1091600,100,3200,100,100
344,2,1203800,43600,46700,1088200,1082800,100,3200,0,0
345,2,1207000,43500,46200,1083600,1077900,100,3000,0,200
346,2,1233000,43500,46200,1083000,1077300,100,3000,100,100
347,2,1195000,43800,46000,1077800,1071900,0,3000,0,200
348,2,1197200,43600,46400,1077800,1072200,100,3500,100,0
349,2,1213800,43400,45900,1099600,1093700,100,3200,0,0
350,2,1226000,47400,49100,1095300,1085900,100,3300,100,100
351,2,1240700,43800,47100,1082700,1077000,100,3200,100,100
352,2,1207200,43300,45800,1083300,1077300,100,2700,0,200
353,2,1210000,43300,46200,1081000,1075300,100,3100,0,200
354,2,1196800,43600,45900,1079400,1073800,100,3000,0,200
355,2,1198300,43300,46000,1074700,1069200,0,3000,0,0
356,2,1224700,43600,46000,1109200,1099600,100,3000,0,100
357,2,1199500,44600,46300,1077600,1072000,100,3300,100,0
358,2,1221100,44500,46300,1077600,1072400,100,3000,100,100
359,2,24657200,51000,46300,1361100,1355300,100,23089200,200,100
360,2,32182700,51200,47500,1415300,1394500,200,30551200,200,200
361,2,1460700,44200,47500,1315100,1309000,100,3900,200,100
362,2,1402200,43900,47100,1269700,1263900,100,3000,0,0
363,2,1402000,44000,46800,1272200,1266700,100,3000,100,0
364,2,1406100,43600,47200,1278500,1269700,100,3000,100,100
365,2,1278200,44900,54600,1122300,1116000,100,3400,100,100
366,2,1242000,43900,47200,1073700,1068000,100,3000,100,100
367,2,1210400,43000,46300,1077000,1067500,100,3000,100,0
368,2,1190900,43900,46300,1072500,1067000,100,3100,100,100
369,2,1190300,43500,45800,1072300,1066900,100,3000,100,300
370,2,1225000,43800,46400,1079700,1073800,100,3100,200,200
371,2,1230600,43800,45900,1110000,1101500,100,2900,100,200
372,2,1206400,44500,48800,1075900,1069700,100,3700,200,100
373,2,1208700,44800,46600,1084600,1079100,100,3000,100,0
374,2,1200600,44400,47000,1075000,1069600,100,3000,100,100
375,2,1202500,44100,46500,1071300,1066200,100,3000,100,100
376,2,1202800,43900,46800,1072100,1066900,100,3600,0,100
377,2,1212600,43500,47000,1072900,1067500,100,3100,100,200
378,2,1207700,43500,46700,1072000,1066800,100,3100,100,0
379,2,1242500,43600,46000,1078100,1072900,100,3100,100,0
380,2,1214300,43200,46700,1070600,1065400,100,3500,100,100
381,2,1243100,43500,46400,1084500,1079300,100,3000,100,200
382,2,1284400,42900,46400,1133200,1127400,100,3000,100,200
383,2,1197200,43400,47100,1077200,1067600,100,3000,100,0
384,2,1254600,43900,45800,1128200,1121500,100,3300,100,200
385,2,1209500,47300,46400,1089200,1082500,100,3000,0,100
386,2,1217900,44700,51000,1082900,1076700,100,3400,200,100
387,2,1188500,43800,46000,1071300,1065700,100,3400,100,0
388,2,1186200,43800,46100,1067100,1061600,100,3000,0,100
389,2,1189000,43500,45800,1069400,1064000,0,2900,100,300
390,2,1249300,44000,45900,1069500,1064100,0,3100,100,0
391,2,1253500,43700,46100,1087600,1081900,0,2500,100,100
392,2,1211300,43500,46500,1070800,1065300,100,3000,100,100
393,2,1226700,43600,46100,1093300,1087800,100,3100,100,0
394,2,1229100,43400,47100,1072400,1067200,100,3000,0,0
395,2,1200800,43600,46000,1072100,1066700,100,3000,100,200
396,2,1221000,43600,45500,1072200,1067000,200,3100,100,100
397,2,1217700,43700,46100,1094300,1089100,100,3100,100,100
398,2,1189000,43300,46200,1072200,1067000,100,3000,0,0
399,2,1256300,45700,49200,1101000,1095700,100,3000,0,200
400,2,1278600,43600,47400,1093000,1087400,100,3100,100,200
401,2,1250500,43300,46500,1073600,1068200,100,2900,100,100
402,2,1181200,43300,45800,1073000,1067700,100,3300,100,100
403,2,1181300,43500,45600,1072200,1067000,100,3100,100,200
404,2,1183600,43700,46000,1071100,1066100,100,3200,100,0
405,2,1186200,43300,45700,1070700,1065400,100,3000,100,0
406,2,1212000,43500,46400,1075200,1069900,0,3000,100,100
407,2,1192400,43400,46700,1077300,1072100,100,3100,100,100
408,2,1197200,44700,46200,1075000,1069900,100,3100,0,100
409,2,1200500,43600,45900,1084800,1079500,100,3100,100,200
410,2,1194100,43300,46400,1072600,1067300,100,3300,100,100
411,2,1224800,43400,46100,1074100,1068900,100,3100,100,0
412,2,1199900,43300,46000,1073200,1068100,100,3100,0,200
413,2,1211200,44300,45500,1087500,1082400,100,3000,0,100
414,2,1197200,43200,46000,1074700,1069400,100,3300,100,0
415,2,1196400,43500,45900,1072300,1067200,100,3000,100,0
416,2,1182100,43100,45800,1071000,1065700,100,3500,0,100
417,2,1206800,43500,45800,1088500,1083300,100,3000,100,0
418,2,1222700,43700,46000,1086700,1081400,0,3500,100,100
419,2,1218300,43700,46000,1073300,1068000,100,2900,100,200
420,2,1204100,43500,46300,1075600,1070200,100,3300,100,300
421,2,1262700,43800,45800,1103300,1097500,100,3000,100,100
422,2,1212100,44100,46300,1076300,1070500,100,3100,200,100
423,2,1184100,43900,45900,1073700,1068400,100,3000,100,0
424,2,1181800,43400,45700,1071300,1065900,100,3100,100,100
425,2,1213800,43400,45700,1099000,1093400,100,3100,0,100
426,2,1221500,47000,48200,1073200,1067800,100,3100,100,0
427,2,1187400,43700,46300,1073400,1068000,100,3300,100,300
428,2,1181100,43600,45800,1072500,1067200,0,3400,0,200
429,2,1179300,43900,45800,1070300,1065000,100,3000,0,100
430,2,1205400,43700,46000,1072200,1066900,100,3100,0,300
431,2,1200300,43700,45500,1087100,1081800,0,3200,100,200
432,2,1188900,44800,45900,1076800,1070800,100,3200,100,100
433,2,1181600,43500,45700,1072300,1066900,100,2900,100,300
434,2,1228400,43400,45500,1112300,1105400,0,3000,0,200
435,2,1208400,44100,50400,1080000,1069900,100,3500,200,100
436,2,1191800,45400,46600,1073900,1068400,100,3300,100,0
437,2,1196200,44600,46700,1073600,1068100,0,3000,100,200
438,2,1208700,44600,46700,1087500,1081700,100,3400,100,0
439,2,1241100,44200,46800,1086300,1080800,0,3000,0,200
440,2,1208300,43800,46600,1072000,1066700,100,3000,100,0
441,2,1263100,44400,46600,1112700,1107400,100,2900,100,200
442,2,1241200,44000,46700,1098100,1092600,100,3100,100,100
443,2,1187300,44200,46700,1072600,1067300,100,3100,100,200
444,2,1191800,43800,46500,1072400,1067100,0,3200,100,0
445,2,1202200,43900,46400,1081800,1076200,0,3000,0,100
446,2,1193800,44400,46100,1070600,1065300,100,3200,100,200
447,2,1241500,44500,46500,1125800,1120000,0,3100,100,200
448,2,1213200,44200,46700,1093300,1087800,100,3000,100,100
449,2,1225600,44300,46500,1099200,1093700,100,3000,0,100
450,2,1201800,44200,47200,1074100,1068800,100,2900,100,0
451,2,1213200,44100,46500,1089300,1083800,100,2900,0,0
452,2,1242500,44500,47300,1073100,1067900,100,3100,100,0
453,2,1237900,44200,47000,1089700,1084300,200,2900,100,100
454,2,1219200,44600,47000,1073700,1068300,0,3100,100,100
455,2,1206300,43900,46000,1090000,1084700,100,3000,100,200
456,2,1231800,43900,46400,1085400,1080000,100,3100,100,100
457,2,1202200,43400,45900,1083900,1078200,100,3100,100,100
458,2,1181900,43700,45600,1071000,1065800,100,3100,0,100
459,2,1209900,43700,46000,1070900,1065600,100,2900,0,100
460,2,1249000,43700,45700,1120600,1112300,100,3300,100,300
461,2,1202500,43500,48200,1080800,1071600,100,3500,100,100
462,2,1185400,45300,47500,1069400,1063700,100,3100,100,100
463,2,1184800,43800,45900,1069200,1063800,100,3100,100,200
464,2,1203200,43700,45800,1088800,1083500,100,3300,100,0
465,2,1184900,43600,46000,1066900,1061700,100,3100,100,100
466,2,1206000,43800,45900,1066900,1061500,100,3000,100,100
467,2,1180600,43700,45500,1068700,1063400,200,3200,100,0
468,2,1187200,44100,45900,1071700,1066400,100,3400,100,300
469,2,1227600,45400,46600,1107800,1102400,100,3100,100,200
470,2,1206900,43600,47300,1081500,1076000,200,3000,100,0
471,2,1225200,43700,46500,1068600,1063500,100,3200,100,0
472,2,1206600,43900,46300,1078300,1073000,100,3400,0,0
473,2,1229800,43600,46200,1103800,1098400,0,3100,100,200
474,2,1245700,45100,55200,1109700,1104200,100,2900,0,100
475,2,1220700,44000,46300,1092200,1086900,100,3400,0,100
476,2,1224100,44700,47800,1094300,1089000,100,3300,100,100
477,2,1218500,43400,46800,1081500,1076200,0,3300,100,200
478,2,1232100,43900,46100,1085200,1080000,100,3200,100,100
479,2,24766000,52000,46400,1454800,1448800,100,23141400,100,200
480,2,31997800,53900,47700,1450600,1442300,100,30358700,100,100
481,2,1517400,44400,47600,1366000,1360100,100,4100,100,100
482,2,1421100,44100,46200,1290400,1284500,0,3100,100,100
483,2,1289200,44300,46200,1076900,1070900,100,3100,100,200
484,2,1253300,44400,45400,1070500,1064700,100,2500,100,0
485,2,1316000,44300,46000,1114300,1108300,100,2900,100,200
486,2,1358000,43800,46300,1067800,1062000,0,3300,100,100
487,2,1189800,44100,45400,1067400,1061800,0,2900,100,0
488,2,1181100,44100,45400,1069400,1063600,100,3100,100,0
489,2,1182200,44000,45700,1068700,1063000,100,3100,100,0
490,2,1211100,43900,45900,1069600,1063800,100,3000,100,100
491,2,1229400,44100,45800,1115900,1110200,100,3000,100,100
492,2,1191400,44200,45900,1073700,1068100,100,3300,100,200
493,2,1199400,43700,46900,1081900,1076300,0,3100,100,100
494,2,1190300,43900,46600,1069400,1063900,100,3200,100,100
495,2,1216800,43900,46000,1086800,1081300,0,2900,0,100
496,2,1188000,44100,46000,1069100,1063700,100,3000,0,100
497,2,1188400,44100,45600,1068700,1063400,100,3000,100,100
498,2,1199700,43800,45800,1083000,1077700,100,3000,100,200
499,2,1236400,43800,45900,1088300,1082800,100,3100,100,100
500,2,1215000,43700,45900,1081400,1076000,100,2900,100,200
501,2,1218600,43900,45900,1066800,1061400,100,3000,100,100
502,2,1210900,44200,46100,1066800,1061200,100,3100,100,100
503,2,1183200,44200,45700,1068800,1063300,100,3000,100,0
504,2,1260100,43900,46000,1143700,1134700,100,3100,100,200
505,2,1209700,43400,48100,1084600,1074800,100,3500,200,100
506,2,1201200,44500,48800,1084800,1079500,0,3100,0,0
507,2,1199700,43100,46100,1085800,1080500,100,3000,100,0
508,2,1192100,43500,46000,1072000,1066600,100,3600,100,100
509,2,1199200,43400,46000,1085900,1080400,100,3100,100,100
510,2,1195900,43600,46000,1072200,1066900,100,3300,100,300
511,2,1214500,43200,46400,1090500,1084800,100,3000,100,0
512,2,1210500,43500,46800,1084400,1077000,100,3000,100,100
513,2,1218000,43600,46500,1096900,1091700,200,3100,100,0
514,2,1254100,43600,45800,1069600,1063500,100,2700,0,200
515,2,1207400,43900,45800,1069600,1063800,100,3100,100,100
516,2,1219600,43500,46000,1074500,1064800,0,3200,100,0
517,2,1240100,43400,46200,1126600,1121300,0,3100,100,0
518,2,1197400,43500,48300,1085300,1080000,100,3100,100,0
519,2,1214500,43500,47000,1073100,1067900,100,3100,0,100
520,2,1216200,45000,50100,1083900,1078800,100,3000,100,100
521,2,1183400,43400,46600,1073100,1067900,100,3100,100,100
522,2,1179300,43600,47400,1070700,1065300,100,2900,100,0
523,2,1183600,43300,46000,1073500,1068300,100,3100,100,100
524,2,1199200,43300,46300,1086000,1080800,100,3300,100,300
525,2,1204900,43600,46500,1087000,1082000,0,3100,100,0
526,2,1230700,43200,46700,1094900,1089800,100,3100,100,100
527,2,1202400,43500,46700,1089000,1083700,100,3100,200,100
528,2,1187200,43600,46800,1073600,1068400,0,3200,100,0
529,2,1188700,43600,46100,1070800,1065800,100,3100,100,100
530,2,1224800,43300,46200,1096600,1091500,0,3500,100,100
531,2,1232100,43500,46600,1072500,1067300,200,3100,100,200
532,2,1212000,43400,46400,1071100,1066000,100,3300,100,200
533,2,1330000,43300,46400,1192400,1184300,100,3100,200,0
534,2,1241100,45100,52800,1091300,1085300,100,3600,200,200
535,2,1224200,43500,47100,1091000,1085400,100,3000,100,0
536,2,1224600,43600,46400,1097300,1092200,0,3000,100,0
537,2,1209200,43700,46400,1081700,1076600,100,3000,100,100
538,2,1228700,43300,46600,1078200,1072900,100,3000,0,0
539,2,1237100,43400,46600,1078000,1072700,100,3200,100,200
540,2,1237000,43300,46300,1101300,1095500,200,3200,0,100
541,2,1199400,43000,46300,1079400,1074100,100,3100,100,100
542,2,1190900,43400,46200,1073500,1068300,100,3200,0,100
543,2,1194700,43500,46100,1075500,1070300,100,3000,100,300
544,2,1188500,43400,46300,1072400,1067300,100,3200,100,0
545,2,1235300,43300,46600,1074500,1069300,100,2900,100,200
546,2,1261500,43500,46400,1089600,1084300,100,3100,100,0
547,2,1205700,43000,46400,1084700,1079400,100,3000,100,0
548,2,1198100,43100,46200,1084400,1079000,100,3200,100,200
549,2,1186500,43400,45900,1073200,1068000,100,3100,100,200
550,2,1220900,43300,46500,1082300,1076800,0,2900,100,100
551,2,1201900,43200,46700,1087000,1081700,100,3000,100,0
552,2,1191000,43300,46500,1072900,1067600,100,3300,0,200
553,2,1188800,43300,46000,1072500,1067400,100,3100,100,200
554,2,1208100,43200,46200,1090400,1085200,100,3500,100,0
555,2,1189800,43100,46200,1070400,1065300,100,3100,0,100
556,2,1193100,43200,46500,1072500,1067400,100,3300,0,100
557,2,1192400,43500,46400,1072200,1067000,100,2900,100,0
558,2,1202500,43100,46000,1071900,1066800,0,2900,100,100
559,2,1224400,43300,46400,1074300,1069300,100,3000,100,100
560,2,1201500,43200,46100,1072300,1067100,100,3200,100,200
561,2,1247100,43700,47800,1092100,1086900,0,3100,100,100
562,2,1222500,43200,46000,1072600,1067500,100,3200,100,100
563,2,1192800,43600,45800,1072300,1067200,100,3000,100,100
564,2,1209800,43300,46500,1087300,1082200,0,3000,0,200
565,2,1194800,43500,45900,1071900,1066800,100,2900,100,200
566,2,1190000,43500,46100,1071600,1066400,100,2900,0,200
567,2,1220400,43100,45500,1100300,1093600,100,2900,100,100
568,2,1230200,46000,51600,1094000,1088200,100,3600,100,100
569,2,1204100,43300,46200,1083500,1078300,100,3000,100,100
570,2,1242700,43400,46700,1073200,1068200,100,3100,0,200
571,2,1261000,43600,46500,1094100,1089000,100,2900,100,300
572,2,1211700,43300,46400,1087000,1081900,100,3200,100,200
573,2,1196400,43200,46000,1072900,1067700,100,3100,0,200
574,2,1259000,43400,46400,1113800,1108500,100,3100,100,200
575,2,1212600,43300,45900,1099100,1093600,100,3000,100,200
576,2,1255800,43700,46200,1072900,1067900,100,3100,100,0
577,2,1209900,43600,46200,1072800,1067600,100,3000,100,0
578,2,1180300,43300,45400,1071400,1066200,0,3000,100,100
579,2,1209600,43600,46000,1073100,1067900,100,3000,100,100
580,2,1249000,43900,46000,1127000,1121600,0,3200,100,200
581,2,1218000,43800,46100,1105900,1100500,100,3000,100,300
582,2,1204000,45000,46700,1093600,1088300,100,3100,100,0
583,2,1183700,43500,46100,1075500,1070100,100,3100,100,0
584,2,1185200,43600,46100,1075200,1069900,100,3100,100,200
585,2,1197100,43900,46400,1078700,1073400,100,3000,0,200
586,2,1209500,43600,46300,1074200,1068800,100,3000,100,300
587,2,1181100,43400,46100,1073700,1068400,100,3000,0,100
588,2,1189200,44000,45800,1078200,1073000,200,3100,100,0
589,2,1223900,43300,59200,1103400,1098100,100,3100,0,100
590,2,1195900,43300,46000,1085800,1080500,100,3100,100,200
591,2,1217700,43700,46500,1073000,1067700,100,3000,100,200
592,2,1191400,43500,46000,1072000,1066800,100,3100,100,0
593,2,1210200,43200,46200,1087400,1078800,100,2900,100,0
594,2,1259400,45100,63100,1105800,1099800,100,3800,200,100
595,2,1212700,43400,46600,1090300,1084900,100,3100,0,100
596,2,1203200,43500,46400,1084800,1079400,100,3000,100,100
597,2,1193000,43500,46100,1073500,1068200,100,3000,100,200
598,2,1216500,43500,45900,1072700,1067500,100,3100,100,0
599,2,25820600,56200,46400,1853700,1845000,100,23791700,400,200
600,2,33606500,57400,52100,2045000,2037400,0,31340200,100,300
601,2,1913700,44100,51100,1739100,1732600,100,5400,100,0
602,2,1250400,43500,48000,1116600,1110000,100,3900,100,100
603,2,1229700,47600,48800,1082500,1076900,100,3100,100,200
604,2,1197100,43500,46100,1072400,1066800,100,3600,100,200
605,2,1204400,43900,46900,1072300,1066700,100,3000,100,100
606,2,1239400,43900,46200,1071500,1065900,100,3100,0,0
607,2,1320900,43300,46500,1103600,1094200,100,3000,100,200
608,2,1257500,43500,45600,1069600,1063800,100,3400,100,100
609,2,1231000,42800,46400,1116100,1107100,100,3000,100,100
610,2,1244000,43500,46300,1098000,1092700,100,3100,0,100
611,2,1200100,44400,46100,1082300,1077100,0,3000,100,100
612,2,1202200,43600,46300,1081900,1076400,100,3100,0,100
613,2,1194800,43700,46900,1073300,1067900,100,2900,0,100
614,2,1206800,43600,45800,1072800,1067400,100,3100,100,100
615,2,1227100,43500,46000,1085900,1080600,100,3100,100,0
616,2,1237200,43800,45900,1103200,1097800,0,3000,100,100
617,2,1212900,43700,46800,1072700,1067400,100,3000,100,0
618,2,1210800,43400,45800,1081200,1076000,100,3200,100,100
619,2,1233900,43400,46400,1070800,1065500,100,3000,100,0
620,2,1218000,43700,46000,1071000,1065600,100,3100,100,100
621,2,1224600,43500,46100,1072600,1067200,100,2900,100,100
622,2,1274900,43500,46100,1133400,1128000,100,2900,100,100
623,2,1203000,43400,46200,1080800,1075300,100,3100,100,200
624,2,1196900,43500,45800,1077900,1072700,100,3100,0,100
625,2,1205200,43800,45900,1081800,1076600,100,3000,100,100
626,2,1194400,43900,45500,1072700,1067400,100,2900,0,0
627,2,1191700,43200,45700,1072400,1067000,100,3100,100,100
628,2,1194700,42800,45600,1073500,1064900,100,3100,0,200
629,2,1215600,43500,46100,1087200,1081800,100,3000,100,0
630,2,1209300,43400,46500,1077900,1072700,100,3100,100,0
631,2,1205500,43700,46500,1072800,1067400,100,3000,100,300
632,2,1214500,43600,46700,1072600,1067200,100,3100,100,100
633,2,1211100,43800,45700,1085200,1080000,100,3100,100,200
634,2,1217300,43200,46600,1071500,1066100,0,3000,100,200
635,2,1248300,43300,46100,1128000,1122600,100,3000,100,200
636,2,1236200,43600,46700,1085900,1080500,100,3200,100,200
637,2,1208700,43500,46600,1084100,1078800,100,3000,100,100
638,2,1235300,43600,47100,1072600,1067100,0,3100,0,100
639,2,1253500,43500,46600,1084600,1079400,100,3100,100,100
640,2,1196900,43600,46300,1070600,1065100,100,3400,100,100
641,2,1190500,43200,46100,1073000,1067700,100,3000,100,100
642,2,1183200,43500,45700,1072400,1067000,100,3100,100,200
643,2,1190100,43500,46200,1077900,1072700,100,3100,100,0
644,2,1192400,43300,45800,1077000,1071500,100,3200,100,100
645,2,1189600,43800,46300,1072000,1066600,100,3000,100,200
646,2,1232600,43300,46300,1086000,1080600,100,3000,100,100
647,2,1194500,43400,45800,1071800,1066600,100,3100,100,100
648,2,1237600,43600,46000,1118800,1113200,100,3600,0,200
649,2,1233600,45900,49200,1107100,1101100,100,3100,0,100
650,2,1449700,115600,124300,1148800,1126000,300,4100,200,100
651,2,1247400,45000,47900,1075400,1069500,100,3200,200,100
652,2,1201600,43800,46300,1068500,1063000,0,3500,100,100
653,2,1194900,44000,45700,1068700,1063200,100,3000,100,200
654,2,1196900,44000,45700,1069000,1063700,100,3400,100,0
655,2,1255400,44000,46700,1068600,1063200,100,2900,100,200
656,2,1255400,43900,46300,1066900,1061600,100,3100,100,0
657,2,1212100,44000,45800,1085400,1075900,100,3100,100,100
658,2,1257600,43800,53300,1091100,1080500,100,3700,200,100
659,2,1222200,44200,46200,1067400,1061900,100,3000,0,200
660,2,1213000,44500,47500,1072000,1066000,100,3200,0,200
661,2,1186200,44000,45900,1067800,1062500,100,3100,100,0
662,2,1183600,43900,46400,1067300,1062000,100,3100,0,100
663,2,1190400,43800,46300,1068900,1063700,100,3100,0,100
664,2,1211100,44000,46500,1099000,1093300,100,3200,100,0
665,2,1193300,43800,47100,1072600,1067300,0,3200,100,100
666,2,1221000,43900,46400,1069100,1063600,100,3100,100,200
667,2,1190500,44200,46700,1068400,1063100,100,3000,100,200
668,2,1195800,43900,46500,1083500,1078200,100,3100,100,0
669,2,1239700,44100,46600,1082000,1076800,100,3100,0,200
670,2,1230200,43800,46600,1068700,1063300,0,3300,100,300
671,2,1191000,43700,45700,1080100,1074900,100,3100,0,100
672,2,1182900,43600,46800,1069100,1063600,100,3100,0,100
673,2,1180500,44100,46300,1066900,1061600,100,2900,100,0
674,2,1184000,44000,46200,1068700,1063500,100,3300,100,200
675,2,1184800,43900,46100,1068500,1063300,100,3000,100,300
676,2,1181800,44000,46000,1067100,1061900,100,3200,100,100
677,2,1212900,43500,46400,1094000,1086000,0,3100,100,100
678,2,1209400,44500,53100,1075800,1069900,100,3500,100,200
679,2,1225600,44000,46400,1079700,1074500,100,2900,0,100
680,2,1206700,43900,46900,1078300,1073000,100,3600,100,0
681,2,1211800,44100,46400,1067900,1062700,100,3000,100,100
682,2,1202300,43900,46100,1067500,1062100,100,3100,100,200
683,2,1171800,43900,46100,1068800,1063300,200,3000,0,100
684,2,1182700,46500,45900,1076400,1062300,100,3200,0,100
685,2,1192000,45300,46300,1083500,1078300,100,3100,0,300
686,2,1177800,43700,46100,1067900,1062800,100,3000,100,100
687,2,1185200,44000,46400,1068100,1062800,100,3000,100,200
688,2,1185600,42900,45900,1074200,1064700,100,3300,100,100
689,2,1208000,44400,46300,1085800,1080200,100,3100,100,200
690,2,1195600,44100,46400,1071400,1065900,100,3300,100,100
691,2,1199500,44400,46600,1072300,1066900,100,2900,0,0
692,2,1221600,45400,46300,1095000,1089700,100,3200,100,300
693,2,1199000,43400,46500,1076400,1066600,0,3100,0,200
694,2,1221000,43800,46900,1072600,1067100,100,3300,0,0
695,2,1200200,44200,46200,1085700,1080300,100,3000,100,0
696,2,1216500,44000,46300,1070800,1065400,100,3000,100,200
697,2,1189600,44000,46200,1070900,1065500,0,3000,100,300
698,2,1221600,44200,46100,1104300,1095100,100,3100,100,200
699,2,1257200,47000,57500,1086300,1080800,100,3500,100,200
700,2,1247000,43600,46900,1070800,1065500,100,3200,100,200
701,2,1216200,43400,46600,1072500,1067000,100,3000,0,100
702,2,1212200,44600,46300,1092500,1086800,0,3400,100,200
703,2,1187800,43500,46600,1072200,1067100,0,3000,100,200
704,2,1188300,43200,46300,1072300,1067100,100,2900,100,0
705,2,1232000,43300,46400,1106900,1100100,200,2900,100,0
706,2,1250000,43300,46000,1111000,1106000,100,3000,100,100
707,2,1186000,43300,46800,1073000,1067900,100,3000,100,200
708,2,1187300,43200,46100,1072600,1067300,100,3100,100,100
709,2,1182500,43400,45800,1071700,1066700,100,2900,100,0
710,2,1188200,43200,45900,1072300,1067300,100,3100,100,100
711,2,1253200,43500,46500,1105000,1099700,100,3000,100,0
712,2,1226800,43300,64900,1083000,1077900,100,3200,100,200
713,2,1202500,43200,47700,1082700,1077300,100,2900,100,0
714,2,1206100,43600,46400,1086800,1081700,0,3100,100,200
715,2,1204200,43300,46200,1087200,1082000,100,3100,0,200
716,2,1192600,43500,46000,1074100,1069000,100,3600,100,100
717,2,1212600,43200,46300,1089100,1083900,100,3000,0,200
718,2,1213100,43500,45400,1071400,1066200,100,2500,100,200
719,2,24412200,51100,46200,1344000,1338000,100,22905100,100,100
720,2,32421000,55600,47400,1601400,1593600,100,30636800,100,200
721,2,1704300,43800,49000,1546700,1540500,0,4800,100,0
722,2,1435800,44000,47500,1288100,1281900,100,3600,0,100
723,2,1223000,43700,46800,1082300,1073100,100,3200,100,100
724,2,1204600,43700,44900,1069700,1064000,100,2800,0,100
725,2,1228800,43900,46400,1083200,1077800,100,3000,100,200
726,2,1241000,43800,46100,1068400,1063200,100,3200,100,100
727,2,1205300,43900,45900,1068500,1063300,100,3000,0,200
728,2,1207300,43900,45900,1082600,1077300,100,3100,100,200
729,2,1196300,43800,45900,1070900,1065700,100,3000,100,200
730,2,1223800,43600,52800,1068900,1063700,100,2600,0,100
731,2,1262900,43900,46200,1068800,1063600,100,3100,100,100
732,2,1246900,43700,46000,1068800,1063600,100,3200,100,200
733,2,1192900,43700,45400,1066700,1061600,100,3100,100,100
734,2,1213600,43400,45600,1083600,1078400,100,3100,100,200
735,2,1204600,43900,46400,1068300,1063200,100,3100,100,200
736,2,1220300,43900,45900,1090800,1085700,100,3100,100,200
737,2,1196000,43700,46000,1066500,1061400,0,3100,100,100
738,2,1193800,44100,46000,1068900,1063500,0,3100,100,0
739,2,1234700,43600,46100,1068600,1063300,0,3100,0,100
740,2,1255600,43700,46000,1066700,1061500,0,3100,100,100
741,2,1294100,43600,46400,1068700,1063400,100,3100,100,200
742,2,1260500,44000,46300,1126800,1118400,100,3000,100,200
743,2,1199300,45300,47600,1089900,1084300,100,2900,0,200
744,2,1198400,43900,46200,1094000,1088700,0,3100,0,300
745,2,1192800,43600,45800,1087300,1081900,100,2900,0,200
746,2,1182000,44000,45700,1077700,1072400,100,3000,0,100
747,2,1175600,43900,45600,1068400,1063200,100,3000,0,200
748,2,1181300,43700,45600,1068600,1063500,100,3100,100,200
749,2,1250500,43600,46000,1128600,1123300,100,3000,100,200
750,2,1220900,43800,46100,1093700,1088400,100,3200,0,100
751,2,1203200,43800,46300,1069100,1063500,100,3000,100,200
752,2,1199300,43700,46200,1068800,1063400,100,3300,100,0
753,2,1200700,43700,46300,1068700,1063400,100,3000,100,100
754,2,1211900,43800,46300,1068500,1063200,0,3300,100,0
755,2,1206000,43500,46100,1088700,1083600,100,3100,100,300
756,2,1254000,45900,63700,1082000,1076600,100,3200,0,200
757,2,1201300,43900,45900,1085200,1080100,100,2900,0,100
758,2,1195700,43900,46000,1081500,1076400,100,3000,100,200
759,2,1224000,43900,45700,1084000,1078800,100,2900,100,200
760,2,1195000,43700,46100,1068700,1063500,100,3200,100,0
761,2,1179400,43700,46200,1068300,1063100,100,3000,0,200
762,2,1216600,44100,46000,1066600,1061400,100,3300,100,100
763,2,1236500,44000,46000,1103700,1098500,100,3100,100,0
764,2,1179100,44200,46100,1067800,1062700,100,3400,0,100
765,2,1196300,44000,45900,1082100,1077000,100,2900,0,100
766,2,1202000,43800,46000,1068500,1063100,0,3000,100,200
767,2,1177200,43900,45800,1068700,1063700,0,3100,100,100
768,2,1176500,43800,46200,1067000,1061700,100,3300,100,0
769,2,1234000,43800,45800,1126300,1120600,0,3100,0,200
770,2,1186500,44100,46700,1073700,1068200,100,3100,100,0
771,2,1209600,43600,46400,1069400,1064200,0,3100,100,200
772,2,1203200,43700,45800,1085600,1080200,0,3200,100,200
773,2,1182300,44000,45700,1069000,1063800,0,3100,100,100
774,2,1181700,43600,45800,1069000,1063700,100,3000,100,100
775,2,1197100,43600,45800,1084200,1078900,100,3000,0,100
776,2,1178400,43900,45900,1068500,1063200,100,3000,100,200
777,2,1199900,44100,45900,1088400,1083000,100,2900,0,100
778,2,1208800,44200,45300,1079800,1074600,0,2800,0,200
779,2,1210300,44100,46300,1068500,1063100,100,2900,0,100
780,2,1197200,44300,45400,1068500,1063000,100,2700,100,100
781,2,1186300,44100,46400,1069200,1063600,0,3000,100,200
782,2,1270300,43900,46100,1151100,1145200,100,3200,100,200
783,2,1223400,46300,46200,1099300,1093700,100,3000,0,200
784,2,1233800,43700,46200,1104300,1096900,100,3500,100,200
785,2,1235600,44600,50000,1088700,1082500,200,3600,200,100
786,2,1243000,44100,46300,1080400,1074500,100,3100,0,0
787,2,1215800,44100,46600,1078300,1072800,0,3000,100,0
788,2,1210800,43800,46100,1093200,1087800,100,3400,100,100
789,2,1193400,43900,45700,1072400,1067000,100,3100,100,0
790,2,1219700,43700,45900,1073200,1067800,0,3300,100,0
791,2,1215600,43800,45800,1094800,1089300,100,3100,100,100
792,2,1195400,44100,47700,1072700,1067200,100,3100,100,100
793,2,1234700,43800,45800,1071500,1066000,200,3100,100,0
794,2,1216800,44100,46400,1070300,1064900,100,3000,100,0
795,2,1193100,43900,46000,1070600,1065100,100,2900,0,100
796,2,1190900,44100,45700,1070200,1064700,0,3100,100,200
797,2,1210000,47400,45900,1084800,1074400,0,2900,0,100
798,2,1209400,45700,47700,1083100,1077700,0,3200,100,200
799,2,1221000,44100,46000,1070800,1065400,100,3100,100,100
800,2,1216800,43900,46300,1083500,1078100,100,3100,100,200
801,2,1230600,43900,45900,1083200,1077800,100,3100,100,0
802,2,1211200,44200,46500,1067600,1062200,100,3000,0,100
803,2,1178100,43700,45700,1069200,1063900,100,3100,100,200
804,2,1198300,43900,45600,1088500,1083000,100,3500,100,200
805,2,1185300,45600,47200,1073700,1068100,100,3200,0,0
806,2,1177700,43900,45700,1068700,1063300,0,3100,200,200
807,2,1176600,43900,45400,1067000,1061500,100,2900,100,0
808,2,1177400,43800,45300,1069300,1063700,100,3500,0,300
809,2,1185700,44200,45900,1068800,1063500,100,3000,100,100
810,2,1192900,43900,46000,1068800,1063400,0,3100,100,0
811,2,1208000,44100,45700,1072600,1067100,100,3000,0,100
812,2,1201100,45200,46900,1068300,1062900,0,3200,100,200
813,2,1199900,43800,45800,1068500,1063200,100,3100,100,100
814,2,1229000,44100,46000,1084000,1078600,100,3200,0,100
815,2,1211900,43800,45800,1083500,1078200,100,3200,100,100
816,2,1220700,44100,46000,1068600,1063300,100,3200,0,300
817,2,1198100,43800,46000,1069000,1063800,0,3000,100,100
818,2,1266300,43900,46000,1141800,1134900,100,3100,0,100
819,2,1227100,44400,47900,1072900,1067200,100,3200,100,100
820,2,1209200,44000,45900,1071400,1065900,100,3300,0,100
821,2,1203700,43900,46100,1081900,1076700,100,3200,100,0
822,2,1214900,44100,45900,1096200,1090800,100,3100,100,200
823,2,1184100,43900,45400,1069500,1064200,100,3200,100,0
824,2,1230300,44100,46000,1070300,1065000,0,3200,100,0
825,2,1294800,44000,46700,1110900,1105400,100,3100,0,0
826,2,1274200,44200,46600,1093500,1088200,100,3000,100,0
827,2,1177000,43800,45600,1068900,1063500,100,2900,100,100
828,2,1179500,43800,45800,1070000,1064700,100,3000,100,100
829,2,1177300,43700,45500,1068900,1063400,100,2900,0,0
830,2,1180800,43700,46000,1068000,1062700,100,3000,0,100
831,2,1284500,44200,46300,1140700,1135400,100,3100,100,200
832,2,1203100,44000,45800,1082200,1076700,100,3100,100,200
833,2,1196800,44100,45700,1080300,1075000,100,3100,100,200
834,2,1190700,46100,45900,1073500,1068300,100,3000,100,0
835,2,1200400,43900,45600,1085600,1080300,100,3100,0,200
836,2,1191100,43900,46100,1080600,1075300,100,3400,100,100
837,2,1180800,43900,45700,1067500,1062200,0,3000,100,200
838,2,1214800,44000,46000,1084700,1079300,100,3100,0,100
839,2,24198000,50400,45700,1258800,1252800,200,22794100,100,100
840,2,32136000,52300,47100,1414300,1407700,100,30570100,100,400
841,2,1483600,44400,47300,1347700,1341500,100,4200,0,100
842,2,1492100,46000,49200,1354300,1348300,100,3800,100,200
843,2,1304700,45100,49500,1165300,1156600,100,3400,0,200
844,2,1212800,45200,48400,1073400,1068100,0,3600,100,100
845,2,1204600,43600,46400,1073100,1067900,100,2900,0,100
846,2,1246700,43500,46500,1073700,1068300,100,3200,100,200
847,2,1222000,43700,46700,1083100,1077900,100,3100,100,300
848,2,1195400,43600,46200,1072100,1066800,0,3100,100,0
849,2,1206400,43300,46200,1077700,1072300,100,2900,0,0
850,2,1220200,43200,46800,1075800,1070600,100,2900,100,200
851,2,1194000,43300,46400,1072400,1067100,100,3000,100,300
852,2,1194100,43600,46300,1072000,1066900,100,3000,100,200
853,2,1195200,43600,45900,1072100,1066800,100,3100,0,100
854,2,1191100,43300,46100,1070200,1065000,100,3100,100,0
855,2,1246300,43600,46700,1072600,1067400,200,3000,0,100
856,2,1242900,48100,45900,1092900,1087500,100,2600,0,100
857,2,1203200,44300,46200,1080300,1074700,0,3200,100,0
858,2,1190200,44300,46400,1068700,1063400,0,3000,100,100
859,2,1215100,44200,46300,1066900,1061500,100,3100,100,100
860,2,1196100,44200,46100,1067100,1061600,0,3100,100,100
861,2,1212900,44000,45900,1068300,1063000,100,2900,0,100
862,2,1201700,44000,45800,1068500,1063200,100,3100,100,200
863,2,1201900,44000,45700,1093800,1088000,0,3000,100,200
864,2,1182000,43300,47300,1076800,1067200,100,2900,0,0
865,2,1188200,43600,45700,1083200,1077800,0,2900,0,100
866,2,1189200,44000,45900,1083700,1078200,100,3300,100,100
867,2,1171400,43800,45300,1067300,1061800,0,2900,0,200
868,2,1177600,44100,45900,1068800,1063400,100,3100,100,100
869,2,1219700,43600,45600,1100400,1094900,100,3100,100,200
870,2,1218800,44000,45700,1087500,1082100,100,3300,100,100
871,2,1247500,44000,46000,1112300,1106700,100,3000,100,200
872,2,1278000,65400,63400,1081400,1075000,100,3100,100,100
873,2,1211200,44400,46700,1066900,1061600,0,3000,100,100
874,2,1238400,44100,46400,1080400,1075000,100,3200,100,0
875,2,1317500,60700,85000,1121800,1115400,200,3000,200,100
876,2,1242200,44000,46800,1080800,1075000,100,3300,0,200
877,2,1201300,44000,46400,1071800,1066300,100,3000,100,200
878,2,1261400,59600,83600,1074200,1066300,100,2900,100,200
879,2,1257600,44600,47400,1085900,1080100,100,3000,100,300
880,2,1202600,44000,46400,1067300,1061800,100,3100,100,100
881,2,1184900,44000,45600,1069000,1063600,100,3000,100,100
882,2,1191100,43200,45900,1075000,1065800,0,3200,100,100
883,2,1187500,43800,46000,1069100,1063800,0,3100,100,100
884,2,1190600,44000,46200,1068800,1063300,100,3300,100,100
885,2,1187600,43900,46400,1066900,1061700,100,3000,100,100
886,2,1247100,44200,46700,1066900,1061600,0,3000,100,100
887,2,1215500,44100,46100,1077700,1072200,0,3100,0,300
888,2,1197200,44100,45500,1082800,1077500,100,3100,100,100
889,2,1185200,43900,45700,1073600,1068200,100,3100,100,200
890,2,1232200,49200,56100,1100500,1095000,100,3200,100,100
891,2,1230800,43800,45700,1081500,1076000,100,2900,100,100
892,2,1215400,43300,46300,1090800,1081100,100,3100,100,100
893,2,1205100,43900,46100,1086900,1081400,0,3000,100,0
894,2,1189900,43800,45700,1071100,1065900,100,3000,100,0
895,2,1187000,43800,45800,1068400,1063000,100,3100,100,100
896,2,1188700,44100,46100,1068700,1063200,100,3500,0,100
897,2,1190900,43700,46200,1073500,1068100,100,3100,0,100
898,2,1247100,44100,54900,1103000,1097700,100,3000,0,200
899,2,1226900,45200,46900,1080400,1074900,100,3100,100,0
900,2,1197100,44100,46300,1069300,1063800,100,3100,100,100
901,2,1189200,43600,45900,1067100,1061700,100,3000,0,100
902,2,1205900,44100,45800,1078800,1073300,200,3300,100,200
903,2,1209900,47600,49000,1069400,1064100,100,3000,100,200
904,2,1200500,44100,46200,1071100,1065600,100,3000,0,100
905,2,1208500,43800,45900,1076500,1071100,100,3000,100,200
906,2,1225000,44100,46400,1069400,1064000,0,3000,0,100
907,2,1202700,43800,52000,1068800,1063400,100,3000,100,200
908,2,1205700,43800,46100,1083700,1078300,100,3100,100,100
909,2,1186500,44100,45700,1066600,1061300,100,3100,100,100
910,2,1253100,44000,46500,1069100,1063600,100,3100,0,0
911,2,1254900,44000,45700,1088600,1083100,100,2900,0,100
912,2,1182300,44000,46000,1068800,1063600,0,3600,100,100
913,2,1185300,43800,45700,1068900,1063500,100,3100,100,200
914,2,1186500,43800,46000,1069000,1063600,100,3200,0,200
915,2,1189600,44200,45800,1068800,1063500,100,3000,100,100
916,2,1302400,47900,45900,1180400,1174700,100,3100,0,100
917,2,1246800,44100,47800,1082100,1076600,100,3100,100,100
918,2,1227100,44000,45600,1085300,1079400,100,3100,100,100
919,2,1221600,44900,46400,1071500,1066100,100,3200,100,300
920,2,1213300,44300,47000,1080800,1075300,100,3000,100,100
921,2,1220800,42700,45900,1076700,1067300,100,3100,100,200
922,2,1208000,43400,46300,1070600,1065300,100,3000,100,200
923,2,1175600,43300,46400,1072300,1067000,100,3000,100,0
924,2,1175100,43300,46400,1071900,1066800,0,3100,100,0
925,2,1189000,43400,46000,1084200,1078900,100,3000,100,200
926,2,1175800,43300,46900,1070700,1065500,0,3100,100,300
927,2,1175500,43100,46000,1072200,1067000,100,3100,100,300
928,2,1179200,43500,46200,1072600,1067400,100,3300,100,100
929,2,1198600,43400,45900,1087100,1082000,100,3100,100,200
930,2,1189900,43600,46100,1072100,1067000,100,2900,100,0
931,2,1225200,43400,46200,1103300,1096100,0,3100,100,200
932,2,1227300,44100,48600,1095300,1089500,100,3800,100,100
933,2,1211800,43600,47000,1084400,1079200,100,3000,100,0
934,2,1235500,43400,46200,1083000,1077800,100,3400,100,200
935,2,1200600,43400,46300,1077300,1072000,100,3100,0,100
936,2,1226700,43900,46200,1076600,1071400,0,3600,100,0
937,2,1196100,43200,46200,1074200,1069000,100,3000,100,0
938,2,1193800,43400,46200,1077300,1072100,100,3100,0,200
939,2,1228300,44100,48200,1077900,1072700,0,3000,100,100
940,2,1206800,43300,46100,1075900,1070400,100,3400,0,200
941,2,1205700,43600,46100,1090000,1084800,100,3000,100,100
942,2,1190100,43300,46000,1074400,1069300,100,3000,0,100
943,2,1187100,43400,46000,1073600,1068300,100,3000,100,0
944,2,1189300,43400,46400,1073100,1068000,100,3300,100,0
945,2,1195600,46400,45900,1074400,1069200,100,3000,100,200
946,2,1229900,46500,46600,1085500,1079700,100,2500,0,100
947,2,1180400,43800,46200,1070400,1064800,100,3000,0,0
948,2,1223800,43700,46800,1070200,1064700,100,3200,0,100
949,2,1238000,43700,46000,1106800,1097700,100,3100,100,200
950,2,1188800,42900,46000,1076400,1067300,100,3000,100,200
951,2,1216400,43100,45900,1073400,1068100,100,2900,0,100
952,2,1208900,43400,46400,1090800,1085700,100,3000,100,0
953,2,1205600,43400,46200,1075600,1070300,100,3100,100,100
954,2,1193600,43700,46000,1071400,1066200,100,3100,100,0
955,2,1197000,43300,45900,1072300,1067000,100,2900,100,200
956,2,1192200,43200,46100,1072400,1067200,100,3500,0,100
957,2,1194100,43700,46200,1072400,1067200,0,2900,100,100
958,2,1210600,43200,46300,1072000,1066900,100,2900,100,100
959,2,24395300,53000,46000,1363200,1355900,100,22873600,200,100
960,2,32319300,50600,47300,1377700,1370900,100,30776200,400,200
961,2,1563500,43700,46900,1427200,1419200,100,3700,0,100
962,2,1422500,43400,48500,1286600,1280500,100,4000,100,100
963,2,1352200,46600,47800,1218200,1212300,0,3200,100,200
964,2,1319200,43600,47000,1187100,1181500,100,3200,100,200
965,2,1314900,43300,46700,1175700,1170100,0,3100,100,0
966,2,1337400,43500,46600,1151400,1145500,0,3100,100,100
967,2,1306000,43600,46300,1158200,1149000,0,3100,100,100
968,2,1257200,43800,46400,1124100,1118400,100,3100,100,100
969,2,1289000,43500,46400,1158800,1152700,100,3100,0,100
970,2,1283500,43500,47300,1105800,1099900,100,3300,100,0
971,2,1230500,45000,47500,1097300,1091700,0,3300,100,100
972,2,1243200,43400,46500,1106800,1100900,0,3100,0,100
973,2,1278000,43500,46000,1138600,1132500,100,2900,100,200
974,2,1213800,43500,47100,1082100,1076500,200,3100,100,0
975,2,1236000,43900,46300,1092100,1086600,100,3100,0,0
976,2,1245000,46300,46700,1109700,1104200,100,3700,0,400
977,2,1223400,43400,46000,1084400,1078800,100,3100,100,200
978,2,1211100,43600,46300,1081300,1076000,100,3100,100,200
979,2,1310200,43800,46300,1082200,1076900,100,3100,0,100
980,2,1299600,43700,46600,1120800,1115100,0,3100,100,100
981,2,1263600,45100,52400,1093000,1086800,100,2400,100,0
982,2,1231700,43900,46600,1086300,1080800,200,3200,100,100
983,2,1189400,43800,46400,1079800,1074400,100,2900,100,300
984,2,1185800,43300,45900,1075700,1070400,100,3200,100,100
985,2,1184400,43400,45800,1074800,1069300,100,3000,0,100
986,2,1209200,43600,45700,1090000,1084500,100,3000,100,0
987,2,1194000,43700,46200,1073100,1067700,100,3100,100,200
988,2,1238400,43300,46100,1119300,1111900,0,3100,0,0
989,2,1236700,44100,48200,1098800,1092900,100,3900,300,100
990,2,1224300,43500,46100,1085800,1080400,100,3100,100,0
991,2,1233200,43500,46500,1088000,1082600,100,2900,0,0
992,2,1208800,43900,46400,1075900,1070300,100,3200,100,0
993,2,1206600,43200,46000,1075300,1070000,100,3200,100,400
994,2,1245300,43600,46000,1090800,1085300,100,3200,100,100
995,2,1257800,43600,46100,1074300,1069000,100,3000,100,0
996,2,1323500,43500,46400,1082100,1076500,100,3200,100,300
997,2,1205300,43100,46300,1078600,1073100,100,2900,100,100
998,2,1193700,43900,46100,1072000,1066600,100,3400,0,0
999,2,1223600,43900,46100,1073000,1067700,0,3000,0,100
1000,2,1223700,43500,46300,1088100,1082400,100,3100,0,200
1001,2,1207600,43600,46200,1086500,1081000,0,3000,0,0
1002,2,1204900,43500,46000,1091100,1085800,100,3100,100,100
1003,2,1188700,43300,45900,1072600,1067500,100,3100,100,100
1004,2,1198900,43700,46300,1072500,1067200,100,3100,100,200
1005,2,1188600,43500,46100,1072700,1067300,100,3100,0,200
1006,2,1214900,43400,46300,1073000,1067400,100,3300,100,0
1007,2,1215100,43200,46000,1086600,1078600,100,3100,100,200
1008,2,1188700,43400,46100,1072600,1067300,100,3300,100,100
1009,2,1218200,43400,46100,1105200,1098300,0,3000,100,100
1010,2,1281800,46200,64700,1091100,1085300,100,3600,200,200
1011,2,1248500,43500,46500,1074200,1068800,0,3100,100,100
1012,2,1193700,43800,46100,1072700,1067500,100,3100,0,0
1013,2,1206000,43600,46300,1088000,1082600,0,3400,100,200
1014,2,1192000,43500,46200,1072500,1067200,100,2900,100,0
1015,2,1188300,43700,46200,1072300,1067000,100,3000,100,400
1016,2,1203200,43600,46400,1092600,1087400,100,3000,100,0
1017,2,1204600,43200,45900,1092200,1086700,100,3100,100,0
1018,2,1204600,43700,45900,1072100,1066900,100,3300,100,200
1019,2,1211500,43200,46300,1071400,1066000,100,2900,100,0
1020,2,1196200,43700,46000,1071000,1065600,0,3200,100,100
1021,2,1181000,43500,45900,1071100,1065800,100,3000,100,100
1022,2,1185800,43400,53200,1072500,1067300,100,3300,0,0
1023,2,1244400,43500,45800,1135700,1130200,100,2900,100,0
1024,2,1199900,43500,46500,1088200,1082700,0,3200,100,200
1025,2,1205000,43700,46300,1091600,1086200,100,3000,0,200
1026,2,1230000,43800,46200,1086200,1080800,0,3200,100,300
1027,2,1194300,43600,46200,1074500,1069200,0,3100,0,100
1028,2,1205300,43300,45900,1088300,1083000,0,3100,100,200
1029,2,1190700,43700,46200,1073000,1067600,100,3000,100,200
1030,2,1235600,43600,46300,1093100,1087800,100,3000,100,400
1031,2,1188200,43200,46100,1071400,1066100,100,3000,100,200
1032,2,1197200,43500,46100,1073300,1067800,100,3400,100,100
1033,2,1189500,43500,45800,1072600,1067200,200,2900,100,200
1034,2,1191200,43700,46600,1070700,1065400,100,3000,100,100
1035,2,1213400,43500,46000,1087500,1082100,100,2900,0,100
1036,2,1210700,43300,46000,1096900,1091200,100,3100,100,200
1037,2,1196300,43200,46500,1075600,1070000,100,3000,0,0
1038,2,1199500,43700,49700,1073500,1067800,100,3100,100,100
1039,2,1236400,43600,46800,1074400,1068600,100,3000,0,100
1040,2,1221500,43000,46400,1079000,1069300,0,3200,100,0
1041,2,1313300,44300,48100,1085900,1080200,100,3000,100,100
1042,2,1284600,44600,67600,1072100,1065900,100,2900,100,200
1043,2,1201800,43800,46200,1087200,1081700,100,3100,0,200
1044,2,1197400,43700,46200,1086500,1081100,100,3300,100,100
1045,2,1190600,45000,46400,1079400,1074000,100,3000,100,100
1046,2,1194200,43700,46100,1085400,1076300,100,3400,0,200
1047,2,1194600,43800,45700,1084400,1079000,100,3200,100,100
1048,2,1180000,43700,46200,1067700,1062400,100,3400,100,300
1049,2,1255700,43900,45900,1140000,1134300,100,3000,100,0
1050,2,1218100,44700,46700,1093500,1087800,0,3400,100,0
1051,2,1244100,46900,48300,1111200,1101500,100,3000,100,100
1052,2,1215900,44000,46800,1085500,1080100,100,3200,200,100
1053,2,1208500,44100,46400,1080800,1075400,100,3100,100,0
1054,2,1231500,44900,47100,1078900,1073400,0,3200,100,200
1055,2,1206400,43800,46000,1087200,1082000,0,3000,100,200
1056,2,1220300,44100,45900,1074300,1068900,200,3100,100,100
1057,2,1197600,43500,45700,1073700,1068400,100,3100,0,100
1058,2,1204000,43900,46800,1073900,1068700,100,3100,0,0
1059,2,1225200,44000,46000,1071400,1066100,100,2900,100,200
1060,2,1206900,43900,46700,1069600,1064300,100,3200,0,200
1061,2,1192500,43400,45700,1069700,1064200,0,2900,0,100
1062,2,1191400,43800,46300,1070000,1064700,100,3000,0,200
1063,2,1205000,43900,46000,1084500,1079200,100,3100,100,200
1064,2,1240000,44000,46000,1115400,1110000,100,3100,100,100
1065,2,1251200,45300,48400,1115700,1107800,100,3300,100,200
1066,2,1273100,45000,50000,1091900,1085900,100,3500,200,200
1067,2,1249800,48100,83400,1085600,1079600,200,2900,100,100
1068,2,1257700,45400,82900,1089200,1082800,100,3100,100,200
1069,2,1199000,43600,46400,1080100,1074500,100,3100,100,100
1070,2,1204600,43900,46400,1078100,1072600,100,3100,100,100
1071,2,1246900,44100,46900,1080800,1075300,100,3100,100,0
1072,2,1265700,43500,46500,1080100,1074400,100,3100,100,100
1073,2,1249700,44500,46600,1090900,1085400,100,3000,100,200
1074,2,1206300,43900,46400,1076900,1071300,100,3200,0,200
1075,2,1202400,43600,45900,1074500,1069100,100,3000,100,200
1076,2,1193000,43400,46000,1074200,1068800,100,3100,100,0
1077,2,1216600,43600,45900,1097300,1091600,0,2900,100,0
1078,2,1231600,45800,46200,1085500,1080100,100,3000,100,300
1079,2,24828700,52100,46100,1392700,1386200,200,23272100,100,0
1080,2,32444600,50200,49700,1432000,1425600,100,30784300,100,200
1081,2,1595000,43800,47500,1336800,1330900,0,4400,100,0
1082,2,1397200,43700,47000,1279600,1274000,100,3200,100,100
1083,2,1252100,43800,46900,1133500,1127900,0,3100,0,0
1084,2,1189700,43200,45900,1073900,1068400,100,3200,100,0
1085,2,1211600,43400,45900,1091200,1085700,100,2900,100,100
1086,2,1245300,43300,46000,1091300,1082400,100,2900,100,100
1087,2,1204500,43200,46100,1083500,1074500,100,3000,0,100
1088,2,1211000,45700,46400,1090700,1085000,100,3400,100,200
1089,2,1204000,43900,47700,1075500,1070200,100,3100,0,200
1090,2,1222600,44200,45300,1068900,1063500,100,2400,100,0
1091,2,1225100,43700,45900,1098600,1093100,100,3000,100,0
1092,2,1282900,44100,45600,1155200,1149100,100,3100,100,0
1093,2,1211700,44100,48400,1077900,1072100,100,2900,100,100
1094,2,1230900,43700,46000,1096000,1090300,100,3100,100,100
1095,2,1210100,44200,46800,1074300,1068900,100,3000,0,200
1096,2,1198400,44900,46000,1068800,1063400,100,3000,100,100
1097,2,1222300,43600,46300,1082600,1077400,100,3100,100,200
1098,2,1188700,43600,46100,1066800,1061500,100,3100,100,0
1099,2,1227700,43700,45800,1067500,1062100,0,3100,100,100
1100,2,1206800,43900,45500,1068900,1063300,100,3000,100,100
1101,2,1241400,43800,45900,1089500,1083900,100,3100,100,100
1102,2,1208500,43900,45800,1069500,1064200,100,3000,0,0
1103,2,1229300,44400,46100,1066500,1061400,100,3100,100,0
1104,2,1206000,44000,46200,1069100,1063800,100,3000,100,300
1105,2,1190200,43700,45900,1084100,1078900,100,3100,100,100
1106,2,1173800,43800,45600,1068900,1063500,0,3100,0,100
1107,2,1278900,43800,45400,1173200,1163700,0,3000,100,200
1108,2,1224100,44800,51400,1099700,1093300,100,3800,200,300
1109,2,1192800,46100,47600,1071000,1065300,0,3200,100,200
1110,2,1189500,43700,46100,1069000,1063500,0,3000,100,200
1111,2,1192300,43900,45900,1068600,1063000,100,3100,100,100
1112,2,1192500,43800,45900,1068000,1062600,100,3100,100,0
1113,2,1192100,43400,46100,1068200,1062900,100,3100,100,300
1114,2,1221400,44100,46400,1076600,1071200,200,3300,100,200
1115,2,1191600,44800,46000,1074900,1069400,100,3000,0,100
1116,2,1217600,43800,46000,1075100,1069800,100,3100,100,200
1117,2,1181200,43600,45600,1066900,1061700,100,3200,100,100
1118,2,1175900,43700,45200,1068000,1062600,100,3100,100,100
1119,2,1235000,43700,45800,1094300,1088800,100,3100,100,100
1120,2,1200700,43700,45900,1068700,1063200,100,3200,100,0
1121,2,1201100,43600,46100,1083300,1078000,100,2900,100,100
1122,2,1204400,45300,45800,1087000,1081700,100,3000,100,0
1123,2,1187600,43800,46100,1066700,1061200,100,3100,100,100
1124,2,1198800,43900,45600,1068500,1063300,100,3100,100,200
1125,2,1205400,43500,46100,1066900,1061600,0,3000,0,100
1126,2,1239100,43900,46800,1083900,1078300,100,3000,100,0
1127,2,1210400,43800,46000,1083300,1077900,0,3100,0,200
1128,2,1199000,43900,45800,1072500,1067100,100,2900,100,100
1129,2,1203200,43600,45500,1088100,1082900,100,3100,200,100
1130,2,1199800,43900,46000,1075800,1070400,100,3500,100,100
1131,2,1220800,43700,46100,1068200,1063000,0,3200,100,0
1132,2,1195900,43700,46100,1068300,1063100,100,3200,0,200
1133,2,1205500,43700,45800,1081700,1076500,0,3100,100,0
1134,2,1231200,43600,46000,1068500,1063300,0,3100,0,0
1135,2,1232000,43500,45700,1085900,1080700,0,3000,0,0
1136,2,1185000,43700,45700,1068600,1063400,100,3300,100,0
1137,2,1186400,43600,45900,1068700,1063500,100,2900,100,100
1138,2,1204900,44000,45500,1068600,1063300,100,3100,100,200
1139,2,1225300,43900,45600,1084000,1078600,100,2900,100,100
1140,2,1209200,43900,45800,1081200,1075800,100,3200,100,100
1141,2,1183400,44000,45700,1068800,1063400,100,3000,100,0
1142,2,1244900,43700,45600,1130300,1125100,100,3100,0,100
1143,2,1192800,43800,45600,1080200,1074900,100,3000,0,100
1144,2,1192800,44000,45300,1080000,1074600,0,3100,100,0
1145,2,1192000,43700,45600,1076100,1070700,100,3100,100,200
1146,2,1214200,44100,46100,1069000,1063600,0,2900,100,100
1147,2,1186600,43900,45700,1068000,1062500,100,3100,100,0
1148,2,1180500,43700,45300,1068900,1063400,100,3200,100,200
1149,2,1209700,43900,45800,1095800,1090500,0,3100,100,100
1150,2,1204700,44000,45600,1068700,1063400,0,2900,0,100
1151,2,1188600,43700,45500,1066800,1061500,100,3100,100,100
1152,2,1191300,43600,45800,1069000,1063600,0,3300,0,300
1153,2,1187900,43400,46000,1066700,1061400,100,2900,0,100
1154,2,1197900,43600,45900,1073600,1067800,100,3100,100,200
1155,2,1230800,43600,46400,1100700,1083400,100,3100,100,100
1156,2,1224800,47500,50900,1075200,1069200,100,3900,200,200
1157,2,1210600,44000,46700,1072400,1066700,100,3000,100,200
1158,2,1205800,44100,46100,1076700,1071300,100,3000,100,200
1159,2,1246000,43700,46300,1082500,1077100,100,3000,100,100
1160,2,1224600,43900,45800,1083500,1078100,100,3000,100,200
1161,2,1239700,43800,46300,1082500,1077100,100,3100,100,100
1162,2,1215300,43700,46200,1069100,1063700,100,3000,100,100
1163,2,1209800,44000,45500,1095100,1089700,100,3000,0,100
1164,2,1201700,44200,45300,1080800,1075300,100,3200,100,100
1165,2,1267200,43900,46100,1069200,1063700,100,3000,100,100
1166,2,1239500,43800,45600,1069300,1063400,100,3100,0,100
1167,2,1177900,43500,46000,1069100,1063300,0,3100,100,200
1168,2,1191600,44000,45300,1082700,1075900,100,3300,100,0
1169,2,1235300,46700,60100,1089200,1083300,100,3400,100,100
1170,2,1193400,44000,46400,1073800,1067900,100,3100,100,100
1171,2,1189500,44000,46100,1069200,1063400,100,3000,100,200
1172,2,1204100,43800,45500,1084000,1078200,0,3200,100,200
1173,2,1187900,44000,46100,1067900,1062300,100,3100,100,0
1174,2,1209500,44100,46000,1068500,1063100,100,2900,0,0
1175,2,1182900,43800,45800,1069500,1064000,100,3100,100,200
1176,2,1214400,44100,45700,1069400,1063800,100,3000,100,200
1177,2,1201500,44000,45400,1088200,1083000,100,2900,100,0
1178,2,1176800,43700,45700,1068900,1063500,100,3000,0,100
1179,2,1205100,44000,45800,1069100,1063500,100,3000,100,100
1180,2,1188900,44200,45500,1069100,1063700,100,3400,100,100
1181,2,1180400,43700,45500,1069100,1063700,100,3100,100,0
1182,2,1258500,43800,45600,1146600,1140700,100,3100,0,100
1183,2,1208600,45100,48200,1086700,1081100,100,3100,100,100
1184,2,1217400,44000,45600,1097500,1091300,100,3200,100,100
1185,2,1220400,44000,46600,1095200,1089600,100,3600,100,100
1186,2,1237000,43900,46200,1090400,1081100,100,3300,0,200
1187,2,1193700,43800,46300,1077000,1071200,100,3100,100,0
1188,2,1189800,44300,46000,1073300,1067500,0,3000,100,300
1189,2,1208500,43000,45500,1096300,1087200,100,2900,100,200
1190,2,1200300,43600,47000,1076500,1070900,0,3100,100,200
1191,2,1242800,44600,46600,1096000,1090800,100,2900,100,0
1192,2,1196600,43200,46400,1074700,1069500,100,3100,0,0
1193,2,1195600,43500,46200,1075200,1070200,100,3100,100,0
1194,2,1204900,43200,46600,1084800,1079400,100,3100,100,0
1195,2,1191100,43000,46500,1074200,1068800,200,3100,100,0
1196,2,1223800,43300,46300,1071600,1066400,100,2600,0,100
1197,2,1259200,43700,46100,1123300,1117700,100,2900,100,300
1198,2,1272300,45400,47600,1127600,1122200,100,3700,0,100
1199,2,25508400,54600,46800,1721000,1712700,100,23599200,400,200
1200,2,33595800,54400,48100,1819800,1811600,0,31574600,500,100
1201,2,1799400,43900,48000,1654800,1648500,0,4400,200,0
1202,2,1543100,43800,49000,1411800,1406000,0,3700,100,100
1203,2,1215400,43700,46800,1089600,1083800,100,3500,0,0
1204,2,1206200,43500,46300,1089400,1083800,100,3400,100,0
1205,2,1204400,43300,46600,1081200,1075500,100,2900,100,300
1206,2,1244200,43700,46100,1078600,1072900,0,3000,100,200
1207,2,1212500,43400,46000,1087100,1081400,100,3100,100,0
1208,2,1192200,43800,48600,1071500,1066000,100,3100,0,200
1209,2,1198700,43500,46000,1073000,1067400,100,2900,100,0
1210,2,1260000,43400,46100,1100400,1094800,100,3200,100,200
1211,2,1227900,45600,48200,1096700,1091300,100,3100,100,100
1212,2,1211900,43500,45900,1074100,1068600,0,3300,0,100
1213,2,1211600,43300,46200,1072500,1067100,100,3000,100,200
1214,2,1216100,43700,46200,1072300,1067000,100,3100,100,0
1215,2,1231300,43600,46200,1087600,1082100,100,3000,100,300
1216,2,1208100,43500,46000,1072300,1066900,100,3000,100,100
1217,2,1227100,43400,46300,1086500,1081200,100,3100,0,200
1218,2,1212300,43800,46000,1070600,1065400,100,3300,100,0
1219,2,1251900,43500,47800,1087200,1081900,0,3000,0,0
1220,2,1217300,43200,46400,1070700,1065300,100,3300,100,200
1221,2,1248100,43600,46100,1083200,1077700,0,3000,100,100
1222,2,1213600,43800,46200,1072000,1066800,100,2900,0,0
1223,2,1233900,43700,45800,1114700,1108500,100,2900,100,200
1224,2,1206800,45600,48700,1083400,1077700,100,3500,100,300
1225,2,1199200,43900,47800,1077700,1071900,100,3100,100,100
1226,2,1204700,44900,46600,1087600,1082000,100,3200,0,100
1227,2,1241500,43800,45700,1069600,1063900,100,2400,100,100
1228,2,1216400,43800,46200,1069000,1063400,100,3500,100,300
1229,2,1192300,44800,47100,1069700,1064400,100,3100,100,200
1230,2,1191300,44100,45900,1066500,1061400,100,3200,100,100
1231,2,1201600,43500,45800,1068700,1063600,100,3000,0,100
1232,2,1221300,43800,46600,1087000,1080100,100,3200,100,500
1233,2,1258300,46600,53600,1112300,1106000,100,3300,200,200
1234,2,1237400,44100,47700,1077900,1072300,100,3000,100,100
1235,2,1197200,44000,46000,1068000,1062600,100,3000,100,0
1236,2,1222900,45000,45200,1069500,1064200,100,2600,100,100
1237,2,1187500,43300,45800,1069000,1063600,100,3100,100,200
1238,2,1185100,43900,45900,1069400,1064000,100,3100,100,100
1239,2,1217800,43600,46000,1072200,1066900,100,3000,100,100
1240,2,1214900,45700,48200,1079800,1074500,100,3200,100,100
1241,2,1194800,43700,46200,1068900,1063700,100,2900,100,100
1242,2,1192900,43900,46100,1068500,1063300,100,3500,0,0
1243,2,1189500,43800,45900,1068800,1063500,100,3000,100,100
1244,2,1216000,43600,45700,1086500,1080600,100,2800,0,200
1245,2,1228700,43600,46700,1087100,1081600,0,3000,100,0
1246,2,1237100,42900,46500,1081600,1072300,0,3200,100,100
1247,2,1197700,43900,46500,1071200,1066000,100,3000,100,200
1248,2,1196300,44000,46000,1070900,1065600,100,3300,100,0
1249,2,1192200,43600,46000,1069500,1064300,100,3000,100,200
1250,2,1251000,44100,46300,1069400,1064100,0,3200,0,100
1251,2,1283900,43700,46200,1069200,1063800,100,2900,100,100
1252,2,1228300,44100,46200,1096200,1090700,0,3000,0,100
1253,2,1205200,44000,46200,1086300,1081000,100,2900,0,100
1254,2,1194700,43700,46100,1074300,1068900,100,3100,100,200
1255,2,1190400,43900,45800,1069100,1063700,100,3100,0,100
1256,2,1200000,44000,45600,1083500,1078200,100,3200,0,100
1257,2,1199200,43500,46100,1085000,1079800,100,3100,100,200
1258,2,1257000,43800,46000,1078500,1073200,100,3100,100,200
1259,2,1232400,43800,46100,1067300,1062000,100,3000,0,100
1260,2,1222500,43600,46100,1096900,1091600,0,3000,0,100
1261,2,1184700,45500,45500,1072700,1067600,100,3100,0,0
1262,2,1188000,44000,46000,1079200,1074000,100,3000,100,300
1263,2,1183400,44100,45600,1070100,1064800,0,3100,0,100
1264,2,1193300,43600,45500,1083900,1078600,0,3300,100,100
1265,2,1180000,44000,45800,1069000,1063700,100,3000,100,0
1266,2,1209000,43800,45900,1068700,1063500,100,2900,0,100
1267,2,1199600,44000,45700,1086900,1081400,100,3000,100,100
1268,2,1176100,43700,45400,1067300,1062100,100,3400,100,0
1269,2,1175000,43800,45800,1066900,1061800,200,3000,100,100
1270,2,1200700,43900,45700,1068800,1063600,0,3100,100,100
1271,2,1192500,43900,45400,1083300,1078000,100,3000,100,100
1272,2,1192100,43400,45300,1082000,1076700,100,3100,100,100
1273,2,1178200,43700,45500,1068600,1063400,100,3000,100,200
1274,2,1251900,43500,46200,1137500,1132000,100,3400,100,200
1275,2,1209100,45200,46700,1084900,1079600,100,3000,200,0
1276,2,1194200,43800,45800,1073500,1068300,100,3200,100,200
1277,2,1194400,44000,46300,1070300,1065200,100,3000,100,100
1278,2,1191000,43700,45400,1069800,1064500,100,3100,100,200
1279,2,1233900,43800,46100,1084800,1079600,0,3100,100,100
1280,2,1201400,43600,45900,1067800,1062500,100,3500,100,0
1281,2,1234400,45000,45700,1085200,1080000,100,5800,100,100
1282,2,1214400,43800,45900,1077900,1072800,0,3300,100,0
1283,2,1182300,43500,45600,1069400,1064100,0,3000,0,200
1284,2,1172600,43900,45200,1068600,1063200,100,3400,0,100
1285,2,1174700,43800,45400,1067100,1061800,100,3000,0,100
1286,2,1176700,44300,45200,1068400,1063100,100,3100,100,300
1287,2,1256600,43800,45200,1148000,1142700,100,2900,100,0
1288,2,1184600,44900,46000,1075100,1069700,0,3200,0,200
1289,2,1235100,44300,45800,1081700,1076300,100,3000,100,100
1290,2,1220200,44300,51300,1075500,1070000,100,3500,100,0
1291,2,1199600,43900,45900,1082200,1076900,100,2900,100,100
1292,2,1187200,43900,45700,1069100,1063700,100,3100,100,0
1293,2,1189300,43900,45800,1069300,1063900,100,3100,100,100
1294,2,1215000,44400,46200,1071500,1066000,100,3300,100,200
1295,2,1220600,43800,48800,1091400,1086000,100,3200,100,100
1296,2,1213100,44000,45800,1067000,1061700,100,3000,100,100
1297,2,1192200,43200,45500,1071200,1065800,0,2500,100,0
1298,2,1188300,43900,46500,1072600,1067200,0,3300,100,100
1299,2,1212300,43300,46100,1072500,1067300,100,3000,0,100
1300,2,1235400,43500,46500,1111000,1105200,0,3400,0,0
1301,2,1204800,47600,46800,1086700,1079000,100,3400,100,0
1302,2,1187300,43200,46600,1075600,1070400,100,3100,100,0
1303,2,1186800,43400,46100,1073800,1068700,0,3100,100,200
1304,2,1203400,43800,45800,1088900,1083700,0,3100,100,200
1305,2,1213100,43300,46200,1094100,1089000,100,2900,100,100
1306,2,1216800,43500,46300,1072000,1066600,100,2900,0,100
1307,2,1196200,43500,45900,1076300,1071000,100,3000,100,100
1308,2,1213900,43300,46200,1093100,1088000,0,3100,100,200
1309,2,1210200,43500,46400,1092500,1087400,100,3200,100,0
1310,2,1208200,44100,46400,1085100,1080000,100,3200,100,200
1311,2,1239200,43500,46800,1086800,1081700,200,2900,100,100
1312,2,1201300,43400,45400,1073700,1068300,100,2600,0,200
1313,2,1236300,43300,45500,1115800,1110500,100,2300,0,0
1314,2,1226000,44000,48300,1095400,1090000,100,3400,100,100
1315,2,1217900,43500,46600,1096100,1090900,100,3300,0,200
1316,2,1217100,45300,48600,1090300,1085200,100,3400,100,100
1317,2,1210100,43700,46500,1083600,1078500,100,2900,100,100
1318,2,1227300,43300,46900,1080200,1074700,100,3200,100,400
1319,2,24940800,50900,46000,1393900,1387300,0,23390400,100,200
1320,2,32372800,49700,47900,1419700,1413800,100,30718700,200,300
1321,2,1574900,43600,47400,1373500,1367800,100,3700,100,0
1322,2,1426400,43500,46400,1301400,1295700,100,3400,0,0
1323,2,1210500,43100,46100,1087500,1078300,100,3100,100,300
1324,2,1201000,43500,46000,1077600,1072000,100,3200,0,200
1325,2,1218200,44300,46100,1092100,1086500,100,2900,100,200
1326,2,1243000,43000,46300,1073400,1063800,100,3100,100,200
1327,2,1214400,43900,46000,1069200,1063900,100,3000,100,0
1328,2,1189700,43600,46100,1066800,1061700,100,3100,0,100
1329,2,1192900,44400,46000,1068600,1063400,100,3100,0,200
1330,2,1220300,43700,46200,1068400,1063200,100,3100,100,200
1331,2,1236600,43800,46100,1116100,1110700,100,3000,100,0
1332,2,1193600,44200,46000,1069700,1064200,100,3100,100,100
1333,2,1200300,43800,45700,1080400,1075100,100,3100,200,200
1334,2,1194000,43800,46000,1068800,1063500,100,3100,0,0
1335,2,1266000,43900,46200,1085700,1080400,100,3100,100,200
1336,2,1286500,43700,46100,1084100,1078700,100,3100,0,200
1337,2,1206300,43800,45900,1078800,1073600,100,2900,100,200
1338,2,1203300,44300,46200,1073200,1067800,100,3100,0,100
1339,2,1242300,43800,46300,1084900,1079800,100,3000,0,200
1340,2,1206700,44100,46100,1068500,1063100,0,3300,100,100
1341,2,1221000,43700,46300,1068500,1063300,100,2900,100,100
1342,2,1231200,43900,46200,1068400,1063100,100,3200,0,200
1343,2,1225600,43700,45700,1111800,1106500,100,3000,0,200
1344,2,1195200,44500,48000,1079200,1073900,100,3200,100,0
1345,2,1194100,44000,46000,1072000,1066700,0,3000,100,0
1346,2,1194900,43800,46100,1089000,1083100,0,3100,100,200
1347,2,1184200,43900,46500,1070200,1064600,100,3100,100,100
1348,2,1188200,43800,48700,1074000,1068700,0,3100,0,0
1349,2,1187100,43600,45900,1069200,1064100,100,2900,0,100
1350,2,1184300,43500,46200,1068000,1063000,100,3200,100,100
1351,2,1232700,43800,46100,1068900,1063700,100,3000,100,200
1352,2,1216600,43900,45900,1075100,1069900,100,3100,100,200
1353,2,1196100,43700,46000,1077300,1072100,100,2900,100,100
1354,2,1207100,43900,45700,1071100,1065800,100,3100,0,0
1355,2,1181200,43800,45800,1068600,1063400,100,2900,0,100
1356,2,1214000,43700,45900,1075300,1069400,100,3100,0,0
1357,2,1264000,44700,51400,1145300,1139300,100,3100,0,100
1358,2,1205700,44400,47200,1094400,1089100,100,3300,100,100
1359,2,1225100,44000,46000,1083700,1078200,100,2900,100,100
1360,2,1203800,43600,46600,1076900,1071200,100,3500,100,0
1361,2,1179000,44000,46000,1068600,1063300,0,3000,100,100
1362,2,1175300,44000,45800,1067300,1062100,100,3100,100,0
1363,2,1192800,43800,46200,1083200,1078000,100,3000,100,0
1364,2,1180900,43800,45900,1068500,1063300,100,3100,100,0
1365,2,1183700,44100,46200,1068600,1063500,100,3100,100,100
1366,2,1207900,43800,45800,1077100,1071700,100,3100,0,100
1367,2,1178600,43700,45900,1068800,1063600,100,3000,100,200
1368,2,1181900,44200,45900,1068600,1063300,100,3100,100,100
1369,2,1183800,43800,45700,1069000,1063800,0,3000,100,100
1370,2,1185300,43600,46100,1067000,1061700,100,3000,100,100
1371,2,1217500,43900,46500,1068700,1063500,0,3100,100,0
1372,2,1220100,43800,46000,1095100,1089900,100,3400,100,100
1373,2,1246000,44800,47000,1115400,1108500,100,3000,100,100
1374,2,1224900,45400,50200,1087000,1080700,100,3700,200,100
1375,2,1203700,43600,46300,1080100,1074700,100,3100,0,200
1376,2,1198200,43600,46200,1075200,1069800,100,3300,100,200
1377,2,1198800,45900,46600,1080100,1074400,100,3000,100,100
1378,2,1217600,43900,45900,1072800,1067100,100,3200,100,100
1379,2,1229800,44100,45700,1073700,1068200,100,2900,0,0
1380,2,1227400,46800,46200,1078800,1073300,0,3100,100,200
1381,2,1197000,43800,46100,1073400,1067700,100,3000,100,200
1382,2,1251300,44100,46200,1084800,1079400,100,3000,100,0
1383,2,1213300,43900,46000,1070800,1065300,100,2900,100,200
1384,2,1187300,43800,45600,1070700,1065400,100,3100,100,200
1385,2,1202400,43900,45400,1083400,1078000,100,2900,100,100
1386,2,1234300,43700,45900,1086700,1077600,100,3000,100,0
1387,2,1215800,46700,54900,1076400,1070300,100,3600,100,200
1388,2,1189100,44100,46300,1071800,1066300,100,3200,100,0
1389,2,1182900,43600,45500,1069700,1064200,100,3000,100,100
1390,2,1211000,45000,45900,1068300,1062900,100,3000,100,100
1391,2,1189800,44600,45800,1070000,1064600,0,3000,100,0
1392,2,1202600,44400,46200,1083800,1078400,100,3100,100,300
1393,2,1191100,44700,46100,1072800,1067500,100,3000,0,0
1394,2,1208700,45600,46600,1085200,1079500,0,3100,100,100
1395,2,1200300,44900,46400,1077500,1072000,100,3100,0,100
1396,2,1189600,44400,46300,1070200,1064500,100,3000,100,100
1397,2,1196600,44500,46600,1070400,1065000,0,3200,100,100
1398,2,1208700,44800,46200,1084500,1079100,100,3100,100,0
1399,2,1223700,44500,46900,1067700,1062100,100,3000,0,0
1400,2,1230100,44500,46800,1089700,1083500,100,3200,100,100
1401,2,1224100,44500,46300,1068800,1063300,100,2900,100,200
1402,2,1217800,44400,46500,1067100,1061600,0,3200,100,100
1403,2,1184200,44600,46400,1067000,1061600,100,3000,100,0
1404,2,1188700,44500,46500,1069300,1063800,100,3500,100,100
1405,2,1208500,44600,54900,1084000,1078500,0,2900,0,100
1406,2,1184600,44200,46400,1068900,1063500,100,3100,100,100
1407,2,1244400,44500,46100,1123900,1114700,100,3100,100,200
1408,2,1206600,45100,50300,1082800,1076700,100,4000,100,200
1409,2,1210300,44200,46100,1087400,1081900,100,2900,100,0
1410,2,1203700,45300,46400,1072900,1067200,0,3500,0,200
1411,2,1207800,43700,46200,1070900,1065500,100,3100,100,0
1412,2,1201700,44200,46000,1070400,1064900,100,3200,0,0
1413,2,1243300,44200,46500,1070300,1064800,100,3100,100,100
1414,2,1264900,43800,46100,1090100,1084600,100,3100,100,200
1415,2,1213300,46400,46000,1086600,1081000,100,3100,100,200
1416,2,1215500,44000,45400,1067400,1061900,100,3100,100,0
1417,2,1186900,44100,45500,1068700,1063300,100,3100,0,100
1418,2,1183100,44100,46000,1069300,1064100,100,3100,100,200
1419,2,1222800,44200,45900,1081700,1076400,100,3200,0,100
1420,2,1279300,43900,45700,1114900,1109100,100,3200,0,100
1421,2,1253200,44300,46000,1097600,1091800,100,2600,100,300
1422,2,1201900,43600,46700,1090300,1085000,100,3100,100,0
1423,2,1196700,44200,46300,1082400,1077100,100,3100,0,0
1424,2,1199300,43700,46200,1086600,1081500,100,3100,100,200
1425,2,1189200,43600,46100,1074700,1069400,100,3100,100,200
1426,2,1210700,43300,46300,1074800,1069600,100,3000,100,0
1427,2,1196100,43300,45900,1088500,1083300,100,3000,100,0
1428,2,1199000,43300,45500,1090400,1085100,100,3200,100,100
1429,2,1182700,43500,46000,1072800,1067600,100,3200,100,0
1430,2,1190800,43600,46100,1073300,1068100,100,3200,100,100
1431,2,1219900,43800,46400,1070700,1065500,100,3100,100,100
1432,2,1197800,43400,46500,1072200,1067100,100,3000,100,100
1433,2,1232100,43300,46300,1109400,1101300,100,3200,100,0
1434,2,1241100,45700,50200,1105700,1100100,100,3500,200,100
1435,2,1205400,43300,45900,1082500,1077300,100,2900,100,200
1436,2,1190500,43600,46300,1074400,1069100,100,2900,100,0
1437,2,1218500,42900,46200,1102500,1088400,100,3000,100,100
1438,2,1212700,43900,46300,1070500,1064400,100,3100,0,200
1439,2,24740900,57200,45800,1432000,1424100,100,23148200,200,100
1440,2,32138100,54800,47800,1465000,1452600,100,30490900,200,200
1441,2,1537700,43900,46800,1399900,1393900,0,4200,100,300
1442,2,1415700,44000,45900,1289700,1283800,100,3400,0,100
1443,2,1199300,44100,46100,1077800,1071900,100,3500,100,200
1444,2,1278600,44000,45900,1072900,1067100,100,3200,100,100
1445,2,1260500,44100,53300,1068500,1062700,100,3100,0,200
1446,2,1234400,43300,46000,1076800,1067300,100,3000,100,0
1447,2,1191900,43700,46100,1069400,1063600,0,3100,0,300
1448,2,1195300,43600,46000,1083000,1077400,100,3000,0,200
1449,2,1183000,43800,45600,1069100,1063400,0,3100,100,0
1450,2,1211100,44000,45800,1069100,1063500,100,3200,100,100
1451,2,1230500,43900,45800,1116500,1108300,0,3100,100,200
1452,2,1217300,46700,54700,1075400,1065600,100,3700,100,200
1453,2,1185700,44000,45900,1069400,1063800,100,3100,100,0
1454,2,1189300,44200,46400,1067000,1061600,100,3100,0,100
1455,2,1194500,44000,45500,1066900,1061500,100,2900,0,0
1456,2,1199800,44000,45600,1083400,1077700,100,3100,100,200
1457,2,1203800,44100,45900,1083000,1077600,0,3100,100,100
1458,2,1201400,44000,45900,1083200,1077800,100,3000,0,100
1459,2,1236800,44000,46200,1089800,1084500,100,3000,0,100
1460,2,1200500,44300,46200,1067600,1062200,100,3300,100,100
1461,2,1218400,43800,46100,1068900,1063400,100,3100,0,100
1462,2,1229200,44000,45600,1083700,1078300,100,2900,100,100
1463,2,1212900,43900,45700,1095700,1090100,100,3100,0,200
1464,2,1201900,44000,45800,1076600,1071100,0,3200,100,100
1465,2,1246200,44000,45800,1116700,1111400,100,2900,100,200
1466,2,1212300,43700,46600,1084900,1079600,0,3000,100,200
1467,2,1203100,45400,45700,1075100,1069800,100,3100,100,100
1468,2,1192900,43700,46000,1068900,1063500,100,3200,100,0
1469,2,1210600,43900,45600,1082100,1076700,200,3100,200,100
1470,2,1192400,43900,46200,1069100,1063500,0,3000,0,0
1471,2,1199800,44000,46000,1069100,1063700,100,3000,100,200
1472,2,1219400,44000,45800,1088700,1083400,100,3100,0,100
1473,2,1200200,44000,46000,1069000,1063500,100,3100,100,100
1474,2,1216400,43900,45800,1071000,1065500,100,3200,100,200
1475,2,1228600,44000,46300,1068500,1063100,100,3100,100,100
1476,2,1238200,44000,46200,1068800,1063500,100,3200,100,100
1477,2,1201000,43900,45700,1083700,1078400,100,3000,100,100
1478,2,1219500,43900,45500,1106300,1100800,100,3000,0,200
1479,2,1213100,43900,45600,1073600,1068400,100,3100,100,200
1480,2,1193700,43700,45300,1069000,1063600,0,3300,100,100
1481,2,1196300,43800,45400,1083000,1077800,100,2800,100,0
1482,2,1181200,43900,45300,1067000,1061700,100,3000,100,100
1483,2,1181300,43900,45600,1068700,1063300,100,3100,100,100
1484,2,1183500,43500,45500,1068800,1063500,100,3100,100,100
1485,2,1182700,43700,45800,1067400,1062000,100,3000,100,200
1486,2,1225100,43800,45600,1088700,1083400,100,3000,0,0
1487,2,1184400,43500,45700,1068400,1063100,100,2900,0,0
1488,2,1189800,43500,45700,1077200,1071700,0,3400,0,100
1489,2,1179100,43900,45400,1067200,1061700,100,3100,100,200
1490,2,1197900,44100,45300,1084000,1078600,0,3100,100,100
1491,2,1283700,44100,45900,1134800,1129300,100,3100,100,200
1492,2,1217000,44100,47800,1087800,1082200,100,3300,0,200
1493,2,1232300,44100,45900,1103800,1098200,100,3100,100,100
1494,2,1207200,44800,46300,1077800,1072500,100,3100,100,0
1495,2,1204800,44000,45800,1076300,1070800,100,3100,100,300
1496,2,1209300,44600,47100,1074400,1069000,100,3100,100,200
1497,2,1226100,44000,45900,1088900,1083500,100,3000,100,0
1498,2,1220100,43800,46000,1071100,1065700,100,3000,0,200
1499,2,1224700,43900,46000,1070900,1065400,100,2900,0,0
1500,2,1246900,45700,47900,1094400,1088400,100,3100,100,0
1501,2,1195700,43900,46500,1075400,1069800,100,3000,100,200
1502,2,1193100,43900,45800,1072200,1066700,100,3100,100,0
1503,2,1189900,43700,45700,1071800,1066400,100,3100,100,100
1504,2,1199800,43700,45700,1081600,1076100,100,3400,100,300
1505,2,1233000,43900,45700,1071000,1065700,100,2900,100,100
1506,2,1357700,43700,46500,1119500,1113800,200,3100,100,100
1507,2,1233500,45200,47900,1089100,1083500,100,3500,100,200
1508,2,1191700,44000,45400,1081700,1076300,0,3200,100,200
1509,2,1199900,43800,45300,1091400,1086000,100,3100,100,100
1510,2,1211500,43900,45500,1075500,1070000,100,3100,100,100
1511,2,1183900,43900,45400,1073400,1068000,100,3000,100,100
1512,2,1185400,43900,45600,1073700,1068200,100,3200,100,100
1513,2,1194900,44200,45400,1083300,1077700,100,3000,100,200
1514,2,1189600,43700,46000,1074600,1069200,100,3300,100,0
1515,2,1186800,44200,47700,1069700,1064200,0,3100,100,200
1516,2,1194000,43700,45500,1081100,1075400,100,3200,100,100
1517,2,1184200,43800,45700,1070000,1064600,100,3000,100,0
1518,2,1188200,43900,46000,1070800,1065300,100,2900,100,200
1519,2,1215800,43800,46200,1068900,1063500,100,3000,100,100
1520,2,1210300,45200,45900,1082300,1076800,0,3100,0,100
1521,2,1213200,44000,46300,1071100,1065600,100,3100,100,0
1522,2,1218200,43900,45900,1083700,1078300,100,2900,100,100
1523,2,1192800,43900,45400,1083100,1077800,100,3100,100,100
1524,2,1180700,43900,45500,1068700,1063200,0,3300,100,300
1525,2,1182900,43800,46000,1068900,1063500,100,3000,100,200
1526,2,1179500,43800,45700,1067400,1062000,0,3100,0,0
1527,2,1183200,43800,45700,1072300,1066900,100,2900,0,200
1528,2,1193400,43900,45500,1080000,1074600,100,3100,0,0
1529,2,1188600,43500,45500,1073200,1067800,100,3000,100,100
1530,2,1187800,43800,45800,1067400,1062000,100,3400,100,0
1531,2,1193300,43800,45900,1067500,1062100,100,2900,100,100
1532,2,1203800,43900,45600,1084400,1079000,100,3100,100,0
1533,2,1191600,43900,45600,1069400,1064000,100,3100,100,200
1534,2,1235400,44000,46200,1097000,1091600,100,3100,100,200
1535,2,1184800,43800,45800,1067500,1062000,100,3100,0,0
1536,2,1208700,43900,46000,1069000,1063700,100,3100,100,100
1537,2,1244500,43500,45800,1088300,1082900,100,3100,100,100
1538,2,1198600,43600,45700,1068700,1063300,100,3100,100,200
1539,2,1205300,43900,45800,1068800,1063500,100,2900,100,100
1540,2,1189000,43700,46000,1068800,1063400,100,3000,100,100
1541,2,1225900,43900,45500,1114900,1107900,100,2900,100,0
1542,2,1206800,46100,51900,1082600,1076300,100,3600,200,200
1543,2,1185800,44100,45500,1075700,1070200,100,3100,100,0
1544,2,1193500,43900,45800,1080600,1075000,0,3400,0,200
1545,2,1187600,44000,45500,1070900,1065500,100,3100,100,0
1546,2,1207100,43800,46200,1071600,1066100,100,3000,100,100
1547,2,1177400,44000,45500,1069200,1063800,100,3000,100,0
1548,2,1183900,44200,45400,1073700,1068200,100,3300,100,100
1549,2,1198900,43800,45800,1082400,1077000,100,3100,100,200
1550,2,1201700,43900,45500,1079200,1073900,100,3200,100,200
1551,2,1224800,44000,45700,1069900,1064300,0,3000,100,100
1552,2,1197300,43700,45700,1069400,1063800,100,3300,100,100
1553,2,1195600,43800,45900,1070600,1065200,100,3000,0,0
1554,2,1209000,43800,45800,1084600,1079200,100,3100,0,100
1555,2,1249100,46800,47100,1118200,1112500,200,3000,0,200
1556,2,1204700,44000,46200,1080500,1075100,100,3300,0,200
1557,2,1206800,44100,46100,1080000,1074500,100,3100,100,200
1558,2,1217300,44200,46000,1070500,1065000,100,3100,100,0
1559,2,24558700,51700,45800,1304100,1296900,100,23091200,200,200
1560,2,32268400,54900,47200,1477500,1469100,0,30613300,300,300
1561,2,1660200,71700,87700,1414900,1404200,0,4600,100,100
1562,2,1449900,44000,46600,1296700,1290400,100,3700,100,100
1563,2,1213100,44800,46800,1083100,1077500,0,3100,100,100
1564,2,1203600,44000,46200,1072200,1066800,100,3000,100,100
1565,2,1222100,45500,45800,1088900,1083000,0,3000,100,100
1566,2,1244000,44000,46400,1070000,1064300,100,3000,100,100
1567,2,1204700,43800,46100,1069700,1064000,100,3000,100,100
1568,2,1263400,44000,46500,1070100,1064300,100,3000,100,100
1569,2,1243100,44200,45900,1070000,1064300,100,2900,0,0
1570,2,1251300,43900,46300,1103600,1097800,100,2900,0,100
1571,2,1209500,45500,46700,1083800,1077900,100,3200,100,200
1572,2,1199500,43900,46300,1074500,1068900,100,3500,100,200
1573,2,1191200,44400,45700,1070400,1064800,100,3100,100,200
1574,2,1196400,44200,46100,1069700,1064200,0,3100,100,200
1575,2,1204700,43800,45900,1076900,1067900,100,3100,100,100
1576,2,1220300,43900,46800,1093600,1088300,100,3200,100,100
1577,2,1198500,43900,46700,1072800,1067700,100,3100,100,200
1578,2,1202800,43900,46500,1076200,1071000,0,3300,100,0
1579,2,1250200,43500,47100,1097300,1092100,0,3300,100,100
1580,2,1214400,43700,46700,1079800,1074600,100,3100,100,0
1581,2,1226800,44200,45500,1070000,1064200,100,2500,100,200
1582,2,1219100,44200,46600,1070200,1064700,100,3100,100,0
1583,2,1190900,44100,46000,1069800,1064000,100,3100,100,100
1584,2,1188700,44000,45500,1069900,1064400,100,3100,100,200
1585,2,1202700,44100,46200,1077100,1071800,0,2900,0,100
1586,2,1206200,44400,46000,1080400,1075000,100,3100,100,100
1587,2,1194000,44300,46000,1069500,1064000,100,2900,100,100
1588,2,1193200,44400,46300,1069700,1064300,100,3300,100,0
1589,2,1195300,44100,46100,1069600,1064200,100,3000,0,100
1590,2,1269200,44500,46200,1084400,1079000,100,3000,100,0
1591,2,1264400,44200,46400,1069400,1064100,100,2900,100,0
1592,2,1259700,44200,45900,1132300,1126600,100,3100,100,100
1593,2,1206000,44100,46000,1076200,1070800,0,3100,100,100
1594,2,1223400,44500,46700,1072100,1066400,100,3100,100,200
1595,2,1187100,44300,46200,1069700,1064100,0,3100,100,200
1596,2,1214400,44200,45900,1069600,1064000,100,3100,100,100
1597,2,1187400,44200,46200,1069700,1064300,100,3000,100,100
1598,2,1178600,44200,45500,1069300,1063900,0,3000,100,100
1599,2,1269200,44400,46300,1090400,1085100,100,3200,0,200
1600,2,1214100,44400,46300,1069800,1064500,100,3400,100,100
1601,2,1180200,44500,45600,1069600,1064300,100,3300,100,100
1602,2,1178000,44300,46200,1069700,1064400,100,3100,100,200
1603,2,1178200,44100,45400,1069500,1064200,0,3100,0,100
1604,2,1194400,44100,45700,1083400,1078100,100,3400,100,100
1605,2,1236000,43600,45700,1124400,1118700,100,2500,100,100
1606,2,1213600,44100,46700,1078200,1072900,100,3000,100,100
1607,2,1185700,43600,46700,1073600,1068600,100,3100,100,100
1608,2,1183600,43300,46300,1074800,1069400,100,3100,100,0
1609,2,1192300,43900,46200,1084300,1079200,100,3100,100,100
1610,2,1184700,43500,46200,1072200,1067100,100,2900,100,100
1611,2,1213200,43900,46200,1072300,1067100,100,2900,100,0
1612,2,1185200,43300,46100,1070500,1065400,100,3200,100,0
1613,2,1209700,43600,46300,1095800,1090600,100,3100,100,100
1614,2,1200900,45300,47100,1086900,1081700,100,2900,0,300
1615,2,1192100,43900,46200,1073200,1068000,100,3100,0,200
1616,2,1186200,43700,46000,1071600,1066400,100,3100,100,100
1617,2,1189100,43800,46500,1071300,1066200,100,2900,100,0
1618,2,1223700,44000,46600,1085800,1081000,100,2900,100,100
1619,2,1287000,47400,53600,1116500,1110500,100,3000,200,0
1620,2,1237100,45200,47300,1098100,1092800,100,3500,100,0
1621,2,1207800,43700,47200,1087300,1082100,100,3100,200,0
1622,2,1197900,43400,46600,1082200,1077000,100,3100,100,0
1623,2,1195500,43500,46600,1080800,1075500,100,2900,100,0
1624,2,1213100,43500,46200,1092600,1087400,100,3400,100,100
1625,2,1190900,43700,46000,1077700,1072500,100,3100,100,0
1626,2,1221300,43800,46300,1074200,1068900,100,3200,100,0
1627,2,1208500,45400,51100,1081400,1076100,100,3100,100,200
1628,2,1192200,43500,46600,1077200,1072000,100,3300,100,200
1629,2,1191100,44000,46800,1077600,1072400,100,2900,0,300
1630,2,1272800,44400,47600,1089700,1084600,100,3200,0,300
1631,2,1211000,44000,46800,1075000,1069800,100,3000,100,0
1632,2,1191500,44000,46700,1078200,1072800,100,3100,100,200
1633,2,1252700,46300,50500,1125800,1116400,0,8500,300,200
1634,2,1221400,44800,48600,1089300,1084000,100,3100,100,100
1635,2,1226600,44500,47500,1090700,1085400,100,2900,100,100
1636,2,1205800,44500,47100,1078600,1073400,100,3100,100,0
1637,2,1209500,44200,47100,1078000,1072800,100,3200,100,200
1638,2,1202300,44300,47000,1075600,1070500,100,3000,100,200
1639,2,1229400,44300,47000,1073000,1067800,0,2900,100,500
1640,2,1221300,44200,47000,1085500,1080200,100,3300,100,100
1641,2,1228500,44200,47100,1076500,1071300,100,3200,100,200
1642,2,1216400,44200,46800,1074300,1069100,100,3100,100,0
1643,2,1184600,43900,46700,1074300,1069100,100,3000,100,100
1644,2,1183400,44400,46800,1072300,1067000,100,3400,100,100
1645,2,1183700,44200,46600,1073600,1068500,100,3100,100,100
1646,2,1215100,44000,46600,1102400,1097300,100,3200,100,100
1647,2,1210700,44100,46800,1091200,1086000,100,2900,100,100
1648,2,1200100,44100,47000,1080800,1075400,100,3400,100,0
1649,2,1208600,44200,46800,1084200,1078900,100,3000,100,100
1650,2,1202400,44800,47100,1072900,1067700,100,3100,100,100
1651,2,1203000,44400,47000,1071600,1066000,100,3300,100,0
1652,2,1205800,44300,46900,1071300,1065900,0,3100,100,200
1653,2,1203000,44500,47300,1072300,1067000,100,3100,100,100
1654,2,1251700,44300,47100,1105200,1099700,100,3300,100,100
1655,2,1203300,44100,47100,1075500,1070200,0,3100,0,0
1656,2,1213500,44300,47200,1070200,1064900,100,3000,0,100
1657,2,1196300,44200,46800,1072200,1066900,0,3100,0,200
1658,2,1187200,44100,46700,1070900,1065500,100,3100,100,100
1659,2,1216300,44200,46700,1071700,1066400,100,3000,100,100
1660,2,1219200,45500,47000,1089800,1084500,100,3400,100,0
1661,2,1239100,44600,47200,1079200,1073900,0,3200,100,200
1662,2,1206900,44300,46400,1072400,1067100,100,3300,100,100
1663,2,1201500,44300,46400,1087200,1081800,0,3100,100,200
1664,2,1190800,44300,47000,1072600,1067300,100,3600,100,200
1665,2,1199700,44300,46700,1080800,1075500,100,3000,100,200
1666,2,1253200,44100,46700,1106900,1098900,100,3100,100,0
1667,2,1203700,44100,48200,1073800,1067900,100,3500,200,100
1668,2,1197300,43600,46500,1078600,1073000,100,3400,100,300
1669,2,1195000,43800,46600,1076100,1070700,100,3100,0,100
1670,2,1211000,43600,46100,1087100,1081900,0,3100,100,0
1671,2,1239700,43300,46200,1087800,1082500,100,3000,100,200
1672,2,1197400,43100,46000,1073200,1067900,100,3400,100,200
1673,2,1195000,43800,45900,1073300,1067800,0,3100,100,100
1674,2,1219800,43500,45900,1101800,1096500,100,3100,100,200
1675,2,1237300,43500,46600,1077300,1071800,100,3100,0,0
1676,2,1245100,43100,46900,1087600,1082100,100,3000,100,100
1677,2,1191000,43400,46300,1076100,1070600,0,3100,100,0
1678,2,1221400,43400,46200,1083000,1077700,0,3100,100,0
1679,2,24485100,54700,46000,1322500,1314700,100,22992000,200,100
1680,2,32165500,52000,47900,1444600,1437100,0,30548200,300,100
1681,2,1525200,43700,48000,1383800,1377900,0,4300,100,100
1682,2,1429600,43800,46500,1298500,1292800,100,3400,100,200
1683,2,1226200,43400,46200,1094000,1084500,100,3000,100,200
1684,2,1198700,43500,46200,1074200,1068400,100,3000,0,100
1685,2,1224400,46800,49000,1085500,1080000,100,3100,100,0
1686,2,1248600,44000,46300,1072900,1067400,100,2800,100,0
1687,2,1194600,43500,46100,1072800,1067100,100,3000,100,0
1688,2,1194100,43000,45800,1075800,1066600,0,3000,100,0
1689,2,1201300,43700,45700,1083300,1077700,100,3000,100,0
1690,2,1237500,43600,46600,1087300,1081900,100,3000,0,100
1691,2,1199400,43600,46100,1082900,1077400,100,3100,100,100
1692,2,1263500,43900,56000,1074100,1068700,100,3200,100,200
1693,2,1235800,42900,46100,1084100,1072600,0,3100,100,100
1694,2,1191600,43900,46200,1068600,1063400,100,3100,100,100
1695,2,1189800,43400,46300,1068400,1063200,100,3100,100,100
1696,2,1184800,43800,45800,1068400,1063200,0,2900,100,0
1697,2,1202200,43600,46100,1083200,1078000,0,3000,100,0
1698,2,1204700,43800,46100,1086200,1080900,100,3100,0,100
1699,2,1222900,44000,46300,1076400,1071200,100,3100,100,300
1700,2,1196300,43800,46000,1066600,1061300,100,3200,100,0
1701,2,1210600,43800,46200,1066800,1061700,100,3100,100,100
1702,2,1199600,43700,45700,1066200,1061100,100,2900,0,300
1703,2,1187000,46600,45700,1080500,1074900,0,2900,100,200
1704,2,1173400,43600,46100,1068500,1063200,100,3000,100,300
1705,2,1192000,43800,45600,1087600,1082300,100,3000,100,100
1706,2,1209900,43700,45500,1105800,1100600,100,3200,0,0
1707,2,1183900,44000,45500,1079700,1074400,100,3000,100,0
1708,2,1176200,43900,45800,1068100,1063000,100,3100,100,0
1709,2,1182400,43900,45700,1066700,1061600,100,3000,100,100
1710,2,1194300,43700,46100,1068000,1062800,100,3100,100,0
1711,2,1215900,44000,46600,1083200,1077800,100,3100,100,300
1712,2,1257500,43800,45900,1127600,1118500,100,3300,100,0
1713,2,1228500,44700,47800,1090100,1084200,100,3400,200,100
1714,2,1234600,43800,46700,1080800,1075500,100,3100,100,0
1715,2,1220000,43700,46300,1100100,1094800,0,3100,100,0
1716,2,1212400,43900,45800,1066500,1061200,100,3000,0,300
1717,2,1188700,44000,46100,1067100,1061600,0,3100,100,100
1718,2,1180900,43800,45800,1069100,1063700,100,3100,100,100
1719,2,1245000,44000,45800,1091300,1085900,100,3100,100,400
1720,2,1210600,43800,46000,1068600,1063400,100,3100,100,0
1721,2,1191800,43900,45600,1066900,1061500,100,3100,100,0
1722,2,1200100,43500,45400,1079700,1073800,100,2400,100,100
1723,2,1236200,43600,46400,1072600,1067000,100,3000,100,0
1724,2,1230300,43900,46400,1087300,1081900,100,3300,100,0
1725,2,1280900,43700,46100,1155000,1147400,0,3000,100,200
1726,2,1237500,44600,51000,1081300,1071900,100,3600,100,100
1727,2,1207500,44500,46300,1088900,1083000,100,2900,100,100
1728,2,1206800,43900,52400,1084100,1078500,100,3100,100,300
1729,2,1211400,43600,46100,1098600,1093600,100,3000,100,300
1730,2,1188900,44100,46200,1070000,1064500,100,3000,100,0
1731,2,1218600,43700,46000,1068900,1063600,100,3100,100,0
1732,2,1191100,43900,46000,1068500,1063200,100,3200,100,300
1733,2,1204600,44200,45600,1081600,1076300,0,3100,100,200
1734,2,1188800,43900,45900,1068500,1063200,100,3000,100,100
1735,2,1187600,44000,45600,1068800,1063500,100,3000,100,0
1736,2,1197900,43800,45500,1082400,1077000,100,3600,0,100
1737,2,1187700,43800,45800,1066600,1061400,100,3100,100,200
1738,2,1230100,43800,46000,1085500,1077700,0,3100,100,200
1739,2,1247500,45400,50700,1073600,1068000,100,3400,200,100
1740,2,1214800,44000,46100,1078000,1072500,100,3200,100,0
1741,2,1193400,43600,45900,1069700,1064400,0,3100,100,0
1742,2,1192800,43900,46000,1069400,1064100,100,3100,100,200
1743,2,1224100,43800,45600,1098200,1092800,100,3100,100,200
1744,2,1206200,43700,46300,1084100,1078900,100,3400,100,0
1745,2,1193600,43700,45900,1068800,1063500,100,2900,100,100
1746,2,1237100,43900,45700,1083400,1078300,100,3000,100,200
1747,2,1249000,44900,46600,1122600,1117300,100,3000,100,100
1748,2,1221800,43700,53100,1090700,1085500,0,3600,100,200
1749,2,1190300,43800,45600,1077200,1072000,100,3000,100,200
1750,2,1212200,43600,45700,1070400,1065100,100,2900,0,100
1751,2,1238500,43800,46000,1111800,1106300,0,3200,100,100
1752,2,1279100,50000,52300,1131200,1123000,100,3400,200,100
1753,2,1221000,43700,46400,1095500,1090300,100,3300,0,0
1754,2,1275900,47200,48600,1094200,1089100,0,3400,100,100
1755,2,1245500,43700,46800,1084300,1079100,0,3300,100,200
1756,2,1204600,44100,46300,1078800,1073500,0,3300,100,300
1757,2,1232000,45000,47300,1101000,1095300,100,3200,100,200
1758,2,1199500,44100,46900,1073800,1068600,100,3000,0,200
1759,2,1229900,44500,46100,1074500,1069100,100,3100,100,100
1760,2,1324100,44000,46600,1143100,1136800,0,3300,100,200
1761,2,1313000,45400,49200,1094300,1088900,100,2900,100,200
1762,2,1226600,43700,46400,1084000,1078700,100,3100,100,0
1763,2,1196600,44600,46400,1090300,1084700,100,3000,200,400
1764,2,1183400,44400,46400,1077400,1071800,0,3200,100,100
1765,2,1181100,44100,46100,1076200,1070500,0,3000,100,0
1766,2,1185700,43000,46300,1082300,1073200,100,3300,100,200
1767,2,1236300,43600,46900,1128700,1116600,100,3100,100,0
1768,2,1211600,46300,48200,1092000,1086100,100,4100,100,0
1769,2,1217100,42300,46400,1103300,1093900,0,3100,100,200
1770,2,1205100,43700,46500,1081400,1076200,100,3100,100,0
1771,2,1223300,43400,46400,1095600,1090300,100,3000,0,200
1772,2,1213800,43300,46200,1081900,1072500,100,3500,100,100
1773,2,1205600,43900,46000,1072500,1066800,100,3000,100,0
1774,2,1247400,44200,46400,1094700,1089100,100,3000,0,100
1775,2,1202500,44200,46200,1074700,1069300,100,3200,0,0
1776,2,1232800,43800,45700,1083600,1078200,100,3100,100,100
1777,2,1192300,44000,45600,1070900,1065400,100,3100,100,0
1778,2,1186000,43800,45600,1070600,1065300,100,3000,100,100
1779,2,1216900,44000,45400,1070500,1065100,100,3100,100,200
1780,2,1202500,44100,45300,1078000,1072400,100,3100,100,100
1781,2,1195500,44100,45500,1080700,1075300,100,3000,100,100
1782,2,1183700,43800,45600,1071800,1066200,100,3100,100,100
1783,2,1184500,43800,45700,1070900,1065200,100,3000,100,100
1784,2,1194500,43800,45500,1082600,1077200,100,3100,100,200
1785,2,1242700,43900,46000,1085000,1079400,100,3100,100,0
1786,2,1229200,44000,45700,1068100,1062600,100,3300,100,200
1787,2,1178500,43900,45600,1069900,1064500,100,3000,100,100
1788,2,1195400,44200,47000,1084000,1078500,0,3100,0,100
1789,2,1189000,43400,58700,1069700,1064200,100,2400,100,0
1790,2,1181600,44200,45800,1069200,1063800,100,3000,0,100
1791,2,1214600,44200,45700,1069400,1063900,100,3000,100,100
1792,2,1202000,43700,46100,1084200,1078600,0,3600,100,0
1793,2,1184800,44200,46100,1069100,1063700,100,2900,100,100
1794,2,1183100,43900,45400,1069000,1063500,0,3300,100,100
1795,2,1197100,44500,46700,1082900,1077600,100,3000,0,0
1796,2,1177600,43800,46000,1067000,1061600,100,3000,0,0
1797,2,1183400,44000,45800,1072000,1066600,100,3100,0,200
1798,2,1195800,44100,45700,1067100,1061700,100,3100,0,100
1799,2,25490300,54400,45800,1753500,1745800,0,23581500,500,200
1800,2,33575000,59900,47400,2056200,2046100,100,31322100,500,200
1801,2,1820000,43000,49300,1670700,1660500,0,5400,100,0
1802,2,1337300,43900,48000,1194400,1188900,0,3900,0,0
1803,2,1237400,43500,46900,1099200,1093700,100,2900,100,0
1804,2,1216200,43500,46300,1072700,1067500,0,3200,0,200
1805,2,1218600,44200,45600,1067900,1062000,100,2300,0,0
1806,2,1258700,44100,46400,1069100,1063600,100,3100,100,200
1807,2,1229500,43800,45900,1067400,1062100,100,3000,100,0
1808,2,1207000,44100,45800,1071700,1066300,100,3400,100,100
1809,2,1242900,46200,48500,1102900,1093700,100,3000,100,200
1810,2,1287200,45100,53000,1090400,1080100,100,3700,200,0
1811,2,1201300,43700,47400,1072600,1067300,100,2900,100,100
1812,2,1204600,44100,46900,1070800,1065300,100,3100,100,100
1813,2,1205900,43800,47000,1072400,1067000,100,3100,100,200
1814,2,1207700,43800,46900,1072500,1067300,100,3100,100,200
1815,2,1206000,43600,46800,1072600,1067400,100,3000,100,0
1816,2,1254800,44000,47000,1077300,1071800,0,3100,100,100
1817,2,1229400,43700,47500,1071200,1066100,0,2900,100,100
1818,2,1201800,43800,46900,1072800,1067400,100,3100,100,100
1819,2,1230100,44200,47500,1073200,1067900,100,2900,0,100
1820,2,1223400,43700,47000,1086900,1081600,100,2900,0,100
1821,2,1239600,44200,47300,1086700,1081500,100,3000,100,0
1822,2,1239600,43700,46800,1095400,1090000,100,3100,100,100
1823,2,1197500,44100,47000,1086200,1081200,100,3100,100,400
1824,2,1183700,43800,46700,1072100,1067000,100,3100,100,200
1825,2,1195700,43800,46400,1086400,1081300,100,2900,0,100
1826,2,1197900,43900,46600,1086700,1081700,100,3100,100,200
1827,2,1185000,43600,46600,1072700,1067600,100,3100,100,0
1828,2,1193200,43800,46500,1083000,1077800,100,3100,100,200
1829,2,1202000,43700,46600,1085500,1080300,100,3100,100,100
1830,2,1215400,43800,46600,1094800,1089600,100,2900,100,100
1831,2,1207700,43900,47000,1080100,1075000,100,3100,0,200
1832,2,1212200,43900,46700,1084700,1079500,0,3100,100,200
1833,2,1202600,43400,46700,1070600,1065400,100,3000,100,100
1834,2,1222300,43300,46800,1075900,1066600,100,3000,100,0
1835,2,1197100,43400,46100,1070600,1065300,100,2900,0,200
1836,2,1229700,43500,46600,1069900,1064700,100,3100,0,100
1837,2,1223400,43500,47700,1087000,1081800,0,3000,100,200
1838,2,1200300,43400,46300,1072600,1067200,100,3200,0,100
1839,2,1229400,43700,46000,1072800,1067600,100,3000,0,0
1840,2,1211700,43700,46300,1072600,1067200,100,3000,0,300
1841,2,1214000,43500,45800,1086400,1081200,100,3000,100,100
1842,2,1201000,43500,45800,1084700,1079600,100,3200,100,0
1843,2,1213000,43600,46100,1090500,1083000,100,2900,100,100
1844,2,1245500,46700,50700,1089300,1083600,100,4000,200,100
1845,2,1263000,43400,47000,1091400,1085900,100,3000,100,200
1846,2,1296500,43700,45900,1094200,1077900,100,2600,0,100
1847,2,1227100,43900,46400,1072500,1067300,100,3000,100,100
1848,2,1222800,43700,46200,1087600,1082300,100,3300,100,300
1849,2,1180700,43200,45800,1072000,1066700,100,3100,100,300
1850,2,1214300,43700,46300,1099900,1094800,100,3300,100,100
1851,2,1239800,43100,46200,1095700,1090600,100,3000,100,100
1852,2,1189400,43300,46000,1071000,1065800,100,3300,100,0
1853,2,1188700,43300,46100,1072000,1066900,100,3000,0,0
1854,2,1185800,43300,46200,1072600,1067100,100,3300,100,0
1855,2,1199900,43100,45900,1086300,1080800,0,3000,100,100
1856,2,1239000,43500,45700,1128400,1123200,100,3200,100,100
1857,2,1194600,43600,50600,1077300,1072000,100,2900,100,0
1858,2,1212500,43600,46100,1078300,1072900,0,3100,100,100
1859,2,1227500,43500,46100,1088300,1082900,200,3300,100,400
1860,2,1204400,43400,48200,1074500,1069300,100,3100,100,0
1861,2,1195400,43800,45800,1085300,1080000,100,3100,100,100
1862,2,1179500,43500,45700,1072000,1066700,100,3200,0,100
1863,2,1198100,43400,45800,1087700,1082100,100,2900,100,0
1864,2,1209800,43600,46400,1095100,1089500,100,3100,0,200
1865,2,1192900,43400,46900,1072200,1066900,100,2900,100,0
1866,2,1232200,43400,46300,1087500,1082000,100,3200,100,0
1867,2,1191900,43300,45800,1072800,1067300,100,3000,100,100
1868,2,1187500,43700,45800,1072700,1067300,100,3300,0,100
1869,2,1188100,43800,45700,1072200,1066900,100,3100,100,100
1870,2,1256500,45700,47600,1116100,1110600,200,3100,100,0
1871,2,1193900,43400,45600,1077200,1071800,100,3100,100,200
1872,2,1190000,43700,46000,1071200,1065800,100,3300,100,0
1873,2,1191900,43700,45900,1082000,1076700,100,3100,100,100
1874,2,1202700,43800,46300,1085200,1079800,100,3300,100,200
1875,2,1195100,43500,46100,1075900,1070600,100,3000,0,200
1876,2,1191700,43400,46200,1073900,1068700,100,3300,100,0
1877,2,1187000,43400,45500,1071200,1066000,0,2400,0,100
1878,2,1264600,43700,46300,1107500,1102200,100,3400,0,0
1879,2,1244500,43500,46500,1078700,1073400,100,3000,100,200
1880,2,1198900,43500,46100,1072100,1066900,100,3200,100,100
1881,2,1211800,43500,45900,1072300,1067100,100,2900,100,0
1882,2,1203400,43000,45800,1071400,1065800,100,3100,100,200
1883,2,1233700,43400,45700,1126600,1117200,100,2900,0,0
1884,2,1225600,46300,51600,1106000,1099900,100,3900,200,100
1885,2,1217500,43700,46400,1105500,1099700,100,3000,100,100
1886,2,1200000,43700,46800,1092100,1086400,100,3800,100,100
1887,2,1194300,43300,45800,1089900,1084100,100,3100,100,200
1888,2,1193400,43400,46400,1085100,1079400,100,3100,100,100
1889,2,1205300,43800,46600,1082700,1077000,100,2900,100,100
1890,2,1213100,43900,46500,1081300,1075700,0,3000,100,0
1891,2,1215300,43900,46600,1079300,1073800,100,3000,100,300
1892,2,1215000,43900,46200,1083200,1077600,200,3300,100,100
1893,2,1209100,43700,46800,1076200,1070700,100,3100,100,0
1894,2,1242800,43700,46200,1090300,1084800,100,3300,100,200
1895,2,1200000,43500,46300,1074900,1069500,100,3100,0,100
1896,2,1232400,44000,46400,1074300,1068800,100,3500,100,100
1897,2,1214900,43100,45900,1087600,1082300,100,2900,0,100
1898,2,1234900,43400,45900,1096800,1087800,0,3000,100,100
1899,2,1281900,46200,50000,1111400,1105400,100,3300,200,100
1900,2,1224300,43400,47500,1082800,1077200,0,3400,100,200
1901,2,1204900,43300,46000,1082000,1076400,100,3000,100,200
1902,2,1209500,43500,46000,1091900,1086200,100,3000,100,0
1903,2,1220600,43300,46200,1091800,1086200,100,2900,100,100
1904,2,1193500,43600,46000,1075200,1069800,0,3100,100,0
1905,2,1203700,43500,46200,1078200,1072800,100,3100,100,0
1906,2,1225100,43500,46100,1078600,1073200,100,3200,100,100
1907,2,1193600,43600,45700,1074800,1069400,100,3000,100,0
1908,2,1191500,43700,46200,1075900,1070400,100,3400,0,0
1909,2,1235200,43600,46200,1075700,1070300,100,3000,0,200
1910,2,1233500,43300,46400,1089300,1083800,100,3100,100,100
1911,2,1244500,43300,45800,1094000,1088300,100,3100,100,100
1912,2,1203400,43800,45800,1079900,1074300,100,3200,100,200
1913,2,1200600,43200,46100,1082200,1076800,100,2900,100,100
1914,2,1192100,43700,45700,1070800,1065400,0,3100,100,0
1915,2,1196500,43300,45800,1074000,1068400,100,3000,100,200
1916,2,1205800,43700,46000,1087700,1082200,100,3300,100,200
1917,2,1189300,43700,45800,1072600,1067300,100,3000,0,100
1918,2,1211500,43700,45800,1072700,1067400,100,3000,100,100
1919,2,24559700,49500,45900,1317300,1311200,100,23094100,200,200
1920,2,32315100,52300,47500,1369900,1362300,0,30783200,300,200
1921,2,1464800,43300,46800,1319600,1313400,100,4600,0,0
1922,2,1453000,43700,46800,1320000,1314400,100,3500,100,300
1923,2,1327400,43700,46200,1197800,1192200,100,3100,100,0
1924,2,1208500,43600,45900,1077900,1072300,100,3300,0,100
1925,2,1219000,44700,46900,1077300,1070500,0,3000,100,100
1926,2,1337900,43800,45900,1158400,1148200,0,3300,0,100
1927,2,1239400,42800,47300,1092200,1082500,200,3000,100,300
1928,2,1205900,43500,45900,1074200,1068600,100,3200,100,100
1929,2,1220400,45300,47500,1086200,1080300,100,3000,100,200
1930,2,1309300,43900,47300,1070800,1065400,100,3200,100,0
1931,2,1301900,43900,46300,1069100,1063700,100,3100,100,200
1932,2,1198600,43900,49300,1067600,1062200,100,2800,100,100
1933,2,1209800,43800,46100,1083500,1078100,0,3000,100,0
1934,2,1211200,43900,46800,1068800,1063500,0,2900,100,100
1935,2,1211600,43900,45900,1081700,1076400,100,3000,100,100
1936,2,1200500,44700,46000,1073200,1067800,100,3100,100,200
1937,2,1193900,43700,45500,1067200,1061900,100,2900,100,100
1938,2,1197900,43800,45800,1068600,1063400,100,3000,100,0
1939,2,1222100,43500,46000,1068400,1063200,100,3000,100,100
1940,2,1265500,43700,46600,1083300,1078200,100,2900,0,100
1941,2,1244400,44100,46200,1068900,1063500,100,3100,100,100
1942,2,1288800,45000,45500,1149400,1142100,0,3100,100,100
1943,2,1200400,47000,51700,1080000,1073900,100,3600,200,0
1944,2,1187800,44100,45400,1081800,1076200,0,2500,0,100
1945,2,1173200,44200,45900,1068800,1063300,100,2900,100,300
1946,2,1187600,43700,45500,1082800,1077500,100,3000,100,200
1947,2,1184500,43600,45900,1080100,1074800,100,2900,100,100
1948,2,1176200,43800,45500,1068700,1063400,0,3200,100,100
1949,2,1206400,43700,45400,1092800,1087300,100,2900,100,0
1950,2,1192900,44000,46300,1072100,1066900,0,2900,0,100
1951,2,1191700,43900,46200,1070500,1065300,100,3000,100,100
1952,2,1189300,43800,46000,1068300,1063000,0,3100,100,200
1953,2,1189500,43600,46000,1068400,1063300,100,3000,100,100
1954,2,1208200,43800,45400,1068500,1063300,100,2400,0,100
1955,2,1181600,43500,45300,1068500,1063300,100,3000,100,100
1956,2,1281600,43900,82200,1096200,1090100,100,2800,100,200
1957,2,1208600,43500,46100,1085100,1079000,100,3100,100,100
1958,2,1190400,43600,46200,1072500,1067100,100,3000,0,0
1959,2,1217500,43600,46500,1071400,1066000,0,3000,0,100
1960,2,1217000,43800,46200,1086500,1081100,100,3100,100,100
1961,2,1189900,43700,45800,1072700,1067300,100,3000,100,200
1962,2,1188700,43400,46000,1073000,1067400,0,3000,100,100
1963,2,1187900,43400,45700,1074700,1069100,100,3000,0,0
1964,2,1188900,43300,46100,1072900,1067600,100,3200,100,200
1965,2,1209100,43400,46200,1086100,1080800,100,2900,100,0
1966,2,1211900,44000,45900,1072200,1066900,100,3100,100,200
1967,2,1203900,43600,45900,1086900,1081400,100,3100,100,0
1968,2,1186300,43600,46100,1072500,1067100,100,3200,0,0
1969,2,1184900,43400,45800,1072400,1067000,100,2900,100,0
1970,2,1215000,43800,45900,1101200,1092200,100,3100,100,100
1971,2,1254600,43500,46200,1068700,1063400,100,3000,100,0
1972,2,1208200,43500,46200,1066600,1061500,100,3100,100,100
1973,2,1199500,43800,46000,1082400,1077200,0,3100,100,100
1974,2,1190200,43500,45200,1072000,1066500,100,2400,100,100
1975,2,1194800,43500,46000,1068500,1063300,100,3000,0,200
1976,2,1187300,43900,45400,1067400,1062100,100,2900,100,100
1977,2,1265700,43700,45800,1142700,1137200,100,3000,100,200
1978,2,1211900,43800,46600,1069500,1064000,100,3100,0,0
1979,2,1225900,44000,46000,1081000,1075900,0,2900,100,100
1980,2,1199600,43900,45700,1069800,1064600,100,3100,100,100
1981,2,1197100,43400,45700,1082300,1077100,100,3100,100,200
1982,2,1181100,43800,45700,1068900,1063800,100,3100,100,200
1983,2,1184200,43400,46000,1069400,1064200,100,3000,100,200
1984,2,1249800,44000,45500,1135900,1130700,100,3300,100,100
1985,2,1185400,43800,45600,1069500,1064300,100,3100,100,200
1986,2,1211400,44000,45700,1067100,1061900,100,3000,0,100
1987,2,1186100,43500,45200,1067100,1061900,100,3100,100,200
1988,2,1187400,44000,45800,1068700,1063600,0,3200,100,100
1989,2,1189000,43500,45600,1068800,1063600,100,3100,100,100
1990,2,1276700,43700,45900,1135300,1129900,100,3100,0,100
1991,2,1201500,45500,46500,1076600,1071500,0,3200,100,0
1992,2,1217600,43700,45600,1092900,1087800,100,3200,100,0
1993,2,1193100,43700,45900,1071600,1066400,100,3000,100,200
1994,2,1205800,43500,45400,1083700,1078600,100,3000,100,0
1995,2,1193200,43700,45600,1069400,1064400,0,3000,100,200
1996,2,1193500,43800,45700,1067300,1062200,100,3100,100,200
1997,2,1208800,43400,46100,1086400,1081200,0,3100,100,200
1998,2,1207400,44300,45500,1083100,1078000,100,3200,100,200
1999,2,1222600,43400,46200,1068000,1062900,100,3000,100,100
2000,2,1209800,43600,51700,1068900,1063600,200,3300,100,200
2001,2,1217000,44100,45300,1068800,1063600,100,2600,0,0
2002,2,1246300,43800,46100,1068900,1063600,100,3100,100,200
2003,2,1239900,43700,45800,1109100,1103600,100,3100,100,0
2004,2,1182700,43500,45400,1073600,1068300,100,3200,100,200
2005,2,1177700,43300,45600,1068500,1063400,100,3100,100,0
2006,2,1183600,43800,45700,1068600,1063400,100,3100,100,300
2007,2,1199300,43500,45400,1083200,1078000,100,3100,100,200
2008,2,1183800,43800,45900,1068600,1063500,100,3400,100,0
2009,2,1188900,43400,45800,1068900,1063400,100,3100,100,0
2010,2,1209200,43900,52400,1068400,1063200,100,3300,100,100
2011,2,1208700,43900,45500,1084900,1079700,0,3000,100,200
2012,2,1205700,43600,53100,1074100,1068900,100,3200,100,100
2013,2,1190600,43800,45300,1068700,1063500,100,2600,100,200
2014,2,1208000,44000,45400,1066700,1061600,100,3300,100,100
2015,2,1224600,43900,46100,1068800,1063600,100,3000,0,100
2016,2,1325600,43600,46100,1142800,1136100,200,3100,100,0
2017,2,1224100,46300,50300,1092100,1086100,100,3500,200,100
2018,2,1205200,44000,46000,1092600,1086800,100,3000,100,100
2019,2,1246900,45600,46500,1095400,1090000,100,3300,100,100
2020,2,1226300,43800,45800,1090000,1084500,100,3200,0,100
2021,2,1203400,43900,45600,1084800,1079100,100,3100,100,200
2022,2,1198400,43900,45500,1081200,1075700,100,3000,100,100
2023,2,1218200,44200,45500,1100000,1094300,100,3000,100,100
2024,2,1198700,44200,45700,1075400,1069900,100,3100,100,200
2025,2,1214500,43900,45800,1088700,1081700,100,3100,100,100
2026,2,1271100,47300,51400,1105900,1095500,100,3500,200,300
2027,2,1212700,44000,46000,1088800,1083000,100,3100,100,100
2028,2,1197300,43800,45900,1083100,1077600,100,3000,100,300
2029,2,1207300,43900,45200,1093700,1088300,100,3000,0,0
2030,2,1196000,43600,45700,1077300,1071600,100,3300,0,200
2031,2,1231700,44100,45400,1075400,1070000,0,3100,100,100
2032,2,1224900,43800,46100,1099200,1089700,100,3000,0,100
2033,2,1269400,45000,50500,1086300,1080200,200,3500,200,100
2034,2,1228200,44100,46600,1079700,1074400,100,3000,100,0
2035,2,1196900,43900,46000,1078300,1072900,100,3000,100,200
2036,2,1189700,44000,45600,1075900,1070400,0,3200,100,100
2037,2,1203700,43800,45800,1087900,1082600,100,3100,100,100
2038,2,1209400,43700,45600,1072300,1066900,100,3200,100,0
2039,2,24309100,50400,45900,1322700,1316600,0,22836800,100,0
2040,2,31629500,56800,46400,1479100,1468800,0,29984200,500,200
2041,2,1540600,44000,47300,1408300,1402100,0,4200,100,100
2042,2,1333400,44200,46200,1214700,1208700,100,3500,0,100
2043,2,1198500,43300,51800,1078100,1069100,100,3000,100,200
2044,2,1204400,43600,46100,1086400,1081200,100,3500,100,0
2045,2,1212500,43000,46200,1092300,1083400,100,2900,0,200
2046,2,1226600,43400,45900,1072300,1067100,0,2900,100,100
2047,2,1194100,43400,46100,1072600,1067500,100,3000,100,100
2048,2,1232200,46800,47800,1115300,1110100,200,3200,0,100
2049,2,1193300,43200,45800,1077300,1071900,100,2900,0,200
2050,2,1221500,43600,46200,1071900,1066800,100,3100,100,200
2051,2,1198200,43500,46100,1072200,1067000,100,3000,100,100
2052,2,1214700,43300,45900,1086000,1080800,100,3500,100,200
2053,2,1198500,43000,45900,1072400,1067200,100,3000,100,200
2054,2,1222000,43600,46400,1078000,1072700,100,2900,0,100
2055,2,1203900,43500,46400,1070300,1065000,100,3000,0,0
2056,2,1236200,43300,46200,1108800,1103700,100,3400,100,100
2057,2,1204000,43200,46100,1072600,1067200,100,2900,100,100
2058,2,1209900,43400,46100,1072200,1066900,100,3200,100,300
2059,2,1249700,43300,46600,1091300,1086200,100,3100,0,100
2060,2,1279700,43500,46200,1128100,1122000,0,3100,0,100
2061,2,1466600,46900,61000,1281600,1261000,200,3000,100,100
2062,2,1563700,81100,86000,1293900,1271300,400,3900,100,300
2063,2,1230100,47000,48300,1092200,1085900,100,3300,100,200
2064,2,1246600,43700,47300,1072300,1066900,200,3500,100,100
2065,2,1218500,43400,46400,1072600,1067000,100,2900,0,0
2066,2,1199600,43500,46200,1086700,1081100,100,3100,0,100
2067,2,1182300,43300,46300,1072100,1066900,100,2900,0,0
2068,2,1186600,43800,46500,1072100,1066800,100,3000,100,100
2069,2,1209300,43500,46200,1089900,1084500,0,3000,100,0
2070,2,1202500,44800,46800,1076000,1070900,100,2900,100,0
2071,2,1200800,43400,46600,1073000,1067800,100,3100,100,0
2072,2,1216700,43800,46500,1088500,1083400,100,3200,100,300
2073,2,1201600,44000,45800,1073700,1068500,100,2200,100,100
2074,2,1222300,43300,46900,1073000,1067900,100,3000,100,300
2075,2,1191600,43400,46500,1072800,1067800,0,2800,100,100
2076,2,1245900,43500,46800,1099400,1094200,100,3200,100,0
2077,2,1224000,43700,48600,1098000,1092700,100,3100,100,0
2078,2,1188700,43700,46200,1074400,1069200,100,3000,100,0
2079,2,1219100,43800,46500,1073400,1068300,100,3000,0,200
2080,2,1202700,43400,46700,1072000,1066700,100,3000,0,200
2081,2,1190700,43500,46200,1071300,1066100,100,2800,100,300
2082,2,1200700,47300,46600,1073700,1068400,200,3100,0,200
2083,2,1215300,43400,46500,1092200,1086700,100,3000,0,300
2084,2,1224200,45400,51100,1091400,1085900,100,3000,100,0
2085,2,1218200,43800,46500,1088600,1083300,0,3100,100,100
2086,2,1231100,43800,46700,1075900,1070600,100,3100,0,0
2087,2,1194700,43800,46600,1075600,1070300,0,2900,100,100
2088,2,1203100,43600,46500,1085100,1079600,100,3100,100,0
2089,2,1199200,43700,46700,1075300,1070000,100,2900,0,200
2090,2,1247400,43600,46500,1128700,1123200,100,3000,0,300
2091,2,1257500,43600,46300,1094400,1089000,100,3100,100,100
2092,2,1219100,45100,45800,1079000,1072900,0,2500,100,200
2093,2,1218600,44000,46500,1084800,1079100,100,3000,100,100
2094,2,1205400,44300,46000,1074900,1069300,100,3000,100,0
2095,2,1250500,44100,46600,1073700,1067900,100,3200,100,0
2096,2,1223300,42900,46100,1079300,1069800,100,3000,100,0
2097,2,1221400,43800,46500,1097300,1091600,200,3000,100,100
2098,2,1220100,44600,47600,1076700,1071300,100,3100,100,100
2099,2,1221200,43900,46600,1074600,1069300,100,3100,100,0
2100,2,1271300,44000,46900,1094800,1089200,0,3100,100,100
2101,2,1239600,43800,46800,1073300,1067800,100,3100,100,0
2102,2,1182400,43500,46300,1073800,1068600,100,3000,0,200
2103,2,1208600,43600,46200,1097200,1088300,100,3100,100,200
2104,2,1240300,44100,48700,1119600,1110200,100,3800,200,300
2105,2,1189100,43600,46400,1074400,1068800,100,3000,100,0
2106,2,1216700,43200,46100,1073600,1068100,100,3300,100,200
2107,2,1187700,43300,45700,1074100,1068500,100,3100,100,0
2108,2,1179100,43200,45800,1072000,1066500,100,3400,100,0
2109,2,1182600,43400,45600,1073800,1068300,100,2900,100,200
2110,2,1207300,43700,46400,1073200,1067500,100,3200,100,200
2111,2,1200100,43600,48300,1085800,1080400,100,3000,0,200
2112,2,1193600,44300,46700,1074900,1069500,100,2900,0,300
2113,2,1192500,43500,46300,1073000,1067600,100,2900,0,100
2114,2,1195500,43800,46000,1073000,1067600,100,3100,100,300
2115,2,1196100,43100,45900,1074100,1068800,100,3000,100,100
2116,2,1219200,43700,53200,1088900,1083500,100,4000,0,200
2117,2,1197700,43400,46000,1074600,1069100,100,3100,100,100
2118,2,1209200,44800,46000,1087500,1082100,100,3000,100,100
2119,2,1219800,43800,46300,1071200,1065800,100,3100,100,200
2120,2,1205100,43900,46300,1071100,1065700,100,3200,100,200
2121,2,1215900,43700,46000,1071700,1066400,100,2900,0,100
2122,2,1226800,43400,46300,1088200,1082800,100,3100,100,200
2123,2,1197300,43300,46100,1088200,1082900,100,2900,0,300
2124,2,1211000,43500,45400,1101700,1092900,100,3400,0,200
2125,2,1236800,45600,57900,1089000,1083200,100,3500,400,100
2126,2,1231300,43700,46400,1080500,1075000,100,3300,0,0
2127,2,1206800,43700,46100,1075600,1070100,100,2900,0,100
2128,2,1181200,43400,46000,1072800,1067500,100,3400,100,0
2129,2,1197600,43400,45700,1085800,1080500,0,3100,100,100
2130,2,1189500,44300,46600,1072500,1067100,100,2900,0,100
2131,2,1229100,43900,46700,1110900,1105400,0,3300,100,200
2132,2,1190400,44100,46600,1070700,1065300,100,3100,100,200
2133,2,1193000,43900,46500,1073500,1068100,100,3100,100,100
2134,2,1212200,44300,46300,1072600,1067100,100,3200,100,100
2135,2,1185600,44200,46700,1072600,1067100,100,3000,100,200
2136,2,1216700,44100,46500,1076300,1067200,100,3100,100,100
2137,2,1203800,44200,46000,1083900,1076700,100,3000,100,100
2138,2,1195200,46000,49000,1072200,1067000,100,3300,0,0
2139,2,1215600,44300,46400,1077000,1071700,100,3000,0,100
2140,2,1195000,44400,46500,1071900,1066600,100,3100,100,200
2141,2,1180200,43900,46400,1070200,1065000,0,2900,0,100
2142,2,1178200,43700,46300,1069100,1064000,100,3000,100,200
2143,2,1206600,43500,46600,1092300,1087100,100,3000,0,100
2144,2,1210800,43800,46500,1084100,1078900,100,3200,100,100
2145,2,1219500,44000,46400,1086400,1081200,100,3100,100,100
2146,2,1236900,46500,49000,1083300,1078000,100,2900,100,200
2147,2,1193300,44100,46500,1068900,1063700,0,3000,100,0
2148,2,1192900,44000,46100,1067700,1062400,100,3200,100,100
2149,2,1185000,43900,46500,1068500,1063200,100,3000,0,100
2150,2,1190000,44400,46600,1069100,1063800,100,3300,100,100
2151,2,1274900,44400,46400,1121100,1114500,100,2300,100,100
2152,2,1256400,44400,47200,1129100,1123200,100,3400,0,200
2153,2,1222000,44500,48300,1090500,1084800,100,3000,0,100
2154,2,1209100,44200,47100,1084200,1078600,100,3500,100,300
2155,2,1207700,44000,46700,1083100,1077800,100,2900,100,0
2156,2,1196900,44400,46500,1077400,1071900,100,3300,100,0
2157,2,1245100,44600,47200,1077300,1071900,100,3100,100,0
2158,2,1240300,44200,47000,1076100,1070600,100,2900,100,100
2159,2,24663100,52500,46600,1427200,1420300,100,23071600,200,300
2160,2,31937600,50800,47900,1431000,1424700,100,30340400,200,300
2161,2,1510700,44600,47500,1375500,1369500,100,3800,100,100
2162,2,1474800,44500,47300,1344800,1338900,0,3200,100,0
2163,2,1210100,44200,47300,1084000,1078500,100,3200,0,100
2164,2,1197100,44600,46700,1073900,1068300,0,3000,0,0
2165,2,1220500,44400,46600,1094300,1088800,100,3000,0,300
2166,2,1235900,44400,46700,1072400,1066800,100,3100,100,200
2167,2,1200600,43900,46300,1072400,1066900,100,3000,100,100
2168,2,1239000,44100,46600,1120900,1115200,200,3100,100,0
2169,2,1210500,44500,47000,1089100,1083500,100,3100,200,200
2170,2,1225000,45400,46500,1075300,1069400,100,3100,0,0
2171,2,1200300,44400,46600,1078800,1073400,100,3000,0,0
2172,2,1208800,44200,46500,1086800,1081500,100,3100,0,0
2173,2,1197800,44700,46400,1072400,1067100,100,3000,100,200
2174,2,1221100,44000,46300,1087100,1081800,100,3000,100,0
2175,2,1213700,44400,46400,1073600,1065700,100,3000,100,100
2176,2,1244300,44400,47200,1096500,1090600,100,3200,0,0
2177,2,1242000,45300,50400,1088600,1083300,100,3000,100,0
2178,2,1212200,44500,46300,1070700,1065300,0,3300,100,100
2179,2,1242200,44400,47100,1068500,1063200,100,3000,100,100
2180,2,1246300,44400,46900,1092700,1087100,0,3100,100,0
2181,2,1293700,44700,46900,1127300,1118600,100,3100,100,200
2182,2,1246000,44800,49000,1077900,1071900,100,3400,200,400
2183,2,1181600,44100,46000,1067500,1062200,100,2900,100,500
2184,2,1200600,43900,46000,1082900,1077600,100,3000,0,200
2185,2,1238500,43800,45700,1068900,1063200,100,3000,100,200
2186,2,1255600,44200,45700,1069000,1063500,100,2500,100,100
2187,2,1176300,43700,46000,1068800,1063500,100,3000,100,0
2188,2,1222300,43800,45900,1068800,1063600,100,3200,100,0
2189,2,1231100,43700,46000,1092300,1086900,100,2900,100,200
2190,2,1217500,43600,46400,1098900,1093100,100,3200,100,200
2191,2,1194600,43500,45800,1070400,1065100,100,3000,100,200
2192,2,1190500,43900,46400,1071500,1066200,100,3100,100,200
2193,2,1187700,43900,46200,1069000,1063900,0,3100,100,100
2194,2,1292500,44100,46100,1147800,1142000,100,3000,100,0
2195,2,1203900,47100,46600,1088200,1082800,100,2600,100,100
2196,2,1248400,44100,47300,1105100,1099500,0,3300,100,100
2197,2,1206500,44500,46400,1085500,1079900,100,3300,0,200
2198,2,1188200,44900,46400,1076200,1071100,0,3200,100,0
2199,2,1213500,43700,45900,1073900,1068600,0,3300,100,100
2200,2,1199000,44100,46200,1073900,1068800,100,3100,100,0
2201,2,1180700,43500,46000,1070500,1065300,100,3100,100,200
2202,2,1179800,44000,45300,1072100,1067000,100,3400,100,0
2203,2,1190400,43500,45700,1082800,1077600,100,3100,100,0
2204,2,1186000,43900,45700,1071400,1066200,0,3500,100,0
2205,2,1193300,43800,45400,1071500,1066300,100,2500,100,0
2206,2,1211100,43800,46000,1070000,1064700,100,3100,100,100
2207,2,1195000,43900,45900,1069200,1063900,100,2900,100,100
2208,2,1186900,43800,45900,1069200,1064000,100,3200,100,300
2209,2,1208500,43700,45400,1093900,1088500,100,2900,0,0
2210,2,1258700,45300,46800,1133100,1124900,100,3600,100,100
2211,2,1255900,44700,51900,1085000,1079300,100,3600,200,100
2212,2,1205100,44000,46500,1078800,1073400,100,3500,100,0
2213,2,1218400,43800,46100,1089300,1084000,200,3000,100,100
2214,2,1193600,45000,45900,1074500,1069200,100,3300,100,100
2215,2,1193500,43900,45900,1072600,1067300,100,3100,100,100
2216,2,1191100,46500,45600,1072000,1066800,100,3100,100,100
2217,2,1211800,43700,45500,1093300,1087700,100,3000,0,0
2218,2,1213000,43800,45700,1073500,1068200,100,3100,100,0
2219,2,1273600,43900,46500,1085100,1079700,0,2900,100,0
2220,2,1226900,43900,46100,1071300,1066100,100,3100,100,200
2221,2,1181900,43800,45700,1071300,1065900,0,3100,100,200
2222,2,1177400,43800,45600,1068800,1063600,100,3100,100,300
2223,2,1192200,43500,45800,1078500,1073100,0,3100,100,0
2224,2,1183900,44100,45600,1072700,1067500,0,3100,100,0
2225,2,1183100,43800,45700,1070400,1065200,0,3100,100,200
2226,2,1238600,43900,45600,1097200,1092100,100,3200,100,300
2227,2,1183200,43700,45500,1069800,1064600,100,3100,100,200
2228,2,1180600,43800,45700,1070000,1064700,0,3500,100,100
2229,2,1188400,43700,45500,1070000,1064700,100,2900,100,100
2230,2,1214400,43600,46000,1067600,1062200,0,3000,100,200
2231,2,1206500,43600,45900,1087100,1081800,100,3100,100,200
2232,2,1201900,43600,45900,1079800,1074500,100,3400,100,300
2233,2,1188100,43700,45800,1070000,1064800,100,3100,100,100
2234,2,1204200,43700,46000,1084500,1079300,100,3100,100,100
2235,2,1204800,43700,46000,1081900,1076700,100,3100,100,100
2236,2,1190000,44000,46000,1067300,1062100,0,3200,0,100
2237,2,1195400,44100,45900,1067200,1062000,0,3100,100,100
2238,2,1213300,44700,46100,1080900,1075700,0,3200,100,200
2239,2,1225200,43900,46200,1069000,1063900,100,3000,100,100
2240,2,1205500,43700,46100,1067100,1061800,100,3500,100,100
2241,2,1222900,43600,45800,1068400,1063300,0,3000,100,100
2242,2,1242500,43800,45900,1098200,1093000,100,3400,100,300
2243,2,1182800,43600,46000,1068700,1063700,100,3000,100,200
2244,2,1199100,44000,45500,1083700,1078400,100,3100,100,0
2245,2,1228300,44100,49200,1100900,1093800,100,8900,200,600
2246,2,1198600,44600,49300,1071300,1065400,100,3600,200,100
2247,2,1187400,43900,45400,1071800,1066300,0,3100,100,0
2248,2,1184300,44200,45700,1069100,1063600,100,3400,100,300
2249,2,1186600,43800,45800,1068600,1063200,100,3000,100,0
2250,2,1253300,43500,46100,1088000,1082200,0,2600,0,100
2251,2,1238900,43200,46900,1090300,1084800,100,3100,100,200
2252,2,1218100,43200,46200,1092800,1087700,100,3000,100,0
2253,2,1196000,43600,46000,1072500,1067400,100,2900,0,100
2254,2,1216100,43400,46400,1072000,1066900,100,3100,0,100
2255,2,1207700,43300,46200,1087300,1082200,100,3000,100,0
2256,2,1243800,43500,46300,1098800,1093500,0,3000,100,300
2257,2,1187800,43100,46000,1072700,1067500,100,3000,100,100
2258,2,1245900,43200,45800,1135200,1129700,100,3100,100,0
2259,2,1229300,43400,51300,1084100,1078600,100,3000,100,100
2260,2,1215700,43600,45800,1085300,1080000,0,3200,100,100
2261,2,1195600,43400,46000,1076700,1071500,100,3100,100,0
2262,2,1188500,43200,46200,1072600,1067500,100,3000,100,0
2263,2,1205400,43100,45900,1090900,1085700,0,3000,100,0
2264,2,1192300,43500,46100,1073100,1068100,100,3200,100,200
2265,2,1217100,43300,46000,1092900,1087700,0,3000,100,100
2266,2,1216100,43200,46300,1073100,1067800,100,2900,0,200
2267,2,1190900,43200,46000,1072500,1067300,0,3000,0,200
2268,2,1194600,43400,46000,1072900,1067800,100,3100,100,200
2269,2,1191400,43500,45800,1073200,1067800,100,2900,0,300
2270,2,1233600,43400,46200,1072000,1066900,100,3000,0,100
2271,2,1305100,43400,46400,1113100,1104400,100,3000,0,100
2272,2,1224100,43900,48800,1087300,1081300,100,3500,200,100
2273,2,1210400,43800,46600,1087100,1081800,200,3100,0,200
2274,2,1188500,43600,46000,1070700,1065400,100,3000,100,100
2275,2,1201500,43300,46300,1079600,1074300,0,2900,100,100
2276,2,1182400,43300,46200,1071900,1066600,100,3000,100,200
2277,2,1190400,43400,45900,1072300,1067200,100,3100,0,200
2278,2,1213500,43600,46300,1072300,1067100,100,3100,100,0
2279,2,24767400,54300,46100,1486800,1480400,100,23122600,200,200
2280,2,32060900,53200,47400,1478900,1471500,200,30407700,200,300
2281,2,1634000,43500,48100,1411100,1405400,100,4700,100,300
2282,2,1561600,43600,47000,1370800,1365100,100,3500,100,100
2283,2,1266100,43400,46700,1143400,1137700,100,3200,100,0
2284,2,1205500,43800,46200,1089300,1083900,100,3000,0,100
2285,2,1193900,43700,46300,1073100,1067700,100,3000,100,0
2286,2,1231700,43300,45900,1073300,1067800,0,3100,100,100
2287,2,1198800,43700,45900,1070600,1065000,100,2900,100,200
2288,2,1225700,43600,46000,1110300,1103600,100,2900,100,100
2289,2,1213700,44000,50000,1085800,1079800,100,3500,200,500
2290,2,1215200,43600,46100,1072800,1067400,100,3100,100,200
2291,2,1186000,43500,46100,1072500,1067100,100,3000,100,100
2292,2,1212000,43300,45900,1094800,1089400,100,3100,100,100
2293,2,1187800,43400,45700,1072500,1067200,100,2900,0,100
2294,2,1205900,43300,45900,1086400,1081100,100,3100,100,200
2295,2,1226500,43400,45800,1105800,1100500,100,3100,100,100
2296,2,1213800,43900,45900,1097400,1092000,0,3200,100,200
2297,2,1194500,43400,45800,1072600,1067200,100,2900,100,100
2298,2,1198400,43500,45700,1072300,1067000,100,3100,100,200
2299,2,1230300,43600,46100,1071800,1066600,100,2900,100,0
2300,2,1222700,43900,46000,1083800,1078400,100,3000,100,0
2301,2,1290400,43500,46000,1137200,1131600,100,3100,100,0
2302,2,1235800,43600,46200,1090500,1085200,100,3500,100,100
2303,2,1213200,43500,45900,1096700,1091500,0,2900,100,200
2304,2,1199700,46000,45700,1082900,1077700,100,3200,100,0
2305,2,1185500,43100,45900,1072300,1067000,100,3100,100,0
2306,2,1192100,43300,45800,1073100,1067700,0,3100,100,200
2307,2,1192700,43600,46200,1086800,1081600,100,3100,100,100
2308,2,1184600,43400,46000,1072400,1067200,0,3100,100,0
2309,2,1227500,43400,45900,1111200,1105800,100,3000,100,200
2310,2,1196500,43800,46000,1072100,1067000,100,3200,100,0
2311,2,1192000,43500,45900,1072800,1067500,100,3000,100,100
2312,2,1251900,43600,46100,1088900,1083800,100,3200,100,0
2313,2,1217400,43400,46200,1072100,1066900,100,3000,100,0
2314,2,1276200,43700,46300,1125700,1117000,100,2900,100,100
2315,2,1244700,45200,53500,1094200,1088300,100,6000,200,100
2316,2,1239800,43800,45900,1085800,1080500,100,3300,100,0
2317,2,1209300,43500,45900,1076600,1071200,100,2900,100,100
2318,2,1189300,43400,45800,1072400,1067100,100,3100,100,100
2319,2,1233000,43500,45900,1084900,1079600,100,3000,100,200
2320,2,1198600,43600,45900,1071100,1065800,100,3200,100,100
2321,2,1189100,43500,45800,1072300,1067000,0,2900,0,100
2322,2,1198800,43400,46100,1086800,1081600,100,2900,100,100
2323,2,1224000,43800,45600,1108100,1102900,100,3100,100,200
2324,2,1186800,43500,45800,1072400,1067100,100,3100,0,200
2325,2,1190600,43700,46100,1072200,1066800,0,2900,0,0
2326,2,1229700,44900,46600,1088500,1083200,100,3000,100,100
2327,2,1230100,43500,46100,1114300,1105500,100,3000,100,200
2328,2,1220600,44100,50800,1090700,1084800,100,3700,200,100
2329,2,1205400,43800,46300,1085600,1080100,100,3000,100,200
2330,2,1219900,43200,46400,1091400,1085800,100,3400,0,300
2331,2,1242900,43400,46600,1082600,1077400,100,3100,100,0
2332,2,1222400,45300,46300,1083100,1077600,100,3000,100,300
2333,2,1210300,43600,46200,1079000,1073700,100,3200,100,0
2334,2,1209900,43600,46000,1078700,1073300,100,2900,100,0
2335,2,1206100,43000,46100,1077000,1072000,100,2900,0,100
2336,2,1204600,43700,46100,1082400,1077200,100,3300,100,200
2337,2,1227600,45100,48000,1091200,1085800,100,2900,100,100
2338,2,1230600,43900,46200,1084800,1079500,100,3600,100,300
2339,2,1235000,43500,46200,1082700,1077100,100,3000,0,100
2340,2,1221800,43900,45900,1083100,1074000,100,3000,100,200
2341,2,1201000,43500,45500,1076000,1070000,100,3100,100,100
2342,2,1186200,43600,45900,1072600,1067400,100,3100,100,200
2343,2,1245000,43700,46100,1084900,1079500,100,3000,0,0
2344,2,1225600,45100,47900,1081200,1075700,100,3100,100,0
2345,2,1195300,43700,45800,1075900,1070500,100,2900,100,100
2346,2,1246800,43600,46100,1091600,1086500,100,3100,100,200
2347,2,1201000,43700,46100,1071700,1066500,0,3100,0,100
2348,2,1192900,43400,46200,1073300,1068100,100,3400,100,100
2349,2,1205300,45300,45700,1070400,1065200,100,3600,100,0
2350,2,1233800,43700,46000,1084900,1079500,100,3100,0,100
2351,2,1195400,44000,46100,1070300,1065000,100,3000,100,200
2352,2,1191200,43600,46000,1071000,1065600,100,3100,100,0
2353,2,1185300,43800,45500,1068100,1062800,100,3200,100,0
2354,2,1203300,43600,45800,1084800,1079600,100,3100,100,200
2355,2,1236400,43800,46200,1068800,1063600,100,3000,100,100
2356,2,1292200,43900,46400,1118200,1109800,100,3100,100,100
2357,2,1211800,45400,50300,1077700,1071800,100,3400,200,300
2358,2,1196100,44400,46500,1077000,1071800,100,3300,100,200
2359,2,1218200,44100,46400,1068200,1062700,100,3100,100,100
2360,2,1228900,43600,46100,1083400,1078100,100,3300,100,200
2361,2,1219800,43900,46000,1068600,1063500,100,3000,0,100
2362,2,1212400,43400,46000,1069200,1063900,100,3200,100,200
2363,2,1179900,43500,45400,1069100,1063600,100,3000,0,200
2364,2,1182400,43900,45400,1071400,1065900,100,3300,100,0
2365,2,1191400,43700,45600,1078300,1072900,100,3100,100,100
2366,2,1179200,43800,45900,1068500,1063300,100,3100,0,200
2367,2,1176200,43800,45700,1066800,1061500,100,3100,100,100
2368,2,1184100,43900,45700,1068700,1063700,100,3300,100,0
2369,2,1196200,43800,45700,1084200,1079100,100,3000,0,100
2370,2,1189100,43800,45900,1068400,1063200,0,3300,100,200
2371,2,1208700,43800,45700,1086300,1081000,100,3100,100,200
2372,2,1196800,43800,45900,1071500,1065700,100,3500,100,100
2373,2,1192700,43300,46100,1068900,1063600,100,3000,100,100
2374,2,1273200,43100,47000,1090600,1081200,100,3100,100,100
2375,2,1210100,43600,46500,1072700,1067100,100,2900,100,100
2376,2,1213600,43600,46000,1072500,1067100,100,3000,100,0
2377,2,1189400,43300,46200,1076300,1067200,100,3100,100,100
2378,2,1205800,43300,45900,1095200,1088400,100,2900,100,300
2379,2,1247400,43500,55300,1090200,1081200,100,5200,100,100
2380,2,1194200,44100,45700,1070500,1064800,100,3300,100,200
2381,2,1212100,43700,45500,1101800,1096400,100,3000,100,200
2382,2,1182900,43600,45800,1075500,1070200,100,3100,100,100
2383,2,1180800,43800,45900,1068900,1063600,100,3100,100,100
2384,2,1180000,43900,45600,1068600,1063100,100,3100,100,100
2385,2,1250600,44300,45700,1136600,1131200,100,3000,100,0
2386,2,1210100,44300,46100,1073200,1067800,100,3300,100,200
2387,2,1177200,43700,46100,1069300,1064000,0,3000,100,100
2388,2,1179000,43800,45600,1070000,1064700,100,3100,100,100
2389,2,1176800,43700,45600,1068800,1063400,100,3100,100,0
2390,2,1182700,44000,45800,1067900,1062400,100,3000,0,100
2391,2,1262500,43600,46000,1116800,1111500,100,3000,100,100
2392,2,1211500,44000,46200,1087000,1081600,100,3100,100,200
2393,2,1223500,43900,45800,1098600,1093100,100,3200,100,100
2394,2,1219900,43900,45300,1095600,1090000,100,3300,0,100
2395,2,1228300,43500,45800,1102700,1097100,100,3000,100,100
2396,2,1201200,43900,46100,1078900,1073500,100,3500,100,100
2397,2,1197800,43500,45800,1075300,1069800,100,2900,0,100
2398,2,1243100,44500,47300,1093600,1088100,100,3100,100,200
2399,2,25283100,54600,50600,1649800,1641100,100,23437700,200,300
2400,2,33146900,58200,51600,1733200,1722600,100,31184200,300,300
2401,2,1843400,45000,52200,1667600,1660800,100,5200,100,200
2402,2,1481800,44100,47100,1324400,1318200,0,4000,100,0
2403,2,1227800,44100,47800,1076200,1070300,100,3800,100,200
2404,2,1200200,44300,46600,1069500,1063800,100,3200,100,100
2405,2,1312300,43900,46100,1084000,1078200,100,3100,100,200
2406,2,1348000,43700,46700,1097100,1091400,100,3000,100,300
2407,2,1216200,43800,45900,1080100,1074400,0,3000,100,100
2408,2,1188500,44100,46500,1068500,1063000,100,3100,0,200
2409,2,1183100,43700,45600,1067200,1061600,100,2900,0,200
2410,2,1230500,43800,46000,1083900,1078300,100,3200,100,100
2411,2,1188100,43600,45700,1068900,1063300,0,3000,100,100
2412,2,1190800,43800,45800,1068900,1063400,0,3200,100,100
2413,2,1209700,44000,45800,1085500,1079900,100,2900,0,100
2414,2,1193500,44000,45300,1069000,1063500,100,3000,100,100
2415,2,1203900,43700,46100,1069100,1063400,100,2900,100,300
2416,2,1196000,43900,45700,1073900,1068400,100,3400,100,0
2417,2,1225200,43800,46300,1094100,1087200,100,3100,100,200
2418,2,1217500,44900,49400,1082300,1076000,200,3600,200,0
2419,2,1222600,44100,46300,1069200,1063400,100,3100,100,100
2420,2,1224600,44000,45900,1089500,1083700,100,3400,100,100
2421,2,1236800,44000,46000,1085100,1079600,100,3100,0,0
2422,2,1218800,44000,46000,1068900,1063400,100,3200,100,100
2423,2,1189200,43800,45500,1068800,1063400,100,3100,0,100
2424,2,1191000,45900,45900,1068300,1063000,100,3200,100,0
2425,2,1188200,43800,46000,1068900,1063600,100,3000,0,100
2426,2,1199200,43400,46100,1075500,1069900,0,3000,100,100
2427,2,1202600,43600,45700,1082700,1077400,100,3000,100,0
2428,2,1209500,43600,56200,1080600,1075100,100,3400,100,200
2429,2,1220600,43600,46100,1094200,1088800,100,3000,100,0
2430,2,1200900,44000,46100,1068700,1063200,100,3100,0,0
2431,2,1204400,44100,46100,1068900,1063300,100,3100,100,200
2432,2,1209900,43900,46000,1069200,1063700,100,3300,100,200
2433,2,1254300,43900,46000,1120600,1115200,100,3000,0,0
2434,2,1228500,43800,46500,1071100,1065300,100,3000,100,200
2435,2,1207900,43900,45800,1079600,1074300,100,2900,0,0
2436,2,1258200,43900,46300,1067300,1062000,0,3100,100,200
2437,2,1215000,43900,45900,1069000,1063500,0,2900,100,0
2438,2,1184300,43900,45700,1069100,1063600,100,3100,100,200
2439,2,1211100,44000,46200,1068600,1063400,100,2900,0,100
2440,2,1248100,43900,46000,1066800,1061300,100,3100,100,100
2441,2,1253000,44100,45800,1089100,1083700,100,3100,100,100
2442,2,1176800,43800,45400,1068900,1063600,100,3200,100,200
2443,2,1175600,43600,45500,1068800,1063500,100,2900,100,100
2444,2,1185500,43900,45600,1074300,1068900,100,3500,100,100
2445,2,1191800,43700,45300,1078300,1072900,100,3100,100,100
2446,2,1202100,44200,45700,1067400,1062500,100,3100,100,100
2447,2,1222700,46200,47700,1102000,1096600,100,3000,100,200
2448,2,1192500,43900,45700,1084500,1078900,100,3000,100,100
2449,2,1190000,43800,45900,1080800,1075300,100,3000,100,100
2450,2,1194800,44100,45700,1083000,1077700,100,3000,0,100
2451,2,1212500,44000,45700,1069500,1064100,100,3000,0,200
2452,2,1202900,44100,45900,1083200,1077900,100,3300,100,200
2453,2,1191500,43600,46200,1070000,1064500,100,3000,100,100
2454,2,1189600,43700,45500,1067600,1062300,100,3000,100,0
2455,2,1206100,44300,46000,1082600,1077200,0,3000,100,100
2456,2,1212200,43900,45400,1088600,1077900,100,3100,0,100
2457,2,1200800,44000,45600,1080300,1075000,100,3000,100,200
2458,2,1206500,44000,45700,1067300,1061900,100,3100,100,100
2459,2,1213800,43800,46100,1069500,1064100,100,3100,100,200
2460,2,1282800,43900,45700,1151100,1142700,100,3200,0,100
2461,2,1231200,44200,50600,1099800,1093900,100,3400,100,100
2462,2,1231300,43800,45900,1120400,1111200,100,3200,0,100
2463,2,1213900,43100,48500,1089300,1079300,100,3400,100,200
2464,2,1202200,43900,46500,1083200,1077600,0,3000,0,0
2465,2,1201700,43600,46600,1080400,1075000,100,2900,100,200
2466,2,1224100,43600,46300,1077900,1072600,0,3100,100,300
2467,2,1240800,43500,46500,1078300,1073000,100,3000,100,100
2468,2,1243500,43400,46600,1106200,1101100,100,3400,0,100
2469,2,1189700,43300,47100,1078300,1073100,100,3200,100,100
2470,2,1223800,43500,46400,1088200,1082800,100,3100,100,200
2471,2,1185900,43200,46000,1074000,1068700,100,3200,100,100
2472,2,1186300,43400,46200,1072700,1067500,100,3100,100,0
2473,2,1186300,43600,45800,1074200,1068800,0,3300,100,0
2474,2,1190000,43200,46400,1073900,1068800,100,3200,100,0
2475,2,1265000,45700,46100,1145100,1139500,0,3100,100,200
2476,2,1215000,44700,51800,1091600,1086300,100,3400,100,200
2477,2,1203600,43500,46300,1083000,1077900,100,3100,100,200
2478,2,1216300,43300,46400,1096800,1091700,100,3500,100,0
2479,2,1231500,43500,46300,1079600,1074200,0,3000,100,100
2480,2,1205800,43200,46300,1075000,1069700,100,3200,100,100
2481,2,1219300,43200,46200,1075300,1070300,100,3100,100,0
2482,2,1233900,43400,46300,1101400,1096300,0,3100,100,100
2483,2,1183900,43000,46400,1075100,1069800,0,3000,100,100
2484,2,1203900,43100,46100,1083600,1078400,100,3300,100,100
2485,2,1202000,43100,46400,1074900,1069600,100,3100,100,200
2486,2,1205200,43400,46300,1082700,1077400,100,2900,100,100
2487,2,1196600,43400,46000,1073100,1067900,100,3200,100,100
2488,2,1211500,43300,46100,1091000,1085700,100,3000,100,0
2489,2,1224300,43200,46500,1100300,1095000,100,3100,100,100
2490,2,1211300,43700,49300,1074100,1068900,100,3100,100,100
2491,2,1203000,43500,45900,1073300,1068100,100,3300,100,200
2492,2,1206200,43400,46400,1072400,1067100,100,3100,100,200
2493,2,1199800,43400,46300,1072800,1067600,100,3400,100,0
2494,2,1216700,43000,46400,1070500,1065300,0,2900,100,0
2495,2,1193300,43300,46200,1072300,1067100,0,3100,0,100
2496,2,1227400,43400,46300,1078600,1073300,100,3000,0,100
2497,2,1198000,44500,46300,1077200,1071900,100,3000,0,0
2498,2,1227700,43100,46400,1073000,1067700,100,3300,100,200
2499,2,1251700,43000,46400,1088200,1082900,100,3000,0,0
2500,2,1206400,43600,45900,1081200,1076000,100,3100,100,300
2501,2,1185000,43400,46000,1072800,1067700,100,3100,100,100
2502,2,1200300,43100,46500,1087800,1082400,100,3300,100,200
2503,2,1197800,43300,45900,1087500,1082300,100,3000,0,200
2504,2,1188900,43300,46200,1073100,1067800,100,3300,100,200
2505,2,1186700,43500,46100,1070500,1065400,100,3100,100,0
2506,2,1208900,43100,45900,1071900,1066700,100,3000,100,0
2507,2,1184700,43200,45800,1072200,1067100,100,3000,100,200
2508,2,1200000,43400,45900,1086900,1081800,100,3200,100,300
2509,2,1196700,43400,45800,1086400,1081200,100,3100,100,100
2510,2,1259200,43600,45900,1142200,1134100,100,3000,100,0
2511,2,1249700,44100,49100,1084000,1078100,100,3500,300,0
2512,2,1212000,43800,47300,1086700,1081300,100,3100,0,200
2513,2,1199500,43200,46300,1078500,1073100,100,2900,100,0
2514,2,1197400,43300,45800,1075200,1069800,100,3200,100,200
2515,2,1220300,43500,52300,1088000,1082800,0,3000,100,200
2516,2,1206000,43600,46200,1076000,1070800,100,3100,100,200
2517,2,1220700,43300,47400,1088400,1083100,100,3100,0,100
2518,2,1222700,43400,46200,1074000,1068900,100,3200,100,200
2519,2,24567000,52700,46600,1332400,1325200,100,23063200,200,300
2520,2,32691200,52000,47900,1487900,1478000,0,31018700,200,100
2521,2,1516500,44600,51000,1360300,1353800,100,4300,200,200
2522,2,1470500,43500,46600,1329600,1320100,100,3600,100,100
2523,2,1418800,43500,46600,1271900,1265800,100,3100,100,100
2524,2,1313700,44000,46100,1187300,1181700,0,3000,100,300
2525,2,1297800,43500,55700,1078300,1072700,100,3200,100,200
2526,2,1383900,43600,47400,1084500,1078800,0,3100,0,0
2527,2,1222400,42800,46400,1089600,1079400,100,3000,100,100
2528,2,1198400,43200,57100,1072800,1067500,100,3300,0,0
2529,2,1258500,43400,45900,1072600,1067100,100,3100,100,100
2530,2,1268400,43800,46400,1073100,1067500,0,3200,100,0
2531,2,1185900,43500,46000,1070900,1065500,100,3000,100,0
2532,2,1222800,43500,45900,1102100,1093200,100,3400,100,200
2533,2,1240400,44700,57100,1093700,1087400,100,3700,100,300
2534,2,1196100,43500,46400,1073300,1067800,100,3000,100,200
2535,2,1195700,44000,46100,1072700,1067300,100,3000,100,200
2536,2,1186000,43300,45800,1071100,1065600,100,3100,100,0
2537,2,1205900,43500,45700,1085000,1079600,100,3000,0,200
2538,2,1190900,43400,45900,1070800,1065300,100,3300,0,200
2539,2,1244400,43500,46400,1094000,1088700,100,2900,100,100
2540,2,1205500,43800,45800,1076000,1070200,100,3400,100,200
2541,2,1216500,43300,46200,1070500,1065100,100,3100,100,0
2542,2,1206200,43900,46000,1070800,1065500,100,3100,100,0
2543,2,1182700,43800,45500,1072800,1067400,100,3000,100,100
2544,2,1177600,43700,45900,1072700,1067400,100,3100,0,100
2545,2,1180100,43500,45800,1072900,1067500,100,3100,0,200
2546,2,1218900,43100,45800,1108900,1103400,0,3100,100,100
2547,2,1196300,43800,46200,1072800,1067300,100,3300,100,200
2548,2,1200600,43700,46200,1083000,1077700,100,3200,100,0
2549,2,1191900,43200,46200,1072200,1066600,100,3000,100,200
2550,2,1197600,43200,46200,1073100,1067600,100,3000,100,0
2551,2,1214800,43600,46200,1087800,1082400,100,3100,100,0
2552,2,1221000,43600,46400,1094300,1088900,100,3100,100,0
2553,2,1219700,43500,46300,1093400,1087800,100,3000,100,200
2554,2,1222600,43600,46200,1072200,1066800,100,3200,100,200
2555,2,1183000,43100,45800,1070400,1065100,0,3100,200,0
2556,2,1217400,43400,46200,1072500,1067100,100,3300,0,300
2557,2,1189600,43500,45800,1072100,1066800,100,2900,0,100
2558,2,1198800,43400,45600,1087000,1081700,0,3200,0,200
2559,2,1210500,43200,46100,1072600,1067300,100,3100,0,100
2560,2,1262000,43500,46200,1097700,1092200,100,3100,100,100
2561,2,1206500,43600,46400,1072500,1067100,100,3200,100,0
2562,2,1179800,43600,45900,1072300,1067100,100,3300,0,0
2563,2,1197100,43400,46100,1088600,1083300,100,2900,100,0
2564,2,1182600,43500,45700,1072800,1067400,200,3200,100,0
2565,2,1197800,43700,45700,1085200,1079800,100,3100,100,0
2566,2,1206400,43300,45800,1072600,1067300,100,3200,100,100
2567,2,1246200,42800,45600,1138300,1132600,100,3100,100,0
2568,2,1209700,43500,47700,1096800,1091000,100,3200,0,200
2569,2,1209600,43800,46500,1092600,1087300,100,2900,100,100
2570,2,1219300,43600,45900,1095300,1090100,100,3100,100,100
2571,2,1248700,43600,46600,1095700,1090200,0,3000,100,200
2572,2,1206700,43300,46100,1076900,1071300,200,3200,100,100
2573,2,1197500,43600,46300,1073500,1068100,100,2900,0,100
2574,2,1260300,43200,45800,1143100,1137800,100,3100,100,200
2575,2,1197400,43800,46100,1073200,1067600,100,3000,100,0
2576,2,1192600,43500,46100,1074100,1068700,0,3400,100,100
2577,2,1197200,43100,45900,1073300,1067800,100,3000,100,0
2578,2,1218500,43400,46400,1073600,1068300,100,3200,100,300
2579,2,1221800,43400,46200,1071500,1066300,100,3100,100,0
2580,2,1260500,43300,46300,1122300,1113500,100,3300,100,0
2581,2,1213700,44000,48500,1081200,1075300,100,3400,200,200
2582,2,1212000,44300,46100,1089100,1079400,100,3200,100,100
2583,2,1206400,43100,45900,1085700,1076600,100,3000,100,0
2584,2,1192000,43600,46200,1073700,1068400,100,3400,100,0
2585,2,1200800,43300,45900,1074800,1069400,100,3000,0,0
2586,2,1220500,43200,46200,1073700,1068300,100,3000,0,200
2587,2,1218700,43600,45700,1093500,1088100,100,3100,100,0
2588,2,1199700,43700,45900,1072500,1067200,100,3000,100,100
2589,2,1189700,43400,46000,1072200,1066700,100,3000,100,300
2590,2,1231000,43500,46200,1090300,1084900,100,3000,100,100
2591,2,1244700,43600,47300,1083800,1078200,100,3000,100,0
2592,2,1212600,43900,46300,1070300,1065000,100,3400,100,100
2593,2,1243200,43700,46000,1126600,1120700,100,3100,0,0
2594,2,1231700,45900,48000,1107900,1102300,100,2900,100,200
2595,2,1208600,43800,46800,1084700,1079300,100,3200,0,100
2596,2,1205300,43700,46200,1080900,1075500,100,3300,100,0
2597,2,1201800,43800,45900,1079800,1074400,100,2900,100,100
2598,2,1213000,43100,45700,1091900,1086500,100,2900,100,100
2599,2,1235100,43600,46000,1084000,1078700,100,3000,100,100
2600,2,1210300,43800,46200,1077100,1071600,0,3100,0,0
2601,2,1232900,43200,46000,1076000,1070600,100,3000,100,200
2602,2,1249400,43600,46400,1099200,1093800,100,3300,100,0
2603,2,1190500,43500,46200,1077700,1072000,100,3100,100,0
2604,2,1191000,43300,45800,1075500,1070000,100,3100,0,0
2605,2,1189700,43700,46000,1074500,1069100,100,3200,100,0
2606,2,1184400,43300,46000,1073300,1068000,100,3000,100,200
2607,2,1190400,43300,45800,1074000,1068600,100,3100,100,100
2608,2,1235600,43500,45900,1116000,1110400,0,3200,100,200
2609,2,1226700,46100,46100,1098000,1092400,100,3100,100,100
2610,2,1264200,43600,46800,1086400,1080800,0,2900,0,0
2611,2,1274500,43600,45900,1088100,1082100,100,2400,100,0
2612,2,1207700,43800,46200,1075100,1069700,100,3500,100,100
2613,2,1207400,43600,46200,1076600,1071300,100,3000,0,100
2614,2,1220900,43700,46400,1070200,1065000,100,3200,100,0
2615,2,1214500,43500,45600,1094700,1089000,100,3100,100,200
2616,2,1234900,44000,46600,1079200,1073800,100,3000,0,100
2617,2,1189400,43500,45800,1073700,1068300,0,3100,100,100
2618,2,1187700,43700,45700,1073000,1067600,100,3100,100,0
2619,2,1216400,43700,45600,1073300,1067900,100,3100,100,100
2620,2,1213600,43900,45900,1083900,1078300,100,3100,100,0
2621,2,1182600,43600,45600,1070900,1065700,0,3000,100,200
2622,2,1241400,43800,45900,1086100,1076900,100,3000,200,0
2623,2,1229800,44500,49700,1082200,1076500,100,3500,100,300
2624,2,1185900,44300,46100,1071500,1066100,100,3300,100,100
2625,2,1185900,43700,45900,1070100,1064700,100,3100,100,0
2626,2,1216700,43900,45400,1081200,1075700,100,3100,100,200
2627,2,1191300,43800,45900,1082600,1077200,100,3100,100,100
2628,2,1180100,43900,46000,1069900,1064500,100,3100,0,100
2629,2,1196200,43700,45500,1089000,1083800,100,3000,100,200
2630,2,1196800,44000,45300,1083800,1078200,0,3100,100,100
2631,2,1212500,43600,45600,1068500,1063000,100,3000,100,100
2632,2,1191400,43300,45500,1074100,1067900,100,2500,0,100
2633,2,1187500,43200,46400,1071300,1065700,100,2900,0,0
2634,2,1203300,43000,46100,1079500,1066000,100,2900,0,100
2635,2,1183900,43700,45600,1068900,1063500,100,3100,100,100
2636,2,1198200,44700,46800,1082700,1077400,100,3200,100,100
2637,2,1181600,43500,45800,1069000,1063800,100,3000,200,100
2638,2,1205100,43900,46000,1068900,1063600,100,2900,0,0
2639,2,24495300,50900,46300,1308700,1302900,0,23030600,100,100
2640,2,32035300,54000,47000,1337000,1329700,100,30533900,200,200
2641,2,1442700,44300,47700,1292400,1286500,100,4100,100,100
2642,2,1398900,44200,46100,1269700,1263900,0,3200,100,100
2643,2,1427400,43900,46300,1300100,1294000,0,2900,100,100
2644,2,1355900,45700,47200,1218800,1213000,100,3400,100,0
2645,2,1308100,44000,46800,1173900,1168300,100,3300,100,100
2646,2,1335500,45700,48300,1147000,1141200,100,3400,200,100
2647,2,1271700,44000,45900,1130300,1124600,100,3000,0,100
2648,2,1216900,44000,45600,1101600,1095900,200,3200,0,200
2649,2,1205500,44300,45800,1083200,1077500,100,2900,0,0
2650,2,1221900,43800,46000,1067500,1062000,100,2900,0,200
2651,2,1189400,43800,45500,1069100,1063500,0,2900,0,0
2652,2,1196200,44100,45500,1077900,1072100,100,3300,100,100
2653,2,1256400,45500,45800,1071400,1066000,0,3100,100,100
2654,2,1243200,43900,46000,1070400,1065100,100,2500,100,100
2655,2,1208500,44100,46100,1068400,1062900,0,3000,100,100
2656,2,1199300,44100,45800,1069300,1063800,100,3100,100,0
2657,2,1206500,44000,46100,1067800,1062400,0,3100,100,100
2658,2,1230300,43700,46100,1100100,1094800,0,3000,100,0
2659,2,1303000,45600,47800,1122500,1116700,100,3000,0,100
2660,2,1231100,44200,46700,1084400,1079100,100,3700,100,0
2661,2,1240800,44400,45900,1080200,1074800,100,3300,100,100
2662,2,1248500,44100,45500,1100700,1095300,100,3000,100,200
2663,2,1195900,44900,45900,1084200,1078700,100,3200,100,0
2664,2,1260000,44600,83600,1102800,1096800,100,3200,100,100
2665,2,1208900,43900,47100,1094400,1089000,100,3100,200,100
2666,2,1203500,47000,48300,1084500,1079100,0,3100,200,100
2667,2,1189100,43700,46500,1077600,1072100,100,3100,100,200
2668,2,1188700,43800,46300,1076400,1071100,100,3000,100,100
2669,2,1207200,43700,46100,1075700,1070200,0,2500,0,100
2670,2,1204600,43000,46500,1072800,1067700,100,3100,100,200
2671,2,1218800,43500,46800,1074100,1068900,0,3100,100,200
2672,2,1221700,43400,46800,1080700,1075400,100,3100,100,200
2673,2,1225100,46500,49600,1075700,1070300,0,3000,100,200
2674,2,1233900,43600,46900,1073900,1068700,100,3100,100,0
2675,2,1203500,43300,46300,1072800,1067400,100,2900,100,0
2676,2,1226600,43400,46300,1071700,1066500,100,3100,100,200
2677,2,1199700,43100,46200,1071900,1066800,0,3100,100,100
2678,2,1214600,42900,46100,1087400,1082300,100,3100,100,200
2679,2,1215300,43400,46100,1072200,1067100,0,3100,0,100
2680,2,1205900,43600,46000,1073000,1067900,100,3000,100,300
2681,2,1194100,43400,46000,1070800,1065700,100,3100,100,200
2682,2,1216100,43200,46100,1100800,1095600,100,3300,100,200
2683,2,1188100,43500,46000,1072200,1067100,100,2900,0,300
2684,2,1236500,43300,46800,1072900,1067700,100,3300,100,100
2685,2,1233800,43600,46700,1087900,1082700,100,2900,100,100
2686,2,1248200,43300,46800,1099600,1094500,100,3000,100,0
2687,2,1195500,43400,46100,1072600,1067400,100,3200,100,100
2688,2,1190100,43800,45900,1072700,1067400,100,3600,0,100
2689,2,1205400,43400,46200,1085200,1080100,100,3000,100,200
2690,2,1196700,43600,46000,1072200,1067000,100,3100,100,0
2691,2,1224000,43700,45900,1072100,1067000,100,3000,100,200
2692,2,1197800,43600,46200,1072700,1067600,100,3200,100,0
2693,2,1236300,43600,45700,1114600,1108100,100,3100,100,200
2694,2,1206300,44100,49900,1073500,1067700,100,3500,100,100
2695,2,1277800,43400,46300,1096900,1091400,0,2900,100,0
2696,2,1240000,43100,46500,1073900,1068700,100,3100,0,0
2697,2,1185400,43300,46200,1073000,1067800,100,3000,0,100
2698,2,1205900,43400,45900,1073300,1068300,100,3100,100,0
2699,2,1211000,43200,45800,1072600,1067500,100,2900,100,100
2700,2,1263700,43300,46100,1135000,1129900,100,3100,100,100
2701,2,1192200,43400,47900,1070300,1065200,100,3000,100,100
2702,2,1189500,43100,45700,1072600,1067400,100,3100,100,0
2703,2,1196400,43600,45900,1072300,1067100,0,3100,100,100
2704,2,1186800,43600,46100,1070400,1065300,100,3000,100,200
2705,2,1192400,43400,45700,1072900,1067700,100,3000,100,200
2706,2,1293200,43600,46000,1145300,1140000,100,3300,100,100
2707,2,1214400,43800,46100,1095800,1090400,100,3000,100,0
2708,2,1215800,43300,46100,1101900,1096600,0,3200,100,0
2709,2,1194100,43700,46000,1075800,1070700,100,3100,100,0
2710,2,1211200,43300,46000,1075100,1069900,100,3200,0,200
2711,2,1186500,43400,46100,1071600,1066500,100,3200,100,100
2712,2,1187900,43400,45700,1073300,1068100,100,3600,100,200
2713,2,1188100,43700,45900,1072400,1067300,100,2900,100,200
2714,2,1206000,43100,46000,1092200,1087100,100,3000,100,0
2715,2,1231400,43500,46200,1072200,1067200,100,3000,100,200
2716,2,1210200,43400,45900,1072300,1066900,0,3100,100,300
2717,2,1186200,43200,46000,1070800,1065600,100,3100,100,200
2718,2,1184900,44500,45500,1070400,1065300,100,3100,100,300
2719,2,1260800,43700,46100,1115800,1107500,0,2900,100,100
2720,2,1212000,44000,48500,1073600,1067800,100,3700,200,100
2721,2,1217600,43800,48000,1072100,1066800,0,2900,100,0
2722,2,1206400,43300,46200,1072100,1066600,100,3000,100,0
2723,2,1189500,43600,45800,1086800,1081600,100,3000,100,100
2724,2,1178700,43300,45900,1074900,1069700,100,3100,100,200
2725,2,1176800,43600,45700,1072100,1067000,100,3100,100,200
2726,2,1176900,43300,46000,1072400,1067300,100,3000,100,0
2727,2,1191200,43100,45500,1088300,1083000,100,3300,0,300
2728,2,1197900,44700,46200,1090200,1085100,100,3200,100,300
2729,2,1197700,44100,46300,1085700,1080400,100,2900,100,0
2730,2,1186500,43900,46400,1071100,1065900,100,3300,100,200
2731,2,1194500,44200,46600,1073000,1067800,100,2900,0,100
2732,2,1250400,43900,46700,1125100,1119400,100,3400,100,200
2733,2,1236100,45600,46800,1105100,1099900,0,3100,100,100
2734,2,1249600,45800,47700,1095900,1090600,100,3300,100,200
2735,2,1234700,46500,46800,1104800,1099500,100,3200,0,0
2736,2,1241600,43900,47000,1087000,1081800,100,3300,100,0
2737,2,1210300,44000,46700,1085600,1080300,200,3000,100,200
2738,2,1200700,45300,46600,1083000,1077600,100,3100,100,100
2739,2,1241500,48400,46700,1081600,1076200,100,2800,100,100
2740,2,1224900,44200,46400,1079300,1073900,100,3100,0,200
2741,2,1213400,44100,46700,1094800,1089500,0,3000,0,200
2742,2,1224700,44300,47800,1093700,1088200,100,3000,100,100
2743,2,1227300,44300,47300,1102500,1093200,100,3000,100,0
2744,2,1249100,44700,55900,1101300,1095200,100,3400,100,0
2745,2,1209000,44200,47400,1080000,1074400,100,3000,100,0
2746,2,1273800,44300,46400,1077000,1071700,100,2400,0,100
2747,2,1218900,46200,47100,1076700,1071400,100,3100,100,100
2748,2,1233100,44300,46700,1115700,1110400,100,3100,100,200
2749,2,1210800,46200,53300,1088300,1082700,100,3400,100,0
2750,2,1200700,44000,46900,1081500,1076100,100,3100,100,0
2751,2,1232200,44200,46600,1079800,1074300,0,3000,100,100
2752,2,1204600,44300,46500,1079000,1073300,100,2900,100,300
2753,2,1199000,44200,46600,1077100,1071700,100,3000,0,100
2754,2,1196100,43800,46700,1077000,1071700,100,3100,100,100
2755,2,1203300,43900,46700,1082300,1076700,100,3000,100,0
2756,2,1192100,44400,46900,1075800,1070200,100,3000,100,0
2757,2,1207800,43800,46600,1085300,1079800,100,3100,100,100
2758,2,1211300,44100,46700,1074300,1069000,100,3200,0,100
2759,2,24397000,50300,46500,1328500,1322500,100,22917000,100,0
2760,2,31993000,52600,47000,1358300,1351100,100,30473500,200,100
2761,2,1430600,43800,47800,1294900,1289300,0,4200,0,200
2762,2,1405000,44000,46300,1277300,1271700,0,3000,0,0
2763,2,1335700,44000,46700,1200500,1195000,100,3100,0,200
2764,2,1272100,43800,46500,1134700,1126100,100,3400,0,200
2765,2,1236300,43700,48600,1087300,1081000,100,3600,300,100
2766,2,1253200,44100,46700,1073400,1067500,100,3000,0,100
2767,2,1231900,43100,46000,1089600,1080400,100,2900,100,0
2768,2,1202200,43900,46800,1072500,1066900,100,3300,100,200
2769,2,1217100,43800,46400,1086300,1080700,0,3100,100,0
2770,2,1228300,43500,46500,1072900,1067200,100,3000,100,0
2771,2,1214800,43400,46100,1071200,1065600,0,3000,0,100
2772,2,1239100,43600,46200,1108300,1102600,100,3000,100,300
2773,2,1205200,43700,46200,1072600,1066900,100,3000,100,0
2774,2,1210000,43600,46400,1072400,1066900,200,3400,100,0
2775,2,1247300,43400,46300,1106500,1100600,100,3000,100,100
2776,2,1198400,43700,46300,1070600,1065300,100,3100,100,400
2777,2,1308400,43600,46600,1131600,1125600,100,3000,100,100
2778,2,1247300,45000,47200,1084700,1074900,100,3500,200,0
2779,2,1279500,43600,51900,1108500,1102600,100,3000,100,100
2780,2,1275100,44300,47200,1073300,1067900,0,3200,100,100
2781,2,1367600,45400,54200,1085300,1079200,100,3000,200,300
2782,2,1221600,44700,46700,1073900,1068200,100,3000,200,100
2783,2,1180400,43600,46200,1072200,1066900,100,3000,100,100
2784,2,1177600,44000,45800,1072000,1066700,100,3100,100,0
2785,2,1203900,43300,45900,1098300,1082500,100,2900,0,200
2786,2,1215600,44000,51000,1099900,1093700,100,3600,100,100
2787,2,1181800,43800,46500,1073900,1068500,100,3200,100,100
2788,2,1178300,43400,46200,1070700,1065400,100,3100,100,0
2789,2,1184800,43900,47000,1070500,1065200,100,2900,100,100
2790,2,1192300,43400,46300,1070400,1065100,100,3400,100,300
2791,2,1196600,44700,46300,1073500,1068000,100,3000,0,0
2792,2,1195500,43700,46100,1073700,1068100,100,3000,100,100
2793,2,1238100,45300,58500,1087200,1081000,100,3700,100,300
2794,2,1230100,43700,46900,1071800,1066300,100,3000,100,100
2795,2,1198000,43600,46400,1073200,1067700,0,3000,100,0
2796,2,1237700,43400,46400,1085400,1079900,100,3500,100,100
2797,2,1196400,43500,45800,1072700,1067300,100,3000,100,0
2798,2,1188600,43600,46100,1070400,1065200,100,3000,100,100
2799,2,1252700,43800,45800,1102200,1096700,100,3100,100,200
2800,2,1252500,43900,46400,1120000,1113900,100,3500,100,0
2801,2,1196500,43400,46800,1079600,1074100,100,3000,200,200
2802,2,1190400,43900,46300,1072300,1067100,100,3400,100,300
2803,2,1180200,43400,46300,1070600,1065200,100,2900,100,0
2804,2,1190600,43200,46100,1070500,1065100,0,3100,100,200
2805,2,1210000,43700,46300,1089900,1084300,100,3100,100,100
2806,2,1229200,44200,46900,1085200,1079900,100,3100,100,200
2807,2,1184700,43900,46600,1073400,1068100,0,3100,100,100
2808,2,1228800,44200,47100,1072500,1067200,100,3500,100,100
2809,2,1205900,43600,46800,1072600,1067100,100,2900,100,100
2810,2,1185500,43800,46100,1071000,1065700,100,3300,100,100
2811,2,1238800,43600,46100,1095500,1090100,100,3100,100,200
2812,2,1189100,43900,46300,1071000,1065500,100,3200,100,0
2813,2,1192100,43700,46300,1075000,1069700,100,3000,100,300
2814,2,1188700,44000,46200,1072800,1067300,100,2900,100,200
2815,2,1200100,43800,46000,1084900,1079700,100,2900,100,100
2816,2,1182500,44100,46400,1071800,1066700,100,3300,100,100
2817,2,1185000,43700,46200,1072300,1067000,100,2900,0,200
2818,2,1295500,43600,46500,1161800,1155700,100,3100,100,0
2819,2,1215900,44100,47500,1073200,1067900,100,2900,100,100
2820,2,1209900,43700,46600,1084000,1078500,0,3200,100,400
2821,2,1182100,43500,46100,1072700,1067400,100,3000,100,100
2822,2,1180600,43600,46200,1072300,1067000,100,2900,100,0
2823,2,1198100,43700,46400,1086600,1081200,100,3000,100,100
2824,2,1206200,43600,46500,1086500,1081300,100,3200,0,0
2825,2,1200300,43600,46300,1072000,1066600,100,3000,100,200
2826,2,1263800,43900,46700,1107300,1102100,0,3200,100,100
2827,2,1230200,48100,54100,1085600,1080200,100,2900,100,300
2828,2,1210000,43900,46500,1084700,1079300,100,3000,0,200
2829,2,1209700,43600,46500,1089200,1083900,100,3000,100,100
2830,2,1225500,44100,46500,1079800,1074600,100,3300,100,0
2831,2,1196300,43700,46400,1072800,1067400,100,2900,100,0
2832,2,1192000,43500,46300,1071400,1066000,200,3200,100,0
2833,2,1196600,43700,46200,1074000,1068500,0,3100,100,200
2834,2,1205700,44600,47000,1085800,1080300,100,2900,100,100
2835,2,1209300,43800,46400,1083400,1078200,100,3000,100,0
2836,2,1197400,43700,45800,1072600,1067300,0,3500,100,300
2837,2,1201800,43800,46600,1072800,1067500,100,3000,0,0
2838,2,1192200,43700,46400,1070800,1065600,100,3000,100,200
2839,2,1458400,44200,48100,1255800,1248900,0,3200,100,100
2840,2,1260200,44400,48100,1087300,1081500,100,3200,200,100
2841,2,1234200,45200,46300,1083800,1078300,100,3000,100,200
2842,2,1282500,45700,82700,1087900,1081900,200,2400,0,100
2843,2,1191800,44100,46800,1077500,1072000,100,3100,100,0
2844,2,1184000,43900,46300,1073800,1068500,0,3000,100,300
2845,2,1197000,43600,46000,1087700,1082300,100,2900,100,200
2846,2,1179800,43600,46000,1071400,1066100,100,2900,100,0
2847,2,1199600,43800,46000,1089600,1084200,100,3000,100,100
2848,2,1183700,43800,46300,1073600,1068500,100,3400,100,200
2849,2,1189400,44000,46100,1073000,1067700,100,3000,0,100
2850,2,1192800,43800,46200,1072600,1067300,100,3100,100,0
2851,2,1228000,43800,46500,1102600,1097100,100,2900,100,100
2852,2,1240000,43500,46100,1114100,1105100,200,3000,100,100
2853,2,1210000,43900,48900,1075700,1069600,100,3700,200,0
2854,2,1221900,43700,46800,1076300,1070800,100,2900,100,0
2855,2,1195300,43600,46400,1073500,1068000,100,3100,100,0
2856,2,1230300,43500,46400,1073500,1068200,0,3000,100,100
2857,2,1224600,43500,46300,1089700,1084200,100,3000,100,200
2858,2,1201500,44300,46200,1076000,1070600,100,3000,100,0
2859,2,1225100,43400,46400,1072900,1067400,100,3000,100,300
2860,2,1212800,43700,46500,1073000,1067800,100,3300,0,100
2861,2,1203100,43600,46500,1078600,1073200,100,3100,100,0
2862,2,1191100,43600,46100,1072800,1067500,100,2900,100,100
2863,2,1204200,43800,45900,1083400,1078000,100,2900,100,100
2864,2,1197300,43800,46300,1072700,1067300,0,3200,100,100
2865,2,1244600,43700,46200,1083500,1076800,100,3000,100,100
2866,2,1330600,45200,54100,1108100,1097600,100,5700,200,100
2867,2,1202200,44000,46400,1087500,1082100,100,3300,0,300
2868,2,1225200,43300,46300,1106200,1099400,100,3000,100,200
2869,2,1212800,44000,51300,1091500,1085600,100,3700,200,100
2870,2,1249000,44700,46500,1084000,1078500,100,3200,100,100
2871,2,1259400,43700,46100,1081000,1075400,0,3000,0,100
2872,2,1202200,43800,46000,1079500,1074200,100,3100,100,0
2873,2,1193800,43500,45900,1076900,1071600,100,3000,100,0
2874,2,1200900,43600,54000,1076400,1071100,100,3200,100,0
2875,2,1208800,45400,47200,1088600,1082900,100,3000,0,200
2876,2,1187400,43300,45800,1075700,1070200,100,3200,100,100
2877,2,1189600,43800,45800,1076500,1071300,100,3000,0,300
2878,2,1207800,43700,45900,1073100,1067900,100,3000,100,0
2879,2,24644100,51400,45600,1437900,1431500,100,23057000,100,100
2880,2,31937700,49100,47200,1412000,1405900,0,30371900,100,200
2881,2,1482600,43600,46800,1358800,1353200,0,3700,100,100
2882,2,1438700,43900,47000,1321500,1315700,100,3100,0,100
2883,2,1367500,43400,46500,1248900,1243200,100,3300,100,0
2884,2,1264700,43700,46100,1147500,1134900,100,3100,100,200
2885,2,1205000,43600,46100,1084600,1078900,200,3000,0,200
2886,2,1240000,43900,46700,1077400,1068200,0,3000,100,300
2887,2,1201800,43800,45700,1069700,1064300,100,3100,100,100
2888,2,1210500,43800,46000,1084400,1079100,100,3100,100,0
2889,2,1192500,43500,46300,1068800,1063500,100,3100,100,100
2890,2,1220200,43600,46400,1069400,1064100,100,3100,100,200
2891,2,1213500,43900,45800,1089100,1083800,100,3100,100,100
2892,2,1256600,43700,45700,1127600,1122400,100,3100,100,100
2893,2,1213100,44000,45800,1088800,1083500,100,3100,0,200
2894,2,1204000,43900,49400,1071100,1065700,100,3100,0,0
2895,2,1222800,48000,49100,1072900,1067200,100,3000,100,200
2896,2,1186800,43700,45700,1069000,1063700,100,3100,100,100
2897,2,1233100,44000,45600,1108900,1103600,100,2300,0,0
2898,2,1199100,43800,45900,1073800,1068600,0,3200,0,100
2899,2,1224200,43900,46000,1068600,1063200,100,3000,100,100
2900,2,1199600,44200,46000,1068700,1063200,100,3200,100,200
2901,2,1275400,44000,46500,1082500,1077500,100,3100,100,200
2902,2,1229100,43800,46500,1068600,1063300,100,2900,100,200
2903,2,1180400,47000,45800,1068600,1063400,100,3000,100,200
2904,2,1173400,43700,45900,1068500,1063200,0,3300,100,100
2905,2,1208800,43700,46300,1103700,1098500,100,3000,100,100
2906,2,1174500,43800,45800,1068400,1063200,100,2900,0,100
2907,2,1172800,44200,45900,1069000,1063700,0,2900,100,100
2908,2,1194600,43700,45900,1087000,1081700,100,3200,100,100
2909,2,1191700,43700,46000,1073200,1067600,100,2900,0,0
2910,2,1270100,43600,46000,1138000,1132100,100,3100,100,0
2911,2,1243100,45900,50000,1085700,1079500,100,3300,200,100
2912,2,1222300,44000,46700,1084600,1078400,100,3300,0,0
2913,2,1208300,44000,47400,1070000,1064500,0,3100,0,300
2914,2,1223700,43800,46200,1069200,1063700,100,3100,0,0
2915,2,1190700,43800,45500,1068800,1063500,0,3000,100,0
2916,2,1220000,44000,45600,1069100,1063700,100,3100,100,200
2917,2,1190600,43900,45900,1066800,1061500,0,2900,0,100
2918,2,1204800,43400,45500,1083600,1078400,0,3200,100,100
2919,2,1225700,43800,45200,1073700,1068200,100,3100,100,100
2920,2,1214500,43900,46100,1074800,1069400,0,3200,100,100
2921,2,1188500,43900,45900,1067100,1061800,100,3000,100,100
2922,2,1190200,43900,46100,1069300,1063900,100,2900,100,200
2923,2,1191800,44000,45700,1068800,1063400,100,3000,100,100
2924,2,1207700,43900,45900,1083700,1078300,100,3100,100,200
2925,2,1214800,43800,46100,1091500,1086100,100,3000,0,100
2926,2,1241900,43900,46700,1088700,1083000,100,3100,100,100
2927,2,1205700,44000,46200,1082500,1077000,100,3100,0,200
2928,2,1194500,44000,46000,1075100,1069700,100,3100,0,100
2929,2,1281900,54200,45600,1151900,1141700,100,2900,100,100
2930,2,1240400,47300,50400,1104200,1098300,100,3100,100,0
2931,2,1236100,43800,46900,1077400,1072300,100,3000,200,200
2932,2,1257700,43700,46800,1080300,1075000,100,3500,100,100
2933,2,1234300,43800,47600,1081700,1076300,100,3000,100,200
2934,2,1200800,43600,47100,1077400,1072200,100,3200,100,100
2935,2,1196000,43800,46100,1075800,1070500,0,3100,100,100
2936,2,1195800,43600,45700,1075500,1070300,100,3100,100,200
2937,2,1194000,43300,45900,1074700,1069300,100,3100,100,0
2938,2,1210800,43300,46200,1073300,1068100,100,3100,100,0
2939,2,1234200,44100,46200,1088300,1082900,100,3000,100,0
2940,2,1207200,43400,46100,1075300,1070100,100,3400,100,100
2941,2,1219600,43500,46700,1095400,1090100,100,3400,100,0
2942,2,1195500,43300,46100,1073200,1067900,100,3500,100,200
2943,2,1203500,43500,46000,1085100,1079800,100,3200,100,100
2944,2,1192700,43500,46500,1072500,1067100,100,3400,0,200
2945,2,1213800,43300,46000,1089000,1083600,100,3100,100,100
2946,2,1224700,43100,46000,1074600,1069200,100,3200,100,200
2947,2,1197600,43600,46000,1070800,1065500,100,3000,100,200
2948,2,1190200,43300,46200,1072700,1067400,100,3200,100,100
2949,2,1205900,43700,46100,1086300,1081100,200,3300,100,100
2950,2,1264900,43600,46600,1072100,1067000,100,3100,100,100
2951,2,1260100,43400,46600,1087800,1082600,100,3100,100,100
2952,2,1191000,43500,46200,1070600,1065300,0,3200,100,200
2953,2,1213800,43600,46000,1097400,1092200,100,2900,100,100
2954,2,1192100,43100,46400,1071700,1066400,100,3100,100,200
2955,2,1195100,43400,46000,1072300,1066900,200,3000,0,100
2956,2,1204500,43400,46100,1086800,1081500,100,3200,100,100
2957,2,1196400,43600,46200,1072500,1067300,100,3000,100,300
2958,2,1185200,43300,45900,1070700,1065500,100,3100,0,300
2959,2,1224400,43500,46300,1072300,1067000,0,3100,100,100
2960,2,1222500,43800,46100,1091100,1085300,100,3300,100,300
2961,2,1258900,45700,47000,1107700,1102300,0,3300,100,100
2962,2,1245500,43600,46400,1107300,1102100,0,3100,100,100
2963,2,1243100,43300,47200,1091400,1086200,100,3400,100,0
2964,2,1216700,43600,46100,1085000,1079800,100,3300,100,0
2965,2,1186400,43600,45800,1081100,1076000,100,3100,100,100
2966,2,1184800,43600,45400,1080400,1075200,100,3100,100,0
2967,2,1188400,43400,45400,1084800,1079500,200,3200,100,100
2968,2,1196300,43300,45600,1090000,1084900,100,3200,100,200
2969,2,1186400,43600,46000,1074500,1069300,0,2900,100,0
2970,2,1212500,48900,45700,1087000,1081400,100,3200,0,200
2971,2,1211200,43900,46200,1085900,1080400,100,2900,100,200
2972,2,1191700,43700,46200,1070000,1064700,100,3200,100,0
2973,2,1236900,44100,46000,1114600,1108900,100,3200,100,200
2974,2,1217000,43600,45900,1076200,1071000,100,3100,0,100
2975,2,1199500,44000,46100,1083700,1078500,0,3100,100,200
2976,2,1211100,43700,45900,1070200,1064900,100,2900,0,100
2977,2,1189900,43600,45500,1076200,1070900,100,2900,100,200
2978,2,1178500,43300,45300,1071000,1065700,100,3000,0,100
2979,2,1209300,43700,45700,1069400,1064100,100,3100,0,100
2980,2,1196700,43500,46000,1070600,1065300,0,3100,100,200
2981,2,1186400,43600,45500,1070000,1064700,200,3100,100,200
2982,2,1197400,43700,45600,1082000,1076800,100,3100,100,0
2983,2,1189900,43900,45600,1073200,1067900,100,3100,100,200
2984,2,1203100,43700,46100,1084400,1079000,100,3200,100,400
2985,2,1191100,43800,46000,1068900,1063700,100,3000,100,100
2986,2,1212800,43900,45900,1073500,1068200,100,3100,100,200
2987,2,1217600,46200,53000,1096100,1091100,100,3300,100,0
2988,2,1208300,45300,46400,1084500,1079200,100,4500,100,100
2989,2,1198000,43900,46100,1087700,1082400,100,3300,0,0
2990,2,1209800,48500,47100,1083700,1078300,0,3200,0,0
2991,2,1236100,43700,46000,1078900,1073600,100,3200,100,100
2992,2,1223400,43800,46100,1099000,1093800,0,3200,100,200
2993,2,1193900,43700,46000,1071700,1066500,100,3000,0,200
2994,2,1251000,43700,45500,1078000,1072900,100,2900,100,100
2995,2,1267100,44800,47100,1105400,1099400,0,3100,100,100
2996,2,1197600,43500,46000,1073500,1068300,0,3400,100,200
2997,2,1227000,43700,45800,1097300,1092300,100,3100,100,0
2998,2,1236100,43600,46100,1084900,1079500,100,3200,0,100
2999,2,25765200,60300,45900,1761800,1750700,100,23820800,200,600
3000,2,33203200,51700,49400,1670000,1662800,100,31331400,100,100
3001,2,1737000,44300,47100,1593900,1587800,100,4200,0,100
3002,2,1473100,43900,46400,1338700,1333000,100,3600,100,0
3003,2,1225600,44300,46100,1090000,1080300,0,3300,0,300
3004,2,1199800,44200,47000,1072900,1067200,100,3300,0,400
3005,2,1218900,43500,46200,1089600,1084100,200,3000,0,100
3006,2,1246900,43700,46600,1067800,1062000,100,3200,100,200
3007,2,1217500,43800,46200,1081900,1076100,100,2900,0,200
3008,2,1230300,43400,45400,1111500,1105800,0,2400,0,0
3009,2,1201300,43700,45400,1084300,1078400,0,3000,100,100
3010,2,1232500,45900,47500,1075200,1069600,0,3400,100,0
3011,2,1195200,44000,45500,1067100,1061400,100,3000,100,100
3012,2,1223300,44200,45800,1084100,1078300,0,3100,100,300
3013,2,1203300,43800,45800,1068200,1062700,100,2900,100,200
3014,2,1212000,43100,45800,1075600,1066700,100,3200,100,100
3015,2,1282800,43700,46500,1140000,1134700,100,3000,100,200
3016,2,1253900,43200,46200,1105700,1100400,0,3000,100,0
3017,2,1213600,43500,46700,1072500,1067300,100,2900,100,0
3018,2,1217600,43300,46200,1081500,1076200,100,3100,100,0
3019,2,1243400,43300,46500,1072500,1067200,100,3000,0,0
3020,2,1207500,43200,46500,1070300,1065100,100,3100,100,100
3021,2,1230700,43200,46400,1072500,1067300,100,3000,0,100
3022,2,1216600,43000,46400,1072400,1067100,100,3300,100,0
3023,2,1231400,44900,46500,1106100,1101000,100,3100,100,0
3024,2,1199100,43300,46100,1086100,1080900,200,3500,100,100
3025,2,1247300,43400,46200,1086300,1081000,100,3100,0,200
3026,2,1223800,43400,46300,1074800,1069700,100,3100,100,100
3027,2,1195200,43500,46500,1072100,1067100,0,3100,100,100
3028,2,1244100,43200,46300,1124200,1115900,100,3300,100,100
3029,2,1213300,44100,48900,1078000,1072400,100,3500,200,0
3030,2,1208000,43500,47100,1072200,1066700,100,3100,0,100
3031,2,1201500,43300,46000,1073200,1067800,100,3000,100,0
3032,2,1212600,43500,46100,1084600,1079400,100,2900,100,0
3033,2,1198800,43700,46100,1072300,1067300,100,3100,100,0
3034,2,1218900,43300,46200,1072900,1067700,100,3200,100,400
3035,2,1247500,43300,46500,1072000,1066700,100,3100,100,200
3036,2,1303200,43200,46500,1092000,1086800,100,3200,100,100
3037,2,1186400,43500,45800,1072500,1067400,100,3000,100,100
3038,2,1178400,44100,46300,1070500,1065200,100,3300,100,300
3039,2,1208600,43500,45900,1072400,1067300,100,3000,100,100
3040,2,1201000,43200,46000,1079400,1074400,100,3200,100,200
3041,2,1225000,43100,46000,1113100,1107300,100,3000,100,200
3042,2,1209000,44200,48000,1087100,1081700,100,3200,100,100
3043,2,1242000,45400,47900,1113100,1106100,100,3300,0,200
3044,2,1222300,45400,51000,1084100,1078200,200,4100,200,100
3045,2,1202500,43700,46600,1072900,1067600,100,3100,100,100
3046,2,1221400,43200,46200,1072800,1067400,100,3200,100,300
3047,2,1199600,44300,46700,1081000,1074900,100,3100,0,200
3048,2,1189300,43400,46100,1070900,1065600,100,3100,100,100
3049,2,1187200,43500,45900,1072800,1067600,100,2900,100,0
3050,2,1216100,43500,45700,1093600,1088300,100,2900,0,0
3051,2,1224200,43800,46100,1076600,1071100,100,2900,100,100
3052,2,1197800,44100,46000,1072100,1066800,100,3400,100,200
3053,2,1194700,43500,45800,1072600,1067400,0,3000,100,100
3054,2,1193800,43300,46100,1072700,1067300,100,2900,100,100
3055,2,1209000,43600,46000,1087500,1082400,100,3100,100,100
3056,2,1264300,43500,46100,1107500,1102100,100,3200,100,200
3057,2,1268900,57000,47100,1111400,1105400,100,2900,100,100
3058,2,1218400,43400,46900,1079200,1074000,0,3400,100,100
3059,2,1212400,43300,46200,1072100,1066900,100,3000,100,0
3060,2,1201900,43500,46000,1073700,1068500,100,3300,100,0
3061,2,1183800,43900,45900,1074500,1069200,100,3000,100,300
3062,2,1180600,43400,45500,1071800,1066500,100,3300,100,100
3063,2,1181800,43500,45600,1073200,1068100,100,3100,100,200
3064,2,1196300,43600,45600,1086400,1081300,100,3300,0,200
3065,2,1186900,43800,47300,1074600,1069300,100,2900,100,200
3066,2,1231300,43400,45800,1088500,1083300,100,3000,100,100
3067,2,1195300,43100,45800,1083900,1078700,100,3300,100,100
3068,2,1180300,43000,45800,1073100,1067900,100,3100,0,100
3069,2,1181600,43400,45800,1073000,1067900,100,3100,100,100
3070,2,1200200,43600,46000,1070600,1065500,100,3000,100,200
3071,2,1234000,43500,45800,1123000,1114800,100,2900,100,100
3072,2,1209700,43900,47800,1075000,1068800,200,3100,500,300
3073,2,1194300,43700,46300,1074800,1069600,100,3000,100,100
3074,2,1210800,43700,46000,1088800,1083600,0,3200,0,200
3075,2,1196500,43400,46000,1072600,1067400,0,3500,100,100
3076,2,1191600,43300,46300,1071100,1065800,100,3300,100,100
3077,2,1195500,43500,45600,1072600,1067300,100,2900,0,100
3078,2,1203600,43400,46100,1080600,1071600,100,3100,100,0
3079,2,1229900,43700,45800,1069900,1064200,100,3100,100,100
3080,2,1227800,43700,46300,1083200,1077900,100,3000,100,200
3081,2,1227500,43900,46200,1068900,1063600,100,3000,0,100
3082,2,1216700,43800,46500,1068300,1063000,100,3100,0,100
3083,2,1186700,43500,45800,1069400,1064100,100,3000,0,100
3084,2,1199200,43700,46000,1084700,1079100,100,3200,100,100
3085,2,1203600,43800,46700,1087600,1082400,100,3100,0,100
3086,2,1179700,43400,45800,1069000,1063700,100,3100,0,100
3087,2,1225600,43900,46000,1068900,1063700,100,3200,0,100
3088,2,1217000,43600,46000,1083500,1078200,100,3300,100,100
3089,2,1185500,43600,46300,1067400,1061900,100,3000,100,100
3090,2,1187600,43800,45700,1069400,1064100,100,3400,100,200
3091,2,1212600,43900,46000,1090200,1084800,100,3100,100,200
3092,2,1255100,45200,47600,1126800,1120500,100,3100,100,200
3093,2,1215600,44000,46900,1083900,1078200,100,3100,200,300
3094,2,1231700,44000,46400,1082400,1076700,0,3000,100,100
3095,2,1196700,43700,46100,1077100,1072000,100,2900,100,100
3096,2,1236300,43800,46100,1089900,1084800,100,3600,0,100
3097,2,1204700,43500,45600,1083500,1078800,100,3100,100,100
3098,2,1186600,44000,45900,1072600,1067000,100,3100,100,100
3099,2,1216100,43400,45400,1073300,1068000,100,3100,100,100
3100,2,1198300,43800,45900,1070100,1064900,100,3300,100,200
3101,2,1186200,43600,45300,1073100,1067800,100,3100,0,200
3102,2,1192600,43800,45800,1074400,1068600,0,3000,100,300
3103,2,1185900,43400,45700,1069600,1064400,100,3100,0,200
3104,2,1211800,43400,46100,1090500,1085400,100,3000,0,200
3105,2,1200500,43600,46300,1073900,1068600,100,3100,100,200
3106,2,1234200,43800,46000,1078700,1073400,100,3200,100,200
3107,2,1212100,43500,45500,1092300,1087000,100,3000,100,200
3108,2,1196800,44000,45600,1074300,1069000,0,3300,0,100
3109,2,1190700,43600,45800,1071900,1066700,0,3000,0,0
3110,2,1212800,43700,46000,1087800,1082600,100,3300,0,200
3111,2,1229500,43500,46000,1069200,1064000,100,3100,100,100
3112,2,1215000,43600,46200,1073700,1068300,100,3000,100,200
3113,2,1195100,43400,46300,1069800,1064600,100,2900,100,100
3114,2,1215300,43700,46200,1085100,1079900,100,3300,100,200
3115,2,1210700,43800,46100,1079900,1074500,100,3000,100,100
3116,2,1199500,43500,46100,1074000,1068600,100,3400,100,100
3117,2,1225800,45500,46800,1100300,1094700,200,3100,100,0
3118,2,1277100,43700,47000,1085700,1080500,100,3200,100,100
3119,2,24756300,52300,46100,1383300,1377000,0,23181500,100,400
3120,2,32297300,55800,47500,1549800,1541500,100,30493200,200,300
3121,2,1769300,44300,49800,1487200,1481000,0,4600,100,200
3122,2,1527900,45100,47300,1402100,1395800,100,3700,100,100
3123,2,1212800,44700,46900,1088200,1082600,100,3400,0,200
3124,2,1188300,44600,46500,1069800,1064100,100,3400,100,200
3125,2,1209500,47300,46500,1077500,1071700,100,2900,0,300
3126,2,1230200,44500,46200,1069000,1063300,0,3100,100,300
3127,2,1193800,44400,46000,1069200,1063600,100,3100,100,0
3128,2,1193200,44400,46100,1080100,1074500,100,3100,100,100
3129,2,1182200,43800,45900,1069300,1063700,100,3000,100,100
3130,2,1224500,43800,45600,1081300,1075700,100,3200,100,0
3131,2,1222100,44000,45500,1108400,1102700,0,3000,0,100
3132,2,1197900,43000,45200,1083600,1074300,100,3000,100,400
3133,2,1188500,43800,46300,1071000,1065700,100,3100,100,200
3134,2,1196700,44000,46600,1072300,1067000,100,3100,0,200
3135,2,1222500,43800,46500,1091200,1086000,100,2900,100,200
3136,2,1240400,43600,46800,1110700,1105400,100,3300,100,200
3137,2,1209200,43800,46400,1075600,1070400,100,3000,100,200
3138,2,1201700,43800,46300,1072000,1067000,100,3100,0,100
3139,2,1230700,43500,46400,1071400,1066100,100,3000,100,100
3140,2,1213900,43700,46900,1072200,1067100,100,3400,0,100
3141,2,1224500,43700,46300,1071800,1066700,100,3000,100,200
3142,2,1223200,43500,46600,1078600,1073400,100,3100,100,300
3143,2,1210300,43500,47400,1088100,1083000,0,3100,100,200
3144,2,1189000,43700,46100,1082700,1077500,100,3200,100,200
3145,2,1187400,43500,46200,1070300,1065000,100,3000,0,100
3146,2,1184400,43500,46200,1072400,1067200,100,3200,100,0
3147,2,1184600,43500,46100,1071800,1066600,100,3000,100,0
3148,2,1196700,43900,46100,1087200,1082000,100,3200,100,100
3149,2,1267200,43300,46400,1107400,1101900,100,3000,100,200
3150,2,1213800,44200,45700,1069400,1063500,0,2500,0,100
3151,2,1207100,44400,46400,1081400,1075800,100,3100,100,100
3152,2,1188700,44100,46200,1068800,1063200,100,3100,100,100
3153,2,1188600,44000,45900,1068800,1063200,0,3000,0,100
3154,2,1206600,44000,45900,1068700,1063000,100,2900,0,200
3155,2,1201400,43400,45700,1074400,1065200,100,3000,100,0
3156,2,1228400,44000,46200,1088600,1083100,100,3200,0,100
3157,2,1194600,44000,45400,1077800,1072200,100,3000,100,100
3158,2,1182900,43200,46100,1074600,1065500,0,3300,0,0
3159,2,1209000,43700,46300,1072700,1067500,100,3000,0,0
3160,2,1197300,43200,52800,1070200,1065100,100,3200,100,0
3161,2,1180100,43500,46100,1072500,1067300,100,3000,100,200
3162,2,1206800,43400,46100,1101000,1095700,100,3100,100,0
3163,2,1192000,43900,46100,1081400,1076000,0,3100,100,300
3164,2,1191700,43500,46200,1072100,1066900,100,3000,100,100
3165,2,1199800,43600,46500,1070200,1065000,100,3100,0,200
3166,2,1220100,43700,46200,1072200,1067000,100,2900,100,0
3167,2,1214700,43600,46200,1086100,1081000,100,2900,0,0
3168,2,1212300,43300,46200,1086400,1081100,100,3300,0,100
3169,2,1206600,43600,45800,1087100,1081800,100,3100,100,100
3170,2,1233100,43800,45700,1108400,1103300,100,3300,100,100
3171,2,1230300,43900,46500,1075900,1070800,100,2900,100,100
3172,2,1201300,43400,46200,1072400,1067300,100,3000,100,100
3173,2,1203600,44000,46000,1079600,1074300,100,3100,100,300
3174,2,1196700,43400,46100,1072100,1066900,0,3100,100,0
3175,2,1275200,43200,46900,1155500,1149700,100,3000,100,200
3176,2,1249500,44400,50400,1119900,1114600,100,3200,100,100
3177,2,1235500,45000,49600,1101500,1096000,100,3300,100,0
3178,2,1255500,43900,46400,1101000,1095700,0,3400,100,200
3179,2,1235000,44100,46800,1082600,1077200,0,3100,100,100
3180,2,1264400,43800,47200,1079700,1074500,100,3200,0,100
3181,2,1219900,43900,46800,1077500,1072200,100,2900,100,0
3182,2,1195100,43600,46700,1077500,1072200,0,3100,0,200
3183,2,1210200,44200,46200,1090600,1085200,100,3000,100,0
3184,2,1205800,44400,46600,1088300,1083100,100,3000,0,200
3185,2,1195800,43500,46400,1076900,1071500,100,3200,100,0
3186,2,1232000,43300,46800,1084600,1079300,0,3300,100,200
3187,2,1195600,43900,46600,1073700,1068300,100,3000,100,200
3188,2,1186900,43700,46300,1073300,1068100,100,3200,100,100
3189,2,1219200,43400,46500,1096600,1090400,100,3300,100,0
3190,2,1252100,44200,48400,1105800,1100000,100,3200,100,200
3191,2,1221800,46300,48500,1096300,1090800,100,3200,100,200
3192,2,1217900,43500,47000,1100400,1095000,100,3100,100,100
3193,2,1198300,43500,46600,1081500,1076200,100,2900,100,0
3194,2,1202600,43500,46500,1081600,1076300,100,3100,0,100
3195,2,1195500,43800,46500,1075500,1070300,100,3000,100,100
3196,2,1206800,43600,46400,1077600,1072300,100,3200,100,200
3197,2,1229000,44100,46400,1094000,1088200,100,3000,100,300
3198,2,1212900,43400,46700,1077100,1071800,0,3200,100,200
3199,2,1243200,44200,47100,1075400,1070100,100,3100,100,0
3200,2,1224600,43600,46600,1073900,1068600,100,3400,0,200
3201,2,1232700,43900,46700,1072900,1067500,100,3000,0,200
3202,2,1237500,43800,46800,1088400,1082900,0,3300,100,0
3203,2,1203000,43900,46200,1086100,1080300,100,3000,0,100
3204,2,1202800,43800,46600,1085900,1080600,100,3300,100,100
3205,2,1246100,43800,47000,1075700,1070400,100,3300,0,0
3206,2,1248400,43800,46400,1084200,1078800,100,3200,100,100
3207,2,1184100,43400,46400,1073600,1068200,0,3200,100,100
3208,2,1184500,43800,46300,1073800,1068500,100,3700,0,200
3209,2,1198000,43500,46600,1082100,1076500,100,3100,100,300
3210,2,1192800,43900,46500,1073300,1067800,0,3400,100,100
3211,2,1249400,44100,46600,1087000,1081600,100,3100,0,0
3212,2,1221400,44000,48200,1075800,1070500,100,3200,100,0
3213,2,1205100,44200,46900,1083500,1078100,0,3000,100,300
3214,2,1211600,43600,46500,1072800,1067500,100,3100,100,200
3215,2,1189600,43900,46500,1073000,1067500,100,3000,100,200
3216,2,1214200,43600,46400,1073000,1067600,0,3200,0,0
3217,2,1200800,43700,46500,1085400,1066300,0,3100,100,0
3218,2,1199600,44100,46300,1090200,1085000,100,3400,100,0
3219,2,1210300,43600,46300,1072500,1067100,100,3000,100,200
3220,2,1193500,43700,46400,1070100,1064700,100,3200,100,100
3221,2,1181300,43800,46600,1071900,1066600,0,3000,100,0
3222,2,1183600,43800,46100,1072500,1067100,100,3100,100,0
3223,2,1210400,43500,46300,1102000,1096600,100,3100,100,200
3224,2,1181400,43600,46200,1070500,1065200,100,3100,100,200
3225,2,1243100,43800,46300,1127700,1119900,0,3100,100,200
3226,2,1218600,44100,48300,1073100,1067100,200,3600,200,100
3227,2,1199300,43700,46400,1087700,1082300,100,3100,0,100
3228,2,1190200,43700,45900,1074500,1068900,100,3400,100,0
3229,2,1206400,43600,46100,1087800,1082400,100,3100,100,0
3230,2,1192900,43900,46300,1072800,1067400,100,3100,100,0
3231,2,1225900,43400,45900,1075200,1069900,0,2900,100,100
3232,2,1220900,44100,46000,1093500,1088100,100,3200,100,0
3233,2,1196400,43700,46000,1073300,1067900,100,2900,0,100
3234,2,1192300,43800,46100,1072400,1067300,100,3000,0,200
3235,2,1189900,43700,46000,1072400,1067300,100,3100,100,200
3236,2,1190600,43700,45600,1072800,1067500,100,2900,100,0
3237,2,1186000,43600,46200,1072900,1067500,100,3100,100,200
3238,2,1278200,43600,46100,1141700,1127500,100,2900,100,200
3239,2,24474000,55300,47200,1305900,1297400,100,23007100,200,200
3240,2,32213200,59700,47400,1447400,1438600,0,30587800,200,300
3241,2,1527100,44100,47800,1389500,1383700,100,4700,100,100
3242,2,1559400,47200,49700,1340400,1330000,100,3500,100,300
3243,2,1301900,43800,46000,1118900,1113500,0,3300,100,100
3244,2,1187000,43700,45900,1070900,1065300,100,3200,100,0
3245,2,1190000,43500,46100,1069800,1064500,0,3000,100,200
3246,2,1225400,43700,45700,1068900,1063800,100,3000,100,200
3247,2,1205800,43600,45600,1077900,1072700,100,3000,100,100
3248,2,1189600,43500,45400,1076200,1071000,100,3300,100,300
3249,2,1195000,43200,45300,1073500,1067500,100,2500,100,0
3250,2,1243000,43900,46200,1083500,1077600,100,3400,100,300
3251,2,1224600,43900,46000,1098400,1093000,100,3000,100,100
3252,2,1205200,42900,46200,1074600,1065000,100,3100,100,100
3253,2,1194800,43200,46000,1071000,1065600,100,2900,100,100
3254,2,1196600,43500,45900,1070500,1065000,100,3000,100,100
3255,2,1219000,43700,45800,1091500,1086000,100,2900,100,0
3256,2,1224600,44100,46300,1101900,1095400,100,3100,100,200
3257,2,1239300,43700,46700,1109000,1102600,100,3100,100,0
3258,2,1204700,43800,48100,1071400,1065700,200,3100,100,200
3259,2,1237000,44000,46500,1072700,1067200,100,2900,100,200
3260,2,1217500,43700,46000,1072200,1066700,100,2300,0,100
3261,2,1231300,43800,46500,1072200,1066700,0,3000,100,300
3262,2,1221600,43500,46300,1073100,1067500,100,2900,0,0
3263,2,1206000,42900,46300,1087000,1077500,100,3000,100,100
3264,2,1191900,43300,45800,1072400,1066800,100,3000,0,0
3265,2,1192700,43000,46100,1076800,1067500,100,3000,100,100
3266,2,1200700,43600,45800,1083300,1077400,0,3100,0,100
3267,2,1195000,44000,46000,1067600,1061900,100,3100,100,100
3268,2,1181300,44200,45600,1069000,1063500,100,3000,0,400
3269,2,1253300,44000,46300,1126800,1117600,100,3000,100,0
3270,2,1222400,45700,50300,1081500,1075700,100,3600,100,100
3271,2,1204100,44600,47000,1069800,1064000,100,3000,100,0
3272,2,1200000,44700,46600,1069100,1063700,100,3100,100,200
3273,2,1238800,44200,46400,1069000,1063600,100,3100,0,0
3274,2,1252000,43800,46100,1083900,1078500,100,2800,0,0
3275,2,1187200,43900,46000,1068900,1063500,100,3100,100,200
3276,2,1236100,45000,46300,1086500,1081100,100,3000,100,200
3277,2,1185700,44000,45800,1067200,1061600,100,2900,100,100
3278,2,1182800,43700,45800,1069200,1063800,100,3000,0,100
3279,2,1210900,44000,45900,1067100,1061700,0,2900,100,0
3280,2,1196500,44100,45900,1068900,1063500,0,3100,100,100
3281,2,1191600,43900,46100,1067300,1061900,100,3000,100,0
3282,2,1239500,43500,45800,1118500,1113000,0,2900,100,100
3283,2,1193500,44000,47300,1074400,1068900,100,3000,100,100
3284,2,1205200,43900,45600,1081800,1076400,100,3000,0,100
3285,2,1198200,44000,45900,1070500,1065100,100,2900,0,200
3286,2,1213800,43800,45700,1069500,1064200,100,3100,100,100
3287,2,1186200,43900,46200,1069200,1063900,100,3000,100,200
3288,2,1183800,43700,45500,1069700,1064100,100,3000,100,100
3289,2,1201600,43700,46100,1086100,1080600,100,2900,100,100
3290,2,1248200,44700,46300,1081200,1075500,0,3300,100,0
3291,2,1263200,43900,46000,1067700,1062400,100,3000,100,100
3292,2,1220500,44100,46000,1094700,1089200,0,3300,100,100
3293,2,1190600,43800,45800,1069500,1064100,100,3100,0,200
3294,2,1197600,43200,45800,1077500,1068000,100,3000,100,100
3295,2,1246800,43600,46500,1119900,1111600,0,3100,100,100
3296,2,1203900,43800,48800,1078100,1072400,100,3600,200,100
3297,2,1210600,43700,46600,1092000,1086700,100,3000,100,0
3298,2,1225400,43300,46200,1084200,1078800,100,3100,0,100
3299,2,1214800,44100,46500,1074000,1068800,100,3100,100,0
3300,2,1205400,44200,46700,1073100,1068000,100,3200,100,300
3301,2,1186800,44100,46500,1071300,1066100,100,3100,100,100
3302,2,1200000,43800,47100,1086700,1081200,100,3000,100,100
3303,2,1201900,43900,46700,1089800,1084400,100,3100,100,0
3304,2,1224300,43800,47200,1071200,1065800,0,3100,0,100
3305,2,1208100,43800,47200,1071200,1066000,100,2900,100,100
3306,2,1229400,44000,46500,1087500,1082300,100,3100,0,0
3307,2,1199000,43700,46500,1085500,1080400,100,2900,100,200
3308,2,1253100,43900,46000,1145300,1138800,100,3200,100,0
3309,2,1210000,45600,48400,1095000,1089600,100,3100,200,200
3310,2,1281800,45100,46900,1140100,1134700,100,3100,100,200
3311,2,1213300,46700,49300,1092300,1086900,100,3100,100,300
3312,2,1196000,43900,46600,1083400,1078100,100,3000,100,0
3313,2,1209200,43700,46300,1095600,1090400,100,3000,100,0
3314,2,1200900,43900,46700,1083300,1078100,0,3000,100,100
3315,2,1199000,43500,46300,1080600,1075300,100,3100,100,100
3316,2,1192400,44000,46300,1078400,1073200,100,3100,100,100
3317,2,1220800,44100,46500,1102200,1096900,100,3000,100,0
3318,2,1193700,44200,46900,1074500,1069200,100,3100,100,100
3319,2,1223200,44200,46900,1074400,1069200,100,3100,100,200
3320,2,1208800,43700,47100,1074200,1069100,100,3100,0,0
3321,2,1225100,43900,47200,1074000,1068700,100,3200,100,200
3322,2,1218200,44000,46900,1073500,1068300,100,3000,0,0
3323,2,1220800,44300,46800,1106900,1101500,100,3000,0,100
3324,2,1237700,46200,48600,1114700,1108900,100,3300,0,100
3325,2,1213100,45300,47200,1096800,1091600,100,3200,100,0
3326,2,1200600,44100,47700,1085200,1080100,100,3100,100,100
3327,2,1191600,44100,46700,1080300,1075100,100,2900,100,200
3328,2,1191400,44000,46500,1079200,1074000,100,3300,100,0
3329,2,1197100,44200,46800,1075200,1070100,100,3100,100,100
3330,2,1197000,43800,46800,1078800,1073600,0,3300,100,100
3331,2,1215100,44000,46600,1090000,1084800,0,2900,100,100
3332,2,1202400,43900,47400,1075400,1070100,100,3400,100,200
3333,2,1205500,44100,47100,1076200,1071000,100,3200,0,100
3334,2,1222500,44100,47600,1072400,1067100,100,3100,100,0
3335,2,1242500,44400,47100,1072700,1067300,0,3200,100,100
3336,2,1246500,44300,47200,1071100,1065900,100,3200,100,100
3337,2,1209300,44300,46600,1083700,1078200,100,3100,100,300
3338,2,1209400,46200,48100,1088100,1082800,0,3200,100,200
3339,2,1229900,43800,46500,1087900,1082500,100,3100,0,200
3340,2,1200100,44200,46900,1073100,1067900,200,3200,100,0
3341,2,1187500,44000,46600,1073000,1067800,0,2900,100,0
3342,2,1183000,44300,46300,1071300,1066100,0,3100,0,100
3343,2,1190300,45500,46600,1072700,1067400,100,3300,0,300
3344,2,1188500,44000,46400,1072700,1067400,100,3300,100,100
3345,2,1208100,45500,47000,1086600,1081400,100,3100,100,100
3346,2,1211400,44000,46800,1072200,1067000,100,3000,100,0
3347,2,1197900,43800,46500,1087000,1081800,100,3000,100,0
3348,2,1186300,44300,46400,1072400,1067200,100,3300,100,100
3349,2,1180600,44000,46600,1070000,1064800,100,3200,100,0
3350,2,1200900,44100,46400,1084900,1079800,0,3000,0,200
3351,2,1221900,44100,46800,1073900,1068800,0,3000,100,0
3352,2,1211300,45400,47800,1080200,1074100,0,3100,100,200
3353,2,1197800,44200,46700,1072200,1066900,100,3100,100,100
3354,2,1197900,43900,46700,1072000,1066700,100,3200,100,0
3355,2,1213200,43900,46400,1086600,1081500,100,2900,100,0
3356,2,1194800,44100,46800,1072200,1067100,100,3200,100,300
3357,2,1197600,44100,47000,1072600,1067500,100,2900,100,100
3358,2,1264400,43800,46800,1121900,1113100,0,3000,100,200
3359,2,24402400,51900,48700,1356800,1349800,100,22877200,200,100
3360,2,32341600,53600,47500,1470100,1462700,0,30688800,300,100
3361,2,1569500,44500,46600,1422800,1414600,0,3800,100,100
3362,2,1450800,47600,49100,1305200,1299300,0,4300,300,100
3363,2,1225600,43700,47000,1090300,1084400,100,3400,100,100
3364,2,1203900,43500,46000,1071400,1065900,100,3200,100,100
3365,2,1205700,43500,45900,1075300,1069600,100,2900,100,200
3366,2,1324000,43500,45800,1070500,1065000,100,3000,100,0
3367,2,1281500,43500,46500,1083200,1078000,100,2900,100,200
3368,2,1199500,43600,45900,1075500,1070200,100,3200,100,100
3369,2,1204000,43500,47900,1075600,1070000,100,3000,0,100
3370,2,1229100,43400,46300,1069800,1064400,100,3100,0,200
3371,2,1205000,43400,46200,1074900,1069100,100,3000,0,200
3372,2,1212800,43700,46800,1084800,1079700,100,3000,0,0
3373,2,1191400,43800,45900,1069700,1064600,100,2900,100,200
3374,2,1195300,43700,45900,1069600,1064400,100,3100,100,100
3375,2,1283600,43700,46300,1094500,1088600,100,3100,100,100
3376,2,1276300,43700,47100,1070200,1064900,100,3100,100,200
3377,2,1189200,43700,46100,1069900,1064700,100,3000,100,100
3378,2,1187500,43500,45900,1069600,1064100,100,3400,100,200
3379,2,1245900,43900,46300,1096200,1090700,100,3100,100,200
3380,2,1199100,43600,45900,1069700,1064400,0,3200,100,100
3381,2,1226500,43700,46000,1084700,1079400,100,3000,100,200
3382,2,1237600,43700,46200,1099100,1093800,100,3400,100,200
3383,2,1192200,43900,45700,1080400,1075200,100,3000,100,200
3384,2,1187600,43800,46000,1067900,1062600,100,3000,0,0
3385,2,1184200,43600,45700,1069500,1064200,100,2900,100,100
3386,2,1183800,43700,45800,1069400,1064200,100,3300,100,0
3387,2,1183200,43300,45600,1070000,1064700,100,3000,0,0
3388,2,1186000,43800,45600,1069500,1064300,100,3300,100,100
3389,2,1203100,45100,46900,1082400,1076500,100,2900,100,100
3390,2,1198700,43500,46700,1072900,1067600,100,3100,100,200
3391,2,1199900,43900,46400,1069700,1064500,100,2900,100,0
3392,2,1205400,43800,45800,1085200,1079900,100,3300,100,100
3393,2,1194000,43800,46300,1069400,1064100,100,2900,0,0
3394,2,1210700,43700,45800,1069400,1064000,0,3200,100,0
3395,2,1201300,43800,45800,1084600,1078900,100,3000,100,0
3396,2,1227700,44300,45800,1081500,1076100,100,3400,100,100
3397,2,1226900,43800,46500,1069500,1064200,100,2900,0,200
3398,2,1199500,43600,45700,1068600,1063400,0,2900,100,100
3399,2,1204600,43700,45800,1068900,1063500,100,2900,100,0
3400,2,1203800,43900,46200,1081600,1076300,0,2900,0,100
3401,2,1192200,43600,45900,1081500,1076300,0,3000,100,0
3402,2,1213200,43500,45600,1106300,1100900,0,3000,100,100
3403,2,1193100,45000,46200,1082400,1077000,100,3100,100,200
3404,2,1180600,43700,45600,1068800,1063500,100,3500,100,0
3405,2,1194900,43900,46100,1081300,1075900,100,2900,0,0
3406,2,1206300,43800,46000,1068600,1063100,100,3300,100,300
3407,2,1179700,43800,45900,1068500,1063200,100,3000,100,100
3408,2,1177400,43700,45800,1068800,1063300,100,3200,100,0
3409,2,1194000,43600,45900,1085800,1080300,100,3100,100,100
3410,2,1203200,44000,46100,1090200,1084500,100,3000,100,0
3411,2,1207500,43800,45400,1067100,1061700,100,3000,100,0
3412,2,1186500,43600,46200,1068300,1063000,100,3300,100,0
3413,2,1202900,43700,46100,1085600,1080200,100,3300,100,100
3414,2,1187600,43500,45900,1067800,1062400,100,3000,100,0
3415,2,1194400,43600,45700,1069300,1063500,200,3100,0,200
3416,2,1248600,52700,47900,1114400,1108700,100,3400,200,0
3417,2,1199400,45400,46300,1076200,1070600,100,2900,100,200
3418,2,1215300,43800,48000,1072600,1067200,100,3200,100,0
3419,2,1223700,44000,46100,1071300,1065900,0,3100,0,0
3420,2,1208700,43600,46200,1068500,1063200,0,3100,100,100
3421,2,1193600,43900,46000,1070200,1064800,0,3000,100,100
3422,2,1217600,43600,45500,1092000,1086800,100,3000,0,100
3423,2,1191900,43600,46000,1074800,1069300,100,3100,100,200
3424,2,1196400,43800,46200,1077600,1072100,100,3100,100,100
3425,2,1191100,43900,45900,1069700,1064300,100,3000,100,0
3426,2,1233700,43900,46100,1082700,1077400,100,3300,100,100
3427,2,1195100,44000,45600,1076700,1071200,100,2900,0,0
3428,2,1234700,43800,45900,1079000,1073500,200,3100,100,100
3429,2,1233000,43900,45600,1097600,1092000,100,2900,0,100
3430,2,1213300,43700,45600,1076400,1071000,100,3000,100,200
3431,2,1190100,43500,45900,1075600,1070300,100,3000,100,100
3432,2,1195800,43800,46000,1079400,1074100,100,3200,100,200
3433,2,1200600,43900,46100,1084400,1079000,100,3000,100,200
3434,2,1187500,43800,46000,1069200,1063800,100,3100,0,100
3435,2,1201600,43800,46200,1083200,1078000,100,3000,100,100
3436,2,1189200,43500,45700,1071800,1066600,100,3100,100,0
3437,2,1210600,43800,46000,1087300,1081900,100,2900,100,100
3438,2,1189500,43700,46000,1069300,1063900,100,3000,100,100
3439,2,1218400,43900,46000,1068900,1063500,100,3000,100,100
3440,2,1198300,43700,45700,1069300,1063900,100,3200,100,100
3441,2,1229900,43600,45600,1084300,1078900,100,3100,100,0
3442,2,1294900,43800,45900,1158300,1151900,0,2900,0,0
3443,2,1197300,43900,47600,1086300,1080600,100,3200,200,200
3444,2,1231700,44000,45500,1120400,1114600,100,3100,100,100
3445,2,1213300,44800,45900,1096300,1091000,100,3300,100,0
3446,2,1206200,43700,45800,1084400,1079000,100,3400,100,0
3447,2,1205800,44200,47900,1086700,1081100,100,3400,100,200
3448,2,1200200,42900,45500,1084000,1074900,0,3400,0,100
3449,2,1196100,43900,46300,1074600,1069100,100,3100,100,0
3450,2,1204300,44100,45700,1074700,1069100,100,3100,100,200
3451,2,1218800,44100,46000,1081700,1075900,100,3000,100,100
3452,2,1210400,43800,46100,1073400,1067900,0,3000,100,100
3453,2,1212000,43900,46100,1073800,1068200,100,3000,0,100
3454,2,1221200,43900,46100,1072000,1066300,100,3000,0,100
3455,2,1205100,43000,45900,1077800,1068800,100,3000,100,100
3456,2,1225900,43700,46100,1073600,1068000,100,3300,0,200
3457,2,1233800,43700,46500,1106200,1097500,0,3100,100,0
3458,2,1242600,44300,50100,1107600,1102100,100,3600,200,100
3459,2,1281900,43400,47200,1086100,1080600,100,3100,100,0
3460,2,1287200,43300,47100,1083800,1078400,100,3100,100,300
3461,2,1261900,43500,46200,1094700,1089200,100,2500,0,0
3462,2,1188500,43400,45900,1080100,1074900,100,3100,100,300
3463,2,1187600,43500,46000,1077400,1072200,100,3000,0,0
3464,2,1192800,43100,46000,1081000,1075600,100,3100,100,100
3465,2,1205800,45000,47700,1085400,1080000,100,3100,100,200
3466,2,1219500,43600,46000,1081300,1076000,100,3000,100,0
3467,2,1185900,43400,46000,1078700,1073600,100,2900,0,200
3468,2,1187900,43500,45900,1077400,1072100,100,3100,100,100
3469,2,1196700,43400,45900,1088600,1083500,100,3100,100,0
3470,2,1182900,44000,44500,1071800,1066100,100,2700,100,200
3471,2,1256300,44000,45900,1105400,1096300,100,3100,100,200
3472,2,1213400,43400,49300,1083300,1073200,100,3500,200,0
3473,2,1191400,44000,45800,1072900,1066800,200,3100,0,100
3474,2,1188500,44300,45900,1071600,1066100,100,3000,100,200
3475,2,1186700,43800,46000,1068700,1063300,0,3100,100,200
3476,2,1189900,43700,45400,1074300,1068800,0,2600,100,100
3477,2,1216400,43400,46300,1092800,1087700,100,3100,100,100
3478,2,1229500,43800,46400,1087100,1081800,100,3100,100,200
3479,2,24337400,50200,48100,1350700,1344900,0,22829100,100,200
3480,2,32158000,51400,47400,1459100,1450800,100,30536000,200,300
3481,2,1513800,46500,53400,1353700,1347600,100,4500,100,100
3482,2,1403900,45300,48500,1271100,1264700,100,3300,100,100
3483,2,1359100,43600,46900,1229100,1219900,100,3300,0,200
3484,2,1331600,43600,46100,1195100,1189500,0,3100,100,0
3485,2,1296900,42900,45800,1174500,1165100,100,3100,100,100
3486,2,1324700,43500,46400,1153300,1147600,100,3500,100,0
3487,2,1273700,43300,45900,1139700,1134300,100,3100,0,100
3488,2,1261700,43500,46100,1137700,1132000,100,3000,100,200
3489,2,1235300,44900,46500,1116000,1110400,100,3000,100,100
3490,2,1333200,43300,46200,1112300,1103100,0,3000,100,100
3491,2,1258400,43800,46100,1096100,1090600,100,3000,100,100
3492,2,1208900,43800,46100,1091000,1085700,0,3400,100,100
3493,2,1215300,43300,45900,1099700,1094200,100,3100,0,100
3494,2,1239400,43400,46000,1118200,1111900,100,3600,100,100
3495,2,1229000,45900,48900,1099700,1094200,0,3400,100,0
3496,2,1204800,45700,46600,1084000,1078500,0,3400,100,100
3497,2,1225700,43500,46100,1101300,1095400,100,3000,100,200
3498,2,1204300,43600,46600,1078500,1072900,100,3500,200,100
3499,2,1250700,43600,46500,1091100,1085800,0,3100,100,100
3500,2,1213200,43700,46100,1077200,1071500,100,3100,100,200
3501,2,1226800,43600,46800,1077900,1072400,100,2900,100,100
3502,2,1221500,43800,46600,1079500,1074100,100,3100,100,500
3503,2,1187600,43600,46100,1075200,1069700,100,3000,100,100
3504,2,1194200,43400,45900,1076500,1071000,100,3000,100,0
3505,2,1195900,43600,46300,1074800,1069300,100,3000,100,100
3506,2,1192300,43600,45900,1073900,1068500,100,3300,100,0
3507,2,1222300,43500,46200,1095500,1090100,0,2900,100,100
3508,2,1214500,43700,46300,1086400,1081000,100,3300,100,100
3509,2,1238200,43700,46800,1104200,1098900,100,3200,100,100
3510,2,1217100,43300,47300,1077100,1071600,0,3000,100,500
3511,2,1211200,43500,46100,1073200,1067800,100,3100,100,100
3512,2,1218000,43700,46600,1075700,1070400,100,3200,0,100
3513,2,1213700,43400,46400,1074900,1069700,100,3100,0,200
3514,2,1226100,43700,46200,1072100,1066800,100,3000,100,100
3515,2,1235600,43700,58200,1087800,1082400,100,3100,100,100
3516,2,1221300,43500,46300,1073500,1068200,100,3200,100,200
3517,2,1211300,43500,46100,1086600,1081300,100,3000,100,200
3518,2,1192300,43500,45900,1070900,1065600,0,3200,100,300
3519,2,1235300,43900,46200,1085900,1080500,100,2900,100,0
3520,2,1200700,43400,46400,1070900,1065700,100,3300,100,0
3521,2,1231900,43700,46600,1070200,1065200,0,3000,100,0
3522,2,1232500,43300,46500,1090200,1084800,100,2900,100,100
3523,2,1184100,43300,46100,1070400,1065100,100,2900,100,0
3524,2,1187100,43300,45800,1072400,1067100,100,3100,100,200
3525,2,1203100,43400,46200,1072200,1066900,100,3000,0,300
3526,2,1228800,43100,46000,1089000,1079700,100,3100,100,200
3527,2,1185600,43700,45700,1070800,1065500,100,3000,100,100
3528,2,1186900,43400,45700,1073100,1067700,100,3200,100,0
3529,2,1262100,43200,46100,1149400,1143900,100,3100,100,100
3530,2,1199300,43300,45700,1081800,1076400,100,2900,100,200
3531,2,1225100,43800,46100,1073600,1068400,100,3300,0,100
3532,2,1193200,43500,45900,1071000,1065600,100,3100,0,200
3533,2,1194100,43900,46600,1073000,1067700,100,3100,100,100
3534,2,1188400,43300,46000,1071700,1066300,0,3100,100,100
3535,2,1194500,43700,46100,1072200,1067000,100,3000,0,300
3536,2,1219400,43700,46000,1095800,1090500,0,3100,0,200
3537,2,1199500,43300,45700,1071900,1066700,100,3000,100,100
3538,2,1219100,43400,46400,1071900,1066600,100,3600,100,100
3539,2,1228100,44000,46400,1071000,1065800,100,3100,0,200
3540,2,1231700,43900,46300,1086000,1080600,100,3400,100,100
3541,2,1198800,43500,46000,1072500,1067200,100,3000,0,100
3542,2,1232300,43400,46000,1109300,1103800,100,3000,100,0
3543,2,1200200,44600,46100,1075100,1069700,100,4500,100,100
3544,2,1209500,43700,46000,1090600,1085200,0,3000,100,200
3545,2,1244900,43800,46500,1072800,1067400,100,3200,100,0
3546,2,1272500,43100,46700,1071500,1066000,100,3000,100,200
3547,2,1186300,43600,46200,1071800,1066500,100,3000,0,100
3548,2,1185200,43600,45900,1072800,1067500,0,3300,100,200
3549,2,1185900,43600,45500,1075200,1069800,100,3000,100,100
3550,2,1238600,43500,46100,1098600,1093300,100,2900,100,0
3551,2,1206400,45300,46800,1093000,1087600,100,2900,100,200
3552,2,1230900,43900,46300,1074300,1069000,100,3000,0,200
3553,2,1206400,43500,46300,1073400,1068300,100,3000,100,200
3554,2,1185300,43700,45500,1072500,1067100,100,3100,0,200
3555,2,1246500,43600,45800,1129700,1121300,100,3000,100,300
3556,2,1203800,43900,48400,1079500,1073500,100,3700,200,100
3557,2,1195200,43700,46000,1071700,1066300,100,3100,100,200
3558,2,1201400,43600,46400,1085300,1080000,100,3000,100,0
3559,2,1216200,43400,46000,1072800,1067500,100,2900,0,200
3560,2,1202000,43600,46300,1075100,1069800,100,3400,0,100
3561,2,1216500,43400,46000,1072900,1067600,200,2900,100,100
3562,2,1206500,43300,46000,1072500,1067000,100,3200,100,200
3563,2,1196200,43200,45800,1092000,1086500,0,2900,0,100
3564,2,1177100,43600,45900,1072300,1067100,100,3300,100,100
3565,2,1176400,43400,45900,1072300,1066900,100,3000,100,100
3566,2,1176600,43600,45600,1072400,1067200,100,3100,100,100
3567,2,1179900,43800,45900,1072500,1067200,100,3100,100,100
3568,2,1235300,43400,45800,1127900,1122100,100,3300,0,200
3569,2,1220700,47100,52500,1093200,1087700,100,3000,0,0
3570,2,1228200,43600,46500,1096400,1088700,100,3000,100,200
3571,2,1235300,44700,48300,1100100,1094900,0,3100,100,300
3572,2,1219800,43500,46500,1088100,1082800,100,3300,0,200
3573,2,1215000,43900,46700,1084500,1079100,100,3100,100,300
3574,2,1240400,45800,47300,1082900,1077400,100,3200,100,100
3575,2,1202600,44200,46800,1079400,1074100,100,3100,100,100
3576,2,1223800,43900,46400,1075400,1070000,0,3200,100,100
3577,2,1225100,44200,46800,1100100,1094400,100,3000,100,100
3578,2,1205800,45400,48000,1091100,1085700,100,3400,100,100
3579,2,1230600,44500,46700,1083300,1077900,100,3100,0,100
3580,2,1211300,44100,46400,1080800,1075500,0,3200,100,0
3581,2,1196200,43800,46500,1078800,1073400,100,3000,100,100
3582,2,1188000,44200,46400,1077600,1072100,0,3100,100,0
3583,2,1234400,44500,46900,1076900,1071500,100,3000,100,200
3584,2,1243000,44400,46600,1100000,1091300,100,3200,100,200
3585,2,1215100,44700,48900,1085100,1079400,100,3500,200,100
3586,2,1221400,43500,46600,1080300,1074800,100,3600,100,100
3587,2,1190400,43700,46000,1081000,1075800,100,3000,100,100
3588,2,1191500,43600,46100,1078700,1073200,100,3100,0,100
3589,2,1194600,43400,45800,1077200,1072000,100,3100,0,100
3590,2,1200500,45400,46200,1074900,1069700,100,3000,100,300
3591,2,1235700,43700,46000,1080900,1075500,100,3000,100,100
3592,2,1209300,44600,46400,1076600,1071000,100,3400,100,0
3593,2,1199500,43700,46000,1074500,1069100,100,3000,0,0
3594,2,1191000,43300,45900,1072000,1066500,100,3500,100,100
3595,2,1193100,43500,46300,1073400,1067800,100,3000,100,100
3596,2,1214100,43800,46200,1100000,1094600,0,3300,100,100
3597,2,1243800,43400,46300,1122100,1114100,100,3000,100,100
3598,2,1252300,44500,50200,1099900,1093900,100,3600,100,200
3599,2,25728600,50600,46100,1881400,1874600,0,23671500,400,100
