tick,run,wholeUpdate,controlBehaviorUpdate,transportLinesUpdate,electricHeatFluidCircuitUpdate,electricNetworkUpdate,fluidFlowUpdate,entityUpdate,trains
0,0,12825700,64600,67100,92700,77400,200,12329900,2500
1,0,1175700,27800,63300,69100,63500,200,851200,100
2,0,828400,35400,44200,71200,66200,100,650400,100
3,0,931500,19300,43300,67400,62800,100,794900,100
4,0,4484900,43400,23300,82000,76000,100,4327100,100
5,0,1122800,35300,36600,67400,62500,200,970200,100
6,0,1010700,39800,17500,71800,63400,100,871200,100
7,0,1272100,40000,29600,65700,60000,200,1119100,100
8,0,5319100,41500,26200,70800,63800,200,5172300,100
9,0,936200,21600,33800,64900,60000,200,804500,100
10,0,821200,39700,31200,65100,60100,100,647300,100
11,0,926500,25600,23100,65200,60400,0,799300,100
12,0,4081400,51100,37100,63700,59000,0,3917000,0
13,0,1189300,28900,39500,68900,63400,200,1032300,200
14,0,1014500,29700,25500,63900,58700,200,875100,200
15,0,1248900,32400,24500,67700,62200,100,1110500,100
16,0,5100600,42500,36500,97700,91500,100,4896900,100
17,0,953000,55800,49800,66600,61300,100,758600,100
18,0,776100,32400,16400,64700,59100,100,648100,100
19,0,944700,39800,16000,69600,61600,200,797800,100
20,0,4003000,44200,31800,67800,62400,200,3807800,0
21,0,1159600,38400,48600,66800,61700,100,993700,100
22,0,1047200,56400,22200,64500,60000,200,870900,100
23,0,1253000,40400,32600,63800,58800,0,1110300,0
24,0,4985700,43700,20600,81100,74600,0,4833900,100
25,0,897200,33300,36300,66800,62000,100,755100,0
26,0,783500,37700,21200,69900,63600,200,646500,100
27,0,955300,28700,32500,86500,78200,100,797200,200
28,0,3937300,36200,30300,78400,73600,100,3784400,100
29,0,1115800,24900,31900,79900,75100,100,967400,0
30,0,1025900,46200,25200,69700,64300,100,870300,100
31,0,1411600,47100,32000,67000,61700,100,1239800,200
32,0,4989600,62400,29300,84200,78600,100,4789600,200
33,0,1025500,37800,47100,67200,61700,200,854300,100
34,0,816700,25200,37000,63300,58900,100,650900,100
35,0,936600,35000,19500,74000,64700,200,794600,100
36,0,3950200,35400,32700,79200,73400,200,3787300,200
37,0,1155900,64600,32700,71100,62400,200,972700,100
38,0,1020500,36200,34300,71100,63100,200,870500,100
39,0,1263800,26700,22600,70100,62200,100,1108300,100
40,0,4970200,77600,17300,80000,74600,200,4768700,100
41,0,897700,27300,36900,63600,59000,100,757900,100
42,0,776000,28600,20900,69100,63800,100,646500,100
43,0,932700,26300,25600,64700,60100,100,796100,200
44,0,3911200,36800,25700,76600,71700,100,3764700,100
45,0,1289000,21200,35000,66300,61000,100,1150600,200
46,0,1071200,45400,39400,64600,60000,100,886600,100
47,0,1235900,24600,36900,63900,58900,100,1101100,200
48,0,4893900,24900,37400,87500,80600,200,4738500,100
49,0,971000,21300,43400,66600,60900,100,831500,100
50,0,801500,33900,21700,65700,60600,100,662900,100
51,0,960800,41400,38700,67000,61300,100,800900,100
52,0,3916700,34500,21700,86600,79500,100,3756600,0
53,0,1117200,22700,32500,69500,64100,100,971100,100
54,0,1033600,48100,32000,70900,62800,200,862100,200
55,0,1233300,14900,29200,63600,58800,300,1108400,100
56,0,4908400,56800,30400,82400,74800,100,4728200,0
57,0,1011200,30300,63100,70800,62600,100,828200,200
58,0,811900,36200,36400,65300,60000,200,640900,100
59,0,985400,35100,41700,64900,60000,100,805800,100
60,0,3924100,43200,24500,79300,74800,100,3755600,100
61,0,1111000,26200,41400,69800,62200,100,968300,100
62,0,1008400,40600,26900,63900,58900,100,871200,100
63,0,1249900,38100,31500,65000,60000,200,1109400,100
64,0,5301100,55500,20700,66700,62000,200,5142000,100
65,0,1016500,96700,19800,76200,64400,100,809800,100
66,0,785100,17300,43700,63700,59000,100,649100,100
67,0,920400,19900,27600,63100,58800,0,795100,100
68,0,4185100,19400,33500,85000,79700,100,4038700,100
69,0,1157600,24800,49400,63900,58700,100,1005900,200
70,0,1019900,23300,22200,66200,61300,100,872700,100
71,0,1276700,43800,38800,72500,63500,200,1108600,100
72,0,5156800,46200,37100,75800,66400,200,4979900,200
73,0,974600,32400,36000,68400,62600,100,818900,100
74,0,807000,43100,21800,65900,60100,0,656800,200
75,0,1116000,93700,31300,68100,61500,100,908900,100
76,0,4886400,55000,26000,72200,62000,300,4714100,100
77,0,1285900,34800,48900,64100,59300,100,1113600,200
78,0,1006800,27000,26400,68700,62900,100,870500,100
79,0,1295600,31700,36300,73500,63600,100,1101200,200
80,0,5612600,42500,30800,71900,61600,100,5416600,200
81,0,891600,27800,29200,63900,58900,100,755900,200
82,0,810300,26000,33600,69000,61400,100,646300,100
83,0,920300,33500,22700,63800,59100,200,794500,100
84,0,4213400,42400,60400,79100,73800,200,4021300,300
85,0,1248500,28700,38200,64900,60300,100,1110300,100
86,0,1005400,18100,42500,64400,60000,200,872600,100
87,0,1352800,40000,32300,66600,60500,200,1205100,100
88,0,5099500,44400,39800,72400,65700,200,4927900,200
89,0,1017300,20200,52300,78600,73500,100,850800,100
90,0,788400,34300,25100,63600,58600,300,651500,100
91,0,959800,38000,32500,67900,62600,100,801600,100
92,0,4023100,33300,42800,66300,60200,100,3860100,200
93,0,1126100,30200,28200,72200,66400,200,973800,100
94,0,1036300,27000,18400,65500,60000,200,877400,200
95,0,1259300,31800,36200,64400,59700,0,1110800,200
96,0,6561900,63900,39300,81700,74600,300,6358100,200
97,0,914800,46700,26700,64900,59900,100,764900,100
98,0,785500,26000,33900,67600,62600,100,648200,100
99,0,977300,37000,44600,65300,60000,100,794300,100
100,0,4849000,51200,14100,73500,62300,200,4682300,100
101,0,1115100,30100,32100,65200,60000,100,972000,200
102,0,1003800,31800,27500,63700,58900,100,871800,100
103,0,1227200,17700,24900,64000,59100,200,1109100,100
104,0,5123800,62700,28400,79200,73800,100,4942300,200
105,0,893300,23900,34000,64100,59100,0,757100,200
106,0,823700,47600,25400,68800,63000,200,647400,100
107,0,966800,39600,51000,75200,67000,100,789200,200
108,0,3933400,33300,25200,79800,74800,100,3784700,100
109,0,1167000,41500,79500,70800,65100,200,967600,0
110,0,1017300,27900,37000,63900,58900,100,873700,100
111,0,1247400,25900,33900,63700,58800,100,1110100,100
112,0,4945600,59800,35700,80700,74800,200,4750300,200
113,0,961600,33000,51600,65400,59900,100,787700,200
114,0,799700,39800,32700,64200,59500,100,647600,100
115,0,941500,31700,31800,65600,60100,200,794600,100
116,0,3904600,25400,40200,71000,65200,200,3755400,100
117,0,1134800,39700,27100,66300,60700,100,983000,200
118,0,1025100,26700,32000,63800,58900,100,871000,0
119,0,1257000,18600,30700,63800,59000,100,1109300,100
120,0,4936300,27400,34400,66100,60200,200,4780300,200
121,0,948200,35500,52500,70100,63800,200,773800,300
122,0,780100,34100,19400,65300,60200,100,650500,200
123,0,924700,19600,39300,65300,60100,100,794200,100
124,0,4002400,18900,56000,69500,64300,100,3849600,100
125,0,1260400,39900,52600,63600,59000,100,1090600,100
126,0,1027900,33500,40800,65500,60100,200,875900,100
127,0,1231300,22200,25600,63200,58800,100,1108600,0
128,0,5092700,41800,56600,66700,61400,200,4910300,100
129,0,1071200,19200,39800,72700,67700,100,923500,200
130,0,816700,42500,28300,64000,59400,300,647700,100
131,0,943300,36300,34700,63600,59100,100,794200,100
132,0,3962000,22200,27800,69300,64400,100,3829100,100
133,0,1137800,44000,50100,64600,59000,200,965100,100
134,0,1013600,37600,22300,68700,63500,100,871400,100
135,0,1226000,20200,20400,64000,59000,100,1109700,100
136,0,4938000,44800,25600,64000,58900,200,4786800,100
137,0,886600,24900,34300,65300,60000,200,745000,100
138,0,801800,42700,21000,73700,62900,100,648600,200
139,0,1014300,42000,48300,71100,61700,100,804400,200
140,0,3935000,37400,26400,70400,64900,100,3766900,100
141,0,1160300,29600,41300,65300,60200,100,1011500,100
142,0,1022200,32700,19200,64900,60000,100,871500,100
143,0,1258800,42800,36500,64000,58900,200,1109700,100
144,0,5033800,44100,39800,68100,61800,100,4875100,100
145,0,903200,37500,30600,65300,60000,0,763200,100
146,0,777700,30200,26500,63700,59200,100,651200,0
147,0,928100,41100,20100,66700,61600,100,794100,100
148,0,3934900,58600,39200,80200,74900,100,3748900,100
149,0,1095900,21300,28100,65200,59900,200,969900,0
150,0,1029500,37600,34600,70900,62800,100,872500,100
151,0,1255900,34000,28000,63500,58800,100,1104800,200
152,0,4876900,29800,26900,78800,73500,100,4727200,100
153,0,979600,51900,52200,78800,73200,100,771100,200
154,0,831800,35400,38900,68100,61800,200,648000,0
155,0,931500,26500,28100,70100,62500,200,793800,100
156,0,4093600,43700,35200,80900,74700,100,3918300,200
157,0,1117700,16800,33700,65400,60000,100,986700,200
158,0,995000,19100,27000,63900,59000,100,873100,200
159,0,1265100,33200,23100,63400,59000,100,1109300,100
160,0,4955000,66000,19200,78300,73500,200,4763300,100
161,0,885400,34300,19700,65200,60100,200,755000,100
162,0,795200,31700,37100,69200,63700,100,646400,100
163,0,957300,40200,45300,64200,58700,100,790500,100
164,0,3907800,27900,34900,69500,61500,200,3763300,200
165,0,1112000,17400,44500,65000,59900,100,973500,100
166,0,1058400,36600,48200,72300,64100,100,865200,200
167,0,1226400,22800,23400,64900,59900,300,1108800,100
168,0,4868000,39000,37600,79000,73700,200,4706200,0
169,0,978000,30600,99500,85800,79800,100,756400,100
170,0,769100,23400,24700,64800,60200,100,646400,100
171,0,936800,37200,26200,64100,58900,200,796700,100
172,0,3898800,48600,15500,86400,80100,0,3733500,100
173,0,1105900,19800,35900,68800,64100,200,963800,100
174,0,1139200,36000,37200,72700,63100,200,972500,200
175,0,1279400,38600,43300,66200,61000,100,1109000,200
176,0,4870800,51600,34200,80200,74700,200,4693700,100
177,0,1091000,39300,44000,65800,60700,100,922300,200
178,0,926900,48000,25000,70600,63800,0,743300,100
179,0,970800,33700,35500,65000,59900,100,797000,200
180,0,4086600,48400,34100,82800,76800,200,3893600,200
181,0,1420200,38900,54200,68700,63100,200,1248800,100
182,0,1020300,35100,34200,64200,59100,100,875700,200
183,0,1267500,38500,39200,71100,63900,100,1110400,100
184,0,5694000,24100,35400,80000,74700,100,5540200,100
185,0,944700,49200,51300,71900,63500,200,755700,100
186,0,800200,30300,37000,67900,62000,100,647400,200
187,0,930100,25300,34700,66200,61000,100,788900,100
188,0,4103400,41500,31700,78300,73200,200,3940900,100
189,0,1099200,29200,30100,64800,60100,200,964400,0
190,0,1020300,31900,17000,63300,58800,100,870000,0
191,0,1264700,44000,31100,66400,61500,200,1108900,100
192,0,5212800,45100,30600,80200,75100,300,5038600,0
193,0,920900,39300,46700,65900,60600,100,754200,100
194,0,799500,36200,30400,69800,65000,100,647200,100
195,0,948800,37400,36500,68500,63800,0,790000,200
196,0,4288400,65800,38700,69300,63400,200,4096000,300
197,0,1179400,32700,45700,71100,65100,100,990900,200
198,0,1021600,25100,38100,67000,62000,100,874300,100
199,0,1273800,22200,26700,65400,59900,200,1110900,200
200,0,5254100,30300,23600,78800,73800,300,5094200,100
201,0,912300,25700,57200,65200,60300,300,753600,100
202,0,810700,32700,33500,63400,59100,0,647000,100
203,0,912800,26100,21300,64600,60000,100,795000,100
204,0,3926600,56100,28400,81300,74800,200,3750700,100
205,0,1105900,37300,19300,70500,64600,100,969900,100
206,0,1006900,27300,37700,65500,60100,100,864100,200
207,0,1276100,46300,40400,73200,65400,100,1109900,100
208,0,4910000,46400,32800,78600,73500,200,4744000,100
209,0,1016900,30900,50900,68600,63200,100,850700,200
210,0,806100,35200,40900,66100,61200,100,647800,200
211,0,974300,54300,37300,64800,59900,100,798700,100
212,0,4089100,33400,35900,69700,64100,100,3933000,100
213,0,1134800,31200,46000,64300,59300,100,970000,200
214,0,1022900,25400,29700,63300,58800,300,862900,100
215,0,1245200,46300,14500,64000,58800,100,1108500,100
216,0,4884500,52600,42000,80400,74600,200,4699700,100
217,0,875600,22500,26000,64800,60000,100,751900,100
218,0,839300,48400,44200,67900,60000,100,666800,200
219,0,955500,25600,34500,63500,58700,0,796300,100
220,0,3898900,52400,21400,63900,58900,100,3735700,100
221,0,1109100,28300,35400,66200,60400,100,966100,100
222,0,1052500,57900,42500,71000,62500,100,865700,200
223,0,1270500,37800,19900,64200,58900,200,1131100,200
224,0,4872300,30600,38800,78300,73300,100,4708900,100
225,0,881800,31200,26000,64000,58900,100,751200,100
226,0,799400,41900,18300,63600,58800,200,646200,100
227,0,927000,29400,32500,64300,59900,100,795000,100
228,0,3873700,35700,17000,79900,74700,0,3735600,100
229,0,1178000,39200,46100,67700,60400,100,1014600,200
230,0,1002500,20400,33300,63600,59000,100,871000,200
231,0,1283600,54800,34100,70000,63800,100,1110000,100
232,0,4921600,48200,37500,70400,64400,100,4744900,100
233,0,1026600,38200,25700,63700,58900,100,876500,100
234,0,790900,35200,28400,64800,59900,100,647500,100
235,0,947000,40300,29000,64500,59000,300,791100,200
236,0,4017100,38000,54900,69600,63400,100,3836500,300
237,0,1337600,63400,35000,68500,62500,300,1149900,200
238,0,1073000,43600,57500,64700,59800,100,868700,200
239,0,1261900,16100,33000,65200,60000,100,1110500,100
240,0,5584600,42900,38600,81000,75000,200,5392000,200
241,0,900100,27000,19200,71500,62900,200,772600,200
242,0,791200,36100,28900,70500,64900,200,647500,100
243,0,920600,24500,26200,63800,58900,100,795700,200
244,0,4023500,26300,17500,78100,73400,200,3893200,100
245,0,1119700,33900,24300,68200,62700,100,977300,100
246,0,1018600,40100,32300,67100,62200,200,865600,200
247,0,1264700,37700,38500,67500,63000,200,1108700,100
248,0,4960700,25100,27200,78700,73700,100,4822700,100
249,0,923700,38200,44100,69200,63600,200,755700,100
250,0,813600,17600,46600,63200,58900,100,645600,100
251,0,948900,41500,29400,70200,61900,200,794600,100
252,0,4085700,42500,42100,71400,65900,200,3910100,200
253,0,1124300,39000,22400,70300,64900,100,972600,200
254,0,1033800,30600,47200,65800,59900,100,874800,100
255,0,1258400,18900,49900,69600,65000,100,1107900,100
256,0,4953400,55500,29200,80700,75400,200,4766800,100
257,0,910600,23400,36800,78300,72700,100,756400,100
258,0,792400,36500,34600,65000,60400,100,645700,100
259,0,974300,35500,36500,66600,61900,200,794500,0
260,0,3932200,43000,39100,67800,60300,200,3758200,100
261,0,1087600,19100,22400,70400,64200,300,966000,100
262,0,1023800,15600,39200,65300,60200,200,870600,100
263,0,1294000,66800,37900,72000,63500,200,1109700,100
264,0,4906700,40100,24900,80600,74900,0,4750500,200
265,0,988000,26800,32300,65700,60000,300,851900,200
266,0,767000,20700,19200,66400,59000,200,650200,100
267,0,965600,41900,45800,74200,66000,200,794200,0
268,0,3988000,33700,31800,78700,73500,200,3835900,0
269,0,1113900,30300,32700,70400,64800,100,967900,100
270,0,1022300,32100,40400,64400,58800,200,865600,200
271,0,1308000,59700,45600,65500,59900,100,1112100,200
272,0,4912800,43200,17100,80300,74800,100,4753000,200
273,0,891600,19400,42700,63200,58900,100,747900,100
274,0,801400,20200,28600,65100,60000,100,646600,100
275,0,931000,41700,20400,63600,59100,200,794200,100
276,0,3892400,33900,24700,78200,73400,200,3746300,100
277,0,1118200,43300,33700,64300,59000,100,966700,100
278,0,1009300,25100,45200,63600,58900,100,864200,200
279,0,1275700,36100,27600,68200,63500,100,1108700,100
280,0,4915200,60700,43600,85400,78800,200,4701100,100
281,0,909000,24900,51200,65600,60400,200,752200,0
282,0,787300,40100,26100,64000,59000,100,648500,100
283,0,958200,39700,38800,69700,64200,100,797000,100
284,0,3867400,35600,29400,80100,74600,100,3714400,100
285,0,1129300,28900,41400,80100,74900,100,969600,100
286,0,1043800,32400,36900,66500,61700,200,874800,100
287,0,1244600,26100,32300,69300,63700,100,1109500,100
288,0,4886500,49200,29500,83700,77300,100,4709700,200
289,0,1044900,38600,32300,66900,61700,100,896500,200
290,0,791500,30200,33700,65400,60600,100,649400,200
291,0,926400,18600,33600,63500,58700,300,798800,100
292,0,3895900,34500,41900,78200,73200,200,3726600,0
293,0,1169600,39200,59200,76400,71800,100,972200,300
294,0,1007200,22800,33700,64900,60000,100,871100,100
295,0,1255700,32200,34900,67200,62300,0,1101800,200
296,0,6424200,40700,37400,86700,79000,300,6244800,200
297,0,965200,48000,41700,70100,64100,100,787600,100
298,0,874000,32700,39400,66600,61200,200,694500,200
299,0,972800,32000,38200,67600,62400,0,794800,200
300,0,4895700,36300,17300,68000,62800,300,4748300,100
301,0,1234100,27900,46100,68800,63800,200,1080500,200
302,0,1002700,27300,37600,64300,59100,100,863800,200
303,0,1234200,35600,16800,65100,60000,100,1110600,100
304,0,5289900,75500,35300,78600,73200,100,5087500,200
305,0,939000,52300,35700,70100,61300,100,765900,100
306,0,810000,56500,25300,72700,64200,100,645900,100
307,0,923400,18500,30400,68700,63800,100,790700,200
308,0,4057800,48200,21000,79800,74600,300,3902100,100
309,0,1126700,32200,41000,73100,68100,0,966000,200
310,0,1036500,31800,33500,65000,59900,200,870900,100
311,0,1252800,31400,30600,68000,62900,100,1108100,100
312,0,5087500,46700,28300,67400,62200,100,4926100,200
313,0,908400,38700,27100,69000,63600,200,757000,100
314,0,800400,34800,34200,64200,59100,100,652400,100
315,0,933100,35100,19400,64900,59800,100,798400,200
316,0,4110100,19700,41100,81700,76700,0,3955400,100
317,0,1113700,38900,24800,64100,59400,200,969400,100
318,0,1056400,34400,42000,65100,59000,200,901200,100
319,0,1337600,18600,21200,69600,64600,100,1185500,100
320,0,5014500,59300,28400,82200,74600,200,4812600,200
321,0,911600,33100,40100,64300,59100,200,759600,100
322,0,790700,17600,27200,67100,62200,100,647500,100
323,0,967100,46200,34000,69600,61800,200,807700,200
324,0,4122400,51800,55300,77500,73300,100,3931200,100
325,0,1101800,32200,30900,66800,61600,100,966100,0
326,0,1008000,39400,24200,65200,60400,100,872700,100
327,0,1255400,44600,30400,66300,61600,100,1108300,100
328,0,5213500,39800,33600,73000,65700,200,5053800,200
329,0,924000,44200,40700,66100,61200,200,756900,200
330,0,788500,30800,23500,68400,60600,200,651300,100
331,0,1055600,43700,44500,75900,67100,100,866500,200
332,0,3932500,25100,40600,80800,74700,100,3767100,200
333,0,1167900,46800,39900,63000,58800,100,993900,200
334,0,1043300,30000,38500,64000,59100,100,871900,200
335,0,1252700,35000,33500,67900,60400,100,1102300,200
336,0,5085900,49400,37500,83400,76100,100,4901700,200
337,0,916800,39400,37700,69900,64200,100,754200,200
338,0,791200,40400,35600,64000,58900,100,640100,100
339,0,960300,27200,35000,64600,59900,200,796200,100
340,0,3906200,33200,18000,69900,64100,300,3756800,100
341,0,1330400,26900,39200,67000,61400,100,1179500,200
342,0,1017100,44300,30500,64000,58900,100,869600,100
343,0,1259400,41100,27800,68900,63900,100,1109300,0
344,0,5062000,28600,20100,66300,59900,100,4939800,100
345,0,912800,35600,53000,67000,62000,100,747300,100
346,0,832300,49800,39300,64300,59900,200,647400,100
347,0,929000,24200,39500,64000,58900,100,795700,100
348,0,3895100,38200,29900,78300,73500,300,3743500,100
349,0,1274800,40100,42000,67100,62600,0,1119400,100
350,0,999700,30000,25600,63600,59000,100,870700,100
351,0,1260400,41200,35900,68100,62500,100,1100500,100
352,0,5045000,61400,23900,67800,62000,100,4871300,100
353,0,935700,26300,39300,66100,61000,200,782400,100
354,0,792700,27700,39800,65100,59900,100,641900,100
355,0,936700,31600,22800,67800,63000,100,796100,100
356,0,4201300,37500,36400,71700,62600,100,4007600,32100
357,0,1117900,30100,18300,64000,59300,100,986300,200
358,0,1030000,38500,16100,67100,61800,200,873000,100
359,0,1263700,19700,27800,68800,63200,100,1109600,100
360,0,5082700,31200,46600,64000,59100,200,4916900,100
361,0,894600,26800,35100,66100,60000,100,761000,100
362,0,762400,29500,15600,63800,59200,200,647100,100
363,0,948700,45400,24800,71100,62000,200,795900,100
364,0,4029600,41100,26300,81000,76000,100,3868000,100
365,0,1224200,52600,31900,64400,58900,100,1060600,100
366,0,1013400,35800,28400,63500,58800,100,873100,200
367,0,1250900,29800,33500,64400,59300,200,1108200,0
368,0,4972200,36400,43500,68200,63100,100,4817200,100
369,0,1041100,18600,58000,66900,60000,100,882200,200
370,0,835200,20800,64000,67600,62500,100,642400,100
371,0,937000,21900,33800,66600,61100,100,795700,100
372,0,3960100,18900,36000,78400,73500,100,3812300,100
373,0,1304300,37400,35500,66500,61900,100,1151100,100
374,0,1028400,40600,31100,68300,62800,100,873800,100
375,0,1294200,58100,45300,66200,60600,200,1110000,100
376,0,5041400,33500,44000,78700,73300,100,4872600,100
377,0,969300,31400,36600,65700,60200,200,814400,200
378,0,826000,34500,57800,67800,63200,200,651100,100
379,0,995800,49500,41300,67100,61700,200,794700,100
380,0,4127400,45300,32100,84000,78500,200,3941500,100
381,0,1079800,15400,19400,63300,59000,200,967500,100
382,0,1044400,44900,25900,68800,61300,100,871400,100
383,0,1242100,28800,31800,65200,60300,100,1110400,100
384,0,5092800,23800,38200,81200,74800,200,4934700,300
385,0,1003300,56400,72200,83700,74600,200,778800,200
386,0,810300,40400,40700,68900,63600,100,647600,200
387,0,921200,19900,36800,65000,60100,100,793800,100
388,0,3917600,34400,26600,78600,73400,100,3765200,200
389,0,1178200,38900,41700,65500,60700,200,1015900,100
390,0,1213100,39800,25900,71000,63200,100,1060600,200
391,0,1245800,24300,31300,65100,59900,100,1105200,200
392,0,5039500,34500,27700,78600,73600,200,4885200,100
393,0,890300,17200,36600,63500,58800,100,755900,100
394,0,835100,37600,37500,63600,59100,300,654300,100
395,0,925900,22400,32200,65400,60000,100,794900,100
396,0,4136700,32400,34900,70500,63800,100,3983200,200
397,0,1287400,42500,34000,63700,59000,100,1131500,100
398,0,1012300,29600,31300,67100,61600,100,873600,100
399,0,1279400,43900,32800,65700,60700,100,1102600,100
400,0,4994000,27000,37000,88400,82500,200,4815500,100
401,0,899600,17700,48200,69300,64600,200,753000,100
402,0,793800,34800,41400,63900,58800,100,645300,100
403,0,983600,62800,41000,64900,60200,200,798800,100
404,0,3775500,37500,29200,71600,64800,100,3630200,100
405,0,1105400,26100,37800,64700,60000,100,967200,100
406,0,1036900,33000,36500,63300,58900,100,870700,100
407,0,1239700,32100,28000,65400,60800,200,1108600,100
408,0,4831100,47400,25300,66700,60700,100,4686300,0
409,0,866300,19800,22000,66300,61900,200,752500,100
410,0,782800,40600,21800,63500,59100,100,647000,100
411,0,944800,38500,33000,65200,60500,100,796100,100
412,0,3923300,44600,21100,67500,62300,100,3775200,0
413,0,1165500,43600,36000,90700,85800,200,976800,100
414,0,1004800,33800,15900,63900,59300,300,875800,100
415,0,1288700,42700,34000,81000,61600,200,1112400,100
416,0,5176900,32500,32900,85800,80200,100,5010400,100
417,0,905700,27400,37500,67200,62400,100,758700,100
418,0,792100,27600,18600,64700,59800,200,648700,100
419,0,965300,40600,26800,64900,60200,100,795400,100
420,0,4185000,75600,21300,83900,78200,300,3979700,100
421,0,1314700,35800,31200,63700,59100,0,1178200,100
422,0,1048500,40400,47600,75500,70200,100,878500,0
423,0,1270500,39200,38800,69100,63900,200,1117700,0
424,0,7062900,33100,27200,82900,77200,200,6910600,100
425,0,932300,22300,35900,75900,71000,100,784500,100
426,0,776100,22600,35700,65100,60300,100,642000,100
427,0,950100,33700,37400,67100,61900,200,796100,100
428,0,5035400,37900,23800,80600,74700,100,4880600,200
429,0,1124800,40300,41300,70200,61400,200,959600,100
430,0,1037000,32100,17300,64300,59100,100,874300,100
431,0,1270100,35700,41400,68100,62400,100,1104400,200
432,0,5484000,25900,27000,85300,80000,100,5329400,100
433,0,900300,28300,43300,63600,59200,200,748800,100
434,0,820500,54700,36800,70400,60900,200,640800,100
435,0,962800,40200,35700,71900,63600,100,796700,200
436,0,4029900,33600,32200,67200,62000,200,3882600,100
437,0,1129900,43500,40800,65800,60400,100,960000,100
438,0,1018200,36500,25400,69900,64500,100,873700,100
439,0,1280700,35800,33500,64700,59900,200,1104300,100
440,0,4967900,33400,27500,69200,63900,300,4810000,100
441,0,1046400,33600,39700,64900,59900,100,891600,200
442,0,804000,30700,30300,67200,62000,100,642300,100
443,0,953900,44900,33500,71800,63100,200,798000,100
444,0,4050200,54100,37600,81600,76100,100,3870900,0
445,0,1094600,31000,34200,65000,60300,100,958600,100
446,0,1007100,37400,30600,68100,60300,100,864300,100
447,0,1239900,33900,34800,64500,59900,100,1101200,100
448,0,4972100,52700,116900,81900,74800,100,4707900,100
449,0,914500,42000,30800,79000,74200,300,751300,100
450,0,779600,39900,16200,69000,61300,100,642000,100
451,0,933900,39200,23800,63700,58900,100,789600,100
452,0,3940400,64300,42800,70400,63800,100,3746500,100
453,0,1190500,33900,19500,71500,66200,0,1039200,200
454,0,1029500,31200,35300,63900,59100,100,863800,100
455,0,1224900,18900,23000,69400,64400,100,1102400,100
456,0,5020500,60600,29100,69100,59300,200,4848000,100
457,0,1072900,23100,33400,66400,61500,100,934100,200
458,0,766800,23600,27600,65000,60400,100,642100,100
459,0,944200,36600,18000,66700,62200,100,789000,100
460,0,3919400,58400,15400,67400,61800,100,3754200,100
461,0,1153300,24200,42000,67400,61300,100,1002800,200
462,0,1035700,50500,42400,69100,61200,100,864100,100
463,0,1231200,28400,21700,64700,59800,100,1100600,100
464,0,4841500,42900,29400,70700,60400,200,4689300,100
465,0,923500,26600,54100,83900,78900,100,747900,100
466,0,828400,28000,46300,65400,61000,0,652800,100
467,0,906400,24400,23100,63200,59000,200,789900,100
468,0,3878200,22400,30700,65600,60000,100,3748900,200
469,0,1186200,63500,50000,71400,62300,200,989800,200
470,0,1004400,19000,33500,65100,60000,100,873500,0
471,0,1230900,32200,17900,64000,59000,100,1103600,100
472,0,5081200,49400,36500,81500,76800,100,4898500,100
473,0,1179500,42800,37200,64100,58800,200,1009600,200
474,0,810000,45300,33700,65300,59900,200,644400,100
475,0,931700,30200,25100,64900,59900,200,794300,0
476,0,4121400,41900,47600,66100,60000,100,3951900,100
477,0,1137200,32700,37900,64300,59400,100,982800,200
478,0,1048100,63200,18000,65200,59900,100,863400,100
479,0,1266700,26900,31200,68500,62700,100,1102000,100
480,0,5264100,43400,33100,68400,59900,200,5084600,200
481,0,898700,18900,35800,66600,61300,200,767300,200
482,0,785200,30500,25800,68400,63500,100,651700,100
483,0,930400,33600,32200,66400,61800,100,792500,100
484,0,4133200,51600,43400,71500,63400,300,3958500,100
485,0,1135600,48000,48000,66600,61700,100,961600,100
486,0,988200,17400,34600,64600,59900,200,862700,100
487,0,1220900,16600,24900,64700,60000,200,1102700,100
488,0,5033300,34100,39000,85900,80400,100,4867600,100
489,0,920600,39200,29500,78700,73800,200,762000,100
490,0,816800,46300,23800,62900,58700,100,645500,100
491,0,935000,35300,24400,70800,65300,100,789900,100
492,0,4103300,45100,36200,81200,74800,200,3921600,100
493,0,1112500,42100,28700,66900,62000,100,958700,100
494,0,1025800,49200,34300,65400,60300,100,863800,100
495,0,1239400,47900,15600,63200,58800,100,1101300,100
496,0,6500300,39200,32300,80100,74700,100,6336100,0
497,0,893800,41400,18000,67700,62400,100,750800,0
498,0,773900,30200,23100,65000,60400,100,641200,100
499,0,961600,17000,35800,78500,72700,100,789200,100
500,0,5099400,67600,44400,72300,63200,200,4885900,200
501,0,1132500,45100,45800,67000,61600,200,963000,0
502,0,1010700,29200,22100,63800,59000,100,862400,100
503,0,1268000,49900,45100,65400,60400,100,1102400,100
504,0,4914800,31500,34400,82400,77200,200,4760900,100
505,0,895800,43500,27700,68000,63300,100,750800,100
506,0,788300,38700,28200,68700,61200,100,642900,200
507,0,927300,23100,43300,64600,59900,100,790700,100
508,0,3890200,37900,29400,66300,60000,200,3749200,100
509,0,1114600,29600,35200,68600,63800,200,966100,200
510,0,991300,23600,29400,63500,59000,100,863100,100
511,0,1263300,35900,38700,67700,62200,100,1103000,0
512,0,4894900,64700,33100,71300,61100,200,4705300,100
513,0,1010300,31000,43000,65100,59900,100,844700,200
514,0,808400,21700,34200,66500,61700,100,642000,0
515,0,911900,22900,21400,66900,61900,100,789300,100
516,0,3888800,47500,17600,65200,60000,100,3749400,100
517,0,1113900,33900,35500,67300,62200,100,963900,100
518,0,984100,29100,17400,66600,61800,100,863100,100
519,0,1277000,36900,37800,63600,59000,200,1103600,100
520,0,4879100,44500,31400,78800,73600,200,4699500,100
521,0,903000,39600,40900,63300,58800,100,747900,0
522,0,779200,38000,26900,63600,58800,100,642300,100
523,0,912900,33000,16700,63200,58700,100,789200,100
524,0,3887500,39500,45000,73100,65100,200,3723100,100
525,0,1139200,44800,41200,70800,61200,200,970700,0
526,0,1036600,20300,47500,64100,58900,300,870000,100
527,0,1234800,22300,31600,66800,61700,200,1103800,200
528,0,5064900,23700,36800,68700,63500,100,4929300,100
529,0,1161200,33900,39200,65200,59900,200,1011200,300
530,0,795800,35500,33200,65200,60200,200,647900,200
531,0,922400,33000,16700,65000,60000,200,794700,100
532,0,4022800,37700,39900,78400,73500,100,3851400,100
533,0,1138700,52900,38800,66300,60000,300,958900,100
534,0,1019500,28700,34300,70100,63700,100,864600,200
535,0,1277200,46100,32200,71800,66300,200,1103700,200
536,0,4981200,37500,21500,79200,73500,200,4827900,100
537,0,915900,37100,39800,67800,62700,100,756200,100
538,0,803000,24900,36000,63300,59000,100,643100,100
539,0,977000,56400,28000,66900,62000,200,790800,100
540,0,3923900,19300,20100,69400,63100,100,3789500,100
541,0,1246400,34600,27500,63800,59000,100,1110000,200
542,0,991400,21300,32300,66200,60000,100,865900,100
543,0,1272500,47800,41800,71300,64000,200,1101700,200
544,0,5084500,56200,34500,73000,62800,200,4902300,200
545,0,899200,25700,37900,65100,59900,100,756900,100
546,0,785900,28300,36900,64900,59900,200,643900,200
547,0,931200,23000,39000,66700,61500,100,789900,100
548,0,4056100,34100,32600,80900,74800,100,3899400,200
549,0,1125500,34100,24800,72800,63900,200,978000,100
550,0,1036600,32400,33500,67000,61800,100,865000,200
551,0,1241900,32500,25800,66300,60000,100,1104400,100
552,0,4900900,53000,30800,69600,63100,200,4732200,100
553,0,924400,27800,33500,64300,59300,100,777900,200
554,0,791700,35000,33600,64900,60000,100,643100,100
555,0,921900,30400,25900,63700,59000,200,791100,100
556,0,3936300,50500,31400,72400,63500,200,3769100,100
557,0,1133500,45100,39000,68200,60500,100,965400,100
558,0,998600,26700,26900,64200,59100,100,866300,200
559,0,1277200,33800,31900,67400,63000,100,1102600,100
560,0,4899700,50300,23200,80200,75200,100,4722400,100
561,0,912100,49400,39400,66300,62100,200,747600,100
562,0,819800,41800,35900,64900,60200,200,642100,100
563,0,941000,38100,40600,67600,62700,100,789300,100
564,0,3871900,29200,33900,64700,60000,200,3738500,100
565,0,1121200,46000,46600,65200,60000,100,957600,0
566,0,1008500,33900,29500,71400,66000,200,862900,100
567,0,1251000,26900,22700,66800,61900,100,1124600,200
568,0,4845400,35500,41400,80100,75500,100,4680100,100
569,0,1009400,35100,51900,68300,62900,100,840600,100
570,0,785400,22900,33000,69200,64200,200,643700,200
571,0,923000,26400,16900,63800,59000,100,796100,100
572,0,3897500,31400,33200,80000,74600,100,3739700,100
573,0,1116300,33300,38200,69700,64700,0,958400,0
574,0,1025400,25800,24600,69700,60400,300,863300,100
575,0,1239200,26100,29900,69300,63900,100,1101200,100
576,0,4935500,65300,30300,91400,80300,100,4728300,200
577,0,1009800,30400,34300,67700,62700,100,861100,200
578,0,772100,32600,17100,65800,60700,100,643500,100
579,0,959800,30900,31100,63700,58800,200,794800,100
580,0,3910500,34700,26200,79800,74700,100,3744900,100
581,0,1113700,40800,25700,71800,62900,200,962500,100
582,0,997200,19000,29400,64800,59900,0,871400,200
583,0,1252500,36400,35200,66000,61500,100,1102100,100
584,0,4853700,22700,36400,65700,60000,200,4717400,200
585,0,955500,40300,65200,65600,61000,100,773300,100
586,0,809100,39200,30700,67700,62700,200,641200,100
587,0,909100,22800,22300,69000,63900,100,789700,100
588,0,4009300,43000,25200,79800,74700,200,3855800,100
589,0,1115400,36600,29500,69200,63600,200,972400,100
590,0,1020500,24800,35900,64500,59500,100,879800,200
591,0,1246800,38200,30000,63400,58800,200,1102600,100
592,0,5351400,32600,41700,64200,59000,200,5193800,200
593,0,925400,28900,37800,68900,63100,100,763300,200
594,0,821400,42800,19400,69100,63900,200,667100,200
595,0,954900,45500,29000,69700,61900,100,791200,100
596,0,4148500,51500,32900,64800,59000,200,3988600,100
597,0,1125300,44700,36800,68800,60400,200,958500,100
598,0,1034900,41500,22900,65700,60800,100,863900,200
599,0,1258300,19000,16100,65100,60400,200,1122000,100
600,0,5192300,20000,19200,67500,60200,200,5057200,300
601,0,976100,33500,43100,71200,65400,100,815100,200
602,0,808400,40000,37100,63700,59000,100,660600,100
603,0,944000,36800,30600,73300,68000,200,797500,0
604,0,5127900,56700,39500,71600,65400,100,4945800,300
605,0,1326700,49500,43900,68900,60900,200,1146800,200
606,0,1001500,38300,19000,64500,59900,100,866300,200
607,0,1237500,30300,27700,64000,59000,100,1102300,100
608,0,5800200,59600,32000,80700,74700,200,5615800,100
609,0,885600,25500,38200,66100,61300,100,745100,0
610,0,800600,26100,25100,66400,61700,100,642700,100
611,0,949500,44100,37200,65100,60500,200,788900,0
612,0,4042900,66400,39200,72500,63800,200,3850000,100
613,0,1109100,32100,38500,64100,59400,100,958600,100
614,0,1007500,27300,35200,63900,59100,200,864900,100
615,0,1260100,49000,32600,63100,58800,100,1102200,0
616,0,4894600,20600,26700,71000,66000,0,4764600,100
617,0,889400,26200,30900,67500,62500,100,747500,100
618,0,793300,37900,35700,66400,61700,100,642300,100
619,0,966600,36100,33400,65100,60600,100,790200,100
620,0,3918600,41400,33900,78800,73400,100,3740300,100
621,0,1117400,46700,28600,74600,69900,200,958500,0
622,0,1051500,39200,45400,65000,59800,100,865700,200
623,0,1248000,37400,32900,67200,61200,100,1103200,100
624,0,4846700,59200,36500,65000,60000,100,4678800,100
625,0,894800,35600,42800,65400,60500,100,745200,100
626,0,791300,28500,44900,68300,63000,100,641600,100
627,0,935100,33700,36400,64400,58900,100,790800,200
628,0,3898400,45200,28600,79000,73500,0,3738600,100
629,0,1100300,40200,27700,63900,59400,200,958400,0
630,0,1009600,33200,34400,63900,59000,100,863400,200
631,0,1247700,33500,30500,64500,59900,200,1103000,0
632,0,4858600,48400,28300,80300,75300,200,4687800,100
633,0,940000,49700,37000,86500,79900,100,748500,100
634,0,865200,43400,56200,67100,61400,100,652900,200
635,0,947200,30900,29900,75000,68300,100,796800,200
636,0,3944300,27200,24600,70100,64500,100,3811100,100
637,0,1118700,28700,42900,63900,58700,100,968500,200
638,0,996600,21400,35300,67600,62500,200,863800,100
639,0,1275300,38100,28900,70000,61800,200,1102100,0
640,0,4984500,42200,38800,84500,77500,200,4789700,0
641,0,902300,35200,25600,84100,78900,100,746700,100
642,0,785200,34100,36200,65400,60600,100,641300,0
643,0,980400,73300,27500,65800,59900,100,803000,100
644,0,3966200,30300,25100,66800,61700,100,3837200,100
645,0,1119600,40400,32700,63600,58800,100,972700,100
646,0,1021100,33500,25100,65100,60100,200,863800,100
647,0,1264300,37900,47700,65100,59800,200,1104500,200
648,0,4998600,31100,32200,67100,61700,200,4863200,100
649,0,918900,50500,27300,80200,74700,100,755100,100
650,0,779300,16700,46700,63400,58900,200,642300,100
651,0,972700,53300,33700,76800,67000,0,789900,200
652,0,4084900,48100,43800,71100,64500,200,3898500,200
653,0,1144900,20200,32100,65200,60200,100,998900,200
654,0,1045100,46300,48500,66700,61500,100,864700,100
655,0,1279700,36400,50500,66900,62000,100,1102200,100
656,0,5198400,30000,33200,83400,77300,0,5037300,200
657,0,906900,28700,36800,67100,62100,100,754700,200
658,0,788000,15700,27300,65100,60100,0,642300,100
659,0,954100,37700,22700,69300,63800,100,788500,100
660,0,3982700,47700,40800,78500,73600,100,3791800,0
661,0,1125900,57800,37000,67700,61900,200,957800,100
662,0,972500,18100,15100,69400,64500,200,863900,100
663,0,1257500,39800,45100,65600,60700,100,1101300,100
664,0,4949800,41500,43100,80700,75000,100,4772800,200
665,0,992200,34200,23700,65300,60500,0,857000,100
666,0,769900,20600,30300,64400,59800,0,642700,200
667,0,904000,18800,18200,66800,61700,100,789400,0
668,0,3929600,59100,27700,79500,74900,200,3756900,0
669,0,1300400,28200,34500,64100,58900,100,1160300,200
670,0,1051400,44300,40600,66900,61900,200,864800,100
671,0,1260500,45700,37100,64300,59900,200,1101800,100
672,0,4830200,19600,21600,79700,74600,200,4693600,100
673,0,899600,34100,39300,63200,58800,100,749100,100
674,0,784400,40300,23900,64700,60000,100,643500,100
675,0,930500,34700,24900,69500,63800,0,788700,100
676,0,3952800,61800,38300,70800,64800,100,3763400,200
677,0,1312900,33200,45400,64900,59900,0,1146800,200
678,0,1012300,47400,26500,65100,60100,100,862800,100
679,0,1259400,30300,21100,63300,58700,200,1103500,100
680,0,4903400,53400,34400,81700,74900,200,4710200,100
681,0,921600,40400,57700,63700,58900,100,750100,100
682,0,801700,16900,47500,64400,59800,200,641600,100
683,0,933900,42200,31500,63900,59000,100,790700,0
684,0,3865600,48000,16200,66700,61800,100,3728900,100
685,0,1101300,32600,36000,63600,58700,200,962500,100
686,0,1014400,35600,36900,71200,65900,100,862100,100
687,0,1238500,31900,16600,64200,59300,100,1115600,100
688,0,5011200,59100,36300,82000,76500,100,4826100,100
689,0,886900,28900,35000,63200,58800,100,749200,100
690,0,770500,27000,23900,67000,62500,200,641100,100
691,0,938200,29600,37700,63900,59400,100,789800,100
692,0,3890500,33600,19800,79400,74600,200,3744600,100
693,0,1126300,33800,34700,78500,73700,200,962800,100
694,0,1015500,23600,28400,63300,59000,0,865300,100
695,0,1239900,26200,37100,63600,59000,200,1102700,100
696,0,6365500,41900,24100,79500,74800,200,6211300,100
697,0,902600,28700,40800,69100,64000,100,752000,100
698,0,775000,22400,31900,65400,59900,100,642600,100
699,0,951300,23700,34000,63600,58800,100,794900,100
700,0,4894300,42900,40300,66600,61600,100,4715400,200
701,0,1162800,50300,45600,67400,62000,100,986700,100
702,0,1007400,39900,26800,65500,60700,100,866200,100
703,0,1255900,43300,28400,64200,60000,100,1107900,100
704,0,5024100,58100,32500,65700,60100,100,4857000,100
705,0,914800,33200,36200,69800,61700,200,765600,0
706,0,811000,34100,33200,66700,62000,100,643200,100
707,0,925600,33500,28700,67600,63000,100,790400,0
708,0,4147600,33300,41100,67000,60300,100,3998900,100
709,0,1172100,28500,58800,69600,63700,0,1007000,100
710,0,1075200,39000,26400,68200,62600,100,927600,100
711,0,1238700,15500,32700,67900,62200,200,1103300,200
712,0,5492100,38800,28800,67300,62300,100,5340000,100
713,0,1016700,29400,45100,65700,61300,200,849100,100
714,0,799900,25200,40700,65000,60100,100,651400,0
715,0,940600,22500,36100,63500,58900,100,796300,200
716,0,4155100,28500,34900,64500,59900,100,4016800,100
717,0,1089100,18600,26200,64200,59100,200,965300,100
718,0,1047900,32700,31700,67300,61400,100,872500,100
719,0,1299000,40300,40000,65400,60000,100,1115100,100
720,0,5142100,34000,21700,78500,73400,200,4981500,100
721,0,1016800,38200,37900,184200,177800,100,748900,100
722,0,843100,58300,49300,71500,63000,100,652000,200
723,0,943600,25300,38100,69000,60500,100,799700,200
724,0,4270200,63900,36400,94000,82900,200,4063300,100
725,0,1147900,27900,31300,65600,59900,200,1004600,200
726,0,1095600,43600,31000,134200,59200,0,873500,100
727,0,1226200,18300,18500,68100,62600,100,1109400,100
728,0,5053600,29100,28000,81900,77000,200,4908300,100
729,0,882100,23400,35700,64800,60000,100,748400,100
730,0,809200,35400,25000,64800,59900,100,647900,100
731,0,962500,53600,33700,64900,60000,300,797900,100
732,0,4023100,40600,41400,80200,74700,200,3848500,100
733,0,1090700,18700,25000,63400,58900,300,970100,100
734,0,1010400,31100,28300,63500,58900,100,874600,100
735,0,1239800,20900,32400,64800,60000,200,1110200,100
736,0,5007200,47700,39500,85700,79500,100,4817200,100
737,0,885500,31600,21400,63300,58800,100,753400,100
738,0,785400,20800,37400,67200,62300,100,649600,0
739,0,955100,17200,35300,67500,62500,100,795200,100
740,0,3958600,45800,28800,79400,74600,200,3780200,100
741,0,1132600,59500,21100,69200,63700,100,973600,100
742,0,1046400,42100,27500,66500,61400,100,876300,100
743,0,1233800,27300,26300,64600,60200,100,1110400,100
744,0,4909800,32500,32500,84400,78700,200,4754900,100
745,0,877000,17600,34400,63600,59000,100,756000,100
746,0,784900,31700,30900,67000,62400,0,649200,100
747,0,900000,16800,17800,62800,58700,100,796900,0
748,0,3921200,51900,35800,81500,76500,300,3744600,100
749,0,1121300,19500,50700,68900,64000,100,968300,200
750,0,1019500,45700,19500,66200,60000,100,876500,100
751,0,1249100,25200,32300,67500,62700,200,1108600,100
752,0,4894100,56800,41200,66400,61500,100,4716700,100
753,0,913100,37700,40100,64000,59000,0,750800,200
754,0,786800,14400,27300,64900,59900,200,647800,100
755,0,925600,36000,16600,67400,62300,100,795300,100
756,0,3950300,42700,38400,83900,78000,200,3772300,200
757,0,1149200,23700,42200,64000,59000,100,1008800,100
758,0,987300,21400,14100,63500,58900,100,880700,100
759,0,1320200,56900,32000,67400,58800,100,1124700,200
760,0,4988800,42200,22100,80800,75000,100,4813300,200
761,0,913600,35700,35400,71100,64800,100,758100,100
762,0,864600,54900,30600,66800,61700,200,698300,200
763,0,935200,30000,29100,66800,61700,200,793500,200
764,0,4064600,60200,16500,87200,77900,100,3890500,200
765,0,1103500,21500,36600,63400,58700,100,971600,100
766,0,1026200,14900,39500,66900,62100,100,871200,0
767,0,1307000,68200,36200,72600,62800,100,1114700,200
768,0,5082000,45400,19800,82200,74700,100,4919000,200
769,0,915400,34600,46900,70200,62200,100,756900,100
770,0,790900,27000,27900,70000,65400,100,650400,100
771,0,943500,28500,30200,69800,64300,200,800400,100
772,0,4035600,40000,21800,83300,77900,100,3873600,0
773,0,1105200,25900,22400,68300,60300,100,969900,100
774,0,993600,14900,23100,64700,59900,0,874600,0
775,0,1268500,38900,36700,63600,58900,100,1112400,100
776,0,5007700,77500,26600,79800,74700,200,4813000,100
777,0,916300,43200,37000,67600,62300,100,753900,100
778,0,833100,39400,37900,68800,63300,100,651300,100
779,0,1004100,46000,54100,69600,61600,100,797500,100
780,0,4220100,49600,33300,67700,61900,200,4041900,200
781,0,1131600,45700,32500,70100,61300,100,975500,100
782,0,1013300,37800,27800,64800,60000,100,872600,200
783,0,1258700,51400,27000,65300,60500,100,1109200,100
784,0,4972800,48500,34800,82300,74700,100,4794700,200
785,0,945900,40400,60200,83000,77700,100,749300,100
786,0,837000,49900,48100,71000,62500,100,653900,200
787,0,949900,31700,40900,64500,59000,200,800500,0
788,0,3901200,64100,33100,72300,63600,100,3724700,100
789,0,1212900,40300,48900,65200,60000,0,1048500,100
790,0,1034700,29700,32700,64700,60000,200,873800,100
791,0,1234100,16400,32100,63400,59000,100,1110300,100
792,0,5098200,42200,26000,78500,73200,200,4938300,100
793,0,915900,35300,46700,65200,60000,100,751600,200
794,0,801800,33800,38900,67800,62300,100,643100,100
795,0,933200,26600,35600,64700,59900,100,789900,200
796,0,4013000,20600,40100,81600,75400,100,3852200,100
797,0,1155900,35800,56700,70400,64200,100,968500,100
798,0,1012100,27000,36200,64100,59000,100,868000,200
799,0,1263000,17400,37700,63800,59000,100,1101500,100
800,0,5058800,79100,28700,79500,73600,100,4844700,100
801,0,910400,45800,24900,72200,64000,200,758200,100
802,0,814800,30900,35100,64900,60000,100,650800,100
803,0,930600,30200,31000,65100,60600,100,798800,100
804,0,3797100,34800,36100,70800,61300,100,3647000,0
805,0,1149700,38900,29600,63600,58800,100,1007000,200
806,0,990200,19200,27800,64400,60000,200,872100,100
807,0,1243700,46100,17900,64900,59900,100,1109300,100
808,0,4876100,43300,40100,68900,62900,200,4711800,200
809,0,889500,19100,35800,64000,59000,200,758500,100
810,0,813700,42000,37100,72100,63800,100,650600,100
811,0,941800,30500,28300,69000,62300,300,796600,100
812,0,3914700,38100,33300,81200,75800,100,3748400,100
813,0,1112000,24200,35900,63700,58900,200,971300,100
814,0,1037700,29600,28200,66500,61600,100,873900,100
815,0,1335200,16300,28700,169600,164900,200,1109900,100
816,0,4900100,49400,47700,67600,61800,200,4723700,100
817,0,953800,36400,29900,66300,59900,100,808100,100
818,0,799900,31000,33000,65000,59900,100,656700,200
819,0,976900,34600,40300,68200,62500,200,792500,200
820,0,4240000,52900,33400,65600,60200,100,4056700,300
821,0,1327500,37000,48100,63800,59000,100,1163100,200
822,0,1004300,18400,34100,64800,60000,100,875000,200
823,0,1264300,42000,33200,64100,58900,100,1110600,200
824,0,5054400,53100,22900,78700,73700,200,4891900,100
825,0,936800,48900,22300,64300,58900,100,790300,100
826,0,805500,17300,44000,63700,58800,100,648500,0
827,0,917500,17900,34300,64800,59900,100,795000,100
828,0,4001300,47900,26900,79900,74600,200,3841400,100
829,0,1113800,47600,26900,64100,59200,100,970100,100
830,0,995500,15800,30400,63300,59000,200,875800,100
831,0,1252500,33000,31800,63400,58900,100,1111000,0
832,0,5157400,49500,31500,91100,80100,200,4960700,300
833,0,1030400,28300,26000,64600,59000,0,886800,100
834,0,817600,39600,41000,67400,62100,200,648400,100
835,0,932700,27600,30500,63500,58800,100,794800,100
836,0,3951000,18800,38100,79700,74700,100,3803800,100
837,0,1105600,19800,43900,64500,59800,200,963400,100
838,0,1017200,26900,24000,63800,59100,100,866100,100
839,0,1285200,43300,28900,71100,63400,100,1107700,100
840,0,5087600,48600,49400,80800,75100,100,4885600,0
841,0,915100,48500,42500,64900,59900,100,753800,100
842,0,803700,45200,34400,66500,60000,200,651700,100
843,0,935000,35100,34200,64000,59400,100,796000,100
844,0,3878600,20400,26000,79600,74600,100,3744800,100
845,0,1105100,37200,25900,63800,59200,100,966900,100
846,0,1006000,16400,38000,68900,63500,100,874500,0
847,0,1259100,29600,37200,68400,62700,100,1111100,100
848,0,4877100,31700,34800,81000,75100,100,4717400,200
849,0,1000000,28200,34400,132000,126600,200,792400,0
850,0,829700,34000,30500,67700,61800,200,658300,200
851,0,968000,43300,35800,70200,63900,200,806300,100
852,0,3909600,20800,27700,69700,64200,100,3776800,0
853,0,1111000,31000,38900,63900,58900,100,962500,100
854,0,1021000,30900,41600,65700,60800,0,865200,200
855,0,1370900,21000,40900,66200,60100,100,1225400,300
856,0,4894100,44200,46900,80400,74700,100,4705600,100
857,0,1103900,38000,41700,66200,61200,100,936400,200
858,0,795700,33500,27800,64200,59000,200,659200,100
859,0,959400,28900,15100,70600,65500,100,803500,0
860,0,3967700,68300,29400,81900,76800,200,3763500,100
861,0,1113800,35200,32800,64300,59900,100,971700,100
862,0,1047500,43200,20600,68500,63100,100,880100,100
863,0,1262300,31700,34100,64400,59900,100,1122100,100
864,0,4824800,37100,16100,70900,60800,200,4689000,100
865,0,899900,40700,30800,66900,61400,100,751200,200
866,0,793400,36000,40500,65300,60000,100,645700,100
867,0,951900,39200,44400,64000,59100,100,798800,100
868,0,3883300,39400,24200,68300,62100,100,3741600,100
869,0,1221800,45200,19800,70700,62100,100,1068600,200
870,0,1022900,36400,35100,67400,62300,100,871800,0
871,0,1252300,31500,31300,63500,58900,200,1108600,100
872,0,4822800,31600,26700,79700,74700,200,4670800,100
873,0,909900,40900,17600,82400,76900,300,751800,100
874,0,797800,16700,28600,66800,62300,0,650300,0
875,0,925600,34100,19900,64700,60200,200,796200,100
876,0,4007300,45400,34700,65400,59900,100,3842900,200
877,0,1167500,36100,26800,65700,60000,300,1027500,100
878,0,1036300,31200,23800,65000,60100,200,908000,0
879,0,1284500,21900,25500,70400,65000,100,1131700,100
880,0,5024000,28800,16800,83500,77300,100,4869600,100
881,0,930200,36100,36400,79700,74300,200,766600,100
882,0,807400,30000,36500,70200,64900,100,660000,100
883,0,945200,26600,34200,64200,58900,100,804200,100
884,0,4017900,41400,33600,71000,63100,200,3864300,100
885,0,1131900,46800,46100,63600,58800,200,961500,200
886,0,1021100,31300,24400,63900,58900,100,871300,100
887,0,1233400,19700,33300,66500,62000,200,1108800,100
888,0,4973900,39100,40700,78100,73500,100,4810900,100
889,0,923200,68100,25200,70100,61500,100,752300,100
890,0,795400,33100,29900,71300,63000,300,645900,200
891,0,945000,55300,16100,64000,59400,100,796800,100
892,0,4014800,34300,40500,83200,76800,0,3839400,100
893,0,1188400,48000,37800,63800,58800,100,1012500,100
894,0,1020400,27100,30300,65100,60000,0,881300,0
895,0,1279300,41700,36700,68500,59800,300,1114100,100
896,0,6465500,29400,48200,80100,74900,200,6292800,100
897,0,925300,44300,45600,67300,62400,100,752600,0
898,0,864100,51200,37100,68400,60500,0,665800,200
899,0,958500,28900,36700,66500,61700,100,789700,100
900,0,4872600,49700,28400,68600,63100,200,4700700,100
901,0,1248600,32700,51400,64700,59900,100,1089600,100
902,0,1041900,42500,37200,73300,64500,100,877100,200
903,0,1242300,21900,33100,65300,60000,100,1110800,200
904,0,5046700,29100,38600,80400,75500,200,4889600,100
905,0,902700,35200,35100,70700,65400,200,750200,100
906,0,936800,37600,38900,65500,60000,200,779800,200
907,0,952000,35300,38500,66700,61300,200,795700,200
908,0,3902400,18900,35500,69700,64500,100,3771500,100
909,0,1122900,46600,28500,65800,59900,100,970700,100
910,0,1035600,37600,18300,65100,59900,100,872600,200
911,0,1260800,32500,32500,64300,59000,200,1113300,100
912,0,4951600,29000,27900,80700,75500,200,4797000,200
913,0,916800,29800,43800,79700,74600,100,750300,100
914,0,792300,23600,43400,64000,59300,100,648000,100
915,0,908900,25400,13700,63500,59100,200,795100,100
916,0,3877300,39400,27500,64100,58800,100,3734900,100
917,0,1115900,44400,23100,63800,58900,200,968400,100
918,0,1017100,39700,28600,64700,59900,100,873800,0
919,0,1293100,39900,35000,67200,62200,100,1109800,100
920,0,4915300,33100,33000,88900,77300,100,4736800,100
921,0,1077600,32400,45100,65300,60100,100,919800,300
922,0,822000,35400,44100,63500,58800,200,644300,200
923,0,941100,32700,40600,66500,61800,100,795600,100
924,0,3875200,31200,32700,71000,65200,100,3732800,100
925,0,1142800,50500,31000,64400,59000,200,984900,200
926,0,1002200,26200,33100,65200,60200,100,865000,200
927,0,1248800,37200,28400,63700,59200,100,1110800,200
928,0,4879600,38400,37400,69600,64300,100,4723000,100
929,0,924400,39800,38200,78500,73600,200,754400,100
930,0,775500,22500,25500,64900,60100,200,650600,100
931,0,948600,27700,36200,68600,63000,200,793300,200
932,0,4055600,50400,32400,91500,84000,100,3860700,200
933,0,1247400,31400,65800,65600,60400,100,1060300,200
934,0,1084500,42900,38500,70900,64900,100,889000,100
935,0,1253500,27700,29400,64900,59800,100,1111700,200
936,0,4954900,41000,29900,67500,62000,100,4807500,100
937,0,934000,55300,29100,69800,61000,200,767400,0
938,0,842700,36900,39400,65500,59900,100,689800,100
939,0,973600,35400,32100,71100,62900,100,794200,100
940,0,4041900,29100,26500,82300,76800,100,3878200,100
941,0,1169700,40200,19200,130700,75100,100,966700,100
942,0,1084000,32600,36900,68900,63100,200,930500,300
943,0,1305100,56000,23300,64500,59400,100,1146300,200
944,0,6410100,36900,45000,84100,75500,100,6224800,200
945,0,1158400,22800,44700,79600,74200,0,993900,200
946,0,826900,39600,22900,70000,61900,100,650500,200
947,0,1052900,25300,42100,64200,59000,100,913300,200
948,0,4853000,43800,34400,131900,77100,300,4636900,100
949,0,1112700,35000,38400,65300,59800,100,968300,100
950,0,1032700,32200,52400,64500,60000,200,872500,100
951,0,1265300,45100,31700,63600,58900,100,1110000,0
952,0,5453400,51300,37200,78500,73300,300,5266800,100
953,0,878500,19100,21600,67800,62900,100,747000,0
954,0,808500,33600,39300,68200,63400,100,648300,100
955,0,948500,30800,34500,63700,58900,100,799800,100
956,0,4211500,39900,27800,78900,73300,200,4053900,100
957,0,1135000,50600,28400,74700,69000,100,965500,100
958,0,1054700,33000,46400,65000,59900,100,867200,300
959,0,1273300,43900,17400,64800,59900,200,1109000,100
960,0,5185300,40300,26200,82900,77400,100,5006500,100
961,0,907600,34000,37600,81100,76000,300,749600,100
962,0,780600,17100,44000,64700,60100,100,648800,100
963,0,925400,22800,30800,63700,58900,100,802500,100
964,0,4043300,34900,42000,82600,77400,100,3875400,100
965,0,1163600,39200,43400,67400,59900,200,997200,200
966,0,1032400,42500,35300,66800,62000,200,874500,200
967,0,1257100,30600,30300,69800,64000,100,1109300,100
968,0,5064700,43700,22100,80700,75000,200,4901900,200
969,0,1053300,42800,48400,68300,63400,100,882800,100
970,0,832300,42600,27000,65300,60600,100,658700,100
971,0,951600,27000,41600,69400,63400,200,798600,100
972,0,4027900,36400,56200,81600,76500,100,3836500,200
973,0,1145600,59000,36500,67000,62000,200,969200,100
974,0,1023100,40100,30700,65000,60000,0,874400,100
975,0,1241800,27500,27900,65200,60500,100,1109800,100
976,0,4900600,67900,28000,84500,74900,100,4708500,0
977,0,928700,37400,61700,63700,59000,0,750400,100
978,0,786700,38000,16300,71900,63800,300,647900,100
979,0,968700,23900,32200,65100,60100,100,801700,200
980,0,3978800,21000,44700,80100,74600,100,3804000,200
981,0,1121400,36300,33100,65100,59900,200,973600,100
982,0,1053200,40700,37200,66400,59900,100,873400,200
983,0,1243900,34300,20100,69000,63300,100,1109100,100
984,0,4986400,56800,26100,78300,73700,300,4817900,100
985,0,872200,23600,25600,63700,58900,100,753700,0
986,0,786200,25100,40700,65400,60600,100,648900,100
987,0,918700,18300,28700,68300,62600,100,791900,200
988,0,4010100,36600,37100,68600,61800,200,3854500,100
989,0,1144400,34700,53900,65200,60100,100,973900,200
990,0,1010600,36700,14900,63400,58700,100,882300,100
991,0,1305200,58200,33300,67600,62100,200,1127200,100
992,0,5160700,39000,45100,67600,60400,200,4990700,100
993,0,973300,23300,47300,66800,61800,100,817600,100
994,0,842100,29700,49000,64600,59200,300,656600,200
995,0,928800,35000,19900,64100,59200,100,797300,100
996,0,4177700,32500,53500,68500,62300,100,4011400,100
997,0,1166300,32000,35200,69200,62800,100,1015900,100
998,0,1015600,32200,31300,66500,61700,100,873600,200
999,0,1312600,51500,48900,63500,58700,200,1111900,100
1000,0,5195400,38100,25200,83300,78200,200,5022000,100
1001,0,894900,22000,40800,66000,61200,100,755100,100
1002,0,799100,27900,40200,67100,61300,100,649600,200
1003,0,936500,22900,42300,65100,60000,100,790200,200
1004,0,3889100,36200,43600,83900,75200,200,3718100,100
1005,0,1125700,38500,27900,76600,72000,0,973200,100
1006,0,1059200,60900,24700,68200,62500,200,872700,100
1007,0,1242300,29700,34600,63200,58700,100,1109400,100
1008,0,4970000,40500,43100,82400,74700,200,4798300,100
1009,0,884900,35500,19900,67700,61800,100,754200,100
1010,0,856500,47400,18500,63800,59100,200,716000,100
1011,0,948100,40000,33700,64200,58800,200,795500,100
1012,0,3969000,32400,27800,83900,78200,100,3804600,200
1013,0,1322100,28400,40800,67900,63000,100,1165600,100
1014,0,1021700,18500,33300,63600,59100,100,890000,100
1015,0,1270600,43700,32700,67500,62300,200,1110000,100
1016,0,4943400,36700,43700,79800,74900,200,4773200,100
1017,0,913500,37200,41100,70800,64700,100,747500,100
1018,0,810400,34700,30800,64700,60000,100,646800,100
1019,0,1081100,147600,25300,72500,62700,0,799200,100
1020,0,3931300,39400,35900,75100,65400,200,3748500,200
1021,0,1103000,22500,36100,64000,58900,200,969300,200
1022,0,1000200,28200,25900,67300,62100,100,871800,100
1023,0,1253600,30900,41500,67000,61800,100,1108500,100
1024,0,4880000,37700,34700,79700,74600,100,4716500,100
1025,0,880900,17500,34000,64700,60000,200,753200,100
1026,0,789000,42500,17500,68200,63000,100,650500,100
1027,0,950100,36200,39100,66600,61600,100,796100,100
1028,0,3906500,59200,38700,79500,74700,200,3722600,100
1029,0,1093400,17200,32100,66200,61800,0,968000,100
1030,0,1034200,28000,29400,63700,58800,100,876300,100
1031,0,1274900,43100,38500,69900,62000,100,1111100,100
1032,0,4918700,72700,33700,80600,74900,200,4718200,100
1033,0,916700,34500,35400,64900,60000,100,766500,100
1034,0,800200,31700,34700,64400,59000,100,656400,100
1035,0,935600,25600,35000,64800,59900,100,798700,100
1036,0,3898100,35600,26500,81500,76600,200,3743000,100
1037,0,1116000,29500,20700,79600,74800,200,970700,100
1038,0,1031300,43700,27900,67600,62400,100,881300,100
1039,0,1267200,37000,16300,63600,58900,200,1109400,100
1040,0,4842700,28100,19900,69200,63900,300,4699400,100
1041,0,963300,44800,47200,65800,59900,100,794600,100
1042,0,818500,27500,29500,69700,64600,200,656500,100
1043,0,935200,29500,32100,64600,59600,100,799300,200
1044,0,4018500,50900,39600,64200,59000,100,3858100,0
1045,0,1199900,20800,36800,63900,58900,0,1072400,100
1046,0,1018900,39600,30100,66800,61500,100,874400,0
1047,0,1283400,38400,59600,67800,62100,100,1111700,0
1048,0,5058100,31900,36400,91000,84700,100,4884000,100
1049,0,1059800,51800,35800,103200,97300,200,848800,200
1050,0,884600,38400,118600,65600,59800,200,646300,100
1051,0,992600,38100,45900,64900,60000,200,819600,300
1052,0,4053500,25400,36500,83300,77300,100,3891000,200
1053,0,1129800,41100,39800,67300,62200,100,962400,100
1054,0,1038700,35600,34300,64900,60000,100,863600,100
1055,0,1247200,46800,17000,64000,59000,100,1104500,100
1056,0,5007700,28600,35300,79800,74900,100,4851700,100
1057,0,1095800,29700,35800,82600,77100,100,930700,300
1058,0,805800,31800,53400,63800,58900,100,644200,100
1059,0,956700,21800,31500,74600,68800,100,789100,100
1060,0,3992100,42200,23100,70700,62600,300,3830000,100
1061,0,1107000,37800,24200,68500,62800,100,963200,0
1062,0,1005200,23200,33900,67300,61900,100,867500,200
1063,0,1253800,34300,33600,66500,59000,100,1103600,200
1064,0,4940000,17900,46700,72900,67900,100,4795000,100
1065,0,1071300,38300,40000,65300,60200,100,914900,200
1066,0,827800,56500,31500,63600,58800,200,644600,100
1067,0,938400,41500,31400,69900,64500,100,788200,100
1068,0,4071400,38900,41800,80600,74500,100,3897600,200
1069,0,1322400,17800,43200,68700,63700,200,1182100,200
1070,0,1010600,21800,44300,65100,60400,100,865400,100
1071,0,1223800,28900,14300,64400,59900,100,1102600,100
1072,0,4946900,32500,34800,78300,73600,200,4786300,100
1073,0,888800,28900,23800,69200,63700,100,746400,100
1074,0,812900,44700,31600,69600,64100,100,646100,200
1075,0,935000,34300,26000,66600,61300,200,791600,100
1076,0,3883900,35800,35500,70500,64900,200,3731700,100
1077,0,1123300,38700,39700,66100,60900,100,964700,0
1078,0,1006300,17900,23500,64600,59900,0,864800,100
1079,0,1287000,42600,38000,66200,60500,100,1102700,100
1080,0,5083400,47900,25800,68300,62900,200,4912000,200
1081,0,909200,36300,29800,65700,60400,100,767100,100
1082,0,803200,37000,36000,67200,62600,100,657000,100
1083,0,938200,41000,22600,67100,62400,0,801900,100
1084,0,3914000,42500,41800,79500,71600,100,3742100,0
1085,0,1107300,50900,17000,64700,59900,100,964200,100
1086,0,1053200,43000,34800,71200,62900,100,890200,200
1087,0,1245900,35600,29800,64700,59900,100,1103500,100
1088,0,4986300,40700,35400,77800,73500,100,4821700,0
1089,0,1015800,49500,40800,67300,61700,100,842500,200
1090,0,806200,23500,36400,63700,59000,100,644600,200
1091,0,955200,38400,42400,67200,61600,100,789600,200
1092,0,3950000,54700,24400,67000,61500,100,3783700,100
1093,0,1110500,25300,37600,66500,61500,200,967100,100
1094,0,1026400,41900,34700,68500,62500,200,866000,200
1095,0,1246900,36800,31800,65000,59900,100,1102400,100
1096,0,6379100,42700,42700,68700,62700,100,6211500,100
1097,0,1209300,42300,36600,65400,60000,100,1041800,200
1098,0,779300,38300,16200,70200,61300,100,641000,100
1099,0,955700,33600,20600,63800,59200,0,792200,200
1100,0,4947800,61800,39700,86900,80800,100,4730300,200
1101,0,1121100,39900,21200,72300,64200,100,974600,100
1102,0,1059000,27800,45300,68600,62200,100,875600,200
1103,0,1251400,22600,48000,64400,59100,100,1103000,100
1104,0,5181300,48300,28900,80700,75600,100,5017200,100
1105,0,905500,35300,47400,70900,64800,300,746500,0
1106,0,774200,20500,33500,64900,60000,100,645800,100
1107,0,925300,22200,32400,73100,65900,100,790100,100
1108,0,4094300,50800,47200,83400,77000,200,3899000,300
1109,0,1281300,41700,32700,64200,59400,100,1126500,100
1110,0,1025800,48600,32900,68700,60300,100,863300,100
1111,0,1272800,52600,26900,67400,62400,200,1107300,0
1112,0,5099900,34000,24300,78400,73800,100,4949000,100
1113,0,894700,14700,34400,78000,73300,300,749900,100
1114,0,804000,23100,29600,65100,60000,100,645000,100
1115,0,972000,54700,36900,69100,60100,100,794100,200
1116,0,4059400,58400,29100,80000,74900,200,3878400,200
1117,0,1108000,42600,27100,64300,59500,200,963600,100
1118,0,1008100,27400,36000,67700,62700,100,868100,100
1119,0,1293100,47700,33300,69900,62100,200,1104200,100
1120,0,5352300,74800,42700,69600,59500,200,5127800,300
1121,0,1008000,18100,35900,63700,58800,100,876600,200
1122,0,800400,38500,40200,64900,59900,100,644800,200
1123,0,919000,33100,19000,63700,59000,100,791800,100
1124,0,4136700,47500,18100,78100,71400,100,3985600,100
1125,0,1321900,31300,22300,66600,61700,100,1190300,100
1126,0,1186300,29400,32000,70300,64800,100,1016900,100
1127,0,1343600,24400,38000,65500,60000,200,1205500,200
1128,0,5801900,27400,31100,80000,74600,200,5657700,100
1129,0,940300,57900,55100,79600,74600,200,742100,100
1130,0,831800,34800,44000,67400,62200,100,671200,200
1131,0,919800,33700,16800,64900,60000,100,790500,100
1132,0,4411300,43500,23700,81400,75000,200,4246500,100
1133,0,1106900,37700,23300,67400,62000,200,958400,100
1134,0,1020000,37500,34100,66400,61500,200,864100,100
1135,0,1250900,36000,30300,63900,59000,100,1102900,100
1136,0,5323500,34300,24700,66400,59900,300,5184800,100
1137,0,956200,24000,44100,68500,63200,200,797800,200
1138,0,830000,26800,34200,63700,58900,100,663200,100
1139,0,946200,18200,37000,63200,58800,200,789900,100
1140,0,4162700,59500,33600,80100,74700,200,3963400,100
1141,0,1082800,20400,28800,64000,59000,100,964200,100
1142,0,1000100,23800,31500,67100,61400,100,866500,200
1143,0,1277700,42600,36400,65000,59900,200,1123700,200
1144,0,5142400,54400,42400,78900,73700,100,4958600,100
1145,0,936100,59900,36300,78200,73300,200,751000,100
1146,0,803600,33100,43300,69400,64400,100,649200,100
1147,0,922900,28300,24300,63700,59000,100,796500,100
1148,0,4028400,42000,32700,71500,64000,200,3870200,200
1149,0,1137400,50900,37300,63700,59000,100,972100,200
1150,0,1015900,16300,26100,63300,59000,100,874400,100
1151,0,1254900,30700,37100,63500,58800,200,1110700,100
1152,0,5023300,53600,37900,80200,74700,100,4834700,100
1153,0,921500,35500,42100,73100,65400,200,757500,100
1154,0,793700,25700,38900,65000,60000,100,650500,100
1155,0,922300,22000,28800,63300,58900,100,796200,100
1156,0,3916000,34700,20000,80600,75300,100,3768800,100
1157,0,1137600,35100,33400,64800,59900,200,988200,0
1158,0,1016600,36800,17100,64900,59800,100,886900,100
1159,0,1301600,37000,41100,68500,63700,100,1110300,200
1160,0,5098700,32600,31200,78900,73700,200,4931500,100
1161,0,901600,50200,27600,63200,58700,200,750600,100
1162,0,831300,44100,36600,70300,62300,200,647700,100
1163,0,920900,38100,17800,64800,59900,100,794800,100
1164,0,3947000,32300,14300,65500,60000,200,3829100,100
1165,0,1098500,34300,13900,66900,62000,200,978100,100
1166,0,1021300,37800,34400,66600,61700,200,876100,100
1167,0,1270000,46500,37900,64600,59800,200,1115000,0
1168,0,5109300,52600,41800,79700,74700,100,4927300,100
1169,0,907500,39100,38200,63800,59000,100,755100,100
1170,0,810100,40800,33300,69800,64600,100,649800,200
1171,0,932700,32000,16600,69600,64000,200,795400,0
1172,0,4311500,58900,36800,68000,61900,200,4128400,0
1173,0,1127800,34500,34800,64300,59100,100,970200,200
1174,0,1059900,46600,27200,67800,62900,100,873900,100
1175,0,1273700,58400,28000,66100,61200,100,1109400,100
1176,0,5071000,51900,42700,82200,73600,200,4885000,100
1177,0,920400,36000,28300,95600,90700,100,750100,0
1178,0,813900,43400,47000,66000,61100,100,649500,100
1179,0,939300,16500,26900,64700,60100,100,796100,100
1180,0,3987500,53600,28300,78500,73600,200,3801100,100
1181,0,1154800,85100,23900,64800,60000,0,970000,100
1182,0,1000400,37200,16400,64200,58800,0,874300,100
1183,0,1253800,28400,39600,66400,61600,100,1109000,100
1184,0,4989600,60900,45500,81700,76500,100,4786200,100
1185,0,919900,30400,41500,79500,74900,300,755300,100
1186,0,816400,41200,22900,68500,64000,100,651100,100
1187,0,925700,15400,41400,65800,61000,100,797600,100
1188,0,4008600,20800,36400,67100,59900,200,3872700,200
1189,0,1120600,39500,20900,64700,59300,200,985500,200
1190,0,1011800,18900,35100,65800,59900,100,882000,100
1191,0,1272400,26800,44000,65700,60000,200,1120800,100
1192,0,5239300,41400,25400,73600,63300,100,5078500,100
1193,0,929700,39700,37400,65100,59900,100,763600,100
1194,0,800100,22100,37300,65600,60800,200,659100,100
1195,0,934200,33700,16400,65200,59900,200,802800,100
1196,0,4066900,20000,61500,79000,73400,300,3895500,100
1197,0,1125800,32700,38700,68700,63700,100,972000,100
1198,0,1018100,24900,20900,64400,60100,200,875000,100
1199,0,1272900,31300,25400,68100,63400,200,1113400,100
1200,0,4971800,21900,37000,79700,74600,100,4809800,100
1201,0,901000,32800,42300,69200,62400,100,751100,0
1202,0,784600,39900,17400,70400,61300,100,649200,100
1203,0,936000,37700,28000,63900,58800,100,796000,200
1204,0,3804800,32300,31200,78400,73600,200,3655000,0
1205,0,1146500,36100,38700,94400,88800,100,965800,100
1206,0,1031900,54500,30300,65400,60200,100,867200,200
1207,0,1263700,27000,45500,65300,59900,200,1111100,100
1208,0,4846000,41600,29000,83500,77900,0,4685500,0
1209,0,914800,49300,26100,77900,69600,100,751900,100
1210,0,825100,38900,37700,65200,60000,200,650300,100
1211,0,937900,44100,12600,67700,62100,100,799200,100
1212,0,3935100,40100,16000,79200,74100,0,3782700,200
1213,0,1121300,26500,40500,63400,58800,300,977400,0
1214,0,1015500,28200,28600,66900,62100,0,879300,100
1215,0,1261400,40100,28200,66600,59900,0,1115600,100
1216,0,4855000,41600,33600,83700,78200,100,4681400,100
1217,0,918500,38600,32700,78600,73400,100,752900,100
1218,0,790900,34900,31700,63600,59000,200,650800,100
1219,0,947300,18800,23200,64500,60000,100,801300,100
1220,0,3940800,35300,45100,85100,77500,300,3746500,100
1221,0,1176700,26400,36000,67300,62100,100,1032700,200
1222,0,1015600,16800,29500,65400,60800,200,872500,100
1223,0,1232200,29300,17800,69700,64200,100,1108200,100
1224,0,5084300,69800,17700,72700,63500,300,4912000,200
1225,0,931100,39800,42900,68000,61700,200,769200,200
1226,0,765600,18300,17000,66600,61400,100,657000,100
1227,0,953000,41700,35500,67900,62500,100,802200,100
1228,0,3950200,30200,32900,80400,75100,100,3798600,100
1229,0,1150000,35800,43800,68900,63400,200,987900,0
1230,0,1022100,24500,34600,63900,59100,100,880900,200
1231,0,1259700,29800,36600,66700,62000,100,1108200,100
1232,0,5330900,82600,33000,67600,61000,200,5126400,200
1233,0,1017300,39400,28900,72200,66300,100,849700,200
1234,0,875300,27200,38100,65600,60000,100,693200,200
1235,0,952300,42500,29700,71800,63700,100,796200,100
1236,0,4284200,40400,33800,78400,73500,200,4117400,100
1237,0,1107100,24400,42800,66800,62000,100,962800,100
1238,0,1013700,25900,40300,64900,60100,200,873700,100
1239,0,1279500,32200,30000,68400,63700,100,1110600,100
1240,0,5111000,49700,36100,68400,60000,200,4930100,100
1241,0,899800,49100,26800,64200,59100,200,748900,100
1242,0,784900,26200,36800,66000,61300,200,647600,100
1243,0,959300,44800,38200,66400,60600,100,792200,200
1244,0,4065700,28300,31200,80100,74600,100,3913400,200
1245,0,1343700,41700,27000,68900,60100,100,1192600,100
1246,0,1044200,34800,28800,63700,59000,100,882600,200
1247,0,1236100,40000,20600,68800,64100,100,1101500,200
1248,0,5074400,37200,23500,202600,191500,100,4796000,100
1249,0,991800,35400,47100,66400,60000,100,829900,200
1250,0,799900,31900,38200,66600,61600,200,648800,200
1251,0,941200,31000,36100,64100,59500,100,797000,100
1252,0,3949100,54400,47100,71200,61600,200,3758200,100
1253,0,1146500,41600,49000,66700,62300,100,965100,100
1254,0,1010700,35700,20100,64600,60000,100,873800,100
1255,0,1248800,31200,24300,65100,60000,100,1111100,100
1256,0,4920600,36500,47700,68900,63100,100,4754500,0
1257,0,903200,36900,18000,69200,63700,200,760100,100
1258,0,811300,41500,22600,65300,60400,100,646200,0
1259,0,969000,39900,35300,64800,59900,200,793600,100
1260,0,3950600,45600,15500,77600,73400,100,3789700,100
1261,0,1102100,16900,48700,64000,59000,200,967100,100
1262,0,1001100,27700,31200,63700,59200,100,872700,100
1263,0,1253400,37300,37800,63800,58800,100,1108900,100
1264,0,4878100,49200,34800,63900,58900,100,4722300,100
1265,0,872800,22500,21900,66800,62100,100,750600,100
1266,0,772500,20200,23200,70500,65900,100,650000,0
1267,0,940200,28300,39000,66500,61600,100,795000,100
1268,0,4022500,27400,43000,75000,63700,200,3863900,200
1269,0,1302000,37500,29400,63900,58800,0,1156300,200
1270,0,1025500,19400,25700,66300,61400,200,880100,100
1271,0,1260000,31200,34900,65500,60000,100,1116400,100
1272,0,4875600,49700,34500,80600,74700,100,4698400,100
1273,0,998900,31900,48700,68000,62800,100,833000,200
1274,0,785800,35400,24800,64000,58900,100,649000,0
1275,0,932900,32600,28600,64600,59900,200,795500,100
1276,0,3892600,30000,29600,80200,75200,200,3741500,100
1277,0,1311500,48300,43800,63600,58900,200,1136100,200
1278,0,1000100,24300,31100,63100,58800,100,871300,100
1279,0,1273800,23800,37300,66100,61400,100,1103200,200
1280,0,4886400,71000,23100,69500,62100,100,4697200,100
1281,0,941700,44300,46800,65500,59700,200,769900,200
1282,0,804300,34200,16500,65100,59900,200,653000,200
1283,0,950100,28000,57700,64700,60400,100,794200,100
1284,0,4050600,130200,29200,92400,81400,100,3790700,100
1285,0,1234200,39200,23600,68500,62900,100,1092600,200
1286,0,998800,20000,29900,65400,60300,200,872300,200
1287,0,1238400,30800,27400,66800,61600,200,1107800,100
1288,0,4964200,43900,25400,78500,73500,100,4808900,0
1289,0,948200,48700,37800,90300,84600,200,758200,100
1290,0,806000,22500,47000,64100,59000,200,654300,200
1291,0,941800,31100,31000,63800,58800,100,796500,100
1292,0,3968600,33100,17800,68700,63900,100,3834200,100
1293,0,1213800,19800,42800,65100,60200,100,1061200,200
1294,0,1026800,33900,16600,69900,60000,100,864200,100
1295,0,1241300,20000,15600,64800,59900,100,1125000,200
1296,0,6265400,31700,17800,71000,63100,100,6134900,0
1297,0,884500,19700,36200,66500,60000,100,752300,100
1298,0,822100,43400,55200,70600,62600,200,644900,100
1299,0,953800,24300,35500,66900,61800,200,791000,100
1300,0,4709800,41900,17600,82100,76900,200,4541900,100
1301,0,1093000,39900,13700,67700,61700,200,959100,100
1302,0,1022000,29500,24000,69900,64200,0,885200,200
1303,0,1270500,35700,50700,65500,59900,100,1102000,100
1304,0,4996200,40500,37100,85400,80000,100,4825000,100
1305,0,1261600,88300,51200,67900,61500,100,1040600,100
1306,0,787300,26400,18500,64100,59000,100,643900,100
1307,0,912800,30300,21700,66800,62100,100,788500,100
1308,0,3899500,46300,39500,67400,62600,100,3741200,100
1309,0,1119700,19900,45100,63800,58800,100,982200,200
1310,0,1024000,25000,52300,65500,60800,200,871400,200
1311,0,1241500,20400,42700,64700,60000,100,1101600,100
1312,0,4895800,33500,46800,80100,75200,100,4717200,100
1313,0,1065000,24900,42900,68300,63500,100,905700,200
1314,0,837000,74800,30400,72800,64300,200,644800,100
1315,0,932100,26200,35400,64600,59800,100,790500,100
1316,0,3875600,32100,29500,80300,74600,100,3723600,0
1317,0,1126400,22300,24000,66900,61900,100,995700,100
1318,0,1029000,33400,26900,70800,62800,100,864500,0
1319,0,1278600,38800,38900,64700,59900,100,1101900,100
1320,0,4902000,46000,36200,73800,62000,100,4718500,200
1321,0,982800,23300,36700,63900,59000,100,849200,200
1322,0,803800,46000,41300,66000,61000,200,644500,100
1323,0,961700,56300,41100,66100,60800,100,792500,100
1324,0,3879000,33400,31200,70400,64900,200,3733400,100
1325,0,1144700,45300,20300,74100,66000,200,988600,200
1326,0,1006300,29300,42100,63300,58700,100,863000,100
1327,0,1218300,19800,18000,67400,62500,100,1102100,100
1328,0,4908000,25500,49400,69100,62700,200,4757300,0
1329,0,925600,39100,27000,81500,76400,100,767600,100
1330,0,817700,20700,34900,69000,64300,100,656200,0
1331,0,937000,32000,29100,63400,58700,100,800100,0
1332,0,3919400,19300,19300,81700,74800,100,3786500,100
1333,0,1115800,44800,24900,65200,59900,200,967800,100
1334,0,983000,18200,17900,63900,59200,200,870200,100
1335,0,1234300,38300,15200,65100,59900,100,1104900,100
1336,0,4946800,43100,46800,84500,78500,100,4759700,0
1337,0,907600,34600,29500,78500,73300,200,749100,100
1338,0,791700,32000,39200,64400,59700,100,645500,100
1339,0,967700,39300,34200,63600,58900,200,790800,100
1340,0,3954800,25900,39400,82300,74800,200,3781300,100
1341,0,1129500,31700,29500,83100,77100,100,973700,100
1342,0,1100200,64400,35900,69400,59900,200,889400,200
1343,0,1263800,45300,34700,67700,61800,100,1105100,200
1344,0,4949100,32100,41800,69100,63500,100,4792800,100
1345,0,908300,43300,24300,83000,77500,100,752300,100
1346,0,821300,42800,40000,70600,65000,200,656700,200
1347,0,927300,34600,20300,67100,62200,200,795700,100
1348,0,3935200,28200,27300,66500,60000,200,3805500,100
1349,0,1089100,27800,24100,64000,59100,100,962400,100
1350,0,991200,25800,24600,63600,59000,100,865000,100
1351,0,1257000,33000,31600,70100,61300,200,1101900,100
1352,0,4952400,26200,45300,78700,74200,200,4786400,100
1353,0,900400,34800,34500,63800,58800,100,748600,100
1354,0,822000,37500,37200,63000,58700,200,644100,100
1355,0,898000,15500,15900,64800,60000,0,790500,100
1356,0,3892900,53400,18400,63900,58900,200,3748100,100
1357,0,1106100,24700,41800,64700,60000,200,965000,100
1358,0,1024400,28200,50400,70300,64700,100,865200,100
1359,0,1283900,31000,49800,63800,58900,200,1103300,200
1360,0,4924400,58300,35300,85200,78900,100,4717300,100
1361,0,933800,19900,38300,63600,58700,200,797100,200
1362,0,769000,27700,25400,63300,58900,100,643900,100
1363,0,937300,37700,32600,65200,60400,200,790600,100
1364,0,3890300,45900,39900,79700,74700,100,3718100,0
1365,0,1079200,18000,23800,66000,59900,300,962300,100
1366,0,1050200,38400,35000,67100,62400,100,876400,100
1367,0,1276100,37800,63300,66100,60300,100,1101600,0
1368,0,4972800,51000,25500,69800,60700,200,4814200,200
1369,0,905800,37900,32900,63900,58900,100,761500,200
1370,0,807600,36500,37200,64800,60000,100,659000,100
1371,0,942500,30200,33100,64000,59600,100,801800,100
1372,0,3887700,42600,24800,81900,76800,100,3723000,100
1373,0,1148800,51800,36600,73000,61800,100,966300,0
1374,0,1024300,30600,35000,64500,59400,100,874200,100
1375,0,1267500,38900,37500,66700,61800,100,1107900,100
1376,0,4899200,116100,33400,76500,66700,100,4656400,100
1377,0,967800,21700,37200,65300,59900,100,820500,100
1378,0,795000,17400,28800,65000,60000,100,645400,200
1379,0,980000,37800,43600,68600,63900,200,790900,200
1380,0,3947300,69300,43300,77900,73500,100,3731400,100
1381,0,1119400,36400,45200,71200,63800,100,961200,100
1382,0,1004800,40500,23500,66300,59800,200,866700,100
1383,0,1252300,37900,40100,65000,60000,100,1102700,100
1384,0,4850400,33800,26300,79400,73600,100,4699000,200
1385,0,978500,17200,36400,67200,62200,0,846100,100
1386,0,778500,35000,17000,64700,60000,200,653500,100
1387,0,955100,51700,28200,63400,58800,200,800600,100
1388,0,3869700,38400,25700,79100,73500,200,3720400,100
1389,0,1286400,27400,36200,67800,63100,100,1141600,200
1390,0,1036400,34400,36500,66800,61900,100,864900,100
1391,0,1274500,52800,34100,70700,63200,200,1104800,100
1392,0,4896600,37800,26600,84600,78800,100,4735100,100
1393,0,1000200,55200,30500,66100,60800,100,829600,100
1394,0,786500,27100,31400,65200,60100,100,645000,200
1395,0,932100,31800,31100,65100,60000,100,793700,100
1396,0,3976500,28600,35800,68900,62600,200,3829900,100
1397,0,1160700,54300,56800,67000,62200,200,963900,100
1398,0,1022400,22500,39200,65900,61200,100,881500,200
1399,0,1287800,36500,36200,66800,61700,100,1101800,100
1400,0,5030700,28700,15100,67000,60800,200,4894300,100
1401,0,945300,28000,48700,65400,60500,0,788800,300
1402,0,800200,35700,17300,67200,62100,200,646500,0
1403,0,936300,27900,39200,67500,62700,100,791000,200
1404,0,3966700,40100,44000,67600,61500,300,3803400,200
1405,0,1373600,29300,37100,70300,64500,100,1221200,200
1406,0,1216100,71400,21200,71500,62100,200,1041500,100
1407,0,1388700,36100,32600,67300,62100,200,1242100,200
1408,0,5238300,51900,39700,85000,78200,200,5042200,200
1409,0,983500,38400,47600,63800,59000,100,816100,100
1410,0,783600,23400,23800,70100,65300,100,654000,100
1411,0,942000,28400,29300,64700,59900,200,799800,0
1412,0,4166600,18000,33400,78200,73500,200,4021800,100
1413,0,1127500,36500,41800,69100,64500,100,962100,100
1414,0,1047600,47200,27800,63100,58800,100,867100,100
1415,0,1254700,24400,45000,65100,60000,100,1104900,200
1416,0,4861100,43900,16800,69700,63500,100,4721400,100
1417,0,905600,30200,45400,68500,62900,100,745700,200
1418,0,789700,27300,40900,64400,59200,100,643800,200
1419,0,951300,18200,40800,64700,59900,100,791500,0
1420,0,3888700,34800,25800,78700,73700,100,3724200,0
1421,0,1237900,33700,38800,68000,62500,200,1084600,100
1422,0,1025500,34200,45600,64500,59400,100,866000,200
1423,0,1257200,47800,20500,69600,61700,100,1103800,200
1424,0,4839900,33500,36100,83300,77600,300,4680000,0
1425,0,1008800,61900,61200,68100,62900,100,802500,200
1426,0,800500,17900,38300,64400,60000,100,644400,200
1427,0,902100,26000,17500,63900,59300,100,789400,100
1428,0,3885800,29900,22300,81900,76500,100,3742600,100
1429,0,1093700,38200,25300,64300,59000,100,960400,100
1430,0,1018000,35700,38400,69600,64900,100,864600,100
1431,0,1252300,38900,27900,68100,62500,200,1102700,100
1432,0,4896800,48800,23100,85800,77100,300,4718500,200
1433,0,932700,40600,23700,68100,61500,100,778200,200
1434,0,804400,27400,43700,68000,62900,100,645200,200
1435,0,1050600,36700,35300,68200,62500,100,892900,100
1436,0,4082600,37900,39400,84500,78800,100,3904900,100
1437,0,1115400,34100,43100,65000,60000,100,957800,100
1438,0,1050100,41800,41700,70400,62500,100,865000,100
1439,0,1259600,30100,26900,65000,59800,100,1103000,100
1440,0,5006500,52400,36000,64700,60000,100,4828500,100
1441,0,898900,31500,35800,79900,74900,100,746200,100
1442,0,797300,38900,40200,67900,63400,100,644700,100
1443,0,928100,28500,35100,66600,62100,200,792400,100
1444,0,3822800,38000,15500,65000,60000,200,3696600,100
1445,0,1220300,24200,31300,64900,59900,100,1088600,100
1446,0,1004500,28900,40600,63300,58900,100,863600,0
1447,0,1243300,36200,28300,64900,59100,200,1101300,100
1448,0,4824300,37800,30000,78900,73500,200,4670100,0
1449,0,948600,60100,32600,65800,60000,100,775600,200
1450,0,817800,27700,36700,65100,59800,200,650700,100
1451,0,943300,38500,37800,64200,59000,100,792000,100
1452,0,3893400,41500,36000,72100,66500,100,3726400,200
1453,0,1111000,20100,37800,68900,63900,0,966000,200
1454,0,1004600,27400,32600,69000,61300,100,863300,0
1455,0,1241900,38100,28000,63700,58900,100,1101300,100
1456,0,4803900,52300,24000,80500,74700,200,4636000,100
1457,0,881900,32400,18200,68400,63800,0,747100,100
1458,0,833900,43800,29800,72000,63400,100,677400,100
1459,0,984400,47200,33300,64400,59900,100,798400,100
1460,0,4139500,44200,37000,79800,74600,100,3953900,100
1461,0,1130100,47500,40800,67700,61500,100,964900,100
1462,0,1046200,44300,24200,67400,62000,200,876800,100
1463,0,1239300,26900,34100,66700,61900,200,1106300,100
1464,0,5001300,42600,38800,79800,74600,200,4834100,100
1465,0,881500,24500,36500,66100,60800,100,748800,100
1466,0,791000,30900,41800,65700,60300,100,646700,100
1467,0,968000,39700,43200,73100,62200,100,803400,100
1468,0,4254800,58900,17400,84900,75900,100,4080800,100
1469,0,1165700,38600,30900,64900,59300,100,1018600,100
1470,0,1123600,34500,19700,65500,60300,200,988300,100
1471,0,1306700,62200,45700,73000,64300,200,1103100,100
1472,0,5526200,46400,46800,82100,76600,200,5326400,300
1473,0,893900,35000,27000,67100,61400,200,743300,100
1474,0,912000,21100,31800,68400,62300,200,740600,100
1475,0,996700,60600,62900,65200,59900,200,790400,200
1476,0,4264400,38000,30700,89900,80000,200,4091300,200
1477,0,1096300,37700,18800,64800,59800,100,963000,100
1478,0,988700,16600,32800,64000,59100,100,866000,100
1479,0,1270600,25100,33500,70700,65300,100,1102600,100
1480,0,5353000,35000,30200,78500,73700,300,5181700,100
1481,0,858900,17100,18700,63900,58800,200,747900,100
1482,0,780000,30700,28700,68000,63100,100,644100,100
1483,0,908800,20600,17700,65900,59900,200,793500,100
1484,0,3949300,28900,38200,79600,74700,100,3795700,100
1485,0,1089500,23500,21700,74900,69800,200,959300,100
1486,0,1032500,27200,32700,68100,63400,100,866900,100
1487,0,1235600,30300,28600,68000,63200,200,1103400,100
1488,0,4965400,50600,41700,84700,78400,200,4779300,200
1489,0,876700,18700,29200,65100,60000,100,757500,0
1490,0,799400,34400,38900,68000,63200,100,648400,100
1491,0,928700,26400,30400,65300,60400,200,794000,0
1492,0,3936000,41400,35200,83200,77800,100,3761000,100
1493,0,1197400,59900,48900,65400,59800,200,998800,200
1494,0,1004200,18500,35600,63500,59000,200,866200,100
1495,0,1251300,32000,35500,64100,59500,100,1103300,100
1496,0,6155900,48600,22400,68200,62300,200,6003300,100
1497,0,999700,24100,33200,68200,62700,200,853400,200
1498,0,775800,15600,18000,66300,61500,100,641500,100
1499,0,982900,41800,33200,69600,64500,100,799000,200
1500,0,4702600,44800,16300,71900,61500,200,4543800,100
1501,0,1323500,30200,46500,67100,61600,100,1169700,200
1502,0,981800,27100,16900,67100,61800,100,864300,100
1503,0,1230700,27500,31900,64800,60000,200,1100700,100
1504,0,4916700,51000,18700,83700,77100,100,4751500,100
1505,0,905400,34300,49100,63900,59000,100,747000,100
1506,0,783700,24900,36100,64000,58800,200,646800,200
1507,0,957500,39000,35500,65700,60100,200,802500,100
1508,0,4026200,46500,21900,68100,62700,100,3881100,100
1509,0,1161600,32100,21500,69000,63700,100,1025200,100
1510,0,1125600,38500,104100,73100,64600,200,870600,200
1511,0,1251800,24200,44900,65200,60500,100,1102200,100
1512,0,4978900,43800,38900,70500,64800,100,4811400,100
1513,0,1111600,35700,38400,69200,63500,200,953100,100
1514,0,873700,41000,95100,69700,63600,300,649200,200
1515,0,936400,26500,33600,64500,59200,200,796500,100
1516,0,4044900,41500,29600,165000,65500,200,3794600,0
1517,0,1240400,34900,44500,67000,59900,200,1068600,200
1518,0,1009200,26700,26600,72900,64800,200,867100,100
1519,0,1284800,39200,35700,64400,59200,100,1101500,100
1520,0,5013600,35200,35200,69300,64100,200,4848600,100
1521,0,1078500,38600,43200,65700,59900,100,917200,200
1522,0,803300,35300,21900,64600,59600,100,643400,100
1523,0,923300,23600,34600,69000,64200,100,790400,100
1524,0,3951600,25300,27100,78600,73600,200,3814900,100
1525,0,1107400,46800,28900,65100,60400,200,960900,0
1526,0,1022400,51800,32200,64000,59000,100,864800,100
1527,0,1223900,29800,17700,66800,61600,100,1103800,100
1528,0,4934100,42900,33600,82800,77500,100,4767100,100
1529,0,920000,27300,59700,75500,70700,100,745600,100
1530,0,769200,19300,29800,64200,59900,200,643500,100
1531,0,963200,28700,54100,65400,60100,100,793200,200
1532,0,3893700,25600,40400,78700,73600,200,3735200,100
1533,0,1111200,44100,24300,64400,59900,200,960800,100
1534,0,1053700,41100,43700,63400,58900,100,865200,100
1535,0,1257900,51800,20300,72400,63000,100,1103200,100
1536,0,4848600,38600,26000,82000,76800,100,4690000,100
1537,0,900300,31200,33300,78500,73400,200,747400,100
1538,0,800500,32900,43200,66800,62400,100,643900,100
1539,0,943700,29900,22800,63200,58800,100,792700,100
1540,0,3900200,49000,31500,71600,62500,300,3719000,200
1541,0,1105600,29100,38900,64900,59900,100,960100,100
1542,0,999800,37500,24700,63600,58900,200,865600,100
1543,0,1246000,36200,31500,64900,60400,100,1103200,100
1544,0,4857600,84700,31600,68400,63000,200,4666000,100
1545,0,902100,30200,41000,70000,64500,100,749300,100
1546,0,806600,30100,26700,65600,60000,100,646400,200
1547,0,915000,27100,29700,63500,59000,100,789100,100
1548,0,3844000,31600,47600,65600,59800,100,3694200,100
1549,0,1207800,45300,31500,71700,63900,200,1052600,100
1550,0,1147600,27400,94000,65600,60000,300,945600,200
1551,0,1243500,16800,34500,69400,64300,100,1106200,100
1552,0,4851100,27700,37500,68100,62200,100,4700300,0
1553,0,920700,39000,36100,68900,64000,100,752600,200
1554,0,799000,43800,30500,66500,61600,100,642500,100
1555,0,922500,35900,17500,63600,59300,100,789600,100
1556,0,3903200,46000,44500,81100,76000,100,3721000,0
1557,0,1145300,48000,45700,72100,63100,300,963800,100
1558,0,1028900,42700,16700,65200,59900,100,866900,200
1559,0,1403100,31100,22700,70800,65200,100,1242700,100
1560,0,4845400,39100,33700,81900,76800,200,4668000,100
1561,0,884000,42400,19900,67900,61800,100,748300,100
1562,0,764600,30600,17500,64900,60400,100,645900,100
1563,0,935600,32300,42800,63500,59000,100,791700,100
1564,0,3944500,32800,38400,71700,65800,100,3790600,100
1565,0,1112800,38500,35100,65000,60400,100,960900,100
1566,0,1008800,25800,28500,67800,60700,200,872500,200
1567,0,1263500,18800,51900,67600,61800,100,1108000,300
1568,0,4856200,39200,30900,86100,80500,100,4685800,200
1569,0,893500,28700,39900,65800,59800,200,747300,100
1570,0,819900,33900,28100,64500,60100,100,654100,100
1571,0,933400,38100,28000,65500,59900,100,789800,100
1572,0,3876900,47600,33500,78000,73400,300,3705500,100
1573,0,1105100,23700,39000,68500,63800,100,960900,0
1574,0,1013900,25100,37200,70600,65400,100,866100,100
1575,0,1294700,48000,31600,67800,61900,200,1129700,200
1576,0,4925600,54900,16900,65700,60100,300,4767800,100
1577,0,952500,34500,59400,64700,59900,100,777300,100
1578,0,807300,30600,36700,66400,61700,0,662000,100
1579,0,986000,27100,34400,65700,60500,0,813500,200
1580,0,3964600,53900,21600,85600,80000,200,3780600,100
1581,0,1115100,37200,35000,70900,66000,100,961900,100
1582,0,1036600,38400,33600,65300,60100,100,866200,100
1583,0,1225000,20000,32400,64800,60000,200,1102300,100
1584,0,5067900,60200,36500,66100,60500,200,4894600,100
1585,0,890500,27400,24500,70400,61900,0,758900,100
1586,0,783700,28100,33800,64200,59000,200,650600,100
1587,0,929900,38400,24200,63500,59000,100,798300,0
1588,0,3893700,52600,16200,82500,76500,100,3734300,0
1589,0,1152900,65700,41000,71600,64000,200,964000,100
1590,0,1007100,36200,28500,63900,59100,200,866500,100
1591,0,1269800,30100,43600,68600,63400,100,1106400,200
1592,0,4796200,29600,39800,82600,74700,200,4626000,200
1593,0,925100,36500,38000,75700,69400,100,753000,200
1594,0,846100,46000,37200,65500,60300,100,653100,200
1595,0,920500,22500,31900,64900,59900,100,790200,100
1596,0,3985900,49900,41500,71700,63400,100,3813800,100
1597,0,1084000,23200,27800,63700,58900,100,959700,100
1598,0,1023600,37300,49800,65200,60600,100,863800,100
1599,0,1267400,19400,42300,63700,58900,200,1103900,200
1600,0,3498700,32000,26900,65800,60900,100,3347300,100
0,1,12932500,52800,44600,109100,96700,300,12463500,2400
1,1,1164000,41300,31400,67800,62200,200,867300,100
2,1,802300,29100,30400,70600,65200,100,641300,100
3,1,961300,61000,21600,64700,60000,100,803500,200
4,1,4521000,31500,27300,73700,68200,300,4379300,100
5,1,1131900,32700,47300,65300,59900,200,968800,200
6,1,1046800,40300,33500,67800,61800,300,892000,100
7,1,1252600,34900,37400,65200,60000,300,1108000,100
8,1,5352000,43800,34100,77800,68800,300,5177400,200
9,1,918100,29900,26600,80700,74900,100,763700,300
10,1,821500,48300,31100,68200,63200,100,637800,100
11,1,946000,32600,40300,64000,59000,100,795000,100
12,1,4011800,51900,17400,78700,73700,100,3850900,100
13,1,1103900,41900,19300,65900,60900,100,965900,100
14,1,1040200,45100,31300,71800,63600,200,882400,100
15,1,1298400,68200,43000,68600,60700,100,1107500,100
16,1,4970800,40200,27800,84300,78300,100,4793900,100
17,1,910100,39900,31900,65000,59900,100,750900,200
18,1,798900,25200,49400,66100,60100,100,637900,200
19,1,985800,54700,35100,73300,65300,200,799200,100
20,1,3957900,44400,28800,81600,76700,100,3745000,100
21,1,1080200,20800,19300,64600,60000,100,965600,200
22,1,1020800,24500,25700,66900,62000,0,872500,200
23,1,1266900,52800,24500,72000,62600,100,1110100,100
24,1,4891100,17500,18400,83300,78000,100,4765100,100
25,1,914200,50700,30500,77100,72500,200,750200,100
26,1,790300,48300,33000,64300,59000,100,638800,100
27,1,911300,22100,27300,63400,58800,100,792600,100
28,1,3866100,45600,29200,66100,59300,200,3714800,100
29,1,1208200,42300,20500,65100,60100,100,1062200,100
30,1,1009100,29200,26900,66400,61500,100,871400,100
31,1,1272700,31600,37200,73100,66100,100,1117400,100
32,1,5217300,70400,40400,69000,63300,200,5011500,100
33,1,915800,24300,39300,65400,60100,100,768800,100
34,1,816700,47000,27900,68200,63100,100,636700,100
35,1,953400,46700,37000,68900,61300,100,793700,100
36,1,3963400,30400,40900,83200,77700,200,3798200,100
37,1,1112300,25300,39300,65100,60200,200,968500,100
38,1,1022900,35400,33800,66600,61900,100,873200,100
39,1,1267200,29700,26500,64900,60400,100,1107800,100
40,1,4961200,60900,28700,86700,81100,200,4759600,100
41,1,1023800,39500,53000,63300,59000,100,855600,0
42,1,761400,29400,17200,63600,58800,100,641600,200
43,1,930300,33100,29700,63400,58800,200,793400,100
44,1,3853900,30900,29500,68700,62400,100,3712300,0
45,1,1128000,41500,39000,67000,62100,100,965900,200
46,1,1026700,25600,31100,63800,58900,100,873800,100
47,1,1244800,28300,31800,67900,63000,100,1110600,100
48,1,4803600,41700,39800,65200,60200,200,4651400,100
49,1,884000,31800,16400,81700,74800,100,748600,100
50,1,790800,30600,46500,64700,60100,200,637400,100
51,1,950400,33500,39800,66900,61600,200,798600,100
52,1,3845900,43600,33100,78600,73400,200,3673300,100
53,1,1224100,39000,55600,64000,59000,100,1045600,200
54,1,1055500,25000,78900,68000,62100,200,864200,200
55,1,1238500,15600,36200,63900,59200,100,1110200,200
56,1,4800600,60900,31200,80800,74900,100,4612800,100
57,1,896500,25800,26200,78700,73400,200,748300,200
58,1,802900,28400,28200,68200,62500,300,638000,100
59,1,951400,19800,27500,65500,60100,100,794600,100
60,1,3840300,33400,15800,80400,75000,100,3687100,100
61,1,1105200,38500,25500,66600,61800,100,969200,100
62,1,1008000,30000,35500,66500,61700,200,870200,100
63,1,1255500,39400,36100,64200,59000,100,1108300,100
64,1,4861600,32500,51300,68000,61100,200,4689700,200
65,1,926300,39600,33400,71900,64100,100,765300,200
66,1,797600,41400,38900,65200,60000,100,639400,200
67,1,947000,36400,39700,66400,61500,100,793400,100
68,1,3944500,29400,32300,68900,62300,200,3801200,0
69,1,1129200,30800,43900,66700,61900,100,977400,100
70,1,1052500,39300,38900,65100,60000,200,872400,100
71,1,1251000,28400,30200,68900,63300,100,1109200,100
72,1,5074800,57900,28800,68500,62400,100,4899900,200
73,1,923500,39600,42300,64000,58900,100,761500,100
74,1,764700,17600,36100,63800,59200,100,636700,100
75,1,949200,42200,32000,73000,65200,100,794300,100
76,1,3874800,46200,24200,67000,61500,200,3724500,100
77,1,1133800,53400,28400,67400,62800,100,965700,100
78,1,1014200,34600,26600,64700,60000,200,871200,100
79,1,1295200,40600,30600,66300,61700,100,1117800,100
80,1,4864800,55600,28500,83700,78100,200,4665700,0
81,1,888600,35200,19300,68500,63100,100,753500,200
82,1,805000,36500,33300,65000,60000,100,636500,200
83,1,930900,23000,38600,67700,63100,0,795800,100
84,1,3843900,38900,25600,70800,61400,100,3698700,200
85,1,1299000,55200,19100,70300,64500,100,1148200,100
86,1,1020500,34700,40100,65600,61000,100,873100,100
87,1,1263800,43000,39500,66500,61800,100,1109000,100
88,1,4856100,36800,49000,78600,74000,200,4683900,0
89,1,933900,67200,34200,65700,60100,100,755600,0
90,1,771700,38300,16900,65000,59700,100,637300,100
91,1,922200,19800,32700,63800,59000,100,793300,100
92,1,3835000,33000,32900,70100,62300,100,3681900,100
93,1,1304200,26400,46200,64900,60000,100,1147900,200
94,1,1035100,28700,29200,70400,65200,200,872200,200
95,1,1256200,37300,35500,66100,61000,0,1109800,100
96,1,6261900,36800,32100,78900,73700,100,6101400,100
97,1,910800,43700,32400,70400,65200,200,749200,100
98,1,790200,47700,17800,65400,60200,100,639300,200
99,1,971800,41000,28500,70600,62900,200,794700,100
100,1,4736300,30400,35000,70500,65100,200,4573700,0
101,1,1255800,30500,41500,65300,60000,200,1100900,200
102,1,1149000,50300,43900,68700,61500,100,974100,100
103,1,1238600,37800,17500,65500,60000,0,1108500,100
104,1,4983800,50300,26900,68900,63400,100,4822800,100
105,1,896500,31300,27200,79300,73900,100,749100,100
106,1,843900,60400,51200,63800,58800,300,636100,100
107,1,927300,29600,33600,65500,60000,0,793200,100
108,1,3811500,29200,39300,68000,62000,100,3663100,100
109,1,1198700,17600,40100,63900,59000,100,1069600,200
110,1,1023200,38800,39400,64000,58900,100,866300,200
111,1,1256800,32600,39500,64000,58800,200,1108600,100
112,1,4809600,46400,28700,84400,76700,200,4629300,200
113,1,964200,24600,38800,65200,59900,100,812000,200
114,1,793900,36500,36700,68500,63800,100,638500,100
115,1,914500,27000,20700,64900,60000,100,793800,100
116,1,3811700,17800,23500,78300,73300,200,3678200,100
117,1,1120100,21400,52800,63900,59000,100,964800,100
118,1,1006200,18300,16700,63300,58800,200,873100,100
119,1,1274400,28000,34900,67200,62400,100,1108100,100
120,1,4809200,66000,31900,67900,63000,200,4620600,100
121,1,899500,31000,31700,66200,60900,100,760000,0
122,1,757100,21500,18400,68400,63200,100,642800,100
123,1,925500,28400,29700,67000,62300,100,794500,100
124,1,3886800,56400,25600,70300,65100,200,3725600,100
125,1,1126300,36800,23500,68800,62900,200,983800,100
126,1,1050800,34200,32100,67300,61600,100,901100,100
127,1,1245200,35300,22000,64600,59900,100,1111300,100
128,1,4969900,55300,31800,74500,69400,100,4791800,100
129,1,881100,18700,36500,63700,59000,100,752100,100
130,1,795000,25600,27100,68300,64400,100,635800,100
131,1,1122600,20500,39700,68900,61700,100,970500,200
132,1,3916600,31800,34100,80500,75200,200,3750000,200
133,1,1143800,67400,23000,69300,64700,200,970400,100
134,1,998100,28200,16100,70600,62400,100,872100,200
135,1,1266600,46400,35400,70100,61900,0,1107500,100
136,1,5011300,41800,36500,71000,64900,100,4845900,0
137,1,1153200,50000,42700,81200,72400,200,840500,200
138,1,800300,25700,42200,64500,59500,200,644200,200
139,1,984300,33300,32400,69800,64600,100,805100,100
140,1,3927900,43000,36300,80100,74800,100,3736000,100
141,1,1112900,31300,39200,63600,58900,200,968600,100
142,1,1052300,49200,27800,70500,60600,200,872900,100
143,1,1239700,33300,19600,67100,62100,100,1109400,100
144,1,4853300,40200,34000,80000,75000,100,4692900,100
145,1,880900,29400,33000,65300,60700,100,747500,100
146,1,864700,111500,37000,71700,62500,100,636600,100
147,1,924300,30100,27400,66900,60200,200,788400,100
148,1,3808100,19900,28600,64400,59200,200,3682100,200
149,1,1310500,37000,36400,67300,61400,200,1154500,200
150,1,1016700,30300,34500,65100,60000,100,872800,100
151,1,1269400,44300,27100,69700,61600,200,1109100,100
152,1,4950700,72300,28700,78700,73600,100,4752800,0
153,1,900700,27500,43900,63300,58800,100,746900,100
154,1,815300,24200,46000,64500,60100,100,640300,200
155,1,932000,37800,27900,62900,58800,100,794400,100
156,1,3838400,21400,36400,81600,74800,100,3688300,0
157,1,1337700,28200,81400,68400,62600,200,1140000,300
158,1,1020400,27500,36700,65700,61000,100,872800,100
159,1,1271000,18300,37700,66700,61600,100,1109700,100
160,1,4797000,54400,26000,80400,75200,100,4607800,0
161,1,879400,28800,24300,66800,62200,300,748600,100
162,1,766600,29300,24700,63400,58900,100,639500,100
163,1,918300,19500,30100,66200,61700,100,795700,100
164,1,3850400,58500,37000,82100,74800,100,3662600,100
165,1,1103400,33000,25500,67200,60300,200,967800,100
166,1,1052400,35000,38100,66500,62100,100,881800,100
167,1,1258300,33700,36300,69400,64500,100,1109600,200
168,1,4732000,22600,28900,78500,73600,200,4596900,100
169,1,896300,39500,32900,68500,63700,100,749800,100
170,1,784100,25200,45700,63700,59000,100,638500,100
171,1,936700,30000,32500,64400,59100,100,798300,100
172,1,3822700,35400,38500,67500,61500,200,3665000,100
173,1,1213400,28900,21600,68700,62200,100,1070700,200
174,1,1038600,38100,32300,72000,63200,100,877400,100
175,1,1255800,24000,40600,64000,59000,100,1117700,200
176,1,4942900,33100,32100,82800,77500,100,4780200,100
177,1,1119600,46400,42700,87500,81000,200,919500,200
178,1,820200,38800,39300,70400,61600,100,630500,100
179,1,979100,30300,41600,70500,61900,100,793400,200
180,1,3920700,54600,40000,81800,75300,100,3716200,200
181,1,1198300,39500,51900,70000,61800,200,1025900,200
182,1,1057300,45800,42300,72800,63200,200,885400,200
183,1,1296000,49000,40000,72100,63600,300,1124100,200
184,1,5300300,29400,24100,80000,74800,100,5156500,100
185,1,873800,23900,24600,66000,60900,200,747700,100
186,1,785200,31100,35000,65700,60600,200,639300,100
187,1,934500,46500,23500,66200,59900,100,788600,100
188,1,4192600,45800,33800,81700,74800,200,4014900,200
189,1,1151900,50500,48800,65200,60100,100,977100,100
190,1,1083400,43000,40400,65200,60100,200,899000,100
191,1,1821900,41000,42000,76000,66900,200,1644000,200
192,1,6611600,23300,34000,72500,66100,200,6454500,100
193,1,1102600,24100,39400,67800,62700,100,951700,200
194,1,767000,30900,19300,65500,60500,100,637800,100
195,1,925000,26900,31800,65300,60600,100,792600,100
196,1,4682900,19500,35200,72300,65200,100,4539200,100
197,1,1209700,33500,36700,68800,63800,100,1040400,200
198,1,1032200,33900,34900,68300,62900,200,872100,100
199,1,1311300,29400,26800,64700,60000,100,1145300,100
200,1,5452200,20100,28800,79200,73700,100,5294400,100
201,1,878500,23400,27500,70100,64800,100,747100,100
202,1,794200,43600,18200,63400,58900,100,636600,100
203,1,932000,33600,35200,64600,60000,200,793000,100
204,1,3926900,29800,40300,80400,74900,100,3770800,100
205,1,1312000,39200,49600,64400,59300,100,1148900,200
206,1,1019200,34200,35700,69300,61000,200,871100,200
207,1,1361600,37300,32200,71100,61600,100,1211400,100
208,1,4823600,27200,19100,83800,78400,100,4680900,100
209,1,960300,16800,52100,64900,60000,100,811300,200
210,1,778000,36300,25600,63600,58900,100,638000,100
211,1,981400,22600,26300,122700,60000,100,794700,100
212,1,4036200,28900,40300,85200,77900,200,3858600,200
213,1,1095000,21500,21600,67800,62400,200,967700,100
214,1,1027100,23600,30600,63900,58900,200,872800,100
215,1,1261700,41800,39600,63600,59100,100,1109400,100
216,1,4799100,54000,28900,78900,73400,200,4626300,100
217,1,913500,52200,31600,62900,58800,200,749800,100
218,1,779100,27200,37400,64700,60000,100,637400,100
219,1,934100,21200,17600,64600,59900,100,792900,100
220,1,3875200,69800,28600,71000,65500,200,3678700,100
221,1,1127700,34200,35700,64900,59800,200,977200,100
222,1,1008000,22000,39700,65700,59900,200,864100,200
223,1,1237900,20900,32000,64900,59900,100,1108500,200
224,1,4808700,31400,38900,68100,62400,100,4653200,100
225,1,893700,24600,33400,66800,60000,100,754200,200
226,1,775600,19500,18500,68400,63400,100,638900,100
227,1,924700,36000,21600,67300,62600,100,793900,100
228,1,3836500,55100,16600,79200,73600,100,3678700,100
229,1,1155400,66500,47900,65800,60100,200,965400,200
230,1,1012900,25800,40500,67500,62600,100,863900,200
231,1,1264500,27300,40700,70300,65100,100,1109300,100
232,1,4798400,29900,26100,82100,77200,100,4643400,100
233,1,1038900,43800,143000,67200,60900,200,763800,100
234,1,795700,29100,31500,66900,61500,100,647400,200
235,1,936400,29900,38800,64800,59900,100,794500,100
236,1,3958300,29800,37500,66900,62300,100,3810100,100
237,1,1123700,36800,33100,69100,63000,100,965400,100
238,1,1059600,40500,36300,73500,63100,200,867100,200
239,1,1331400,25500,32000,66600,61100,0,1161600,200
240,1,4879500,34900,15000,79900,74900,100,4721100,200
241,1,896800,29500,30500,82400,77100,200,748700,100
242,1,854200,20100,30700,157600,73700,100,638000,100
243,1,954800,35500,31200,66900,60400,200,808700,200
244,1,3940000,31000,43400,70500,62000,300,3782000,100
245,1,1114200,33100,37400,63300,59100,100,968900,100
246,1,1012200,19300,28500,66500,60000,100,888000,100
247,1,1383500,28900,33600,70300,64300,100,1127000,300
248,1,4955700,49100,25000,69000,63000,300,4796000,200
249,1,920300,34700,44000,73300,68100,100,751400,100
250,1,795800,34200,23200,64800,60000,100,636800,100
251,1,939800,40700,26500,66600,61700,200,794200,100
252,1,4217500,194700,43000,86800,76800,300,3873900,200
253,1,1119100,30700,26400,65400,60700,100,979500,200
254,1,1031300,46600,25900,70800,63000,100,873000,200
255,1,1258400,29900,27800,66400,60000,100,1126700,100
256,1,4855800,29400,24500,69700,64500,200,4706300,100
257,1,899300,31100,37300,64000,58800,100,748300,100
258,1,787400,30200,34200,66900,60900,100,633300,200
259,1,961500,38800,16600,67300,61900,100,795300,200
260,1,3891800,40700,32100,78200,73300,100,3713800,100
261,1,1119500,31700,40900,63300,58800,200,973600,100
262,1,1036800,32600,33900,63200,59100,200,874600,200
263,1,1243100,37200,27500,63400,58700,100,1109300,100
264,1,4874400,59600,35600,79900,74900,200,4693100,0
265,1,953700,32600,57900,72800,67800,100,780700,300
266,1,762100,37100,17200,63800,59200,200,637600,100
267,1,915100,30600,17300,63600,58800,100,794800,0
268,1,3879700,19700,35100,80700,75900,300,3736900,100
269,1,1124500,44600,33400,67400,62500,200,967800,100
270,1,1021700,38900,33500,64200,59000,100,871300,100
271,1,1249600,36600,30600,65100,60000,100,1100700,200
272,1,4837300,53700,41300,79700,74900,300,4645200,0
273,1,906800,44300,28300,70600,61500,200,748300,100
274,1,800200,31600,33600,63900,59000,100,637500,100
275,1,953000,38100,41900,73000,63900,100,792900,100
276,1,3823800,49800,33200,66400,60600,100,3662100,100
277,1,1122400,40400,34400,65600,60600,100,963900,200
278,1,1123100,130500,33300,72200,63100,100,872500,100
279,1,1281000,35400,32300,65700,60000,200,1103100,200
280,1,4977700,48200,39600,71900,63400,200,4789500,200
281,1,919500,31900,35600,63900,59100,200,768500,300
282,1,778700,27600,33900,68900,63900,100,632700,200
283,1,1041600,19700,40500,66200,60000,100,901800,200
284,1,3834600,18200,41300,78600,73500,100,3679600,200
285,1,1110200,22700,40400,68400,63200,100,968500,100
286,1,1051200,38400,45800,63400,58900,100,871900,100
287,1,1240900,26600,36500,63800,59200,100,1108300,100
288,1,4745600,18800,36100,78600,73500,100,4603400,0
289,1,986300,29800,65000,65500,60100,100,816200,200
290,1,769100,25500,28700,64900,60200,200,638700,200
291,1,943100,30300,35600,69500,64000,200,793600,100
292,1,3864500,64800,48800,70200,63700,300,3661800,100
293,1,1292900,24000,51900,65200,59900,100,1127400,100
294,1,1005500,23700,30000,63700,58800,100,873900,100
295,1,1235800,19800,35600,63300,58800,100,1109000,100
296,1,6523200,56600,35700,82600,75400,100,6328200,200
297,1,1121300,44300,19300,66100,60200,200,969600,100
298,1,819400,28200,48100,63800,58900,200,641400,100
299,1,962500,39900,17500,67000,61800,200,795300,200
300,1,5045100,56800,24100,79000,73900,200,4861500,100
301,1,1289100,41000,33200,69200,64500,100,1139500,100
302,1,1013700,35400,32700,66300,61700,100,873200,100
303,1,1253700,31500,40200,67100,62800,100,1109100,100
304,1,5099500,57200,16500,63400,61300,300,4952400,0
305,1,893300,21400,38400,64900,60000,100,752400,200
306,1,759300,18100,27900,64800,60100,100,638100,100
307,1,921000,23000,34500,63700,59000,200,789100,200
308,1,3931700,45800,39200,78600,73900,100,3758700,100
309,1,1095500,26100,25700,64000,59100,300,969500,100
310,1,1023500,17000,34700,64900,60000,100,871400,100
311,1,1246700,38400,23700,63800,58800,100,1108600,100
312,1,4872400,56500,31100,78300,73600,200,4693800,100
313,1,906800,19100,56900,63500,58900,100,755300,100
314,1,784400,36300,37300,63800,58900,100,636600,100
315,1,935600,34600,33700,63400,58800,100,796500,100
316,1,3876400,42200,28800,78000,72600,200,3715200,100
317,1,1100900,22200,33600,65200,60400,100,958500,300
318,1,1015300,35700,27100,63300,58800,200,872600,200
319,1,1272500,35000,26100,63800,58900,100,1109200,100
320,1,4869700,77200,32000,78100,73400,300,4652800,100
321,1,891200,39300,19400,72700,64800,200,750300,100
322,1,802000,29600,33700,68800,63600,100,638000,100
323,1,910400,18700,16200,64100,58900,200,801000,100
324,1,3818500,47000,31900,69500,64300,100,3662700,100
325,1,1087600,24400,29700,63400,58900,100,964100,100
326,1,985500,13500,30400,64400,60100,100,871000,200
327,1,1286500,38100,52700,62700,58800,100,1123000,200
328,1,4744200,29400,26700,86100,80700,200,4594200,0
329,1,923200,35500,34600,67900,62000,200,768400,200
330,1,854700,43500,37700,119400,58900,100,632700,200
331,1,957900,54600,30400,68800,62300,100,787400,100
332,1,3861900,49800,38200,80600,74700,200,3671600,200
333,1,1126700,28300,42800,71900,62500,100,967200,100
334,1,1060500,38000,40900,72300,64400,0,872000,200
335,1,1245100,36100,21800,69900,62900,0,1110200,100
336,1,4757800,46100,16400,81700,76500,200,4602400,0
337,1,936000,58000,31300,65400,60100,100,767900,100
338,1,791100,42600,34400,63900,58900,100,637600,100
339,1,962900,38000,28600,65000,59900,200,794800,100
340,1,3999500,50700,38600,80800,74700,200,3798100,200
341,1,1244800,25100,40100,63600,59100,100,1098200,100
342,1,1006800,19600,35900,63300,58800,100,878300,100
343,1,1242200,41700,17000,64100,58900,100,1112200,100
344,1,4766500,29800,32400,78300,73400,300,4616100,100
345,1,858300,15500,22200,63300,59000,200,747900,100
346,1,820200,25900,40000,69900,64200,200,647600,200
347,1,948400,37800,36000,68800,63400,100,796400,200
348,1,3827900,57600,29600,68800,63300,200,3664400,100
349,1,1100400,28300,28300,67500,61900,100,966100,200
350,1,1009500,43500,19000,63600,59000,100,872200,100
351,1,1256000,38100,31100,66600,61300,100,1107900,100
352,1,4872900,22100,20600,65100,60000,200,4741800,100
353,1,914800,36000,31600,64600,60000,100,761100,200
354,1,778200,21300,26300,69800,64700,200,646400,100
355,1,986300,36200,36100,69300,63900,100,834000,100
356,1,4524900,48100,15000,81000,75200,200,4361900,200
357,1,1338000,52400,26000,67400,61500,200,1171700,200
358,1,1171500,32800,15300,68800,63700,200,1012800,200
359,1,1354100,25400,33100,71300,62200,100,1176700,100
360,1,6180000,55300,32100,67300,62100,200,5997300,100
361,1,926300,37400,32500,70000,63500,200,774800,200
362,1,791500,19300,45400,68000,62700,100,646900,200
363,1,938200,31000,29300,68400,60000,100,797700,100
364,1,4281200,48000,14800,86300,77500,200,4122200,100
365,1,1133300,54400,24500,70100,61000,100,965900,200
366,1,1013300,30700,23500,65400,60100,100,878400,200
367,1,1264500,42000,36900,66100,61400,100,1108800,100
368,1,5268200,43700,31900,67100,62100,200,5115500,100
369,1,946700,45800,39100,73100,64500,200,777900,100
370,1,821300,33400,42000,70000,64400,200,638900,200
371,1,943700,30200,35100,65000,59900,100,795100,100
372,1,4057100,35300,42800,68600,63500,100,3895500,200
373,1,1127800,30300,40700,77800,63400,100,965900,100
374,1,1061900,70000,38000,73600,64400,100,862900,200
375,1,1279500,18000,44700,64500,58800,200,1138300,200
376,1,5134700,50800,36800,69500,61300,200,4961300,0
377,1,1026200,55600,23000,70500,61100,100,850400,200
378,1,809100,41100,29900,71300,62900,200,643800,200
379,1,1011100,32800,34100,69600,64400,100,831900,100
380,1,4038300,38800,36700,65900,61200,100,3867400,100
381,1,1118200,32500,36800,68700,63100,200,964700,100
382,1,1027200,28600,32600,64000,58900,100,864500,200
383,1,1255000,35000,40500,65000,60000,200,1108200,100
384,1,4984400,31300,32400,71100,65500,200,4837200,0
385,1,870400,18300,32500,63600,58900,100,745800,200
386,1,783600,29600,36100,66000,61200,100,643500,100
387,1,932500,41600,18200,64300,59200,100,802300,100
388,1,3944300,47000,34000,67700,61600,200,3785300,100
389,1,1126200,38900,42900,65300,59800,100,966200,200
390,1,1003600,24700,19600,70800,62300,100,873200,100
391,1,1255500,47600,21900,64300,60000,100,1108300,100
392,1,5072700,48200,35400,80000,74800,300,4891700,0
393,1,882400,35600,18300,63000,58800,200,750400,100
394,1,793000,18200,39400,63400,58900,100,632900,200
395,1,923800,18000,30000,71100,64600,100,795200,100
396,1,4167300,51600,57500,69100,62600,200,3970000,300
397,1,1193800,27100,27500,64100,59000,200,1055200,100
398,1,1024000,29600,41300,65300,60000,0,871000,200
399,1,1253400,17100,25200,65000,60000,200,1108500,100
400,1,5071800,44000,15600,83000,77100,100,4903200,100
401,1,918600,27600,43100,88900,83200,200,748000,100
402,1,781200,44600,26300,63700,59000,100,637200,100
403,1,931400,31800,28900,66400,62100,100,793700,100
404,1,3791600,57700,23800,69500,63600,100,3628100,100
405,1,1111600,22200,38100,69400,64300,100,967500,200
406,1,1044100,34900,33400,67200,62000,100,877100,100
407,1,1265600,37800,49200,63900,58900,200,1108800,100
408,1,4809300,31200,30100,67500,61900,200,4674800,100
409,1,886400,38100,25600,68300,60700,100,748700,100
410,1,768800,24600,28300,67300,62700,100,637900,100
411,1,928900,32900,22000,65900,61300,100,794400,100
412,1,3938100,30600,29500,82500,75100,200,3776800,100
413,1,1147400,53200,23700,71100,62500,100,981700,0
414,1,1052400,46200,39000,63600,58900,300,889600,100
415,1,1258900,35600,33000,67300,62300,200,1114500,200
416,1,4977300,24300,28300,79800,74700,100,4827000,100
417,1,887700,25500,27500,63700,59200,100,753700,100
418,1,852800,66700,41500,64700,60100,200,637200,200
419,1,976100,35000,43500,63700,58900,100,788500,200
420,1,4009300,54400,29300,81800,75100,100,3821900,0
421,1,1142000,48800,42700,64800,60000,100,979900,100
422,1,1010100,33600,28400,64600,59400,100,877800,100
423,1,1309200,46600,27300,73700,63200,100,1149800,200
424,1,4962900,44100,25200,83100,77600,100,4797400,200
425,1,915200,40600,43200,66100,61500,100,753400,100
426,1,802300,15500,38000,63900,59200,100,674100,100
427,1,945600,44800,25700,70100,63700,100,796400,100
428,1,4011400,50200,35500,66700,60000,100,3847600,0
429,1,1105300,27400,32000,65000,60100,200,970600,100
430,1,1052500,26900,42100,64000,59200,100,879000,200
431,1,1238700,25000,26100,67700,63100,100,1107900,100
432,1,4867900,23100,32100,70100,63900,100,4727400,100
433,1,1114900,35000,39300,79600,73800,100,939100,200
434,1,778200,34200,28200,65500,60300,100,639100,100
435,1,920200,17100,35200,65700,60900,200,794400,100
436,1,3992900,44800,24900,65700,59700,300,3841400,100
437,1,1103100,17200,24800,64100,59000,200,973900,100
438,1,1032600,38000,36400,64300,59400,100,877100,100
439,1,1276400,36300,25200,65600,61200,100,1109800,100
440,1,4886400,54200,43200,71700,63100,300,4688200,0
441,1,928700,59400,28800,79600,74700,100,750100,100
442,1,826900,39300,39700,64800,59900,100,646500,200
443,1,944000,31200,37500,63800,58800,100,802000,200
444,1,3808200,25200,26100,81800,76000,0,3667600,0
445,1,1116700,44000,18200,66400,60000,200,978600,200
446,1,1072700,66900,44500,74400,65800,100,877700,100
447,1,1277200,47100,31600,64800,59000,200,1121700,200
448,1,5192600,33700,38500,67700,62000,100,5033600,100
449,1,911600,44700,33900,67200,62000,200,749600,100
450,1,794300,40400,36400,63900,58900,300,638100,100
451,1,932400,26400,32600,63600,58900,100,795500,100
452,1,3927800,48100,24600,82900,78200,100,3755300,100
453,1,1152900,60700,29600,69700,61000,100,975300,100
454,1,1051900,37300,34100,65000,60300,100,875200,100
455,1,1228700,30200,17800,66300,61300,200,1106800,100
456,1,4868700,32400,35300,83300,77100,100,4706800,100
457,1,1091100,31100,44500,66600,61600,100,933200,200
458,1,799200,40000,29600,70500,61900,200,646400,100
459,1,945500,21400,21700,66200,61200,100,798800,100
460,1,3902900,42100,26000,82900,78400,100,3726200,100
461,1,1107900,24200,33600,71600,63300,100,967600,100
462,1,1024900,25800,36500,68500,61900,200,884700,100
463,1,1254900,38400,26700,67700,62400,0,1110900,100
464,1,4781500,44300,43200,85100,80400,200,4599400,100
465,1,902300,32200,30900,79900,74600,200,749300,100
466,1,812300,44700,30600,69000,64200,100,637400,200
467,1,1090400,66400,45300,64900,59300,100,902800,100
468,1,3832500,46300,16700,78400,73500,100,3681300,200
469,1,1097600,22200,39400,64900,60600,200,965600,100
470,1,1034100,36500,39800,70000,64700,100,873300,100
471,1,1274100,42100,43600,68500,62200,200,1104000,100
472,1,4909000,24800,28000,67500,61700,100,4766300,200
473,1,941200,29700,33700,70300,64400,300,787500,100
474,1,810700,29600,36400,64400,59100,200,661300,200
475,1,944200,45400,29600,64300,58900,100,796400,100
476,1,3997000,57600,35200,80100,75200,100,3808800,100
477,1,1133600,47000,30500,69500,63400,200,968600,100
478,1,1043400,20100,45100,64700,60000,100,873800,100
479,1,1278200,25200,34200,69700,60400,100,1109400,0
480,1,5090200,56300,29300,83000,75600,200,4888600,200
481,1,975100,41000,61700,71300,64500,200,788200,300
482,1,778100,36300,32400,65200,60100,100,635700,100
483,1,945200,32200,39300,67000,61800,100,800000,100
484,1,3930000,60000,16600,79600,74700,100,3765600,100
485,1,1114700,34900,34100,69000,61400,200,965700,100
486,1,1022300,37100,40300,64000,59300,100,871300,100
487,1,1234300,22900,30300,65000,60700,200,1109200,100
488,1,4788300,19700,28800,79500,74600,100,4651400,100
489,1,931000,34300,46700,78600,73900,200,761800,100
490,1,833800,34300,34700,65300,60000,0,662500,200
491,1,930800,34600,20700,70100,62600,0,794000,100
492,1,3887000,28300,23200,80600,74700,200,3741200,100
493,1,1136600,46100,42400,66600,60700,300,968000,100
494,1,1035400,35500,40400,64000,59000,0,880200,200
495,1,1254800,42900,31000,63200,59000,100,1109900,100
496,1,6405900,64900,36600,79100,74200,200,6212900,100
497,1,900800,33100,27800,66500,61800,200,755900,100
498,1,788600,28700,35200,64700,60100,200,640100,100
499,1,970200,40800,22500,69600,60700,100,797200,100
500,1,5030600,39600,25300,91100,75800,200,4840300,200
501,1,1333900,24400,57100,68600,63500,100,1170700,100
502,1,1040300,30300,37900,63200,58800,300,873300,200
503,1,1266300,29500,55900,66500,62500,100,1108700,100
504,1,5414500,78000,36200,78700,73400,200,5214800,100
505,1,907600,45600,33300,71500,63800,200,751400,200
506,1,790700,34400,47400,65200,60100,100,637900,100
507,1,946400,39900,34200,66200,60100,0,795000,200
508,1,3894400,42200,28100,80800,74800,100,3730800,200
509,1,1190600,37300,35300,64000,58800,100,1040200,100
510,1,1029800,20400,33300,63600,58900,0,894600,200
511,1,1258900,36300,35100,66700,62200,100,1108600,100
512,1,4906800,29600,30300,78400,73300,100,4747900,0
513,1,896700,25600,41100,70400,65700,100,741000,200
514,1,791900,30300,26700,63800,58800,300,637000,100
515,1,920100,16900,36300,64600,60000,200,795300,100
516,1,3828100,31900,36700,77800,73300,100,3670900,100
517,1,1127300,33200,37600,69400,63700,100,968600,100
518,1,1034000,39000,35800,63500,59000,100,873500,200
519,1,1266100,28000,27300,63400,58900,100,1107900,100
520,1,4834400,28100,27900,86800,79300,300,4666600,0
521,1,954000,17200,54500,67200,61400,100,798500,300
522,1,776000,24700,37800,65300,60000,100,633700,200
523,1,928100,31900,30900,64800,60100,200,793400,100
524,1,3854000,24400,34800,83200,76900,200,3701800,100
525,1,1111200,36500,35900,63500,58900,100,966100,100
526,1,1025400,23700,31500,65100,59900,100,871600,200
527,1,1239300,34600,26100,64800,60300,200,1108600,200
528,1,4898400,34400,29400,80000,74100,200,4748100,100
529,1,920500,29900,37000,68400,63000,200,777700,100
530,1,825300,46100,40600,67900,59900,100,654500,100
531,1,917400,19300,27200,66400,61800,100,792600,100
532,1,3948400,56100,22600,70400,64700,300,3784000,100
533,1,1151700,38900,37000,67300,62000,200,989500,100
534,1,1019400,27300,31200,64900,60000,200,880800,100
535,1,1248000,36200,26600,63500,58900,200,1113600,100
536,1,4981400,25300,37000,71000,60500,300,4833300,100
537,1,932500,61200,25800,65200,60000,100,762300,100
538,1,809400,27300,29900,67400,62300,200,646000,100
539,1,972500,28200,40900,64100,59700,100,801800,100
540,1,3944000,26800,28400,69100,62900,100,3794300,100
541,1,1318600,56700,33700,71300,62300,100,1144300,200
542,1,1010600,30600,38400,68300,63200,100,862700,300
543,1,1248800,38100,26100,70700,60500,100,1107400,100
544,1,4994700,59600,36300,81200,75600,200,4801800,200
545,1,939200,31100,46000,67700,62400,100,780200,100
546,1,801300,39600,26000,69500,64200,100,652000,100
547,1,932500,38100,25100,67500,62700,200,794900,100
548,1,4084100,45500,38500,70600,62300,200,3918000,100
549,1,1128800,24900,30300,69900,64400,100,986300,100
550,1,1215800,78900,28500,65600,60000,200,1000300,200
551,1,1263100,31200,27900,65700,60900,100,1121700,100
552,1,5084700,44600,35700,68800,61800,300,4920400,0
553,1,1185100,55100,27500,69900,63500,200,1013200,200
554,1,783500,34300,22100,70700,65100,100,636700,100
555,1,947300,37700,42300,67500,62300,100,791800,100
556,1,3927400,35500,32100,69700,64400,200,3776000,100
557,1,1124600,30100,44700,63900,59000,100,964400,100
558,1,1008000,24800,30900,66000,61300,100,864800,200
559,1,1371100,22900,25900,65700,60000,200,1208900,200
560,1,4938800,43500,35200,68300,61900,100,4758500,100
561,1,923300,33500,48000,70000,64800,100,759000,100
562,1,807000,30100,36600,67200,62200,200,635300,200
563,1,949100,43700,35800,67900,62200,200,790400,200
564,1,3877700,30600,27200,81100,75800,100,3728400,200
565,1,1097400,33600,29400,63800,59000,100,964800,100
566,1,1007900,42100,14800,66900,62200,100,873900,100
567,1,1228100,19600,30300,64100,58800,0,1108600,100
568,1,4847600,36300,34100,73700,67700,100,4689900,200
569,1,895500,30800,32100,65300,59900,0,750300,200
570,1,794600,29900,26500,67600,62000,100,654700,100
571,1,945500,44700,28400,66600,60700,100,793000,100
572,1,3824500,50300,14100,65700,59200,0,3676100,100
573,1,1201700,43100,33300,71200,63200,200,1032500,200
574,1,1044100,36700,25000,68300,60400,100,874500,100
575,1,1235600,26200,31000,63300,59000,200,1108200,100
576,1,4790100,44300,38800,80100,74600,200,4614400,100
577,1,917100,41300,32600,79700,74700,200,750200,100
578,1,779400,33000,26900,66700,61900,100,638500,100
579,1,965700,18700,43100,71400,66900,100,794800,100
580,1,3979000,43000,50400,79100,73400,100,3781100,100
581,1,1102400,35000,24200,63800,59000,100,968400,100
582,1,1006000,24800,33600,64900,60400,200,873600,100
583,1,1243700,33100,28500,64000,59300,200,1109600,100
584,1,4776300,36200,25700,70800,64800,100,4631400,100
585,1,950300,44600,34400,65700,60200,100,789900,200
586,1,806400,38000,33700,64600,60200,200,639200,100
587,1,922200,36000,23400,63300,58900,100,794300,100
588,1,3875900,43800,31900,78900,73800,100,3715300,100
589,1,1113100,17400,42000,63600,59000,100,980600,200
590,1,1022700,31400,41300,67300,61800,100,872400,100
591,1,1247100,25900,33600,65200,60000,100,1109200,100
592,1,5117500,37800,31700,67100,61800,200,4963500,200
593,1,898900,30700,34800,65200,60000,100,751600,100
594,1,787000,40500,28700,64600,60000,100,638700,100
595,1,935800,43100,19500,71000,62600,100,793500,100
596,1,4076000,45000,34600,70400,64600,100,3911500,100
597,1,1106400,28500,24600,64900,60100,100,971100,100
598,1,1038900,33100,26100,63700,59000,100,876900,100
599,1,1269500,13600,37200,70300,63100,200,1104300,200
600,1,5130800,38900,41300,79100,73300,100,4941100,100
601,1,924900,46700,28500,79900,74700,100,759700,200
602,1,779700,30500,35100,63800,59000,100,644200,100
603,1,922600,18200,32500,67000,62200,100,799000,100
604,1,3830200,47400,16900,89800,78600,200,3667900,100
605,1,1210700,31900,43600,63600,58700,100,1056400,200
606,1,1011500,25200,38400,63600,58700,200,874400,100
607,1,1238900,25300,31100,64000,58900,0,1108000,200
608,1,4826100,29400,38000,82000,74900,300,4664200,100
609,1,884500,25600,37100,63400,58800,100,748000,100
610,1,808500,33400,40000,65000,60000,100,634600,100
611,1,916300,17000,18000,68600,63200,100,799900,200
612,1,4044700,61400,31400,68500,62400,100,3864800,200
613,1,1130400,25000,45200,66600,61400,100,975900,200
614,1,1020800,28900,38700,64900,60100,100,876500,100
615,1,1238500,31600,25900,64100,59100,200,1109700,100
616,1,5125000,33900,44000,72800,67700,100,4957200,200
617,1,1110800,35600,51900,66100,61100,100,933400,200
618,1,806600,43800,33700,68100,60100,200,639500,200
619,1,968500,23300,39300,70000,64800,100,793800,200
620,1,3934900,42200,49000,80400,74700,100,3735200,100
621,1,1111200,30000,32700,64100,59100,200,973900,100
622,1,1036500,42600,21600,66800,61500,100,874500,100
623,1,1240300,32700,29700,63900,59100,200,1108800,100
624,1,4983900,62400,38900,67200,62200,300,4808800,100
625,1,1044500,24900,41800,68200,62400,100,898100,200
626,1,805000,39200,33200,68400,60500,200,653900,200
627,1,922300,21200,36700,65100,60000,100,789700,200
628,1,3869900,25100,43200,67800,62700,100,3725100,100
629,1,1208500,40800,35200,127500,61400,100,991200,100
630,1,1018900,23400,35500,65900,60000,100,872100,200
631,1,1260700,32100,34700,66700,61500,200,1109500,200
632,1,4800400,51500,34000,86600,80800,100,4611600,0
633,1,939900,56100,45100,75800,71300,100,748000,100
634,1,802300,22500,33500,74300,65700,300,638200,100
635,1,945900,39200,31600,70300,64500,200,796000,100
636,1,3841900,45700,28300,70600,61600,100,3682000,200
637,1,1201000,40100,42800,68000,63200,100,1035400,100
638,1,1023600,35000,27600,64300,59000,100,882200,100
639,1,1271800,31200,27200,64000,59000,200,1110800,100
640,1,4841500,33900,27300,86500,81300,100,4665300,100
641,1,901100,34300,27700,78500,73600,100,749300,100
642,1,777500,32300,26400,68000,62400,100,639500,100
643,1,939900,37400,26800,69400,61600,100,795000,200
644,1,3865300,40400,29900,85200,78600,200,3697000,100
645,1,1222100,33900,54400,63900,59900,200,1056800,200
646,1,1036800,31800,41500,66700,62200,200,863400,200
647,1,1281100,37500,39500,65700,60200,200,1131900,100
648,1,5325100,169300,54300,73600,63200,200,5016900,200
649,1,927500,30400,37900,68100,63100,200,783900,100
650,1,785700,22300,31100,63900,59200,100,657100,100
651,1,943900,38900,23500,63800,58900,200,805600,100
652,1,3969400,29700,27800,70100,64400,200,3826300,100
653,1,1136100,46500,32600,65100,60400,100,974500,100
654,1,1013700,23900,23900,69600,64200,100,880200,100
655,1,1267600,29100,30800,70200,64300,200,1119600,100
656,1,5009700,50800,31700,67200,60800,200,4841700,100
657,1,1040100,44500,43500,64400,59100,100,862600,200
658,1,789500,20900,21100,65100,60000,100,642600,100
659,1,978400,31300,34000,67200,61900,100,804700,100
660,1,3918400,28300,32200,67800,62100,100,3766500,100
661,1,1099000,29500,35100,63800,59500,100,965000,100
662,1,1018600,29100,39900,70300,64900,100,871400,100
663,1,1269400,32600,31100,65600,60600,100,1129800,200
664,1,4935900,42300,24500,66900,64400,100,4789800,100
665,1,918300,27800,40700,68900,63700,200,764800,200
666,1,777500,20600,34600,68000,63000,200,644500,100
667,1,917000,15400,23000,65900,61200,200,805500,0
668,1,3924700,21100,34800,80600,75200,200,3778500,100
669,1,1233500,42000,39800,68400,60600,200,1073100,100
670,1,1045600,30300,39900,65300,60400,0,871000,200
671,1,1265500,37300,42600,66500,61700,100,1108100,100
672,1,4788400,31800,24500,68600,62500,200,4647700,100
673,1,1016100,47800,48100,63200,58800,100,845300,100
674,1,788900,51100,22700,63700,59000,100,641100,100
675,1,939500,35600,39100,63500,58700,300,793900,100
676,1,3910600,39600,35800,78800,73300,100,3743300,100
677,1,1137200,19500,36500,69700,64700,100,990100,200
678,1,1018400,33500,33500,64900,60100,100,870200,100
679,1,1288000,47400,28400,64500,59900,100,1108500,100
680,1,5030700,48600,47500,78600,73800,300,4827400,0
681,1,904900,22200,55800,64900,60000,100,752300,100
682,1,779500,24200,21100,64600,60000,100,638600,100
683,1,934100,27900,42300,63500,59100,100,795000,100
684,1,3877200,43600,29600,78300,73500,200,3719900,100
685,1,1104700,20700,38200,74100,69100,100,965900,100
686,1,1000900,27300,26100,67800,62700,100,873000,100
687,1,1236700,27300,31800,64500,59900,100,1107700,100
688,1,4736700,30900,29500,72700,65900,100,4596400,100
689,1,910400,29200,39500,82700,77500,200,748700,100
690,1,805500,48300,34900,69900,64500,0,638200,100
691,1,914600,22000,24300,63500,58900,200,792800,200
692,1,3815500,42700,19000,64700,59900,200,3672500,100
693,1,1090100,21500,20800,65200,60000,100,968000,100
694,1,1027400,33000,25700,63600,58800,100,873400,100
695,1,1234700,26100,30300,63500,58800,100,1108300,100
696,1,6273700,30800,34000,82400,74700,200,6116700,0
697,1,1063500,27500,40200,67700,62500,100,911500,200
698,1,790000,31500,34600,74800,69800,200,633700,200
699,1,959400,26000,35300,66700,61800,100,794800,100
700,1,4789400,49500,32200,79900,75200,200,4603100,100
701,1,1101900,29300,26500,66400,62000,200,969200,100
702,1,1005400,28700,34900,63800,58800,100,865100,200
703,1,1252200,46900,34600,64300,59900,100,1099700,200
704,1,4940500,32500,33800,82200,75400,200,4779900,100
705,1,916700,32300,30100,78800,73500,100,765900,100
706,1,830900,47100,27300,70300,62400,200,653300,200
707,1,935800,30000,29200,70600,65000,100,799000,100
708,1,4077000,43800,19700,94800,86200,200,3906300,300
709,1,1156200,19200,36300,69800,63400,200,1018900,200
710,1,1036900,26600,55300,65700,60500,0,871900,200
711,1,1261700,44200,27700,67300,61900,200,1108200,100
712,1,5297700,67300,26500,71800,63700,100,5110900,200
713,1,1084600,36200,27800,64500,59400,200,930600,100
714,1,808100,49200,35800,68000,59900,100,638900,100
715,1,962600,32500,38800,68000,62600,200,812000,100
716,1,5311600,47000,46900,80500,74800,200,5112300,300
717,1,1154400,16100,24000,66900,59900,100,1025000,100
718,1,1088100,51400,36100,80200,74700,200,872200,100
719,1,1286000,27800,37100,67700,62800,0,1108200,100
720,1,6238500,83500,35100,81200,74800,100,6012100,100
721,1,891500,36500,34300,65500,60100,200,749100,100
722,1,753000,22200,22200,66700,62200,100,632100,200
723,1,939500,37200,38300,64000,59100,100,794100,100
724,1,4115300,27000,24000,68300,62300,200,3986100,100
725,1,1156900,46200,30600,67000,62200,100,1000900,100
726,1,1015500,38400,27200,66600,62000,100,870800,100
727,1,1240200,34000,22800,67500,62200,100,1108800,100
728,1,5220500,60300,38600,83500,75100,100,5021700,200
729,1,946000,37200,26200,72400,63400,100,792800,200
730,1,822400,29500,44500,66100,60900,100,643300,100
731,1,915400,19600,23700,66200,61100,100,792700,100
732,1,3915500,39400,24300,80700,74800,200,3757000,100
733,1,1238500,24100,43300,69000,63100,100,1087700,100
734,1,994800,23200,23000,65000,60000,100,872500,100
735,1,1257800,47100,30500,64800,60000,100,1108500,100
736,1,4846600,46100,17000,70800,62500,100,4692900,100
737,1,918500,48000,40500,64600,59900,100,746600,100
738,1,786500,21800,34500,63800,58900,100,644700,200
739,1,963900,36500,21300,67300,62100,100,794800,200
740,1,3877000,43500,28300,80800,75600,200,3696700,100
741,1,1115600,39400,29600,68200,63000,100,968900,100
742,1,1008400,19800,15900,65700,61200,200,873000,100
743,1,1242600,22600,36100,70800,64500,100,1107700,100
744,1,4763200,21400,28400,81900,74700,100,4626000,100
745,1,919000,27800,69900,67900,63300,100,747900,100
746,1,742700,16200,17800,64700,60100,200,638200,100
747,1,918800,17200,38800,64000,58900,100,789700,200
748,1,3804000,36000,14700,70100,64200,200,3672800,100
749,1,1169700,27200,41400,69700,64500,100,1014300,200
750,1,1031200,39600,34800,70100,62200,200,871600,100
751,1,1246800,28200,33700,63600,59000,0,1108300,100
752,1,4792300,52400,32200,76700,71900,200,4614300,100
753,1,924000,38700,38100,70100,65000,200,761800,100
754,1,844100,63300,33500,64600,59900,200,647600,200
755,1,924400,19100,42800,66400,61000,200,787200,100
756,1,4136300,58000,37000,79800,73800,100,3950100,100
757,1,1132900,39200,36400,79400,74600,300,965100,100
758,1,1001400,17900,33500,63500,58900,100,874200,100
759,1,1268800,19300,41100,63400,58800,0,1108500,200
760,1,4807700,55400,24800,80800,74800,300,4622200,100
761,1,909700,42000,28700,70800,64400,100,754800,100
762,1,821300,23700,29100,67000,61500,100,686300,200
763,1,943700,38000,38500,63800,59100,100,796600,100
764,1,4007100,141800,36600,85300,75200,100,3732400,100
765,1,1152300,21500,38300,69900,63800,100,1006900,200
766,1,1030000,27700,25100,68300,63100,100,875900,100
767,1,1237600,19000,33300,63800,58900,100,1108000,200
768,1,4903900,37100,29500,69200,63200,100,4756900,100
769,1,1065600,39700,32300,65700,59900,100,915600,200
770,1,791800,31400,33600,69800,64300,100,638600,100
771,1,958700,44200,39100,68400,60500,100,794500,100
772,1,3916100,32500,35700,85600,79800,100,3746500,100
773,1,1095600,22300,25600,64400,59900,0,966200,200
774,1,1009200,33000,19300,68400,62900,100,874400,100
775,1,1273800,40100,46900,67100,62400,100,1107900,200
776,1,4865200,44100,34100,70600,62000,100,4701000,0
777,1,908800,34700,36100,69300,61100,200,747200,200
778,1,899600,23800,32200,66800,60000,200,737100,100
779,1,1016200,56800,45000,72400,63500,100,798500,200
780,1,3897600,39300,33200,67200,63600,200,3729500,200
781,1,1098900,30100,26400,65400,60000,100,971700,100
782,1,1013400,32500,35100,67100,62100,100,872900,100
783,1,1269000,42700,43600,65600,60000,100,1109100,100
784,1,5086100,48900,28000,79400,73600,100,4916300,200
785,1,892600,27900,29600,70600,65200,100,750600,100
786,1,776000,33800,22500,67500,62600,0,638000,200
787,1,918800,16900,32900,65900,60800,100,793500,100
788,1,3922400,43400,50700,74400,64800,200,3739100,300
789,1,1117100,26100,41200,69700,61500,0,969200,200
790,1,1019200,26100,16400,66000,60900,100,874300,100
791,1,1316900,23200,28600,69600,64300,100,1179000,200
792,1,5066100,33800,28600,83700,76700,100,4900800,200
793,1,891000,22900,27800,65600,60100,100,761600,100
794,1,794000,41500,33100,67500,59500,200,638000,200
795,1,904400,26100,12500,64300,60000,100,794100,100
796,1,4025200,42700,24200,82100,74900,100,3858100,100
797,1,1135700,40300,42300,68800,63600,200,966000,100
798,1,1037500,42000,29900,73100,65100,200,875300,100
799,1,1290100,29800,46100,63800,59300,200,1109300,200
800,1,4989500,25700,31500,84200,77900,100,4816900,100
801,1,889700,22800,35500,68500,62900,100,751300,100
802,1,800800,27300,38700,65100,60000,100,633800,200
803,1,923800,37400,21900,65300,60900,100,793600,100
804,1,3814500,43700,37400,89800,79800,200,3633000,200
805,1,1119300,38200,34500,68300,62600,100,969100,200
806,1,1024600,32000,37100,71900,66500,100,875200,100
807,1,1224200,23600,16800,66000,60400,200,1107900,200
808,1,4805600,22600,31100,81500,76500,100,4662400,100
809,1,931600,52800,39400,80700,74800,100,747900,100
810,1,772900,17600,38400,66500,61500,100,636700,100
811,1,958300,38100,41100,67700,63000,100,794600,200
812,1,3864200,55700,35100,64100,58900,100,3694400,100
813,1,1133600,56900,27700,65400,60800,100,968600,100
814,1,1036000,31600,32900,63800,59100,100,872400,100
815,1,1234000,27300,23600,65100,60000,100,1110600,100
816,1,4785200,36400,27400,82000,76700,100,4629700,0
817,1,888000,31100,31500,64400,59900,200,748300,100
818,1,791300,29600,42400,67300,61900,0,637700,100
819,1,1057100,27400,19900,65200,59300,100,899200,100
820,1,4072600,109000,31600,72600,63500,200,3829400,200
821,1,1135100,32400,31300,65400,60000,0,994800,100
822,1,1043100,48600,26200,69300,61200,100,889000,100
823,1,1248300,26500,32700,64800,60000,0,1117600,100
824,1,5009800,60800,27400,78800,73400,200,4832700,100
825,1,920600,32800,32100,79500,74000,100,765900,0
826,1,813500,40400,27500,67000,62200,100,647200,0
827,1,939600,31300,35500,67100,62100,100,800500,100
828,1,3996900,48500,26600,81300,74700,200,3835000,100
829,1,1139100,42300,45300,70100,62400,200,975400,100
830,1,1019400,28800,38000,64600,60100,100,877500,100
831,1,1237900,24000,27300,63400,59100,100,1111100,100
832,1,4885000,22800,26600,70800,66000,100,4746200,100
833,1,914600,36900,28100,78500,73200,300,753600,100
834,1,782500,32300,31300,64200,58900,100,640500,100
835,1,935600,30900,29400,69300,64200,100,795400,100
836,1,3977500,20400,28000,68800,63000,100,3841400,100
837,1,1173400,45700,61200,65600,59900,100,980500,100
838,1,1055700,38800,38500,68100,62100,200,866600,200
839,1,1288000,47600,23900,70200,61800,100,1107700,100
840,1,4876300,62400,24900,72300,63600,200,4690200,100
841,1,903700,44400,27100,67700,61900,200,757000,100
842,1,776400,30200,29200,65300,60300,100,641400,200
843,1,928400,25500,39000,65200,60000,100,793000,100
844,1,3866400,49300,31100,67900,62000,200,3708100,100
845,1,1310100,28900,23000,69800,64000,100,1171200,200
846,1,1028600,38100,33500,68400,63100,200,876400,100
847,1,1271300,46200,38700,65100,60000,200,1110000,200
848,1,4834500,41000,28400,78800,73600,200,4676900,100
849,1,908600,34200,44300,70300,63900,200,747600,0
850,1,859400,30600,35600,69800,64600,100,675200,100
851,1,929500,26100,31100,65100,59900,200,794800,100
852,1,3862000,39000,41500,80100,74900,100,3689100,0
853,1,1107600,33500,31600,63800,59000,100,967300,100
854,1,1049400,21300,25900,118300,59000,100,872100,100
855,1,1242500,33100,19600,65000,58900,300,1111300,200
856,1,4846000,36900,51400,71000,65800,100,4665300,100
857,1,896300,30400,27200,68900,63500,100,749200,0
858,1,796400,29200,36600,69300,61000,0,639800,200
859,1,1023200,34700,32600,65700,59900,100,846100,200
860,1,4019900,37800,34300,78600,73500,100,3836800,200
861,1,1137000,49700,42200,64600,59900,0,970300,100
862,1,1042800,40100,30900,66600,61500,100,873000,0
863,1,1246900,39200,16700,66400,61500,100,1117100,100
864,1,5122800,26500,28300,70900,63100,100,4983900,200
865,1,910400,28400,34700,65800,60000,100,773200,100
866,1,785900,29800,39500,65400,60100,100,640500,200
867,1,910400,19200,25000,64800,60000,100,795800,100
868,1,3913200,56700,31200,67400,60700,200,3747500,0
869,1,1109900,15900,45700,65100,59900,100,969800,100
870,1,1031300,34700,39600,69400,61000,200,872800,100
871,1,1261200,32600,39500,66500,61600,100,1109400,100
872,1,4852700,48900,37200,82400,76900,300,4667500,100
873,1,902700,31200,37600,65700,60900,100,752400,100
874,1,800800,31900,28600,64300,59000,100,640600,100
875,1,952900,48700,39000,63700,58800,100,794500,100
876,1,4009600,37100,29300,78500,73300,100,3850900,100
877,1,1097700,30700,19500,65000,59900,100,969100,100
878,1,994800,21100,18400,68900,64200,100,873600,100
879,1,1286500,43700,28900,65100,60100,100,1110100,100
880,1,4839700,31700,27200,69700,63300,100,4684600,0
881,1,924700,24600,32500,64700,60000,200,791300,100
882,1,800300,27600,37400,63500,59200,200,662200,100
883,1,932500,25800,17600,71500,63700,200,810700,100
884,1,3916800,23200,19900,66700,61900,200,3797100,100
885,1,1117300,24900,34700,68800,63100,200,978400,100
886,1,1181800,26200,20600,65300,60400,100,1037500,100
887,1,1233200,33200,15300,64600,60100,300,1114700,100
888,1,5052700,54000,32100,75300,66400,100,4883900,100
889,1,1113400,41200,21100,70200,64700,200,970200,200
890,1,815200,31000,44800,68500,62200,100,652800,200
891,1,954900,30600,34900,65300,59800,100,802900,200
892,1,4801300,31200,17900,66600,61300,100,4664000,200
893,1,1153400,49700,53000,67900,60000,100,963400,100
894,1,1014200,31100,30300,65200,60000,0,871400,100
895,1,1239200,26700,31100,63200,59100,0,1109400,100
896,1,7244700,39900,37600,86300,81400,300,7061500,100
897,1,885300,29300,15100,69200,63700,100,749400,100
898,1,803500,17800,33300,63900,59000,100,639900,200
899,1,941400,18500,22400,63600,58900,100,793500,100
900,1,5520100,41400,31500,69600,63500,200,5347500,100
901,1,1256900,29000,50500,64800,60000,100,1105700,100
902,1,1019700,19800,35400,66200,61100,100,888500,200
903,1,1247600,27600,41800,63700,58900,100,1108700,100
904,1,5751200,50900,35000,72800,63900,200,5578900,200
905,1,891400,27700,31300,65800,60100,200,752300,100
906,1,801400,37300,40600,70300,65200,100,638500,200
907,1,940100,33100,24400,66000,61400,100,809500,0
908,1,4105000,69500,20100,81000,74700,100,3920700,100
909,1,1244900,28100,38300,63100,58800,100,1099500,200
910,1,1085100,49700,28200,74400,66600,100,894900,100
911,1,1295700,38000,24500,64500,59500,200,1156100,0
912,1,4958200,39600,26900,80300,74700,200,4797900,0
913,1,898900,21400,43400,68100,62800,100,748300,200
914,1,798700,36200,50800,63800,58900,100,636300,200
915,1,915100,17800,30500,66000,61200,100,793200,100
916,1,4047200,44300,24400,82300,75300,200,3879400,100
917,1,1212300,43100,18600,68700,62800,100,1054200,200
918,1,1056300,53200,36200,70400,61300,200,873900,100
919,1,1325700,48500,47500,64200,58700,200,1118600,100
920,1,4914700,34600,30500,70200,65000,200,4745200,200
921,1,916400,41900,22100,79700,73400,0,758100,200
922,1,816400,53000,22300,68600,59900,200,638100,100
923,1,1102100,106900,42800,69200,62500,100,871600,200
924,1,3889300,22400,29900,80900,74800,100,3747500,100
925,1,1179900,40000,61500,66700,61800,100,1002500,100
926,1,1015400,35400,26900,69200,64000,100,875100,100
927,1,1349300,20800,38700,69400,63700,200,1211500,200
928,1,4959800,43400,54400,80100,73800,200,4763300,100
929,1,1055700,28400,61000,66200,61100,100,877600,200
930,1,773700,25900,26900,64100,59000,100,641700,100
931,1,955200,44400,35200,63600,58700,100,798300,100
932,1,3861000,17300,28400,67100,61700,200,3730800,100
933,1,1110300,32200,21100,74300,69200,100,967000,100
934,1,1027400,24600,34000,65100,60100,100,863800,200
935,1,1238600,26600,31000,63200,58900,100,1108800,100
936,1,4886000,57700,39800,83200,77900,200,4695600,100
937,1,897500,18400,45600,64700,60200,100,755400,100
938,1,817100,33300,45500,64500,60000,100,657400,200
939,1,959900,46000,17100,63400,58800,100,793900,100
940,1,3931400,36500,23100,72200,65200,100,3771500,100
941,1,1132100,29700,37900,64700,59900,200,984900,100
942,1,1019300,36500,27700,64300,59300,100,880600,100
943,1,1243400,33200,23300,65500,60400,100,1114600,100
944,1,4906900,31500,30500,81700,74900,200,4750100,100
945,1,899900,28200,38800,65100,60200,100,753600,200
946,1,811100,34200,25100,80100,74800,100,639500,100
947,1,917100,33500,19700,64200,58900,100,794400,100
948,1,3989900,105400,28200,77900,73400,300,3773000,100
949,1,1120700,23400,55600,70000,61900,100,966300,100
950,1,1018200,36200,29400,68700,63200,100,870800,100
951,1,1245900,26200,29100,64100,58900,100,1109000,200
952,1,5056600,65400,38100,75400,66100,200,4853800,100
953,1,922500,38600,36900,67800,62700,100,761600,100
954,1,784100,30500,30100,65400,60500,100,644300,100
955,1,936200,34300,24900,65700,60600,100,799100,200
956,1,3930300,38000,24700,80300,74700,100,3773600,100
957,1,1128900,46800,28200,68800,63200,100,965900,0
958,1,1082800,59300,40200,63900,58800,100,872800,200
959,1,1288200,37100,34700,65000,60100,100,1109000,200
960,1,4856100,45400,35900,68000,62000,200,4676300,100
961,1,937200,47100,30600,71900,63600,100,770800,200
962,1,785700,43900,27400,71500,63300,300,636500,100
963,1,932900,21800,45800,65300,60200,100,794300,100
964,1,3891700,44200,35900,64000,59000,100,3738900,0
965,1,1109600,29400,29800,65800,61200,100,973700,100
966,1,1015900,32600,35500,66300,61800,200,871800,100
967,1,1266100,40300,34400,70300,64900,100,1108800,100
968,1,4832600,31000,31800,83300,74900,100,4665300,100
969,1,949100,17700,52500,78700,73600,100,784300,200
970,1,793900,29200,23000,65100,60100,100,640100,100
971,1,942000,36500,38000,63400,58900,300,792500,100
972,1,3901400,60100,30400,70200,61200,200,3726400,100
973,1,1105400,33800,26400,66600,61500,0,966400,100
974,1,1007400,36500,23600,64000,59100,100,873400,100
975,1,1236000,39200,17100,64900,60000,100,1108000,100
976,1,4770300,32900,26300,84700,77300,100,4614200,100
977,1,917100,37600,38500,64100,59300,200,758800,100
978,1,821800,37000,48500,66000,60200,100,641100,200
979,1,1010400,46700,44900,67500,61900,200,807100,100
980,1,4148000,60600,36900,68700,62500,100,3950000,100
981,1,1234900,34100,44500,66000,61000,200,1074900,200
982,1,1041500,36800,29900,70100,64900,100,874000,100
983,1,1238800,31900,26300,65600,60100,200,1108300,100
984,1,5230200,40700,38000,65200,60300,100,5078800,100
985,1,910800,35000,41300,65600,60800,0,761500,100
986,1,826100,66400,29200,72700,62800,100,649800,100
987,1,924400,23700,25500,66200,60200,100,797600,100
988,1,3901100,38200,33000,83900,78200,200,3735500,100
989,1,1090900,26900,23000,63700,58900,200,966200,100
990,1,1008700,26300,30900,63700,59000,100,873300,100
991,1,1236500,24700,26600,63300,58800,100,1108600,100
992,1,5029600,36000,38400,78500,73700,100,4856300,0
993,1,889200,29000,26100,67400,63000,200,750600,100
994,1,790600,18700,36200,63300,58700,100,637600,100
995,1,941200,21000,29200,66900,60200,200,816700,100
996,1,4028700,21700,45300,65400,60000,200,3885700,100
997,1,1415600,37100,35900,66000,60100,200,1258000,200
998,1,1068400,39200,24400,64600,59000,200,919600,300
999,1,1287600,22400,35700,64700,60000,200,1121600,100
1000,1,5157300,39100,36700,81800,76600,100,4973200,100
1001,1,920100,48300,36300,64600,59200,200,757600,100
1002,1,803000,35500,39100,69300,63300,100,643000,200
1003,1,987300,50600,25800,64200,58900,200,834000,200
1004,1,3886300,48500,37200,80400,74900,100,3708500,100
1005,1,1095500,21200,29000,66900,62000,100,967800,100
1006,1,1038200,26300,41100,66600,61800,100,872800,100
1007,1,1252100,28600,36600,70000,62400,300,1109400,100
1008,1,4907300,46500,20400,67900,62200,100,4762800,100
1009,1,968000,37600,41300,68500,62700,100,809000,200
1010,1,812100,39500,41700,68200,60700,100,649300,100
1011,1,946100,29600,42300,65000,59000,200,791600,200
1012,1,3947300,33200,43200,79100,74000,200,3771400,100
1013,1,1113000,20500,40000,66500,60000,100,968800,100
1014,1,1014600,26500,32800,65100,60000,100,876400,100
1015,1,1256600,24700,45100,68800,63700,100,1110000,100
1016,1,4859700,34100,30500,80000,74600,200,4700800,0
1017,1,902400,33200,33500,65300,60300,100,748600,100
1018,1,819800,34800,41800,63700,59000,200,640500,200
1019,1,968900,37600,32200,65600,61300,100,794700,100
1020,1,3892000,58400,26600,80200,74600,200,3703900,100
1021,1,1092400,30300,24800,65100,60400,200,966800,100
1022,1,996200,21900,29800,67000,61800,100,871700,100
1023,1,1240900,32900,20900,71200,65800,100,1108600,100
1024,1,4944300,54600,17500,73000,61700,200,4779600,400
1025,1,1017200,37500,42500,68700,60800,100,852100,300
1026,1,793500,38400,36900,66200,61300,100,638900,200
1027,1,933800,33100,35800,64900,60300,100,793500,100
1028,1,3866400,47500,22800,68000,62800,300,3716100,100
1029,1,1126700,35700,44400,65400,59900,100,966700,200
1030,1,1040200,35000,32300,64000,58900,200,873300,100
1031,1,1238400,26400,23000,68900,63900,100,1108700,100
1032,1,4728900,20500,29900,68900,62800,200,4597300,100
1033,1,888800,18500,44000,67500,61600,100,745700,0
1034,1,774300,32400,26500,66800,61800,100,637600,200
1035,1,943700,36500,30800,67500,60200,100,798700,200
1036,1,3875000,40600,57200,79600,74800,100,3684400,100
1037,1,1117600,34000,17200,68400,63900,100,980200,100
1038,1,1018500,33800,16500,66200,60000,100,886100,100
1039,1,1253800,17900,16300,63400,59000,100,1117700,100
1040,1,5071700,37600,45600,78900,73900,200,4882100,0
1041,1,877900,31300,17900,65300,60100,200,753200,100
1042,1,834000,35000,44100,64500,58900,0,653500,200
1043,1,909100,23500,17400,64900,59900,200,796600,100
1044,1,3941900,38800,28600,83500,77300,200,3779700,200
1045,1,1122900,39200,27100,71900,62200,200,976600,100
1046,1,1015900,31200,31600,65400,60700,100,874600,200
1047,1,1236300,28600,29200,65100,60100,100,1108000,100
1048,1,4808900,54800,27000,79800,74900,300,4635700,0
1049,1,901000,33000,28400,78700,74000,100,749900,100
1050,1,754100,16200,24000,63400,58800,0,636200,100
1051,1,953000,29200,49300,63800,58800,100,794400,200
1052,1,3855400,26000,33700,78800,73700,300,3695300,200
1053,1,1099500,31000,19400,66400,61700,100,966600,100
1054,1,1079200,27500,24800,67000,61700,100,924200,100
1055,1,1299900,54000,38400,72300,62600,200,1122600,100
1056,1,5216700,48600,40100,76000,69800,200,5030200,300
1057,1,923700,26200,33300,65200,60000,200,780200,200
1058,1,789000,42100,28100,65100,60000,200,638600,100
1059,1,972600,32800,33300,64100,59000,200,794300,200
1060,1,3996200,22800,27900,79700,74800,100,3841300,100
1061,1,1169300,31000,40600,65300,60500,200,1020900,100
1062,1,1103400,53800,41700,69800,63500,200,924400,0
1063,1,1235800,19900,26900,68700,63500,100,1108700,200
1064,1,5070000,37900,35200,86300,78800,200,4897800,100
1065,1,1046400,29000,57900,65800,60000,100,877000,200
1066,1,818000,25500,38300,64600,59400,100,654800,100
1067,1,947200,39800,31700,69500,64200,200,796900,100
1068,1,3974500,45500,55300,80300,74800,300,3788000,100
1069,1,1113700,38300,31600,69600,64200,100,966300,100
1070,1,1002900,18400,18700,70900,64800,200,872700,100
1071,1,1265300,26000,31300,74000,62400,100,1111100,200
1072,1,4838800,29400,36900,67900,62200,100,4683400,200
1073,1,909200,36300,38000,67100,58900,100,749900,100
1074,1,791600,40800,26600,69700,64400,100,638800,100
1075,1,953300,39700,24200,68700,60700,0,807900,100
1076,1,4065300,19900,38000,68000,63500,100,3924100,100
1077,1,1142000,44600,47400,66500,61500,100,966400,100
1078,1,1049800,41400,29500,66900,62000,100,875300,100
1079,1,1310400,41000,33800,66900,60900,200,1128400,100
1080,1,4821500,53900,33000,78600,73600,100,4630900,100
1081,1,885400,28600,37300,67000,62100,100,747300,100
1082,1,782000,45500,23600,69300,64500,100,637600,100
1083,1,948700,38300,41700,64100,58900,100,795500,100
1084,1,3847900,33200,36500,78100,73200,100,3691600,100
1085,1,1133800,45800,36000,69000,63100,100,969600,100
1086,1,1019500,34300,24500,65000,60100,100,880300,200
1087,1,1240500,32000,28400,65300,60000,100,1108200,100
1088,1,4792700,36900,39700,85100,79700,200,4618500,100
1089,1,1084300,37300,46900,66500,61300,100,918600,200
1090,1,812500,28100,41800,67600,62700,100,639500,100
1091,1,941900,33400,33500,66300,61700,100,797500,100
1092,1,3842100,33700,35500,78800,73900,200,3679100,100
1093,1,1105500,27400,24100,69000,63500,100,972000,100
1094,1,1034500,31700,36800,68600,60400,200,882800,200
1095,1,1265200,36400,42900,66300,61500,100,1112000,100
1096,1,6291200,17800,36800,81600,75200,100,6141700,100
1097,1,1027400,43800,41300,68700,60500,200,850600,200
1098,1,800100,30900,36200,70700,63200,100,640800,200
1099,1,959600,24500,39500,66100,61500,200,792000,100
1100,1,4807400,58000,23700,84000,78600,100,4617000,100
1101,1,1110700,25200,42100,66100,61300,100,967400,100
1102,1,1019600,18100,32300,65400,60900,200,874000,100
1103,1,1252000,30200,31600,63800,58900,200,1118300,100
1104,1,5018300,62200,48100,81400,75100,200,4815700,200
1105,1,911300,35800,36300,68800,62800,0,762000,100
1106,1,786400,31200,40200,63800,59100,200,644400,200
1107,1,941100,30900,35800,66900,62000,100,798300,200
1108,1,3956800,32700,24500,70800,64600,200,3820900,100
1109,1,1120800,29500,31400,65300,60400,100,983200,0
1110,1,1020300,24000,39400,64500,60100,0,877500,100
1111,1,1261700,35900,40500,63600,59200,100,1108900,100
1112,1,5040900,57900,31500,79900,74400,200,4854000,100
1113,1,893700,28700,20400,67000,61800,100,761500,100
1114,1,801800,20900,17300,82600,76800,100,645200,100
1115,1,923900,32800,21000,63600,59000,100,798900,100
1116,1,3990900,44100,42000,69500,64800,200,3825700,100
1117,1,1119200,34400,30800,67400,61800,100,971600,100
1118,1,1026500,33200,35600,65200,60000,100,874600,100
1119,1,1258600,16200,29500,63400,59000,100,1109600,100
1120,1,4933100,33000,32400,82500,75200,200,4755700,100
1121,1,907300,30800,52400,64700,60100,200,748700,100
1122,1,774200,32700,28100,63900,59000,100,640100,100
1123,1,920400,28300,22700,65900,61600,0,796700,200
1124,1,3902800,20600,31900,78200,73300,100,3761800,100
1125,1,1116400,42600,16900,77800,72500,100,969200,100
1126,1,1046100,40600,28000,70600,64700,100,875400,100
1127,1,1240900,34100,20700,70200,61500,200,1109000,100
1128,1,4879000,44200,40400,80800,75100,100,4707600,100
1129,1,1071100,55600,47700,65300,60400,100,893600,200
1130,1,804700,51700,35700,69000,64000,100,638100,100
1131,1,930500,24200,35900,64600,60000,0,793200,100
1132,1,3936400,55500,32100,80300,74900,300,3753300,100
1133,1,1116400,33600,28600,70200,65500,100,966900,100
1134,1,1020700,35600,28500,65200,59900,100,873400,200
1135,1,1235000,23200,28100,65300,61000,200,1110200,100
1136,1,4817700,30000,34000,68100,61700,200,4670900,100
1137,1,894000,23500,27300,79300,74300,200,747000,100
1138,1,810600,39700,28900,65000,60300,0,637200,100
1139,1,952700,26400,31900,63400,58800,100,793700,100
1140,1,3872600,33700,23700,79400,74800,200,3713700,100
1141,1,1102900,26300,38800,66600,62000,200,966000,100
1142,1,1001900,33100,17900,69200,63500,200,874000,100
1143,1,1251900,28100,32200,67400,63100,100,1114000,200
1144,1,4778800,40600,21100,83000,75100,100,4623500,100
1145,1,969500,55100,41700,72100,63200,200,781700,100
1146,1,809600,39200,48200,67200,62200,100,640300,200
1147,1,937900,33900,32200,67900,62800,100,795100,100
1148,1,3975600,29100,30000,70900,63500,100,3831000,200
1149,1,1224300,29600,52800,67900,62500,100,1058300,300
1150,1,1031600,37700,15200,64600,59100,200,873600,200
1151,1,1247800,26700,35100,66800,61600,100,1106900,100
1152,1,4897600,19000,28700,69400,62600,200,4762200,100
1153,1,919200,56600,25000,68800,63100,100,757700,100
1154,1,814900,43900,49100,66100,60100,0,639600,200
1155,1,924900,25300,23800,69700,61700,100,794700,200
1156,1,3983300,49800,32000,75900,66200,200,3809800,100
1157,1,1211300,34900,31500,67600,62300,100,1052200,200
1158,1,1008900,28900,22500,65100,60000,200,875300,100
1159,1,1272200,31700,26400,65100,60000,100,1109600,0
1160,1,4824400,44500,36500,78400,73700,200,4638100,0
1161,1,881900,20400,28100,78000,73200,0,745700,100
1162,1,821500,27600,39200,78800,72800,200,638900,200
1163,1,929000,25800,32700,65900,60000,100,794500,100
1164,1,3824800,31800,23100,81900,76600,100,3681800,100
1165,1,1098700,38500,15600,69400,64100,200,968000,100
1166,1,1022300,38900,32500,68600,63000,200,873600,100
1167,1,1253300,29800,39300,66400,61200,100,1107900,200
1168,1,4778800,38500,45100,80400,75200,100,4606500,100
1169,1,894200,35100,35700,63700,59000,100,748200,200
1170,1,769500,16300,35600,65100,59900,0,637300,100
1171,1,957000,43100,36400,70900,62200,200,794000,100
1172,1,3885200,41600,33500,83700,77300,100,3709800,100
1173,1,1124500,31100,27800,69000,63300,100,978700,100
1174,1,1043700,28700,28900,65600,60700,100,876900,200
1175,1,1245600,26200,20400,65400,60500,100,1126100,100
1176,1,4923700,38200,44300,82700,77300,200,4747500,200
1177,1,917300,44600,31600,64600,59900,100,763200,100
1178,1,765400,18700,26700,63300,59200,100,644400,100
1179,1,975500,34800,37800,63500,59300,100,799900,100
1180,1,3976400,50100,29400,65300,60000,100,3800900,200
1181,1,1119600,35100,23200,68600,62600,300,979200,100
1182,1,1018200,38300,23900,65400,60800,100,876500,200
1183,1,1262100,35800,38000,67200,61900,100,1110100,200
1184,1,5014200,18400,24500,71800,64900,100,4881400,100
1185,1,1001800,18100,31600,64800,60000,200,871300,100
1186,1,783500,22300,20700,63400,58900,200,645300,100
1187,1,929100,28300,32400,64200,59500,100,799000,100
1188,1,3865100,15400,16900,78400,73500,100,3749100,100
1189,1,1121900,38700,39300,65000,60500,200,973200,0
1190,1,1016600,29500,37100,64700,60100,100,874800,100
1191,1,1221200,15700,20700,63400,58700,100,1109900,100
1192,1,4875200,36300,35300,68500,63000,100,4718300,0
1193,1,928300,34400,37300,64500,59300,0,770200,200
1194,1,788600,30600,43500,63800,59000,200,636500,100
1195,1,919900,27200,26800,63500,58800,100,794500,100
1196,1,4015800,56600,41700,68100,61600,200,3830500,200
1197,1,1124900,38400,38200,65700,60000,100,964500,100
1198,1,1041200,39200,23900,68500,62700,200,872700,100
1199,1,1287100,34400,33000,64600,60100,100,1112600,200
1200,1,4943300,57900,33800,84400,78100,200,4744500,100
1201,1,884300,35500,27500,68900,62800,200,747000,100
1202,1,790200,35800,43400,68300,63500,100,636800,100
1203,1,926300,27700,35100,64900,60100,200,792600,100
1204,1,3757200,49400,34600,68800,63500,0,3595700,100
1205,1,1081500,25400,17400,63400,59000,200,964500,100
1206,1,1002900,18700,33900,63500,58700,100,873500,200
1207,1,1236600,38000,19000,64000,59000,100,1108900,100
1208,1,4755400,44200,25300,80100,74700,200,4596500,100
1209,1,884700,37500,19900,68200,62800,100,747400,100
1210,1,808600,28100,38400,64100,58900,100,637600,100
1211,1,915000,16500,26800,66200,61400,200,794400,100
1212,1,3858600,59800,29600,78000,73500,300,3679300,100
1213,1,1115700,30500,30600,66100,60300,300,977500,100
1214,1,1038000,47700,38400,66400,60700,100,874000,100
1215,1,1231800,30100,18500,64000,58800,0,1107900,100
1216,1,4923500,45500,39300,81000,73800,100,4738000,200
1217,1,1025900,41200,37100,71700,63700,200,850300,200
1218,1,808900,32100,43600,67800,62700,0,644200,100
1219,1,951100,25400,28100,64400,59200,100,793500,200
1220,1,4006600,44600,27600,72200,62000,200,3831300,100
1221,1,1248800,28600,29700,66400,62100,200,1108900,100
1222,1,1069000,44200,38400,64900,59900,100,890700,100
1223,1,1267100,51900,32200,67100,62200,100,1109200,100
1224,1,4738600,17400,35600,84000,77200,200,4595900,100
1225,1,899700,38700,44400,63500,59000,200,747500,100
1226,1,793000,42200,41800,64900,60000,100,638200,0
1227,1,899800,17000,20100,63600,59000,100,793600,100
1228,1,3834400,38700,33300,87500,78800,200,3667400,100
1229,1,1122800,38400,38100,63600,58800,0,968400,200
1230,1,1020900,37600,29500,63200,59000,100,876600,100
1231,1,1286700,54300,33200,69500,60100,200,1117000,100
1232,1,4785700,31900,17500,80400,74400,100,4636900,100
1233,1,1087800,58600,29400,74900,65000,100,901000,200
1234,1,811700,35200,27500,67500,62000,100,640400,200
1235,1,958700,35900,49200,73000,63700,100,788100,200
1236,1,3955500,17800,26500,78600,73600,100,3815100,100
1237,1,1117100,45200,28200,63400,59000,100,966900,200
1238,1,1030100,54000,20800,68000,62300,100,874300,100
1239,1,1274900,27800,31000,60800,58700,100,1109700,100
1240,1,5434900,32200,52500,82700,76700,300,5235100,200
1241,1,1111200,47100,26700,80700,75400,100,942500,100
1242,1,791600,40500,26600,69000,63400,100,645500,100
1243,1,951000,31700,35400,69300,64200,200,807700,100
1244,1,4578300,41600,41300,69700,61100,200,4409400,200
1245,1,1138100,48900,40800,69900,62100,100,967100,100
1246,1,1060100,48400,36400,67400,61200,100,870300,200
1247,1,1306500,73500,29100,71500,63100,200,1122400,200
1248,1,5278900,36400,35800,80500,75300,100,5116800,100
1249,1,893200,31400,24700,75800,70700,200,755800,100
1250,1,790200,37600,30700,67800,61800,200,640600,100
1251,1,955700,45000,33100,66500,62200,100,796900,100
1252,1,4008200,56100,38300,89700,80500,100,3806700,0
1253,1,1117300,30800,40400,63400,59000,100,964500,100
1254,1,1028200,34500,35200,65300,60500,100,874100,200
1255,1,1262600,43400,31700,65500,59900,200,1107800,200
1256,1,5014700,30400,38900,84700,78300,200,4839500,100
1257,1,1053800,28800,39900,64600,58900,100,895200,200
1258,1,805400,27900,36400,63800,58800,100,636500,100
1259,1,978500,37000,25600,69400,64300,100,799600,100
1260,1,4093400,83300,31300,80900,74900,200,3869700,100
1261,1,1263000,27800,31300,63700,58800,100,1129700,200
1262,1,1013200,38400,28600,64900,60100,100,874800,100
1263,1,1246300,29800,36000,68200,63000,0,1102000,200
1264,1,4854200,39500,29400,83400,77000,200,4692900,100
1265,1,918900,20400,52600,67600,61900,100,766400,100
1266,1,756700,16600,20600,67100,61800,0,641800,100
1267,1,941100,34900,39600,63300,58800,300,796600,100
1268,1,3810200,22800,23500,69100,64100,300,3685400,100
1269,1,1124800,48500,36400,65500,60300,0,964900,100
1270,1,1046600,42100,27800,69900,61600,200,873300,100
1271,1,1236000,21300,29400,63700,59000,100,1109500,100
1272,1,4864000,50700,44300,84700,77500,200,4665300,200
1273,1,1059000,33700,46100,65200,60500,200,895900,200
1274,1,784200,35100,28500,66200,61100,100,640400,200
1275,1,939200,29900,43100,65700,60600,100,793200,100
1276,1,3855800,36100,21600,67300,61900,200,3718300,100
1277,1,1122000,35300,24500,78200,73400,200,965400,100
1278,1,1029800,37200,38500,63400,58700,100,874000,100
1279,1,1262900,28500,15400,69000,63700,200,1108300,100
1280,1,4817100,60000,41000,84600,77400,100,4597600,0
1281,1,1007200,42100,31700,72700,64200,200,844100,100
1282,1,805900,29500,39900,64900,59900,100,640900,100
1283,1,940000,33900,30000,67500,62500,100,802700,100
1284,1,3861000,30800,35300,71000,64400,100,3715700,0
1285,1,1145900,23200,21300,63900,59000,100,1026900,200
1286,1,1021900,55000,18500,66700,60700,200,872500,0
1287,1,1226100,20100,20000,67800,62300,100,1108400,200
1288,1,4750300,38700,25500,83100,77400,100,4594900,100
1289,1,959000,35300,37200,67600,62000,200,802200,200
1290,1,916900,139900,49200,74500,69000,200,635900,100
1291,1,986500,30900,36100,106500,100400,200,793500,200
1292,1,3964300,28500,25100,80100,74500,300,3808800,100
1293,1,1212800,51400,37300,70700,62900,200,1032800,100
1294,1,1068900,45900,34600,78500,73500,100,872900,100
1295,1,1258700,46300,25200,70400,62700,100,1109800,100
1296,1,6338900,26100,38000,72100,65400,200,6187500,200
1297,1,927400,42900,36200,66900,61500,100,761600,100
1298,1,819700,36600,37500,89200,62200,100,638900,100
1299,1,958500,20000,31200,66200,60200,200,796900,100
1300,1,4693200,18600,44000,65300,60000,200,4534500,200
1301,1,1100800,34300,25400,64700,59800,200,965300,100
1302,1,1025800,50600,23800,71100,63300,100,870500,0
1303,1,1243200,38600,23300,65000,60000,100,1109300,100
1304,1,4914800,35800,30700,78800,73800,200,4759500,0
1305,1,895100,33800,35300,67000,62000,100,749400,0
1306,1,814100,39800,31800,65600,60600,100,644600,100
1307,1,1058000,50000,31800,171900,163200,0,796900,100
1308,1,4036300,34200,28500,69800,63200,200,3891600,200
1309,1,1311200,36900,35300,64500,58800,0,1162000,200
1310,1,998800,31900,16600,65000,60000,100,872200,100
1311,1,1244700,35900,23300,65000,60000,100,1108000,100
1312,1,4827300,32900,32500,66400,60000,100,4676500,100
1313,1,884700,23800,29700,63700,59000,300,751600,100
1314,1,784100,33000,33800,65400,60400,100,637700,100
1315,1,941700,32700,39100,64100,59000,100,797800,100
1316,1,3831700,40500,28800,78700,73700,200,3669100,100
1317,1,1126100,32000,28900,82600,78000,200,966100,100
1318,1,1051000,38800,33100,69500,61100,100,872600,100
1319,1,1276500,48600,18000,62900,58700,100,1109100,200
1320,1,4794200,43800,33000,77800,73500,200,4617200,100
1321,1,924000,55600,21800,66300,61500,100,775000,100
1322,1,768500,22400,35400,63900,58900,100,641100,200
1323,1,954900,25500,54400,65300,60000,100,800100,200
1324,1,3842300,35600,31000,69200,63200,200,3696000,0
1325,1,1121200,33500,32100,65300,59900,100,973900,200
1326,1,1020600,38400,35300,64900,60000,100,872200,100
1327,1,1264300,43900,35000,67200,62200,100,1107400,200
1328,1,4907200,38300,17100,84100,77100,100,4753800,100
1329,1,919900,53000,18600,71700,63400,0,761100,100
1330,1,823900,41200,27000,68800,63500,100,651500,100
1331,1,954900,39400,39000,64100,58900,100,796600,300
1332,1,3888800,46000,49700,90000,81500,100,3690500,100
1333,1,1104200,37700,25100,65700,60700,200,964400,100
1334,1,1029900,47800,31800,64300,58900,100,875700,100
1335,1,1243600,29000,34200,64900,60000,200,1108300,100
1336,1,4734100,34700,36500,80000,75200,100,4571000,100
1337,1,892800,36000,32200,63000,58800,100,744600,100
1338,1,783500,27800,32800,70500,66000,0,636500,100
1339,1,946300,18800,30600,65700,59900,200,794900,100
1340,1,3877100,44900,50800,85700,76800,200,3669500,100
1341,1,1280300,24200,54000,65000,59900,100,1123400,200
1342,1,1013200,23500,17400,69300,64000,100,871800,100
1343,1,1302300,26200,40500,118300,60000,100,1107100,100
1344,1,4773400,53900,42200,68600,65500,300,4588400,200
1345,1,960600,22100,28500,65800,60500,100,833000,200
1346,1,781300,38000,32000,65600,61400,100,638400,100
1347,1,930900,39100,26400,66800,62300,0,792900,100
1348,1,3858900,57600,19100,67500,61400,200,3705100,100
1349,1,1122900,29000,32200,65900,60600,200,979900,200
1350,1,1014500,21600,33200,65200,60100,100,876100,200
1351,1,1285700,49800,42600,71300,63100,100,1108900,100
1352,1,4824900,39900,35600,64500,59400,300,4668300,0
1353,1,896100,31000,15800,65300,60000,100,767900,100
1354,1,813600,36800,28700,64900,60000,200,648100,100
1355,1,929400,19100,33900,68900,64100,100,800000,100
1356,1,3919100,47200,21800,79800,74700,100,3760300,100
1357,1,1117500,28400,34900,63800,59200,200,977100,100
1358,1,1017100,35300,23700,67000,62400,100,878300,100
1359,1,1288900,28500,47100,63900,58900,100,1110700,100
1360,1,4833600,30200,23300,66100,60000,100,4687500,0
1361,1,1063500,29800,51900,68800,63300,100,898000,200
1362,1,767700,32300,23700,64800,60100,100,637300,100
1363,1,945300,44300,26900,69400,60600,100,796000,100
1364,1,3911500,27900,17900,65000,60100,100,3790000,100
1365,1,1130200,44700,29500,79300,74200,200,966900,100
1366,1,1040500,32200,29800,70600,62700,100,873900,200
1367,1,1228200,20300,29400,64100,59000,100,1109100,100
1368,1,4742500,18400,17100,78500,73500,100,4623400,100
1369,1,1074700,18600,44500,78300,71400,100,920600,300
1370,1,779600,25500,30200,69300,63800,100,638800,200
1371,1,948300,39500,31700,65800,60900,100,799100,100
1372,1,3855900,23500,33200,82000,74900,200,3702300,100
1373,1,1218000,44000,52200,69600,61700,200,1034600,100
1374,1,1024600,37100,19200,79400,74100,200,875600,100
1375,1,1243700,17500,39300,69700,63300,100,1108700,100
1376,1,4973200,29000,45600,77900,73300,200,4803000,0
1377,1,1079000,39700,41900,64200,59100,200,912700,200
1378,1,806500,31600,30100,70800,65500,100,636700,100
1379,1,1067600,31300,28900,64300,58700,100,900000,100
1380,1,3897400,63600,24600,82800,75500,200,3682900,100
1381,1,1114200,38100,31100,69700,64300,100,969200,100
1382,1,1013800,32700,34500,64300,59000,100,872800,200
1383,1,1246200,31800,33600,65100,60100,0,1110100,100
1384,1,4741800,30100,40900,80500,74800,100,4582200,100
1385,1,883100,33600,25300,64800,60000,200,748700,100
1386,1,797400,32700,48100,64100,58900,100,639200,100
1387,1,944900,31500,41900,69300,64100,200,793800,100
1388,1,3947300,40500,28600,71300,59900,400,3790500,200
1389,1,1197500,25400,50900,67500,61600,100,1036600,100
1390,1,1259800,46300,39500,66500,60000,200,1066700,200
1391,1,1251000,30700,33800,63200,58900,200,1111100,200
1392,1,4835900,41900,32200,71400,65900,200,4678500,100
1393,1,893200,37700,31200,66200,61800,100,746400,100
1394,1,775700,31400,33400,63800,59100,100,632600,200
1395,1,907600,24300,15800,65000,60000,100,795500,100
1396,1,3932300,39700,27900,84900,79600,100,3767600,0
1397,1,1099300,23800,19100,66300,62000,100,972500,100
1398,1,1042900,32700,26800,68200,62800,300,899000,100
1399,1,1280600,37200,19000,65300,60000,100,1119100,100
1400,1,5149400,28500,34000,75100,62200,200,4979100,200
1401,1,977300,28000,45600,67900,62500,100,820400,200
1402,1,797900,26600,27800,65000,59900,200,640800,200
1403,1,920100,25700,27400,67000,62200,200,794500,100
1404,1,3717000,20400,28700,78100,73500,100,3584400,100
1405,1,1074400,22600,16100,63000,58700,200,965400,100
1406,1,1022300,41100,37300,66000,61600,200,871600,100
1407,1,1265200,52400,20900,65300,60000,200,1120800,100
1408,1,4847200,32700,28800,69000,63000,100,4706100,0
1409,1,896100,31600,27500,79500,74800,100,746500,100
1410,1,788600,42600,20400,71000,62900,200,640500,100
1411,1,936600,27200,35600,64500,59900,200,796500,100
1412,1,3935500,35400,43200,79900,74800,200,3761000,100
1413,1,1104000,17400,35900,67200,61800,100,968100,100
1414,1,1044500,32400,40400,64800,60000,0,872000,100
1415,1,1257500,32000,36600,65000,59200,100,1110800,200
1416,1,4863000,43700,32000,83100,75100,200,4689100,100
1417,1,940700,27600,41100,66400,60000,100,792100,100
1418,1,794200,41600,31500,70900,63300,100,637900,100
1419,1,970800,28400,33100,68400,62800,100,797300,200
1420,1,3963400,30700,29000,78300,73400,300,3797000,100
1421,1,1109600,27200,35400,67000,62400,100,969000,100
1422,1,1023900,34500,41700,63600,58900,100,874500,100
1423,1,1239000,28700,27500,65400,61200,100,1110600,100
1424,1,5040200,69600,32600,78500,72500,200,4848800,0
1425,1,1142100,26400,31600,66800,61200,200,1004300,100
1426,1,977100,27300,30100,65400,60500,100,814400,100
1427,1,925200,39500,15100,65500,60400,100,799700,100
1428,1,4573000,39700,22200,78900,74100,300,4422000,100
1429,1,1218900,28600,40400,67600,62500,100,1072700,200
1430,1,1010400,33600,25700,65500,61000,200,873600,200
1431,1,1233500,26100,23500,63000,59000,100,1107900,100
1432,1,5486900,64600,30900,80700,74900,0,5294500,100
1433,1,875600,26900,22900,63700,58900,100,744600,100
1434,1,787100,47300,16500,69500,61300,200,637200,100
1435,1,940900,32200,30900,68200,63300,200,796300,100
1436,1,4189800,56300,26500,68300,62800,200,4022400,0
1437,1,1147700,33700,36000,64200,58800,300,991400,100
1438,1,1054700,34000,38700,70000,64000,100,871800,100
1439,1,1266400,28600,23400,64300,60000,0,1109600,100
1440,1,5116500,35200,14800,79200,73800,100,4960200,100
1441,1,931100,39600,33500,63200,58800,100,785600,200
1442,1,791500,38200,39100,69400,64300,200,638400,200
1443,1,925900,26600,30500,67300,61900,0,794000,100
1444,1,4079100,28800,23900,69500,61900,200,3942500,200
1445,1,1121500,26800,44100,66000,60600,100,969100,200
1446,1,1012800,37200,27000,65500,60900,100,873500,100
1447,1,1222100,18500,22900,64500,59600,100,1109800,100
1448,1,4867300,36300,23700,82000,74900,100,4715800,100
1449,1,899500,18500,50500,69600,64000,100,749400,0
1450,1,812100,29100,28400,66200,60100,100,648100,200
1451,1,948700,42700,30800,66700,62000,100,795800,100
1452,1,3821400,30000,35900,65800,60500,100,3676800,100
1453,1,1172400,20100,25100,145200,60000,200,968500,100
1454,1,1033900,41800,39900,64900,58900,100,873400,100
1455,1,1251100,35100,30100,65100,60100,100,1109000,200
1456,1,4817800,43200,28000,82000,76600,200,4651400,100
1457,1,898700,18500,52900,63800,58900,100,745500,100
1458,1,794800,40000,32000,68200,63200,100,637400,100
1459,1,937900,21100,18200,65000,60100,100,794300,100
1460,1,3841100,50200,26400,92700,83400,200,3644800,100
1461,1,1313500,25700,46700,64500,59100,100,1163100,200
1462,1,1021400,24300,37100,63700,59000,100,862800,200
1463,1,1258200,39000,31800,69700,64300,100,1110200,100
1464,1,4937100,62600,32300,66200,60100,300,4764000,300
1465,1,914900,33600,33600,68700,63300,300,768600,200
1466,1,784000,20800,37300,66600,61300,0,652700,100
1467,1,939000,33400,32500,65200,60300,100,802600,100
1468,1,4004400,51900,36400,80800,74800,200,3822000,300
1469,1,1118100,27200,42100,65600,60500,200,966900,200
1470,1,1011100,29300,28000,63700,58900,200,874200,100
1471,1,1253600,27400,32500,68800,63100,100,1109200,100
1472,1,5093700,59600,38700,72500,63500,200,4894700,200
1473,1,906300,30900,34200,67900,62400,200,755100,100
1474,1,809100,19300,41300,70900,65200,200,639500,100
1475,1,929300,23200,34000,64400,59000,100,795500,200
1476,1,3901500,65300,25900,82800,76500,200,3717300,100
1477,1,1116500,31200,40300,65200,60300,100,967000,100
1478,1,1024500,32400,37400,68100,62500,200,871700,0
1479,1,1395900,23500,32300,63900,59000,100,1231900,100
1480,1,4850400,71200,31800,90600,80800,100,4631300,100
1481,1,887400,23300,40200,65100,60100,100,747400,100
1482,1,772900,23300,34800,69200,60700,100,636100,100
1483,1,947600,44000,32000,68500,63100,100,794800,100
1484,1,3955000,39800,29900,70300,64100,100,3800100,200
1485,1,1125000,35700,28800,68300,62800,100,976600,300
1486,1,1033400,23800,32800,65400,60500,200,875100,100
1487,1,1253600,36800,30700,66100,61300,200,1110800,200
1488,1,4753500,40500,15900,79400,73500,100,4610400,100
1489,1,903900,36800,39100,70400,64100,100,746300,200
1490,1,812200,61900,25000,70300,61900,100,637700,100
1491,1,934900,23800,35500,65700,60900,100,794000,100
1492,1,3835300,40700,38600,89200,80300,100,3651500,100
1493,1,1085400,20000,19100,65500,61000,200,964200,100
1494,1,1020900,35500,31900,68000,62800,100,871900,100
1495,1,1271600,33400,49100,70000,64700,100,1109100,100
1496,1,6079200,32200,27100,68400,63500,100,5933600,200
1497,1,882300,19700,23700,64300,59900,100,757100,100
1498,1,846400,62000,36300,64500,59200,200,642700,200
1499,1,960300,17700,37700,65000,59900,200,796600,200
1500,1,4632100,23500,25200,69200,63700,100,4489100,100
1501,1,1091200,18400,35600,66200,61300,0,964600,100
1502,1,1121700,38400,36500,68400,61800,200,970700,100
1503,1,1249400,32300,31100,65100,59800,100,1109600,200
1504,1,4789600,54300,38900,78100,73400,100,4605700,100
1505,1,882900,25700,34900,66700,62500,100,744800,100
1506,1,830900,46400,40000,78600,73300,100,655700,100
1507,1,947100,47700,29700,65900,60600,100,795100,100
1508,1,3834700,25600,45100,82500,77200,200,3668000,200
1509,1,1241700,28700,35900,65200,60100,0,1097400,100
1510,1,1042100,45500,17100,69800,61900,100,873800,100
1511,1,1275800,50600,32700,71000,62800,100,1110200,100
1512,1,4919600,30600,35500,90600,83900,100,4750600,0
1513,1,886500,27500,28100,69700,64300,100,748100,100
1514,1,779900,29200,31500,66100,61100,100,638900,200
1515,1,1010400,81300,42800,69400,64600,100,809600,200
1516,1,3942400,52800,38700,79800,73500,300,3752700,200
1517,1,1160100,45500,33800,71400,62400,200,988400,100
1518,1,1040800,34000,48700,65100,60100,200,876500,100
1519,1,1299300,42600,39800,67100,62400,100,1109600,100
1520,1,4805800,30300,26700,70000,63900,200,4648600,100
1521,1,921700,38200,51300,70200,61600,200,750900,100
1522,1,821300,33300,53700,64600,59900,100,638200,100
1523,1,929600,30500,30800,67200,62200,100,795700,100
1524,1,3890200,53700,31100,72000,62500,300,3722200,200
1525,1,1145900,37100,30700,71100,62900,100,1000100,200
1526,1,1032900,37700,27100,66900,62200,200,890800,100
1527,1,1293800,45200,51600,71700,63200,100,1119500,100
1528,1,4910700,43700,41400,106700,96800,300,4709400,100
1529,1,920600,49200,33700,64700,60400,100,757100,200
1530,1,790000,40500,29600,65200,60200,100,638600,100
1531,1,938000,40500,16800,69400,65100,100,797900,100
1532,1,3888500,35200,27600,78500,73600,200,3730200,100
1533,1,1125400,48200,29600,63500,58800,0,968400,200
1534,1,1067000,43800,43700,68400,62300,100,873100,100
1535,1,1270800,37800,32600,65900,60700,100,1122500,200
1536,1,4867000,50400,30500,80400,74900,100,4690200,100
1537,1,986500,18700,48300,65300,58900,0,833400,200
1538,1,781900,33400,19600,65700,60300,100,639500,200
1539,1,979200,34100,42300,68700,63800,100,793100,100
1540,1,4022100,49700,30400,71800,62900,100,3838500,200
1541,1,1104900,28900,31500,65000,60000,100,967800,200
1542,1,1005100,23300,32200,64900,58800,200,873300,100
1543,1,1249300,24500,30300,72200,63600,100,1110200,100
1544,1,4735600,29100,38000,78000,73300,100,4579400,0
1545,1,1010400,35500,51300,66600,62200,100,843100,200
1546,1,785100,26200,28000,63700,59000,100,638700,100
1547,1,930100,36600,28100,65400,60000,100,794400,100
1548,1,3846600,48500,31700,67900,61500,200,3688500,200
1549,1,1108800,29700,35300,66000,60200,100,965500,200
1550,1,1022000,31000,40800,67600,62100,100,867100,300
1551,1,1252800,30600,39700,64800,59900,100,1105700,100
1552,1,4802800,52500,26500,84000,78100,100,4623000,100
1553,1,891000,45200,14500,66100,60500,200,746900,100
1554,1,786500,28700,17600,67300,62700,0,651800,100
1555,1,941300,40100,36100,64200,59400,100,792800,100
1556,1,3840100,42800,34300,78400,73300,100,3670000,0
1557,1,1101900,27000,18100,63300,58600,100,976500,100
1558,1,1043700,27900,45000,67700,61800,200,865100,200
1559,1,1280600,34300,38300,63700,58800,100,1108400,100
1560,1,4713100,33800,23900,71400,62000,200,4561900,0
1561,1,911500,40700,49400,64700,59900,100,751200,100
1562,1,772100,27500,33700,66700,62300,100,637800,100
1563,1,924000,28900,27400,65400,60800,100,796800,100
1564,1,3794200,50800,20300,70800,63200,400,3641400,100
1565,1,1132600,24900,60200,65900,61500,0,968100,100
1566,1,1005000,33300,28900,66600,60200,100,864700,100
1567,1,1259900,34400,33000,70600,65000,100,1109800,200
1568,1,4896000,48000,23300,91800,84200,200,4712300,100
1569,1,1018300,38500,47500,67700,62100,100,846800,300
1570,1,805000,22500,37400,65300,59900,100,643900,100
1571,1,934900,25600,33400,66900,62000,100,797300,100
1572,1,3815100,37500,27600,80500,75100,300,3657400,100
1573,1,1138700,27800,66200,65000,60100,100,968200,100
1574,1,1018700,33900,31900,69000,63800,200,873800,100
1575,1,1252600,32300,25500,67900,62600,100,1119800,100
1576,1,4763700,47600,33700,80800,76200,100,4585900,0
1577,1,1047000,31000,36800,65200,59900,100,892500,200
1578,1,778900,26700,36100,63700,59100,100,637100,100
1579,1,983700,46800,41300,63600,58800,200,789100,200
1580,1,3854000,35700,31600,84200,79000,100,3676900,100
1581,1,1114600,36400,23400,79900,75300,100,965000,100
1582,1,1039400,30000,33200,71100,65800,100,872200,100
1583,1,1361400,134300,21700,67000,58900,100,1128100,200
1584,1,4818300,54900,24100,81500,75000,300,4646300,200
1585,1,923400,43900,37100,69600,61400,100,764600,100
1586,1,794600,39800,41000,65000,60100,200,642800,100
1587,1,955000,37100,38000,71600,64100,100,799300,200
1588,1,3908100,49100,25900,65700,60200,200,3758900,100
1589,1,1148700,38900,50600,63700,59000,100,983900,100
1590,1,1034700,29100,43500,64800,60000,100,878400,200
1591,1,1222500,17800,19300,64600,60100,100,1108300,200
1592,1,4767900,38700,15100,65400,60300,200,4631100,0
1593,1,922500,27300,39800,80100,74900,200,756100,200
1594,1,829300,33100,42100,81100,75600,100,637600,100
1595,1,911600,25200,18500,65600,60900,200,794300,0
1596,1,3979200,34600,33800,78900,73500,100,3821600,100
1597,1,1097000,15700,36400,67000,62200,100,965100,100
1598,1,1030100,37000,32500,67600,61900,100,878100,100
1599,1,1271300,23000,31300,64500,60000,100,1107800,100
1600,1,3594800,35800,38100,83400,77100,200,3408000,0
0,2,12984800,39000,60500,118100,102800,300,12518200,2200
1,2,1240400,44000,77000,70500,65400,100,892400,200
2,2,808200,22800,38900,66000,60900,200,653700,100
3,2,922800,24500,26900,65600,60900,100,799700,100
4,2,4696500,57800,39200,74700,65400,200,4512300,100
5,2,1189100,37500,43800,67900,61700,100,1018200,200
6,2,1011900,36400,19900,65200,60100,200,874100,200
7,2,1256500,41800,24400,67200,61700,100,1110300,100
8,2,5371000,43300,36000,83100,76500,100,5189100,200
9,2,997200,25500,46000,69800,62600,100,832200,200
10,2,842100,33200,38200,69400,61500,100,651900,200
11,2,961100,48000,33200,68300,60200,100,797000,100
12,2,3939000,40900,25600,86000,77700,200,3765900,200
13,2,1269300,40300,21400,70800,65600,100,1115300,100
14,2,1036100,49300,35700,68400,62600,100,871000,100
15,2,1243800,29400,31000,64100,59200,100,1109000,0
16,2,4866400,34400,14800,67900,61600,100,4720100,100
17,2,967500,17200,40200,65400,60100,100,819700,200
18,2,813000,35400,25800,72800,63500,100,644300,200
19,2,981200,28300,40800,63800,59100,100,799300,100
20,2,3929900,55300,35700,80200,74800,200,3747700,100
21,2,1126200,42000,43100,65400,60100,200,966500,100
22,2,1019300,22400,27500,65100,60000,100,872400,100
23,2,1229800,24500,23100,64500,59000,200,1110200,100
24,2,4888000,26400,52000,88700,78800,100,4711300,100
25,2,974200,31700,45900,68500,62300,100,816700,200
26,2,771500,16700,33100,65100,60100,200,645200,200
27,2,922400,24600,32800,63100,58700,100,795800,100
28,2,3877600,54600,36200,66900,60400,100,3709600,100
29,2,1264200,27300,18200,65800,60700,0,1129000,200
30,2,989500,14800,18500,67500,62400,200,874200,100
31,2,1290400,35800,48600,69000,64200,100,1117800,100
32,2,4953800,37400,30600,74400,63500,200,4784000,100
33,2,912800,36800,35000,66800,61800,100,752900,200
34,2,809300,34900,26900,64200,59300,100,648600,100
35,2,936600,30200,35400,65500,60500,0,795800,100
36,2,3860400,39000,18100,67500,62300,100,3727200,100
37,2,1118300,38800,36900,64800,60100,200,967700,0
38,2,1032400,22000,34200,65400,60700,100,872300,100
39,2,1264100,30400,35700,64200,59300,100,1110400,100
40,2,4857700,47200,20100,79200,73600,100,4703100,0
41,2,899200,27500,37300,65500,60400,200,756400,100
42,2,788000,30700,25000,67300,61700,100,654700,100
43,2,955800,40900,36300,68400,62500,100,796600,100
44,2,3943600,102800,31400,82500,75800,200,3714700,100
45,2,1339200,39700,47100,69600,63900,200,1165800,200
46,2,1066600,32600,37300,69200,63500,100,891700,200
47,2,1256900,50700,16500,65700,60000,100,1113000,100
48,2,6515700,43700,16200,73500,64300,300,6370100,200
49,2,938400,14500,18900,65400,60100,100,824800,100
50,2,781000,31100,17700,65300,60300,100,649200,0
51,2,936900,31400,25900,67000,62100,100,795700,100
52,2,5232500,51500,40000,71400,65600,200,5038900,200
53,2,1245500,32900,20800,70000,64800,100,1091100,200
54,2,1054700,38700,49800,66800,61600,100,878400,100
55,2,1272400,32300,39600,65100,60000,200,1111800,200
56,2,7128200,37900,38300,72800,63300,200,6957200,100
57,2,1050200,30000,32800,65300,60000,0,898500,200
58,2,852600,28100,24600,65200,60200,100,651100,200
59,2,999600,47500,29300,67900,62000,100,817300,200
60,2,4663400,27900,25300,66000,60200,200,4532300,200
61,2,1115700,48100,31000,64100,59000,300,965100,100
62,2,990600,19600,25600,67000,62200,100,871600,100
63,2,1267800,32900,44500,68400,63100,200,1110400,200
64,2,5433300,56100,19200,72200,62400,300,5262800,200
65,2,1050600,38900,28400,63900,59200,200,899900,100
66,2,785600,39800,24200,64100,59100,100,648400,0
67,2,982200,54600,39000,71000,61900,200,797900,100
68,2,3915300,27900,26500,68400,62700,200,3776400,100
69,2,1114000,22200,36000,72300,67400,200,967700,100
70,2,1050500,41700,29000,68500,60700,100,872700,100
71,2,1248800,30400,27100,65000,60100,100,1110500,100
72,2,5053300,37700,38000,71200,66200,100,4890700,100
73,2,888200,27300,26500,65800,61600,200,754000,100
74,2,772500,17700,32900,63500,59100,200,649300,100
75,2,923600,28300,22000,63200,58900,200,800100,100
76,2,3901000,60100,36900,80600,74800,100,3712100,100
77,2,1112400,20100,33500,78600,73700,200,963400,100
78,2,1029400,27100,26200,63700,59000,200,872700,100
79,2,1240400,24300,15200,64000,59100,200,1110100,100
80,2,4828400,39800,35200,77900,73600,100,4663600,100
81,2,1063600,38300,32500,65100,58800,200,912700,200
82,2,825100,27600,49200,63200,58800,100,649500,200
83,2,937700,26600,39900,64000,59000,300,797600,200
84,2,3856500,43300,30200,68600,62400,200,3706800,100
85,2,1111100,34300,32500,67100,62000,100,966600,200
86,2,1037500,37500,49500,68100,62400,100,872200,100
87,2,1266900,25500,32000,65400,60100,100,1133700,200
88,2,4817900,28500,38200,79700,75000,200,4662300,100
89,2,925000,40900,44400,69800,62100,200,753500,100
90,2,770300,24100,17600,63500,58800,100,650400,100
91,2,961800,44900,33700,67900,62900,200,796600,100
92,2,3886800,49100,42700,66700,60600,0,3709100,100
93,2,1115200,31600,29400,65800,60900,200,966700,100
94,2,1032500,17600,43100,66100,61400,200,870500,100
95,2,1237700,27400,27100,63600,58900,100,1109600,100
96,2,6428400,55600,33300,80400,75000,200,6246900,0
97,2,897000,22900,35900,68000,62400,100,757700,100
98,2,845500,39500,39800,71400,63500,100,650300,200
99,2,960700,32600,39600,65400,60200,100,798800,100
100,2,4777800,20000,39800,82700,74800,100,4622400,100
101,2,1144200,49300,41300,69500,61500,200,967500,200
102,2,1023700,26000,48300,63900,59100,200,873200,100
103,2,1271900,43700,33000,69100,62200,100,1113200,200
104,2,4914400,51100,33200,81300,75200,100,4739300,0
105,2,875300,18400,33600,65400,60700,100,748700,100
106,2,810200,27000,33100,66100,61700,200,649800,200
107,2,917600,26900,24700,63200,58900,100,796900,100
108,2,3945300,27400,39800,82200,76800,100,3786000,100
109,2,1123700,29000,38800,68400,63000,200,975500,100
110,2,1012900,32300,31200,64000,59200,100,873400,100
111,2,1235200,23900,22500,63500,59000,200,1111000,100
112,2,4979900,47900,20100,65800,60700,200,4830100,100
113,2,931500,31400,47100,64400,59100,200,764800,200
114,2,791900,34700,28300,66500,61700,100,650500,100
115,2,944100,31400,30400,69900,64500,100,796800,100
116,2,4145600,34400,34800,67300,60100,100,3989100,300
117,2,1128100,34400,43300,63800,58900,100,969200,200
118,2,1055300,17700,35500,63500,58800,200,872600,100
119,2,1271300,45800,25900,65000,60000,100,1109600,100
120,2,4987200,20400,38000,78400,73500,200,4844500,100
121,2,1034900,39100,51900,65400,60100,100,864900,300
122,2,804200,36000,42500,67800,62700,100,651500,100
123,2,934000,41100,27900,63900,58800,100,795000,100
124,2,3925700,34600,24400,66400,60200,100,3791500,100
125,2,1150100,40400,58000,67300,62200,100,968200,200
126,2,1028900,44700,31000,70300,62600,100,872000,100
127,2,1257500,36200,30300,69300,64100,100,1110200,100
128,2,5165800,47200,24800,88700,76300,300,4981300,100
129,2,951500,26400,38000,64500,59100,100,802200,100
130,2,822000,40900,29400,64800,60000,200,650900,100
131,2,931800,27200,27400,64400,59400,200,795000,100
132,2,3944400,51500,30300,78800,73400,100,3769600,100
133,2,1096900,36200,17200,63600,58800,0,965700,100
134,2,1016700,42400,26300,66500,60100,100,872700,100
135,2,1231000,21700,25000,65000,60100,200,1109600,0
136,2,4880100,27600,36100,78900,73800,200,4725800,0
137,2,884500,23000,31400,63600,58900,100,749800,0
138,2,839800,53400,26600,67800,61800,100,650200,100
139,2,965600,17400,39600,64100,58900,100,812200,200
140,2,3886600,34600,32100,68200,63600,100,3739200,100
141,2,1130500,53000,25600,66200,60100,100,975800,100
142,2,1014300,32700,14400,63900,59400,100,872000,0
143,2,1247400,36100,29700,64800,60100,300,1110500,100
144,2,4862800,33000,48500,80400,74900,200,4695500,100
145,2,898800,47400,26200,70400,62700,100,748600,100
146,2,780300,30200,30300,65300,60100,100,648300,100
147,2,914100,15100,31500,66000,61400,100,795900,100
148,2,3910800,62600,39900,80700,74900,100,3719700,0
149,2,1121400,41100,29400,67400,61600,300,965700,100
150,2,1056900,53800,30500,66700,61900,100,887500,100
151,2,1243700,24900,17000,65400,60200,100,1111800,200
152,2,4860200,53900,29800,78800,73600,100,4679900,100
153,2,909600,46100,28200,63400,58700,200,754700,0
154,2,805500,38700,22200,63700,59000,100,649200,100
155,2,930800,18000,37600,63300,58800,100,800500,100
156,2,3875900,37000,29300,78600,73900,200,3722400,100
157,2,1091300,31300,18400,64800,60100,200,966000,100
158,2,1028200,26500,30000,63500,58900,200,872700,100
159,2,1272600,39800,25400,64900,60000,200,1119000,100
160,2,4947800,31300,43200,70800,63100,200,4787800,0
161,2,947900,37100,28200,66000,61400,200,802200,100
162,2,800900,28000,48400,63600,58900,200,651800,100
163,2,1095500,191300,30600,68500,63700,100,795400,100
164,2,3985400,21700,29600,73200,68100,100,3851000,100
165,2,1122600,36800,33700,77000,72100,200,966000,100
166,2,1035700,33600,35600,63600,59100,0,871100,100
167,2,1229900,18200,31800,63400,58900,300,1111200,100
168,2,5034600,43700,17000,86000,79400,300,4877500,100
169,2,943000,35300,27200,109300,100400,200,758900,100
170,2,817900,34200,44100,64900,60100,100,660700,100
171,2,978900,42300,46600,64500,59500,200,809200,100
172,2,3996500,49200,31700,72300,63800,200,3825900,100
173,2,1118200,36700,29600,66300,61100,200,965800,0
174,2,1014400,34700,29600,66700,61900,200,871700,100
175,2,1262900,41300,34200,63200,59100,200,1110500,100
176,2,4961800,53600,33500,78900,73500,200,4782400,100
177,2,889300,30700,29200,68100,63300,200,748000,100
178,2,887400,52600,37500,66000,60000,200,661200,200
179,2,957800,25100,38800,66000,60500,200,798300,100
180,2,3876100,31700,30200,69400,64000,200,3737400,100
181,2,1118700,27400,31200,67700,62700,100,983100,200
182,2,1020600,35200,38000,69900,61700,100,870800,100
183,2,1246600,36500,27800,66200,61600,100,1109800,100
184,2,4914100,65100,41100,65900,59500,200,4731600,100
185,2,899200,35600,34400,64800,60100,200,749700,100
186,2,798000,34100,38300,65100,60100,100,648400,100
187,2,932000,41100,22000,63700,59100,100,795400,100
188,2,3891300,45600,34700,68600,63400,100,3732800,100
189,2,1330300,37500,29200,67600,62000,100,1178100,200
190,2,1035800,34000,28500,63500,58800,100,873700,100
191,2,1250300,28000,32800,65900,61300,100,1109200,0
192,2,5021200,33900,37000,86800,81000,200,4846400,0
193,2,891000,33700,27400,64000,59000,300,752200,0
194,2,801100,35900,35900,70600,63000,100,648200,100
195,2,920200,18500,32300,63300,58800,100,796000,100
196,2,3969500,42500,26000,66600,60500,100,3821700,100
197,2,1100200,23700,26000,65000,60000,100,965100,200
198,2,1039800,37900,22900,66500,61500,100,873000,100
199,2,1270100,27500,36700,65300,60100,0,1109100,100
200,2,4919100,46700,35900,68400,63100,200,4757800,0
201,2,913600,36500,37800,65000,60100,100,765700,100
202,2,825500,43100,36300,63500,58800,100,651800,100
203,2,914100,21200,20900,64800,60200,100,801100,100
204,2,3900100,39100,36000,67900,62400,100,3749100,0
205,2,1101100,21400,33200,65800,60000,100,968100,200
206,2,1020600,40000,32000,64600,60100,200,872600,100
207,2,1268000,38200,33200,77900,72800,200,1109300,200
208,2,4949200,44500,33300,75600,66700,100,4785500,100
209,2,924800,43500,34500,69200,63000,200,753700,100
210,2,790800,21000,31500,65800,60200,100,650200,200
211,2,933400,29300,17000,65500,60000,200,796700,200
212,2,3903600,26200,40700,81800,76600,100,3736100,100
213,2,1337500,32000,47500,69000,63300,100,1170100,100
214,2,1165100,53600,31300,67600,62000,100,971400,200
215,2,1266000,37500,37800,65100,60300,100,1110900,100
216,2,4958500,57200,30200,71900,66300,100,4789800,100
217,2,876300,20000,29800,64900,60000,0,751100,100
218,2,829900,35500,33300,72500,63200,200,648600,100
219,2,966700,45600,25200,65000,60100,200,802000,200
220,2,4052700,46800,35700,87100,78400,100,3874600,100
221,2,1107200,34400,25800,67200,62100,100,967800,100
222,2,998600,27600,25700,64000,59100,200,872600,100
223,2,1248700,33400,31200,65000,60000,300,1109200,100
224,2,4827100,41800,35000,84800,79300,300,4651900,100
225,2,906300,38400,37600,63800,58900,200,757400,100
226,2,824400,36900,40800,68000,63300,100,648100,0
227,2,915900,28300,16500,67700,63000,100,798300,100
228,2,3959900,36400,35600,81000,74900,200,3795300,200
229,2,1110800,35400,21400,66500,61700,200,971600,200
230,2,1010900,29100,33900,63500,59000,100,871700,100
231,2,1264600,33300,43300,63400,58700,100,1109600,100
232,2,4993600,50600,33500,82600,77500,100,4810200,100
233,2,931000,37700,26600,81400,75900,200,765000,100
234,2,778900,37400,17500,63100,58800,100,649100,100
235,2,926000,16200,36400,63800,59200,200,796100,100
236,2,3934500,40000,37800,77900,73300,200,3765500,0
237,2,1147700,40500,55700,71500,63800,200,966800,100
238,2,1065300,28800,31400,65500,60100,0,872100,200
239,2,1268700,36900,27200,70900,61900,100,1110100,100
240,2,5007300,42800,46400,69400,64000,200,4838500,200
241,2,903700,36600,38900,63500,58800,100,754100,200
242,2,830200,56800,33100,67200,61700,100,663500,200
243,2,944700,47300,25700,67100,61600,100,798300,100
244,2,3866500,32700,22600,70200,64100,100,3730300,0
245,2,1295800,29000,57000,66200,60400,200,1122800,200
246,2,1011500,32700,27200,65400,60600,100,873500,100
247,2,1254800,29900,37600,67800,62700,100,1109600,100
248,2,4790300,28000,23800,72900,67100,100,4653500,0
249,2,988600,27700,21500,66100,60000,300,847900,100
250,2,807300,30500,26600,64700,60000,100,650100,100
251,2,957100,47900,17800,66700,61700,200,809800,100
252,2,3883300,46500,36100,84000,78300,100,3703200,100
253,2,1113300,40100,31300,63800,59100,100,965000,100
254,2,1016000,38700,31100,65200,60100,200,872600,100
255,2,1274500,37400,49200,65800,60900,200,1108400,200
256,2,4772100,19200,21900,83900,79100,100,4626900,100
257,2,891200,18300,38600,68600,63600,100,749900,100
258,2,901100,17000,40900,132000,58900,100,666400,100
259,2,965100,38200,32400,67800,62000,300,795200,100
260,2,3890100,57800,35500,67400,62600,200,3714900,100
261,2,1114000,42900,22900,71800,62800,100,967800,100
262,2,1033500,27800,41200,65100,60100,100,870500,100
263,2,1247800,32700,32500,66900,62300,200,1109700,100
264,2,4760000,32600,28900,69900,64200,100,4621100,100
265,2,909700,37100,39600,67800,59900,100,754300,200
266,2,779000,25500,33800,63700,59000,100,650000,100
267,2,909600,17200,23500,65000,60000,100,795400,100
268,2,3888100,72200,30800,84100,78900,300,3692900,100
269,2,1203100,30600,46200,65000,60100,100,1041300,200
270,2,1025700,35600,40000,64300,59200,100,871700,100
271,2,1271600,40400,37500,66700,61700,100,1109600,100
272,2,4802700,31600,46900,78900,73600,100,4627900,100
273,2,896800,31800,24900,68400,62900,200,753700,100
274,2,820400,29000,42200,65200,60300,100,648400,100
275,2,935700,25900,34500,63900,59100,100,798000,100
276,2,3867200,56200,28600,65400,60100,300,3708700,100
277,2,1126000,35100,42400,68300,63100,100,965900,200
278,2,1038600,36100,26700,66800,61400,100,874300,100
279,2,1249300,16200,32700,65800,61100,100,1109700,0
280,2,4808500,56600,30500,83600,78700,100,4629900,0
281,2,902600,35700,35900,65200,60500,0,751800,100
282,2,807300,32100,34800,67100,61700,100,659100,200
283,2,949500,43600,28500,70700,62400,200,795800,100
284,2,3932900,39100,30600,70600,65500,200,3781300,100
285,2,1204700,66600,26000,64800,60000,200,1037400,100
286,2,1050900,42100,36600,67000,61500,100,872400,100
287,2,1266000,29900,45500,71400,63700,200,1108800,200
288,2,4940400,19600,35700,80400,74800,100,4795300,100
289,2,897900,48100,24000,64800,60000,100,750300,100
290,2,845000,67400,37500,71800,62700,100,650000,200
291,2,953900,32400,31400,73200,64900,100,797600,200
292,2,4044500,20800,42700,81900,74900,300,3882400,100
293,2,1134300,37600,42500,68100,63200,100,966200,100
294,2,1005900,26600,30000,65200,60000,100,872400,100
295,2,1248400,42000,16900,64300,58900,200,1111500,100
296,2,6462600,33700,34200,79300,74000,200,6302000,100
297,2,1047000,27100,38400,85900,68000,100,876600,200
298,2,874000,30000,53200,65500,60100,100,653700,200
299,2,928300,16600,18900,66800,61800,100,796900,100
300,2,4853600,41700,26100,68600,63300,100,4711200,100
301,2,1305400,37500,40600,64500,59700,100,1152900,200
302,2,1027700,45300,39100,63600,58900,300,873800,100
303,2,1246200,31400,28500,70100,62100,100,1110000,0
304,2,5071300,33800,32500,79400,73600,100,4913900,200
305,2,958200,27800,42300,66700,61600,100,807900,100
306,2,821500,49200,42000,67800,62000,200,648700,200
307,2,951600,38400,32400,66400,60700,100,797800,200
308,2,3919700,37000,18200,71600,62500,100,3778400,100
309,2,1183100,47800,37700,68300,62700,200,1010600,200
310,2,1045700,24400,28500,65700,60100,100,889100,100
311,2,1269100,36100,36300,65100,59900,100,1109000,200
312,2,5106500,42900,28500,81800,76600,100,4932900,100
313,2,1100200,36900,42200,79000,73800,100,923400,200
314,2,776700,33000,17800,66400,61700,100,650600,100
315,2,918000,32600,15400,63900,59000,200,796000,100
316,2,4190000,79600,35600,69600,62600,200,3987200,300
317,2,1152700,31400,46600,66400,60200,100,982700,200
318,2,1052600,29300,26100,64300,59300,100,886800,100
319,2,1293700,34500,38500,66500,60600,100,1119000,200
320,2,5448600,42200,35300,80700,75000,100,5272600,100
321,2,940000,75400,33500,71500,62500,200,747700,100
322,2,826200,25300,45500,69600,64600,200,649000,100
323,2,926300,36700,23900,63800,59100,200,795900,100
324,2,4099000,61400,34000,66600,60700,200,3929000,100
325,2,1165900,29400,39100,65100,60000,100,1024900,100
326,2,1214800,51000,39100,64400,59100,100,1052600,100
327,2,1248100,33200,35200,64900,60100,100,1108700,100
328,2,4859700,39900,33700,78400,73400,200,4699800,100
329,2,921800,46200,42800,67900,62700,0,747800,100
330,2,791900,31700,28900,67500,62700,200,648900,100
331,2,938400,35400,24800,63200,59000,200,795600,100
332,2,3880700,47100,19200,80000,74900,200,3715400,100
333,2,1114000,32900,37300,63600,58900,100,964000,100
334,2,1044500,28200,37400,68500,63000,100,870500,200
335,2,1248500,21600,40800,65900,61400,100,1109000,100
336,2,4939200,33000,32300,81100,74800,200,4778300,200
337,2,903700,37200,28300,66800,61500,100,756600,200
338,2,802200,26000,23400,65300,60200,100,648900,100
339,2,938400,20900,33700,63800,59100,100,795800,100
340,2,3872500,43300,25600,78100,73500,100,3717100,100
341,2,1144200,36300,35300,69200,63500,0,991900,0
342,2,1077600,34100,39900,64900,60100,200,929100,100
343,2,1256400,33100,30900,68000,62600,200,1111700,100
344,2,4981600,48000,46000,150300,59400,100,4723600,100
345,2,1176800,36400,54300,65800,60000,200,1003300,200
346,2,838800,41800,34700,69900,64300,100,655600,200
347,2,998600,27000,52900,65300,60000,200,847000,100
348,2,3995800,33800,27900,79800,74800,100,3848200,100
349,2,1116900,40400,30100,69200,61700,100,965900,100
350,2,1029000,46300,16800,65800,60000,100,887400,100
351,2,1246000,31800,24000,65100,60100,200,1109900,100
352,2,4974600,36500,30900,83200,77700,200,4803800,0
353,2,887600,25000,26800,65200,60200,0,750500,100
354,2,779200,18000,35700,65400,60600,100,648600,100
355,2,956500,44400,31700,67600,62400,100,795200,200
356,2,4081100,27000,31800,66400,61500,100,3942600,100
357,2,1124000,28700,46700,67200,62500,200,968500,100
358,2,1102700,63000,27200,67300,60200,0,881100,100
359,2,1282300,43500,33900,69500,63600,100,1109900,100
360,2,4961900,37000,33800,79900,74900,200,4804300,100
361,2,874500,30000,26500,64500,60000,100,747800,100
362,2,790100,30300,39800,65000,60100,200,648800,100
363,2,929300,41600,17100,63900,59100,200,796500,100
364,2,3859500,43200,19800,88900,78600,100,3699600,100
365,2,1112800,33600,36900,63800,59000,100,967100,100
366,2,1016700,34200,34300,66700,62000,100,873200,100
367,2,1263400,36300,25800,63700,59000,200,1125800,0
368,2,4778400,26500,22300,84200,77100,200,4635500,100
369,2,1065800,44900,47500,63800,58900,100,892600,200
370,2,813100,19300,35000,67600,62200,200,651700,200
371,2,954900,37500,32200,66000,61100,100,801700,100
372,2,3873600,38400,39100,67100,61900,200,3713100,100
373,2,1330200,30100,29900,63800,58900,100,1187800,200
374,2,997100,16900,34900,63100,58800,200,872700,100
375,2,1242200,25400,29600,66600,62100,100,1110800,100
376,2,4798900,26800,36000,77600,75000,200,4645700,100
377,2,1056300,26100,54000,65900,61000,0,886300,200
378,2,804900,17600,30500,66000,61500,100,650800,100
379,2,940200,16900,31900,67900,62900,100,795900,0
380,2,3843200,19400,37700,85700,80400,100,3690700,200
381,2,1147300,41400,56300,64300,59800,200,970800,200
382,2,1028500,26100,35000,66800,61800,100,871800,200
383,2,1242100,36200,27700,63200,59100,100,1109000,100
384,2,4793900,43800,29700,81900,76400,200,4630200,100
385,2,890100,26900,26400,78800,72400,0,751900,100
386,2,784700,24900,33000,68500,63500,200,650300,100
387,2,915300,22700,26700,65300,60000,100,795200,100
388,2,3837800,28900,26400,77900,73400,100,3697400,100
389,2,1118600,34500,37200,67500,62600,100,965100,100
390,2,1012400,27700,33300,63700,59000,200,873700,100
391,2,1251000,23000,27600,68600,63100,200,1111300,0
392,2,5069000,56300,27800,81700,74800,100,4878400,100
393,2,1096200,31500,39900,65500,60100,100,935300,100
394,2,823300,36900,33400,66300,60100,100,649800,100
395,2,957500,21900,38700,64800,59000,200,815800,100
396,2,4078400,50300,41900,67500,61800,200,3903800,200
397,2,1313500,25500,46000,69400,64100,100,1159500,100
398,2,1023500,29900,16500,67600,62500,100,871500,100
399,2,1268900,28800,34300,64200,58800,200,1111300,200
400,2,5051200,42900,32500,67100,60300,100,4895700,200
401,2,922400,37900,37500,69700,64000,100,758500,200
402,2,792600,23400,36600,68900,60700,200,649900,200
403,2,943400,30200,30300,65400,60000,100,800200,200
404,2,3896700,35200,40100,67400,61800,200,3741700,100
405,2,1138500,38300,32500,65500,60000,100,988500,200
406,2,1043000,32800,41600,63900,59000,100,873300,100
407,2,1237600,21300,32700,65100,60000,100,1109800,200
408,2,4938800,32500,20000,71000,60400,300,4809500,100
409,2,987500,28200,44800,71300,66200,200,831000,100
410,2,783600,15100,42100,64900,60300,200,648400,100
411,2,939800,16100,43700,63800,59000,100,797700,200
412,2,3944300,52800,32900,72100,65800,200,3767700,100
413,2,1281000,30000,29500,67900,62400,100,1125100,100
414,2,1015400,32800,29900,68200,63400,100,872400,100
415,2,1251300,28000,33500,65000,60000,100,1110800,100
416,2,4848000,41100,21000,68500,63100,0,4700700,100
417,2,904400,40000,29900,69200,63600,100,749500,100
418,2,850000,20900,40400,64000,58900,100,656800,200
419,2,932400,16600,29400,63500,58800,200,796300,100
420,2,4038200,49000,39700,68700,62900,200,3873200,100
421,2,1115100,24400,42900,69200,63700,100,968200,100
422,2,1033700,51100,34600,70100,61700,200,871600,100
423,2,1245400,30100,35800,63500,58800,100,1110000,100
424,2,4818700,41900,39600,81500,76600,200,4645700,100
425,2,968600,27100,26700,64400,58800,100,830000,100
426,2,807900,40100,31100,68100,63200,100,655400,200
427,2,938200,31400,34100,63700,59200,100,799200,200
428,2,4006200,45000,37600,68300,63200,100,3845200,100
429,2,1118300,41800,31700,64800,60000,200,965700,0
430,2,1015000,16300,25700,64900,60100,100,871600,100
431,2,1255800,31400,27500,71200,65200,100,1109700,0
432,2,5043800,43600,31100,67100,62200,300,4886500,0
433,2,933800,50400,35700,67700,62700,300,766300,100
434,2,810300,33700,49900,68800,63700,200,648700,100
435,2,944600,36800,35700,66700,62000,200,795500,100
436,2,3886300,50200,33400,70200,61900,100,3717400,200
437,2,1271600,36500,51000,68200,63300,100,1095500,100
438,2,1018200,16300,21000,65000,60000,100,873100,100
439,2,1266800,31800,29100,68100,62400,100,1111400,100
440,2,4876400,54400,28800,65700,60700,300,4714200,200
441,2,939500,30500,40600,64500,60000,200,794800,100
442,2,831900,41600,26400,68700,62500,100,664300,0
443,2,926900,21700,32600,65400,60000,100,797900,200
444,2,3896500,34700,21900,78500,73500,200,3755900,100
445,2,1092300,38300,15500,64900,60100,100,967800,100
446,2,1009200,24000,34700,67300,62200,200,875600,100
447,2,1249100,30600,37100,64900,60000,100,1110900,0
448,2,4944200,26900,51300,78500,73600,200,4774900,0
449,2,910400,33500,29400,68900,64200,100,763000,100
450,2,784000,30100,22800,66000,61400,300,649800,100
451,2,953800,23300,39600,63700,58800,200,804900,200
452,2,3985500,69600,35900,81300,75800,100,3781200,100
453,2,1117500,35100,37200,64000,59100,100,965000,100
454,2,1030300,26600,35300,66700,62000,100,872300,100
455,2,1239400,25500,27200,67000,62300,100,1110100,100
456,2,4870500,49800,22800,79900,74700,100,4709600,0
457,2,888100,35100,30000,62900,58900,200,749800,100
458,2,802600,18600,35900,62800,58800,200,648200,100
459,2,944300,34100,26400,63100,58700,100,796500,100
460,2,3935900,59500,32600,79200,73800,200,3752300,200
461,2,1240600,31400,51700,67400,61700,300,1076300,100
462,2,1026200,34500,36500,71000,65400,100,873600,100
463,2,1290600,32200,32800,65100,60000,100,1146400,100
464,2,4872300,17900,22200,78400,73400,200,4744200,0
465,2,890600,31100,28200,67500,60700,100,754800,100
466,2,852500,32900,34800,68000,62300,200,682700,100
467,2,919000,22000,21100,68200,63000,100,797900,200
468,2,3954800,35000,31200,81400,75100,200,3800800,100
469,2,1107700,36100,31800,64100,59200,300,965300,100
470,2,1038100,41300,40100,66300,60700,100,873600,100
471,2,1248700,30200,23400,63600,58900,100,1111300,200
472,2,4899300,41000,28000,66000,60300,100,4746500,0
473,2,1021200,30600,49000,63700,59100,100,853500,100
474,2,784800,26000,27900,63400,58900,100,656000,100
475,2,930000,17400,33300,65000,60000,100,796900,200
476,2,3925300,36300,34000,83500,77500,200,3758600,0
477,2,1121400,28800,42100,70300,64700,100,964300,100
478,2,1069100,27600,22500,65200,60100,100,887900,100
479,2,1276600,43800,32100,66400,60100,200,1110500,100
480,2,4944000,42500,34300,78200,73300,100,4780400,100
481,2,882200,30000,34500,63500,58800,200,748900,0
482,2,808900,42400,28300,69300,61700,100,659500,200
483,2,960900,38800,53500,64000,58900,100,798700,100
484,2,3854300,23200,31900,83200,76400,200,3708300,100
485,2,1121700,38700,43200,64500,60100,300,964000,100
486,2,984400,17600,23000,63700,59000,200,872000,100
487,2,1247500,17900,44300,66700,61900,100,1109600,100
488,2,4944700,47400,39700,84500,78200,200,4758300,200
489,2,891600,20700,32300,65700,60200,200,755800,100
490,2,813100,21600,33100,66400,61200,100,651000,200
491,2,950600,35800,36600,67400,62700,100,796300,100
492,2,3937900,72900,25900,92900,87000,200,3732500,100
493,2,1121800,37100,28700,70800,65300,200,970100,100
494,2,1029300,27000,36300,66900,60800,200,884200,200
495,2,1244000,21900,28900,64900,59700,100,1113300,200
496,2,6538900,32700,24000,78500,73400,300,6392200,0
497,2,900600,26400,26800,78300,73300,300,752800,100
498,2,827400,30100,39300,65000,60000,100,648300,100
499,2,939500,29400,21500,64700,60000,200,795300,100
500,2,4869000,50400,27600,68000,62100,200,4711300,100
501,2,1124500,42900,36900,66400,61100,200,965300,100
502,2,1056900,40500,34000,64500,59100,100,886600,100
503,2,1251000,29000,36600,69400,64600,100,1109700,100
504,2,5161600,41600,19400,67700,61900,100,5023300,200
505,2,1104700,37800,43600,68200,60400,100,943500,200
506,2,793000,31100,38600,65000,60300,100,651800,100
507,2,926200,28900,32500,64100,59000,100,795300,100
508,2,3914600,42000,45200,66500,59900,100,3752800,100
509,2,1104900,28600,30900,64000,59100,200,965400,100
510,2,1027300,35500,36900,65000,59900,200,872600,200
511,2,1258500,38600,28700,64300,59300,0,1109800,100
512,2,5032600,41300,37000,80700,75600,200,4851400,100
513,2,923700,50600,26400,72900,64800,200,754200,200
514,2,819600,35900,31100,70700,63000,100,648900,100
515,2,941500,33300,29100,64700,60000,0,803400,100
516,2,3890200,56400,17900,98000,85600,100,3707500,100
517,2,1143500,42800,39500,66100,60300,200,976600,200
518,2,1045900,35900,32600,65300,60100,100,873600,100
519,2,1246600,25500,20600,66300,61300,300,1109800,100
520,2,4922800,37100,30500,80000,74800,100,4767200,0
521,2,928900,60400,26600,79000,74100,100,750600,100
522,2,784300,24500,30700,65900,60000,100,654400,100
523,2,923900,33000,21300,64000,59100,300,795600,100
524,2,3973700,41600,29600,67100,62500,100,3826000,100
525,2,1163100,40800,35500,69600,63400,100,1008100,100
526,2,1029400,33600,25900,66500,60000,100,871700,100
527,2,1245700,33000,30900,67000,61900,200,1109400,100
528,2,4960100,30300,28600,80700,75900,100,4814200,0
529,2,889100,21200,28400,78600,73500,200,749700,100
530,2,773600,21300,27700,63300,59000,200,648200,100
531,2,937800,25400,36500,64000,59100,200,797100,100
532,2,3906800,42200,22900,79600,74800,100,3745700,100
533,2,1125500,27000,42100,68700,64100,100,968000,100
534,2,1061600,66100,27100,72300,64400,200,884200,100
535,2,1277300,29100,47600,72600,64900,100,1110000,200
536,2,4871300,51000,31500,80200,74900,200,4695700,100
537,2,893000,31700,17700,80100,74800,100,749800,100
538,2,832400,21000,35100,67700,63100,100,648700,100
539,2,955900,21000,38900,68800,62900,200,797800,200
540,2,4000200,55500,28300,80400,74800,200,3826600,100
541,2,1120000,37400,34600,68700,63500,100,969000,200
542,2,995300,28000,23800,64900,60500,200,872500,100
543,2,1259700,34200,17500,68600,63300,100,1133700,100
544,2,4821000,45300,23300,67900,62600,100,4670900,100
545,2,914200,36000,40700,68100,63000,100,753100,200
546,2,777500,25200,28700,66800,61800,100,648300,100
547,2,941200,31600,37900,66800,62100,0,795500,100
548,2,4029900,73200,38100,88700,77700,200,3806600,100
549,2,1201700,19000,30500,66600,61500,100,1061500,200
550,2,1047900,24400,45200,68300,63100,100,871300,100
551,2,1268600,36700,36900,68000,61100,200,1110900,100
552,2,4850500,40000,45900,81000,74700,100,4669800,100
553,2,891900,35000,29300,64000,58900,300,750600,100
554,2,810900,38100,41200,69000,63300,100,648200,100
555,2,936700,32300,27600,64400,59000,100,798200,200
556,2,3853900,43300,22500,79200,74800,100,3697800,100
557,2,1135500,34200,39000,80700,75000,100,964000,100
558,2,1096700,51800,58900,67500,62000,0,872500,200
559,2,1275400,36700,28000,65600,60700,200,1110900,200
560,2,5036800,57400,39700,72500,63500,100,4851800,200
561,2,1120100,48000,49000,76200,70900,100,932600,200
562,2,825700,34700,46100,64000,58900,200,649300,100
563,2,940400,34900,31900,63500,58800,100,804100,100
564,2,3884800,38000,31300,69400,63900,200,3740700,100
565,2,1107000,37900,29500,65400,61200,0,968600,100
566,2,1029400,35500,36700,71000,63500,100,872800,200
567,2,1235400,31400,18400,68600,62600,200,1110000,100
568,2,4867000,67100,39600,71000,62000,200,4675600,200
569,2,953400,63300,36500,81600,76800,100,752000,200
570,2,862900,29600,73900,68100,62100,100,671200,200
571,2,1081600,48100,38900,69300,63400,200,903100,100
572,2,3871700,41100,28700,69200,64100,100,3709300,200
573,2,1092900,16300,29300,65100,60100,200,963200,100
574,2,1039600,30100,37000,66600,61500,200,872200,100
575,2,1253700,25200,39100,69700,65000,0,1110000,100
576,2,5377700,73900,25800,71900,65900,200,5184500,200
577,2,1281500,57800,37600,76400,70300,100,1092400,200
578,2,846900,27900,41900,65500,60000,100,659800,200
579,2,971300,31000,24700,66500,61200,100,816600,200
580,2,6002100,21700,28200,83200,75300,100,5854000,200
581,2,1123600,15300,36600,64900,60000,300,992000,100
582,2,1008200,39300,20100,66600,61600,200,871800,0
583,2,1251800,45600,16500,64300,60000,100,1110700,100
584,2,6811600,48500,31900,85400,77500,100,6629900,100
585,2,898800,30500,37000,65800,60700,200,750400,200
586,2,825500,35300,38800,66200,61200,100,649500,100
587,2,930800,37000,28200,65200,60000,100,795100,100
588,2,4316500,42400,18500,92300,83800,200,4157400,100
589,2,1114500,31800,42100,64500,59200,100,964000,100
590,2,1031900,53700,22200,63700,59200,200,874600,200
591,2,1287400,37600,35000,64000,59100,100,1134400,100
592,2,5353000,24000,37200,70100,64600,200,5200200,100
593,2,921500,39400,44900,65400,60400,100,748800,100
594,2,775500,24100,25800,64800,60100,100,648100,100
595,2,944100,35200,30800,67300,62200,200,795800,100
596,2,4039000,25900,35100,82100,76900,200,3881800,100
597,2,1114000,32900,34800,67000,62200,100,964900,100
598,2,1063700,37200,20100,67400,62400,200,872800,100
599,2,1288100,42300,34400,67100,60000,100,1113900,200
600,2,5118000,63000,40900,83400,75000,200,4921100,200
601,2,952900,39800,47900,68400,63300,100,785000,200
602,2,783500,28300,32100,65100,60200,100,650700,200
603,2,943900,44900,22100,68500,61100,0,798800,200
604,2,3841700,32800,24500,88400,77100,200,3687800,100
605,2,1105100,29900,32400,67000,61900,100,963900,100
606,2,991700,21600,25900,63400,59000,100,872600,100
607,2,1265900,47800,33600,66000,61700,200,1109700,100
608,2,4855900,41900,33900,89700,79500,200,4671000,200
609,2,921200,38700,46700,66400,61600,200,751800,200
610,2,813600,36200,19000,71300,65600,100,648300,100
611,2,940600,33300,20600,68800,63400,100,798000,100
612,2,3849800,35600,29900,64900,60100,300,3706000,100
613,2,1101500,34100,24000,63700,59000,200,965900,100
614,2,1016700,26900,45200,65200,60600,200,871100,100
615,2,1245800,34500,28400,63400,58900,100,1109900,100
616,2,4812300,38900,45100,78300,73600,200,4639000,100
617,2,903600,45700,25100,65900,60900,100,750800,100
618,2,819700,24400,39300,68100,63000,200,648700,100
619,2,938100,22700,26600,64800,60200,100,797600,100
620,2,3841100,36000,31800,69200,62700,100,3692600,0
621,2,1282600,58600,29900,65100,59300,200,1112700,200
622,2,1026800,27300,28000,64800,60000,100,874000,200
623,2,1257600,45700,32400,63200,59000,100,1110700,100
624,2,4803300,57900,28100,67900,62100,200,4641400,100
625,2,915000,40500,46900,71100,62400,100,748000,200
626,2,815400,57900,20600,73700,63500,100,650800,200
627,2,942000,43400,26600,64600,60000,100,797800,200
628,2,3856200,44000,31000,83300,78100,100,3689900,100
629,2,1165400,22900,37500,65900,60700,0,1023700,200
630,2,1050600,34600,49600,68900,63400,100,880500,200
631,2,1292500,38200,44300,64100,58800,100,1125500,100
632,2,4848100,66400,25300,80600,74800,100,4653400,200
633,2,912300,29300,31400,65900,60100,100,768100,100
634,2,782700,17700,16900,69000,64400,100,648500,0
635,2,979500,27300,40000,105400,60100,100,795500,100
636,2,4042800,50400,35600,80400,73900,200,3861200,300
637,2,1140900,54900,36300,67500,61900,200,968100,200
638,2,1035600,26100,32200,65900,60900,100,871900,100
639,2,1274400,38500,36100,66100,61500,100,1108400,100
640,2,5080400,55400,35200,81800,75100,200,4895300,100
641,2,888500,37200,17700,67200,61800,100,753900,100
642,2,779900,24400,31300,67300,62600,200,647800,100
643,2,944500,33100,34100,67600,62800,100,795600,200
644,2,3927900,40500,39800,63800,58900,100,3774700,100
645,2,1128400,20900,34300,67300,62300,100,993100,200
646,2,1044200,36900,37700,67400,62800,200,872600,100
647,2,1258300,43400,35700,65000,59900,100,1109100,100
648,2,4845200,16400,31300,78300,73600,100,4713700,100
649,2,930000,41200,34600,84600,74800,100,758800,100
650,2,784700,21600,34700,67000,62100,100,649300,0
651,2,978600,38100,47500,63800,58800,100,810300,200
652,2,4011500,49600,33200,85700,77400,100,3825300,100
653,2,1168900,42900,36200,65700,60100,100,997300,200
654,2,1034100,44000,34100,67200,61400,100,873100,200
655,2,1242700,15700,35700,63300,58800,100,1109600,100
656,2,4831000,38600,21600,66000,60900,100,4691900,100
657,2,896500,35200,32500,63400,59000,200,753100,100
658,2,867200,45300,39400,64000,58800,100,648300,100
659,2,955300,37400,36100,63500,58700,0,794800,100
660,2,3865800,39500,31200,68600,62700,200,3719700,100
661,2,1284800,46300,28900,65500,60100,100,1132400,200
662,2,1016200,45500,20000,68100,62700,100,871800,200
663,2,1252900,29900,41700,64100,59000,100,1110100,100
664,2,4816100,41700,35100,67700,62300,100,4663300,100
665,2,923000,33400,43900,83600,78700,100,749100,100
666,2,805200,34900,41100,63900,58800,100,650800,200
667,2,952500,41200,28800,69500,62200,100,797600,200
668,2,3891500,32000,50200,80600,74800,100,3712900,200
669,2,1123100,40300,39100,63900,59000,100,964900,100
670,2,1034700,29200,33100,64000,58900,300,872300,100
671,2,1261700,42100,28400,65800,60000,100,1111000,100
672,2,4795500,30800,20400,63400,58700,100,4663900,0
673,2,904700,32100,30500,79500,74700,100,749400,100
674,2,797700,19500,56100,65100,60700,100,648400,100
675,2,924700,28800,22700,68400,63600,200,794900,0
676,2,3872100,36700,34600,80900,75000,200,3709300,100
677,2,1240400,33400,38300,68300,63400,200,1080200,200
678,2,1046600,37900,24600,70300,64700,100,872500,100
679,2,1285900,22900,38600,66200,61300,100,1126700,200
680,2,4989000,27500,31400,84400,79300,100,4836000,100
681,2,903300,32900,30100,81400,76000,200,750400,100
682,2,841000,23200,46600,64800,60000,0,672200,200
683,2,934100,36200,28700,67200,62600,100,796500,100
684,2,3898500,79700,36400,70700,60400,200,3704000,100
685,2,1214500,36500,26200,68200,62600,0,1072900,200
686,2,995500,31900,18400,65100,60200,100,873300,100
687,2,1243600,34300,31000,63700,58900,200,1109500,100
688,2,4779500,42000,15300,79900,75200,100,4634700,100
689,2,919900,49800,38700,64500,60000,200,751700,100
690,2,818500,37000,54600,64100,58900,200,649400,100
691,2,965700,50900,29700,70200,61900,200,796400,100
692,2,3870700,51500,23500,69200,64000,200,3709100,100
693,2,1138100,52600,16400,66900,61600,100,985000,0
694,2,1026700,20600,37500,63800,58900,100,872800,100
695,2,1249200,23000,41200,64000,59200,300,1111300,100
696,2,6450300,28800,22900,74000,67200,100,6315400,0
697,2,1061800,38100,30200,65200,59900,100,913800,200
698,2,817300,30600,33400,63900,59200,200,651800,100
699,2,942300,28300,29100,63200,59000,200,796300,0
700,2,4982200,47100,41600,78600,73400,300,4806800,100
701,2,1125700,38100,41800,63800,58900,200,970100,100
702,2,1014500,29300,38000,67000,62200,100,871600,100
703,2,1255700,31700,38700,65400,60600,100,1110100,100
704,2,5031400,48700,31900,63600,59100,100,4873700,100
705,2,908200,41000,39000,66600,60700,100,750600,100
706,2,821800,38000,30300,65900,60300,100,650900,200
707,2,939100,31900,37300,64900,59900,100,796200,100
708,2,3952100,61000,29000,80800,74700,100,3775300,100
709,2,1111600,37700,34200,63100,58700,100,965700,100
710,2,1036500,27300,50400,67400,62100,200,873900,200
711,2,1256800,29800,35500,65100,60000,100,1109700,100
712,2,4836600,25900,31600,78200,73300,100,4685900,100
713,2,931400,62200,26700,70000,60800,100,749700,100
714,2,792800,28600,30400,67600,62100,100,649400,100
715,2,949700,40300,34000,66500,61700,100,795600,100
716,2,3851200,42600,16700,66400,60200,200,3713200,100
717,2,1108600,41200,21000,67100,62200,200,966200,100
718,2,1063100,28600,35000,64700,60400,100,872200,100
719,2,1263600,41500,22300,67700,62600,200,1109800,100
720,2,4877900,51800,47500,79000,73600,100,4690200,200
721,2,889200,31500,29700,69600,61300,200,752900,100
722,2,773500,24800,27500,66900,62000,100,648200,100
723,2,964200,59500,39500,63200,59000,100,796300,100
724,2,3858800,19800,28100,81300,74800,200,3721800,100
725,2,1093000,18500,29600,68500,63200,100,965300,100
726,2,998800,18900,31900,66600,62000,200,871000,100
727,2,1281100,33700,37600,68500,60600,100,1127200,200
728,2,4949700,55000,15200,81500,74700,200,4784400,100
729,2,1099200,48500,37600,69800,61100,100,924200,200
730,2,799500,32000,17500,64700,60000,100,648200,100
731,2,918900,17500,23600,67200,62700,100,796200,100
732,2,3889000,45800,33800,78800,73500,100,3717300,0
733,2,1126900,42200,33100,65100,60000,200,972800,100
734,2,1029600,38000,39500,68200,63400,100,875300,0
735,2,1255100,28100,41800,65000,60000,100,1110600,0
736,2,4943400,36700,29500,67200,60300,100,4792300,100
737,2,901700,17700,34800,64700,60000,400,768200,100
738,2,845300,38800,38000,71000,63000,100,651600,200
739,2,964200,28200,34700,68900,63400,100,801800,100
740,2,4022700,62300,43000,78500,73500,200,3827600,100
741,2,1089300,35000,15900,63800,58900,200,965800,100
742,2,1087500,31300,33800,66800,60100,100,917400,200
743,2,1247600,33700,32300,64800,60000,200,1109800,100
744,2,4925500,51700,19600,70300,65300,100,4778600,0
745,2,904600,23100,37100,69800,64700,200,765400,200
746,2,768000,31300,16600,66200,61100,200,648100,100
747,2,935800,43000,20500,69600,61900,100,797100,100
748,2,3852800,25500,16100,68200,61800,200,3732700,100
749,2,1289400,29600,19600,64400,58800,100,1151200,100
750,2,1023900,32200,34900,64400,60000,200,872800,200
751,2,1303500,46200,38800,69300,64000,200,1130200,100
752,2,4900100,34900,34700,79000,74200,200,4732700,0
753,2,939900,44000,25300,100800,94000,100,751000,100
754,2,820400,27900,28900,65000,58900,300,654600,200
755,2,953700,35400,40200,65100,60000,200,798200,200
756,2,3987200,41900,34700,79000,73500,100,3823000,100
757,2,1111800,36600,31500,65500,60700,0,968100,100
758,2,1032700,29400,27000,63500,58900,200,873300,100
759,2,1312200,63200,33200,65000,60000,200,1125000,100
760,2,4894900,32500,31000,67400,61900,200,4754000,100
761,2,924300,46200,28000,76600,71100,100,756900,200
762,2,797000,36100,34200,67300,62600,100,649900,100
763,2,936200,26400,33900,67000,61900,100,797200,100
764,2,3932500,42800,36300,79900,74700,300,3758000,200
765,2,1121800,41400,33000,65800,60600,200,969100,200
766,2,1013200,16700,28200,64400,60000,200,872500,100
767,2,1232300,28900,19000,66600,61900,100,1108600,100
768,2,4931400,74900,26500,80800,74900,300,4740200,0
769,2,943600,47600,28300,83000,77300,100,773100,100
770,2,790100,20000,33300,69700,64000,100,648200,100
771,2,952200,26600,39400,64400,59300,0,804800,200
772,2,4061200,52300,26800,82300,75300,200,3876100,200
773,2,1188700,42300,40700,71900,63800,100,1007000,100
774,2,1002200,30900,19900,66900,62400,100,872600,100
775,2,1241300,19100,34400,65500,60900,100,1108700,100
776,2,4916000,62300,30400,84400,78900,200,4726100,100
777,2,913600,40800,28400,78600,73500,100,752600,100
778,2,820600,26400,21000,63400,58800,200,649500,100
779,2,944100,35800,24000,64800,60100,100,796100,0
780,2,3872100,34900,24900,78200,73300,200,3728800,100
781,2,1099500,26200,32900,70900,63200,200,963900,100
782,2,1031600,40300,43800,68300,62300,100,871200,100
783,2,1250700,37700,27600,64200,59100,100,1110900,100
784,2,4857200,80300,41600,80000,74700,200,4647700,100
785,2,926500,37900,37300,78500,73300,0,757400,100
786,2,816000,36700,39400,66100,61600,100,664700,100
787,2,933000,38400,18900,70500,62800,100,796300,100
788,2,3831300,28700,32100,78400,73500,200,3682900,0
789,2,1116600,34500,38200,66700,61900,100,963700,100
790,2,1011400,15800,22500,63900,59000,100,872400,0
791,2,1250100,18300,41900,65600,60000,200,1110400,100
792,2,4964700,29600,34600,84900,78900,200,4801600,100
793,2,899300,31500,31800,69800,61800,100,753400,100
794,2,916100,39700,43700,66000,60100,0,752500,100
795,2,922100,23900,21400,65400,60100,100,797300,200
796,2,4000200,37900,22900,79000,73400,200,3845100,100
797,2,1214300,26500,48300,63800,59000,100,1057600,100
798,2,1045400,38800,25800,68600,63500,100,872200,100
799,2,1285100,55300,25800,65400,60000,200,1111200,100
800,2,4944800,36400,40300,64000,59000,100,4791200,100
801,2,923900,41000,42100,85100,79600,200,747400,100
802,2,784700,16800,25300,64900,60000,100,648100,100
803,2,946700,44800,34800,66300,60400,100,795400,100
804,2,3740200,37000,33800,78700,73500,0,3585500,100
805,2,1091500,33700,20700,67300,61400,100,964300,100
806,2,1000700,38700,19900,64600,59800,200,871200,100
807,2,1246200,32200,30800,67800,63100,100,1110000,100
808,2,4859000,43300,45000,75100,66200,200,4687200,100
809,2,937800,36300,26300,70500,64800,100,788100,100
810,2,772600,27000,16200,64100,59100,100,650600,100
811,2,951800,36500,32400,68500,63300,100,796200,100
812,2,4063300,23500,35500,80700,74900,200,3905500,100
813,2,1243300,38900,37100,66300,60700,100,1081200,100
814,2,1039900,17500,29400,65100,60000,0,887700,200
815,2,1244500,24900,30900,68200,63100,100,1109400,100
816,2,5386300,56000,25900,80200,74800,100,5214500,100
817,2,921100,40600,36600,68200,63300,100,765500,100
818,2,824000,24600,41600,68900,61100,200,648300,100
819,2,938100,26600,24700,64900,60000,200,795900,100
820,2,3947400,26500,15000,78000,73200,100,3819600,100
821,2,1161900,44700,39000,70700,61800,200,992300,100
822,2,993000,17200,17900,67100,61800,200,877300,100
823,2,1260600,40800,27500,72000,64400,200,1110100,100
824,2,4908500,46500,39500,80300,75600,100,4732200,0
825,2,914000,43600,41200,69600,61700,100,749000,100
826,2,817800,35500,31000,65100,60100,100,656200,100
827,2,941000,26300,31100,69100,64300,200,808700,100
828,2,3862300,28200,14400,83200,78000,100,3717400,0
829,2,1091200,18600,30700,64200,58900,100,964800,100
830,2,1042400,42000,44100,66500,60600,200,870300,200
831,2,1269600,32900,35800,70100,61800,100,1111800,100
832,2,4806600,42600,28700,78300,73400,100,4637200,100
833,2,916300,44600,26000,78900,73700,100,747800,100
834,2,814900,58000,32200,63900,59000,100,648800,100
835,2,956100,39500,33400,65000,60100,200,804600,100
836,2,3867500,47100,25100,70400,61300,100,3708200,200
837,2,1216000,35700,36800,67500,62200,0,1060200,100
838,2,1085700,44000,41700,69500,61300,100,870600,100
839,2,1270200,36600,30700,69400,64300,100,1110700,100
840,2,4825000,49300,29800,78900,73500,100,4661400,100
841,2,880000,23700,30400,68300,62100,200,749800,100
842,2,834200,31400,32200,64900,60200,100,694600,200
843,2,944100,38100,33400,66500,61400,100,795700,200
844,2,3981200,54600,32400,72600,63400,300,3807900,300
845,2,1148400,28200,39700,67600,61900,100,995200,200
846,2,1014200,39600,21500,71300,63400,0,872200,100
847,2,1257000,39000,34200,64900,60100,100,1109500,100
848,2,4926300,35100,24400,81700,76400,200,4775700,100
849,2,1098400,31600,51400,70600,64300,300,923300,200
850,2,826600,16500,25600,65000,60000,100,673500,200
851,2,947600,36200,36600,63200,58900,100,797100,100
852,2,3970900,36400,24200,67400,61700,100,3827600,100
853,2,1247800,25900,45600,75600,69000,100,1084500,100
854,2,1018900,35000,31100,64600,58800,100,876200,100
855,2,1262900,32000,39700,65500,60000,100,1110600,200
856,2,5670200,33600,38200,78600,73900,100,5501800,0
857,2,910800,32200,34800,78400,73400,200,748000,100
858,2,834700,38300,36200,66300,60300,100,649400,100
859,2,967900,26400,38200,65000,59900,100,802700,200
860,2,4192300,65100,28200,80500,74800,200,4007600,100
861,2,1085000,18000,23300,63900,59000,300,970400,0
862,2,1040300,36900,33400,65400,60600,200,872600,100
863,2,1234700,28100,26100,65000,60100,100,1109600,100
864,2,4897300,26900,20300,72300,65700,100,4767400,100
865,2,908400,44900,29900,81900,76800,100,745800,100
866,2,801400,39200,37900,67500,62200,0,648800,100
867,2,935300,28500,34600,65400,60000,100,796700,200
868,2,3962100,65000,30600,89500,83500,100,3764200,200
869,2,1142500,39600,34300,65600,60000,200,980600,200
870,2,1028000,35400,30800,63700,59000,200,877300,200
871,2,1273600,41300,33700,68200,60100,100,1110400,100
872,2,5035800,37700,35100,69900,61700,100,4874000,100
873,2,935400,45200,52900,67400,62400,100,752600,100
874,2,823100,37100,33000,65300,60100,200,649200,200
875,2,911900,20900,18900,63500,59200,200,797900,100
876,2,4010400,48800,23800,66100,60600,200,3854400,100
877,2,1160100,52400,46000,80800,75300,100,968700,100
878,2,1035500,28000,34900,64100,59200,100,870200,100
879,2,1269200,32700,36600,64800,60000,100,1109900,100
880,2,4904300,29800,30000,80200,74700,200,4756600,100
881,2,891700,38000,29700,63700,59000,100,748800,100
882,2,853300,31800,21200,140500,62700,100,649200,100
883,2,950400,32700,39800,66000,59900,100,796000,100
884,2,3925700,35200,37300,82900,77300,200,3756100,200
885,2,1113600,35900,38600,65800,61100,200,964000,100
886,2,1024800,24800,34900,63500,58800,100,872600,100
887,2,1249700,34000,23100,77400,72100,100,1109900,100
888,2,4992300,46700,31300,71200,64200,100,4831400,200
889,2,1028100,25600,33300,67300,62300,100,884700,100
890,2,820200,28400,58200,68200,63100,100,650100,200
891,2,976600,49700,45800,69700,61700,200,794800,100
892,2,3898000,54800,22600,84100,78200,200,3718000,0
893,2,1150100,49400,42900,67400,62000,100,967600,100
894,2,994300,29200,18100,63700,58800,100,872100,100
895,2,1246900,34200,23300,65800,60700,100,1110100,100
896,2,6397000,40400,36500,85100,77800,200,6213200,200
897,2,912400,40600,32600,65100,60000,100,757500,200
898,2,859000,37500,41600,68100,62800,100,650000,100
899,2,941200,26700,31200,63800,59100,200,795200,200
900,2,4897500,53600,30700,81900,74800,200,4725500,100
901,2,1107400,43400,26500,65700,60500,100,966300,100
902,2,1006300,30900,30700,65900,61300,100,872800,100
903,2,1251900,30200,41800,64000,58900,100,1110000,100
904,2,4847100,56400,30600,78500,73400,100,4673800,0
905,2,970500,29000,29500,72800,64300,200,821800,200
906,2,818400,48900,26600,71400,62900,200,658200,200
907,2,931600,38800,16900,70300,61800,0,796000,100
908,2,3892100,56700,32800,83600,78400,300,3709100,100
909,2,1123300,31000,48700,66900,62300,100,963700,100
910,2,1035300,36800,22600,65800,61100,100,873400,0
911,2,1257500,31900,33900,66800,62300,100,1110900,100
912,2,4893700,27500,37000,68700,62700,200,4745100,100
913,2,891700,24500,32000,65100,60000,100,752000,200
914,2,803800,38600,33600,72100,64400,200,650900,0
915,2,933500,34400,29300,63600,59000,100,796500,100
916,2,3868400,57300,29700,73000,63800,200,3695800,100
917,2,1120800,27300,40300,64400,59000,100,966300,200
918,2,1049900,37700,22700,71200,65800,100,874100,200
919,2,1272200,27800,43100,64000,59100,100,1109600,100
920,2,4828600,61800,35200,80300,74900,300,4641000,100
921,2,897000,41900,27000,64100,59000,200,755400,100
922,2,815500,38300,34500,63700,58800,0,648800,100
923,2,977200,62400,36700,69200,60300,100,801000,0
924,2,3977000,37600,24300,78700,73300,100,3826500,200
925,2,1113100,37500,36500,63900,59200,100,968500,100
926,2,1044000,66600,27100,70600,60200,100,870400,100
927,2,1325100,52200,36900,71100,62100,200,1153600,200
928,2,4969000,47100,30700,78800,73600,100,4799000,0
929,2,897800,19900,40700,68000,63100,100,749000,100
930,2,799000,31900,37900,64000,59000,300,650500,100
931,2,952000,32900,31900,67100,61800,200,801000,0
932,2,4025600,34100,39700,78600,73700,400,3854700,100
933,2,1115600,34400,34200,64700,59900,100,965100,100
934,2,1056300,38400,37600,68400,62600,100,872600,200
935,2,1352900,35000,22600,67800,62000,200,1209100,100
936,2,4964900,25900,26900,78900,73600,100,4819200,200
937,2,873500,21700,27400,64700,60000,200,748000,100
938,2,841500,33100,41500,64200,59000,200,660200,200
939,2,957000,32700,36500,66500,60800,200,796300,200
940,2,4050200,51700,25600,85700,78700,100,3875000,100
941,2,1244500,23000,38000,68700,64000,100,1096200,100
942,2,1031600,34400,45700,69300,63900,100,872500,100
943,2,1257500,41200,18500,66000,59900,200,1119900,100
944,2,4875500,29600,36100,80000,74800,200,4712800,200
945,2,954500,31600,43400,72600,64900,100,793400,200
946,2,812200,33700,32300,66400,60900,200,647200,100
947,2,935700,16800,34900,66500,61400,100,807600,100
948,2,3875200,37100,37600,69600,60100,200,3724100,0
949,2,1139200,39900,59300,63800,59000,100,965500,100
950,2,1003900,25900,27700,65900,61400,100,872600,100
951,2,1245500,27000,26800,65900,61200,100,1111000,100
952,2,4840400,69100,24700,81700,74900,200,4645200,100
953,2,898200,29600,34200,67400,62400,100,744900,200
954,2,757600,17600,14600,64200,59000,100,649900,100
955,2,931600,34300,23700,65100,59900,100,795200,100
956,2,3882900,38500,38400,81300,76000,100,3712000,100
957,2,1115100,33400,30800,71200,65100,200,965000,100
958,2,1059700,16600,34600,64100,58900,100,872300,200
959,2,1264700,27400,37000,63400,59000,0,1110000,100
960,2,4803100,57000,31300,80900,75300,200,4625200,100
961,2,893600,23600,47600,66400,60100,200,750100,100
962,2,787300,33800,34900,64900,60000,300,647600,0
963,2,921100,37200,17700,64000,59300,100,796000,100
964,2,3851700,38700,29600,79200,73600,0,3696500,100
965,2,1094200,32700,17800,64000,59100,100,968500,100
966,2,1008900,33400,26300,67200,60700,200,873600,100
967,2,1262100,25500,44000,65700,59900,100,1108600,100
968,2,4805200,20000,31900,65000,59200,200,4669200,200
969,2,1078600,35400,30200,79500,73300,200,914300,200
970,2,834700,28500,38900,75700,70600,100,648500,100
971,2,952900,35600,35900,69700,64300,200,795400,100
972,2,3887300,40800,26500,81200,76200,200,3724100,100
973,2,1096300,24100,23800,67800,63100,100,966700,100
974,2,1016500,39000,28500,69200,64500,100,871200,100
975,2,1264800,37400,40600,66200,61300,100,1110800,100
976,2,4836300,71100,26400,82200,76900,200,4645900,100
977,2,884500,22900,31100,63500,59000,100,750800,100
978,2,831600,33900,34400,71100,63500,100,648800,100
979,2,945600,28600,31400,66400,61700,100,795000,100
980,2,3864300,36100,29300,78300,73200,200,3711500,100
981,2,1085400,29400,18700,64800,60000,100,963800,100
982,2,1024900,31500,23400,67500,62500,200,872900,100
983,2,1242800,36600,27700,63400,58700,200,1109700,100
984,2,4796100,53900,29100,84700,77800,100,4620800,100
985,2,979300,35000,25700,64000,58900,200,842600,100
986,2,780300,27500,25900,63500,59000,200,652700,200
987,2,913500,29700,17500,63400,58800,100,796800,100
988,2,3959000,67200,31400,72400,63900,200,3780200,100
989,2,1128200,31500,24500,69300,63900,100,984100,100
990,2,1049500,19600,35900,64900,60000,100,899400,100
991,2,1258800,24300,36200,64500,59500,100,1111100,200
992,2,5159600,37500,21000,78500,73600,100,5001000,0
993,2,938600,50200,35000,69100,63500,200,766500,100
994,2,804900,18600,31800,67900,62800,200,648900,200
995,2,938400,32600,28300,68300,62800,100,796900,100
996,2,4095500,24500,34800,68100,62800,100,3954800,100
997,2,1221900,32900,42100,68600,63200,100,1067200,100
998,2,1074200,41200,37600,66700,60700,100,888600,100
999,2,1267800,29800,33600,65400,60000,100,1111500,100
1000,2,5059800,28600,43400,82400,76900,200,4893000,100
1001,2,1032300,17200,39100,65900,60000,300,896400,100
1002,2,795200,36600,29900,64300,59000,100,651000,300
1003,2,935200,35400,28200,65300,60000,100,796300,0
1004,2,3818400,50500,28400,85200,79600,100,3644400,100
1005,2,1104200,25100,41300,65400,60400,200,963900,100
1006,2,1030200,31500,31400,63400,59000,200,875900,100
1007,2,1224500,20500,26200,63300,58800,100,1109300,100
1008,2,4772300,18800,23900,69200,63600,200,4653100,100
1009,2,1058900,24800,40100,66900,60900,100,910100,200
1010,2,813400,49800,28400,64300,58900,100,654700,100
1011,2,985800,52300,48300,65600,60300,100,801400,100
1012,2,3855900,42700,15800,80200,74700,300,3702000,0
1013,2,1137600,44500,38000,68600,62900,100,966400,100
1014,2,1008500,20400,33600,65400,60500,200,873600,200
1015,2,1226900,16100,24700,63800,59000,100,1108800,100
1016,2,5006500,41500,40200,83700,77500,200,4823300,200
1017,2,900200,34600,27200,67000,62500,200,751200,100
1018,2,829000,25300,30700,64500,60000,100,648900,0
1019,2,995000,27800,38200,70600,65500,0,832000,100
1020,2,4055600,65400,27900,68600,62000,200,3877300,200
1021,2,1153700,21600,19200,71100,65200,100,1029400,100
1022,2,1028200,36600,31600,67300,62100,100,883800,100
1023,2,1251700,27600,33600,66400,61000,100,1116000,100
1024,2,5151700,55800,26000,83900,78200,100,4971500,100
1025,2,1041200,42200,44900,64600,59000,100,870400,200
1026,2,791900,32700,26600,68300,63200,100,650900,200
1027,2,934000,35100,26200,66800,62000,100,796300,100
1028,2,4046800,40900,33400,80800,74900,100,3881300,100
1029,2,1132900,24600,33500,71300,63700,200,987100,100
1030,2,1038100,35000,29300,63500,58800,0,871100,100
1031,2,1252400,29500,27200,67900,62700,200,1109900,100
1032,2,5245300,48300,31300,80600,74600,0,5063500,100
1033,2,927200,32200,38200,64100,58900,100,772800,200
1034,2,793100,31400,29400,67100,62300,0,652400,200
1035,2,948900,31700,40700,66200,61300,100,795000,200
1036,2,4309700,47800,19200,71400,65500,100,4155100,200
1037,2,1149700,39100,48000,70500,62200,300,971600,100
1038,2,1040600,22000,35100,65600,60500,100,872500,200
1039,2,1275700,33800,38700,63900,58900,0,1108300,200
1040,2,4943700,38800,33800,65800,60400,100,4792700,100
1041,2,1028800,22600,39700,65000,60100,100,888800,300
1042,2,775500,15100,13700,65000,60600,200,650500,100
1043,2,923000,23700,34400,63000,58800,100,795900,100
1044,2,3963800,37600,33800,82900,75200,200,3799500,200
1045,2,1128000,41900,30600,74000,69000,300,971800,200
1046,2,1001800,28400,15800,70000,64300,100,876400,100
1047,2,1289600,38800,31200,65300,60100,200,1147900,100
1048,2,5000800,18400,31600,78900,73900,100,4859900,100
1049,2,905500,39300,26200,71600,60800,200,749400,0
1050,2,805900,42100,18700,69700,61400,100,652400,200
1051,2,939200,24800,34400,63600,59100,200,792200,200
1052,2,4096800,18600,30900,79200,73700,200,3946400,100
1053,2,1130300,42400,37300,64500,60000,100,968400,100
1054,2,1029200,20900,37800,63600,58800,100,872700,100
1055,2,1253300,27600,36900,67600,62800,200,1109500,100
1056,2,5016000,47400,43700,79700,74800,200,4832900,0
1057,2,876300,19000,33300,65100,60300,100,748900,100
1058,2,824900,35400,33000,63800,58900,100,650400,200
1059,2,958300,48300,26000,63900,59100,200,796200,100
1060,2,3932900,42000,49000,66600,60100,100,3767300,100
1061,2,1106800,28200,28400,67100,61700,100,968700,200
1062,2,1016500,33700,36600,64300,59100,100,873100,100
1063,2,1237200,29400,22100,65200,60100,100,1111000,100
1064,2,4894800,64500,37800,82200,77100,300,4700800,100
1065,2,873400,27600,24300,63700,59100,200,748900,100
1066,2,815100,34500,29100,68900,63600,100,650200,100
1067,2,937600,27100,35700,68200,60800,100,796600,200
1068,2,3973200,34800,30000,69200,59800,200,3830300,100
1069,2,1345900,48100,25900,65400,59900,200,1190000,100
1070,2,1035700,51400,23100,70800,62400,100,872400,100
1071,2,1272700,42300,32700,64300,59100,100,1109300,200
1072,2,4850600,61100,18200,85000,77100,200,4669200,100
1073,2,916400,44200,33200,67300,62400,100,753200,100
1074,2,793000,41200,28500,64400,59100,200,648300,100
1075,2,931100,31800,25900,63500,58900,100,795800,100
1076,2,3872200,46300,35600,69200,62500,100,3708400,100
1077,2,1160800,62600,36800,72500,63200,100,970100,200
1078,2,1090900,41200,35000,69000,60000,200,881300,100
1079,2,1274500,37700,22100,69500,63800,200,1117000,200
1080,2,4949400,20000,33500,78800,73400,200,4811700,100
1081,2,1008300,35900,54000,65600,61000,100,846900,100
1082,2,771400,38800,13500,65200,60100,100,648000,100
1083,2,919500,25300,26100,63700,58900,200,795200,200
1084,2,3914400,28000,25000,80700,75200,100,3772500,100
1085,2,1089800,22200,28400,64600,59900,100,963100,100
1086,2,1045400,47300,41400,68300,63100,100,880000,100
1087,2,1230200,23700,24000,63800,59100,200,1109400,100
1088,2,4953600,26100,34300,78300,73400,300,4801200,100
1089,2,905900,42500,30300,68700,63800,100,750000,100
1090,2,827600,50200,22900,67600,61400,100,648700,100
1091,2,955200,28800,41300,64000,59300,100,803100,200
1092,2,3892400,35100,37400,83800,78400,100,3720300,100
1093,2,1105500,30400,35600,63500,58900,100,963500,100
1094,2,1018700,30200,32500,65900,61300,100,880200,100
1095,2,1244000,23000,29400,64100,59000,100,1117600,0
1096,2,6331500,18800,65200,67200,62000,200,6169200,100
1097,2,908400,37900,37100,63600,58900,100,753500,100
1098,2,818500,32600,29400,68300,61700,200,648800,100
1099,2,958300,38200,26200,69000,62800,100,795300,100
1100,2,4823000,42900,17900,63900,58800,200,4683500,200
1101,2,1124100,30900,49100,63600,58700,100,967300,200
1102,2,1095900,57000,33500,67700,62200,100,907100,100
1103,2,1281000,39600,25300,72500,64100,100,1135000,100
1104,2,6293000,57200,38300,75000,65100,200,6109800,200
1105,2,1163900,67400,47800,72100,62300,200,963700,100
1106,2,845000,24900,30400,66300,60700,100,711900,200
1107,2,950100,26100,27300,65200,59900,0,824800,0
1108,2,4985800,33900,42500,69700,63800,200,4826400,200
1109,2,1147700,41300,40600,67700,61600,200,975800,0
1110,2,1019500,29200,28600,65100,59900,200,877700,100
1111,2,1277500,48300,32100,64400,60000,100,1109300,100
1112,2,5948500,21700,38200,82000,75300,100,5782200,100
1113,2,929100,39800,45800,65100,59200,100,749300,200
1114,2,817000,34200,28700,65500,60600,200,648700,100
1115,2,920000,23500,24900,64100,59200,100,797100,100
1116,2,4207800,52500,25600,64100,59100,200,4055600,100
1117,2,1096700,32600,22500,65200,60000,200,964900,100
1118,2,1067700,59500,30600,64100,59000,200,871000,100
1119,2,1269300,42800,28600,63600,58900,300,1109400,100
1120,2,4981800,51100,39800,89900,81200,100,4787500,0
1121,2,884700,24700,32400,64700,60100,300,750800,100
1122,2,817300,51300,37000,69400,63000,100,649100,100
1123,2,942300,32700,36900,64100,58900,100,794000,200
1124,2,3913600,47400,34200,74800,65200,200,3742600,200
1125,2,1107600,25800,35200,65300,60200,100,967800,200
1126,2,1009100,20600,18800,65000,60100,100,871200,100
1127,2,1259400,39400,35100,67900,61900,200,1110400,100
1128,2,4812400,34400,32200,80000,74400,200,4660000,100
1129,2,869600,17900,25400,63800,59000,100,751100,100
1130,2,800000,20900,47500,65400,60200,100,650700,200
1131,2,956300,38800,27700,67100,62200,200,808300,100
1132,2,3887100,51900,43800,78700,73700,200,3696800,100
1133,2,1164800,69200,38800,65100,60000,200,973200,0
1134,2,1019700,21400,45300,68500,62900,100,871600,100
1135,2,1250600,23600,32500,66100,61400,100,1110600,100
1136,2,4927000,54100,29900,79700,73500,200,4747100,100
1137,2,1032200,16600,46400,64900,60000,200,884700,200
1138,2,843200,26200,32500,64300,59300,100,649700,200
1139,2,955800,39600,32800,64100,59000,100,796900,100
1140,2,3903000,48400,42900,73000,67800,100,3732900,100
1141,2,1122200,35200,49400,65200,60400,100,966700,100
1142,2,1032900,53600,24700,67500,62300,300,881000,100
1143,2,1227900,21100,26300,64800,60100,100,1109800,100
1144,2,4809000,39000,32400,78000,73300,200,4651700,100
1145,2,899300,26800,37500,70900,65300,100,750700,100
1146,2,795500,26500,39800,66900,61800,200,649500,200
1147,2,918000,23200,22200,68900,63700,100,794300,100
1148,2,3873700,39500,36200,80400,75300,100,3707500,100
1149,2,1180800,30500,49400,65400,59800,100,1015700,100
1150,2,1035600,29800,28800,66000,60100,100,873400,200
1151,2,1262600,27000,36300,66100,60100,0,1118400,100
1152,2,4811300,39200,23300,83100,78000,100,4648300,100
1153,2,890900,21200,30100,78300,73500,200,748300,0
1154,2,779700,22800,35500,63900,59000,100,649000,100
1155,2,944400,27900,42400,63700,58700,100,797100,200
1156,2,3978500,39100,41100,69000,64700,300,3818500,200
1157,2,1188500,33200,35800,65000,60000,100,1037700,100
1158,2,1056500,42600,38200,63800,58900,100,873800,100
1159,2,1275500,35500,33400,63300,58800,200,1115600,100
1160,2,4936500,67300,31300,81100,75600,200,4745000,100
1161,2,928500,48500,38500,78900,73700,100,753800,100
1162,2,797200,22400,22600,70200,64600,0,648500,100
1163,2,927900,29800,25700,68100,62300,100,797500,100
1164,2,3965400,28900,32800,69200,62800,100,3826500,100
1165,2,1300300,35000,34500,71200,62500,200,1148500,100
1166,2,1013200,39100,15400,78200,73400,100,873400,100
1167,2,1260800,36800,38700,69600,62300,100,1109800,100
1168,2,4994900,64600,30100,80900,74800,100,4806100,200
1169,2,894600,22200,35200,65200,60100,100,753900,100
1170,2,789900,22600,38900,63800,59000,100,649200,100
1171,2,957400,28700,43600,64100,59000,100,798400,200
1172,2,3905800,24200,19300,83000,77400,100,3761800,100
1173,2,1133500,53600,21000,76600,68500,100,966300,100
1174,2,1037700,27600,36600,65100,60000,100,871000,100
1175,2,1280200,45700,38800,74100,64600,100,1110500,100
1176,2,4982900,53800,16700,70200,63400,200,4826800,100
1177,2,1044100,36900,31900,65000,60100,200,894200,100
1178,2,808400,28500,26700,65900,61500,100,647400,100
1179,2,945100,23200,33900,68400,63700,100,794200,100
1180,2,3905500,55000,35400,66100,60100,300,3740500,100
1181,2,1127100,24500,52900,71100,65800,100,967200,100
1182,2,1000300,20600,34300,64300,59100,100,872400,100
1183,2,1252800,34500,33800,64600,60100,100,1110400,100
1184,2,4865400,49600,38700,83800,77800,200,4680200,100
1185,2,902200,38900,28900,70400,62500,200,755200,0
1186,2,820700,28000,35400,69200,63400,100,650500,200
1187,2,963800,52300,37900,70500,61900,100,796600,200
1188,2,3849600,30600,32500,66100,60800,0,3715000,100
1189,2,1080200,20300,21000,64400,59900,200,963500,100
1190,2,1034800,34900,36900,69100,64200,200,881900,100
1191,2,1265900,34300,36100,66800,62100,200,1111700,200
1192,2,4974000,57400,25100,80100,74700,100,4795500,100
1193,2,1095700,41900,44000,67400,61600,200,917500,100
1194,2,807300,33400,36700,68400,62300,200,651800,200
1195,2,944900,29800,19000,65600,60200,100,812500,200
1196,2,3984300,39700,29500,78400,73700,200,3823700,100
1197,2,1111300,34300,35200,63400,58900,100,965700,100
1198,2,1052200,25400,24300,69400,63300,100,871900,100
1199,2,1303100,50900,44200,70000,64300,100,1111100,200
1200,2,4947100,60600,49100,70200,62000,100,4761600,0
1201,2,883000,30800,32600,65600,60500,100,748500,100
1202,2,801400,40500,41000,64900,60000,100,649100,100
1203,2,945900,44300,31100,67800,62200,100,795100,100
1204,2,3785000,36900,36800,81900,77000,200,3620700,100
1205,2,1111600,35900,30400,67400,62000,100,966800,100
1206,2,1024600,31100,44400,63800,59100,100,873300,200
1207,2,1263200,33900,44300,65900,61400,100,1109800,100
1208,2,4802800,87500,20100,69100,62100,200,4614300,0
1209,2,952100,67600,49000,68500,62100,200,748000,100
1210,2,855700,35400,54400,70700,65700,0,648500,100
1211,2,941300,32000,34100,63600,59000,100,797600,100
1212,2,3839900,42800,30000,68900,63000,200,3682600,100
1213,2,1214900,31700,48200,69700,64800,100,1045800,200
1214,2,1035900,32700,52400,69300,64200,100,872400,100
1215,2,1256100,35900,28500,67000,62200,100,1114500,100
1216,2,4804200,49900,40200,80100,74800,100,4619800,100
1217,2,926600,51200,24400,67800,60100,200,766100,0
1218,2,905000,22800,25200,68100,61600,200,742600,200
1219,2,973400,30900,45700,66700,61000,100,797400,200
1220,2,4079000,47300,46000,68400,60200,200,3905000,100
1221,2,1154300,47100,31400,67200,61600,100,997000,100
1222,2,1032100,38400,18300,69200,63900,200,872700,0
1223,2,1256000,37500,32100,66700,61600,100,1109000,200
1224,2,4998400,48900,27300,79800,75100,100,4836800,0
1225,2,897900,35800,36800,64500,60100,200,755300,100
1226,2,798800,38800,29500,67400,62100,100,657200,100
1227,2,922400,40200,16400,65300,60000,100,795200,100
1228,2,3922100,34700,18900,91300,85800,100,3768800,100
1229,2,1150600,47200,53300,65000,60000,200,968600,100
1230,2,995300,22700,22100,63800,58900,100,872000,100
1231,2,1246900,33500,18200,66700,61500,100,1110200,0
1232,2,4869800,16900,31000,82800,77500,200,4720400,0
1233,2,925200,42400,41300,77900,73600,200,747200,100
1234,2,816300,23400,36900,68700,64300,100,653200,100
1235,2,937900,41800,24600,65400,60100,100,796400,100
1236,2,3853700,36100,23400,69600,64600,0,3712000,100
1237,2,1195900,32500,34800,64300,59100,0,1050500,200
1238,2,1042400,27700,33200,73500,68500,100,872500,100
1239,2,1274600,41400,25900,64400,58900,100,1110900,200
1240,2,4810500,32100,37100,80200,74800,200,4648900,100
1241,2,918500,33400,40900,83700,78600,100,749600,100
1242,2,848300,27100,45900,68800,62900,100,692200,200
1243,2,1029500,39600,16200,67400,61900,100,894000,100
1244,2,3894800,59100,29700,80500,74800,200,3711400,200
1245,2,1182200,21400,35200,63900,58800,100,1049200,200
1246,2,1037200,31400,32300,69300,63500,100,872200,100
1247,2,1237600,24700,29700,64300,58800,100,1109700,200
1248,2,4794600,61600,18800,79400,74800,300,4625300,0
1249,2,899400,37000,33200,67600,62100,100,749200,100
1250,2,809000,30700,31600,65300,60100,100,664300,200
1251,2,941400,37000,30000,63800,59000,0,796500,100
1252,2,3834700,18200,22200,81600,74900,100,3697200,100
1253,2,1114800,46800,15900,65100,60300,200,969200,100
1254,2,1002300,30300,17300,69900,64400,100,872200,100
1255,2,1253700,22000,27900,63800,59000,100,1122300,200
1256,2,4807800,50800,31000,81300,75000,200,4632000,100
1257,2,893900,26000,36900,66700,61600,100,751500,100
1258,2,844500,26600,37300,69900,64600,100,648600,100
1259,2,938100,36900,18700,63800,58900,100,796100,100
1260,2,3850900,41900,34800,78600,73300,100,3690200,100
1261,2,1118300,39800,41300,67600,62700,100,964100,100
1262,2,1016300,31900,37800,68100,63100,100,872700,100
1263,2,1244600,35400,28900,63600,58800,200,1110700,100
1264,2,4759000,24400,36600,80500,75000,100,4610000,100
1265,2,896700,33900,25100,76500,71400,100,750000,0
1266,2,793000,29800,35600,68600,63100,100,648900,0
1267,2,956900,42400,32900,71600,63600,100,796900,200
1268,2,3881600,48500,39100,81600,74900,100,3702400,100
1269,2,1178800,23900,51600,64100,59100,200,1021400,200
1270,2,1342200,29800,21400,66400,60000,100,1181100,200
1271,2,1267800,40300,34400,64300,59000,0,1110700,200
1272,2,4777600,19700,21100,82200,76400,200,4641600,100
1273,2,907000,44500,24300,71800,63200,0,752800,100
1274,2,878800,25000,27500,64000,58900,200,749600,100
1275,2,933100,18400,36900,66200,61100,100,797400,200
1276,2,4055300,48200,37100,66200,60300,100,3888000,200
1277,2,1155000,31500,26800,73000,63200,200,1005800,100
1278,2,1079400,51000,39900,65300,59900,100,877900,200
1279,2,1347300,38700,24400,69100,62800,200,1182000,100
1280,2,5195700,37800,14700,67800,61800,200,5057800,100
1281,2,900400,39600,25900,64000,59300,100,756700,100
1282,2,847000,59700,34300,69700,61500,100,649700,0
1283,2,944600,38900,37400,67900,62100,200,794400,100
1284,2,4029900,41500,20800,85400,80000,200,3876700,100
1285,2,1104300,32400,35000,66700,60600,100,962700,100
1286,2,1021900,27600,44100,65200,60100,0,873900,200
1287,2,1243700,29700,30800,67900,63100,200,1109600,0
1288,2,5082200,46700,32900,69500,64000,200,4919300,200
1289,2,956900,52600,41800,88900,79900,100,750900,300
1290,2,788300,24000,33400,66000,61000,100,648400,100
1291,2,946900,35300,29500,66500,61400,100,796100,100
1292,2,3906600,59200,23600,86500,78300,300,3717500,100
1293,2,1222000,28900,66200,69800,63600,100,1030100,200
1294,2,1045800,27800,37000,65600,60000,100,873200,100
1295,2,1251600,27400,32500,68100,62700,100,1109100,200
1296,2,6371900,42100,24100,81400,75400,100,6211600,100
1297,2,1022300,46600,37300,69900,62100,200,851800,200
1298,2,791500,24400,15700,65100,60100,100,648900,100
1299,2,951000,28400,37100,65100,60300,200,796100,100
1300,2,4655800,46700,19700,64900,59900,200,4516500,200
1301,2,1125600,38900,31600,79100,73800,200,964000,0
1302,2,1006800,19100,43200,63700,59000,100,872200,100
1303,2,1249300,31100,31300,67500,62700,200,1109700,100
1304,2,4871400,35700,29500,83000,77100,100,4713400,100
1305,2,912800,36300,35400,68300,62500,100,762100,100
1306,2,809200,27100,35800,64200,59200,100,649300,200
1307,2,940400,42500,32600,63900,58900,100,795800,100
1308,2,3904700,38700,34000,81000,75000,100,3745500,100
1309,2,1120600,25900,32900,69600,64100,100,979200,100
1310,2,1022000,31000,30400,69000,61500,200,873100,200
1311,2,1239300,26500,22500,64600,59900,100,1110700,0
1312,2,4932300,36900,43200,68100,62400,300,4761900,100
1313,2,904800,30600,39100,64400,59900,100,749800,100
1314,2,790700,28200,34900,67100,61900,100,648800,100
1315,2,928900,21500,34600,63900,59000,100,795400,100
1316,2,4107700,41100,30800,81500,75900,200,3936900,200
1317,2,1270100,62600,42200,65700,59800,100,1082600,100
1318,2,1078200,36900,38900,64000,59000,100,871100,200
1319,2,1276700,27700,44400,68100,63400,100,1111100,200
1320,2,4856100,40100,40700,79500,74400,100,4690600,100
1321,2,936500,50600,62100,69300,63100,200,748900,0
1322,2,783000,33900,27600,65200,60100,100,650300,100
1323,2,941100,35900,29500,70800,62100,200,797300,100
1324,2,3981400,37200,32900,66300,61000,100,3832100,200
1325,2,1321100,37000,33400,63800,58800,300,1174200,100
1326,2,985700,20300,20300,63900,58900,200,872600,100
1327,2,1240200,41200,16200,63800,58800,100,1110000,100
1328,2,4966300,41200,26900,85600,77300,200,4803500,100
1329,2,1020700,38500,34900,66200,61600,100,863900,200
1330,2,829700,44000,36700,63900,59000,100,648700,100
1331,2,933400,21200,35800,66900,61600,100,795300,100
1332,2,3837800,41500,26200,78200,73500,100,3679100,100
1333,2,1113000,33900,34100,63700,58800,100,964100,200
1334,2,1053900,42800,41300,61100,59000,200,900100,100
1335,2,1258800,30800,38600,65600,60200,100,1114000,0
1336,2,5079400,53800,47300,81300,75300,100,4885100,100
1337,2,923400,36900,31700,70100,65200,100,766000,100
1338,2,858900,35200,63600,65300,60100,100,649300,200
1339,2,967900,39800,38800,64700,59800,200,796000,100
1340,2,3991800,32700,38200,78800,74000,300,3832500,100
1341,2,1100400,31700,34400,64500,60000,200,961300,100
1342,2,1090100,65700,42400,72200,63600,100,873500,200
1343,2,1248200,25500,39300,65800,60200,100,1109100,100
1344,2,5048900,48000,37800,81000,74800,200,4861500,200
1345,2,917900,37700,51800,64800,59900,100,753300,200
1346,2,800000,39200,41700,64100,59200,100,648900,100
1347,2,925800,23900,30200,64000,59000,200,802300,100
1348,2,3868700,33300,45600,72200,64600,100,3709800,100
1349,2,1109800,18600,41400,66700,61500,200,966100,100
1350,2,1011400,26300,33100,63900,59500,200,873000,100
1351,2,1310700,67700,42000,65900,60300,100,1111300,100
1352,2,4839400,34900,35600,79300,74000,200,4667500,100
1353,2,925900,33300,41300,70500,64800,100,761600,100
1354,2,828800,29300,42000,68300,62900,100,649100,200
1355,2,935600,30600,33500,65400,60200,100,796200,100
1356,2,3915600,51200,32600,86300,77500,100,3737500,100
1357,2,1126300,42400,35400,73600,64700,200,964900,100
1358,2,1036100,38600,25600,63300,58900,100,870800,100
1359,2,1261500,26400,37500,63200,58800,100,1110000,100
1360,2,4840800,50300,33000,79000,73600,100,4670800,100
1361,2,912900,50900,28400,71200,61900,100,750800,100
1362,2,777900,29000,26200,65900,61100,200,648300,100
1363,2,955800,37500,39100,67500,61800,200,798200,200
1364,2,3799100,32900,15800,63400,58900,100,3678000,100
1365,2,1107300,37400,27200,66700,62300,100,967600,100
1366,2,1023500,36200,16800,68100,61800,100,872000,100
1367,2,1224800,28300,16300,64700,60000,100,1110200,100
1368,2,4779000,43900,28800,70100,64500,200,4630300,0
1369,2,1085700,31700,50700,65000,60100,100,923600,200
1370,2,787600,30700,28700,67100,62500,100,650000,100
1371,2,922100,24300,19000,68200,62100,0,796600,100
1372,2,3857800,26000,36500,74800,64100,200,3699100,200
1373,2,1175200,26600,28900,67300,61800,100,1023000,200
1374,2,1234500,60700,34100,67400,63000,100,1059200,200
1375,2,1265900,39100,32900,68100,63300,100,1111300,100
1376,2,4956100,19400,38000,72600,66600,200,4807100,100
1377,2,975300,48800,30100,70100,61600,100,806900,100
1378,2,838700,38100,23700,65100,60300,100,648400,100
1379,2,963900,41100,33100,64800,60100,200,801100,100
1380,2,3991100,41500,31300,80600,74900,200,3828700,100
1381,2,1092000,22900,28300,70800,63100,200,964300,100
1382,2,1012600,38300,26200,68800,63500,100,871600,100
1383,2,1246300,29900,36500,63100,58800,100,1109900,200
1384,2,4892200,47500,38200,64200,59300,100,4733900,100
1385,2,956300,32100,29600,74800,69300,100,808200,100
1386,2,804800,35100,38700,63400,58700,100,659400,100
1387,2,998100,47300,61500,68000,62000,100,805900,200
1388,2,4515400,35500,44800,87200,78100,300,4331900,200
1389,2,1109600,35300,25500,65400,60300,200,966600,100
1390,2,1016800,21100,21200,64900,59900,200,871100,100
1391,2,1254500,31200,26400,69800,64400,100,1109700,0
1392,2,5600400,47200,29400,68100,62300,100,5434200,200
1393,2,912900,35300,28700,65900,60700,200,767400,100
1394,2,786400,31500,32100,65400,60500,100,648200,100
1395,2,944200,38700,29400,68000,62100,100,796100,100
1396,2,4300000,67200,34600,66300,60100,300,4112300,300
1397,2,1146900,26800,60300,65200,60100,200,972500,200
1398,2,1036900,30400,24700,65400,60200,0,872000,100
1399,2,1264600,16700,35000,69900,64200,100,1109900,100
1400,2,5318800,39700,23200,65700,60300,200,5173600,200
1401,2,894300,24900,38300,64100,59100,300,754300,200
1402,2,811100,30300,25900,69700,65200,100,648300,100
1403,2,917100,35000,17000,63400,59000,100,796100,100
1404,2,3713000,41800,40400,80100,74700,100,3545700,100
1405,2,1125200,46800,30600,72300,63300,100,964200,100
1406,2,1025600,41400,40400,66400,62000,100,870200,100
1407,2,1252000,37700,30600,69300,64300,100,1108900,100
1408,2,4937600,69100,37000,80900,75300,100,4733900,100
1409,2,927800,37100,41600,80600,74900,200,750600,100
1410,2,835400,39800,42700,69000,63800,100,668000,100
1411,2,964300,45900,37800,63700,59100,100,797900,100
1412,2,3861100,30100,26200,68900,63300,100,3715000,100
1413,2,1131600,38500,38500,66900,61800,100,966000,200
1414,2,1045300,46200,25800,64600,59000,100,874300,100
1415,2,1268400,40000,31100,70700,64300,100,1111500,200
1416,2,4792800,20800,17400,78800,73600,100,4660400,200
1417,2,928400,29100,30000,64100,59000,200,793000,0
1418,2,807800,25800,30800,63600,59000,100,648200,0
1419,2,932700,16800,31900,65100,60000,100,795100,100
1420,2,3834100,36500,22800,68800,62500,200,3695600,100
1421,2,1120900,33900,40400,67200,62000,200,964600,100
1422,2,1024700,39700,39200,65700,60700,100,871500,100
1423,2,1258600,33600,36700,64000,59000,0,1111200,200
1424,2,4762900,36800,23900,83100,77300,100,4610200,100
1425,2,878000,37700,19200,64700,60100,100,747700,100
1426,2,813700,29400,36600,64800,58800,100,650000,0
1427,2,948400,37800,34400,67800,62800,100,798200,200
1428,2,3826300,32200,31300,78800,73400,100,3672200,200
1429,2,1095400,19000,30100,69200,62800,200,965100,100
1430,2,1035200,29400,52000,69000,64000,100,871000,100
1431,2,1241100,27800,20200,64500,59400,100,1110400,200
1432,2,4794400,41500,35000,78000,73300,100,4624900,100
1433,2,916400,39400,36400,71600,67300,200,750500,100
1434,2,795000,41100,29200,64500,60100,100,649100,100
1435,2,931100,29200,28500,64300,60100,100,795700,100
1436,2,3854900,64000,32900,66900,61400,200,3676800,100
1437,2,1124500,33200,45200,63900,58800,100,964400,200
1438,2,1060100,29800,32000,65000,60000,100,872800,100
1439,2,1256400,33500,24900,65500,60500,200,1109900,100
1440,2,4954400,37300,34900,71200,61900,300,4802000,0
1441,2,896900,50100,19400,67700,59100,100,752300,100
1442,2,783400,32700,28100,63300,58900,100,649000,100
1443,2,941100,29300,38800,64900,60500,100,802200,0
1444,2,3840200,39700,18700,81900,75000,300,3692100,100
1445,2,1211000,22300,52800,66800,62000,100,1053700,200
1446,2,1007700,37500,22800,66500,61700,200,872500,100
1447,2,1245000,35600,27300,63800,59100,100,1109700,100
1448,2,4776900,50800,24200,78600,73200,100,4614300,0
1449,2,877700,29400,21000,64100,59500,200,749900,100
1450,2,796300,25500,17900,67300,62300,100,648900,100
1451,2,972700,42300,39400,68400,63600,200,804000,200
1452,2,3919400,45800,37600,73300,64300,200,3744000,200
1453,2,1138600,35400,43200,65100,60100,200,980100,100
1454,2,1011400,30400,32800,68100,63600,100,870200,200
1455,2,1263900,44400,27300,71600,62900,200,1111000,100
1456,2,5072100,63600,33000,93000,82400,200,4870800,0
1457,2,909400,31600,34600,73000,68200,100,753100,100
1458,2,847000,42100,43700,65400,60400,200,649900,200
1459,2,949800,26100,31600,65200,60000,100,798200,200
1460,2,3964500,45500,34900,64600,59700,100,3810000,100
1461,2,1121800,44200,30500,72100,64500,200,965700,100
1462,2,1034000,29400,32000,65300,60000,100,873600,200
1463,2,1242300,27400,34400,63600,58800,300,1111200,100
1464,2,4872500,47200,24900,78800,73400,100,4716100,100
1465,2,936100,23100,43000,65300,60600,200,798100,100
1466,2,776800,35300,19900,64100,59100,100,651700,100
1467,2,934700,22600,44400,66700,61900,100,795700,100
1468,2,3811700,37700,15200,66600,58800,100,3684600,100
1469,2,1117800,31700,34800,66900,61700,100,963600,200
1470,2,996000,15400,24100,67600,62500,200,872300,100
1471,2,1261300,25700,33200,63600,59200,100,1119900,100
1472,2,4794500,42400,22100,77700,73200,200,4630500,100
1473,2,1016200,32900,38600,68700,63700,100,856100,200
1474,2,803700,36100,24100,65100,60100,100,649800,100
1475,2,951200,32700,45400,66700,62000,100,795600,100
1476,2,3812500,26500,16500,82800,77700,200,3678000,100
1477,2,1128900,41600,37200,66400,60100,0,973800,100
1478,2,1058000,35400,46700,65600,60500,100,870600,200
1479,2,1260400,29700,30500,68600,63600,100,1109900,100
1480,2,4755900,41300,18000,82800,77900,200,4605900,100
1481,2,1077000,31900,52700,73400,61900,100,901600,200
1482,2,796700,30000,44900,64200,58800,100,646300,100
1483,2,937900,35800,23300,67600,62800,200,797000,200
1484,2,3852400,45600,41400,79800,74800,200,3675800,100
1485,2,1120900,50600,33400,64800,60400,100,963700,100
1486,2,1066300,46600,32800,65100,60000,100,887700,100
1487,2,1255600,55500,20300,64000,59000,100,1110500,100
1488,2,4742100,33400,38200,69900,60500,200,4592600,100
1489,2,1104600,58400,34500,71000,62900,100,922900,200
1490,2,839400,53400,39700,68500,62700,100,665300,0
1491,2,1046500,41400,28900,64400,58800,200,894800,100
1492,2,4034900,31600,42000,79100,73700,200,3862400,200
1493,2,1088400,24300,15400,63500,59300,100,965500,100
1494,2,1011900,27900,36400,65000,60500,100,871200,100
1495,2,1289600,50000,34600,67600,61900,100,1120400,100
1496,2,6060000,30400,40100,78500,73300,200,5894500,100
1497,2,887200,16200,41100,63500,59000,100,752700,100
1498,2,834100,20000,38300,67800,62200,100,648500,100
1499,2,948000,17700,43200,63900,58800,100,796400,200
1500,2,4869600,56300,36000,85500,79900,200,4685800,100
1501,2,1292400,28100,39100,64400,59800,100,1151400,200
1502,2,1026800,35300,33200,65000,60000,100,887100,100
1503,2,1244900,35600,26900,64600,58900,100,1109900,100
1504,2,4924000,30400,35300,78600,73300,200,4762800,200
1505,2,919700,38000,45900,71200,63300,100,751800,100
1506,2,796000,44900,29100,65100,59900,0,648300,100
1507,2,935300,33500,22300,68800,63800,100,801600,100
1508,2,3970700,52300,37600,81500,74800,100,3783600,200
1509,2,1287500,31400,44400,64400,59600,100,1123700,100
1510,2,1048000,47800,25300,67300,60800,200,873300,100
1511,2,1259500,37900,24900,64800,59500,100,1117300,100
1512,2,4925400,52700,26000,66900,61000,100,4766100,0
1513,2,909900,28000,43200,64000,59100,100,761200,100
1514,2,779900,23700,34900,64000,59100,100,648500,100
1515,2,928100,30500,26700,65100,60100,100,796100,0
1516,2,3879700,31000,19600,69500,64300,100,3748300,100
1517,2,1113700,19800,44300,63200,58800,100,969100,100
1518,2,1033500,20400,35900,64800,60200,0,871100,0
1519,2,1300600,53700,29200,67500,61600,100,1119100,100
1520,2,4889200,69800,34000,70000,61500,100,4702900,0
1521,2,878400,27900,26300,64600,60000,100,750600,0
1522,2,796600,29500,19200,67400,63000,100,649500,100
1523,2,922500,36300,18200,66700,59000,100,796100,100
1524,2,3830300,40400,32600,77900,73400,100,3674000,0
1525,2,1133000,62300,26100,73900,68300,100,964800,100
1526,2,1010500,37300,25700,64000,59200,100,875100,100
1527,2,1236300,28800,27000,63300,58800,100,1108200,200
1528,2,4772700,50700,33400,83900,77900,100,4597200,100
1529,2,1108000,57800,41400,72200,62900,200,915500,200
1530,2,808300,34000,39300,65100,59900,100,650200,200
1531,2,950400,21100,42600,67000,62500,100,798000,200
1532,2,3859400,46900,28000,80000,74900,100,3685800,100
1533,2,1114600,37800,29300,63800,59100,100,967200,100
1534,2,1035700,23500,33800,67100,61700,100,872100,200
1535,2,1239700,24700,26100,65600,60000,100,1109000,100
1536,2,4796900,52900,19300,88200,79200,200,4620400,200
1537,2,889700,30700,21800,78800,73500,200,748500,100
1538,2,807500,32900,17800,65700,61100,100,648900,0
1539,2,951200,35800,27500,68800,63300,200,795400,100
1540,2,3823100,54600,39600,64800,59800,100,3656200,100
1541,2,1102900,39100,19300,65200,60000,200,967700,100
1542,2,1021500,37300,36600,65100,60000,100,870300,200
1543,2,1263200,40400,40900,63700,59000,100,1109000,100
1544,2,4754000,40200,41700,66100,60200,0,4595900,100
1545,2,905700,35100,47900,65200,59900,200,748800,100
1546,2,808600,34800,21600,70200,64600,0,649200,100
1547,2,935000,31300,33400,64100,59000,100,796400,200
1548,2,3778500,26100,26400,68000,61800,200,3650300,100
1549,2,1292400,31700,38900,64500,59100,0,1141200,200
1550,2,1020300,34800,34400,65000,60100,200,873800,100
1551,2,1260100,37400,29300,63900,59100,200,1112800,200
1552,2,4756800,50100,27300,67800,61700,200,4595300,100
1553,2,899200,25100,20700,70200,64300,200,759700,200
1554,2,782800,26100,34400,63700,58900,100,647900,100
1555,2,940600,26100,32100,69600,61700,100,800100,100
1556,2,3809400,55600,16600,69100,63200,100,3654300,100
1557,2,1109100,24600,36700,65200,59900,100,965000,200
1558,2,1060300,40300,24800,64900,60000,100,871700,100
1559,2,1279300,29900,43900,68300,62900,200,1109400,200
1560,2,4861200,34200,17900,79900,73600,100,4719300,200
1561,2,1095400,55000,30700,66600,61400,200,931000,100
1562,2,797500,16500,44500,65700,60300,100,660900,200
1563,2,933300,37100,23600,63800,58900,100,799800,200
1564,2,3910300,31500,18600,80100,74800,100,3772700,100
1565,2,1301400,25300,25500,68200,62900,100,1166000,200
1566,2,1005300,17000,42300,63600,58800,200,872000,100
1567,2,1264100,50500,30900,63400,58800,100,1110300,100
1568,2,4818400,41500,26200,79600,74800,100,4657900,0
1569,2,965900,63100,35200,69900,63900,100,782500,100
1570,2,852100,56000,30600,66900,61700,200,656300,200
1571,2,948500,34800,34500,68800,63500,100,796000,0
1572,2,4068000,48200,35600,68300,62900,100,3899500,0
1573,2,1121200,30700,38000,67700,62300,200,966600,200
1574,2,1009800,28300,32800,70100,61700,100,869700,100
1575,2,1268400,33600,44700,67100,61500,200,1111100,100
1576,2,4940900,39800,27300,79800,74800,300,4738000,100
1577,2,911000,26600,40900,68500,63200,100,753200,200
1578,2,853900,51200,41700,67400,61400,200,648600,100
1579,2,935300,25400,16500,63900,59100,100,797200,200
1580,2,3883000,46100,30000,73800,68000,200,3723500,100
1581,2,1144400,52200,40400,77000,68500,200,966300,100
1582,2,1050200,39800,39900,65700,61000,100,873400,0
1583,2,1245900,39800,23000,65900,60900,100,1111400,100
1584,2,4835400,50500,26700,87200,81600,100,4665600,100
1585,2,907900,32300,55000,67400,62800,0,747700,100
1586,2,784800,34300,29900,64800,60400,100,649700,100
1587,2,917900,16800,38100,63100,58800,100,794600,100
1588,2,3837500,43500,42200,80100,74800,100,3663600,100
1589,2,1133000,37600,42200,64000,59000,200,972900,100
1590,2,1009500,20300,33700,66800,61800,200,874300,100
1591,2,1255200,33500,30500,64700,60000,100,1108600,100
1592,2,4774700,38900,31800,67700,60100,200,4616300,100
1593,2,936200,38900,35700,79400,73600,100,760700,200
1594,2,812300,33000,27500,68500,62900,100,650500,100
1595,2,951200,34300,45300,65900,61600,100,795200,100
1596,2,4014300,55600,29600,85200,77400,300,3835000,100
1597,2,1198600,53900,39300,63200,58800,100,1027900,200
1598,2,1255000,42000,36200,70600,62000,100,1065900,100
1599,2,1288500,32700,30400,65200,60000,100,1129600,100
1600,2,3566900,21400,22300,70000,64600,0,3439000,100
